modal,head_verb,n,share_within_modal,genre
can,be,202,0.07619766125990192,all
can,do,200,0.07544322897019992,all
can,see,115,0.04337985665786496,all
can,say,91,0.034326669181440964,all
can,give,68,0.025650697849867975,all
can,everything,61,0.023010184835910975,all
can,have,61,0.023010184835910975,all
can,tell,60,0.022632968691059976,all
can,look,53,0.01999245567710298,all
can,make,51,0.01923802338740098,all
can,take,43,0.016220294228592985,all
can,affect,42,0.015843078083741986,all
can,increase,42,0.015843078083741986,all
can,think,42,0.015843078083741986,all
can,help,40,0.015088645794039984,all
can,get,38,0.014334213504337986,all
can,find,37,0.013956997359486986,all
can,talk,32,0.012070916635231988,all
can,go,28,0.010562052055827989,all
can,explain,27,0.01018483591097699,all
can,continue,24,0.009053187476423991,all
can,happen,21,0.007921539041870993,all
can,speak,21,0.007921539041870993,all
can,achieve,20,0.007544322897019992,all
can,know,19,0.007167106752168993,all
can,provide,18,0.0067898906073179935,all
can,support,18,0.0067898906073179935,all
can,follow,17,0.006412674462466994,all
can,afford,16,0.006035458317615994,all
can,change,16,0.006035458317615994,all
can,move,16,0.006035458317615994,all
can,use,16,0.006035458317615994,all
can,adjust,15,0.005658242172764994,all
can,lead,15,0.005658242172764994,all
can,maintain,15,0.005658242172764994,all
can,respond,15,0.005658242172764994,all
can,address,14,0.005281026027913994,all
can,come,14,0.005281026027913994,all
can,can,13,0.004903809883062995,all
can,improve,13,0.004903809883062995,all
can,ask,12,0.004526593738211996,all
can,expect,12,0.004526593738211996,all
can,identify,12,0.004526593738211996,all
can,sustain,11,0.004149377593360996,all
can,hold,10,0.003772161448509996,all
can,point,10,0.003772161448509996,all
can,clearly,9,0.0033949453036589967,all
can,hear,9,0.0033949453036589967,all
can,imagine,9,0.0033949453036589967,all
can,put,9,0.0033949453036589967,all
can,raise,9,0.0033949453036589967,all
can,reduce,9,0.0033949453036589967,all
can,work,9,0.0033949453036589967,all
can,avoid,8,0.003017729158807997,all
can,bring,8,0.003017729158807997,all
can,create,8,0.003017729158807997,all
can,learn,8,0.003017729158807997,all
can,start,8,0.003017729158807997,all
can,walk,8,0.003017729158807997,all
can,cause,7,0.002640513013956997,all
can,comment,7,0.002640513013956997,all
can,control,7,0.002640513013956997,all
can,good,7,0.002640513013956997,all
can,handle,7,0.002640513013956997,all
can,influence,7,0.002640513013956997,all
can,pay,7,0.002640513013956997,all
can,rule,7,0.002640513013956997,all
can,succeed,7,0.002640513013956997,all
can,well,7,0.002640513013956997,all
can,all,6,0.002263296869105998,all
can,allow,6,0.002263296869105998,all
can,begin,6,0.002263296869105998,all
can,clarify,6,0.002263296869105998,all
can,contribute,6,0.002263296869105998,all
can,cut,6,0.002263296869105998,all
can,estimate,6,0.002263296869105998,all
can,grant,6,0.002263296869105998,all
can,keep,6,0.002263296869105998,all
can,play,6,0.002263296869105998,all
can,pose,6,0.002263296869105998,all
can,promote,6,0.002263296869105998,all
can,recall,6,0.002263296869105998,all
can,run,6,0.002263296869105998,all
can,serve,6,0.002263296869105998,all
can,share,6,0.002263296869105998,all
can,try,6,0.002263296869105998,all
can,vary,6,0.002263296869105998,all
can,amplify,5,0.001886080724254998,all
can,characterize,5,0.001886080724254998,all
can,deliver,5,0.001886080724254998,all
can,draw,5,0.001886080724254998,all
can,ease,5,0.001886080724254998,all
can,fast,5,0.001886080724254998,all
can,lower,5,0.001886080724254998,all
can,measure,5,0.001886080724254998,all
can,meet,5,0.001886080724254998,all
can,observe,5,0.001886080724254998,all
can,wait,5,0.001886080724254998,all
can,agree,4,0.0015088645794039985,all
can,answer,4,0.0015088645794039985,all
can,assume,4,0.0015088645794039985,all
can,attribute,4,0.0015088645794039985,all
can,base,4,0.0015088645794039985,all
can,become,4,0.0015088645794039985,all
can,build,4,0.0015088645794039985,all
can,count,4,0.0015088645794039985,all
can,describe,4,0.0015088645794039985,all
can,elaborate,4,0.0015088645794039985,all
can,factor,4,0.0015088645794039985,all
can,grow,4,0.0015088645794039985,all
can,guarantee,4,0.0015088645794039985,all
can,hire,4,0.0015088645794039985,all
can,implement,4,0.0015088645794039985,all
can,let,4,0.0015088645794039985,all
can,lose,4,0.0015088645794039985,all
can,manage,4,0.0015088645794039985,all
can,miss,4,0.0015088645794039985,all
can,of,4,0.0015088645794039985,all
can,offer,4,0.0015088645794039985,all
can,protect,4,0.0015088645794039985,all
can,react,4,0.0015088645794039985,all
can,remember,4,0.0015088645794039985,all
can,return,4,0.0015088645794039985,all
can,target,4,0.0015088645794039985,all
can,trust,4,0.0015088645794039985,all
can,way,4,0.0015088645794039985,all
can,account,3,0.001131648434552999,all
can,add,3,0.001131648434552999,all
can,argue,3,0.001131648434552999,all
can,benefit,3,0.001131648434552999,all
can,buy,3,0.001131648434552999,all
can,challenge,3,0.001131648434552999,all
can,communicate,3,0.001131648434552999,all
can,damage,3,0.001131648434552999,all
can,decide,3,0.001131648434552999,all
can,deploy,3,0.001131648434552999,all
can,develop,3,0.001131648434552999,all
can,dial,3,0.001131648434552999,all
can,enhance,3,0.001131648434552999,all
can,evaluate,3,0.001131648434552999,all
can,feel,3,0.001131648434552999,all
can,fill,3,0.001131648434552999,all
can,focus,3,0.001131648434552999,all
can,force,3,0.001131648434552999,all
can,generate,3,0.001131648434552999,all
can,hit,3,0.001131648434552999,all
can,produce,3,0.001131648434552999,all
can,push,3,0.001131648434552999,all
can,reach,3,0.001131648434552999,all
can,remain,3,0.001131648434552999,all
can,require,3,0.001131648434552999,all
can,resolve,3,0.001131648434552999,all
can,result,3,0.001131648434552999,all
can,set,3,0.001131648434552999,all
can,soften,3,0.001131648434552999,all
can,stop,3,0.001131648434552999,all
can,strengthen,3,0.001131648434552999,all
can,tie,3,0.001131648434552999,all
can,turn,3,0.001131648434552999,all
can,weigh,3,0.001131648434552999,all
can,what,3,0.001131648434552999,all
can,worry,3,0.001131648434552999,all
can,about,2,0.0007544322897019992,all
can,absorb,2,0.0007544322897019992,all
can,accomplish,2,0.0007544322897019992,all
can,adapt,2,0.0007544322897019992,all
can,approximate,2,0.0007544322897019992,all
can,arise,2,0.0007544322897019992,all
can,arrive,2,0.0007544322897019992,all
can,assess,2,0.0007544322897019992,all
can,associate,2,0.0007544322897019992,all
can,break,2,0.0007544322897019992,all
can,carry,2,0.0007544322897019992,all
can,clarity,2,0.0007544322897019992,all
can,compare,2,0.0007544322897019992,all
can,decision,2,0.0007544322897019992,all
can,depend,2,0.0007544322897019992,all
can,drive,2,0.0007544322897019992,all
can,earn,2,0.0007544322897019992,all
can,effectively,2,0.0007544322897019992,all
can,envision,2,0.0007544322897019992,all
can,evolve,2,0.0007544322897019992,all
can,expand,2,0.0007544322897019992,all
can,extent,2,0.0007544322897019992,all
can,feed,2,0.0007544322897019992,all
can,fix,2,0.0007544322897019992,all
can,forecast,2,0.0007544322897019992,all
can,hedge,2,0.0007544322897019992,all
can,idea,2,0.0007544322897019992,all
can,ignore,2,0.0007544322897019992,all
can,induce,2,0.0007544322897019992,all
can,lay,2,0.0007544322897019992,all
can,lend,2,0.0007544322897019992,all
can,predict,2,0.0007544322897019992,all
can,prepare,2,0.0007544322897019992,all
can,prevent,2,0.0007544322897019992,all
can,proceed,2,0.0007544322897019992,all
can,promise,2,0.0007544322897019992,all
can,prove,2,0.0007544322897019992,all
can,pull,2,0.0007544322897019992,all
can,quickly,2,0.0007544322897019992,all
can,read,2,0.0007544322897019992,all
can,reconcile,2,0.0007544322897019992,all
can,recover,2,0.0007544322897019992,all
can,reflect,2,0.0007544322897019992,all
can,repeat,2,0.0007544322897019992,all
can,restore,2,0.0007544322897019992,all
can,rise,2,0.0007544322897019992,all
can,seem,2,0.0007544322897019992,all
can,separate,2,0.0007544322897019992,all
can,service,2,0.0007544322897019992,all
can,shed,2,0.0007544322897019992,all
can,show,2,0.0007544322897019992,all
can,slow,2,0.0007544322897019992,all
can,speculate,2,0.0007544322897019992,all
can,spell,2,0.0007544322897019992,all
can,spot,2,0.0007544322897019992,all
can,stand,2,0.0007544322897019992,all
can,streamline,2,0.0007544322897019992,all
can,sum,2,0.0007544322897019992,all
can,that,2,0.0007544322897019992,all
can,thing,2,0.0007544322897019992,all
can,thrive,2,0.0007544322897019992,all
can,tighten,2,0.0007544322897019992,all
can,trace,2,0.0007544322897019992,all
can,trade,2,0.0007544322897019992,all
can,translate,2,0.0007544322897019992,all
can,transparent,2,0.0007544322897019992,all
can,want,2,0.0007544322897019992,all
can,we,2,0.0007544322897019992,all
can,we're,2,0.0007544322897019992,all
can,withstand,2,0.0007544322897019992,all
can,accept,1,0.0003772161448509996,all
can,access,1,0.0003772161448509996,all
can,accrue,1,0.0003772161448509996,all
can,act,1,0.0003772161448509996,all
can,adopt,1,0.0003772161448509996,all
can,aid,1,0.0003772161448509996,all
can,alleviate,1,0.0003772161448509996,all
can,analysis,1,0.0003772161448509996,all
can,analyze,1,0.0003772161448509996,all
can,anticipate,1,0.0003772161448509996,all
can,approach,1,0.0003772161448509996,all
can,assist,1,0.0003772161448509996,all
can,assure,1,0.0003772161448509996,all
can,attest,1,0.0003772161448509996,all
can,beat,1,0.0003772161448509996,all
can,believe,1,0.0003772161448509996,all
can,blame,1,0.0003772161448509996,all
can,boost,1,0.0003772161448509996,all
can,borrow,1,0.0003772161448509996,all
can,calculate,1,0.0003772161448509996,all
can,call,1,0.0003772161448509996,all
can,catch,1,0.0003772161448509996,all
can,choose,1,0.0003772161448509996,all
can,complete,1,0.0003772161448509996,all
can,complicate,1,0.0003772161448509996,all
can,confirm,1,0.0003772161448509996,all
can,connect,1,0.0003772161448509996,all
can,consult,1,0.0003772161448509996,all
can,contain,1,0.0003772161448509996,all
can,cooperate,1,0.0003772161448509996,all
can,counteract,1,0.0003772161448509996,all
can,cumulate,1,0.0003772161448509996,all
can,datum,1,0.0003772161448509996,all
can,declare,1,0.0003772161448509996,all
can,decline,1,0.0003772161448509996,all
can,deduce,1,0.0003772161448509996,all
can,deepen,1,0.0003772161448509996,all
can,define,1,0.0003772161448509996,all
can,delineate,1,0.0003772161448509996,all
can,detail,1,0.0003772161448509996,all
can,deviate,1,0.0003772161448509996,all
can,differ,1,0.0003772161448509996,all
can,disagree,1,0.0003772161448509996,all
can,disappear,1,0.0003772161448509996,all
can,discuss,1,0.0003772161448509996,all
can,dislodge,1,0.0003772161448509996,all
can,dismiss,1,0.0003772161448509996,all
can,disrupt,1,0.0003772161448509996,all
can,distil,1,0.0003772161448509996,all
can,distinguish,1,0.0003772161448509996,all
can,distribute,1,0.0003772161448509996,all
can,divide,1,0.0003772161448509996,all
can,drift,1,0.0003772161448509996,all
can,early,1,0.0003772161448509996,all
can,educate,1,0.0003772161448509996,all
can,elicit,1,0.0003772161448509996,all
can,eliminate,1,0.0003772161448509996,all
can,emerge,1,0.0003772161448509996,all
can,emphasize,1,0.0003772161448509996,all
can,employ,1,0.0003772161448509996,all
can,end,1,0.0003772161448509996,all
can,enjoy,1,0.0003772161448509996,all
can,evaporate,1,0.0003772161448509996,all
can,exacerbate,1,0.0003772161448509996,all
can,exceed,1,0.0003772161448509996,all
can,execute,1,0.0003772161448509996,all
can,exercise,1,0.0003772161448509996,all
can,exhibit,1,0.0003772161448509996,all
can,facilitate,1,0.0003772161448509996,all
can,fail,1,0.0003772161448509996,all
can,fall,1,0.0003772161448509996,all
can,far,1,0.0003772161448509996,all
can,figure,1,0.0003772161448509996,all
can,fit,1,0.0003772161448509996,all
can,flourish,1,0.0003772161448509996,all
can,fluctuate,1,0.0003772161448509996,all
can,foresee,1,0.0003772161448509996,all
can,forget,1,0.0003772161448509996,all
can,form,1,0.0003772161448509996,all
can,foster,1,0.0003772161448509996,all
can,gather,1,0.0003772161448509996,all
can,generalize,1,0.0003772161448509996,all
can,gloss,1,0.0003772161448509996,all
can,grind,1,0.0003772161448509996,all
can,group,1,0.0003772161448509996,all
can,hard,1,0.0003772161448509996,all
can,harm,1,0.0003772161448509996,all
can,hope,1,0.0003772161448509996,all
can,how,1,0.0003772161448509996,all
can,hurt,1,0.0003772161448509996,all
can,impair,1,0.0003772161448509996,all
can,impede,1,0.0003772161448509996,all
can,in,1,0.0003772161448509996,all
can,incorporate,1,0.0003772161448509996,all
can,infer,1,0.0003772161448509996,all
can,inflict,1,0.0003772161448509996,all
can,inform,1,0.0003772161448509996,all
can,interfere,1,0.0003772161448509996,all
can,interpret,1,0.0003772161448509996,all
can,invest,1,0.0003772161448509996,all
can,job,1,0.0003772161448509996,all
can,justify,1,0.0003772161448509996,all
can,kiernan,1,0.0003772161448509996,all
can,lean,1,0.0003772161448509996,all
can,leave,1,0.0003772161448509996,all
can,limit,1,0.0003772161448509996,all
can,live,1,0.0003772161448509996,all
can,loosen,1,0.0003772161448509996,all
can,lot,1,0.0003772161448509996,all
can,market,1,0.0003772161448509996,all
can,mask,1,0.0003772161448509996,all
can,mean,1,0.0003772161448509996,all
can,meticulously,1,0.0003772161448509996,all
can,more,1,0.0003772161448509996,all
can,motivate,1,0.0003772161448509996,all
can,muster,1,0.0003772161448509996,all
can,name,1,0.0003772161448509996,all
can,noisy,1,0.0003772161448509996,all
can,objectively,1,0.0003772161448509996,all
can,obtain,1,0.0003772161448509996,all
can,occur,1,0.0003772161448509996,all
can,offset,1,0.0003772161448509996,all
can,on,1,0.0003772161448509996,all
can,operate,1,0.0003772161448509996,all
can,organization,1,0.0003772161448509996,all
can,output,1,0.0003772161448509996,all
can,outweigh,1,0.0003772161448509996,all
can,overheat,1,0.0003772161448509996,all
can,overlook,1,0.0003772161448509996,all
can,own,1,0.0003772161448509996,all
can,paraphrase,1,0.0003772161448509996,all
can,participate,1,0.0003772161448509996,all
can,pause,1,0.0003772161448509996,all
can,pave,1,0.0003772161448509996,all
can,phase,1,0.0003772161448509996,all
can,pick,1,0.0003772161448509996,all
can,place,1,0.0003772161448509996,all
can,plan,1,0.0003772161448509996,all
can,policy,1,0.0003772161448509996,all
can,prescribe,1,0.0003772161448509996,all
can,preserve,1,0.0003772161448509996,all
can,prespecify,1,0.0003772161448509996,all
can,pursue,1,0.0003772161448509996,all
can,rapidly,1,0.0003772161448509996,all
can,realize,1,0.0003772161448509996,all
can,reassure,1,0.0003772161448509996,all
can,rebuff,1,0.0003772161448509996,all
can,receive,1,0.0003772161448509996,all
can,refine,1,0.0003772161448509996,all
can,regain,1,0.0003772161448509996,all
can,rely,1,0.0003772161448509996,all
can,reopen,1,0.0003772161448509996,all
can,replace,1,0.0003772161448509996,all
can,resist,1,0.0003772161448509996,all
can,reverberate,1,0.0003772161448509996,all
can,reverse,1,0.0003772161448509996,all
can,revisit,1,0.0003772161448509996,all
can,right,1,0.0003772161448509996,all
can,risk,1,0.0003772161448509996,all
can,rush,1,0.0003772161448509996,all
can,sample,1,0.0003772161448509996,all
can,save,1,0.0003772161448509996,all
can,say—2.7,1,0.0003772161448509996,all
can,scale,1,0.0003772161448509996,all
can,sell,1,0.0003772161448509996,all
can,send,1,0.0003772161448509996,all
can,setting,1,0.0003772161448509996,all
can,shape,1,0.0003772161448509996,all
can,shift,1,0.0003772161448509996,all
can,simplify,1,0.0003772161448509996,all
can,snuff,1,0.0003772161448509996,all
can,social,1,0.0003772161448509996,all
can,solve,1,0.0003772161448509996,all
can,something,1,0.0003772161448509996,all
can,sorry,1,0.0003772161448509996,all
can,sound,1,0.0003772161448509996,all
can,specify,1,0.0003772161448509996,all
can,speed,1,0.0003772161448509996,all
can,spend,1,0.0003772161448509996,all
can,spur,1,0.0003772161448509996,all
can,squeeze,1,0.0003772161448509996,all
can,stay,1,0.0003772161448509996,all
can,steer,1,0.0003772161448509996,all
can,stipulate,1,0.0003772161448509996,all
can,survey,1,0.0003772161448509996,all
can,sympathize,1,0.0003772161448509996,all
can,tailor,1,0.0003772161448509996,all
can,tear,1,0.0003772161448509996,all
can,tend,1,0.0003772161448509996,all
can,thank,1,0.0003772161448509996,all
can,they,1,0.0003772161448509996,all
can,time,1,0.0003772161448509996,all
can,tolerate,1,0.0003772161448509996,all
can,tool,1,0.0003772161448509996,all
can,top,1,0.0003772161448509996,all
can,track,1,0.0003772161448509996,all
can,transfer,1,0.0003772161448509996,all
can,transparently,1,0.0003772161448509996,all
can,treat,1,0.0003772161448509996,all
can,undermine,1,0.0003772161448509996,all
can,understand,1,0.0003772161448509996,all
can,undertake,1,0.0003772161448509996,all
can,update,1,0.0003772161448509996,all
can,vanish,1,0.0003772161448509996,all
can,weaken,1,0.0003772161448509996,all
can,whatever,1,0.0003772161448509996,all
can,wholeheartedly,1,0.0003772161448509996,all
can,wind,1,0.0003772161448509996,all
can,withdraw,1,0.0003772161448509996,all
can,write,1,0.0003772161448509996,all
can,—,1,0.0003772161448509996,all
could,be,382,0.11551254913819171,all
could,impede,162,0.04898699727850015,all
could,lead,92,0.027819776232234653,all
could,have,91,0.027517387360145147,all
could,affect,81,0.024493498639250075,all
could,follow,81,0.024493498639250075,all
could,help,78,0.023586332022981556,all
could,talk,58,0.017538554581191412,all
could,result,56,0.016933776837012398,all
could,increase,55,0.016631387964922893,all
could,see,53,0.016026610220743878,all
could,pose,45,0.013607499244027819,all
could,become,44,0.013305110371938312,all
could,give,41,0.012397943755669792,all
could,prove,38,0.01149077713940127,all
could,provide,37,0.011188388267311764,all
could,make,35,0.01058361052313275,all
could,take,35,0.01058361052313275,all
could,do,34,0.010281221651043242,all
could,use,33,0.009978832778953735,all
could,come,31,0.00937405503477472,all
could,continue,31,0.00937405503477472,all
could,put,29,0.008769277290595706,all
could,support,25,0.0075597218022376775,all
could,cause,24,0.00725733293014817,all
could,explain,24,0.00725733293014817,all
could,bear,23,0.006954944058058663,all
could,go,22,0.006652555185969156,all
could,reduce,22,0.006652555185969156,all
could,slow,22,0.006652555185969156,all
could,contribute,21,0.006350166313879649,all
could,reflect,21,0.006350166313879649,all
could,rise,21,0.006350166313879649,all
could,warrant,21,0.006350166313879649,all
could,move,20,0.0060477774417901425,all
could,change,18,0.005442999697611128,all
could,happen,18,0.005442999697611128,all
could,risk,18,0.005442999697611128,all
could,consider,17,0.005140610825521621,all
could,raise,17,0.005140610825521621,all
could,say,16,0.004838221953432114,all
could,undermine,16,0.004838221953432114,all
could,arise,15,0.004535833081342607,all
could,boost,15,0.004535833081342607,all
could,get,15,0.004535833081342607,all
could,push,15,0.004535833081342607,all
could,weaken,15,0.004535833081342607,all
could,emerge,14,0.0042334442092530995,all
could,exacerbate,14,0.0042334442092530995,all
could,expand,14,0.0042334442092530995,all
could,mean,14,0.0042334442092530995,all
could,remain,14,0.0042334442092530995,all
could,require,14,0.0042334442092530995,all
could,restrain,14,0.0042334442092530995,all
could,tell,14,0.0042334442092530995,all
could,turn,14,0.0042334442092530995,all
could,address,13,0.003931055337163592,all
could,facilitate,13,0.003931055337163592,all
could,misinterpret,13,0.003931055337163592,all
could,occur,13,0.003931055337163592,all
could,ask,12,0.003628666465074085,all
could,weigh,12,0.003628666465074085,all
could,comment,11,0.003326277592984578,all
could,damp,11,0.003326277592984578,all
could,describe,11,0.003326277592984578,all
could,elaborate,11,0.003326277592984578,all
could,encourage,11,0.003326277592984578,all
could,limit,11,0.003326277592984578,all
could,play,11,0.003326277592984578,all
could,allow,10,0.0030238887208950713,all
could,appreciate,10,0.0030238887208950713,all
could,begin,10,0.0030238887208950713,all
could,clarify,10,0.0030238887208950713,all
could,generate,10,0.0030238887208950713,all
could,persist,10,0.0030238887208950713,all
could,spill,10,0.0030238887208950713,all
could,view,10,0.0030238887208950713,all
could,amplify,9,0.002721499848805564,all
could,bring,9,0.002721499848805564,all
could,face,9,0.002721499848805564,all
could,associate,8,0.002419110976716057,all
could,decline,8,0.002419110976716057,all
could,enhance,8,0.002419110976716057,all
could,expect,8,0.002419110976716057,all
could,find,8,0.002419110976716057,all
could,indicate,8,0.002419110976716057,all
could,point,8,0.002419110976716057,all
could,shift,8,0.002419110976716057,all
could,trigger,8,0.002419110976716057,all
could,add,7,0.0021167221046265497,all
could,create,7,0.0021167221046265497,all
could,improve,7,0.0021167221046265497,all
could,look,7,0.0021167221046265497,all
could,serve,7,0.0021167221046265497,all
could,speak,7,0.0021167221046265497,all
could,spur,7,0.0021167221046265497,all
could,afford,6,0.0018143332325370426,all
could,break,6,0.0018143332325370426,all
could,call,6,0.0018143332325370426,all
could,cut,6,0.0018143332325370426,all
could,entail,6,0.0018143332325370426,all
could,force,6,0.0018143332325370426,all
could,hinder,6,0.0018143332325370426,all
could,impair,6,0.0018143332325370426,all
could,include,6,0.0018143332325370426,all
could,influence,6,0.0018143332325370426,all
could,interpret,6,0.0018143332325370426,all
could,judge,6,0.0018143332325370426,all
could,reach,6,0.0018143332325370426,all
could,spend,6,0.0018143332325370426,all
could,start,6,0.0018143332325370426,all
could,threaten,6,0.0018143332325370426,all
could,walk,6,0.0018143332325370426,all
could,aid,5,0.0015119443604475356,all
could,communicate,5,0.0015119443604475356,all
could,end,5,0.0015119443604475356,all
could,fall,5,0.0015119443604475356,all
could,hurt,5,0.0015119443604475356,all
could,maintain,5,0.0015119443604475356,all
could,mitigate,5,0.0015119443604475356,all
could,necessitate,5,0.0015119443604475356,all
could,prompt,5,0.0015119443604475356,all
could,run,5,0.0015119443604475356,all
could,stay,5,0.0015119443604475356,all
could,sustain,5,0.0015119443604475356,all
could,think,5,0.0015119443604475356,all
could,tighten,5,0.0015119443604475356,all
could,yield,5,0.0015119443604475356,all
could,attribute,4,0.0012095554883580285,all
could,challenge,4,0.0012095554883580285,all
could,convey,4,0.0012095554883580285,all
could,could,4,0.0012095554883580285,all
could,deploy,4,0.0012095554883580285,all
could,deteriorate,4,0.0012095554883580285,all
could,differ,4,0.0012095554883580285,all
could,disrupt,4,0.0012095554883580285,all
could,ease,4,0.0012095554883580285,all
could,employ,4,0.0012095554883580285,all
could,hold,4,0.0012095554883580285,all
could,imagine,4,0.0012095554883580285,all
could,last,4,0.0012095554883580285,all
could,materialize,4,0.0012095554883580285,all
could,proceed,4,0.0012095554883580285,all
could,rely,4,0.0012095554883580285,all
could,respond,4,0.0012095554883580285,all
could,strengthen,4,0.0012095554883580285,all
could,transition,4,0.0012095554883580285,all
could,accelerate,3,0.0009071666162685213,all
could,achieve,3,0.0009071666162685213,all
could,adjust,3,0.0009071666162685213,all
could,apply,3,0.0009071666162685213,all
could,bind,3,0.0009071666162685213,all
could,borrow,3,0.0009071666162685213,all
could,choose,3,0.0009071666162685213,all
could,complicate,3,0.0009071666162685213,all
could,constrain,3,0.0009071666162685213,all
could,delay,3,0.0009071666162685213,all
could,depress,3,0.0009071666162685213,all
could,detail,3,0.0009071666162685213,all
could,discuss,3,0.0009071666162685213,all
could,display,3,0.0009071666162685213,all
could,drag,3,0.0009071666162685213,all
could,draw,3,0.0009071666162685213,all
could,drift,3,0.0009071666162685213,all
could,evolve,3,0.0009071666162685213,all
could,grow,3,0.0009071666162685213,all
could,handle,3,0.0009071666162685213,all
could,implement,3,0.0009071666162685213,all
could,jeopardize,3,0.0009071666162685213,all
could,keep,3,0.0009071666162685213,all
could,leave,3,0.0009071666162685213,all
could,mask,3,0.0009071666162685213,all
could,meet,3,0.0009071666162685213,all
could,misspecifie,3,0.0009071666162685213,all
could,pick,3,0.0009071666162685213,all
could,portend,3,0.0009071666162685213,all
could,read,3,0.0009071666162685213,all
could,realize,3,0.0009071666162685213,all
could,relate,3,0.0009071666162685213,all
could,resolve,3,0.0009071666162685213,all
could,resume,3,0.0009071666162685213,all
could,revise,3,0.0009071666162685213,all
could,set,3,0.0009071666162685213,all
could,share,3,0.0009071666162685213,all
could,shed,3,0.0009071666162685213,all
could,shorten,3,0.0009071666162685213,all
could,signal,3,0.0009071666162685213,all
could,stall,3,0.0009071666162685213,all
could,substitute,3,0.0009071666162685213,all
could,tilt,3,0.0009071666162685213,all
could,wind,3,0.0009071666162685213,all
could,withstand,3,0.0009071666162685213,all
could,work,3,0.0009071666162685213,all
could,absorb,2,0.0006047777441790142,all
could,accept,2,0.0006047777441790142,all
could,accompany,2,0.0006047777441790142,all
could,accomplish,2,0.0006047777441790142,all
could,act,2,0.0006047777441790142,all
could,argue,2,0.0006047777441790142,all
could,avoid,2,0.0006047777441790142,all
could,benefit,2,0.0006047777441790142,all
could,bolster,2,0.0006047777441790142,all
could,build,2,0.0006047777441790142,all
could,buy,2,0.0006047777441790142,all
could,capture,2,0.0006047777441790142,all
could,chair,2,0.0006047777441790142,all
could,cite,2,0.0006047777441790142,all
could,conduct,2,0.0006047777441790142,all
could,destabilize,2,0.0006047777441790142,all
could,develop,2,0.0006047777441790142,all
could,drive,2,0.0006047777441790142,all
could,earn,2,0.0006047777441790142,all
could,ensue,2,0.0006047777441790142,all
could,envision,2,0.0006047777441790142,all
could,erode,2,0.0006047777441790142,all
could,experience,2,0.0006047777441790142,all
could,fail,2,0.0006047777441790142,all
could,form,2,0.0006047777441790142,all
could,foster,2,0.0006047777441790142,all
could,hit,2,0.0006047777441790142,all
could,intensify,2,0.0006047777441790142,all
could,interfere,2,0.0006047777441790142,all
could,introduce,2,0.0006047777441790142,all
could,join,2,0.0006047777441790142,all
could,learn,2,0.0006047777441790142,all
could,lose,2,0.0006047777441790142,all
could,measure,2,0.0006047777441790142,all
could,operate,2,0.0006047777441790142,all
could,overheat,2,0.0006047777441790142,all
could,pass,2,0.0006047777441790142,all
could,perceive,2,0.0006047777441790142,all
could,phase,2,0.0006047777441790142,all
could,precipitate,2,0.0006047777441790142,all
could,present,2,0.0006047777441790142,all
could,prevent,2,0.0006047777441790142,all
could,promote,2,0.0006047777441790142,all
could,pull,2,0.0006047777441790142,all
could,purchase,2,0.0006047777441790142,all
could,receive,2,0.0006047777441790142,all
could,reemerge,2,0.0006047777441790142,all
could,repeat,2,0.0006047777441790142,all
could,represent,2,0.0006047777441790142,all
could,return,2,0.0006047777441790142,all
could,reverse,2,0.0006047777441790142,all
could,scale,2,0.0006047777441790142,all
could,sell,2,0.0006047777441790142,all
could,soften,2,0.0006047777441790142,all
could,speed,2,0.0006047777441790142,all
could,stand,2,0.0006047777441790142,all
could,stem,2,0.0006047777441790142,all
could,step,2,0.0006047777441790142,all
could,structure,2,0.0006047777441790142,all
could,suggest,2,0.0006047777441790142,all
could,target,2,0.0006047777441790142,all
could,understate,2,0.0006047777441790142,all
could,unwind,2,0.0006047777441790142,all
could,update,2,0.0006047777441790142,all
could,worsen,2,0.0006047777441790142,all
could,'ve,1,0.0003023888720895071,all
could,abate,1,0.0003023888720895071,all
could,accommodate,1,0.0003023888720895071,all
could,account,1,0.0003023888720895071,all
could,accumulate,1,0.0003023888720895071,all
could,activate,1,0.0003023888720895071,all
could,adapt,1,0.0003023888720895071,all
could,adopt,1,0.0003023888720895071,all
could,agree,1,0.0003023888720895071,all
could,all,1,0.0003023888720895071,all
could,alter,1,0.0003023888720895071,all
could,amount,1,0.0003023888720895071,all
could,announce,1,0.0003023888720895071,all
could,answer,1,0.0003023888720895071,all
could,anticipate,1,0.0003023888720895071,all
could,approach,1,0.0003023888720895071,all
could,assist,1,0.0003023888720895071,all
could,assume,1,0.0003023888720895071,all
could,augment,1,0.0003023888720895071,all
could,authorize,1,0.0003023888720895071,all
could,bail,1,0.0003023888720895071,all
could,balance,1,0.0003023888720895071,all
could,characterize,1,0.0003023888720895071,all
could,choke,1,0.0003023888720895071,all
could,clear,1,0.0003023888720895071,all
could,clearly,1,0.0003023888720895071,all
could,close,1,0.0003023888720895071,all
could,combine,1,0.0003023888720895071,all
could,commence,1,0.0003023888720895071,all
could,complete,1,0.0003023888720895071,all
could,compound,1,0.0003023888720895071,all
could,compress,1,0.0003023888720895071,all
could,compromise,1,0.0003023888720895071,all
could,confirm,1,0.0003023888720895071,all
could,connect,1,0.0003023888720895071,all
could,construct,1,0.0003023888720895071,all
could,contaminate,1,0.0003023888720895071,all
could,contemplate,1,0.0003023888720895071,all
could,cool,1,0.0003023888720895071,all
could,count,1,0.0003023888720895071,all
could,criticize,1,0.0003023888720895071,all
could,crowd,1,0.0003023888720895071,all
could,damage,1,0.0003023888720895071,all
could,decelerate,1,0.0003023888720895071,all
could,deliver,1,0.0003023888720895071,all
could,demand,1,0.0003023888720895071,all
could,demonstrate,1,0.0003023888720895071,all
could,depend,1,0.0003023888720895071,all
could,design,1,0.0003023888720895071,all
could,discourage,1,0.0003023888720895071,all
could,disturb,1,0.0003023888720895071,all
could,doubt,1,0.0003023888720895071,all
could,downgrade,1,0.0003023888720895071,all
could,drop,1,0.0003023888720895071,all
could,elevate,1,0.0003023888720895071,all
could,emanate,1,0.0003023888720895071,all
could,emphasize,1,0.0003023888720895071,all
could,enable,1,0.0003023888720895071,all
could,endure,1,0.0003023888720895071,all
could,engender,1,0.0003023888720895071,all
could,enter,1,0.0003023888720895071,all
could,establish,1,0.0003023888720895071,all
could,everything,1,0.0003023888720895071,all
could,exert,1,0.0003023888720895071,all
could,exhibit,1,0.0003023888720895071,all
could,explore,1,0.0003023888720895071,all
could,expose,1,0.0003023888720895071,all
could,extend,1,0.0003023888720895071,all
could,fade,1,0.0003023888720895071,all
could,favor,1,0.0003023888720895071,all
could,feature,1,0.0003023888720895071,all
could,feed,1,0.0003023888720895071,all
could,fill,1,0.0003023888720895071,all
could,fix,1,0.0003023888720895071,all
could,flag,1,0.0003023888720895071,all
could,flatten,1,0.0003023888720895071,all
could,flesh,1,0.0003023888720895071,all
could,flow,1,0.0003023888720895071,all
could,focus,1,0.0003023888720895071,all
could,foreshorten,1,0.0003023888720895071,all
could,fulfill,1,0.0003023888720895071,all
could,gain,1,0.0003023888720895071,all
could,game,1,0.0003023888720895071,all
could,gauge,1,0.0003023888720895071,all
could,guard,1,0.0003023888720895071,all
could,halt,1,0.0003023888720895071,all
could,harm,1,0.0003023888720895071,all
could,hasten,1,0.0003023888720895071,all
could,hope,1,0.0003023888720895071,all
could,ignore,1,0.0003023888720895071,all
could,impact,1,0.0003023888720895071,all
could,imply,1,0.0003023888720895071,all
could,impose,1,0.0003023888720895071,all
could,incentivize,1,0.0003023888720895071,all
could,inch,1,0.0003023888720895071,all
could,incorporate,1,0.0003023888720895071,all
could,induce,1,0.0003023888720895071,all
could,inhibit,1,0.0003023888720895071,all
could,initiate,1,0.0003023888720895071,all
could,interact,1,0.0003023888720895071,all
could,interest,1,0.0003023888720895071,all
could,invert,1,0.0003023888720895071,all
could,investigate,1,0.0003023888720895071,all
could,job,1,0.0003023888720895071,all
could,joke,1,0.0003023888720895071,all
could,justify,1,0.0003023888720895071,all
could,kind,1,0.0003023888720895071,all
could,know,1,0.0003023888720895071,all
could,lengthen,1,0.0003023888720895071,all
could,let,1,0.0003023888720895071,all
could,lift,1,0.0003023888720895071,all
could,live,1,0.0003023888720895071,all
could,lower,1,0.0003023888720895071,all
could,magnify,1,0.0003023888720895071,all
could,matter,1,0.0003023888720895071,all
could,mimic,1,0.0003023888720895071,all
could,misconstrue,1,0.0003023888720895071,all
could,misperceive,1,0.0003023888720895071,all
could,moderate,1,0.0003023888720895071,all
could,modify,1,0.0003023888720895071,all
could,nourish,1,0.0003023888720895071,all
could,overcome,1,0.0003023888720895071,all
could,overstate,1,0.0003023888720895071,all
could,parter,1,0.0003023888720895071,all
could,pause,1,0.0003023888720895071,all
could,pay,1,0.0003023888720895071,all
could,place,1,0.0003023888720895071,all
could,plan,1,0.0003023888720895071,all
could,policy,1,0.0003023888720895071,all
could,pop,1,0.0003023888720895071,all
could,predict,1,0.0003023888720895071,all
could,prepay,1,0.0003023888720895071,all
could,press,1,0.0003023888720895071,all
could,produce,1,0.0003023888720895071,all
could,prolong,1,0.0003023888720895071,all
could,pronounce,1,0.0003023888720895071,all
could,propel,1,0.0003023888720895071,all
could,quantify,1,0.0003023888720895071,all
could,question,1,0.0003023888720895071,all
could,rate,1,0.0003023888720895071,all
could,re,1,0.0003023888720895071,all
could,reaccelerate,1,0.0003023888720895071,all
could,realign,1,0.0003023888720895071,all
could,reason,1,0.0003023888720895071,all
could,reassess,1,0.0003023888720895071,all
could,rebound,1,0.0003023888720895071,all
could,reconcile,1,0.0003023888720895071,all
could,recover,1,0.0003023888720895071,all
could,refer,1,0.0003023888720895071,all
could,reference,1,0.0003023888720895071,all
could,reinforce,1,0.0003023888720895071,all
could,reinvest,1,0.0003023888720895071,all
could,rejoin,1,0.0003023888720895071,all
could,release,1,0.0003023888720895071,all
could,remove,1,0.0003023888720895071,all
could,render,1,0.0003023888720895071,all
could,renew,1,0.0003023888720895071,all
could,rent,1,0.0003023888720895071,all
could,replace,1,0.0003023888720895071,all
could,resort,1,0.0003023888720895071,all
could,restore,1,0.0003023888720895071,all
could,roll,1,0.0003023888720895071,all
could,shrink,1,0.0003023888720895071,all
could,signify,1,0.0003023888720895071,all
could,slip,1,0.0003023888720895071,all
could,specify,1,0.0003023888720895071,all
could,stick,1,0.0003023888720895071,all
could,stigmatize,1,0.0003023888720895071,all
could,strain,1,0.0003023888720895071,all
could,stress,1,0.0003023888720895071,all
could,study,1,0.0003023888720895071,all
could,summarize,1,0.0003023888720895071,all
could,suppose,1,0.0003023888720895071,all
could,surprise,1,0.0003023888720895071,all
could,taper,1,0.0003023888720895071,all
could,teach,1,0.0003023888720895071,all
could,temper,1,0.0003023888720895071,all
could,thing,1,0.0003023888720895071,all
could,tip,1,0.0003023888720895071,all
could,tolerate,1,0.0003023888720895071,all
could,touch,1,0.0003023888720895071,all
could,translate,1,0.0003023888720895071,all
could,try,1,0.0003023888720895071,all
could,undertake,1,0.0003023888720895071,all
could,undo,1,0.0003023888720895071,all
could,unfold,1,0.0003023888720895071,all
could,unsettle,1,0.0003023888720895071,all
could,up,1,0.0003023888720895071,all
could,utilize,1,0.0003023888720895071,all
could,vary,1,0.0003023888720895071,all
could,wait,1,0.0003023888720895071,all
could,wane,1,0.0003023888720895071,all
could,way,1,0.0003023888720895071,all
could,weather,1,0.0003023888720895071,all
could,wipe,1,0.0003023888720895071,all
could,withdraw,1,0.0003023888720895071,all
may,be,434,0.28,all
may,warrant,64,0.04129032258064516,all
may,have,39,0.025161290322580646,all
may,need,34,0.02193548387096774,all
may,contribute,33,0.02129032258064516,all
may,take,31,0.02,all
may,provide,25,0.016129032258064516,all
may,reflect,25,0.016129032258064516,all
may,authorize,23,0.014838709677419355,all
may,use,21,0.013548387096774193,all
may,change,20,0.012903225806451613,all
may,come,20,0.012903225806451613,all
may,edge,19,0.012258064516129033,all
may,affect,16,0.01032258064516129,all
may,help,16,0.01032258064516129,all
may,see,15,0.00967741935483871,all
may,hold,14,0.00903225806451613,all
may,increase,14,0.00903225806451613,all
may,play,13,0.008387096774193548,all
may,continue,12,0.007741935483870968,all
may,move,12,0.007741935483870968,all
may,do,11,0.0070967741935483875,all
may,require,11,0.0070967741935483875,all
may,result,11,0.0070967741935483875,all
may,delegate,10,0.0064516129032258064,all
may,approve,9,0.005806451612903226,all
may,auction,9,0.005806451612903226,all
may,become,9,0.005806451612903226,all
may,borrow,9,0.005806451612903226,all
may,lend,9,0.005806451612903226,all
may,put,9,0.005806451612903226,all
may,ask,8,0.005161290322580645,all
may,bid,8,0.005161290322580645,all
may,evolve,8,0.005161290322580645,all
may,face,8,0.005161290322580645,all
may,go,8,0.005161290322580645,all
may,lead,8,0.005161290322580645,all
may,make,8,0.005161290322580645,all
may,reduce,8,0.005161290322580645,all
may,determine,7,0.004516129032258065,all
may,exercise,7,0.004516129032258065,all
may,find,7,0.004516129032258065,all
may,happen,7,0.004516129032258065,all
may,manage,7,0.004516129032258065,all
may,restrain,7,0.004516129032258065,all
may,slow,7,0.004516129032258065,all
may,vary,7,0.004516129032258065,all
may,experience,6,0.003870967741935484,all
may,influence,6,0.003870967741935484,all
may,know,6,0.003870967741935484,all
may,look,6,0.003870967741935484,all
may,signal,6,0.003870967741935484,all
may,turn,6,0.003870967741935484,all
may,undertake,6,0.003870967741935484,all
may,keep,5,0.0032258064516129032,all
may,prove,5,0.0032258064516129032,all
may,raise,5,0.0032258064516129032,all
may,stabilize,5,0.0032258064516129032,all
may,boost,4,0.0025806451612903226,all
may,delay,4,0.0025806451612903226,all
may,extend,4,0.0025806451612903226,all
may,include,4,0.0025806451612903226,all
may,leave,4,0.0025806451612903226,all
may,may,4,0.0025806451612903226,all
may,occur,4,0.0025806451612903226,all
may,overstate,4,0.0025806451612903226,all
may,push,4,0.0025806451612903226,all
may,remain,4,0.0025806451612903226,all
may,start,4,0.0025806451612903226,all
may,think,4,0.0025806451612903226,all
may,want,4,0.0025806451612903226,all
may,agree,3,0.001935483870967742,all
may,amplify,3,0.001935483870967742,all
may,appear,3,0.001935483870967742,all
may,associate,3,0.001935483870967742,all
may,begin,3,0.001935483870967742,all
may,cause,3,0.001935483870967742,all
may,designate,3,0.001935483870967742,all
may,diminish,3,0.001935483870967742,all
may,end,3,0.001935483870967742,all
may,explain,3,0.001935483870967742,all
may,fall,3,0.001935483870967742,all
may,get,3,0.001935483870967742,all
may,indicate,3,0.001935483870967742,all
may,induce,3,0.001935483870967742,all
may,issue,3,0.001935483870967742,all
may,lose,3,0.001935483870967742,all
may,notice,3,0.001935483870967742,all
may,persist,3,0.001935483870967742,all
may,pick,3,0.001935483870967742,all
may,purchase,3,0.001935483870967742,all
may,question,3,0.001935483870967742,all
may,rise,3,0.001935483870967742,all
may,serve,3,0.001935483870967742,all
may,suggest,3,0.001935483870967742,all
may,understate,3,0.001935483870967742,all
may,adjust,2,0.0012903225806451613,all
may,allow,2,0.0012903225806451613,all
may,alter,2,0.0012903225806451613,all
may,arise,2,0.0012903225806451613,all
may,bear,2,0.0012903225806451613,all
may,believe,2,0.0012903225806451613,all
may,buffet,2,0.0012903225806451613,all
may,carry,2,0.0012903225806451613,all
may,challenge,2,0.0012903225806451613,all
may,consider,2,0.0012903225806451613,all
may,decide,2,0.0012903225806451613,all
may,decline,2,0.0012903225806451613,all
may,deserve,2,0.0012903225806451613,all
may,distort,2,0.0012903225806451613,all
may,drive,2,0.0012903225806451613,all
may,emerge,2,0.0012903225806451613,all
may,enter,2,0.0012903225806451613,all
may,exert,2,0.0012903225806451613,all
may,fade,2,0.0012903225806451613,all
may,follow,2,0.0012903225806451613,all
may,gain,2,0.0012903225806451613,all
may,give,2,0.0012903225806451613,all
may,grow,2,0.0012903225806451613,all
may,hit,2,0.0012903225806451613,all
may,improve,2,0.0012903225806451613,all
may,involve,2,0.0012903225806451613,all
may,lower,2,0.0012903225806451613,all
may,miss,2,0.0012903225806451613,all
may,narrow,2,0.0012903225806451613,all
may,on,2,0.0012903225806451613,all
may,operate,2,0.0012903225806451613,all
may,pass,2,0.0012903225806451613,all
may,peak,2,0.0012903225806451613,all
may,point,2,0.0012903225806451613,all
may,pose,2,0.0012903225806451613,all
may,produce,2,0.0012903225806451613,all
may,pull,2,0.0012903225806451613,all
may,reach,2,0.0012903225806451613,all
may,read,2,0.0012903225806451613,all
may,recover,2,0.0012903225806451613,all
may,reemerge,2,0.0012903225806451613,all
may,remember,2,0.0012903225806451613,all
may,resolve,2,0.0012903225806451613,all
may,say,2,0.0012903225806451613,all
may,seem,2,0.0012903225806451613,all
may,settle,2,0.0012903225806451613,all
may,shift,2,0.0012903225806451613,all
may,slip,2,0.0012903225806451613,all
may,sound,2,0.0012903225806451613,all
may,spill,2,0.0012903225806451613,all
may,stop,2,0.0012903225806451613,all
may,understand,2,0.0012903225806451613,all
may,weigh,2,0.0012903225806451613,all
may,wish,2,0.0012903225806451613,all
may,work,2,0.0012903225806451613,all
may,abate,1,0.0006451612903225806,all
may,accompany,1,0.0006451612903225806,all
may,account,1,0.0006451612903225806,all
may,achieve,1,0.0006451612903225806,all
may,act,1,0.0006451612903225806,all
may,add,1,0.0006451612903225806,all
may,address,1,0.0006451612903225806,all
may,anchor,1,0.0006451612903225806,all
may,anticipate,1,0.0006451612903225806,all
may,approach,1,0.0006451612903225806,all
may,argue,1,0.0006451612903225806,all
may,assess,1,0.0006451612903225806,all
may,avoid,1,0.0006451612903225806,all
may,benefit,1,0.0006451612903225806,all
may,bottom,1,0.0006451612903225806,all
may,bring,1,0.0006451612903225806,all
may,call,1,0.0006451612903225806,all
may,catch,1,0.0006451612903225806,all
may,cloud,1,0.0006451612903225806,all
may,combine,1,0.0006451612903225806,all
may,conduct,1,0.0006451612903225806,all
may,confuse,1,0.0006451612903225806,all
may,connect,1,0.0006451612903225806,all
may,constrain,1,0.0006451612903225806,all
may,consumer,1,0.0006451612903225806,all
may,contain,1,0.0006451612903225806,all
may,cool,1,0.0006451612903225806,all
may,curtail,1,0.0006451612903225806,all
may,demand,1,0.0006451612903225806,all
may,depend,1,0.0006451612903225806,all
may,depress,1,0.0006451612903225806,all
may,destabilize,1,0.0006451612903225806,all
may,develop,1,0.0006451612903225806,all
may,differ,1,0.0006451612903225806,all
may,difference,1,0.0006451612903225806,all
may,disagree,1,0.0006451612903225806,all
may,drift,1,0.0006451612903225806,all
may,economize,1,0.0006451612903225806,all
may,elevate,1,0.0006451612903225806,all
may,encounter,1,0.0006451612903225806,all
may,encourage,1,0.0006451612903225806,all
may,enhance,1,0.0006451612903225806,all
may,enjoy,1,0.0006451612903225806,all
may,entail,1,0.0006451612903225806,all
may,escape,1,0.0006451612903225806,all
may,establish,1,0.0006451612903225806,all
may,exacerbate,1,0.0006451612903225806,all
may,exceed,1,0.0006451612903225806,all
may,exist,1,0.0006451612903225806,all
may,facilitate,1,0.0006451612903225806,all
may,flatten,1,0.0006451612903225806,all
may,focus,1,0.0006451612903225806,all
may,force,1,0.0006451612903225806,all
may,generate,1,0.0006451612903225806,all
may,graduate,1,0.0006451612903225806,all
may,guide,1,0.0006451612903225806,all
may,impact,1,0.0006451612903225806,all
may,impair,1,0.0006451612903225806,all
may,impart,1,0.0006451612903225806,all
may,impede,1,0.0006451612903225806,all
may,implement,1,0.0006451612903225806,all
may,import,1,0.0006451612903225806,all
may,in,1,0.0006451612903225806,all
may,initiate,1,0.0006451612903225806,all
may,inspire,1,0.0006451612903225806,all
may,intervene,1,0.0006451612903225806,all
may,invest,1,0.0006451612903225806,all
may,join,1,0.0006451612903225806,all
may,lack,1,0.0006451612903225806,all
may,lessen,1,0.0006451612903225806,all
may,lie,1,0.0006451612903225806,all
may,like,1,0.0006451612903225806,all
may,mean,1,0.0006451612903225806,all
may,measure,1,0.0006451612903225806,all
may,meet,1,0.0006451612903225806,all
may,mention,1,0.0006451612903225806,all
may,misinterpret,1,0.0006451612903225806,all
may,misjudge,1,0.0006451612903225806,all
may,mitigate,1,0.0006451612903225806,all
may,morph,1,0.0006451612903225806,all
may,opening,1,0.0006451612903225806,all
may,overestimate,1,0.0006451612903225806,all
may,overlook,1,0.0006451612903225806,all
may,perform,1,0.0006451612903225806,all
may,poise,1,0.0006451612903225806,all
may,predict,1,0.0006451612903225806,all
may,prolong,1,0.0006451612903225806,all
may,promote,1,0.0006451612903225806,all
may,propose,1,0.0006451612903225806,all
may,react,1,0.0006451612903225806,all
may,realize,1,0.0006451612903225806,all
may,reassess,1,0.0006451612903225806,all
may,rebound,1,0.0006451612903225806,all
may,recognize,1,0.0006451612903225806,all
may,recruit,1,0.0006451612903225806,all
may,reject,1,0.0006451612903225806,all
may,rejoin,1,0.0006451612903225806,all
may,relate,1,0.0006451612903225806,all
may,replace,1,0.0006451612903225806,all
may,represent,1,0.0006451612903225806,all
may,restrict,1,0.0006451612903225806,all
may,revise,1,0.0006451612903225806,all
may,run,1,0.0006451612903225806,all
may,seen,1,0.0006451612903225806,all
may,shake,1,0.0006451612903225806,all
may,share,1,0.0006451612903225806,all
may,simplify,1,0.0006451612903225806,all
may,soften,1,0.0006451612903225806,all
may,spread,1,0.0006451612903225806,all
may,spur,1,0.0006451612903225806,all
may,stall,1,0.0006451612903225806,all
may,succeed,1,0.0006451612903225806,all
may,sum,1,0.0006451612903225806,all
may,support,1,0.0006451612903225806,all
may,surprise,1,0.0006451612903225806,all
may,tailor,1,0.0006451612903225806,all
may,tax,1,0.0006451612903225806,all
may,tempt,1,0.0006451612903225806,all
may,tend,1,0.0006451612903225806,all
may,thing,1,0.0006451612903225806,all
may,threaten,1,0.0006451612903225806,all
may,tighten,1,0.0006451612903225806,all
may,transition,1,0.0006451612903225806,all
may,translate,1,0.0006451612903225806,all
may,try,1,0.0006451612903225806,all
may,underappreciate,1,0.0006451612903225806,all
may,underestimate,1,0.0006451612903225806,all
may,undermine,1,0.0006451612903225806,all
may,unwind,1,0.0006451612903225806,all
may,up,1,0.0006451612903225806,all
may,view,1,0.0006451612903225806,all
may,wind,1,0.0006451612903225806,all
may,wonder,1,0.0006451612903225806,all
may,worsen,1,0.0006451612903225806,all
should,be,191,0.14137675795706883,all
should,help,93,0.0688378978534419,all
should,continue,40,0.029607698001480384,all
should,take,33,0.02442635085122132,all
should,do,29,0.02146558105107328,all
should,see,26,0.01924500370096225,all
should,have,24,0.01776461880088823,all
should,move,21,0.015544041450777202,all
should,expect,20,0.014803849000740192,all
should,interpret,20,0.014803849000740192,all
should,note,16,0.011843079200592153,all
should,maintain,15,0.011102886750555145,all
should,support,15,0.011102886750555145,all
should,think,15,0.011102886750555145,all
should,affirm,14,0.010362694300518135,all
should,make,14,0.010362694300518135,all
should,look,13,0.009622501850481125,all
should,promote,12,0.008882309400444115,all
should,understand,12,0.008882309400444115,all
should,consider,11,0.008142116950407105,all
should,happen,11,0.008142116950407105,all
should,begin,10,0.007401924500370096,all
should,go,10,0.007401924500370096,all
should,occur,10,0.007401924500370096,all
should,reduce,10,0.007401924500370096,all
should,acknowledge,9,0.006661732050333087,all
should,assume,9,0.006661732050333087,all
should,come,9,0.006661732050333087,all
should,monitor,9,0.006661732050333087,all
should,respond,9,0.006661732050333087,all
should,use,9,0.006661732050333087,all
should,view,9,0.006661732050333087,all
should,communicate,8,0.005921539600296077,all
should,decline,8,0.005921539600296077,all
should,direct,8,0.005921539600296077,all
should,emphasize,7,0.0051813471502590676,all
should,focus,7,0.0051813471502590676,all
should,pay,7,0.0051813471502590676,all
should,provide,7,0.0051813471502590676,all
should,show,7,0.0051813471502590676,all
should,start,7,0.0051813471502590676,all
should,change,6,0.0044411547002220575,all
should,depend,6,0.0044411547002220575,all
should,doubt,6,0.0044411547002220575,all
should,encourage,6,0.0044411547002220575,all
should,know,6,0.0044411547002220575,all
should,overstate,6,0.0044411547002220575,all
should,raise,6,0.0044411547002220575,all
should,read,6,0.0044411547002220575,all
should,remain,6,0.0044411547002220575,all
should,say,6,0.0044411547002220575,all
should,stop,6,0.0044411547002220575,all
should,adjust,5,0.003700962250185048,all
should,affect,5,0.003700962250185048,all
should,apply,5,0.003700962250185048,all
should,base,5,0.003700962250185048,all
should,diminish,5,0.003700962250185048,all
should,discuss,5,0.003700962250185048,all
should,guide,5,0.003700962250185048,all
should,reflect,5,0.003700962250185048,all
should,rise,5,0.003700962250185048,all
should,wait,5,0.003700962250185048,all
should,avoid,4,0.0029607698001480384,all
should,believe,4,0.0029607698001480384,all
should,contribute,4,0.0029607698001480384,all
should,cut,4,0.0029607698001480384,all
should,drive,4,0.0029607698001480384,all
should,emerge,4,0.0029607698001480384,all
should,feel,4,0.0029607698001480384,all
should,get,4,0.0029607698001480384,all
should,improve,4,0.0029607698001480384,all
should,include,4,0.0029607698001480384,all
should,increase,4,0.0029607698001480384,all
should,indicate,4,0.0029607698001480384,all
should,keep,4,0.0029607698001480384,all
should,lead,4,0.0029607698001480384,all
should,play,4,0.0029607698001480384,all
should,put,4,0.0029607698001480384,all
should,react,4,0.0029607698001480384,all
should,return,4,0.0029607698001480384,all
should,serve,4,0.0029607698001480384,all
should,wane,4,0.0029607698001480384,all
should,add,3,0.0022205773501110288,all
should,allow,3,0.0022205773501110288,all
should,anticipate,3,0.0022205773501110288,all
should,become,3,0.0022205773501110288,all
should,clarify,3,0.0022205773501110288,all
should,define,3,0.0022205773501110288,all
should,determine,3,0.0022205773501110288,all
should,expand,3,0.0022205773501110288,all
should,fail,3,0.0022205773501110288,all
should,give,3,0.0022205773501110288,all
should,guard,3,0.0022205773501110288,all
should,hold,3,0.0022205773501110288,all
should,ignore,3,0.0022205773501110288,all
should,incoming,3,0.0022205773501110288,all
should,incorporate,3,0.0022205773501110288,all
should,inform,3,0.0022205773501110288,all
should,materialize,3,0.0022205773501110288,all
should,matter,3,0.0022205773501110288,all
should,mention,3,0.0022205773501110288,all
should,prepare,3,0.0022205773501110288,all
should,resume,3,0.0022205773501110288,all
should,reverse,3,0.0022205773501110288,all
should,slow,3,0.0022205773501110288,all
should,stress,3,0.0022205773501110288,all
should,surprise,3,0.0022205773501110288,all
should,try,3,0.0022205773501110288,all
should,update,3,0.0022205773501110288,all
should,want,3,0.0022205773501110288,all
should,warrant,3,0.0022205773501110288,all
should,watch,3,0.0022205773501110288,all
should,abate,2,0.0014803849000740192,all
should,act,2,0.0014803849000740192,all
should,address,2,0.0014803849000740192,all
should,adverse,2,0.0014803849000740192,all
should,arise,2,0.0014803849000740192,all
should,ask,2,0.0014803849000740192,all
should,assess,2,0.0014803849000740192,all
should,attenuate,2,0.0014803849000740192,all
should,await,2,0.0014803849000740192,all
should,bear,2,0.0014803849000740192,all
should,commit,2,0.0014803849000740192,all
should,concern,2,0.0014803849000740192,all
should,conduct,2,0.0014803849000740192,all
should,confuse,2,0.0014803849000740192,all
should,convey,2,0.0014803849000740192,all
should,create,2,0.0014803849000740192,all
should,decide,2,0.0014803849000740192,all
should,defer,2,0.0014803849000740192,all
should,deteriorate,2,0.0014803849000740192,all
should,discount,2,0.0014803849000740192,all
should,dissipate,2,0.0014803849000740192,all
should,encompass,2,0.0014803849000740192,all
should,extend,2,0.0014803849000740192,all
should,fall,2,0.0014803849000740192,all
should,follow,2,0.0014803849000740192,all
should,fund,2,0.0014803849000740192,all
should,hike,2,0.0014803849000740192,all
should,identify,2,0.0014803849000740192,all
should,limit,2,0.0014803849000740192,all
should,lose,2,0.0014803849000740192,all
should,lower,2,0.0014803849000740192,all
should,measure,2,0.0014803849000740192,all
should,normalize,2,0.0014803849000740192,all
should,overblow,2,0.0014803849000740192,all
should,overemphasize,2,0.0014803849000740192,all
should,own,2,0.0014803849000740192,all
should,perform,2,0.0014803849000740192,all
should,pick,2,0.0014803849000740192,all
should,remove,2,0.0014803849000740192,all
should,replace,2,0.0014803849000740192,all
should,represent,2,0.0014803849000740192,all
should,risk,2,0.0014803849000740192,all
should,rule,2,0.0014803849000740192,all
should,talk,2,0.0014803849000740192,all
should,tell,2,0.0014803849000740192,all
should,weaken,2,0.0014803849000740192,all
should,weigh,2,0.0014803849000740192,all
should,welcome,2,0.0014803849000740192,all
should,work,2,0.0014803849000740192,all
should,about,1,0.0007401924500370096,all
should,adapt,1,0.0007401924500370096,all
should,amend,1,0.0007401924500370096,all
should,animate,1,0.0007401924500370096,all
should,appear,1,0.0007401924500370096,all
should,attach,1,0.0007401924500370096,all
should,attempt,1,0.0007401924500370096,all
should,augment,1,0.0007401924500370096,all
should,balance,1,0.0007401924500370096,all
should,beware,1,0.0007401924500370096,all
should,boom,1,0.0007401924500370096,all
should,boost,1,0.0007401924500370096,all
should,brace,1,0.0007401924500370096,all
should,bring,1,0.0007401924500370096,all
should,build,1,0.0007401924500370096,all
should,burst,1,0.0007401924500370096,all
should,call,1,0.0007401924500370096,all
should,coexist,1,0.0007401924500370096,all
should,commence,1,0.0007401924500370096,all
should,complement,1,0.0007401924500370096,all
should,complete,1,0.0007401924500370096,all
should,conclude,1,0.0007401924500370096,all
should,consist,1,0.0007401924500370096,all
should,contemplate,1,0.0007401924500370096,all
should,coordinate,1,0.0007401924500370096,all
should,count,1,0.0007401924500370096,all
should,crisis,1,0.0007401924500370096,all
should,deem,1,0.0007401924500370096,all
should,default,1,0.0007401924500370096,all
should,defend,1,0.0007401924500370096,all
should,delay,1,0.0007401924500370096,all
should,deploy,1,0.0007401924500370096,all
should,design,1,0.0007401924500370096,all
should,deter,1,0.0007401924500370096,all
should,develop,1,0.0007401924500370096,all
should,discourage,1,0.0007401924500370096,all
should,dismiss,1,0.0007401924500370096,all
should,distinguish,1,0.0007401924500370096,all
should,drift,1,0.0007401924500370096,all
should,ease,1,0.0007401924500370096,all
should,elevate,1,0.0007401924500370096,all
should,emulate,1,0.0007401924500370096,all
should,enable,1,0.0007401924500370096,all
should,end,1,0.0007401924500370096,all
should,engage,1,0.0007401924500370096,all
should,ensure,1,0.0007401924500370096,all
should,enter,1,0.0007401924500370096,all
should,establish,1,0.0007401924500370096,all
should,evaluate,1,0.0007401924500370096,all
should,evolve,1,0.0007401924500370096,all
should,exclude,1,0.0007401924500370096,all
should,experience,1,0.0007401924500370096,all
should,explain,1,0.0007401924500370096,all
should,explore,1,0.0007401924500370096,all
should,face,1,0.0007401924500370096,all
should,fade,1,0.0007401924500370096,all
should,falter,1,0.0007401924500370096,all
should,find,1,0.0007401924500370096,all
should,formulate,1,0.0007401924500370096,all
should,ground,1,0.0007401924500370096,all
should,grow,1,0.0007401924500370096,all
should,handle,1,0.0007401924500370096,all
should,hit,1,0.0007401924500370096,all
should,household,1,0.0007401924500370096,all
should,implement,1,0.0007401924500370096,all
should,imply,1,0.0007401924500370096,all
should,inclined,1,0.0007401924500370096,all
should,infer,1,0.0007401924500370096,all
should,influence,1,0.0007401924500370096,all
should,invest,1,0.0007401924500370096,all
should,investor,1,0.0007401924500370096,all
should,involve,1,0.0007401924500370096,all
should,judge,1,0.0007401924500370096,all
should,lean,1,0.0007401924500370096,all
should,leave,1,0.0007401924500370096,all
should,let,1,0.0007401924500370096,all
should,manage,1,0.0007401924500370096,all
should,market,1,0.0007401924500370096,all
should,minimize,1,0.0007401924500370096,all
should,narrow,1,0.0007401924500370096,all
should,navigate,1,0.0007401924500370096,all
should,need,1,0.0007401924500370096,all
should,nominate,1,0.0007401924500370096,all
should,offset,1,0.0007401924500370096,all
should,overinterprete,1,0.0007401924500370096,all
should,overreact,1,0.0007401924500370096,all
should,overshadow,1,0.0007401924500370096,all
should,pass,1,0.0007401924500370096,all
should,peak,1,0.0007401924500370096,all
should,phase,1,0.0007401924500370096,all
should,point,1,0.0007401924500370096,all
should,prepared,1,0.0007401924500370096,all
should,preserve,1,0.0007401924500370096,all
should,pressure,1,0.0007401924500370096,all
should,prevent,1,0.0007401924500370096,all
should,proceed,1,0.0007401924500370096,all
should,propose,1,0.0007401924500370096,all
should,prove,1,0.0007401924500370096,all
should,pull,1,0.0007401924500370096,all
should,pursue,1,0.0007401924500370096,all
should,push,1,0.0007401924500370096,all
should,realize,1,0.0007401924500370096,all
should,reassess,1,0.0007401924500370096,all
should,receive,1,0.0007401924500370096,all
should,recognize,1,0.0007401924500370096,all
should,recommend,1,0.0007401924500370096,all
should,reemerge,1,0.0007401924500370096,all
should,reexamine,1,0.0007401924500370096,all
should,reinforce,1,0.0007401924500370096,all
should,reiterate,1,0.0007401924500370096,all
should,relay,1,0.0007401924500370096,all
should,rely,1,0.0007401924500370096,all
should,remember,1,0.0007401924500370096,all
should,reopen,1,0.0007401924500370096,all
should,repeat,1,0.0007401924500370096,all
should,report,1,0.0007401924500370096,all
should,require,1,0.0007401924500370096,all
should,resign,1,0.0007401924500370096,all
should,result,1,0.0007401924500370096,all
should,review,1,0.0007401924500370096,all
should,run,1,0.0007401924500370096,all
should,seek,1,0.0007401924500370096,all
should,send,1,0.0007401924500370096,all
should,set,1,0.0007401924500370096,all
should,shift,1,0.0007401924500370096,all
should,single,1,0.0007401924500370096,all
should,solicit,1,0.0007401924500370096,all
should,speed,1,0.0007401924500370096,all
should,spend,1,0.0007401924500370096,all
should,stabilize,1,0.0007401924500370096,all
should,stand,1,0.0007401924500370096,all
should,state,1,0.0007401924500370096,all
should,stay,1,0.0007401924500370096,all
should,stem,1,0.0007401924500370096,all
should,stick,1,0.0007401924500370096,all
should,streamline,1,0.0007401924500370096,all
should,strengthen,1,0.0007401924500370096,all
should,strive,1,0.0007401924500370096,all
should,structure,1,0.0007401924500370096,all
should,subside,1,0.0007401924500370096,all
should,tailor,1,0.0007401924500370096,all
should,target,1,0.0007401924500370096,all
should,turn,1,0.0007401924500370096,all
should,underestimate,1,0.0007401924500370096,all
should,undue,1,0.0007401924500370096,all
should,unwind,1,0.0007401924500370096,all
should,upset,1,0.0007401924500370096,all
should,value,1,0.0007401924500370096,all
should,walk,1,0.0007401924500370096,all
should,wash,1,0.0007401924500370096,all
should,wear,1,0.0007401924500370096,all
should,well,1,0.0007401924500370096,all
should,wonder,1,0.0007401924500370096,all
will,be,1229,0.16260915586133898,all
will,continue,608,0.0804445620534533,all
will,take,445,0.05887801005557026,all
will,have,269,0.035591426303254826,all
will,see,186,0.024609685101878803,all
will,do,177,0.023418893887271766,all
will,assess,171,0.02262503307753374,all
will,go,153,0.02024345064831966,all
will,look,153,0.02024345064831966,all
will,depend,151,0.019978830378406986,all
will,say,137,0.01812648848901826,all
will,move,115,0.01521566551997883,all
will,monitor,99,0.013098703360677429,all
will,come,98,0.01296639322572109,all
will,need,97,0.012834083090764753,all
will,make,95,0.012569462820852077,all
will,remain,87,0.011510981741201376,all
will,expand,79,0.010452500661550675,all
will,evolve,73,0.009658639851812648,all
will,help,72,0.00952632971685631,all
will,get,71,0.009394019581899974,all
will,discuss,65,0.008600158772161947,all
will,know,63,0.008335538502249272,all
will,warrant,63,0.008335538502249272,all
will,happen,61,0.008070918232336598,all
will,keep,60,0.00793860809738026,all
will,use,60,0.00793860809738026,all
will,watch,56,0.0074093675575549085,all
will,adjust,44,0.005821645938078857,all
will,begin,42,0.005557025668166181,all
will,tell,42,0.005557025668166181,all
will,turn,38,0.005027785128340831,all
will,provide,35,0.004630854723471818,all
will,start,35,0.004630854723471818,all
will,strengthen,35,0.004630854723471818,all
will,aim,34,0.00449854458851548,all
will,become,34,0.00449854458851548,all
will,add,31,0.004101614183646467,all
will,rise,31,0.004101614183646467,all
will,achieve,30,0.00396930404869013,all
will,act,29,0.003836993913733792,all
will,give,29,0.003836993913733792,all
will,increase,29,0.003836993913733792,all
will,require,29,0.003836993913733792,all
will,change,28,0.0037046837787774543,all
will,focus,27,0.003572373643821117,all
will,leave,27,0.003572373643821117,all
will,return,26,0.003440063508864779,all
will,try,26,0.003440063508864779,all
will,support,25,0.003307753373908441,all
will,think,23,0.003043133103995766,all
will,affect,22,0.0029108229690394285,all
will,reduce,22,0.0029108229690394285,all
will,work,22,0.0029108229690394285,all
will,benefit,21,0.0027785128340830907,all
will,consider,21,0.0027785128340830907,all
will,hold,21,0.0027785128340830907,all
will,show,21,0.0027785128340830907,all
will,ask,20,0.0026462026991267533,all
will,foster,20,0.0026462026991267533,all
will,put,20,0.0026462026991267533,all
will,weigh,20,0.0026462026991267533,all
will,consult,19,0.0025138925641704155,all
will,grow,19,0.0025138925641704155,all
will,find,18,0.0023815824292140776,all
will,ensure,17,0.00224927229425774,all
will,want,17,0.00224927229425774,all
will,will,17,0.00224927229425774,all
will,address,16,0.0021169621593014024,all
will,bring,16,0.0021169621593014024,all
will,include,16,0.0021169621593014024,all
will,inform,16,0.0021169621593014024,all
will,review,16,0.0021169621593014024,all
will,allow,15,0.001984652024345065,all
will,respond,15,0.001984652024345065,all
will,run,15,0.001984652024345065,all
will,conclude,14,0.0018523418893887271,all
will,determine,14,0.0018523418893887271,all
will,explain,14,0.0018523418893887271,all
will,feel,14,0.0018523418893887271,all
will,raise,14,0.0018523418893887271,all
will,slow,14,0.0018523418893887271,all
will,stay,14,0.0018523418893887271,all
will,decline,13,0.0017200317544323895,all
will,expect,13,0.0017200317544323895,all
will,hesitate,13,0.0017200317544323895,all
will,learn,13,0.0017200317544323895,all
will,pay,13,0.0017200317544323895,all
will,play,13,0.0017200317544323895,all
will,reflect,13,0.0017200317544323895,all
will,fall,12,0.0015877216194760519,all
will,lead,12,0.0015877216194760519,all
will,reach,12,0.0015877216194760519,all
will,sustain,12,0.0015877216194760519,all
will,tend,12,0.0015877216194760519,all
will,follow,11,0.0014554114845197143,all
will,matter,11,0.0014554114845197143,all
will,pick,11,0.0014554114845197143,all
will,prove,11,0.0014554114845197143,all
will,explore,10,0.0013231013495633766,all
will,face,10,0.0013231013495633766,all
will,improve,10,0.0013231013495633766,all
will,react,10,0.0013231013495633766,all
will,talk,10,0.0013231013495633766,all
will,we,10,0.0013231013495633766,all
will,cause,9,0.0011907912146070388,all
will,describe,9,0.0011907912146070388,all
will,end,9,0.0011907912146070388,all
will,evaluate,9,0.0011907912146070388,all
will,hear,9,0.0011907912146070388,all
will,lower,9,0.0011907912146070388,all
will,persist,9,0.0011907912146070388,all
will,reinvest,9,0.0011907912146070388,all
will,result,9,0.0011907912146070388,all
will,set,9,0.0011907912146070388,all
will,drive,8,0.0010584810796507012,all
will,mean,8,0.0010584810796507012,all
will,meet,8,0.0010584810796507012,all
will,occur,8,0.0010584810796507012,all
will,offer,8,0.0010584810796507012,all
will,pass,8,0.0010584810796507012,all
will,repeat,8,0.0010584810796507012,all
will,serve,8,0.0010584810796507012,all
will,taper,8,0.0010584810796507012,all
will,base,7,0.0009261709446943636,all
will,boost,7,0.0009261709446943636,all
will,close,7,0.0009261709446943636,all
will,communicate,7,0.0009261709446943636,all
will,guide,7,0.0009261709446943636,all
will,mention,7,0.0009261709446943636,all
will,note,7,0.0009261709446943636,all
will,publish,7,0.0009261709446943636,all
will,purchase,7,0.0009261709446943636,all
will,release,7,0.0009261709446943636,all
will,repay,7,0.0009261709446943636,all
will,spend,7,0.0009261709446943636,all
will,stabilize,7,0.0009261709446943636,all
will,stop,7,0.0009261709446943636,all
will,adapt,6,0.0007938608097380259,all
will,believe,6,0.0007938608097380259,all
will,conduct,6,0.0007938608097380259,all
will,cover,6,0.0007938608097380259,all
will,decide,6,0.0007938608097380259,all
will,fade,6,0.0007938608097380259,all
will,judge,6,0.0007938608097380259,all
will,maintain,6,0.0007938608097380259,all
will,miss,6,0.0007938608097380259,all
will,proceed,6,0.0007938608097380259,all
will,produce,6,0.0007938608097380259,all
will,promote,6,0.0007938608097380259,all
will,push,6,0.0007938608097380259,all
will,reinveste,6,0.0007938608097380259,all
will,settle,6,0.0007938608097380259,all
will,shrink,6,0.0007938608097380259,all
will,signal,6,0.0007938608097380259,all
will,strive,6,0.0007938608097380259,all
will,unfold,6,0.0007938608097380259,all
will,update,6,0.0007938608097380259,all
will,abate,5,0.0006615506747816883,all
will,answer,5,0.0006615506747816883,all
will,apply,5,0.0006615506747816883,all
will,argue,5,0.0006615506747816883,all
will,call,5,0.0006615506747816883,all
will,differ,5,0.0006615506747816883,all
will,factor,5,0.0006615506747816883,all
will,highlight,5,0.0006615506747816883,all
will,incorporate,5,0.0006615506747816883,all
will,involve,5,0.0006615506747816883,all
will,last,5,0.0006615506747816883,all
will,limit,5,0.0006615506747816883,all
will,notice,5,0.0006615506747816883,all
will,offset,5,0.0006615506747816883,all
will,present,5,0.0006615506747816883,all
will,receive,5,0.0006615506747816883,all
will,remember,5,0.0006615506747816883,all
will,report,5,0.0006615506747816883,all
will,restore,5,0.0006615506747816883,all
will,seek,5,0.0006615506747816883,all
will,share,5,0.0006615506747816883,all
will,summarize,5,0.0006615506747816883,all
will,understand,5,0.0006615506747816883,all
will,wait,5,0.0006615506747816883,all
will,wind,5,0.0006615506747816883,all
will,write,5,0.0006615506747816883,all
will,deliver,4,0.0005292405398253506,all
will,devote,4,0.0005292405398253506,all
will,drop,4,0.0005292405398253506,all
will,enter,4,0.0005292405398253506,all
will,hope,4,0.0005292405398253506,all
will,initiate,4,0.0005292405398253506,all
will,lay,4,0.0005292405398253506,all
will,lift,4,0.0005292405398253506,all
will,likely,4,0.0005292405398253506,all
will,point,4,0.0005292405398253506,all
will,prevail,4,0.0005292405398253506,all
will,reopen,4,0.0005292405398253506,all
will,retain,4,0.0005292405398253506,all
will,revise,4,0.0005292405398253506,all
will,revisit,4,0.0005292405398253506,all
will,roll,4,0.0005292405398253506,all
will,speak,4,0.0005292405398253506,all
will,stand,4,0.0005292405398253506,all
will,translate,4,0.0005292405398253506,all
will,announce,3,0.00039693040486901297,all
will,avoid,3,0.00039693040486901297,all
will,balance,3,0.00039693040486901297,all
will,bear,3,0.00039693040486901297,all
will,behave,3,0.00039693040486901297,all
will,bounce,3,0.00039693040486901297,all
will,build,3,0.00039693040486901297,all
will,clear,3,0.00039693040486901297,all
will,complete,3,0.00039693040486901297,all
will,contain,3,0.00039693040486901297,all
will,cut,3,0.00039693040486901297,all
will,disappear,3,0.00039693040486901297,all
will,dissipate,3,0.00039693040486901297,all
will,ease,3,0.00039693040486901297,all
will,emerge,3,0.00039693040486901297,all
will,emphasize,3,0.00039693040486901297,all
will,enable,3,0.00039693040486901297,all
will,encourage,3,0.00039693040486901297,all
will,force,3,0.00039693040486901297,all
will,hurt,3,0.00039693040486901297,all
will,implement,3,0.00039693040486901297,all
will,lose,3,0.00039693040486901297,all
will,mature,3,0.00039693040486901297,all
will,moderate,3,0.00039693040486901297,all
will,notify,3,0.00039693040486901297,all
will,recall,3,0.00039693040486901297,all
will,reconsider,3,0.00039693040486901297,all
will,restrain,3,0.00039693040486901297,all
will,reverse,3,0.00039693040486901297,all
will,spread,3,0.00039693040486901297,all
will,struggle,3,0.00039693040486901297,all
will,succeed,3,0.00039693040486901297,all
will,supply,3,0.00039693040486901297,all
will,tighten,3,0.00039693040486901297,all
will,trade,3,0.00039693040486901297,all
will,visit,3,0.00039693040486901297,all
will,wane,3,0.00039693040486901297,all
will,we're,3,0.00039693040486901297,all
will,wrap,3,0.00039693040486901297,all
will,accept,2,0.0002646202699126753,all
will,amount,2,0.0002646202699126753,all
will,appear,2,0.0002646202699126753,all
will,approach,2,0.0002646202699126753,all
will,assure,2,0.0002646202699126753,all
will,average,2,0.0002646202699126753,all
will,break,2,0.0002646202699126753,all
will,cap,2,0.0002646202699126753,all
will,carry,2,0.0002646202699126753,all
will,cease,2,0.0002646202699126753,all
will,commence,2,0.0002646202699126753,all
will,consist,2,0.0002646202699126753,all
will,contribute,2,0.0002646202699126753,all
will,deal,2,0.0002646202699126753,all
will,define,2,0.0002646202699126753,all
will,demand,2,0.0002646202699126753,all
will,design,2,0.0002646202699126753,all
will,develop,2,0.0002646202699126753,all
will,deviate,2,0.0002646202699126753,all
will,diminish,2,0.0002646202699126753,all
will,dip,2,0.0002646202699126753,all
will,double,2,0.0002646202699126753,all
will,eliminate,2,0.0002646202699126753,all
will,entail,2,0.0002646202699126753,all
will,examine,2,0.0002646202699126753,all
will,exert,2,0.0002646202699126753,all
will,experience,2,0.0002646202699126753,all
will,facilitate,2,0.0002646202699126753,all
will,hike,2,0.0002646202699126753,all
will,hinge,2,0.0002646202699126753,all
will,hire,2,0.0002646202699126753,all
will,hit,2,0.0002646202699126753,all
will,imagine,2,0.0002646202699126753,all
will,intend,2,0.0002646202699126753,all
will,invest,2,0.0002646202699126753,all
will,issue,2,0.0002646202699126753,all
will,manage,2,0.0002646202699126753,all
will,mark,2,0.0002646202699126753,all
will,observe,2,0.0002646202699126753,all
will,perform,2,0.0002646202699126753,all
will,persuade,2,0.0002646202699126753,all
will,phase,2,0.0002646202699126753,all
will,place,2,0.0002646202699126753,all
will,possibility,2,0.0002646202699126753,all
will,pull,2,0.0002646202699126753,all
will,read,2,0.0002646202699126753,all
will,realize,2,0.0002646202699126753,all
will,recover,2,0.0002646202699126753,all
will,refer,2,0.0002646202699126753,all
will,resolve,2,0.0002646202699126753,all
will,reveal,2,0.0002646202699126753,all
will,sort,2,0.0002646202699126753,all
will,spur,2,0.0002646202699126753,all
will,stick,2,0.0002646202699126753,all
will,suffer,2,0.0002646202699126753,all
will,tariff,2,0.0002646202699126753,all
will,that,2,0.0002646202699126753,all
will,tie,2,0.0002646202699126753,all
will,touch,2,0.0002646202699126753,all
will,track,2,0.0002646202699126753,all
will,vote,2,0.0002646202699126753,all
will,worry,2,0.0002646202699126753,all
will,account,1,0.00013231013495633765,all
will,admit,1,0.00013231013495633765,all
will,advance,1,0.00013231013495633765,all
will,advocate,1,0.00013231013495633765,all
will,alleviate,1,0.00013231013495633765,all
will,analyze,1,0.00013231013495633765,all
will,approve,1,0.00013231013495633765,all
will,arise,1,0.00013231013495633765,all
will,assume,1,0.00013231013495633765,all
will,at,1,0.00013231013495633765,all
will,attenuate,1,0.00013231013495633765,all
will,balloon,1,0.00013231013495633765,all
will,batter,1,0.00013231013495633765,all
will,bet,1,0.00013231013495633765,all
will,block,1,0.00013231013495633765,all
will,brief,1,0.00013231013495633765,all
will,buffet,1,0.00013231013495633765,all
will,buy,1,0.00013231013495633765,all
will,challenge,1,0.00013231013495633765,all
will,chance,1,0.00013231013495633765,all
will,characterize,1,0.00013231013495633765,all
will,check,1,0.00013231013495633765,all
will,clarify,1,0.00013231013495633765,all
will,comment,1,0.00013231013495633765,all
will,commit,1,0.00013231013495633765,all
will,confirm,1,0.00013231013495633765,all
will,constrain,1,0.00013231013495633765,all
will,contrast,1,0.00013231013495633765,all
will,cool,1,0.00013231013495633765,all
will,cooperate,1,0.00013231013495633765,all
will,correct,1,0.00013231013495633765,all
will,count,1,0.00013231013495633765,all
will,create,1,0.00013231013495633765,all
will,creep,1,0.00013231013495633765,all
will,de,1,0.00013231013495633765,all
will,decrease,1,0.00013231013495633765,all
will,delve,1,0.00013231013495633765,all
will,depart,1,0.00013231013495633765,all
will,deplete,1,0.00013231013495633765,all
will,deter,1,0.00013231013495633765,all
will,deteriorate,1,0.00013231013495633765,all
will,dictate,1,0.00013231013495633765,all
will,direct,1,0.00013231013495633765,all
will,disclose,1,0.00013231013495633765,all
will,discover,1,0.00013231013495633765,all
will,dive,1,0.00013231013495633765,all
will,divide,1,0.00013231013495633765,all
will,draw,1,0.00013231013495633765,all
will,dwindle,1,0.00013231013495633765,all
will,eat,1,0.00013231013495633765,all
will,elect,1,0.00013231013495633765,all
will,empower,1,0.00013231013495633765,all
will,endure,1,0.00013231013495633765,all
will,enforce,1,0.00013231013495633765,all
will,enhance,1,0.00013231013495633765,all
will,enough,1,0.00013231013495633765,all
will,equal,1,0.00013231013495633765,all
will,exact,1,0.00013231013495633765,all
will,exceed,1,0.00013231013495633765,all
will,expire,1,0.00013231013495633765,all
will,extend,1,0.00013231013495633765,all
will,fail,1,0.00013231013495633765,all
will,fallout,1,0.00013231013495633765,all
will,file,1,0.00013231013495633765,all
will,finalize,1,0.00013231013495633765,all
will,finish,1,0.00013231013495633765,all
will,fix,1,0.00013231013495633765,all
will,flatten,1,0.00013231013495633765,all
will,fluctuate,1,0.00013231013495633765,all
will,fly,1,0.00013231013495633765,all
will,foreshadow,1,0.00013231013495633765,all
will,forward,1,0.00013231013495633765,all
will,freeze,1,0.00013231013495633765,all
will,fulfil,1,0.00013231013495633765,all
will,further,1,0.00013231013495633765,all
will,gain,1,0.00013231013495633765,all
will,gather,1,0.00013231013495633765,all
will,gear,1,0.00013231013495633765,all
will,grapple,1,0.00013231013495633765,all
will,hand,1,0.00013231013495633765,all
will,handle,1,0.00013231013495633765,all
will,heal,1,0.00013231013495633765,all
will,hopeful,1,0.00013231013495633765,all
will,host,1,0.00013231013495633765,all
will,identify,1,0.00013231013495633765,all
will,ignore,1,0.00013231013495633765,all
will,impact,1,0.00013231013495633765,all
will,impede,1,0.00013231013495633765,all
will,imply,1,0.00013231013495633765,all
will,impose,1,0.00013231013495633765,all
will,in,1,0.00013231013495633765,all
will,indicate,1,0.00013231013495633765,all
will,influence,1,0.00013231013495633765,all
will,inherit,1,0.00013231013495633765,all
will,insight,1,0.00013231013495633765,all
will,insulate,1,0.00013231013495633765,all
will,interfere,1,0.00013231013495633765,all
will,introduce,1,0.00013231013495633765,all
will,join,1,0.00013231013495633765,all
will,justify,1,0.00013231013495633765,all
will,kick,1,0.00013231013495633765,all
will,kind,1,0.00013231013495633765,all
will,lessen,1,0.00013231013495633765,all
will,list,1,0.00013231013495633765,all
will,live,1,0.00013231013495633765,all
will,materialize,1,0.00013231013495633765,all
will,measure,1,0.00013231013495633765,all
will,minimize,1,0.00013231013495633765,all
will,modification,1,0.00013231013495633765,all
will,name,1,0.00013231013495633765,all
will,necessitate,1,0.00013231013495633765,all
will,nominate,1,0.00013231013495633765,all
will,normalize,1,0.00013231013495633765,all
will,operate,1,0.00013231013495633765,all
will,outline,1,0.00013231013495633765,all
will,over,1,0.00013231013495633765,all
will,overreact,1,0.00013231013495633765,all
will,participation,1,0.00013231013495633765,all
will,peak,1,0.00013231013495633765,all
will,permit,1,0.00013231013495633765,all
will,position,1,0.00013231013495633765,all
will,post,1,0.00013231013495633765,all
will,preannounce,1,0.00013231013495633765,all
will,predict,1,0.00013231013495633765,all
will,preserve,1,0.00013231013495633765,all
will,price,1,0.00013231013495633765,all
will,progress,1,0.00013231013495633765,all
will,prolong,1,0.00013231013495633765,all
will,propose,1,0.00013231013495633765,all
will,pursue,1,0.00013231013495633765,all
will,question,1,0.00013231013495633765,all
will,rank,1,0.00013231013495633765,all
will,ratify,1,0.00013231013495633765,all
will,recede,1,0.00013231013495633765,all
will,recognize,1,0.00013231013495633765,all
will,regain,1,0.00013231013495633765,all
will,regard,1,0.00013231013495633765,all
will,regret,1,0.00013231013495633765,all
will,rely,1,0.00013231013495633765,all
will,remind,1,0.00013231013495633765,all
will,remove,1,0.00013231013495633765,all
will,render,1,0.00013231013495633765,all
will,resemble,1,0.00013231013495633765,all
will,respect,1,0.00013231013495633765,all
will,resume,1,0.00013231013495633765,all
will,retire,1,0.00013231013495633765,all
will,reverberate,1,0.00013231013495633765,all
will,revert,1,0.00013231013495633765,all
will,reward,1,0.00013231013495633765,all
will,root,1,0.00013231013495633765,all
will,rule,1,0.00013231013495633765,all
will,scale,1,0.00013231013495633765,all
will,scar,1,0.00013231013495633765,all
will,second,1,0.00013231013495633765,all
will,send,1,0.00013231013495633765,all
will,separate,1,0.00013231013495633765,all
will,shake,1,0.00013231013495633765,all
will,sharpen,1,0.00013231013495633765,all
will,shift,1,0.00013231013495633765,all
will,shocked,1,0.00013231013495633765,all
will,shut,1,0.00013231013495633765,all
will,sidestep,1,0.00013231013495633765,all
will,slip,1,0.00013231013495633765,all
will,so,1,0.00013231013495633765,all
will,solve,1,0.00013231013495633765,all
will,something,1,0.00013231013495633765,all
will,soon,1,0.00013231013495633765,all
will,speculate,1,0.00013231013495633765,all
will,spill,1,0.00013231013495633765,all
will,squander,1,0.00013231013495633765,all
will,step,1,0.00013231013495633765,all
will,stimulate,1,0.00013231013495633765,all
will,stress,1,0.00013231013495633765,all
will,subside,1,0.00013231013495633765,all
will,sum,1,0.00013231013495633765,all
will,supervise,1,0.00013231013495633765,all
will,sure,1,0.00013231013495633765,all
will,tackle,1,0.00013231013495633765,all
will,target,1,0.00013231013495633765,all
will,thrive,1,0.00013231013495633765,all
will,throw,1,0.00013231013495633765,all
will,transmit,1,0.00013231013495633765,all
will,undercut,1,0.00013231013495633765,all
will,undergo,1,0.00013231013495633765,all
will,undertake,1,0.00013231013495633765,all
will,uphold,1,0.00013231013495633765,all
will,usher,1,0.00013231013495633765,all
will,utter,1,0.00013231013495633765,all
will,vary,1,0.00013231013495633765,all
will,walk,1,0.00013231013495633765,all
will,weaken,1,0.00013231013495633765,all
will,wear,1,0.00013231013495633765,all
will,wrestle,1,0.00013231013495633765,all
will,yield,1,0.00013231013495633765,all
would,be,1785,0.2184287812041116,all
would,say,694,0.08492413117963779,all
would,continue,278,0.03401860009789525,all
would,like,235,0.02875673029858052,all
would,take,214,0.026186979931473325,all
would,expect,164,0.020068526676456193,all
would,have,162,0.019823788546255508,all
would,need,144,0.01762114537444934,all
would,depend,140,0.017131669114047968,all
would,remain,130,0.015907978463044543,all
would,want,121,0.014806656877141458,all
would,hold,116,0.014194811551639746,all
would,look,112,0.013705335291238374,all
would,help,109,0.013338228095937347,all
would,move,87,0.010646108663729809,all
would,expand,86,0.010523739598629466,all
would,increase,66,0.008076358296622614,all
would,make,66,0.008076358296622614,all
would,do,65,0.007953989231522272,all
would,think,65,0.007953989231522272,all
would,point,64,0.00783162016642193,all
would,rise,62,0.0075868820362212435,all
would,warrant,57,0.0069750367107195305,all
would,assess,56,0.006852667645619187,all
would,consider,55,0.006730298580518845,all
would,see,54,0.006607929515418502,all
would,provide,53,0.00648556045031816,all
would,require,50,0.006118453255017132,all
would,result,48,0.005873715124816446,all
would,allow,47,0.005751346059716104,all
would,support,47,0.005751346059716104,all
would,affect,45,0.005506607929515419,all
would,put,44,0.0053842388644150755,all
would,start,36,0.004405286343612335,all
would,reduce,34,0.0041605482134116495,all
would,weigh,34,0.0041605482134116495,all
would,add,33,0.004038179148311307,all
would,lead,33,0.004038179148311307,all
would,call,32,0.003915810083210965,all
would,slow,32,0.003915810083210965,all
would,tend,32,0.003915810083210965,all
would,characterize,31,0.0037934410181106218,all
would,strengthen,31,0.0037934410181106218,all
would,suggest,31,0.0037934410181106218,all
would,begin,30,0.003671071953010279,all
would,go,30,0.003671071953010279,all
would,return,30,0.003671071953010279,all
would,agree,27,0.003303964757709251,all
would,mean,27,0.003303964757709251,all
would,raise,27,0.003303964757709251,all
would,use,27,0.003303964757709251,all
would,evolve,25,0.003059226627508566,all
would,work,25,0.003059226627508566,all
would,give,24,0.002936857562408223,all
would,cause,23,0.0028144884973078806,all
would,change,23,0.0028144884973078806,all
would,love,23,0.0028144884973078806,all
would,occur,23,0.0028144884973078806,all
would,prefer,23,0.0028144884973078806,all
would,become,21,0.0025697503671071953,all
would,get,21,0.0025697503671071953,all
would,happen,21,0.0025697503671071953,all
would,monitor,21,0.0025697503671071953,all
would,respond,21,0.0025697503671071953,all
would,decline,20,0.0024473813020068525,all
would,include,20,0.0024473813020068525,all
would,bring,19,0.00232501223690651,all
would,concern,19,0.00232501223690651,all
would,diminish,19,0.00232501223690651,all
would,run,19,0.00232501223690651,all
would,stabilize,19,0.00232501223690651,all
would,reach,18,0.0022026431718061676,all
would,come,17,0.0020802741067058247,all
would,follow,17,0.0020802741067058247,all
would,imply,17,0.0020802741067058247,all
would,keep,17,0.0020802741067058247,all
would,show,17,0.0020802741067058247,all
would,describe,16,0.0019579050416054823,all
would,fall,16,0.0019579050416054823,all
would,end,15,0.0018355359765051395,all
would,leave,15,0.0018355359765051395,all
would,maintain,15,0.0018355359765051395,all
would,feel,14,0.0017131669114047968,all
would,prove,14,0.0017131669114047968,all
would,benefit,13,0.0015907978463044542,all
would,note,13,0.0015907978463044542,all
would,hope,12,0.0014684287812041115,all
would,indicate,12,0.0014684287812041115,all
would,influence,12,0.0014684287812041115,all
would,know,12,0.0014684287812041115,all
would,weaken,12,0.0014684287812041115,all
would,aim,11,0.0013460597161037689,all
would,announce,11,0.0013460597161037689,all
would,conduct,11,0.0013460597161037689,all
would,contribute,11,0.0013460597161037689,all
would,ease,11,0.0013460597161037689,all
would,pose,11,0.0013460597161037689,all
would,risk,11,0.0013460597161037689,all
would,tell,11,0.0013460597161037689,all
would,welcome,11,0.0013460597161037689,all
would,communicate,10,0.0012236906510034262,all
would,create,10,0.0012236906510034262,all
would,determine,10,0.0012236906510034262,all
would,impede,10,0.0012236906510034262,all
would,inform,10,0.0012236906510034262,all
would,judge,10,0.0012236906510034262,all
would,meet,10,0.0012236906510034262,all
would,persist,10,0.0012236906510034262,all
would,reflect,10,0.0012236906510034262,all
would,signal,10,0.0012236906510034262,all
would,ask,9,0.0011013215859030838,all
would,convey,9,0.0011013215859030838,all
would,pass,9,0.0011013215859030838,all
would,prepare,9,0.0011013215859030838,all
would,react,9,0.0011013215859030838,all
would,reinveste,9,0.0011013215859030838,all
would,seem,9,0.0011013215859030838,all
would,shift,9,0.0011013215859030838,all
would,wait,9,0.0011013215859030838,all
would,act,8,0.0009789525208027412,all
would,associate,8,0.0009789525208027412,all
would,boost,8,0.0009789525208027412,all
would,comment,8,0.0009789525208027412,all
would,constitute,8,0.0009789525208027412,all
would,cut,8,0.0009789525208027412,all
would,exceed,8,0.0009789525208027412,all
would,implement,8,0.0009789525208027412,all
would,limit,8,0.0009789525208027412,all
would,manifest,8,0.0009789525208027412,all
would,matter,8,0.0009789525208027412,all
would,offset,8,0.0009789525208027412,all
would,prevail,8,0.0009789525208027412,all
would,set,8,0.0009789525208027412,all
would,stay,8,0.0009789525208027412,all
would,turn,8,0.0009789525208027412,all
would,anticipate,7,0.0008565834557023984,all
would,cease,7,0.0008565834557023984,all
would,edge,7,0.0008565834557023984,all
would,enable,7,0.0008565834557023984,all
would,enhance,7,0.0008565834557023984,all
would,explain,7,0.0008565834557023984,all
would,face,7,0.0008565834557023984,all
would,imagine,7,0.0008565834557023984,all
would,improve,7,0.0008565834557023984,all
would,involve,7,0.0008565834557023984,all
would,pick,7,0.0008565834557023984,all
would,play,7,0.0008565834557023984,all
would,push,7,0.0008565834557023984,all
would,release,7,0.0008565834557023984,all
would,worry,7,0.0008565834557023984,all
would,abate,6,0.0007342143906020558,all
would,achieve,6,0.0007342143906020558,all
would,address,6,0.0007342143906020558,all
would,adjust,6,0.0007342143906020558,all
would,balance,6,0.0007342143906020558,all
would,bolster,6,0.0007342143906020558,all
would,drive,6,0.0007342143906020558,all
would,enact,6,0.0007342143906020558,all
would,factor,6,0.0007342143906020558,all
would,grow,6,0.0007342143906020558,all
would,hesitate,6,0.0007342143906020558,all
would,lose,6,0.0007342143906020558,all
would,promote,6,0.0007342143906020558,all
would,seek,6,0.0007342143906020558,all
would,serve,6,0.0007342143906020558,all
would,stop,6,0.0007342143906020558,all
would,sustain,6,0.0007342143906020558,all
would,talk,6,0.0007342143906020558,all
would,trigger,6,0.0007342143906020558,all
would,view,6,0.0007342143906020558,all
would,would,6,0.0007342143906020558,all
would,avoid,5,0.0006118453255017131,all
would,base,5,0.0006118453255017131,all
would,bounce,5,0.0006118453255017131,all
would,complicate,5,0.0006118453255017131,all
would,contain,5,0.0006118453255017131,all
would,damp,5,0.0006118453255017131,all
would,emphasize,5,0.0006118453255017131,all
would,exacerbate,5,0.0006118453255017131,all
would,guess,5,0.0006118453255017131,all
would,guide,5,0.0006118453255017131,all
would,issue,5,0.0006118453255017131,all
would,lower,5,0.0006118453255017131,all
would,moderate,5,0.0006118453255017131,all
would,outpace,5,0.0006118453255017131,all
would,rebound,5,0.0006118453255017131,all
would,regard,5,0.0006118453255017131,all
would,remove,5,0.0006118453255017131,all
would,stand,5,0.0006118453255017131,all
would,stress,5,0.0006118453255017131,all
would,try,5,0.0006118453255017131,all
would,accompany,4,0.0004894762604013706,all
would,align,4,0.0004894762604013706,all
would,appear,4,0.0004894762604013706,all
would,approve,4,0.0004894762604013706,all
would,argue,4,0.0004894762604013706,all
would,close,4,0.0004894762604013706,all
would,decide,4,0.0004894762604013706,all
would,delay,4,0.0004894762604013706,all
would,disappear,4,0.0004894762604013706,all
would,discuss,4,0.0004894762604013706,all
would,draw,4,0.0004894762604013706,all
would,evaluate,4,0.0004894762604013706,all
would,extend,4,0.0004894762604013706,all
would,focus,4,0.0004894762604013706,all
would,justify,4,0.0004894762604013706,all
would,let,4,0.0004894762604013706,all
would,mention,4,0.0004894762604013706,all
would,mitigate,4,0.0004894762604013706,all
would,necessitate,4,0.0004894762604013706,all
would,prescribe,4,0.0004894762604013706,all
would,proceed,4,0.0004894762604013706,all
would,report,4,0.0004894762604013706,all
would,represent,4,0.0004894762604013706,all
would,restrain,4,0.0004894762604013706,all
would,resume,4,0.0004894762604013706,all
would,reverse,4,0.0004894762604013706,all
would,spend,4,0.0004894762604013706,all
would,spur,4,0.0004894762604013706,all
would,that,4,0.0004894762604013706,all
would,undermine,4,0.0004894762604013706,all
would,update,4,0.0004894762604013706,all
would,urge,4,0.0004894762604013706,all
would,answer,3,0.0003671071953010279,all
would,approach,3,0.0003671071953010279,all
would,arise,3,0.0003671071953010279,all
would,assume,3,0.0003671071953010279,all
would,caution,3,0.0003671071953010279,all
would,choose,3,0.0003671071953010279,all
would,compel,3,0.0003671071953010279,all
would,complete,3,0.0003671071953010279,all
would,decrease,3,0.0003671071953010279,all
would,depress,3,0.0003671071953010279,all
would,direct,3,0.0003671071953010279,all
would,disrupt,3,0.0003671071953010279,all
would,dissipate,3,0.0003671071953010279,all
would,eliminate,3,0.0003671071953010279,all
would,encourage,3,0.0003671071953010279,all
would,endorse,3,0.0003671071953010279,all
would,enter,3,0.0003671071953010279,all
would,experience,3,0.0003671071953010279,all
would,facilitate,3,0.0003671071953010279,all
would,fade,3,0.0003671071953010279,all
would,find,3,0.0003671071953010279,all
would,foster,3,0.0003671071953010279,all
would,generate,3,0.0003671071953010279,all
would,illustrate,3,0.0003671071953010279,all
would,incorporate,3,0.0003671071953010279,all
would,learn,3,0.0003671071953010279,all
would,pay,3,0.0003671071953010279,all
would,position,3,0.0003671071953010279,all
would,prepared,3,0.0003671071953010279,all
would,prompt,3,0.0003671071953010279,all
would,publish,3,0.0003671071953010279,all
would,recede,3,0.0003671071953010279,all
would,speed,3,0.0003671071953010279,all
would,threaten,3,0.0003671071953010279,all
would,tighten,3,0.0003671071953010279,all
would,tolerate,3,0.0003671071953010279,all
would,undertake,3,0.0003671071953010279,all
would,write,3,0.0003671071953010279,all
would,accept,2,0.0002447381302006853,all
would,aid,2,0.0002447381302006853,all
would,apply,2,0.0002447381302006853,all
would,attempt,2,0.0002447381302006853,all
would,attribute,2,0.0002447381302006853,all
would,bode,2,0.0002447381302006853,all
would,buy,2,0.0002447381302006853,all
would,calibrate,2,0.0002447381302006853,all
would,center,2,0.0002447381302006853,all
would,challenge,2,0.0002447381302006853,all
would,clarify,2,0.0002447381302006853,all
would,conclude,2,0.0002447381302006853,all
would,constrain,2,0.0002447381302006853,all
would,convince,2,0.0002447381302006853,all
would,declare,2,0.0002447381302006853,all
would,deploy,2,0.0002447381302006853,all
would,depreciate,2,0.0002447381302006853,all
would,dictate,2,0.0002447381302006853,all
would,differ,2,0.0002447381302006853,all
would,discontinue,2,0.0002447381302006853,all
would,drop,2,0.0002447381302006853,all
would,engage,2,0.0002447381302006853,all
would,envision,2,0.0002447381302006853,all
would,estimate,2,0.0002447381302006853,all
would,fast,2,0.0002447381302006853,all
would,favor,2,0.0002447381302006853,all
would,force,2,0.0002447381302006853,all
would,freeze,2,0.0002447381302006853,all
would,hang,2,0.0002447381302006853,all
would,hike,2,0.0002447381302006853,all
would,hit,2,0.0002447381302006853,all
would,impact,2,0.0002447381302006853,all
would,impose,2,0.0002447381302006853,all
would,initiate,2,0.0002447381302006853,all
would,last,2,0.0002447381302006853,all
would,lessen,2,0.0002447381302006853,all
would,lift,2,0.0002447381302006853,all
would,merit,2,0.0002447381302006853,all
would,otherwise,2,0.0002447381302006853,all
would,override,2,0.0002447381302006853,all
would,overshoot,2,0.0002447381302006853,all
would,parse,2,0.0002447381302006853,all
would,path,2,0.0002447381302006853,all
would,peak,2,0.0002447381302006853,all
would,perform,2,0.0002447381302006853,all
would,permit,2,0.0002447381302006853,all
would,phase,2,0.0002447381302006853,all
would,place,2,0.0002447381302006853,all
would,plan,2,0.0002447381302006853,all
would,policy,2,0.0002447381302006853,all
would,present,2,0.0002447381302006853,all
would,provoke,2,0.0002447381302006853,all
would,pull,2,0.0002447381302006853,all
would,purchase,2,0.0002447381302006853,all
would,reaccelerate,2,0.0002447381302006853,all
would,read,2,0.0002447381302006853,all
would,realize,2,0.0002447381302006853,all
would,recognize,2,0.0002447381302006853,all
would,rely,2,0.0002447381302006853,all
would,remind,2,0.0002447381302006853,all
would,repeat,2,0.0002447381302006853,all
would,review,2,0.0002447381302006853,all
would,rule,2,0.0002447381302006853,all
would,shrink,2,0.0002447381302006853,all
would,simplify,2,0.0002447381302006853,all
would,sit,2,0.0002447381302006853,all
would,smooth,2,0.0002447381302006853,all
would,soften,2,0.0002447381302006853,all
would,specify,2,0.0002447381302006853,all
would,spread,2,0.0002447381302006853,all
would,step,2,0.0002447381302006853,all
would,subdue,2,0.0002447381302006853,all
would,subside,2,0.0002447381302006853,all
would,succeed,2,0.0002447381302006853,all
would,taper,2,0.0002447381302006853,all
would,target,2,0.0002447381302006853,all
would,tilt,2,0.0002447381302006853,all
would,translate,2,0.0002447381302006853,all
would,underscore,2,0.0002447381302006853,all
would,undershoot,2,0.0002447381302006853,all
would,vary,2,0.0002447381302006853,all
would,veto,2,0.0002447381302006853,all
would,wane,2,0.0002447381302006853,all
would,watch,2,0.0002447381302006853,all
would,wind,2,0.0002447381302006853,all
would,above,1,0.00012236906510034264,all
would,accord,1,0.00012236906510034264,all
would,accrue,1,0.00012236906510034264,all
would,acknowledge,1,0.00012236906510034264,all
would,adjustment,1,0.00012236906510034264,all
would,advance,1,0.00012236906510034264,all
would,advise,1,0.00012236906510034264,all
would,advocate,1,0.00012236906510034264,all
would,afford,1,0.00012236906510034264,all
would,allocate,1,0.00012236906510034264,all
would,amplify,1,0.00012236906510034264,all
would,anchor,1,0.00012236906510034264,all
would,applaud,1,0.00012236906510034264,all
would,arrive,1,0.00012236906510034264,all
would,articulate,1,0.00012236906510034264,all
would,assert,1,0.00012236906510034264,all
would,assist,1,0.00012236906510034264,all
would,attract,1,0.00012236906510034264,all
would,authorize,1,0.00012236906510034264,all
would,average,1,0.00012236906510034264,all
would,behave,1,0.00012236906510034264,all
would,bind,1,0.00012236906510034264,all
would,blame,1,0.00012236906510034264,all
would,brief,1,0.00012236906510034264,all
would,build,1,0.00012236906510034264,all
would,care,1,0.00012236906510034264,all
would,carry,1,0.00012236906510034264,all
would,case,1,0.00012236906510034264,all
would,catch,1,0.00012236906510034264,all
would,categorize,1,0.00012236906510034264,all
would,chase,1,0.00012236906510034264,all
would,commence,1,0.00012236906510034264,all
would,compare,1,0.00012236906510034264,all
would,complement,1,0.00012236906510034264,all
would,compromise,1,0.00012236906510034264,all
would,concur,1,0.00012236906510034264,all
would,confront,1,0.00012236906510034264,all
would,consist,1,0.00012236906510034264,all
would,consistent,1,0.00012236906510034264,all
would,consult,1,0.00012236906510034264,all
would,cool,1,0.00012236906510034264,all
would,cover,1,0.00012236906510034264,all
would,cross,1,0.00012236906510034264,all
would,crowd,1,0.00012236906510034264,all
would,dedicate,1,0.00012236906510034264,all
would,define,1,0.00012236906510034264,all
would,demonstrate,1,0.00012236906510034264,all
would,derail,1,0.00012236906510034264,all
would,design,1,0.00012236906510034264,all
would,destroy,1,0.00012236906510034264,all
would,develop,1,0.00012236906510034264,all
would,die,1,0.00012236906510034264,all
would,difficult,1,0.00012236906510034264,all
would,disagree,1,0.00012236906510034264,all
would,discourage,1,0.00012236906510034264,all
would,dismiss,1,0.00012236906510034264,all
would,disqualify,1,0.00012236906510034264,all
would,distinguish,1,0.00012236906510034264,all
would,doubt,1,0.00012236906510034264,all
would,drain,1,0.00012236906510034264,all
would,dream,1,0.00012236906510034264,all
would,dress,1,0.00012236906510034264,all
would,earn,1,0.00012236906510034264,all
would,echo,1,0.00012236906510034264,all
would,elevate,1,0.00012236906510034264,all
would,encompass,1,0.00012236906510034264,all
would,endanger,1,0.00012236906510034264,all
would,endure,1,0.00012236906510034264,all
would,engulf,1,0.00012236906510034264,all
would,enlighten,1,0.00012236906510034264,all
would,ensure,1,0.00012236906510034264,all
would,entail,1,0.00012236906510034264,all
would,envy,1,0.00012236906510034264,all
would,equal,1,0.00012236906510034264,all
would,establish,1,0.00012236906510034264,all
would,exhaust,1,0.00012236906510034264,all
would,exist,1,0.00012236906510034264,all
would,extinguish,1,0.00012236906510034264,all
would,fail,1,0.00012236906510034264,all
would,feed,1,0.00012236906510034264,all
would,finish,1,0.00012236906510034264,all
would,firm,1,0.00012236906510034264,all
would,forecast,1,0.00012236906510034264,all
would,foresee,1,0.00012236906510034264,all
would,foreshadow,1,0.00012236906510034264,all
would,fuel,1,0.00012236906510034264,all
would,goal,1,0.00012236906510034264,all
would,grant,1,0.00012236906510034264,all
would,guard,1,0.00012236906510034264,all
would,halt,1,0.00012236906510034264,all
would,handle,1,0.00012236906510034264,all
would,hate,1,0.00012236906510034264,all
would,hazard,1,0.00012236906510034264,all
would,hedge,1,0.00012236906510034264,all
would,hurt,1,0.00012236906510034264,all
would,hypothetical,1,0.00012236906510034264,all
would,i,1,0.00012236906510034264,all
would,ignore,1,0.00012236906510034264,all
would,impair,1,0.00012236906510034264,all
would,import,1,0.00012236906510034264,all
would,in,1,0.00012236906510034264,all
would,inclined,1,0.00012236906510034264,all
would,induce,1,0.00012236906510034264,all
would,infer,1,0.00012236906510034264,all
would,inflict,1,0.00012236906510034264,all
would,insist,1,0.00012236906510034264,all
would,insulate,1,0.00012236906510034264,all
would,intensify,1,0.00012236906510034264,all
would,interfere,1,0.00012236906510034264,all
would,internalize,1,0.00012236906510034264,all
would,interpret,1,0.00012236906510034264,all
would,invert,1,0.00012236906510034264,all
would,jump,1,0.00012236906510034264,all
would,lag,1,0.00012236906510034264,all
would,lay,1,0.00012236906510034264,all
would,lighten,1,0.00012236906510034264,all
would,limited,1,0.00012236906510034264,all
would,list,1,0.00012236906510034264,all
would,loan,1,0.00012236906510034264,all
would,low,1,0.00012236906510034264,all
would,materialize,1,0.00012236906510034264,all
would,measure,1,0.00012236906510034264,all
would,mind,1,0.00012236906510034264,all
would,net,1,0.00012236906510034264,all
would,object,1,0.00012236906510034264,all
would,observe,1,0.00012236906510034264,all
would,obviate,1,0.00012236906510034264,all
would,of,1,0.00012236906510034264,all
would,offer,1,0.00012236906510034264,all
would,oil,1,0.00012236906510034264,all
would,open,1,0.00012236906510034264,all
would,opt,1,0.00012236906510034264,all
would,outweigh,1,0.00012236906510034264,all
would,overread,1,0.00012236906510034264,all
would,parallel,1,0.00012236906510034264,all
would,perceive,1,0.00012236906510034264,all
would,phrase,1,0.00012236906510034264,all
would,politicize,1,0.00012236906510034264,all
would,post,1,0.00012236906510034264,all
would,preclude,1,0.00012236906510034264,all
would,prejudge,1,0.00012236906510034264,all
would,preserve,1,0.00012236906510034264,all
would,prevent,1,0.00012236906510034264,all
would,price,1,0.00012236906510034264,all
would,produce,1,0.00012236906510034264,all
would,promise,1,0.00012236906510034264,all
would,pursue,1,0.00012236906510034264,all
would,qualify,1,0.00012236906510034264,all
would,quicken,1,0.00012236906510034264,all
would,rate,1,0.00012236906510034264,all
would,reading,1,0.00012236906510034264,all
would,reaffirm,1,0.00012236906510034264,all
would,receive,1,0.00012236906510034264,all
would,recommend,1,0.00012236906510034264,all
would,recover,1,0.00012236906510034264,all
would,redefine,1,0.00012236906510034264,all
would,reemerge,1,0.00012236906510034264,all
would,reevaluate,1,0.00012236906510034264,all
would,refer,1,0.00012236906510034264,all
would,reinstill,1,0.00012236906510034264,all
would,reinvest,1,0.00012236906510034264,all
would,reiterate,1,0.00012236906510034264,all
would,rent,1,0.00012236906510034264,all
would,reopen,1,0.00012236906510034264,all
would,replace,1,0.00012236906510034264,all
would,reserve,1,0.00012236906510034264,all
would,resolve,1,0.00012236906510034264,all
would,restore,1,0.00012236906510034264,all
would,restrict,1,0.00012236906510034264,all
would,retard,1,0.00012236906510034264,all
would,retire,1,0.00012236906510034264,all
would,revise,1,0.00012236906510034264,all
would,rotate,1,0.00012236906510034264,all
would,rush,1,0.00012236906510034264,all
would,score,1,0.00012236906510034264,all
would,sell,1,0.00012236906510034264,all
would,send,1,0.00012236906510034264,all
would,shape,1,0.00012236906510034264,all
would,share,1,0.00012236906510034264,all
would,shelve,1,0.00012236906510034264,all
would,shorten,1,0.00012236906510034264,all
would,signify,1,0.00012236906510034264,all
would,sing,1,0.00012236906510034264,all
would,single,1,0.00012236906510034264,all
would,sink,1,0.00012236906510034264,all
would,solve,1,0.00012236906510034264,all
would,something,1,0.00012236906510034264,all
would,sound,1,0.00012236906510034264,all
would,span,1,0.00012236906510034264,all
would,speak,1,0.00012236906510034264,all
would,speculate,1,0.00012236906510034264,all
would,stall,1,0.00012236906510034264,all
would,stem,1,0.00012236906510034264,all
would,stretch,1,0.00012236906510034264,all
would,strike,1,0.00012236906510034264,all
would,strive,1,0.00012236906510034264,all
would,strong,1,0.00012236906510034264,all
would,struggle,1,0.00012236906510034264,all
would,substantial,1,0.00012236906510034264,all
would,summarize,1,0.00012236906510034264,all
would,suppress,1,0.00012236906510034264,all
would,surge,1,0.00012236906510034264,all
would,surprise,1,0.00012236906510034264,all
would,terminate,1,0.00012236906510034264,all
would,thank,1,0.00012236906510034264,all
would,tie,1,0.00012236906510034264,all
would,trade,1,0.00012236906510034264,all
would,transmit,1,0.00012236906510034264,all
would,underpin,1,0.00012236906510034264,all
would,understand,1,0.00012236906510034264,all
would,unwind,1,0.00012236906510034264,all
would,vaccinate,1,0.00012236906510034264,all
would,vote,1,0.00012236906510034264,all
would,warn,1,0.00012236906510034264,all
would,weight,1,0.00012236906510034264,all
would,wish,1,0.00012236906510034264,all
would,withdraw,1,0.00012236906510034264,all
would,wonder,1,0.00012236906510034264,all
would,worsen,1,0.00012236906510034264,all
would,yield,1,0.00012236906510034264,all
can,increase,38,0.4523809523809524,minutes
can,be,11,0.13095238095238096,minutes
can,achieve,4,0.047619047619047616,minutes
can,affect,3,0.03571428571428571,minutes
can,help,3,0.03571428571428571,minutes
can,implement,2,0.023809523809523808,minutes
can,vary,2,0.023809523809523808,minutes
can,alleviate,1,0.011904761904761904,minutes
can,arise,1,0.011904761904761904,minutes
can,associate,1,0.011904761904761904,minutes
can,communicate,1,0.011904761904761904,minutes
can,complicate,1,0.011904761904761904,minutes
can,control,1,0.011904761904761904,minutes
can,earn,1,0.011904761904761904,minutes
can,everything,1,0.011904761904761904,minutes
can,exhibit,1,0.011904761904761904,minutes
can,fill,1,0.011904761904761904,minutes
can,have,1,0.011904761904761904,minutes
can,improve,1,0.011904761904761904,minutes
can,incorporate,1,0.011904761904761904,minutes
can,make,1,0.011904761904761904,minutes
can,obtain,1,0.011904761904761904,minutes
can,phase,1,0.011904761904761904,minutes
can,promote,1,0.011904761904761904,minutes
can,serve,1,0.011904761904761904,minutes
can,support,1,0.011904761904761904,minutes
can,target,1,0.011904761904761904,minutes
can,use,1,0.011904761904761904,minutes
could,be,140,0.08438818565400844,minutes
could,impede,106,0.06389391199517781,minutes
could,lead,71,0.04279686558167571,minutes
could,affect,59,0.03556359252561784,minutes
could,help,54,0.0325497287522604,minutes
could,increase,48,0.028933092224231464,minutes
could,result,44,0.02652200120554551,minutes
could,become,38,0.022905364677516575,minutes
could,have,38,0.022905364677516575,minutes
could,pose,32,0.019288728149487643,minutes
could,prove,29,0.017480409885473176,minutes
could,provide,28,0.016877637130801686,minutes
could,bear,23,0.013863773357444244,minutes
could,continue,20,0.012055455093429777,minutes
could,use,20,0.012055455093429777,minutes
could,make,19,0.011452682338758288,minutes
could,support,19,0.011452682338758288,minutes
could,rise,18,0.0108499095840868,minutes
could,take,18,0.0108499095840868,minutes
could,reduce,17,0.010247136829415311,minutes
could,contribute,16,0.009644364074743821,minutes
could,slow,16,0.009644364074743821,minutes
could,consider,15,0.009041591320072333,minutes
could,put,15,0.009041591320072333,minutes
could,facilitate,13,0.007836045810729355,minutes
could,reflect,13,0.007836045810729355,minutes
could,misinterpret,12,0.007233273056057866,minutes
could,restrain,12,0.007233273056057866,minutes
could,arise,11,0.006630500301386378,minutes
could,damp,11,0.006630500301386378,minutes
could,emerge,11,0.006630500301386378,minutes
could,move,11,0.006630500301386378,minutes
could,warrant,11,0.006630500301386378,minutes
could,appreciate,10,0.006027727546714889,minutes
could,boost,10,0.006027727546714889,minutes
could,generate,10,0.006027727546714889,minutes
could,remain,10,0.006027727546714889,minutes
could,require,10,0.006027727546714889,minutes
could,spill,10,0.006027727546714889,minutes
could,cause,9,0.0054249547920434,minutes
could,occur,9,0.0054249547920434,minutes
could,persist,9,0.0054249547920434,minutes
could,risk,9,0.0054249547920434,minutes
could,view,9,0.0054249547920434,minutes
could,weigh,9,0.0054249547920434,minutes
could,begin,8,0.004822182037371911,minutes
could,exacerbate,8,0.004822182037371911,minutes
could,limit,8,0.004822182037371911,minutes
could,push,8,0.004822182037371911,minutes
could,raise,8,0.004822182037371911,minutes
could,undermine,8,0.004822182037371911,minutes
could,amplify,7,0.004219409282700422,minutes
could,associate,7,0.004219409282700422,minutes
could,encourage,7,0.004219409282700422,minutes
could,expand,7,0.004219409282700422,minutes
could,give,7,0.004219409282700422,minutes
could,address,6,0.003616636528028933,minutes
could,come,6,0.003616636528028933,minutes
could,decline,6,0.003616636528028933,minutes
could,indicate,6,0.003616636528028933,minutes
could,play,6,0.003616636528028933,minutes
could,shift,6,0.003616636528028933,minutes
could,add,5,0.0030138637733574444,minutes
could,allow,5,0.0030138637733574444,minutes
could,communicate,5,0.0030138637733574444,minutes
could,enhance,5,0.0030138637733574444,minutes
could,face,5,0.0030138637733574444,minutes
could,impair,5,0.0030138637733574444,minutes
could,influence,5,0.0030138637733574444,minutes
could,interpret,5,0.0030138637733574444,minutes
could,judge,5,0.0030138637733574444,minutes
could,run,5,0.0030138637733574444,minutes
could,serve,5,0.0030138637733574444,minutes
could,tighten,5,0.0030138637733574444,minutes
could,trigger,5,0.0030138637733574444,minutes
could,turn,5,0.0030138637733574444,minutes
could,challenge,4,0.0024110910186859553,minutes
could,change,4,0.0024110910186859553,minutes
could,convey,4,0.0024110910186859553,minutes
could,entail,4,0.0024110910186859553,minutes
could,expect,4,0.0024110910186859553,minutes
could,improve,4,0.0024110910186859553,minutes
could,mitigate,4,0.0024110910186859553,minutes
could,necessitate,4,0.0024110910186859553,minutes
could,see,4,0.0024110910186859553,minutes
could,transition,4,0.0024110910186859553,minutes
could,yield,4,0.0024110910186859553,minutes
could,adjust,3,0.0018083182640144665,minutes
could,afford,3,0.0018083182640144665,minutes
could,bind,3,0.0018083182640144665,minutes
could,choose,3,0.0018083182640144665,minutes
could,clarify,3,0.0018083182640144665,minutes
could,complicate,3,0.0018083182640144665,minutes
could,deteriorate,3,0.0018083182640144665,minutes
could,differ,3,0.0018083182640144665,minutes
could,display,3,0.0018083182640144665,minutes
could,drift,3,0.0018083182640144665,minutes
could,employ,3,0.0018083182640144665,minutes
could,explain,3,0.0018083182640144665,minutes
could,keep,3,0.0018083182640144665,minutes
could,maintain,3,0.0018083182640144665,minutes
could,mask,3,0.0018083182640144665,minutes
could,materialize,3,0.0018083182640144665,minutes
could,meet,3,0.0018083182640144665,minutes
could,portend,3,0.0018083182640144665,minutes
could,proceed,3,0.0018083182640144665,minutes
could,prompt,3,0.0018083182640144665,minutes
could,respond,3,0.0018083182640144665,minutes
could,revise,3,0.0018083182640144665,minutes
could,set,3,0.0018083182640144665,minutes
could,shorten,3,0.0018083182640144665,minutes
could,stall,3,0.0018083182640144665,minutes
could,substitute,3,0.0018083182640144665,minutes
could,threaten,3,0.0018083182640144665,minutes
could,weaken,3,0.0018083182640144665,minutes
could,accelerate,2,0.0012055455093429777,minutes
could,accompany,2,0.0012055455093429777,minutes
could,accomplish,2,0.0012055455093429777,minutes
could,achieve,2,0.0012055455093429777,minutes
could,aid,2,0.0012055455093429777,minutes
could,attribute,2,0.0012055455093429777,minutes
could,avoid,2,0.0012055455093429777,minutes
could,benefit,2,0.0012055455093429777,minutes
could,bring,2,0.0012055455093429777,minutes
could,build,2,0.0012055455093429777,minutes
could,call,2,0.0012055455093429777,minutes
could,conduct,2,0.0012055455093429777,minutes
could,constrain,2,0.0012055455093429777,minutes
could,delay,2,0.0012055455093429777,minutes
could,deploy,2,0.0012055455093429777,minutes
could,disrupt,2,0.0012055455093429777,minutes
could,ease,2,0.0012055455093429777,minutes
could,end,2,0.0012055455093429777,minutes
could,erode,2,0.0012055455093429777,minutes
could,evolve,2,0.0012055455093429777,minutes
could,experience,2,0.0012055455093429777,minutes
could,find,2,0.0012055455093429777,minutes
could,hold,2,0.0012055455093429777,minutes
could,hurt,2,0.0012055455093429777,minutes
could,implement,2,0.0012055455093429777,minutes
could,include,2,0.0012055455093429777,minutes
could,intensify,2,0.0012055455093429777,minutes
could,introduce,2,0.0012055455093429777,minutes
could,pass,2,0.0012055455093429777,minutes
could,perceive,2,0.0012055455093429777,minutes
could,phase,2,0.0012055455093429777,minutes
could,reach,2,0.0012055455093429777,minutes
could,read,2,0.0012055455093429777,minutes
could,realize,2,0.0012055455093429777,minutes
could,rely,2,0.0012055455093429777,minutes
could,return,2,0.0012055455093429777,minutes
could,signal,2,0.0012055455093429777,minutes
could,spur,2,0.0012055455093429777,minutes
could,start,2,0.0012055455093429777,minutes
could,stem,2,0.0012055455093429777,minutes
could,structure,2,0.0012055455093429777,minutes
could,suggest,2,0.0012055455093429777,minutes
could,sustain,2,0.0012055455093429777,minutes
could,tilt,2,0.0012055455093429777,minutes
could,abate,1,0.0006027727546714888,minutes
could,absorb,1,0.0006027727546714888,minutes
could,accept,1,0.0006027727546714888,minutes
could,account,1,0.0006027727546714888,minutes
could,activate,1,0.0006027727546714888,minutes
could,adopt,1,0.0006027727546714888,minutes
could,alter,1,0.0006027727546714888,minutes
could,announce,1,0.0006027727546714888,minutes
could,approach,1,0.0006027727546714888,minutes
could,assist,1,0.0006027727546714888,minutes
could,assume,1,0.0006027727546714888,minutes
could,augment,1,0.0006027727546714888,minutes
could,bolster,1,0.0006027727546714888,minutes
could,borrow,1,0.0006027727546714888,minutes
could,commence,1,0.0006027727546714888,minutes
could,comment,1,0.0006027727546714888,minutes
could,complete,1,0.0006027727546714888,minutes
could,compound,1,0.0006027727546714888,minutes
could,compress,1,0.0006027727546714888,minutes
could,compromise,1,0.0006027727546714888,minutes
could,construct,1,0.0006027727546714888,minutes
could,create,1,0.0006027727546714888,minutes
could,crowd,1,0.0006027727546714888,minutes
could,decelerate,1,0.0006027727546714888,minutes
could,deliver,1,0.0006027727546714888,minutes
could,demonstrate,1,0.0006027727546714888,minutes
could,depress,1,0.0006027727546714888,minutes
could,describe,1,0.0006027727546714888,minutes
could,design,1,0.0006027727546714888,minutes
could,develop,1,0.0006027727546714888,minutes
could,disturb,1,0.0006027727546714888,minutes
could,draw,1,0.0006027727546714888,minutes
could,drive,1,0.0006027727546714888,minutes
could,elaborate,1,0.0006027727546714888,minutes
could,emanate,1,0.0006027727546714888,minutes
could,emphasize,1,0.0006027727546714888,minutes
could,enable,1,0.0006027727546714888,minutes
could,endure,1,0.0006027727546714888,minutes
could,engender,1,0.0006027727546714888,minutes
could,enter,1,0.0006027727546714888,minutes
could,establish,1,0.0006027727546714888,minutes
could,exert,1,0.0006027727546714888,minutes
could,expose,1,0.0006027727546714888,minutes
could,extend,1,0.0006027727546714888,minutes
could,fade,1,0.0006027727546714888,minutes
could,fail,1,0.0006027727546714888,minutes
could,fall,1,0.0006027727546714888,minutes
could,feed,1,0.0006027727546714888,minutes
could,follow,1,0.0006027727546714888,minutes
could,foster,1,0.0006027727546714888,minutes
could,gain,1,0.0006027727546714888,minutes
could,gauge,1,0.0006027727546714888,minutes
could,guard,1,0.0006027727546714888,minutes
could,halt,1,0.0006027727546714888,minutes
could,hasten,1,0.0006027727546714888,minutes
could,hinder,1,0.0006027727546714888,minutes
could,imply,1,0.0006027727546714888,minutes
could,incentivize,1,0.0006027727546714888,minutes
could,incorporate,1,0.0006027727546714888,minutes
could,induce,1,0.0006027727546714888,minutes
could,inhibit,1,0.0006027727546714888,minutes
could,initiate,1,0.0006027727546714888,minutes
could,interact,1,0.0006027727546714888,minutes
could,interest,1,0.0006027727546714888,minutes
could,interfere,1,0.0006027727546714888,minutes
could,investigate,1,0.0006027727546714888,minutes
could,jeopardize,1,0.0006027727546714888,minutes
could,last,1,0.0006027727546714888,minutes
could,learn,1,0.0006027727546714888,minutes
could,leave,1,0.0006027727546714888,minutes
could,lift,1,0.0006027727546714888,minutes
could,lower,1,0.0006027727546714888,minutes
could,magnify,1,0.0006027727546714888,minutes
could,mean,1,0.0006027727546714888,minutes
could,misconstrue,1,0.0006027727546714888,minutes
could,misperceive,1,0.0006027727546714888,minutes
could,moderate,1,0.0006027727546714888,minutes
could,modify,1,0.0006027727546714888,minutes
could,overcome,1,0.0006027727546714888,minutes
could,overstate,1,0.0006027727546714888,minutes
could,pause,1,0.0006027727546714888,minutes
could,pick,1,0.0006027727546714888,minutes
could,place,1,0.0006027727546714888,minutes
could,plan,1,0.0006027727546714888,minutes
could,point,1,0.0006027727546714888,minutes
could,prepay,1,0.0006027727546714888,minutes
could,present,1,0.0006027727546714888,minutes
could,produce,1,0.0006027727546714888,minutes
could,prolong,1,0.0006027727546714888,minutes
could,promote,1,0.0006027727546714888,minutes
could,pronounce,1,0.0006027727546714888,minutes
could,pull,1,0.0006027727546714888,minutes
could,purchase,1,0.0006027727546714888,minutes
could,realign,1,0.0006027727546714888,minutes
could,reassess,1,0.0006027727546714888,minutes
could,rebound,1,0.0006027727546714888,minutes
could,reconcile,1,0.0006027727546714888,minutes
could,recover,1,0.0006027727546714888,minutes
could,reemerge,1,0.0006027727546714888,minutes
could,reference,1,0.0006027727546714888,minutes
could,reinforce,1,0.0006027727546714888,minutes
could,reinvest,1,0.0006027727546714888,minutes
could,rejoin,1,0.0006027727546714888,minutes
could,release,1,0.0006027727546714888,minutes
could,remove,1,0.0006027727546714888,minutes
could,render,1,0.0006027727546714888,minutes
could,renew,1,0.0006027727546714888,minutes
could,represent,1,0.0006027727546714888,minutes
could,resolve,1,0.0006027727546714888,minutes
could,resume,1,0.0006027727546714888,minutes
could,scale,1,0.0006027727546714888,minutes
could,shed,1,0.0006027727546714888,minutes
could,shrink,1,0.0006027727546714888,minutes
could,soften,1,0.0006027727546714888,minutes
could,speed,1,0.0006027727546714888,minutes
could,stay,1,0.0006027727546714888,minutes
could,stigmatize,1,0.0006027727546714888,minutes
could,strengthen,1,0.0006027727546714888,minutes
could,surprise,1,0.0006027727546714888,minutes
could,target,1,0.0006027727546714888,minutes
could,temper,1,0.0006027727546714888,minutes
could,translate,1,0.0006027727546714888,minutes
could,understate,1,0.0006027727546714888,minutes
could,undertake,1,0.0006027727546714888,minutes
could,undo,1,0.0006027727546714888,minutes
could,unsettle,1,0.0006027727546714888,minutes
could,utilize,1,0.0006027727546714888,minutes
could,wait,1,0.0006027727546714888,minutes
could,wane,1,0.0006027727546714888,minutes
could,withdraw,1,0.0006027727546714888,minutes
could,withstand,1,0.0006027727546714888,minutes
could,worsen,1,0.0006027727546714888,minutes
may,be,112,0.22310756972111553,minutes
may,warrant,35,0.0697211155378486,minutes
may,authorize,23,0.045816733067729085,minutes
may,contribute,20,0.0398406374501992,minutes
may,edge,19,0.037848605577689244,minutes
may,provide,19,0.037848605577689244,minutes
may,delegate,10,0.0199203187250996,minutes
may,result,10,0.0199203187250996,minutes
may,approve,9,0.017928286852589643,minutes
may,auction,9,0.017928286852589643,minutes
may,borrow,9,0.017928286852589643,minutes
may,increase,9,0.017928286852589643,minutes
may,lend,9,0.017928286852589643,minutes
may,become,8,0.01593625498007968,minutes
may,bid,8,0.01593625498007968,minutes
may,reflect,8,0.01593625498007968,minutes
may,determine,7,0.013944223107569721,minutes
may,exercise,7,0.013944223107569721,minutes
may,manage,7,0.013944223107569721,minutes
may,need,7,0.013944223107569721,minutes
may,change,6,0.01195219123505976,minutes
may,reduce,6,0.01195219123505976,minutes
may,undertake,6,0.01195219123505976,minutes
may,move,5,0.0099601593625498,minutes
may,extend,4,0.00796812749003984,minutes
may,help,4,0.00796812749003984,minutes
may,vary,4,0.00796812749003984,minutes
may,begin,3,0.00597609561752988,minutes
may,designate,3,0.00597609561752988,minutes
may,include,3,0.00597609561752988,minutes
may,issue,3,0.00597609561752988,minutes
may,lead,3,0.00597609561752988,minutes
may,purchase,3,0.00597609561752988,minutes
may,raise,3,0.00597609561752988,minutes
may,require,3,0.00597609561752988,minutes
may,signal,3,0.00597609561752988,minutes
may,stabilize,3,0.00597609561752988,minutes
may,amplify,2,0.00398406374501992,minutes
may,carry,2,0.00398406374501992,minutes
may,drive,2,0.00398406374501992,minutes
may,evolve,2,0.00398406374501992,minutes
may,experience,2,0.00398406374501992,minutes
may,face,2,0.00398406374501992,minutes
may,have,2,0.00398406374501992,minutes
may,hold,2,0.00398406374501992,minutes
may,keep,2,0.00398406374501992,minutes
may,occur,2,0.00398406374501992,minutes
may,overstate,2,0.00398406374501992,minutes
may,prove,2,0.00398406374501992,minutes
may,put,2,0.00398406374501992,minutes
may,reemerge,2,0.00398406374501992,minutes
may,slow,2,0.00398406374501992,minutes
may,take,2,0.00398406374501992,minutes
may,account,1,0.00199203187250996,minutes
may,add,1,0.00199203187250996,minutes
may,adjust,1,0.00199203187250996,minutes
may,allow,1,0.00199203187250996,minutes
may,anchor,1,0.00199203187250996,minutes
may,assess,1,0.00199203187250996,minutes
may,bear,1,0.00199203187250996,minutes
may,boost,1,0.00199203187250996,minutes
may,cause,1,0.00199203187250996,minutes
may,cloud,1,0.00199203187250996,minutes
may,conduct,1,0.00199203187250996,minutes
may,consider,1,0.00199203187250996,minutes
may,constrain,1,0.00199203187250996,minutes
may,continue,1,0.00199203187250996,minutes
may,decline,1,0.00199203187250996,minutes
may,delay,1,0.00199203187250996,minutes
may,differ,1,0.00199203187250996,minutes
may,do,1,0.00199203187250996,minutes
may,economize,1,0.00199203187250996,minutes
may,end,1,0.00199203187250996,minutes
may,enter,1,0.00199203187250996,minutes
may,exacerbate,1,0.00199203187250996,minutes
may,exceed,1,0.00199203187250996,minutes
may,exert,1,0.00199203187250996,minutes
may,explain,1,0.00199203187250996,minutes
may,facilitate,1,0.00199203187250996,minutes
may,fall,1,0.00199203187250996,minutes
may,generate,1,0.00199203187250996,minutes
may,grow,1,0.00199203187250996,minutes
may,impart,1,0.00199203187250996,minutes
may,indicate,1,0.00199203187250996,minutes
may,influence,1,0.00199203187250996,minutes
may,intervene,1,0.00199203187250996,minutes
may,lessen,1,0.00199203187250996,minutes
may,lower,1,0.00199203187250996,minutes
may,make,1,0.00199203187250996,minutes
may,measure,1,0.00199203187250996,minutes
may,opening,1,0.00199203187250996,minutes
may,peak,1,0.00199203187250996,minutes
may,play,1,0.00199203187250996,minutes
may,produce,1,0.00199203187250996,minutes
may,push,1,0.00199203187250996,minutes
may,reach,1,0.00199203187250996,minutes
may,realize,1,0.00199203187250996,minutes
may,reassess,1,0.00199203187250996,minutes
may,rebound,1,0.00199203187250996,minutes
may,reject,1,0.00199203187250996,minutes
may,remain,1,0.00199203187250996,minutes
may,represent,1,0.00199203187250996,minutes
may,resolve,1,0.00199203187250996,minutes
may,restrain,1,0.00199203187250996,minutes
may,rise,1,0.00199203187250996,minutes
may,slip,1,0.00199203187250996,minutes
may,stall,1,0.00199203187250996,minutes
may,suggest,1,0.00199203187250996,minutes
may,translate,1,0.00199203187250996,minutes
may,turn,1,0.00199203187250996,minutes
may,want,1,0.00199203187250996,minutes
may,weigh,1,0.00199203187250996,minutes
may,worsen,1,0.00199203187250996,minutes
should,help,48,0.12213740458015267,minutes
should,be,33,0.08396946564885496,minutes
should,continue,28,0.07124681933842239,minutes
should,affirm,14,0.035623409669211195,minutes
should,acknowledge,9,0.022900763358778626,minutes
should,maintain,9,0.022900763358778626,minutes
should,monitor,9,0.022900763358778626,minutes
should,note,9,0.022900763358778626,minutes
should,communicate,6,0.015267175572519083,minutes
should,occur,6,0.015267175572519083,minutes
should,promote,6,0.015267175572519083,minutes
should,take,6,0.015267175572519083,minutes
should,interpret,5,0.01272264631043257,minutes
should,support,5,0.01272264631043257,minutes
should,begin,4,0.010178117048346057,minutes
should,discuss,4,0.010178117048346057,minutes
should,guide,4,0.010178117048346057,minutes
should,indicate,4,0.010178117048346057,minutes
should,reduce,4,0.010178117048346057,minutes
should,remain,4,0.010178117048346057,minutes
should,respond,4,0.010178117048346057,minutes
should,view,4,0.010178117048346057,minutes
should,avoid,3,0.007633587786259542,minutes
should,depend,3,0.007633587786259542,minutes
should,emphasize,3,0.007633587786259542,minutes
should,focus,3,0.007633587786259542,minutes
should,incoming,3,0.007633587786259542,minutes
should,incorporate,3,0.007633587786259542,minutes
should,provide,3,0.007633587786259542,minutes
should,reflect,3,0.007633587786259542,minutes
should,update,3,0.007633587786259542,minutes
should,adverse,2,0.005089058524173028,minutes
should,assess,2,0.005089058524173028,minutes
should,await,2,0.005089058524173028,minutes
should,base,2,0.005089058524173028,minutes
should,become,2,0.005089058524173028,minutes
should,clarify,2,0.005089058524173028,minutes
should,conduct,2,0.005089058524173028,minutes
should,contribute,2,0.005089058524173028,minutes
should,convey,2,0.005089058524173028,minutes
should,decide,2,0.005089058524173028,minutes
should,defer,2,0.005089058524173028,minutes
should,diminish,2,0.005089058524173028,minutes
should,discount,2,0.005089058524173028,minutes
should,emerge,2,0.005089058524173028,minutes
should,encompass,2,0.005089058524173028,minutes
should,extend,2,0.005089058524173028,minutes
should,include,2,0.005089058524173028,minutes
should,increase,2,0.005089058524173028,minutes
should,materialize,2,0.005089058524173028,minutes
should,play,2,0.005089058524173028,minutes
should,prepare,2,0.005089058524173028,minutes
should,replace,2,0.005089058524173028,minutes
should,resume,2,0.005089058524173028,minutes
should,return,2,0.005089058524173028,minutes
should,rise,2,0.005089058524173028,minutes
should,risk,2,0.005089058524173028,minutes
should,rule,2,0.005089058524173028,minutes
should,wait,2,0.005089058524173028,minutes
should,adjust,1,0.002544529262086514,minutes
should,amend,1,0.002544529262086514,minutes
should,appear,1,0.002544529262086514,minutes
should,apply,1,0.002544529262086514,minutes
should,arise,1,0.002544529262086514,minutes
should,augment,1,0.002544529262086514,minutes
should,bear,1,0.002544529262086514,minutes
should,change,1,0.002544529262086514,minutes
should,commit,1,0.002544529262086514,minutes
should,complete,1,0.002544529262086514,minutes
should,concern,1,0.002544529262086514,minutes
should,conclude,1,0.002544529262086514,minutes
should,consider,1,0.002544529262086514,minutes
should,consist,1,0.002544529262086514,minutes
should,coordinate,1,0.002544529262086514,minutes
should,decline,1,0.002544529262086514,minutes
should,delay,1,0.002544529262086514,minutes
should,design,1,0.002544529262086514,minutes
should,deter,1,0.002544529262086514,minutes
should,deteriorate,1,0.002544529262086514,minutes
should,develop,1,0.002544529262086514,minutes
should,direct,1,0.002544529262086514,minutes
should,discourage,1,0.002544529262086514,minutes
should,distinguish,1,0.002544529262086514,minutes
should,drive,1,0.002544529262086514,minutes
should,ease,1,0.002544529262086514,minutes
should,encourage,1,0.002544529262086514,minutes
should,engage,1,0.002544529262086514,minutes
should,establish,1,0.002544529262086514,minutes
should,evolve,1,0.002544529262086514,minutes
should,fall,1,0.002544529262086514,minutes
should,fund,1,0.002544529262086514,minutes
should,give,1,0.002544529262086514,minutes
should,ground,1,0.002544529262086514,minutes
should,have,1,0.002544529262086514,minutes
should,hold,1,0.002544529262086514,minutes
should,identify,1,0.002544529262086514,minutes
should,implement,1,0.002544529262086514,minutes
should,imply,1,0.002544529262086514,minutes
should,inform,1,0.002544529262086514,minutes
should,leave,1,0.002544529262086514,minutes
should,limit,1,0.002544529262086514,minutes
should,make,1,0.002544529262086514,minutes
should,market,1,0.002544529262086514,minutes
should,measure,1,0.002544529262086514,minutes
should,minimize,1,0.002544529262086514,minutes
should,move,1,0.002544529262086514,minutes
should,overstate,1,0.002544529262086514,minutes
should,pay,1,0.002544529262086514,minutes
should,phase,1,0.002544529262086514,minutes
should,prepared,1,0.002544529262086514,minutes
should,pressure,1,0.002544529262086514,minutes
should,proceed,1,0.002544529262086514,minutes
should,prove,1,0.002544529262086514,minutes
should,raise,1,0.002544529262086514,minutes
should,react,1,0.002544529262086514,minutes
should,reassess,1,0.002544529262086514,minutes
should,receive,1,0.002544529262086514,minutes
should,reemerge,1,0.002544529262086514,minutes
should,reinforce,1,0.002544529262086514,minutes
should,reiterate,1,0.002544529262086514,minutes
should,relay,1,0.002544529262086514,minutes
should,rely,1,0.002544529262086514,minutes
should,remove,1,0.002544529262086514,minutes
should,report,1,0.002544529262086514,minutes
should,say,1,0.002544529262086514,minutes
should,see,1,0.002544529262086514,minutes
should,seek,1,0.002544529262086514,minutes
should,set,1,0.002544529262086514,minutes
should,shift,1,0.002544529262086514,minutes
should,show,1,0.002544529262086514,minutes
should,slow,1,0.002544529262086514,minutes
should,solicit,1,0.002544529262086514,minutes
should,speed,1,0.002544529262086514,minutes
should,stand,1,0.002544529262086514,minutes
should,state,1,0.002544529262086514,minutes
should,stem,1,0.002544529262086514,minutes
should,streamline,1,0.002544529262086514,minutes
should,strengthen,1,0.002544529262086514,minutes
should,target,1,0.002544529262086514,minutes
should,undue,1,0.002544529262086514,minutes
should,use,1,0.002544529262086514,minutes
should,warrant,1,0.002544529262086514,minutes
should,weaken,1,0.002544529262086514,minutes
should,weigh,1,0.002544529262086514,minutes
will,continue,151,0.17023675310033823,minutes
will,take,136,0.15332581736189402,minutes
will,be,82,0.09244644870349493,minutes
will,assess,72,0.08117249154453213,minutes
will,depend,40,0.04509582863585118,minutes
will,expand,34,0.038331454340473504,minutes
will,monitor,32,0.036076662908680945,minutes
will,warrant,24,0.02705749718151071,minutes
will,evolve,21,0.02367531003382187,minutes
will,consult,19,0.02142051860202931,minutes
will,move,17,0.019165727170236752,minutes
will,foster,15,0.016910935738444193,minutes
will,keep,15,0.016910935738444193,minutes
will,remain,14,0.015783540022547914,minutes
will,add,13,0.014656144306651634,minutes
will,aim,13,0.014656144306651634,minutes
will,increase,13,0.014656144306651634,minutes
will,strengthen,12,0.013528748590755355,minutes
will,hold,7,0.007891770011273957,minutes
will,reduce,6,0.006764374295377677,minutes
will,reinveste,6,0.006764374295377677,minutes
will,rise,6,0.006764374295377677,minutes
will,use,6,0.006764374295377677,minutes
will,inform,5,0.005636978579481398,minutes
will,weigh,5,0.005636978579481398,minutes
will,decline,4,0.004509582863585118,minutes
will,have,4,0.004509582863585118,minutes
will,act,3,0.0033821871476888386,minutes
will,allow,3,0.0033821871476888386,minutes
will,begin,3,0.0033821871476888386,minutes
will,help,3,0.0033821871476888386,minutes
will,include,3,0.0033821871476888386,minutes
will,incorporate,3,0.0033821871476888386,minutes
will,miss,3,0.0033821871476888386,minutes
will,need,3,0.0033821871476888386,minutes
will,notify,3,0.0033821871476888386,minutes
will,reinvest,3,0.0033821871476888386,minutes
will,require,3,0.0033821871476888386,minutes
will,respond,3,0.0033821871476888386,minutes
will,slow,3,0.0033821871476888386,minutes
will,affect,2,0.002254791431792559,minutes
will,boost,2,0.002254791431792559,minutes
will,determine,2,0.002254791431792559,minutes
will,initiate,2,0.002254791431792559,minutes
will,lower,2,0.002254791431792559,minutes
will,maintain,2,0.002254791431792559,minutes
will,prevail,2,0.002254791431792559,minutes
will,provide,2,0.002254791431792559,minutes
will,purchase,2,0.002254791431792559,minutes
will,report,2,0.002254791431792559,minutes
will,result,2,0.002254791431792559,minutes
will,set,2,0.002254791431792559,minutes
will,stabilize,2,0.002254791431792559,minutes
will,start,2,0.002254791431792559,minutes
will,address,1,0.0011273957158962795,minutes
will,announce,1,0.0011273957158962795,minutes
will,apply,1,0.0011273957158962795,minutes
will,attenuate,1,0.0011273957158962795,minutes
will,base,1,0.0011273957158962795,minutes
will,become,1,0.0011273957158962795,minutes
will,change,1,0.0011273957158962795,minutes
will,come,1,0.0011273957158962795,minutes
will,commence,1,0.0011273957158962795,minutes
will,complete,1,0.0011273957158962795,minutes
will,conclude,1,0.0011273957158962795,minutes
will,conduct,1,0.0011273957158962795,minutes
will,consider,1,0.0011273957158962795,minutes
will,define,1,0.0011273957158962795,minutes
will,differ,1,0.0011273957158962795,minutes
will,drop,1,0.0011273957158962795,minutes
will,end,1,0.0011273957158962795,minutes
will,endure,1,0.0011273957158962795,minutes
will,entail,1,0.0011273957158962795,minutes
will,evaluate,1,0.0011273957158962795,minutes
will,explore,1,0.0011273957158962795,minutes
will,focus,1,0.0011273957158962795,minutes
will,follow,1,0.0011273957158962795,minutes
will,go,1,0.0011273957158962795,minutes
will,implement,1,0.0011273957158962795,minutes
will,invest,1,0.0011273957158962795,minutes
will,lead,1,0.0011273957158962795,minutes
will,make,1,0.0011273957158962795,minutes
will,manage,1,0.0011273957158962795,minutes
will,mature,1,0.0011273957158962795,minutes
will,phase,1,0.0011273957158962795,minutes
will,present,1,0.0011273957158962795,minutes
will,prove,1,0.0011273957158962795,minutes
will,raise,1,0.0011273957158962795,minutes
will,reflect,1,0.0011273957158962795,minutes
will,remove,1,0.0011273957158962795,minutes
will,restore,1,0.0011273957158962795,minutes
will,retain,1,0.0011273957158962795,minutes
will,return,1,0.0011273957158962795,minutes
will,review,1,0.0011273957158962795,minutes
will,revise,1,0.0011273957158962795,minutes
will,revisit,1,0.0011273957158962795,minutes
will,second,1,0.0011273957158962795,minutes
will,shrink,1,0.0011273957158962795,minutes
will,sustain,1,0.0011273957158962795,minutes
will,tend,1,0.0011273957158962795,minutes
will,translate,1,0.0011273957158962795,minutes
will,update,1,0.0011273957158962795,minutes
would,be,790,0.22215973003374578,minutes
would,continue,261,0.07339707536557931,minutes
would,take,124,0.03487064116985377,minutes
would,depend,117,0.03290213723284589,minutes
would,remain,116,0.03262092238470191,minutes
would,hold,104,0.02924634420697413,minutes
would,help,89,0.025028121484814397,minutes
would,expand,83,0.023340832395950507,minutes
would,need,77,0.021653543307086614,minutes
would,increase,55,0.01546681664791901,minutes
would,move,55,0.01546681664791901,minutes
would,assess,52,0.014623172103487065,minutes
would,expect,50,0.0140607424071991,minutes
would,rise,50,0.0140607424071991,minutes
would,provide,45,0.01265466816647919,minutes
would,warrant,43,0.012092238470191226,minutes
would,result,41,0.011529808773903262,minutes
would,allow,38,0.010686164229471317,minutes
would,have,36,0.010123734533183352,minutes
would,support,35,0.00984251968503937,minutes
would,require,32,0.008998875140607425,minutes
would,strengthen,29,0.008155230596175478,minutes
would,slow,27,0.007592800899887514,minutes
would,weigh,26,0.007311586051743532,minutes
would,reduce,25,0.00703037120359955,minutes
would,return,25,0.00703037120359955,minutes
would,evolve,23,0.0064679415073115865,minutes
would,make,23,0.0064679415073115865,minutes
would,affect,21,0.005905511811023622,minutes
would,begin,21,0.005905511811023622,minutes
would,monitor,21,0.005905511811023622,minutes
would,occur,18,0.005061867266591676,minutes
would,stabilize,18,0.005061867266591676,minutes
would,become,16,0.0044994375703037125,minutes
would,decline,16,0.0044994375703037125,minutes
would,add,15,0.00421822272215973,minutes
would,lead,15,0.00421822272215973,minutes
would,put,15,0.00421822272215973,minutes
would,diminish,14,0.003937007874015748,minutes
would,prove,14,0.003937007874015748,minutes
would,maintain,13,0.003655793025871766,minutes
would,reach,13,0.003655793025871766,minutes
would,run,13,0.003655793025871766,minutes
would,tend,13,0.003655793025871766,minutes
would,use,12,0.003374578177727784,minutes
would,influence,11,0.003093363329583802,minutes
would,prefer,11,0.003093363329583802,minutes
would,conduct,10,0.00281214848143982,minutes
would,contribute,10,0.00281214848143982,minutes
would,determine,10,0.00281214848143982,minutes
would,ease,10,0.00281214848143982,minutes
would,fall,10,0.00281214848143982,minutes
would,aim,9,0.002530933633295838,minutes
would,announce,9,0.002530933633295838,minutes
would,follow,9,0.002530933633295838,minutes
would,impede,9,0.002530933633295838,minutes
would,persist,9,0.002530933633295838,minutes
would,show,9,0.002530933633295838,minutes
would,associate,8,0.0022497187851518562,minutes
would,bring,8,0.0022497187851518562,minutes
would,communicate,8,0.0022497187851518562,minutes
would,consider,8,0.0022497187851518562,minutes
would,end,8,0.0022497187851518562,minutes
would,inform,8,0.0022497187851518562,minutes
would,limit,8,0.0022497187851518562,minutes
would,manifest,8,0.0022497187851518562,minutes
would,pose,8,0.0022497187851518562,minutes
would,convey,7,0.001968503937007874,minutes
would,edge,7,0.001968503937007874,minutes
would,exceed,7,0.001968503937007874,minutes
would,implement,7,0.001968503937007874,minutes
would,leave,7,0.001968503937007874,minutes
would,raise,7,0.001968503937007874,minutes
would,reflect,7,0.001968503937007874,minutes
would,reinveste,7,0.001968503937007874,minutes
would,release,7,0.001968503937007874,minutes
would,weaken,7,0.001968503937007874,minutes
would,enact,6,0.001687289088863892,minutes
would,enhance,6,0.001687289088863892,minutes
would,give,6,0.001687289088863892,minutes
would,grow,6,0.001687289088863892,minutes
would,imply,6,0.001687289088863892,minutes
would,keep,6,0.001687289088863892,minutes
would,pass,6,0.001687289088863892,minutes
would,promote,6,0.001687289088863892,minutes
would,set,6,0.001687289088863892,minutes
would,turn,6,0.001687289088863892,minutes
would,abate,5,0.00140607424071991,minutes
would,act,5,0.00140607424071991,minutes
would,adjust,5,0.00140607424071991,minutes
would,benefit,5,0.00140607424071991,minutes
would,boost,5,0.00140607424071991,minutes
would,cease,5,0.00140607424071991,minutes
would,complicate,5,0.00140607424071991,minutes
would,concern,5,0.00140607424071991,minutes
would,damp,5,0.00140607424071991,minutes
would,exacerbate,5,0.00140607424071991,minutes
would,guide,5,0.00140607424071991,minutes
would,indicate,5,0.00140607424071991,minutes
would,issue,5,0.00140607424071991,minutes
would,meet,5,0.00140607424071991,minutes
would,moderate,5,0.00140607424071991,minutes
would,outpace,5,0.00140607424071991,minutes
would,play,5,0.00140607424071991,minutes
would,respond,5,0.00140607424071991,minutes
would,suggest,5,0.00140607424071991,minutes
would,sustain,5,0.00140607424071991,minutes
would,accompany,4,0.0011248593925759281,minutes
would,align,4,0.0011248593925759281,minutes
would,balance,4,0.0011248593925759281,minutes
would,bolster,4,0.0011248593925759281,minutes
would,change,4,0.0011248593925759281,minutes
would,enable,4,0.0011248593925759281,minutes
would,extend,4,0.0011248593925759281,minutes
would,improve,4,0.0011248593925759281,minutes
would,include,4,0.0011248593925759281,minutes
would,pick,4,0.0011248593925759281,minutes
would,prepare,4,0.0011248593925759281,minutes
would,prevail,4,0.0011248593925759281,minutes
would,rebound,4,0.0011248593925759281,minutes
would,represent,4,0.0011248593925759281,minutes
would,restrain,4,0.0011248593925759281,minutes
would,resume,4,0.0011248593925759281,minutes
would,say,4,0.0011248593925759281,minutes
would,update,4,0.0011248593925759281,minutes
would,achieve,3,0.000843644544431946,minutes
would,address,3,0.000843644544431946,minutes
would,approve,3,0.000843644544431946,minutes
would,avoid,3,0.000843644544431946,minutes
would,bounce,3,0.000843644544431946,minutes
would,call,3,0.000843644544431946,minutes
would,cause,3,0.000843644544431946,minutes
would,come,3,0.000843644544431946,minutes
would,complete,3,0.000843644544431946,minutes
would,contain,3,0.000843644544431946,minutes
would,direct,3,0.000843644544431946,minutes
would,discuss,3,0.000843644544431946,minutes
would,dissipate,3,0.000843644544431946,minutes
would,eliminate,3,0.000843644544431946,minutes
would,enter,3,0.000843644544431946,minutes
would,evaluate,3,0.000843644544431946,minutes
would,fade,3,0.000843644544431946,minutes
would,illustrate,3,0.000843644544431946,minutes
would,involve,3,0.000843644544431946,minutes
would,offset,3,0.000843644544431946,minutes
would,position,3,0.000843644544431946,minutes
would,proceed,3,0.000843644544431946,minutes
would,publish,3,0.000843644544431946,minutes
would,recede,3,0.000843644544431946,minutes
would,remove,3,0.000843644544431946,minutes
would,report,3,0.000843644544431946,minutes
would,reverse,3,0.000843644544431946,minutes
would,shift,3,0.000843644544431946,minutes
would,signal,3,0.000843644544431946,minutes
would,start,3,0.000843644544431946,minutes
would,stay,3,0.000843644544431946,minutes
would,anticipate,2,0.0005624296962879641,minutes
would,arise,2,0.0005624296962879641,minutes
would,base,2,0.0005624296962879641,minutes
would,center,2,0.0005624296962879641,minutes
would,clarify,2,0.0005624296962879641,minutes
would,close,2,0.0005624296962879641,minutes
would,constrain,2,0.0005624296962879641,minutes
would,create,2,0.0005624296962879641,minutes
would,delay,2,0.0005624296962879641,minutes
would,depreciate,2,0.0005624296962879641,minutes
would,depress,2,0.0005624296962879641,minutes
would,differ,2,0.0005624296962879641,minutes
would,discontinue,2,0.0005624296962879641,minutes
would,engage,2,0.0005624296962879641,minutes
would,experience,2,0.0005624296962879641,minutes
would,facilitate,2,0.0005624296962879641,minutes
would,foster,2,0.0005624296962879641,minutes
would,generate,2,0.0005624296962879641,minutes
would,incorporate,2,0.0005624296962879641,minutes
would,initiate,2,0.0005624296962879641,minutes
would,last,2,0.0005624296962879641,minutes
would,lessen,2,0.0005624296962879641,minutes
would,like,2,0.0005624296962879641,minutes
would,lower,2,0.0005624296962879641,minutes
would,mean,2,0.0005624296962879641,minutes
would,mitigate,2,0.0005624296962879641,minutes
would,necessitate,2,0.0005624296962879641,minutes
would,otherwise,2,0.0005624296962879641,minutes
would,phase,2,0.0005624296962879641,minutes
would,place,2,0.0005624296962879641,minutes
would,prepared,2,0.0005624296962879641,minutes
would,realize,2,0.0005624296962879641,minutes
would,see,2,0.0005624296962879641,minutes
would,simplify,2,0.0005624296962879641,minutes
would,smooth,2,0.0005624296962879641,minutes
would,soften,2,0.0005624296962879641,minutes
would,specify,2,0.0005624296962879641,minutes
would,spread,2,0.0005624296962879641,minutes
would,step,2,0.0005624296962879641,minutes
would,subdue,2,0.0005624296962879641,minutes
would,tilt,2,0.0005624296962879641,minutes
would,underscore,2,0.0005624296962879641,minutes
would,undershoot,2,0.0005624296962879641,minutes
would,undertake,2,0.0005624296962879641,minutes
would,wane,2,0.0005624296962879641,minutes
would,want,2,0.0005624296962879641,minutes
would,accord,1,0.00028121484814398203,minutes
would,accrue,1,0.00028121484814398203,minutes
would,acknowledge,1,0.00028121484814398203,minutes
would,afford,1,0.00028121484814398203,minutes
would,aid,1,0.00028121484814398203,minutes
would,allocate,1,0.00028121484814398203,minutes
would,appear,1,0.00028121484814398203,minutes
would,ask,1,0.00028121484814398203,minutes
would,assist,1,0.00028121484814398203,minutes
would,attempt,1,0.00028121484814398203,minutes
would,attract,1,0.00028121484814398203,minutes
would,authorize,1,0.00028121484814398203,minutes
would,average,1,0.00028121484814398203,minutes
would,bind,1,0.00028121484814398203,minutes
would,challenge,1,0.00028121484814398203,minutes
would,choose,1,0.00028121484814398203,minutes
would,commence,1,0.00028121484814398203,minutes
would,conclude,1,0.00028121484814398203,minutes
would,constitute,1,0.00028121484814398203,minutes
would,consult,1,0.00028121484814398203,minutes
would,cool,1,0.00028121484814398203,minutes
would,decrease,1,0.00028121484814398203,minutes
would,demonstrate,1,0.00028121484814398203,minutes
would,deploy,1,0.00028121484814398203,minutes
would,derail,1,0.00028121484814398203,minutes
would,describe,1,0.00028121484814398203,minutes
would,design,1,0.00028121484814398203,minutes
would,develop,1,0.00028121484814398203,minutes
would,dictate,1,0.00028121484814398203,minutes
would,disrupt,1,0.00028121484814398203,minutes
would,do,1,0.00028121484814398203,minutes
would,drain,1,0.00028121484814398203,minutes
would,drive,1,0.00028121484814398203,minutes
would,elevate,1,0.00028121484814398203,minutes
would,encompass,1,0.00028121484814398203,minutes
would,endure,1,0.00028121484814398203,minutes
would,ensure,1,0.00028121484814398203,minutes
would,entail,1,0.00028121484814398203,minutes
would,equal,1,0.00028121484814398203,minutes
would,establish,1,0.00028121484814398203,minutes
would,exhaust,1,0.00028121484814398203,minutes
would,extinguish,1,0.00028121484814398203,minutes
would,face,1,0.00028121484814398203,minutes
would,factor,1,0.00028121484814398203,minutes
would,fast,1,0.00028121484814398203,minutes
would,favor,1,0.00028121484814398203,minutes
would,find,1,0.00028121484814398203,minutes
would,firm,1,0.00028121484814398203,minutes
would,foreshadow,1,0.00028121484814398203,minutes
would,guard,1,0.00028121484814398203,minutes
would,halt,1,0.00028121484814398203,minutes
would,hedge,1,0.00028121484814398203,minutes
would,hesitate,1,0.00028121484814398203,minutes
would,hit,1,0.00028121484814398203,minutes
would,impair,1,0.00028121484814398203,minutes
would,impose,1,0.00028121484814398203,minutes
would,induce,1,0.00028121484814398203,minutes
would,insulate,1,0.00028121484814398203,minutes
would,intensify,1,0.00028121484814398203,minutes
would,invert,1,0.00028121484814398203,minutes
would,judge,1,0.00028121484814398203,minutes
would,justify,1,0.00028121484814398203,minutes
would,lag,1,0.00028121484814398203,minutes
would,learn,1,0.00028121484814398203,minutes
would,lift,1,0.00028121484814398203,minutes
would,limited,1,0.00028121484814398203,minutes
would,look,1,0.00028121484814398203,minutes
would,lose,1,0.00028121484814398203,minutes
would,measure,1,0.00028121484814398203,minutes
would,note,1,0.00028121484814398203,minutes
would,obviate,1,0.00028121484814398203,minutes
would,offer,1,0.00028121484814398203,minutes
would,outweigh,1,0.00028121484814398203,minutes
would,parallel,1,0.00028121484814398203,minutes
would,path,1,0.00028121484814398203,minutes
would,peak,1,0.00028121484814398203,minutes
would,permit,1,0.00028121484814398203,minutes
would,plan,1,0.00028121484814398203,minutes
would,post,1,0.00028121484814398203,minutes
would,present,1,0.00028121484814398203,minutes
would,preserve,1,0.00028121484814398203,minutes
would,prevent,1,0.00028121484814398203,minutes
would,promise,1,0.00028121484814398203,minutes
would,purchase,1,0.00028121484814398203,minutes
would,push,1,0.00028121484814398203,minutes
would,quicken,1,0.00028121484814398203,minutes
would,reaffirm,1,0.00028121484814398203,minutes
would,recognize,1,0.00028121484814398203,minutes
would,recover,1,0.00028121484814398203,minutes
would,redefine,1,0.00028121484814398203,minutes
would,reemerge,1,0.00028121484814398203,minutes
would,regard,1,0.00028121484814398203,minutes
would,reinvest,1,0.00028121484814398203,minutes
would,remind,1,0.00028121484814398203,minutes
would,replace,1,0.00028121484814398203,minutes
would,resolve,1,0.00028121484814398203,minutes
would,restore,1,0.00028121484814398203,minutes
would,restrict,1,0.00028121484814398203,minutes
would,review,1,0.00028121484814398203,minutes
would,risk,1,0.00028121484814398203,minutes
would,seek,1,0.00028121484814398203,minutes
would,sell,1,0.00028121484814398203,minutes
would,serve,1,0.00028121484814398203,minutes
would,shape,1,0.00028121484814398203,minutes
would,shelve,1,0.00028121484814398203,minutes
would,shorten,1,0.00028121484814398203,minutes
would,shrink,1,0.00028121484814398203,minutes
would,span,1,0.00028121484814398203,minutes
would,spur,1,0.00028121484814398203,minutes
would,stall,1,0.00028121484814398203,minutes
would,strike,1,0.00028121484814398203,minutes
would,strive,1,0.00028121484814398203,minutes
would,subside,1,0.00028121484814398203,minutes
would,succeed,1,0.00028121484814398203,minutes
would,suppress,1,0.00028121484814398203,minutes
would,surge,1,0.00028121484814398203,minutes
would,taper,1,0.00028121484814398203,minutes
would,target,1,0.00028121484814398203,minutes
would,terminate,1,0.00028121484814398203,minutes
would,tighten,1,0.00028121484814398203,minutes
would,trade,1,0.00028121484814398203,minutes
would,underpin,1,0.00028121484814398203,minutes
would,unwind,1,0.00028121484814398203,minutes
would,vary,1,0.00028121484814398203,minutes
would,view,1,0.00028121484814398203,minutes
would,vote,1,0.00028121484814398203,minutes
would,weight,1,0.00028121484814398203,minutes
would,welcome,1,0.00028121484814398203,minutes
would,wish,1,0.00028121484814398203,minutes
would,work,1,0.00028121484814398203,minutes
would,worsen,1,0.00028121484814398203,minutes
would,yield,1,0.00028121484814398203,minutes
can,do,178,0.0893574297188755,press_conf
can,be,128,0.0642570281124498,press_conf
can,see,101,0.05070281124497992,press_conf
can,say,82,0.04116465863453815,press_conf
can,give,68,0.03413654618473896,press_conf
can,have,57,0.0286144578313253,press_conf
can,tell,57,0.0286144578313253,press_conf
can,everything,54,0.02710843373493976,press_conf
can,look,52,0.02610441767068273,press_conf
can,make,39,0.01957831325301205,press_conf
can,think,37,0.01857429718875502,press_conf
can,get,36,0.018072289156626505,press_conf
can,affect,33,0.016566265060240965,press_conf
can,take,33,0.016566265060240965,press_conf
can,talk,32,0.01606425702811245,press_conf
can,go,25,0.012550200803212851,press_conf
can,speak,21,0.010542168674698794,press_conf
can,explain,20,0.010040160642570281,press_conf
can,happen,20,0.010040160642570281,press_conf
can,continue,18,0.009036144578313253,press_conf
can,find,18,0.009036144578313253,press_conf
can,follow,17,0.00853413654618474,press_conf
can,know,15,0.007530120481927711,press_conf
can,move,15,0.007530120481927711,press_conf
can,address,14,0.007028112449799197,press_conf
can,adjust,14,0.007028112449799197,press_conf
can,afford,13,0.006526104417670682,press_conf
can,can,13,0.006526104417670682,press_conf
can,help,13,0.006526104417670682,press_conf
can,respond,13,0.006526104417670682,press_conf
can,support,12,0.006024096385542169,press_conf
can,achieve,11,0.005522088353413655,press_conf
can,ask,11,0.005522088353413655,press_conf
can,change,11,0.005522088353413655,press_conf
can,come,11,0.005522088353413655,press_conf
can,expect,11,0.005522088353413655,press_conf
can,provide,11,0.005522088353413655,press_conf
can,maintain,10,0.0050200803212851405,press_conf
can,point,10,0.0050200803212851405,press_conf
can,identify,9,0.004518072289156626,press_conf
can,imagine,9,0.004518072289156626,press_conf
can,use,9,0.004518072289156626,press_conf
can,bring,8,0.004016064257028112,press_conf
can,clearly,8,0.004016064257028112,press_conf
can,hear,8,0.004016064257028112,press_conf
can,walk,8,0.004016064257028112,press_conf
can,comment,7,0.0035140562248995983,press_conf
can,handle,7,0.0035140562248995983,press_conf
can,put,7,0.0035140562248995983,press_conf
can,raise,7,0.0035140562248995983,press_conf
can,start,7,0.0035140562248995983,press_conf
can,allow,6,0.0030120481927710845,press_conf
can,begin,6,0.0030120481927710845,press_conf
can,clarify,6,0.0030120481927710845,press_conf
can,control,6,0.0030120481927710845,press_conf
can,create,6,0.0030120481927710845,press_conf
can,good,6,0.0030120481927710845,press_conf
can,grant,6,0.0030120481927710845,press_conf
can,hold,6,0.0030120481927710845,press_conf
can,keep,6,0.0030120481927710845,press_conf
can,lead,6,0.0030120481927710845,press_conf
can,pay,6,0.0030120481927710845,press_conf
can,reduce,6,0.0030120481927710845,press_conf
can,rule,6,0.0030120481927710845,press_conf
can,avoid,5,0.0025100401606425703,press_conf
can,characterize,5,0.0025100401606425703,press_conf
can,cut,5,0.0025100401606425703,press_conf
can,fast,5,0.0025100401606425703,press_conf
can,run,5,0.0025100401606425703,press_conf
can,share,5,0.0025100401606425703,press_conf
can,try,5,0.0025100401606425703,press_conf
can,well,5,0.0025100401606425703,press_conf
can,work,5,0.0025100401606425703,press_conf
can,assume,4,0.002008032128514056,press_conf
can,cause,4,0.002008032128514056,press_conf
can,draw,4,0.002008032128514056,press_conf
can,ease,4,0.002008032128514056,press_conf
can,elaborate,4,0.002008032128514056,press_conf
can,factor,4,0.002008032128514056,press_conf
can,hire,4,0.002008032128514056,press_conf
can,increase,4,0.002008032128514056,press_conf
can,lose,4,0.002008032128514056,press_conf
can,miss,4,0.002008032128514056,press_conf
can,of,4,0.002008032128514056,press_conf
can,protect,4,0.002008032128514056,press_conf
can,react,4,0.002008032128514056,press_conf
can,remember,4,0.002008032128514056,press_conf
can,sustain,4,0.002008032128514056,press_conf
can,wait,4,0.002008032128514056,press_conf
can,answer,3,0.0015060240963855422,press_conf
can,argue,3,0.0015060240963855422,press_conf
can,base,3,0.0015060240963855422,press_conf
can,build,3,0.0015060240963855422,press_conf
can,buy,3,0.0015060240963855422,press_conf
can,count,3,0.0015060240963855422,press_conf
can,decide,3,0.0015060240963855422,press_conf
can,deploy,3,0.0015060240963855422,press_conf
can,describe,3,0.0015060240963855422,press_conf
can,develop,3,0.0015060240963855422,press_conf
can,dial,3,0.0015060240963855422,press_conf
can,grow,3,0.0015060240963855422,press_conf
can,guarantee,3,0.0015060240963855422,press_conf
can,hit,3,0.0015060240963855422,press_conf
can,let,3,0.0015060240963855422,press_conf
can,lower,3,0.0015060240963855422,press_conf
can,manage,3,0.0015060240963855422,press_conf
can,meet,3,0.0015060240963855422,press_conf
can,observe,3,0.0015060240963855422,press_conf
can,play,3,0.0015060240963855422,press_conf
can,reach,3,0.0015060240963855422,press_conf
can,recall,3,0.0015060240963855422,press_conf
can,remain,3,0.0015060240963855422,press_conf
can,return,3,0.0015060240963855422,press_conf
can,soften,3,0.0015060240963855422,press_conf
can,stop,3,0.0015060240963855422,press_conf
can,strengthen,3,0.0015060240963855422,press_conf
can,tie,3,0.0015060240963855422,press_conf
can,way,3,0.0015060240963855422,press_conf
can,what,3,0.0015060240963855422,press_conf
can,worry,3,0.0015060240963855422,press_conf
can,about,2,0.001004016064257028,press_conf
can,absorb,2,0.001004016064257028,press_conf
can,accomplish,2,0.001004016064257028,press_conf
can,adapt,2,0.001004016064257028,press_conf
can,add,2,0.001004016064257028,press_conf
can,agree,2,0.001004016064257028,press_conf
can,all,2,0.001004016064257028,press_conf
can,amplify,2,0.001004016064257028,press_conf
can,arrive,2,0.001004016064257028,press_conf
can,clarity,2,0.001004016064257028,press_conf
can,compare,2,0.001004016064257028,press_conf
can,contribute,2,0.001004016064257028,press_conf
can,damage,2,0.001004016064257028,press_conf
can,depend,2,0.001004016064257028,press_conf
can,envision,2,0.001004016064257028,press_conf
can,evaluate,2,0.001004016064257028,press_conf
can,evolve,2,0.001004016064257028,press_conf
can,expand,2,0.001004016064257028,press_conf
can,extent,2,0.001004016064257028,press_conf
can,feel,2,0.001004016064257028,press_conf
can,fix,2,0.001004016064257028,press_conf
can,focus,2,0.001004016064257028,press_conf
can,force,2,0.001004016064257028,press_conf
can,hedge,2,0.001004016064257028,press_conf
can,idea,2,0.001004016064257028,press_conf
can,ignore,2,0.001004016064257028,press_conf
can,improve,2,0.001004016064257028,press_conf
can,influence,2,0.001004016064257028,press_conf
can,lay,2,0.001004016064257028,press_conf
can,lend,2,0.001004016064257028,press_conf
can,offer,2,0.001004016064257028,press_conf
can,promise,2,0.001004016064257028,press_conf
can,promote,2,0.001004016064257028,press_conf
can,quickly,2,0.001004016064257028,press_conf
can,read,2,0.001004016064257028,press_conf
can,reconcile,2,0.001004016064257028,press_conf
can,recover,2,0.001004016064257028,press_conf
can,reflect,2,0.001004016064257028,press_conf
can,repeat,2,0.001004016064257028,press_conf
can,resolve,2,0.001004016064257028,press_conf
can,restore,2,0.001004016064257028,press_conf
can,separate,2,0.001004016064257028,press_conf
can,serve,2,0.001004016064257028,press_conf
can,service,2,0.001004016064257028,press_conf
can,slow,2,0.001004016064257028,press_conf
can,speculate,2,0.001004016064257028,press_conf
can,spot,2,0.001004016064257028,press_conf
can,stand,2,0.001004016064257028,press_conf
can,streamline,2,0.001004016064257028,press_conf
can,target,2,0.001004016064257028,press_conf
can,thrive,2,0.001004016064257028,press_conf
can,tighten,2,0.001004016064257028,press_conf
can,trade,2,0.001004016064257028,press_conf
can,translate,2,0.001004016064257028,press_conf
can,transparent,2,0.001004016064257028,press_conf
can,trust,2,0.001004016064257028,press_conf
can,turn,2,0.001004016064257028,press_conf
can,want,2,0.001004016064257028,press_conf
can,we,2,0.001004016064257028,press_conf
can,we're,2,0.001004016064257028,press_conf
can,weigh,2,0.001004016064257028,press_conf
can,accept,1,0.000502008032128514,press_conf
can,access,1,0.000502008032128514,press_conf
can,accrue,1,0.000502008032128514,press_conf
can,act,1,0.000502008032128514,press_conf
can,adopt,1,0.000502008032128514,press_conf
can,analysis,1,0.000502008032128514,press_conf
can,analyze,1,0.000502008032128514,press_conf
can,approach,1,0.000502008032128514,press_conf
can,assess,1,0.000502008032128514,press_conf
can,attribute,1,0.000502008032128514,press_conf
can,beat,1,0.000502008032128514,press_conf
can,become,1,0.000502008032128514,press_conf
can,believe,1,0.000502008032128514,press_conf
can,blame,1,0.000502008032128514,press_conf
can,borrow,1,0.000502008032128514,press_conf
can,break,1,0.000502008032128514,press_conf
can,calculate,1,0.000502008032128514,press_conf
can,call,1,0.000502008032128514,press_conf
can,catch,1,0.000502008032128514,press_conf
can,challenge,1,0.000502008032128514,press_conf
can,communicate,1,0.000502008032128514,press_conf
can,complete,1,0.000502008032128514,press_conf
can,confirm,1,0.000502008032128514,press_conf
can,consult,1,0.000502008032128514,press_conf
can,contain,1,0.000502008032128514,press_conf
can,cooperate,1,0.000502008032128514,press_conf
can,counteract,1,0.000502008032128514,press_conf
can,cumulate,1,0.000502008032128514,press_conf
can,datum,1,0.000502008032128514,press_conf
can,decision,1,0.000502008032128514,press_conf
can,deduce,1,0.000502008032128514,press_conf
can,define,1,0.000502008032128514,press_conf
can,deliver,1,0.000502008032128514,press_conf
can,detail,1,0.000502008032128514,press_conf
can,disagree,1,0.000502008032128514,press_conf
can,disappear,1,0.000502008032128514,press_conf
can,discuss,1,0.000502008032128514,press_conf
can,dislodge,1,0.000502008032128514,press_conf
can,disrupt,1,0.000502008032128514,press_conf
can,distinguish,1,0.000502008032128514,press_conf
can,distribute,1,0.000502008032128514,press_conf
can,early,1,0.000502008032128514,press_conf
can,effectively,1,0.000502008032128514,press_conf
can,employ,1,0.000502008032128514,press_conf
can,enjoy,1,0.000502008032128514,press_conf
can,estimate,1,0.000502008032128514,press_conf
can,exceed,1,0.000502008032128514,press_conf
can,execute,1,0.000502008032128514,press_conf
can,fail,1,0.000502008032128514,press_conf
can,fall,1,0.000502008032128514,press_conf
can,far,1,0.000502008032128514,press_conf
can,figure,1,0.000502008032128514,press_conf
can,fluctuate,1,0.000502008032128514,press_conf
can,forecast,1,0.000502008032128514,press_conf
can,forget,1,0.000502008032128514,press_conf
can,foster,1,0.000502008032128514,press_conf
can,generalize,1,0.000502008032128514,press_conf
can,grind,1,0.000502008032128514,press_conf
can,hard,1,0.000502008032128514,press_conf
can,how,1,0.000502008032128514,press_conf
can,hurt,1,0.000502008032128514,press_conf
can,in,1,0.000502008032128514,press_conf
can,interfere,1,0.000502008032128514,press_conf
can,interpret,1,0.000502008032128514,press_conf
can,job,1,0.000502008032128514,press_conf
can,justify,1,0.000502008032128514,press_conf
can,kiernan,1,0.000502008032128514,press_conf
can,learn,1,0.000502008032128514,press_conf
can,live,1,0.000502008032128514,press_conf
can,loosen,1,0.000502008032128514,press_conf
can,lot,1,0.000502008032128514,press_conf
can,market,1,0.000502008032128514,press_conf
can,measure,1,0.000502008032128514,press_conf
can,meticulously,1,0.000502008032128514,press_conf
can,more,1,0.000502008032128514,press_conf
can,name,1,0.000502008032128514,press_conf
can,noisy,1,0.000502008032128514,press_conf
can,occur,1,0.000502008032128514,press_conf
can,offset,1,0.000502008032128514,press_conf
can,on,1,0.000502008032128514,press_conf
can,operate,1,0.000502008032128514,press_conf
can,organization,1,0.000502008032128514,press_conf
can,outweigh,1,0.000502008032128514,press_conf
can,overheat,1,0.000502008032128514,press_conf
can,overlook,1,0.000502008032128514,press_conf
can,own,1,0.000502008032128514,press_conf
can,paraphrase,1,0.000502008032128514,press_conf
can,participate,1,0.000502008032128514,press_conf
can,pause,1,0.000502008032128514,press_conf
can,pick,1,0.000502008032128514,press_conf
can,place,1,0.000502008032128514,press_conf
can,plan,1,0.000502008032128514,press_conf
can,pose,1,0.000502008032128514,press_conf
can,prepare,1,0.000502008032128514,press_conf
can,preserve,1,0.000502008032128514,press_conf
can,prespecify,1,0.000502008032128514,press_conf
can,proceed,1,0.000502008032128514,press_conf
can,produce,1,0.000502008032128514,press_conf
can,prove,1,0.000502008032128514,press_conf
can,push,1,0.000502008032128514,press_conf
can,rapidly,1,0.000502008032128514,press_conf
can,reassure,1,0.000502008032128514,press_conf
can,rebuff,1,0.000502008032128514,press_conf
can,regain,1,0.000502008032128514,press_conf
can,rely,1,0.000502008032128514,press_conf
can,reopen,1,0.000502008032128514,press_conf
can,replace,1,0.000502008032128514,press_conf
can,reverberate,1,0.000502008032128514,press_conf
can,revisit,1,0.000502008032128514,press_conf
can,right,1,0.000502008032128514,press_conf
can,rise,1,0.000502008032128514,press_conf
can,risk,1,0.000502008032128514,press_conf
can,rush,1,0.000502008032128514,press_conf
can,sample,1,0.000502008032128514,press_conf
can,save,1,0.000502008032128514,press_conf
can,say—2.7,1,0.000502008032128514,press_conf
can,scale,1,0.000502008032128514,press_conf
can,seem,1,0.000502008032128514,press_conf
can,sell,1,0.000502008032128514,press_conf
can,set,1,0.000502008032128514,press_conf
can,setting,1,0.000502008032128514,press_conf
can,shed,1,0.000502008032128514,press_conf
can,shift,1,0.000502008032128514,press_conf
can,show,1,0.000502008032128514,press_conf
can,simplify,1,0.000502008032128514,press_conf
can,snuff,1,0.000502008032128514,press_conf
can,solve,1,0.000502008032128514,press_conf
can,something,1,0.000502008032128514,press_conf
can,sorry,1,0.000502008032128514,press_conf
can,specify,1,0.000502008032128514,press_conf
can,speed,1,0.000502008032128514,press_conf
can,spell,1,0.000502008032128514,press_conf
can,spend,1,0.000502008032128514,press_conf
can,spur,1,0.000502008032128514,press_conf
can,squeeze,1,0.000502008032128514,press_conf
can,stay,1,0.000502008032128514,press_conf
can,steer,1,0.000502008032128514,press_conf
can,stipulate,1,0.000502008032128514,press_conf
can,succeed,1,0.000502008032128514,press_conf
can,sum,1,0.000502008032128514,press_conf
can,survey,1,0.000502008032128514,press_conf
can,sympathize,1,0.000502008032128514,press_conf
can,thank,1,0.000502008032128514,press_conf
can,that,1,0.000502008032128514,press_conf
can,they,1,0.000502008032128514,press_conf
can,thing,1,0.000502008032128514,press_conf
can,time,1,0.000502008032128514,press_conf
can,tolerate,1,0.000502008032128514,press_conf
can,tool,1,0.000502008032128514,press_conf
can,top,1,0.000502008032128514,press_conf
can,track,1,0.000502008032128514,press_conf
can,transparently,1,0.000502008032128514,press_conf
can,treat,1,0.000502008032128514,press_conf
can,undermine,1,0.000502008032128514,press_conf
can,understand,1,0.000502008032128514,press_conf
can,undertake,1,0.000502008032128514,press_conf
can,update,1,0.000502008032128514,press_conf
can,whatever,1,0.000502008032128514,press_conf
can,wholeheartedly,1,0.000502008032128514,press_conf
can,wind,1,0.000502008032128514,press_conf
can,withstand,1,0.000502008032128514,press_conf
can,—,1,0.000502008032128514,press_conf
could,be,199,0.16419141914191418,press_conf
could,follow,80,0.066006600660066,press_conf
could,talk,58,0.04785478547854786,press_conf
could,see,44,0.036303630363036306,press_conf
could,have,38,0.03135313531353135,press_conf
could,give,33,0.027227722772277228,press_conf
could,do,25,0.020627062706270627,press_conf
could,come,21,0.017326732673267328,press_conf
could,explain,20,0.0165016501650165,press_conf
could,go,19,0.015676567656765675,press_conf
could,affect,18,0.01485148514851485,press_conf
could,happen,18,0.01485148514851485,press_conf
could,say,16,0.013201320132013201,press_conf
could,make,15,0.012376237623762377,press_conf
could,take,15,0.012376237623762377,press_conf
could,get,14,0.01155115511551155,press_conf
could,lead,13,0.010726072607260726,press_conf
could,tell,13,0.010726072607260726,press_conf
could,cause,12,0.009900990099009901,press_conf
could,change,12,0.009900990099009901,press_conf
could,mean,12,0.009900990099009901,press_conf
could,ask,11,0.009075907590759076,press_conf
could,use,11,0.009075907590759076,press_conf
could,comment,10,0.00825082508250825,press_conf
could,elaborate,10,0.00825082508250825,press_conf
could,help,10,0.00825082508250825,press_conf
could,put,10,0.00825082508250825,press_conf
could,weaken,10,0.00825082508250825,press_conf
could,describe,9,0.007425742574257425,press_conf
could,result,9,0.007425742574257425,press_conf
could,impede,8,0.006600660066006601,press_conf
could,clarify,7,0.005775577557755775,press_conf
could,continue,7,0.005775577557755775,press_conf
could,move,7,0.005775577557755775,press_conf
could,speak,7,0.005775577557755775,press_conf
could,warrant,7,0.005775577557755775,press_conf
could,address,6,0.0049504950495049506,press_conf
could,break,6,0.0049504950495049506,press_conf
could,create,6,0.0049504950495049506,press_conf
could,expand,6,0.0049504950495049506,press_conf
could,look,6,0.0049504950495049506,press_conf
could,point,6,0.0049504950495049506,press_conf
could,pose,6,0.0049504950495049506,press_conf
could,spend,6,0.0049504950495049506,press_conf
could,undermine,6,0.0049504950495049506,press_conf
could,walk,6,0.0049504950495049506,press_conf
could,cut,5,0.004125412541254125,press_conf
could,force,5,0.004125412541254125,press_conf
could,raise,5,0.004125412541254125,press_conf
could,slow,5,0.004125412541254125,press_conf
could,think,5,0.004125412541254125,press_conf
could,boost,4,0.0033003300330033004,press_conf
could,could,4,0.0033003300330033004,press_conf
could,hinder,4,0.0033003300330033004,press_conf
could,provide,4,0.0033003300330033004,press_conf
could,reach,4,0.0033003300330033004,press_conf
could,risk,4,0.0033003300330033004,press_conf
could,support,4,0.0033003300330033004,press_conf
could,turn,4,0.0033003300330033004,press_conf
could,aid,3,0.0024752475247524753,press_conf
could,become,3,0.0024752475247524753,press_conf
could,contribute,3,0.0024752475247524753,press_conf
could,detail,3,0.0024752475247524753,press_conf
could,discuss,3,0.0024752475247524753,press_conf
could,drag,3,0.0024752475247524753,press_conf
could,end,3,0.0024752475247524753,press_conf
could,fall,3,0.0024752475247524753,press_conf
could,find,3,0.0024752475247524753,press_conf
could,handle,3,0.0024752475247524753,press_conf
could,hurt,3,0.0024752475247524753,press_conf
could,imagine,3,0.0024752475247524753,press_conf
could,include,3,0.0024752475247524753,press_conf
could,last,3,0.0024752475247524753,press_conf
could,push,3,0.0024752475247524753,press_conf
could,reflect,3,0.0024752475247524753,press_conf
could,share,3,0.0024752475247524753,press_conf
could,stay,3,0.0024752475247524753,press_conf
could,weigh,3,0.0024752475247524753,press_conf
could,wind,3,0.0024752475247524753,press_conf
could,act,2,0.0016501650165016502,press_conf
could,add,2,0.0016501650165016502,press_conf
could,allow,2,0.0016501650165016502,press_conf
could,argue,2,0.0016501650165016502,press_conf
could,arise,2,0.0016501650165016502,press_conf
could,attribute,2,0.0016501650165016502,press_conf
could,buy,2,0.0016501650165016502,press_conf
could,chair,2,0.0016501650165016502,press_conf
could,depress,2,0.0016501650165016502,press_conf
could,envision,2,0.0016501650165016502,press_conf
could,exacerbate,2,0.0016501650165016502,press_conf
could,expect,2,0.0016501650165016502,press_conf
could,face,2,0.0016501650165016502,press_conf
could,form,2,0.0016501650165016502,press_conf
could,grow,2,0.0016501650165016502,press_conf
could,hit,2,0.0016501650165016502,press_conf
could,improve,2,0.0016501650165016502,press_conf
could,increase,2,0.0016501650165016502,press_conf
could,lose,2,0.0016501650165016502,press_conf
could,occur,2,0.0016501650165016502,press_conf
could,operate,2,0.0016501650165016502,press_conf
could,overheat,2,0.0016501650165016502,press_conf
could,pick,2,0.0016501650165016502,press_conf
could,play,2,0.0016501650165016502,press_conf
could,prove,2,0.0016501650165016502,press_conf
could,reduce,2,0.0016501650165016502,press_conf
could,relate,2,0.0016501650165016502,press_conf
could,reverse,2,0.0016501650165016502,press_conf
could,serve,2,0.0016501650165016502,press_conf
could,shed,2,0.0016501650165016502,press_conf
could,spur,2,0.0016501650165016502,press_conf
could,stand,2,0.0016501650165016502,press_conf
could,start,2,0.0016501650165016502,press_conf
could,step,2,0.0016501650165016502,press_conf
could,strengthen,2,0.0016501650165016502,press_conf
could,trigger,2,0.0016501650165016502,press_conf
could,update,2,0.0016501650165016502,press_conf
could,work,2,0.0016501650165016502,press_conf
could,'ve,1,0.0008250825082508251,press_conf
could,accept,1,0.0008250825082508251,press_conf
could,accumulate,1,0.0008250825082508251,press_conf
could,achieve,1,0.0008250825082508251,press_conf
could,associate,1,0.0008250825082508251,press_conf
could,authorize,1,0.0008250825082508251,press_conf
could,bail,1,0.0008250825082508251,press_conf
could,begin,1,0.0008250825082508251,press_conf
could,bolster,1,0.0008250825082508251,press_conf
could,borrow,1,0.0008250825082508251,press_conf
could,bring,1,0.0008250825082508251,press_conf
could,call,1,0.0008250825082508251,press_conf
could,capture,1,0.0008250825082508251,press_conf
could,characterize,1,0.0008250825082508251,press_conf
could,cite,1,0.0008250825082508251,press_conf
could,clear,1,0.0008250825082508251,press_conf
could,clearly,1,0.0008250825082508251,press_conf
could,close,1,0.0008250825082508251,press_conf
could,confirm,1,0.0008250825082508251,press_conf
could,connect,1,0.0008250825082508251,press_conf
could,consider,1,0.0008250825082508251,press_conf
could,constrain,1,0.0008250825082508251,press_conf
could,contaminate,1,0.0008250825082508251,press_conf
could,contemplate,1,0.0008250825082508251,press_conf
could,cool,1,0.0008250825082508251,press_conf
could,criticize,1,0.0008250825082508251,press_conf
could,decline,1,0.0008250825082508251,press_conf
could,deploy,1,0.0008250825082508251,press_conf
could,develop,1,0.0008250825082508251,press_conf
could,draw,1,0.0008250825082508251,press_conf
could,drive,1,0.0008250825082508251,press_conf
could,drop,1,0.0008250825082508251,press_conf
could,elevate,1,0.0008250825082508251,press_conf
could,encourage,1,0.0008250825082508251,press_conf
could,everything,1,0.0008250825082508251,press_conf
could,evolve,1,0.0008250825082508251,press_conf
could,explore,1,0.0008250825082508251,press_conf
could,fail,1,0.0008250825082508251,press_conf
could,favor,1,0.0008250825082508251,press_conf
could,feature,1,0.0008250825082508251,press_conf
could,fill,1,0.0008250825082508251,press_conf
could,fix,1,0.0008250825082508251,press_conf
could,flag,1,0.0008250825082508251,press_conf
could,flatten,1,0.0008250825082508251,press_conf
could,flesh,1,0.0008250825082508251,press_conf
could,flow,1,0.0008250825082508251,press_conf
could,focus,1,0.0008250825082508251,press_conf
could,foster,1,0.0008250825082508251,press_conf
could,fulfill,1,0.0008250825082508251,press_conf
could,game,1,0.0008250825082508251,press_conf
could,harm,1,0.0008250825082508251,press_conf
could,hold,1,0.0008250825082508251,press_conf
could,impact,1,0.0008250825082508251,press_conf
could,influence,1,0.0008250825082508251,press_conf
could,interfere,1,0.0008250825082508251,press_conf
could,invert,1,0.0008250825082508251,press_conf
could,jeopardize,1,0.0008250825082508251,press_conf
could,job,1,0.0008250825082508251,press_conf
could,join,1,0.0008250825082508251,press_conf
could,judge,1,0.0008250825082508251,press_conf
could,justify,1,0.0008250825082508251,press_conf
could,kind,1,0.0008250825082508251,press_conf
could,know,1,0.0008250825082508251,press_conf
could,leave,1,0.0008250825082508251,press_conf
could,lengthen,1,0.0008250825082508251,press_conf
could,let,1,0.0008250825082508251,press_conf
could,limit,1,0.0008250825082508251,press_conf
could,maintain,1,0.0008250825082508251,press_conf
could,materialize,1,0.0008250825082508251,press_conf
could,matter,1,0.0008250825082508251,press_conf
could,measure,1,0.0008250825082508251,press_conf
could,mimic,1,0.0008250825082508251,press_conf
could,misinterpret,1,0.0008250825082508251,press_conf
could,nourish,1,0.0008250825082508251,press_conf
could,parter,1,0.0008250825082508251,press_conf
could,persist,1,0.0008250825082508251,press_conf
could,policy,1,0.0008250825082508251,press_conf
could,pop,1,0.0008250825082508251,press_conf
could,precipitate,1,0.0008250825082508251,press_conf
could,present,1,0.0008250825082508251,press_conf
could,press,1,0.0008250825082508251,press_conf
could,prevent,1,0.0008250825082508251,press_conf
could,proceed,1,0.0008250825082508251,press_conf
could,prompt,1,0.0008250825082508251,press_conf
could,propel,1,0.0008250825082508251,press_conf
could,pull,1,0.0008250825082508251,press_conf
could,quantify,1,0.0008250825082508251,press_conf
could,question,1,0.0008250825082508251,press_conf
could,rate,1,0.0008250825082508251,press_conf
could,re,1,0.0008250825082508251,press_conf
could,reaccelerate,1,0.0008250825082508251,press_conf
could,read,1,0.0008250825082508251,press_conf
could,reason,1,0.0008250825082508251,press_conf
could,refer,1,0.0008250825082508251,press_conf
could,remain,1,0.0008250825082508251,press_conf
could,rent,1,0.0008250825082508251,press_conf
could,repeat,1,0.0008250825082508251,press_conf
could,represent,1,0.0008250825082508251,press_conf
could,require,1,0.0008250825082508251,press_conf
could,resolve,1,0.0008250825082508251,press_conf
could,resort,1,0.0008250825082508251,press_conf
could,respond,1,0.0008250825082508251,press_conf
could,restore,1,0.0008250825082508251,press_conf
could,rise,1,0.0008250825082508251,press_conf
could,roll,1,0.0008250825082508251,press_conf
could,sell,1,0.0008250825082508251,press_conf
could,shift,1,0.0008250825082508251,press_conf
could,signal,1,0.0008250825082508251,press_conf
could,signify,1,0.0008250825082508251,press_conf
could,slip,1,0.0008250825082508251,press_conf
could,specify,1,0.0008250825082508251,press_conf
could,stick,1,0.0008250825082508251,press_conf
could,study,1,0.0008250825082508251,press_conf
could,summarize,1,0.0008250825082508251,press_conf
could,suppose,1,0.0008250825082508251,press_conf
could,taper,1,0.0008250825082508251,press_conf
could,thing,1,0.0008250825082508251,press_conf
could,threaten,1,0.0008250825082508251,press_conf
could,tilt,1,0.0008250825082508251,press_conf
could,tip,1,0.0008250825082508251,press_conf
could,tolerate,1,0.0008250825082508251,press_conf
could,touch,1,0.0008250825082508251,press_conf
could,try,1,0.0008250825082508251,press_conf
could,unfold,1,0.0008250825082508251,press_conf
could,unwind,1,0.0008250825082508251,press_conf
could,up,1,0.0008250825082508251,press_conf
could,way,1,0.0008250825082508251,press_conf
could,weather,1,0.0008250825082508251,press_conf
could,wipe,1,0.0008250825082508251,press_conf
could,withstand,1,0.0008250825082508251,press_conf
could,worsen,1,0.0008250825082508251,press_conf
may,be,220,0.37800687285223367,press_conf
may,have,28,0.048109965635738834,press_conf
may,take,25,0.0429553264604811,press_conf
may,need,20,0.03436426116838488,press_conf
may,see,15,0.02577319587628866,press_conf
may,come,14,0.024054982817869417,press_conf
may,warrant,9,0.015463917525773196,press_conf
may,change,8,0.013745704467353952,press_conf
may,continue,8,0.013745704467353952,press_conf
may,do,7,0.012027491408934709,press_conf
may,happen,7,0.012027491408934709,press_conf
may,affect,6,0.010309278350515464,press_conf
may,go,6,0.010309278350515464,press_conf
may,ask,5,0.00859106529209622,press_conf
may,make,5,0.00859106529209622,press_conf
may,move,5,0.00859106529209622,press_conf
may,turn,5,0.00859106529209622,press_conf
may,find,4,0.006872852233676976,press_conf
may,play,4,0.006872852233676976,press_conf
may,put,4,0.006872852233676976,press_conf
may,reflect,4,0.006872852233676976,press_conf
may,slow,4,0.006872852233676976,press_conf
may,think,4,0.006872852233676976,press_conf
may,agree,3,0.005154639175257732,press_conf
may,delay,3,0.005154639175257732,press_conf
may,experience,3,0.005154639175257732,press_conf
may,face,3,0.005154639175257732,press_conf
may,get,3,0.005154639175257732,press_conf
may,hold,3,0.005154639175257732,press_conf
may,look,3,0.005154639175257732,press_conf
may,lose,3,0.005154639175257732,press_conf
may,may,3,0.005154639175257732,press_conf
may,prove,3,0.005154639175257732,press_conf
may,provide,3,0.005154639175257732,press_conf
may,question,3,0.005154639175257732,press_conf
may,restrain,3,0.005154639175257732,press_conf
may,associate,2,0.003436426116838488,press_conf
may,challenge,2,0.003436426116838488,press_conf
may,contribute,2,0.003436426116838488,press_conf
may,diminish,2,0.003436426116838488,press_conf
may,distort,2,0.003436426116838488,press_conf
may,evolve,2,0.003436426116838488,press_conf
may,follow,2,0.003436426116838488,press_conf
may,give,2,0.003436426116838488,press_conf
may,hit,2,0.003436426116838488,press_conf
may,increase,2,0.003436426116838488,press_conf
may,induce,2,0.003436426116838488,press_conf
may,keep,2,0.003436426116838488,press_conf
may,know,2,0.003436426116838488,press_conf
may,leave,2,0.003436426116838488,press_conf
may,narrow,2,0.003436426116838488,press_conf
may,notice,2,0.003436426116838488,press_conf
may,on,2,0.003436426116838488,press_conf
may,point,2,0.003436426116838488,press_conf
may,pull,2,0.003436426116838488,press_conf
may,read,2,0.003436426116838488,press_conf
may,remain,2,0.003436426116838488,press_conf
may,remember,2,0.003436426116838488,press_conf
may,require,2,0.003436426116838488,press_conf
may,say,2,0.003436426116838488,press_conf
may,spill,2,0.003436426116838488,press_conf
may,stabilize,2,0.003436426116838488,press_conf
may,start,2,0.003436426116838488,press_conf
may,stop,2,0.003436426116838488,press_conf
may,understand,2,0.003436426116838488,press_conf
may,use,2,0.003436426116838488,press_conf
may,address,1,0.001718213058419244,press_conf
may,adjust,1,0.001718213058419244,press_conf
may,anticipate,1,0.001718213058419244,press_conf
may,argue,1,0.001718213058419244,press_conf
may,arise,1,0.001718213058419244,press_conf
may,avoid,1,0.001718213058419244,press_conf
may,boost,1,0.001718213058419244,press_conf
may,bottom,1,0.001718213058419244,press_conf
may,buffet,1,0.001718213058419244,press_conf
may,cause,1,0.001718213058419244,press_conf
may,connect,1,0.001718213058419244,press_conf
may,consumer,1,0.001718213058419244,press_conf
may,decide,1,0.001718213058419244,press_conf
may,depend,1,0.001718213058419244,press_conf
may,depress,1,0.001718213058419244,press_conf
may,destabilize,1,0.001718213058419244,press_conf
may,develop,1,0.001718213058419244,press_conf
may,difference,1,0.001718213058419244,press_conf
may,disagree,1,0.001718213058419244,press_conf
may,encourage,1,0.001718213058419244,press_conf
may,end,1,0.001718213058419244,press_conf
may,escape,1,0.001718213058419244,press_conf
may,exist,1,0.001718213058419244,press_conf
may,fall,1,0.001718213058419244,press_conf
may,flatten,1,0.001718213058419244,press_conf
may,focus,1,0.001718213058419244,press_conf
may,force,1,0.001718213058419244,press_conf
may,help,1,0.001718213058419244,press_conf
may,impact,1,0.001718213058419244,press_conf
may,implement,1,0.001718213058419244,press_conf
may,import,1,0.001718213058419244,press_conf
may,in,1,0.001718213058419244,press_conf
may,join,1,0.001718213058419244,press_conf
may,like,1,0.001718213058419244,press_conf
may,lower,1,0.001718213058419244,press_conf
may,mean,1,0.001718213058419244,press_conf
may,meet,1,0.001718213058419244,press_conf
may,mention,1,0.001718213058419244,press_conf
may,miss,1,0.001718213058419244,press_conf
may,morph,1,0.001718213058419244,press_conf
may,occur,1,0.001718213058419244,press_conf
may,peak,1,0.001718213058419244,press_conf
may,persist,1,0.001718213058419244,press_conf
may,pick,1,0.001718213058419244,press_conf
may,prolong,1,0.001718213058419244,press_conf
may,propose,1,0.001718213058419244,press_conf
may,reach,1,0.001718213058419244,press_conf
may,recover,1,0.001718213058419244,press_conf
may,relate,1,0.001718213058419244,press_conf
may,replace,1,0.001718213058419244,press_conf
may,resolve,1,0.001718213058419244,press_conf
may,seen,1,0.001718213058419244,press_conf
may,shake,1,0.001718213058419244,press_conf
may,signal,1,0.001718213058419244,press_conf
may,soften,1,0.001718213058419244,press_conf
may,succeed,1,0.001718213058419244,press_conf
may,tailor,1,0.001718213058419244,press_conf
may,thing,1,0.001718213058419244,press_conf
may,tighten,1,0.001718213058419244,press_conf
may,try,1,0.001718213058419244,press_conf
may,underestimate,1,0.001718213058419244,press_conf
may,undermine,1,0.001718213058419244,press_conf
may,up,1,0.001718213058419244,press_conf
may,vary,1,0.001718213058419244,press_conf
may,weigh,1,0.001718213058419244,press_conf
may,wind,1,0.001718213058419244,press_conf
should,be,138,0.1994219653179191,press_conf
should,do,27,0.03901734104046243,press_conf
should,see,24,0.03468208092485549,press_conf
should,help,21,0.030346820809248554,press_conf
should,take,20,0.028901734104046242,press_conf
should,expect,19,0.02745664739884393,press_conf
should,have,19,0.02745664739884393,press_conf
should,move,17,0.024566473988439308,press_conf
should,interpret,15,0.02167630057803468,press_conf
should,think,14,0.02023121387283237,press_conf
should,happen,11,0.015895953757225433,press_conf
should,look,10,0.014450867052023121,press_conf
should,assume,9,0.01300578034682081,press_conf
should,come,9,0.01300578034682081,press_conf
should,go,9,0.01300578034682081,press_conf
should,make,9,0.01300578034682081,press_conf
should,understand,9,0.01300578034682081,press_conf
should,direct,6,0.008670520231213872,press_conf
should,know,6,0.008670520231213872,press_conf
should,read,6,0.008670520231213872,press_conf
should,start,6,0.008670520231213872,press_conf
should,support,6,0.008670520231213872,press_conf
should,use,6,0.008670520231213872,press_conf
should,continue,5,0.0072254335260115606,press_conf
should,doubt,5,0.0072254335260115606,press_conf
should,say,5,0.0072254335260115606,press_conf
should,show,5,0.0072254335260115606,press_conf
should,stop,5,0.0072254335260115606,press_conf
should,cut,4,0.005780346820809248,press_conf
should,encourage,4,0.005780346820809248,press_conf
should,get,4,0.005780346820809248,press_conf
should,overstate,4,0.005780346820809248,press_conf
should,pay,4,0.005780346820809248,press_conf
should,put,4,0.005780346820809248,press_conf
should,raise,4,0.005780346820809248,press_conf
should,reduce,4,0.005780346820809248,press_conf
should,wane,4,0.005780346820809248,press_conf
should,affect,3,0.004335260115606936,press_conf
should,begin,3,0.004335260115606936,press_conf
should,believe,3,0.004335260115606936,press_conf
should,change,3,0.004335260115606936,press_conf
should,consider,3,0.004335260115606936,press_conf
should,decline,3,0.004335260115606936,press_conf
should,determine,3,0.004335260115606936,press_conf
should,diminish,3,0.004335260115606936,press_conf
should,feel,3,0.004335260115606936,press_conf
should,improve,3,0.004335260115606936,press_conf
should,matter,3,0.004335260115606936,press_conf
should,mention,3,0.004335260115606936,press_conf
should,provide,3,0.004335260115606936,press_conf
should,respond,3,0.004335260115606936,press_conf
should,reverse,3,0.004335260115606936,press_conf
should,view,3,0.004335260115606936,press_conf
should,wait,3,0.004335260115606936,press_conf
should,want,3,0.004335260115606936,press_conf
should,watch,3,0.004335260115606936,press_conf
should,add,2,0.002890173410404624,press_conf
should,anticipate,2,0.002890173410404624,press_conf
should,apply,2,0.002890173410404624,press_conf
should,base,2,0.002890173410404624,press_conf
should,contribute,2,0.002890173410404624,press_conf
should,create,2,0.002890173410404624,press_conf
should,define,2,0.002890173410404624,press_conf
should,depend,2,0.002890173410404624,press_conf
should,dissipate,2,0.002890173410404624,press_conf
should,drive,2,0.002890173410404624,press_conf
should,emerge,2,0.002890173410404624,press_conf
should,emphasize,2,0.002890173410404624,press_conf
should,fail,2,0.002890173410404624,press_conf
should,focus,2,0.002890173410404624,press_conf
should,guard,2,0.002890173410404624,press_conf
should,hike,2,0.002890173410404624,press_conf
should,ignore,2,0.002890173410404624,press_conf
should,increase,2,0.002890173410404624,press_conf
should,lead,2,0.002890173410404624,press_conf
should,lower,2,0.002890173410404624,press_conf
should,occur,2,0.002890173410404624,press_conf
should,overblow,2,0.002890173410404624,press_conf
should,own,2,0.002890173410404624,press_conf
should,perform,2,0.002890173410404624,press_conf
should,reflect,2,0.002890173410404624,press_conf
should,remain,2,0.002890173410404624,press_conf
should,slow,2,0.002890173410404624,press_conf
should,surprise,2,0.002890173410404624,press_conf
should,talk,2,0.002890173410404624,press_conf
should,tell,2,0.002890173410404624,press_conf
should,try,2,0.002890173410404624,press_conf
should,warrant,2,0.002890173410404624,press_conf
should,work,2,0.002890173410404624,press_conf
should,abate,1,0.001445086705202312,press_conf
should,about,1,0.001445086705202312,press_conf
should,address,1,0.001445086705202312,press_conf
should,allow,1,0.001445086705202312,press_conf
should,animate,1,0.001445086705202312,press_conf
should,arise,1,0.001445086705202312,press_conf
should,ask,1,0.001445086705202312,press_conf
should,avoid,1,0.001445086705202312,press_conf
should,become,1,0.001445086705202312,press_conf
should,brace,1,0.001445086705202312,press_conf
should,bring,1,0.001445086705202312,press_conf
should,build,1,0.001445086705202312,press_conf
should,burst,1,0.001445086705202312,press_conf
should,call,1,0.001445086705202312,press_conf
should,clarify,1,0.001445086705202312,press_conf
should,coexist,1,0.001445086705202312,press_conf
should,commence,1,0.001445086705202312,press_conf
should,communicate,1,0.001445086705202312,press_conf
should,confuse,1,0.001445086705202312,press_conf
should,contemplate,1,0.001445086705202312,press_conf
should,deem,1,0.001445086705202312,press_conf
should,default,1,0.001445086705202312,press_conf
should,defend,1,0.001445086705202312,press_conf
should,deploy,1,0.001445086705202312,press_conf
should,discuss,1,0.001445086705202312,press_conf
should,dismiss,1,0.001445086705202312,press_conf
should,enable,1,0.001445086705202312,press_conf
should,end,1,0.001445086705202312,press_conf
should,enter,1,0.001445086705202312,press_conf
should,experience,1,0.001445086705202312,press_conf
should,find,1,0.001445086705202312,press_conf
should,give,1,0.001445086705202312,press_conf
should,grow,1,0.001445086705202312,press_conf
should,handle,1,0.001445086705202312,press_conf
should,hold,1,0.001445086705202312,press_conf
should,household,1,0.001445086705202312,press_conf
should,inclined,1,0.001445086705202312,press_conf
should,include,1,0.001445086705202312,press_conf
should,infer,1,0.001445086705202312,press_conf
should,inform,1,0.001445086705202312,press_conf
should,invest,1,0.001445086705202312,press_conf
should,involve,1,0.001445086705202312,press_conf
should,judge,1,0.001445086705202312,press_conf
should,keep,1,0.001445086705202312,press_conf
should,let,1,0.001445086705202312,press_conf
should,lose,1,0.001445086705202312,press_conf
should,materialize,1,0.001445086705202312,press_conf
should,narrow,1,0.001445086705202312,press_conf
should,nominate,1,0.001445086705202312,press_conf
should,normalize,1,0.001445086705202312,press_conf
should,note,1,0.001445086705202312,press_conf
should,offset,1,0.001445086705202312,press_conf
should,overinterprete,1,0.001445086705202312,press_conf
should,overshadow,1,0.001445086705202312,press_conf
should,pass,1,0.001445086705202312,press_conf
should,peak,1,0.001445086705202312,press_conf
should,pick,1,0.001445086705202312,press_conf
should,play,1,0.001445086705202312,press_conf
should,point,1,0.001445086705202312,press_conf
should,prepare,1,0.001445086705202312,press_conf
should,prevent,1,0.001445086705202312,press_conf
should,propose,1,0.001445086705202312,press_conf
should,pull,1,0.001445086705202312,press_conf
should,push,1,0.001445086705202312,press_conf
should,react,1,0.001445086705202312,press_conf
should,realize,1,0.001445086705202312,press_conf
should,recommend,1,0.001445086705202312,press_conf
should,reexamine,1,0.001445086705202312,press_conf
should,reopen,1,0.001445086705202312,press_conf
should,repeat,1,0.001445086705202312,press_conf
should,represent,1,0.001445086705202312,press_conf
should,resign,1,0.001445086705202312,press_conf
should,result,1,0.001445086705202312,press_conf
should,resume,1,0.001445086705202312,press_conf
should,review,1,0.001445086705202312,press_conf
should,run,1,0.001445086705202312,press_conf
should,send,1,0.001445086705202312,press_conf
should,serve,1,0.001445086705202312,press_conf
should,single,1,0.001445086705202312,press_conf
should,spend,1,0.001445086705202312,press_conf
should,stay,1,0.001445086705202312,press_conf
should,subside,1,0.001445086705202312,press_conf
should,turn,1,0.001445086705202312,press_conf
should,underestimate,1,0.001445086705202312,press_conf
should,unwind,1,0.001445086705202312,press_conf
should,upset,1,0.001445086705202312,press_conf
should,walk,1,0.001445086705202312,press_conf
should,wear,1,0.001445086705202312,press_conf
should,weigh,1,0.001445086705202312,press_conf
should,welcome,1,0.001445086705202312,press_conf
should,well,1,0.001445086705202312,press_conf
should,wonder,1,0.001445086705202312,press_conf
will,be,952,0.19701986754966888,press_conf
will,continue,251,0.0519453642384106,press_conf
will,have,243,0.05028973509933775,press_conf
will,see,182,0.03766556291390728,press_conf
will,do,162,0.03352649006622516,press_conf
will,take,158,0.03269867549668874,press_conf
will,go,148,0.030629139072847682,press_conf
will,look,148,0.030629139072847682,press_conf
will,say,133,0.02752483443708609,press_conf
will,come,87,0.018004966887417217,press_conf
will,make,80,0.016556291390728478,press_conf
will,move,70,0.014486754966887417,press_conf
will,depend,68,0.014072847682119206,press_conf
will,get,66,0.013658940397350994,press_conf
will,happen,60,0.012417218543046357,press_conf
will,know,60,0.012417218543046357,press_conf
will,need,57,0.01179635761589404,press_conf
will,watch,54,0.011175496688741722,press_conf
will,help,47,0.00972682119205298,press_conf
will,use,45,0.009312913907284769,press_conf
will,remain,39,0.008071192052980132,press_conf
will,tell,39,0.008071192052980132,press_conf
will,keep,37,0.007657284768211921,press_conf
will,adjust,36,0.0074503311258278145,press_conf
will,monitor,28,0.005794701986754967,press_conf
will,provide,27,0.005587748344370861,press_conf
will,become,26,0.005380794701986755,press_conf
will,begin,26,0.005380794701986755,press_conf
will,give,26,0.005380794701986755,press_conf
will,achieve,24,0.004966887417218543,press_conf
will,evolve,24,0.004966887417218543,press_conf
will,start,24,0.004966887417218543,press_conf
will,leave,23,0.004759933774834437,press_conf
will,try,23,0.004759933774834437,press_conf
will,think,22,0.004552980132450331,press_conf
will,change,21,0.004346026490066225,press_conf
will,show,19,0.003932119205298013,press_conf
will,work,19,0.003932119205298013,press_conf
will,support,18,0.0037251655629139072,press_conf
will,ask,17,0.0035182119205298015,press_conf
will,assess,17,0.0035182119205298015,press_conf
will,turn,17,0.0035182119205298015,press_conf
will,act,16,0.0033112582781456954,press_conf
will,return,16,0.0033112582781456954,press_conf
will,affect,15,0.003104304635761589,press_conf
will,find,15,0.003104304635761589,press_conf
will,benefit,14,0.0028973509933774835,press_conf
will,ensure,14,0.0028973509933774835,press_conf
will,put,14,0.0028973509933774835,press_conf
will,rise,14,0.0028973509933774835,press_conf
will,want,14,0.0028973509933774835,press_conf
will,warrant,14,0.0028973509933774835,press_conf
will,will,14,0.0028973509933774835,press_conf
will,run,13,0.0026903973509933773,press_conf
will,expect,12,0.0024834437086092716,press_conf
will,stay,12,0.0024834437086092716,press_conf
will,bring,11,0.0022764900662251655,press_conf
will,hesitate,11,0.0022764900662251655,press_conf
will,raise,11,0.0022764900662251655,press_conf
will,reach,11,0.0022764900662251655,press_conf
will,require,11,0.0022764900662251655,press_conf
will,weigh,11,0.0022764900662251655,press_conf
will,consider,10,0.0020695364238410598,press_conf
will,discuss,10,0.0020695364238410598,press_conf
will,feel,10,0.0020695364238410598,press_conf
will,hold,10,0.0020695364238410598,press_conf
will,lead,10,0.0020695364238410598,press_conf
will,matter,10,0.0020695364238410598,press_conf
will,pay,10,0.0020695364238410598,press_conf
will,talk,10,0.0020695364238410598,press_conf
will,we,10,0.0020695364238410598,press_conf
will,learn,9,0.0018625827814569536,press_conf
will,pick,9,0.0018625827814569536,press_conf
will,play,9,0.0018625827814569536,press_conf
will,strengthen,9,0.0018625827814569536,press_conf
will,sustain,9,0.0018625827814569536,press_conf
will,aim,8,0.0016556291390728477,press_conf
will,allow,8,0.0016556291390728477,press_conf
will,determine,8,0.0016556291390728477,press_conf
will,expand,8,0.0016556291390728477,press_conf
will,explain,8,0.0016556291390728477,press_conf
will,follow,8,0.0016556291390728477,press_conf
will,grow,8,0.0016556291390728477,press_conf
will,pass,8,0.0016556291390728477,press_conf
will,react,8,0.0016556291390728477,press_conf
will,repeat,8,0.0016556291390728477,press_conf
will,taper,8,0.0016556291390728477,press_conf
will,cause,7,0.0014486754966887417,press_conf
will,evaluate,7,0.0014486754966887417,press_conf
will,fall,7,0.0014486754966887417,press_conf
will,focus,7,0.0014486754966887417,press_conf
will,improve,7,0.0014486754966887417,press_conf
will,mean,7,0.0014486754966887417,press_conf
will,meet,7,0.0014486754966887417,press_conf
will,reduce,7,0.0014486754966887417,press_conf
will,reflect,7,0.0014486754966887417,press_conf
will,review,7,0.0014486754966887417,press_conf
will,serve,7,0.0014486754966887417,press_conf
will,slow,7,0.0014486754966887417,press_conf
will,stop,7,0.0014486754966887417,press_conf
will,adapt,6,0.0012417218543046358,press_conf
will,believe,6,0.0012417218543046358,press_conf
will,decide,6,0.0012417218543046358,press_conf
will,drive,6,0.0012417218543046358,press_conf
will,include,6,0.0012417218543046358,press_conf
will,judge,6,0.0012417218543046358,press_conf
will,lower,6,0.0012417218543046358,press_conf
will,push,6,0.0012417218543046358,press_conf
will,repay,6,0.0012417218543046358,press_conf
will,respond,6,0.0012417218543046358,press_conf
will,set,6,0.0012417218543046358,press_conf
will,signal,6,0.0012417218543046358,press_conf
will,unfold,6,0.0012417218543046358,press_conf
will,answer,5,0.0010347682119205299,press_conf
will,base,5,0.0010347682119205299,press_conf
will,communicate,5,0.0010347682119205299,press_conf
will,conduct,5,0.0010347682119205299,press_conf
will,decline,5,0.0010347682119205299,press_conf
will,face,5,0.0010347682119205299,press_conf
will,factor,5,0.0010347682119205299,press_conf
will,increase,5,0.0010347682119205299,press_conf
will,last,5,0.0010347682119205299,press_conf
will,notice,5,0.0010347682119205299,press_conf
will,occur,5,0.0010347682119205299,press_conf
will,offset,5,0.0010347682119205299,press_conf
will,produce,5,0.0010347682119205299,press_conf
will,purchase,5,0.0010347682119205299,press_conf
will,remember,5,0.0010347682119205299,press_conf
will,tend,5,0.0010347682119205299,press_conf
will,wait,5,0.0010347682119205299,press_conf
will,wind,5,0.0010347682119205299,press_conf
will,write,5,0.0010347682119205299,press_conf
will,add,4,0.0008278145695364238,press_conf
will,address,4,0.0008278145695364238,press_conf
will,call,4,0.0008278145695364238,press_conf
will,close,4,0.0008278145695364238,press_conf
will,cover,4,0.0008278145695364238,press_conf
will,end,4,0.0008278145695364238,press_conf
will,fade,4,0.0008278145695364238,press_conf
will,foster,4,0.0008278145695364238,press_conf
will,guide,4,0.0008278145695364238,press_conf
will,hear,4,0.0008278145695364238,press_conf
will,hope,4,0.0008278145695364238,press_conf
will,inform,4,0.0008278145695364238,press_conf
will,involve,4,0.0008278145695364238,press_conf
will,lift,4,0.0008278145695364238,press_conf
will,likely,4,0.0008278145695364238,press_conf
will,mention,4,0.0008278145695364238,press_conf
will,note,4,0.0008278145695364238,press_conf
will,persist,4,0.0008278145695364238,press_conf
will,point,4,0.0008278145695364238,press_conf
will,prove,4,0.0008278145695364238,press_conf
will,reinvest,4,0.0008278145695364238,press_conf
will,release,4,0.0008278145695364238,press_conf
will,restore,4,0.0008278145695364238,press_conf
will,roll,4,0.0008278145695364238,press_conf
will,shrink,4,0.0008278145695364238,press_conf
will,spend,4,0.0008278145695364238,press_conf
will,stand,4,0.0008278145695364238,press_conf
will,strive,4,0.0008278145695364238,press_conf
will,understand,4,0.0008278145695364238,press_conf
will,update,4,0.0008278145695364238,press_conf
will,abate,3,0.0006208609271523179,press_conf
will,avoid,3,0.0006208609271523179,press_conf
will,behave,3,0.0006208609271523179,press_conf
will,bounce,3,0.0006208609271523179,press_conf
will,clear,3,0.0006208609271523179,press_conf
will,conclude,3,0.0006208609271523179,press_conf
will,contain,3,0.0006208609271523179,press_conf
will,dissipate,3,0.0006208609271523179,press_conf
will,drop,3,0.0006208609271523179,press_conf
will,emerge,3,0.0006208609271523179,press_conf
will,enter,3,0.0006208609271523179,press_conf
will,hurt,3,0.0006208609271523179,press_conf
will,limit,3,0.0006208609271523179,press_conf
will,lose,3,0.0006208609271523179,press_conf
will,moderate,3,0.0006208609271523179,press_conf
will,proceed,3,0.0006208609271523179,press_conf
will,reopen,3,0.0006208609271523179,press_conf
will,result,3,0.0006208609271523179,press_conf
will,reverse,3,0.0006208609271523179,press_conf
will,revisit,3,0.0006208609271523179,press_conf
will,share,3,0.0006208609271523179,press_conf
will,supply,3,0.0006208609271523179,press_conf
will,trade,3,0.0006208609271523179,press_conf
will,we're,3,0.0006208609271523179,press_conf
will,accept,2,0.0004139072847682119,press_conf
will,amount,2,0.0004139072847682119,press_conf
will,apply,2,0.0004139072847682119,press_conf
will,approach,2,0.0004139072847682119,press_conf
will,assure,2,0.0004139072847682119,press_conf
will,balance,2,0.0004139072847682119,press_conf
will,boost,2,0.0004139072847682119,press_conf
will,complete,2,0.0004139072847682119,press_conf
will,consist,2,0.0004139072847682119,press_conf
will,contribute,2,0.0004139072847682119,press_conf
will,cut,2,0.0004139072847682119,press_conf
will,deal,2,0.0004139072847682119,press_conf
will,dip,2,0.0004139072847682119,press_conf
will,disappear,2,0.0004139072847682119,press_conf
will,eliminate,2,0.0004139072847682119,press_conf
will,facilitate,2,0.0004139072847682119,press_conf
will,force,2,0.0004139072847682119,press_conf
will,hike,2,0.0004139072847682119,press_conf
will,hinge,2,0.0004139072847682119,press_conf
will,hire,2,0.0004139072847682119,press_conf
will,hit,2,0.0004139072847682119,press_conf
will,imagine,2,0.0004139072847682119,press_conf
will,implement,2,0.0004139072847682119,press_conf
will,lay,2,0.0004139072847682119,press_conf
will,mark,2,0.0004139072847682119,press_conf
will,mature,2,0.0004139072847682119,press_conf
will,miss,2,0.0004139072847682119,press_conf
will,offer,2,0.0004139072847682119,press_conf
will,persuade,2,0.0004139072847682119,press_conf
will,place,2,0.0004139072847682119,press_conf
will,possibility,2,0.0004139072847682119,press_conf
will,promote,2,0.0004139072847682119,press_conf
will,read,2,0.0004139072847682119,press_conf
will,recall,2,0.0004139072847682119,press_conf
will,receive,2,0.0004139072847682119,press_conf
will,reconsider,2,0.0004139072847682119,press_conf
will,restrain,2,0.0004139072847682119,press_conf
will,retain,2,0.0004139072847682119,press_conf
will,reveal,2,0.0004139072847682119,press_conf
will,revise,2,0.0004139072847682119,press_conf
will,seek,2,0.0004139072847682119,press_conf
will,sort,2,0.0004139072847682119,press_conf
will,spread,2,0.0004139072847682119,press_conf
will,stick,2,0.0004139072847682119,press_conf
will,struggle,2,0.0004139072847682119,press_conf
will,succeed,2,0.0004139072847682119,press_conf
will,suffer,2,0.0004139072847682119,press_conf
will,that,2,0.0004139072847682119,press_conf
will,tie,2,0.0004139072847682119,press_conf
will,tighten,2,0.0004139072847682119,press_conf
will,track,2,0.0004139072847682119,press_conf
will,translate,2,0.0004139072847682119,press_conf
will,vote,2,0.0004139072847682119,press_conf
will,worry,2,0.0004139072847682119,press_conf
will,wrap,2,0.0004139072847682119,press_conf
will,account,1,0.00020695364238410596,press_conf
will,admit,1,0.00020695364238410596,press_conf
will,alleviate,1,0.00020695364238410596,press_conf
will,announce,1,0.00020695364238410596,press_conf
will,appear,1,0.00020695364238410596,press_conf
will,approve,1,0.00020695364238410596,press_conf
will,argue,1,0.00020695364238410596,press_conf
will,arise,1,0.00020695364238410596,press_conf
will,assume,1,0.00020695364238410596,press_conf
will,at,1,0.00020695364238410596,press_conf
will,balloon,1,0.00020695364238410596,press_conf
will,batter,1,0.00020695364238410596,press_conf
will,bear,1,0.00020695364238410596,press_conf
will,block,1,0.00020695364238410596,press_conf
will,break,1,0.00020695364238410596,press_conf
will,brief,1,0.00020695364238410596,press_conf
will,build,1,0.00020695364238410596,press_conf
will,cap,1,0.00020695364238410596,press_conf
will,cease,1,0.00020695364238410596,press_conf
will,chance,1,0.00020695364238410596,press_conf
will,characterize,1,0.00020695364238410596,press_conf
will,check,1,0.00020695364238410596,press_conf
will,clarify,1,0.00020695364238410596,press_conf
will,commit,1,0.00020695364238410596,press_conf
will,confirm,1,0.00020695364238410596,press_conf
will,cool,1,0.00020695364238410596,press_conf
will,cooperate,1,0.00020695364238410596,press_conf
will,correct,1,0.00020695364238410596,press_conf
will,count,1,0.00020695364238410596,press_conf
will,de,1,0.00020695364238410596,press_conf
will,decrease,1,0.00020695364238410596,press_conf
will,define,1,0.00020695364238410596,press_conf
will,deliver,1,0.00020695364238410596,press_conf
will,demand,1,0.00020695364238410596,press_conf
will,deplete,1,0.00020695364238410596,press_conf
will,describe,1,0.00020695364238410596,press_conf
will,deter,1,0.00020695364238410596,press_conf
will,deteriorate,1,0.00020695364238410596,press_conf
will,devote,1,0.00020695364238410596,press_conf
will,differ,1,0.00020695364238410596,press_conf
will,discover,1,0.00020695364238410596,press_conf
will,dive,1,0.00020695364238410596,press_conf
will,dwindle,1,0.00020695364238410596,press_conf
will,ease,1,0.00020695364238410596,press_conf
will,eat,1,0.00020695364238410596,press_conf
will,elect,1,0.00020695364238410596,press_conf
will,enable,1,0.00020695364238410596,press_conf
will,encourage,1,0.00020695364238410596,press_conf
will,enforce,1,0.00020695364238410596,press_conf
will,enough,1,0.00020695364238410596,press_conf
will,exceed,1,0.00020695364238410596,press_conf
will,exert,1,0.00020695364238410596,press_conf
will,experience,1,0.00020695364238410596,press_conf
will,expire,1,0.00020695364238410596,press_conf
will,explore,1,0.00020695364238410596,press_conf
will,extend,1,0.00020695364238410596,press_conf
will,file,1,0.00020695364238410596,press_conf
will,finalize,1,0.00020695364238410596,press_conf
will,fix,1,0.00020695364238410596,press_conf
will,flatten,1,0.00020695364238410596,press_conf
will,fluctuate,1,0.00020695364238410596,press_conf
will,fly,1,0.00020695364238410596,press_conf
will,foreshadow,1,0.00020695364238410596,press_conf
will,freeze,1,0.00020695364238410596,press_conf
will,fulfil,1,0.00020695364238410596,press_conf
will,gain,1,0.00020695364238410596,press_conf
will,gear,1,0.00020695364238410596,press_conf
will,handle,1,0.00020695364238410596,press_conf
will,heal,1,0.00020695364238410596,press_conf
will,highlight,1,0.00020695364238410596,press_conf
will,hopeful,1,0.00020695364238410596,press_conf
will,identify,1,0.00020695364238410596,press_conf
will,ignore,1,0.00020695364238410596,press_conf
will,impact,1,0.00020695364238410596,press_conf
will,imply,1,0.00020695364238410596,press_conf
will,in,1,0.00020695364238410596,press_conf
will,incorporate,1,0.00020695364238410596,press_conf
will,indicate,1,0.00020695364238410596,press_conf
will,intend,1,0.00020695364238410596,press_conf
will,interfere,1,0.00020695364238410596,press_conf
will,invest,1,0.00020695364238410596,press_conf
will,issue,1,0.00020695364238410596,press_conf
will,justify,1,0.00020695364238410596,press_conf
will,kind,1,0.00020695364238410596,press_conf
will,lessen,1,0.00020695364238410596,press_conf
will,list,1,0.00020695364238410596,press_conf
will,live,1,0.00020695364238410596,press_conf
will,maintain,1,0.00020695364238410596,press_conf
will,materialize,1,0.00020695364238410596,press_conf
will,modification,1,0.00020695364238410596,press_conf
will,name,1,0.00020695364238410596,press_conf
will,necessitate,1,0.00020695364238410596,press_conf
will,nominate,1,0.00020695364238410596,press_conf
will,normalize,1,0.00020695364238410596,press_conf
will,observe,1,0.00020695364238410596,press_conf
will,operate,1,0.00020695364238410596,press_conf
will,over,1,0.00020695364238410596,press_conf
will,overreact,1,0.00020695364238410596,press_conf
will,participation,1,0.00020695364238410596,press_conf
will,peak,1,0.00020695364238410596,press_conf
will,perform,1,0.00020695364238410596,press_conf
will,phase,1,0.00020695364238410596,press_conf
will,position,1,0.00020695364238410596,press_conf
will,preannounce,1,0.00020695364238410596,press_conf
will,predict,1,0.00020695364238410596,press_conf
will,prevail,1,0.00020695364238410596,press_conf
will,price,1,0.00020695364238410596,press_conf
will,progress,1,0.00020695364238410596,press_conf
will,prolong,1,0.00020695364238410596,press_conf
will,propose,1,0.00020695364238410596,press_conf
will,question,1,0.00020695364238410596,press_conf
will,ratify,1,0.00020695364238410596,press_conf
will,realize,1,0.00020695364238410596,press_conf
will,recede,1,0.00020695364238410596,press_conf
will,recover,1,0.00020695364238410596,press_conf
will,refer,1,0.00020695364238410596,press_conf
will,regain,1,0.00020695364238410596,press_conf
will,regard,1,0.00020695364238410596,press_conf
will,rely,1,0.00020695364238410596,press_conf
will,resolve,1,0.00020695364238410596,press_conf
will,respect,1,0.00020695364238410596,press_conf
will,resume,1,0.00020695364238410596,press_conf
will,retire,1,0.00020695364238410596,press_conf
will,root,1,0.00020695364238410596,press_conf
will,rule,1,0.00020695364238410596,press_conf
will,scar,1,0.00020695364238410596,press_conf
will,send,1,0.00020695364238410596,press_conf
will,separate,1,0.00020695364238410596,press_conf
will,settle,1,0.00020695364238410596,press_conf
will,shake,1,0.00020695364238410596,press_conf
will,shift,1,0.00020695364238410596,press_conf
will,shocked,1,0.00020695364238410596,press_conf
will,shut,1,0.00020695364238410596,press_conf
will,slip,1,0.00020695364238410596,press_conf
will,so,1,0.00020695364238410596,press_conf
will,solve,1,0.00020695364238410596,press_conf
will,something,1,0.00020695364238410596,press_conf
will,soon,1,0.00020695364238410596,press_conf
will,speculate,1,0.00020695364238410596,press_conf
will,spur,1,0.00020695364238410596,press_conf
will,stabilize,1,0.00020695364238410596,press_conf
will,sum,1,0.00020695364238410596,press_conf
will,summarize,1,0.00020695364238410596,press_conf
will,supervise,1,0.00020695364238410596,press_conf
will,sure,1,0.00020695364238410596,press_conf
will,target,1,0.00020695364238410596,press_conf
will,tariff,1,0.00020695364238410596,press_conf
will,throw,1,0.00020695364238410596,press_conf
will,touch,1,0.00020695364238410596,press_conf
will,transmit,1,0.00020695364238410596,press_conf
will,undercut,1,0.00020695364238410596,press_conf
will,undertake,1,0.00020695364238410596,press_conf
will,utter,1,0.00020695364238410596,press_conf
will,visit,1,0.00020695364238410596,press_conf
will,wane,1,0.00020695364238410596,press_conf
will,weaken,1,0.00020695364238410596,press_conf
will,wear,1,0.00020695364238410596,press_conf
would,be,796,0.20352850933265149,press_conf
would,say,688,0.1759140884684224,press_conf
would,like,179,0.04576834569163897,press_conf
would,want,118,0.03017131168499105,press_conf
would,have,109,0.02787010994630529,press_conf
would,look,109,0.02787010994630529,press_conf
would,expect,95,0.02429046279723856,press_conf
would,take,85,0.021733571976476605,press_conf
would,point,64,0.016364101252876503,press_conf
would,think,63,0.016108412170800307,press_conf
would,do,57,0.014574277678343135,press_conf
would,need,57,0.014574277678343135,press_conf
would,see,51,0.013040143185885963,press_conf
would,consider,42,0.010738941447200204,press_conf
would,make,37,0.009460496036819227,press_conf
would,characterize,31,0.007926361544362055,press_conf
would,start,31,0.007926361544362055,press_conf
would,go,29,0.007414983380209665,press_conf
would,put,28,0.007159294298133469,press_conf
would,move,25,0.0063922270519048835,press_conf
would,agree,24,0.006136537969828688,press_conf
would,call,24,0.006136537969828688,press_conf
would,love,22,0.005625159805676298,press_conf
would,mean,22,0.005625159805676298,press_conf
would,suggest,22,0.005625159805676298,press_conf
would,get,21,0.005369470723600102,press_conf
would,happen,21,0.005369470723600102,press_conf
would,work,21,0.005369470723600102,press_conf
would,affect,20,0.005113781641523907,press_conf
would,cause,19,0.004858092559447712,press_conf
would,depend,19,0.004858092559447712,press_conf
would,change,18,0.004602403477371516,press_conf
would,raise,18,0.004602403477371516,press_conf
would,give,17,0.004346714395295321,press_conf
would,add,14,0.0035796471490667347,press_conf
would,describe,14,0.0035796471490667347,press_conf
would,feel,14,0.0035796471490667347,press_conf
would,help,14,0.0035796471490667347,press_conf
would,include,14,0.0035796471490667347,press_conf
would,lead,14,0.0035796471490667347,press_conf
would,come,13,0.0033239580669905395,press_conf
would,respond,13,0.0033239580669905395,press_conf
would,tend,13,0.0033239580669905395,press_conf
would,use,13,0.0033239580669905395,press_conf
would,concern,12,0.003068268984914344,press_conf
would,know,12,0.003068268984914344,press_conf
would,support,12,0.003068268984914344,press_conf
would,hold,11,0.002812579902838149,press_conf
would,tell,11,0.002812579902838149,press_conf
would,hope,10,0.0025568908207619537,press_conf
would,welcome,10,0.0025568908207619537,press_conf
would,bring,9,0.002301201738685758,press_conf
would,react,9,0.002301201738685758,press_conf
would,wait,9,0.002301201738685758,press_conf
would,warrant,9,0.002301201738685758,press_conf
would,ask,8,0.002045512656609563,press_conf
would,comment,8,0.002045512656609563,press_conf
would,cut,8,0.002045512656609563,press_conf
would,judge,8,0.002045512656609563,press_conf
would,keep,8,0.002045512656609563,press_conf
would,matter,8,0.002045512656609563,press_conf
would,show,8,0.002045512656609563,press_conf
would,continue,7,0.0017898235745333673,press_conf
would,explain,7,0.0017898235745333673,press_conf
would,follow,7,0.0017898235745333673,press_conf
would,note,7,0.0017898235745333673,press_conf
would,require,7,0.0017898235745333673,press_conf
would,seem,7,0.0017898235745333673,press_conf
would,worry,7,0.0017898235745333673,press_conf
would,allow,6,0.001534134492457172,press_conf
would,constitute,6,0.001534134492457172,press_conf
would,imagine,6,0.001534134492457172,press_conf
would,imply,6,0.001534134492457172,press_conf
would,leave,6,0.001534134492457172,press_conf
would,prefer,6,0.001534134492457172,press_conf
would,provide,6,0.001534134492457172,press_conf
would,stop,6,0.001534134492457172,press_conf
would,talk,6,0.001534134492457172,press_conf
would,would,6,0.001534134492457172,press_conf
would,begin,5,0.0012784454103809768,press_conf
would,create,5,0.0012784454103809768,press_conf
would,drive,5,0.0012784454103809768,press_conf
would,emphasize,5,0.0012784454103809768,press_conf
would,end,5,0.0012784454103809768,press_conf
would,factor,5,0.0012784454103809768,press_conf
would,guess,5,0.0012784454103809768,press_conf
would,indicate,5,0.0012784454103809768,press_conf
would,meet,5,0.0012784454103809768,press_conf
would,remain,5,0.0012784454103809768,press_conf
would,rise,5,0.0012784454103809768,press_conf
would,trigger,5,0.0012784454103809768,press_conf
would,try,5,0.0012784454103809768,press_conf
would,view,5,0.0012784454103809768,press_conf
would,weigh,5,0.0012784454103809768,press_conf
would,anticipate,4,0.0010227563283047815,press_conf
would,decide,4,0.0010227563283047815,press_conf
would,disappear,4,0.0010227563283047815,press_conf
would,focus,4,0.0010227563283047815,press_conf
would,hesitate,4,0.0010227563283047815,press_conf
would,increase,4,0.0010227563283047815,press_conf
would,let,4,0.0010227563283047815,press_conf
would,offset,4,0.0010227563283047815,press_conf
would,prepare,4,0.0010227563283047815,press_conf
would,reach,4,0.0010227563283047815,press_conf
would,reduce,4,0.0010227563283047815,press_conf
would,regard,4,0.0010227563283047815,press_conf
would,seek,4,0.0010227563283047815,press_conf
would,stay,4,0.0010227563283047815,press_conf
would,that,4,0.0010227563283047815,press_conf
would,urge,4,0.0010227563283047815,press_conf
would,weaken,4,0.0010227563283047815,press_conf
would,act,3,0.000767067246228586,press_conf
would,address,3,0.000767067246228586,press_conf
would,argue,3,0.000767067246228586,press_conf
would,assess,3,0.000767067246228586,press_conf
would,assume,3,0.000767067246228586,press_conf
would,benefit,3,0.000767067246228586,press_conf
would,caution,3,0.000767067246228586,press_conf
would,compel,3,0.000767067246228586,press_conf
would,diminish,3,0.000767067246228586,press_conf
would,enable,3,0.000767067246228586,press_conf
would,encourage,3,0.000767067246228586,press_conf
would,endorse,3,0.000767067246228586,press_conf
would,involve,3,0.000767067246228586,press_conf
would,justify,3,0.000767067246228586,press_conf
would,mention,3,0.000767067246228586,press_conf
would,occur,3,0.000767067246228586,press_conf
would,pay,3,0.000767067246228586,press_conf
would,pick,3,0.000767067246228586,press_conf
would,risk,3,0.000767067246228586,press_conf
would,serve,3,0.000767067246228586,press_conf
would,shift,3,0.000767067246228586,press_conf
would,speed,3,0.000767067246228586,press_conf
would,spur,3,0.000767067246228586,press_conf
would,stand,3,0.000767067246228586,press_conf
would,stress,3,0.000767067246228586,press_conf
would,tolerate,3,0.000767067246228586,press_conf
would,write,3,0.000767067246228586,press_conf
would,accept,2,0.0005113781641523907,press_conf
would,achieve,2,0.0005113781641523907,press_conf
would,announce,2,0.0005113781641523907,press_conf
would,answer,2,0.0005113781641523907,press_conf
would,approach,2,0.0005113781641523907,press_conf
would,attribute,2,0.0005113781641523907,press_conf
would,avoid,2,0.0005113781641523907,press_conf
would,base,2,0.0005113781641523907,press_conf
would,become,2,0.0005113781641523907,press_conf
would,bode,2,0.0005113781641523907,press_conf
would,bolster,2,0.0005113781641523907,press_conf
would,bounce,2,0.0005113781641523907,press_conf
would,buy,2,0.0005113781641523907,press_conf
would,cease,2,0.0005113781641523907,press_conf
would,communicate,2,0.0005113781641523907,press_conf
would,convey,2,0.0005113781641523907,press_conf
would,declare,2,0.0005113781641523907,press_conf
would,decrease,2,0.0005113781641523907,press_conf
would,disrupt,2,0.0005113781641523907,press_conf
would,draw,2,0.0005113781641523907,press_conf
would,drop,2,0.0005113781641523907,press_conf
would,envision,2,0.0005113781641523907,press_conf
would,evolve,2,0.0005113781641523907,press_conf
would,face,2,0.0005113781641523907,press_conf
would,force,2,0.0005113781641523907,press_conf
would,hang,2,0.0005113781641523907,press_conf
would,hike,2,0.0005113781641523907,press_conf
would,impact,2,0.0005113781641523907,press_conf
would,learn,2,0.0005113781641523907,press_conf
would,lose,2,0.0005113781641523907,press_conf
would,lower,2,0.0005113781641523907,press_conf
would,maintain,2,0.0005113781641523907,press_conf
would,merit,2,0.0005113781641523907,press_conf
would,override,2,0.0005113781641523907,press_conf
would,overshoot,2,0.0005113781641523907,press_conf
would,parse,2,0.0005113781641523907,press_conf
would,play,2,0.0005113781641523907,press_conf
would,policy,2,0.0005113781641523907,press_conf
would,prompt,2,0.0005113781641523907,press_conf
would,provoke,2,0.0005113781641523907,press_conf
would,pull,2,0.0005113781641523907,press_conf
would,push,2,0.0005113781641523907,press_conf
would,reaccelerate,2,0.0005113781641523907,press_conf
would,read,2,0.0005113781641523907,press_conf
would,remove,2,0.0005113781641523907,press_conf
would,result,2,0.0005113781641523907,press_conf
would,return,2,0.0005113781641523907,press_conf
would,rule,2,0.0005113781641523907,press_conf
would,run,2,0.0005113781641523907,press_conf
would,set,2,0.0005113781641523907,press_conf
would,signal,2,0.0005113781641523907,press_conf
would,slow,2,0.0005113781641523907,press_conf
would,strengthen,2,0.0005113781641523907,press_conf
would,threaten,2,0.0005113781641523907,press_conf
would,tighten,2,0.0005113781641523907,press_conf
would,turn,2,0.0005113781641523907,press_conf
would,undermine,2,0.0005113781641523907,press_conf
would,veto,2,0.0005113781641523907,press_conf
would,watch,2,0.0005113781641523907,press_conf
would,wind,2,0.0005113781641523907,press_conf
would,above,1,0.00025568908207619537,press_conf
would,adjust,1,0.00025568908207619537,press_conf
would,adjustment,1,0.00025568908207619537,press_conf
would,advise,1,0.00025568908207619537,press_conf
would,advocate,1,0.00025568908207619537,press_conf
would,aid,1,0.00025568908207619537,press_conf
would,anchor,1,0.00025568908207619537,press_conf
would,appear,1,0.00025568908207619537,press_conf
would,applaud,1,0.00025568908207619537,press_conf
would,arrive,1,0.00025568908207619537,press_conf
would,articulate,1,0.00025568908207619537,press_conf
would,attempt,1,0.00025568908207619537,press_conf
would,balance,1,0.00025568908207619537,press_conf
would,behave,1,0.00025568908207619537,press_conf
would,blame,1,0.00025568908207619537,press_conf
would,boost,1,0.00025568908207619537,press_conf
would,brief,1,0.00025568908207619537,press_conf
would,build,1,0.00025568908207619537,press_conf
would,calibrate,1,0.00025568908207619537,press_conf
would,care,1,0.00025568908207619537,press_conf
would,carry,1,0.00025568908207619537,press_conf
would,case,1,0.00025568908207619537,press_conf
would,catch,1,0.00025568908207619537,press_conf
would,categorize,1,0.00025568908207619537,press_conf
would,challenge,1,0.00025568908207619537,press_conf
would,chase,1,0.00025568908207619537,press_conf
would,choose,1,0.00025568908207619537,press_conf
would,close,1,0.00025568908207619537,press_conf
would,compare,1,0.00025568908207619537,press_conf
would,complement,1,0.00025568908207619537,press_conf
would,concur,1,0.00025568908207619537,press_conf
would,conduct,1,0.00025568908207619537,press_conf
would,consist,1,0.00025568908207619537,press_conf
would,consistent,1,0.00025568908207619537,press_conf
would,contain,1,0.00025568908207619537,press_conf
would,contribute,1,0.00025568908207619537,press_conf
would,convince,1,0.00025568908207619537,press_conf
would,cross,1,0.00025568908207619537,press_conf
would,define,1,0.00025568908207619537,press_conf
would,delay,1,0.00025568908207619537,press_conf
would,deploy,1,0.00025568908207619537,press_conf
would,dictate,1,0.00025568908207619537,press_conf
would,difficult,1,0.00025568908207619537,press_conf
would,disagree,1,0.00025568908207619537,press_conf
would,discuss,1,0.00025568908207619537,press_conf
would,dismiss,1,0.00025568908207619537,press_conf
would,disqualify,1,0.00025568908207619537,press_conf
would,distinguish,1,0.00025568908207619537,press_conf
would,doubt,1,0.00025568908207619537,press_conf
would,dream,1,0.00025568908207619537,press_conf
would,echo,1,0.00025568908207619537,press_conf
would,endanger,1,0.00025568908207619537,press_conf
would,enlighten,1,0.00025568908207619537,press_conf
would,estimate,1,0.00025568908207619537,press_conf
would,evaluate,1,0.00025568908207619537,press_conf
would,exceed,1,0.00025568908207619537,press_conf
would,exist,1,0.00025568908207619537,press_conf
would,expand,1,0.00025568908207619537,press_conf
would,facilitate,1,0.00025568908207619537,press_conf
would,fast,1,0.00025568908207619537,press_conf
would,favor,1,0.00025568908207619537,press_conf
would,finish,1,0.00025568908207619537,press_conf
would,forecast,1,0.00025568908207619537,press_conf
would,foresee,1,0.00025568908207619537,press_conf
would,freeze,1,0.00025568908207619537,press_conf
would,generate,1,0.00025568908207619537,press_conf
would,goal,1,0.00025568908207619537,press_conf
would,handle,1,0.00025568908207619537,press_conf
would,hate,1,0.00025568908207619537,press_conf
would,hazard,1,0.00025568908207619537,press_conf
would,hit,1,0.00025568908207619537,press_conf
would,hurt,1,0.00025568908207619537,press_conf
would,hypothetical,1,0.00025568908207619537,press_conf
would,i,1,0.00025568908207619537,press_conf
would,ignore,1,0.00025568908207619537,press_conf
would,implement,1,0.00025568908207619537,press_conf
would,import,1,0.00025568908207619537,press_conf
would,improve,1,0.00025568908207619537,press_conf
would,in,1,0.00025568908207619537,press_conf
would,inclined,1,0.00025568908207619537,press_conf
would,incorporate,1,0.00025568908207619537,press_conf
would,infer,1,0.00025568908207619537,press_conf
would,inform,1,0.00025568908207619537,press_conf
would,insist,1,0.00025568908207619537,press_conf
would,interfere,1,0.00025568908207619537,press_conf
would,internalize,1,0.00025568908207619537,press_conf
would,interpret,1,0.00025568908207619537,press_conf
would,jump,1,0.00025568908207619537,press_conf
would,lay,1,0.00025568908207619537,press_conf
would,lift,1,0.00025568908207619537,press_conf
would,lighten,1,0.00025568908207619537,press_conf
would,list,1,0.00025568908207619537,press_conf
would,loan,1,0.00025568908207619537,press_conf
would,low,1,0.00025568908207619537,press_conf
would,mind,1,0.00025568908207619537,press_conf
would,net,1,0.00025568908207619537,press_conf
would,object,1,0.00025568908207619537,press_conf
would,observe,1,0.00025568908207619537,press_conf
would,of,1,0.00025568908207619537,press_conf
would,oil,1,0.00025568908207619537,press_conf
would,open,1,0.00025568908207619537,press_conf
would,overread,1,0.00025568908207619537,press_conf
would,pass,1,0.00025568908207619537,press_conf
would,path,1,0.00025568908207619537,press_conf
would,peak,1,0.00025568908207619537,press_conf
would,permit,1,0.00025568908207619537,press_conf
would,phrase,1,0.00025568908207619537,press_conf
would,plan,1,0.00025568908207619537,press_conf
would,politicize,1,0.00025568908207619537,press_conf
would,preclude,1,0.00025568908207619537,press_conf
would,prejudge,1,0.00025568908207619537,press_conf
would,prepared,1,0.00025568908207619537,press_conf
would,prevail,1,0.00025568908207619537,press_conf
would,price,1,0.00025568908207619537,press_conf
would,proceed,1,0.00025568908207619537,press_conf
would,produce,1,0.00025568908207619537,press_conf
would,purchase,1,0.00025568908207619537,press_conf
would,pursue,1,0.00025568908207619537,press_conf
would,qualify,1,0.00025568908207619537,press_conf
would,reading,1,0.00025568908207619537,press_conf
would,recognize,1,0.00025568908207619537,press_conf
would,recommend,1,0.00025568908207619537,press_conf
would,reevaluate,1,0.00025568908207619537,press_conf
would,refer,1,0.00025568908207619537,press_conf
would,reflect,1,0.00025568908207619537,press_conf
would,reinstill,1,0.00025568908207619537,press_conf
would,reinveste,1,0.00025568908207619537,press_conf
would,reiterate,1,0.00025568908207619537,press_conf
would,rely,1,0.00025568908207619537,press_conf
would,remind,1,0.00025568908207619537,press_conf
would,rent,1,0.00025568908207619537,press_conf
would,repeat,1,0.00025568908207619537,press_conf
would,report,1,0.00025568908207619537,press_conf
would,reserve,1,0.00025568908207619537,press_conf
would,retard,1,0.00025568908207619537,press_conf
would,retire,1,0.00025568908207619537,press_conf
would,reverse,1,0.00025568908207619537,press_conf
would,review,1,0.00025568908207619537,press_conf
would,revise,1,0.00025568908207619537,press_conf
would,rush,1,0.00025568908207619537,press_conf
would,send,1,0.00025568908207619537,press_conf
would,share,1,0.00025568908207619537,press_conf
would,shrink,1,0.00025568908207619537,press_conf
would,signify,1,0.00025568908207619537,press_conf
would,single,1,0.00025568908207619537,press_conf
would,sink,1,0.00025568908207619537,press_conf
would,solve,1,0.00025568908207619537,press_conf
would,something,1,0.00025568908207619537,press_conf
would,sound,1,0.00025568908207619537,press_conf
would,speak,1,0.00025568908207619537,press_conf
would,speculate,1,0.00025568908207619537,press_conf
would,spend,1,0.00025568908207619537,press_conf
would,stabilize,1,0.00025568908207619537,press_conf
would,stem,1,0.00025568908207619537,press_conf
would,strong,1,0.00025568908207619537,press_conf
would,substantial,1,0.00025568908207619537,press_conf
would,summarize,1,0.00025568908207619537,press_conf
would,surprise,1,0.00025568908207619537,press_conf
would,sustain,1,0.00025568908207619537,press_conf
would,taper,1,0.00025568908207619537,press_conf
would,target,1,0.00025568908207619537,press_conf
would,thank,1,0.00025568908207619537,press_conf
would,tie,1,0.00025568908207619537,press_conf
would,translate,1,0.00025568908207619537,press_conf
would,understand,1,0.00025568908207619537,press_conf
would,undertake,1,0.00025568908207619537,press_conf
would,vaccinate,1,0.00025568908207619537,press_conf
would,vary,1,0.00025568908207619537,press_conf
would,warn,1,0.00025568908207619537,press_conf
would,wonder,1,0.00025568908207619537,press_conf
can,be,61,0.10683012259194395,speech
can,help,24,0.04203152364273205,speech
can,do,22,0.03852889667250438,speech
can,find,17,0.0297723292469352,speech
can,see,14,0.024518388791593695,speech
can,make,11,0.01926444833625219,speech
can,improve,10,0.017513134851138354,speech
can,take,10,0.017513134851138354,speech
can,lead,9,0.01576182136602452,speech
can,say,9,0.01576182136602452,speech
can,explain,7,0.012259194395796848,speech
can,learn,7,0.012259194395796848,speech
can,provide,7,0.012259194395796848,speech
can,sustain,7,0.012259194395796848,speech
can,affect,6,0.010507880910683012,speech
can,continue,6,0.010507880910683012,speech
can,everything,6,0.010507880910683012,speech
can,succeed,6,0.010507880910683012,speech
can,use,6,0.010507880910683012,speech
can,achieve,5,0.008756567425569177,speech
can,change,5,0.008756567425569177,speech
can,estimate,5,0.008756567425569177,speech
can,influence,5,0.008756567425569177,speech
can,maintain,5,0.008756567425569177,speech
can,pose,5,0.008756567425569177,speech
can,support,5,0.008756567425569177,speech
can,think,5,0.008756567425569177,speech
can,all,4,0.0070052539404553416,speech
can,contribute,4,0.0070052539404553416,speech
can,deliver,4,0.0070052539404553416,speech
can,hold,4,0.0070052539404553416,speech
can,know,4,0.0070052539404553416,speech
can,measure,4,0.0070052539404553416,speech
can,vary,4,0.0070052539404553416,speech
can,work,4,0.0070052539404553416,speech
can,account,3,0.005253940455341506,speech
can,afford,3,0.005253940455341506,speech
can,amplify,3,0.005253940455341506,speech
can,attribute,3,0.005253940455341506,speech
can,avoid,3,0.005253940455341506,speech
can,become,3,0.005253940455341506,speech
can,benefit,3,0.005253940455341506,speech
can,cause,3,0.005253940455341506,speech
can,come,3,0.005253940455341506,speech
can,enhance,3,0.005253940455341506,speech
can,generate,3,0.005253940455341506,speech
can,go,3,0.005253940455341506,speech
can,have,3,0.005253940455341506,speech
can,identify,3,0.005253940455341506,speech
can,play,3,0.005253940455341506,speech
can,promote,3,0.005253940455341506,speech
can,recall,3,0.005253940455341506,speech
can,reduce,3,0.005253940455341506,speech
can,require,3,0.005253940455341506,speech
can,result,3,0.005253940455341506,speech
can,serve,3,0.005253940455341506,speech
can,tell,3,0.005253940455341506,speech
can,agree,2,0.0035026269702276708,speech
can,approximate,2,0.0035026269702276708,speech
can,carry,2,0.0035026269702276708,speech
can,challenge,2,0.0035026269702276708,speech
can,create,2,0.0035026269702276708,speech
can,drive,2,0.0035026269702276708,speech
can,feed,2,0.0035026269702276708,speech
can,fill,2,0.0035026269702276708,speech
can,get,2,0.0035026269702276708,speech
can,implement,2,0.0035026269702276708,speech
can,induce,2,0.0035026269702276708,speech
can,lower,2,0.0035026269702276708,speech
can,meet,2,0.0035026269702276708,speech
can,observe,2,0.0035026269702276708,speech
can,offer,2,0.0035026269702276708,speech
can,predict,2,0.0035026269702276708,speech
can,prevent,2,0.0035026269702276708,speech
can,produce,2,0.0035026269702276708,speech
can,pull,2,0.0035026269702276708,speech
can,push,2,0.0035026269702276708,speech
can,put,2,0.0035026269702276708,speech
can,raise,2,0.0035026269702276708,speech
can,respond,2,0.0035026269702276708,speech
can,set,2,0.0035026269702276708,speech
can,trace,2,0.0035026269702276708,speech
can,trust,2,0.0035026269702276708,speech
can,well,2,0.0035026269702276708,speech
can,add,1,0.0017513134851138354,speech
can,adjust,1,0.0017513134851138354,speech
can,aid,1,0.0017513134851138354,speech
can,answer,1,0.0017513134851138354,speech
can,anticipate,1,0.0017513134851138354,speech
can,arise,1,0.0017513134851138354,speech
can,ask,1,0.0017513134851138354,speech
can,assess,1,0.0017513134851138354,speech
can,assist,1,0.0017513134851138354,speech
can,associate,1,0.0017513134851138354,speech
can,assure,1,0.0017513134851138354,speech
can,attest,1,0.0017513134851138354,speech
can,base,1,0.0017513134851138354,speech
can,boost,1,0.0017513134851138354,speech
can,break,1,0.0017513134851138354,speech
can,build,1,0.0017513134851138354,speech
can,choose,1,0.0017513134851138354,speech
can,clearly,1,0.0017513134851138354,speech
can,communicate,1,0.0017513134851138354,speech
can,connect,1,0.0017513134851138354,speech
can,count,1,0.0017513134851138354,speech
can,cut,1,0.0017513134851138354,speech
can,damage,1,0.0017513134851138354,speech
can,decision,1,0.0017513134851138354,speech
can,declare,1,0.0017513134851138354,speech
can,decline,1,0.0017513134851138354,speech
can,deepen,1,0.0017513134851138354,speech
can,delineate,1,0.0017513134851138354,speech
can,describe,1,0.0017513134851138354,speech
can,deviate,1,0.0017513134851138354,speech
can,differ,1,0.0017513134851138354,speech
can,dismiss,1,0.0017513134851138354,speech
can,distil,1,0.0017513134851138354,speech
can,divide,1,0.0017513134851138354,speech
can,draw,1,0.0017513134851138354,speech
can,drift,1,0.0017513134851138354,speech
can,earn,1,0.0017513134851138354,speech
can,ease,1,0.0017513134851138354,speech
can,educate,1,0.0017513134851138354,speech
can,effectively,1,0.0017513134851138354,speech
can,elicit,1,0.0017513134851138354,speech
can,eliminate,1,0.0017513134851138354,speech
can,emerge,1,0.0017513134851138354,speech
can,emphasize,1,0.0017513134851138354,speech
can,end,1,0.0017513134851138354,speech
can,evaluate,1,0.0017513134851138354,speech
can,evaporate,1,0.0017513134851138354,speech
can,exacerbate,1,0.0017513134851138354,speech
can,exercise,1,0.0017513134851138354,speech
can,expect,1,0.0017513134851138354,speech
can,facilitate,1,0.0017513134851138354,speech
can,feel,1,0.0017513134851138354,speech
can,fit,1,0.0017513134851138354,speech
can,flourish,1,0.0017513134851138354,speech
can,focus,1,0.0017513134851138354,speech
can,force,1,0.0017513134851138354,speech
can,forecast,1,0.0017513134851138354,speech
can,foresee,1,0.0017513134851138354,speech
can,form,1,0.0017513134851138354,speech
can,gather,1,0.0017513134851138354,speech
can,gloss,1,0.0017513134851138354,speech
can,good,1,0.0017513134851138354,speech
can,group,1,0.0017513134851138354,speech
can,grow,1,0.0017513134851138354,speech
can,guarantee,1,0.0017513134851138354,speech
can,happen,1,0.0017513134851138354,speech
can,harm,1,0.0017513134851138354,speech
can,hear,1,0.0017513134851138354,speech
can,hope,1,0.0017513134851138354,speech
can,impair,1,0.0017513134851138354,speech
can,impede,1,0.0017513134851138354,speech
can,infer,1,0.0017513134851138354,speech
can,inflict,1,0.0017513134851138354,speech
can,inform,1,0.0017513134851138354,speech
can,invest,1,0.0017513134851138354,speech
can,lean,1,0.0017513134851138354,speech
can,leave,1,0.0017513134851138354,speech
can,let,1,0.0017513134851138354,speech
can,limit,1,0.0017513134851138354,speech
can,look,1,0.0017513134851138354,speech
can,manage,1,0.0017513134851138354,speech
can,mask,1,0.0017513134851138354,speech
can,mean,1,0.0017513134851138354,speech
can,motivate,1,0.0017513134851138354,speech
can,move,1,0.0017513134851138354,speech
can,muster,1,0.0017513134851138354,speech
can,objectively,1,0.0017513134851138354,speech
can,output,1,0.0017513134851138354,speech
can,pave,1,0.0017513134851138354,speech
can,pay,1,0.0017513134851138354,speech
can,policy,1,0.0017513134851138354,speech
can,prepare,1,0.0017513134851138354,speech
can,prescribe,1,0.0017513134851138354,speech
can,proceed,1,0.0017513134851138354,speech
can,prove,1,0.0017513134851138354,speech
can,pursue,1,0.0017513134851138354,speech
can,realize,1,0.0017513134851138354,speech
can,receive,1,0.0017513134851138354,speech
can,refine,1,0.0017513134851138354,speech
can,resist,1,0.0017513134851138354,speech
can,resolve,1,0.0017513134851138354,speech
can,return,1,0.0017513134851138354,speech
can,reverse,1,0.0017513134851138354,speech
can,rise,1,0.0017513134851138354,speech
can,rule,1,0.0017513134851138354,speech
can,run,1,0.0017513134851138354,speech
can,seem,1,0.0017513134851138354,speech
can,send,1,0.0017513134851138354,speech
can,shape,1,0.0017513134851138354,speech
can,share,1,0.0017513134851138354,speech
can,shed,1,0.0017513134851138354,speech
can,show,1,0.0017513134851138354,speech
can,social,1,0.0017513134851138354,speech
can,sound,1,0.0017513134851138354,speech
can,spell,1,0.0017513134851138354,speech
can,start,1,0.0017513134851138354,speech
can,sum,1,0.0017513134851138354,speech
can,tailor,1,0.0017513134851138354,speech
can,target,1,0.0017513134851138354,speech
can,tear,1,0.0017513134851138354,speech
can,tend,1,0.0017513134851138354,speech
can,that,1,0.0017513134851138354,speech
can,thing,1,0.0017513134851138354,speech
can,transfer,1,0.0017513134851138354,speech
can,try,1,0.0017513134851138354,speech
can,turn,1,0.0017513134851138354,speech
can,vanish,1,0.0017513134851138354,speech
can,wait,1,0.0017513134851138354,speech
can,way,1,0.0017513134851138354,speech
can,weaken,1,0.0017513134851138354,speech
can,weigh,1,0.0017513134851138354,speech
can,withdraw,1,0.0017513134851138354,speech
can,withstand,1,0.0017513134851138354,speech
can,write,1,0.0017513134851138354,speech
could,be,43,0.11139896373056994,speech
could,have,15,0.038860103626943004,speech
could,help,14,0.03626943005181347,speech
could,do,9,0.023316062176165803,speech
could,lead,8,0.02072538860103627,speech
could,prove,7,0.018134715025906734,speech
could,bring,6,0.015544041450777202,speech
could,increase,5,0.012953367875647668,speech
could,provide,5,0.012953367875647668,speech
could,reflect,5,0.012953367875647668,speech
could,risk,5,0.012953367875647668,speech
could,see,5,0.012953367875647668,speech
could,turn,5,0.012953367875647668,speech
could,affect,4,0.010362694300518135,speech
could,come,4,0.010362694300518135,speech
could,continue,4,0.010362694300518135,speech
could,exacerbate,4,0.010362694300518135,speech
could,push,4,0.010362694300518135,speech
could,put,4,0.010362694300518135,speech
could,raise,4,0.010362694300518135,speech
could,afford,3,0.007772020725388601,speech
could,allow,3,0.007772020725388601,speech
could,apply,3,0.007772020725388601,speech
could,become,3,0.007772020725388601,speech
could,call,3,0.007772020725388601,speech
could,cause,3,0.007772020725388601,speech
could,emerge,3,0.007772020725388601,speech
could,encourage,3,0.007772020725388601,speech
could,enhance,3,0.007772020725388601,speech
could,find,3,0.007772020725388601,speech
could,go,3,0.007772020725388601,speech
could,misspecifie,3,0.007772020725388601,speech
could,play,3,0.007772020725388601,speech
could,pose,3,0.007772020725388601,speech
could,reduce,3,0.007772020725388601,speech
could,remain,3,0.007772020725388601,speech
could,require,3,0.007772020725388601,speech
could,result,3,0.007772020725388601,speech
could,spur,3,0.007772020725388601,speech
could,sustain,3,0.007772020725388601,speech
could,warrant,3,0.007772020725388601,speech
could,amplify,2,0.0051813471502590676,speech
could,arise,2,0.0051813471502590676,speech
could,change,2,0.0051813471502590676,speech
could,contribute,2,0.0051813471502590676,speech
could,destabilize,2,0.0051813471502590676,speech
could,disrupt,2,0.0051813471502590676,speech
could,earn,2,0.0051813471502590676,speech
could,ease,2,0.0051813471502590676,speech
could,ensue,2,0.0051813471502590676,speech
could,entail,2,0.0051813471502590676,speech
could,expect,2,0.0051813471502590676,speech
could,face,2,0.0051813471502590676,speech
could,impede,2,0.0051813471502590676,speech
could,indicate,2,0.0051813471502590676,speech
could,limit,2,0.0051813471502590676,speech
could,move,2,0.0051813471502590676,speech
could,occur,2,0.0051813471502590676,speech
could,receive,2,0.0051813471502590676,speech
could,rely,2,0.0051813471502590676,speech
could,restrain,2,0.0051813471502590676,speech
could,resume,2,0.0051813471502590676,speech
could,rise,2,0.0051813471502590676,speech
could,start,2,0.0051813471502590676,speech
could,support,2,0.0051813471502590676,speech
could,take,2,0.0051813471502590676,speech
could,threaten,2,0.0051813471502590676,speech
could,undermine,2,0.0051813471502590676,speech
could,use,2,0.0051813471502590676,speech
could,weaken,2,0.0051813471502590676,speech
could,absorb,1,0.0025906735751295338,speech
could,accelerate,1,0.0025906735751295338,speech
could,accommodate,1,0.0025906735751295338,speech
could,adapt,1,0.0025906735751295338,speech
could,address,1,0.0025906735751295338,speech
could,agree,1,0.0025906735751295338,speech
could,all,1,0.0025906735751295338,speech
could,amount,1,0.0025906735751295338,speech
could,answer,1,0.0025906735751295338,speech
could,anticipate,1,0.0025906735751295338,speech
could,ask,1,0.0025906735751295338,speech
could,balance,1,0.0025906735751295338,speech
could,begin,1,0.0025906735751295338,speech
could,boost,1,0.0025906735751295338,speech
could,borrow,1,0.0025906735751295338,speech
could,capture,1,0.0025906735751295338,speech
could,choke,1,0.0025906735751295338,speech
could,cite,1,0.0025906735751295338,speech
could,combine,1,0.0025906735751295338,speech
could,consider,1,0.0025906735751295338,speech
could,count,1,0.0025906735751295338,speech
could,cut,1,0.0025906735751295338,speech
could,damage,1,0.0025906735751295338,speech
could,decline,1,0.0025906735751295338,speech
could,delay,1,0.0025906735751295338,speech
could,demand,1,0.0025906735751295338,speech
could,depend,1,0.0025906735751295338,speech
could,deploy,1,0.0025906735751295338,speech
could,describe,1,0.0025906735751295338,speech
could,deteriorate,1,0.0025906735751295338,speech
could,differ,1,0.0025906735751295338,speech
could,discourage,1,0.0025906735751295338,speech
could,doubt,1,0.0025906735751295338,speech
could,downgrade,1,0.0025906735751295338,speech
could,draw,1,0.0025906735751295338,speech
could,employ,1,0.0025906735751295338,speech
could,exhibit,1,0.0025906735751295338,speech
could,expand,1,0.0025906735751295338,speech
could,explain,1,0.0025906735751295338,speech
could,fall,1,0.0025906735751295338,speech
could,force,1,0.0025906735751295338,speech
could,foreshorten,1,0.0025906735751295338,speech
could,get,1,0.0025906735751295338,speech
could,give,1,0.0025906735751295338,speech
could,grow,1,0.0025906735751295338,speech
could,hinder,1,0.0025906735751295338,speech
could,hold,1,0.0025906735751295338,speech
could,hope,1,0.0025906735751295338,speech
could,ignore,1,0.0025906735751295338,speech
could,imagine,1,0.0025906735751295338,speech
could,impair,1,0.0025906735751295338,speech
could,implement,1,0.0025906735751295338,speech
could,impose,1,0.0025906735751295338,speech
could,improve,1,0.0025906735751295338,speech
could,inch,1,0.0025906735751295338,speech
could,include,1,0.0025906735751295338,speech
could,interpret,1,0.0025906735751295338,speech
could,jeopardize,1,0.0025906735751295338,speech
could,join,1,0.0025906735751295338,speech
could,joke,1,0.0025906735751295338,speech
could,learn,1,0.0025906735751295338,speech
could,leave,1,0.0025906735751295338,speech
could,live,1,0.0025906735751295338,speech
could,look,1,0.0025906735751295338,speech
could,maintain,1,0.0025906735751295338,speech
could,make,1,0.0025906735751295338,speech
could,mean,1,0.0025906735751295338,speech
could,measure,1,0.0025906735751295338,speech
could,mitigate,1,0.0025906735751295338,speech
could,necessitate,1,0.0025906735751295338,speech
could,pay,1,0.0025906735751295338,speech
could,point,1,0.0025906735751295338,speech
could,precipitate,1,0.0025906735751295338,speech
could,predict,1,0.0025906735751295338,speech
could,prevent,1,0.0025906735751295338,speech
could,promote,1,0.0025906735751295338,speech
could,prompt,1,0.0025906735751295338,speech
could,purchase,1,0.0025906735751295338,speech
could,realize,1,0.0025906735751295338,speech
could,reemerge,1,0.0025906735751295338,speech
could,relate,1,0.0025906735751295338,speech
could,repeat,1,0.0025906735751295338,speech
could,replace,1,0.0025906735751295338,speech
could,resolve,1,0.0025906735751295338,speech
could,scale,1,0.0025906735751295338,speech
could,sell,1,0.0025906735751295338,speech
could,shift,1,0.0025906735751295338,speech
could,slow,1,0.0025906735751295338,speech
could,soften,1,0.0025906735751295338,speech
could,speed,1,0.0025906735751295338,speech
could,stay,1,0.0025906735751295338,speech
could,strain,1,0.0025906735751295338,speech
could,strengthen,1,0.0025906735751295338,speech
could,stress,1,0.0025906735751295338,speech
could,target,1,0.0025906735751295338,speech
could,teach,1,0.0025906735751295338,speech
could,tell,1,0.0025906735751295338,speech
could,trigger,1,0.0025906735751295338,speech
could,understate,1,0.0025906735751295338,speech
could,unwind,1,0.0025906735751295338,speech
could,vary,1,0.0025906735751295338,speech
could,view,1,0.0025906735751295338,speech
could,withstand,1,0.0025906735751295338,speech
could,work,1,0.0025906735751295338,speech
could,yield,1,0.0025906735751295338,speech
may,be,92,0.20956719817767655,speech
may,use,19,0.04328018223234624,speech
may,reflect,13,0.029612756264236904,speech
may,contribute,11,0.025056947608200455,speech
may,help,11,0.025056947608200455,speech
may,affect,10,0.022779043280182234,speech
may,have,9,0.02050113895216401,speech
may,hold,9,0.02050113895216401,speech
may,play,8,0.018223234624145785,speech
may,need,7,0.015945330296127564,speech
may,change,6,0.01366742596810934,speech
may,come,6,0.01366742596810934,speech
may,require,6,0.01366742596810934,speech
may,influence,5,0.011389521640091117,speech
may,lead,5,0.011389521640091117,speech
may,warrant,5,0.011389521640091117,speech
may,evolve,4,0.009111617312072893,speech
may,know,4,0.009111617312072893,speech
may,take,4,0.009111617312072893,speech
may,appear,3,0.00683371298405467,speech
may,ask,3,0.00683371298405467,speech
may,continue,3,0.00683371298405467,speech
may,do,3,0.00683371298405467,speech
may,face,3,0.00683371298405467,speech
may,increase,3,0.00683371298405467,speech
may,look,3,0.00683371298405467,speech
may,provide,3,0.00683371298405467,speech
may,push,3,0.00683371298405467,speech
may,put,3,0.00683371298405467,speech
may,serve,3,0.00683371298405467,speech
may,understate,3,0.00683371298405467,speech
may,want,3,0.00683371298405467,speech
may,alter,2,0.004555808656036446,speech
may,believe,2,0.004555808656036446,speech
may,boost,2,0.004555808656036446,speech
may,deserve,2,0.004555808656036446,speech
may,emerge,2,0.004555808656036446,speech
may,explain,2,0.004555808656036446,speech
may,fade,2,0.004555808656036446,speech
may,find,2,0.004555808656036446,speech
may,gain,2,0.004555808656036446,speech
may,go,2,0.004555808656036446,speech
may,improve,2,0.004555808656036446,speech
may,indicate,2,0.004555808656036446,speech
may,involve,2,0.004555808656036446,speech
may,leave,2,0.004555808656036446,speech
may,make,2,0.004555808656036446,speech
may,move,2,0.004555808656036446,speech
may,operate,2,0.004555808656036446,speech
may,overstate,2,0.004555808656036446,speech
may,pass,2,0.004555808656036446,speech
may,persist,2,0.004555808656036446,speech
may,pick,2,0.004555808656036446,speech
may,pose,2,0.004555808656036446,speech
may,raise,2,0.004555808656036446,speech
may,reduce,2,0.004555808656036446,speech
may,restrain,2,0.004555808656036446,speech
may,rise,2,0.004555808656036446,speech
may,seem,2,0.004555808656036446,speech
may,settle,2,0.004555808656036446,speech
may,shift,2,0.004555808656036446,speech
may,signal,2,0.004555808656036446,speech
may,sound,2,0.004555808656036446,speech
may,start,2,0.004555808656036446,speech
may,suggest,2,0.004555808656036446,speech
may,vary,2,0.004555808656036446,speech
may,wish,2,0.004555808656036446,speech
may,work,2,0.004555808656036446,speech
may,abate,1,0.002277904328018223,speech
may,accompany,1,0.002277904328018223,speech
may,achieve,1,0.002277904328018223,speech
may,act,1,0.002277904328018223,speech
may,allow,1,0.002277904328018223,speech
may,amplify,1,0.002277904328018223,speech
may,approach,1,0.002277904328018223,speech
may,arise,1,0.002277904328018223,speech
may,associate,1,0.002277904328018223,speech
may,bear,1,0.002277904328018223,speech
may,become,1,0.002277904328018223,speech
may,benefit,1,0.002277904328018223,speech
may,bring,1,0.002277904328018223,speech
may,buffet,1,0.002277904328018223,speech
may,call,1,0.002277904328018223,speech
may,catch,1,0.002277904328018223,speech
may,cause,1,0.002277904328018223,speech
may,combine,1,0.002277904328018223,speech
may,confuse,1,0.002277904328018223,speech
may,consider,1,0.002277904328018223,speech
may,contain,1,0.002277904328018223,speech
may,cool,1,0.002277904328018223,speech
may,curtail,1,0.002277904328018223,speech
may,decide,1,0.002277904328018223,speech
may,decline,1,0.002277904328018223,speech
may,demand,1,0.002277904328018223,speech
may,diminish,1,0.002277904328018223,speech
may,drift,1,0.002277904328018223,speech
may,elevate,1,0.002277904328018223,speech
may,encounter,1,0.002277904328018223,speech
may,end,1,0.002277904328018223,speech
may,enhance,1,0.002277904328018223,speech
may,enjoy,1,0.002277904328018223,speech
may,entail,1,0.002277904328018223,speech
may,enter,1,0.002277904328018223,speech
may,establish,1,0.002277904328018223,speech
may,exert,1,0.002277904328018223,speech
may,experience,1,0.002277904328018223,speech
may,fall,1,0.002277904328018223,speech
may,graduate,1,0.002277904328018223,speech
may,grow,1,0.002277904328018223,speech
may,guide,1,0.002277904328018223,speech
may,impair,1,0.002277904328018223,speech
may,impede,1,0.002277904328018223,speech
may,include,1,0.002277904328018223,speech
may,induce,1,0.002277904328018223,speech
may,initiate,1,0.002277904328018223,speech
may,inspire,1,0.002277904328018223,speech
may,invest,1,0.002277904328018223,speech
may,keep,1,0.002277904328018223,speech
may,lack,1,0.002277904328018223,speech
may,lie,1,0.002277904328018223,speech
may,may,1,0.002277904328018223,speech
may,misinterpret,1,0.002277904328018223,speech
may,misjudge,1,0.002277904328018223,speech
may,miss,1,0.002277904328018223,speech
may,mitigate,1,0.002277904328018223,speech
may,notice,1,0.002277904328018223,speech
may,occur,1,0.002277904328018223,speech
may,overestimate,1,0.002277904328018223,speech
may,overlook,1,0.002277904328018223,speech
may,perform,1,0.002277904328018223,speech
may,poise,1,0.002277904328018223,speech
may,predict,1,0.002277904328018223,speech
may,produce,1,0.002277904328018223,speech
may,promote,1,0.002277904328018223,speech
may,react,1,0.002277904328018223,speech
may,recognize,1,0.002277904328018223,speech
may,recover,1,0.002277904328018223,speech
may,recruit,1,0.002277904328018223,speech
may,rejoin,1,0.002277904328018223,speech
may,remain,1,0.002277904328018223,speech
may,restrict,1,0.002277904328018223,speech
may,result,1,0.002277904328018223,speech
may,revise,1,0.002277904328018223,speech
may,run,1,0.002277904328018223,speech
may,share,1,0.002277904328018223,speech
may,simplify,1,0.002277904328018223,speech
may,slip,1,0.002277904328018223,speech
may,slow,1,0.002277904328018223,speech
may,spread,1,0.002277904328018223,speech
may,spur,1,0.002277904328018223,speech
may,sum,1,0.002277904328018223,speech
may,support,1,0.002277904328018223,speech
may,surprise,1,0.002277904328018223,speech
may,tax,1,0.002277904328018223,speech
may,tempt,1,0.002277904328018223,speech
may,tend,1,0.002277904328018223,speech
may,threaten,1,0.002277904328018223,speech
may,transition,1,0.002277904328018223,speech
may,underappreciate,1,0.002277904328018223,speech
may,unwind,1,0.002277904328018223,speech
may,view,1,0.002277904328018223,speech
may,wonder,1,0.002277904328018223,speech
should,be,19,0.08333333333333333,speech
should,consider,7,0.03070175438596491,speech
should,take,7,0.03070175438596491,speech
should,continue,6,0.02631578947368421,speech
should,note,6,0.02631578947368421,speech
should,adjust,4,0.017543859649122806,speech
should,decline,4,0.017543859649122806,speech
should,have,4,0.017543859649122806,speech
should,make,4,0.017543859649122806,speech
should,support,4,0.017543859649122806,speech
should,begin,3,0.013157894736842105,speech
should,expand,3,0.013157894736842105,speech
should,help,3,0.013157894736842105,speech
should,keep,3,0.013157894736842105,speech
should,look,3,0.013157894736842105,speech
should,move,3,0.013157894736842105,speech
should,rise,3,0.013157894736842105,speech
should,serve,3,0.013157894736842105,speech
should,understand,3,0.013157894736842105,speech
should,act,2,0.008771929824561403,speech
should,affect,2,0.008771929824561403,speech
should,allow,2,0.008771929824561403,speech
should,apply,2,0.008771929824561403,speech
should,attenuate,2,0.008771929824561403,speech
should,change,2,0.008771929824561403,speech
should,do,2,0.008771929824561403,speech
should,focus,2,0.008771929824561403,speech
should,follow,2,0.008771929824561403,speech
should,lead,2,0.008771929824561403,speech
should,occur,2,0.008771929824561403,speech
should,overemphasize,2,0.008771929824561403,speech
should,pay,2,0.008771929824561403,speech
should,react,2,0.008771929824561403,speech
should,reduce,2,0.008771929824561403,speech
should,respond,2,0.008771929824561403,speech
should,return,2,0.008771929824561403,speech
should,stress,2,0.008771929824561403,speech
should,use,2,0.008771929824561403,speech
should,view,2,0.008771929824561403,speech
should,abate,1,0.0043859649122807015,speech
should,adapt,1,0.0043859649122807015,speech
should,add,1,0.0043859649122807015,speech
should,address,1,0.0043859649122807015,speech
should,anticipate,1,0.0043859649122807015,speech
should,ask,1,0.0043859649122807015,speech
should,attach,1,0.0043859649122807015,speech
should,attempt,1,0.0043859649122807015,speech
should,balance,1,0.0043859649122807015,speech
should,base,1,0.0043859649122807015,speech
should,bear,1,0.0043859649122807015,speech
should,believe,1,0.0043859649122807015,speech
should,beware,1,0.0043859649122807015,speech
should,boom,1,0.0043859649122807015,speech
should,boost,1,0.0043859649122807015,speech
should,communicate,1,0.0043859649122807015,speech
should,complement,1,0.0043859649122807015,speech
should,concern,1,0.0043859649122807015,speech
should,confuse,1,0.0043859649122807015,speech
should,count,1,0.0043859649122807015,speech
should,crisis,1,0.0043859649122807015,speech
should,define,1,0.0043859649122807015,speech
should,depend,1,0.0043859649122807015,speech
should,deteriorate,1,0.0043859649122807015,speech
should,direct,1,0.0043859649122807015,speech
should,doubt,1,0.0043859649122807015,speech
should,drift,1,0.0043859649122807015,speech
should,drive,1,0.0043859649122807015,speech
should,elevate,1,0.0043859649122807015,speech
should,emphasize,1,0.0043859649122807015,speech
should,emulate,1,0.0043859649122807015,speech
should,encourage,1,0.0043859649122807015,speech
should,ensure,1,0.0043859649122807015,speech
should,evaluate,1,0.0043859649122807015,speech
should,exclude,1,0.0043859649122807015,speech
should,expect,1,0.0043859649122807015,speech
should,explain,1,0.0043859649122807015,speech
should,explore,1,0.0043859649122807015,speech
should,face,1,0.0043859649122807015,speech
should,fade,1,0.0043859649122807015,speech
should,fail,1,0.0043859649122807015,speech
should,fall,1,0.0043859649122807015,speech
should,falter,1,0.0043859649122807015,speech
should,feel,1,0.0043859649122807015,speech
should,formulate,1,0.0043859649122807015,speech
should,fund,1,0.0043859649122807015,speech
should,give,1,0.0043859649122807015,speech
should,go,1,0.0043859649122807015,speech
should,guard,1,0.0043859649122807015,speech
should,guide,1,0.0043859649122807015,speech
should,hit,1,0.0043859649122807015,speech
should,hold,1,0.0043859649122807015,speech
should,identify,1,0.0043859649122807015,speech
should,ignore,1,0.0043859649122807015,speech
should,improve,1,0.0043859649122807015,speech
should,include,1,0.0043859649122807015,speech
should,influence,1,0.0043859649122807015,speech
should,inform,1,0.0043859649122807015,speech
should,investor,1,0.0043859649122807015,speech
should,lean,1,0.0043859649122807015,speech
should,limit,1,0.0043859649122807015,speech
should,lose,1,0.0043859649122807015,speech
should,manage,1,0.0043859649122807015,speech
should,measure,1,0.0043859649122807015,speech
should,navigate,1,0.0043859649122807015,speech
should,need,1,0.0043859649122807015,speech
should,normalize,1,0.0043859649122807015,speech
should,overreact,1,0.0043859649122807015,speech
should,overstate,1,0.0043859649122807015,speech
should,pick,1,0.0043859649122807015,speech
should,play,1,0.0043859649122807015,speech
should,preserve,1,0.0043859649122807015,speech
should,provide,1,0.0043859649122807015,speech
should,pursue,1,0.0043859649122807015,speech
should,raise,1,0.0043859649122807015,speech
should,recognize,1,0.0043859649122807015,speech
should,remember,1,0.0043859649122807015,speech
should,remove,1,0.0043859649122807015,speech
should,represent,1,0.0043859649122807015,speech
should,require,1,0.0043859649122807015,speech
should,see,1,0.0043859649122807015,speech
should,show,1,0.0043859649122807015,speech
should,stabilize,1,0.0043859649122807015,speech
should,start,1,0.0043859649122807015,speech
should,stick,1,0.0043859649122807015,speech
should,stop,1,0.0043859649122807015,speech
should,strive,1,0.0043859649122807015,speech
should,structure,1,0.0043859649122807015,speech
should,surprise,1,0.0043859649122807015,speech
should,tailor,1,0.0043859649122807015,speech
should,think,1,0.0043859649122807015,speech
should,try,1,0.0043859649122807015,speech
should,value,1,0.0043859649122807015,speech
should,wash,1,0.0043859649122807015,speech
should,weaken,1,0.0043859649122807015,speech
should,welcome,1,0.0043859649122807015,speech
will,be,140,0.11409942950285248,speech
will,continue,81,0.06601466992665037,speech
will,discuss,55,0.04482477587612062,speech
will,need,37,0.03015484922575387,speech
will,take,28,0.022819885900570498,speech
will,remain,23,0.018744906275468622,speech
will,have,22,0.017929910350448247,speech
will,help,21,0.017114914425427872,speech
will,turn,21,0.017114914425427872,speech
will,focus,19,0.015484922575387123,speech
will,move,18,0.014669926650366748,speech
will,depend,15,0.012224938875305624,speech
will,do,15,0.012224938875305624,speech
will,require,15,0.012224938875305624,speech
will,make,14,0.011409942950285249,speech
will,begin,13,0.010594947025264874,speech
will,address,11,0.008964955175224124,speech
will,grow,11,0.008964955175224124,speech
will,assess,10,0.008149959250203748,speech
will,come,10,0.008149959250203748,speech
will,conclude,9,0.007334963325183374,speech
will,consider,9,0.007334963325183374,speech
will,return,9,0.007334963325183374,speech
will,rise,9,0.007334963325183374,speech
will,start,9,0.007334963325183374,speech
will,adjust,8,0.006519967400162999,speech
will,describe,8,0.006519967400162999,speech
will,evolve,8,0.006519967400162999,speech
will,explore,8,0.006519967400162999,speech
will,keep,8,0.006519967400162999,speech
will,review,8,0.006519967400162999,speech
will,act,7,0.0057049714751426246,speech
will,become,7,0.0057049714751426246,speech
will,benefit,7,0.0057049714751426246,speech
will,inform,7,0.0057049714751426246,speech
will,monitor,7,0.0057049714751426246,speech
will,publish,7,0.0057049714751426246,speech
will,support,7,0.0057049714751426246,speech
will,achieve,6,0.004889975550122249,speech
will,change,6,0.004889975550122249,speech
will,explain,6,0.004889975550122249,speech
will,include,6,0.004889975550122249,speech
will,offer,6,0.004889975550122249,speech
will,prove,6,0.004889975550122249,speech
will,provide,6,0.004889975550122249,speech
will,put,6,0.004889975550122249,speech
will,respond,6,0.004889975550122249,speech
will,tend,6,0.004889975550122249,speech
will,bring,5,0.004074979625101874,speech
will,face,5,0.004074979625101874,speech
will,fall,5,0.004074979625101874,speech
will,get,5,0.004074979625101874,speech
will,hear,5,0.004074979625101874,speech
will,look,5,0.004074979625101874,speech
will,persist,5,0.004074979625101874,speech
will,reflect,5,0.004074979625101874,speech
will,settle,5,0.004074979625101874,speech
will,affect,4,0.0032599837000814994,speech
will,allow,4,0.0032599837000814994,speech
will,argue,4,0.0032599837000814994,speech
will,determine,4,0.0032599837000814994,speech
will,feel,4,0.0032599837000814994,speech
will,go,4,0.0032599837000814994,speech
will,highlight,4,0.0032599837000814994,speech
will,learn,4,0.0032599837000814994,speech
will,leave,4,0.0032599837000814994,speech
will,play,4,0.0032599837000814994,speech
will,present,4,0.0032599837000814994,speech
will,promote,4,0.0032599837000814994,speech
will,reduce,4,0.0032599837000814994,speech
will,result,4,0.0032599837000814994,speech
will,say,4,0.0032599837000814994,speech
will,see,4,0.0032599837000814994,speech
will,speak,4,0.0032599837000814994,speech
will,summarize,4,0.0032599837000814994,speech
will,use,4,0.0032599837000814994,speech
will,warrant,4,0.0032599837000814994,speech
will,aim,3,0.0024449877750611247,speech
will,ask,3,0.0024449877750611247,speech
will,close,3,0.0024449877750611247,speech
will,decline,3,0.0024449877750611247,speech
will,deliver,3,0.0024449877750611247,speech
will,devote,3,0.0024449877750611247,speech
will,differ,3,0.0024449877750611247,speech
will,emphasize,3,0.0024449877750611247,speech
will,end,3,0.0024449877750611247,speech
will,ensure,3,0.0024449877750611247,speech
will,expand,3,0.0024449877750611247,speech
will,find,3,0.0024449877750611247,speech
will,give,3,0.0024449877750611247,speech
will,guide,3,0.0024449877750611247,speech
will,hold,3,0.0024449877750611247,speech
will,improve,3,0.0024449877750611247,speech
will,know,3,0.0024449877750611247,speech
will,mention,3,0.0024449877750611247,speech
will,note,3,0.0024449877750611247,speech
will,occur,3,0.0024449877750611247,speech
will,pay,3,0.0024449877750611247,speech
will,proceed,3,0.0024449877750611247,speech
will,receive,3,0.0024449877750611247,speech
will,release,3,0.0024449877750611247,speech
will,report,3,0.0024449877750611247,speech
will,seek,3,0.0024449877750611247,speech
will,spend,3,0.0024449877750611247,speech
will,tell,3,0.0024449877750611247,speech
will,try,3,0.0024449877750611247,speech
will,want,3,0.0024449877750611247,speech
will,will,3,0.0024449877750611247,speech
will,work,3,0.0024449877750611247,speech
will,abate,2,0.0016299918500407497,speech
will,add,2,0.0016299918500407497,speech
will,apply,2,0.0016299918500407497,speech
will,average,2,0.0016299918500407497,speech
will,bear,2,0.0016299918500407497,speech
will,boost,2,0.0016299918500407497,speech
will,build,2,0.0016299918500407497,speech
will,carry,2,0.0016299918500407497,speech
will,cause,2,0.0016299918500407497,speech
will,communicate,2,0.0016299918500407497,speech
will,cover,2,0.0016299918500407497,speech
will,design,2,0.0016299918500407497,speech
will,develop,2,0.0016299918500407497,speech
will,deviate,2,0.0016299918500407497,speech
will,diminish,2,0.0016299918500407497,speech
will,double,2,0.0016299918500407497,speech
will,drive,2,0.0016299918500407497,speech
will,ease,2,0.0016299918500407497,speech
will,enable,2,0.0016299918500407497,speech
will,encourage,2,0.0016299918500407497,speech
will,examine,2,0.0016299918500407497,speech
will,fade,2,0.0016299918500407497,speech
will,follow,2,0.0016299918500407497,speech
will,hesitate,2,0.0016299918500407497,speech
will,increase,2,0.0016299918500407497,speech
will,lay,2,0.0016299918500407497,speech
will,limit,2,0.0016299918500407497,speech
will,pick,2,0.0016299918500407497,speech
will,pull,2,0.0016299918500407497,speech
will,raise,2,0.0016299918500407497,speech
will,react,2,0.0016299918500407497,speech
will,run,2,0.0016299918500407497,speech
will,share,2,0.0016299918500407497,speech
will,show,2,0.0016299918500407497,speech
will,slow,2,0.0016299918500407497,speech
will,stabilize,2,0.0016299918500407497,speech
will,stay,2,0.0016299918500407497,speech
will,strengthen,2,0.0016299918500407497,speech
will,strive,2,0.0016299918500407497,speech
will,sustain,2,0.0016299918500407497,speech
will,visit,2,0.0016299918500407497,speech
will,wane,2,0.0016299918500407497,speech
will,watch,2,0.0016299918500407497,speech
will,advance,1,0.0008149959250203749,speech
will,advocate,1,0.0008149959250203749,speech
will,analyze,1,0.0008149959250203749,speech
will,announce,1,0.0008149959250203749,speech
will,appear,1,0.0008149959250203749,speech
will,balance,1,0.0008149959250203749,speech
will,base,1,0.0008149959250203749,speech
will,bet,1,0.0008149959250203749,speech
will,break,1,0.0008149959250203749,speech
will,buffet,1,0.0008149959250203749,speech
will,buy,1,0.0008149959250203749,speech
will,call,1,0.0008149959250203749,speech
will,cap,1,0.0008149959250203749,speech
will,cease,1,0.0008149959250203749,speech
will,challenge,1,0.0008149959250203749,speech
will,commence,1,0.0008149959250203749,speech
will,comment,1,0.0008149959250203749,speech
will,constrain,1,0.0008149959250203749,speech
will,contrast,1,0.0008149959250203749,speech
will,create,1,0.0008149959250203749,speech
will,creep,1,0.0008149959250203749,speech
will,cut,1,0.0008149959250203749,speech
will,delve,1,0.0008149959250203749,speech
will,demand,1,0.0008149959250203749,speech
will,depart,1,0.0008149959250203749,speech
will,dictate,1,0.0008149959250203749,speech
will,direct,1,0.0008149959250203749,speech
will,disappear,1,0.0008149959250203749,speech
will,disclose,1,0.0008149959250203749,speech
will,divide,1,0.0008149959250203749,speech
will,draw,1,0.0008149959250203749,speech
will,empower,1,0.0008149959250203749,speech
will,enhance,1,0.0008149959250203749,speech
will,entail,1,0.0008149959250203749,speech
will,enter,1,0.0008149959250203749,speech
will,equal,1,0.0008149959250203749,speech
will,evaluate,1,0.0008149959250203749,speech
will,exact,1,0.0008149959250203749,speech
will,exert,1,0.0008149959250203749,speech
will,expect,1,0.0008149959250203749,speech
will,experience,1,0.0008149959250203749,speech
will,fail,1,0.0008149959250203749,speech
will,fallout,1,0.0008149959250203749,speech
will,finish,1,0.0008149959250203749,speech
will,force,1,0.0008149959250203749,speech
will,forward,1,0.0008149959250203749,speech
will,foster,1,0.0008149959250203749,speech
will,further,1,0.0008149959250203749,speech
will,gather,1,0.0008149959250203749,speech
will,grapple,1,0.0008149959250203749,speech
will,hand,1,0.0008149959250203749,speech
will,happen,1,0.0008149959250203749,speech
will,host,1,0.0008149959250203749,speech
will,impede,1,0.0008149959250203749,speech
will,impose,1,0.0008149959250203749,speech
will,incorporate,1,0.0008149959250203749,speech
will,influence,1,0.0008149959250203749,speech
will,inherit,1,0.0008149959250203749,speech
will,insight,1,0.0008149959250203749,speech
will,insulate,1,0.0008149959250203749,speech
will,intend,1,0.0008149959250203749,speech
will,introduce,1,0.0008149959250203749,speech
will,involve,1,0.0008149959250203749,speech
will,issue,1,0.0008149959250203749,speech
will,join,1,0.0008149959250203749,speech
will,kick,1,0.0008149959250203749,speech
will,lead,1,0.0008149959250203749,speech
will,lower,1,0.0008149959250203749,speech
will,maintain,1,0.0008149959250203749,speech
will,manage,1,0.0008149959250203749,speech
will,matter,1,0.0008149959250203749,speech
will,mean,1,0.0008149959250203749,speech
will,measure,1,0.0008149959250203749,speech
will,meet,1,0.0008149959250203749,speech
will,minimize,1,0.0008149959250203749,speech
will,miss,1,0.0008149959250203749,speech
will,observe,1,0.0008149959250203749,speech
will,outline,1,0.0008149959250203749,speech
will,perform,1,0.0008149959250203749,speech
will,permit,1,0.0008149959250203749,speech
will,post,1,0.0008149959250203749,speech
will,preserve,1,0.0008149959250203749,speech
will,prevail,1,0.0008149959250203749,speech
will,produce,1,0.0008149959250203749,speech
will,pursue,1,0.0008149959250203749,speech
will,rank,1,0.0008149959250203749,speech
will,reach,1,0.0008149959250203749,speech
will,realize,1,0.0008149959250203749,speech
will,recall,1,0.0008149959250203749,speech
will,recognize,1,0.0008149959250203749,speech
will,reconsider,1,0.0008149959250203749,speech
will,recover,1,0.0008149959250203749,speech
will,refer,1,0.0008149959250203749,speech
will,regret,1,0.0008149959250203749,speech
will,remind,1,0.0008149959250203749,speech
will,render,1,0.0008149959250203749,speech
will,reopen,1,0.0008149959250203749,speech
will,repay,1,0.0008149959250203749,speech
will,resemble,1,0.0008149959250203749,speech
will,resolve,1,0.0008149959250203749,speech
will,restrain,1,0.0008149959250203749,speech
will,retain,1,0.0008149959250203749,speech
will,reverberate,1,0.0008149959250203749,speech
will,revert,1,0.0008149959250203749,speech
will,revise,1,0.0008149959250203749,speech
will,reward,1,0.0008149959250203749,speech
will,scale,1,0.0008149959250203749,speech
will,serve,1,0.0008149959250203749,speech
will,set,1,0.0008149959250203749,speech
will,sharpen,1,0.0008149959250203749,speech
will,shrink,1,0.0008149959250203749,speech
will,sidestep,1,0.0008149959250203749,speech
will,spill,1,0.0008149959250203749,speech
will,spread,1,0.0008149959250203749,speech
will,spur,1,0.0008149959250203749,speech
will,squander,1,0.0008149959250203749,speech
will,step,1,0.0008149959250203749,speech
will,stimulate,1,0.0008149959250203749,speech
will,stress,1,0.0008149959250203749,speech
will,struggle,1,0.0008149959250203749,speech
will,subside,1,0.0008149959250203749,speech
will,succeed,1,0.0008149959250203749,speech
will,tackle,1,0.0008149959250203749,speech
will,tariff,1,0.0008149959250203749,speech
will,think,1,0.0008149959250203749,speech
will,thrive,1,0.0008149959250203749,speech
will,tighten,1,0.0008149959250203749,speech
will,touch,1,0.0008149959250203749,speech
will,translate,1,0.0008149959250203749,speech
will,undergo,1,0.0008149959250203749,speech
will,understand,1,0.0008149959250203749,speech
will,update,1,0.0008149959250203749,speech
will,uphold,1,0.0008149959250203749,speech
will,usher,1,0.0008149959250203749,speech
will,vary,1,0.0008149959250203749,speech
will,walk,1,0.0008149959250203749,speech
will,wrap,1,0.0008149959250203749,speech
will,wrestle,1,0.0008149959250203749,speech
will,yield,1,0.0008149959250203749,speech
would,be,153,0.23323170731707318,speech
would,like,54,0.08231707317073171,speech
would,expect,19,0.028963414634146343,speech
would,have,17,0.025914634146341462,speech
would,require,11,0.01676829268292683,speech
would,need,10,0.01524390243902439,speech
would,remain,9,0.013719512195121951,speech
would,continue,8,0.012195121951219513,speech
would,do,7,0.010670731707317074,speech
would,increase,7,0.010670731707317074,speech
would,move,7,0.010670731707317074,speech
would,rise,7,0.010670731707317074,speech
would,risk,7,0.010670731707317074,speech
would,fall,6,0.009146341463414634,speech
would,help,6,0.009146341463414634,speech
would,make,6,0.009146341463414634,speech
would,prefer,6,0.009146341463414634,speech
would,tend,6,0.009146341463414634,speech
would,benefit,5,0.007621951219512195,speech
would,call,5,0.007621951219512195,speech
would,consider,5,0.007621951219512195,speech
would,imply,5,0.007621951219512195,speech
would,note,5,0.007621951219512195,speech
would,result,5,0.007621951219512195,speech
would,signal,5,0.007621951219512195,speech
would,take,5,0.007621951219512195,speech
would,warrant,5,0.007621951219512195,speech
would,add,4,0.006097560975609756,speech
would,affect,4,0.006097560975609756,speech
would,begin,4,0.006097560975609756,speech
would,decline,4,0.006097560975609756,speech
would,depend,4,0.006097560975609756,speech
would,face,4,0.006097560975609756,speech
would,lead,4,0.006097560975609756,speech
would,prescribe,4,0.006097560975609756,speech
would,push,4,0.006097560975609756,speech
would,reduce,4,0.006097560975609756,speech
would,run,4,0.006097560975609756,speech
would,suggest,4,0.006097560975609756,speech
would,agree,3,0.004573170731707317,speech
would,allow,3,0.004573170731707317,speech
would,become,3,0.004573170731707317,speech
would,create,3,0.004573170731707317,speech
would,keep,3,0.004573170731707317,speech
would,lose,3,0.004573170731707317,speech
would,mean,3,0.004573170731707317,speech
would,pose,3,0.004573170731707317,speech
would,prevail,3,0.004573170731707317,speech
would,respond,3,0.004573170731707317,speech
would,return,3,0.004573170731707317,speech
would,shift,3,0.004573170731707317,speech
would,slow,3,0.004573170731707317,speech
would,spend,3,0.004573170731707317,speech
would,weigh,3,0.004573170731707317,speech
would,work,3,0.004573170731707317,speech
would,aim,2,0.003048780487804878,speech
would,appear,2,0.003048780487804878,speech
would,apply,2,0.003048780487804878,speech
would,boost,2,0.003048780487804878,speech
would,bring,2,0.003048780487804878,speech
would,concern,2,0.003048780487804878,speech
would,diminish,2,0.003048780487804878,speech
would,draw,2,0.003048780487804878,speech
would,end,2,0.003048780487804878,speech
would,expand,2,0.003048780487804878,speech
would,find,2,0.003048780487804878,speech
would,hope,2,0.003048780487804878,speech
would,improve,2,0.003048780487804878,speech
would,include,2,0.003048780487804878,speech
would,indicate,2,0.003048780487804878,speech
would,leave,2,0.003048780487804878,speech
would,look,2,0.003048780487804878,speech
would,mitigate,2,0.003048780487804878,speech
would,necessitate,2,0.003048780487804878,speech
would,occur,2,0.003048780487804878,speech
would,pass,2,0.003048780487804878,speech
would,perform,2,0.003048780487804878,speech
would,provide,2,0.003048780487804878,speech
would,raise,2,0.003048780487804878,speech
would,reflect,2,0.003048780487804878,speech
would,say,2,0.003048780487804878,speech
would,seem,2,0.003048780487804878,speech
would,serve,2,0.003048780487804878,speech
would,sit,2,0.003048780487804878,speech
would,stand,2,0.003048780487804878,speech
would,start,2,0.003048780487804878,speech
would,stress,2,0.003048780487804878,speech
would,think,2,0.003048780487804878,speech
would,undermine,2,0.003048780487804878,speech
would,use,2,0.003048780487804878,speech
would,abate,1,0.001524390243902439,speech
would,achieve,1,0.001524390243902439,speech
would,advance,1,0.001524390243902439,speech
would,amplify,1,0.001524390243902439,speech
would,answer,1,0.001524390243902439,speech
would,anticipate,1,0.001524390243902439,speech
would,approach,1,0.001524390243902439,speech
would,approve,1,0.001524390243902439,speech
would,argue,1,0.001524390243902439,speech
would,arise,1,0.001524390243902439,speech
would,assert,1,0.001524390243902439,speech
would,assess,1,0.001524390243902439,speech
would,balance,1,0.001524390243902439,speech
would,base,1,0.001524390243902439,speech
would,calibrate,1,0.001524390243902439,speech
would,cause,1,0.001524390243902439,speech
would,change,1,0.001524390243902439,speech
would,choose,1,0.001524390243902439,speech
would,close,1,0.001524390243902439,speech
would,come,1,0.001524390243902439,speech
would,compromise,1,0.001524390243902439,speech
would,conclude,1,0.001524390243902439,speech
would,confront,1,0.001524390243902439,speech
would,constitute,1,0.001524390243902439,speech
would,contain,1,0.001524390243902439,speech
would,convince,1,0.001524390243902439,speech
would,cover,1,0.001524390243902439,speech
would,crowd,1,0.001524390243902439,speech
would,dedicate,1,0.001524390243902439,speech
would,delay,1,0.001524390243902439,speech
would,depress,1,0.001524390243902439,speech
would,describe,1,0.001524390243902439,speech
would,destroy,1,0.001524390243902439,speech
would,die,1,0.001524390243902439,speech
would,discourage,1,0.001524390243902439,speech
would,dress,1,0.001524390243902439,speech
would,earn,1,0.001524390243902439,speech
would,ease,1,0.001524390243902439,speech
would,engulf,1,0.001524390243902439,speech
would,enhance,1,0.001524390243902439,speech
would,envy,1,0.001524390243902439,speech
would,estimate,1,0.001524390243902439,speech
would,experience,1,0.001524390243902439,speech
would,fail,1,0.001524390243902439,speech
would,feed,1,0.001524390243902439,speech
would,follow,1,0.001524390243902439,speech
would,foster,1,0.001524390243902439,speech
would,freeze,1,0.001524390243902439,speech
would,fuel,1,0.001524390243902439,speech
would,give,1,0.001524390243902439,speech
would,go,1,0.001524390243902439,speech
would,grant,1,0.001524390243902439,speech
would,hesitate,1,0.001524390243902439,speech
would,hold,1,0.001524390243902439,speech
would,imagine,1,0.001524390243902439,speech
would,impede,1,0.001524390243902439,speech
would,impose,1,0.001524390243902439,speech
would,inflict,1,0.001524390243902439,speech
would,influence,1,0.001524390243902439,speech
would,inform,1,0.001524390243902439,speech
would,involve,1,0.001524390243902439,speech
would,judge,1,0.001524390243902439,speech
would,love,1,0.001524390243902439,speech
would,lower,1,0.001524390243902439,speech
would,materialize,1,0.001524390243902439,speech
would,mention,1,0.001524390243902439,speech
would,offset,1,0.001524390243902439,speech
would,opt,1,0.001524390243902439,speech
would,perceive,1,0.001524390243902439,speech
would,persist,1,0.001524390243902439,speech
would,prepare,1,0.001524390243902439,speech
would,present,1,0.001524390243902439,speech
would,prompt,1,0.001524390243902439,speech
would,put,1,0.001524390243902439,speech
would,rate,1,0.001524390243902439,speech
would,reach,1,0.001524390243902439,speech
would,rebound,1,0.001524390243902439,speech
would,receive,1,0.001524390243902439,speech
would,reinveste,1,0.001524390243902439,speech
would,rely,1,0.001524390243902439,speech
would,reopen,1,0.001524390243902439,speech
would,repeat,1,0.001524390243902439,speech
would,rotate,1,0.001524390243902439,speech
would,score,1,0.001524390243902439,speech
would,see,1,0.001524390243902439,speech
would,seek,1,0.001524390243902439,speech
would,sing,1,0.001524390243902439,speech
would,stay,1,0.001524390243902439,speech
would,stretch,1,0.001524390243902439,speech
would,struggle,1,0.001524390243902439,speech
would,subside,1,0.001524390243902439,speech
would,succeed,1,0.001524390243902439,speech
would,threaten,1,0.001524390243902439,speech
would,translate,1,0.001524390243902439,speech
would,transmit,1,0.001524390243902439,speech
would,trigger,1,0.001524390243902439,speech
would,want,1,0.001524390243902439,speech
would,weaken,1,0.001524390243902439,speech
would,withdraw,1,0.001524390243902439,speech
can,be,2,0.5,statement
can,find,2,0.5,statement
could,impede,46,0.92,statement
could,pose,4,0.08,statement
may,warrant,15,0.5555555555555556,statement
may,be,10,0.37037037037037035,statement
may,find,1,0.037037037037037035,statement
may,restrain,1,0.037037037037037035,statement
should,help,21,0.5526315789473685,statement
should,maintain,6,0.15789473684210525,statement
should,promote,6,0.15789473684210525,statement
should,be,1,0.02631578947368421,statement
should,commit,1,0.02631578947368421,statement
should,continue,1,0.02631578947368421,statement
should,emphasize,1,0.02631578947368421,statement
should,stress,1,0.02631578947368421,statement
will,continue,125,0.2042483660130719,statement
will,take,123,0.20098039215686275,statement
will,assess,72,0.11764705882352941,statement
will,be,55,0.08986928104575163,statement
will,expand,34,0.05555555555555555,statement
will,monitor,32,0.05228758169934641,statement
will,depend,28,0.0457516339869281,statement
will,warrant,21,0.03431372549019608,statement
will,evolve,20,0.032679738562091505,statement
will,add,12,0.0196078431372549,statement
will,strengthen,12,0.0196078431372549,statement
will,remain,11,0.017973856209150325,statement
will,aim,10,0.016339869281045753,statement
will,move,10,0.016339869281045753,statement
will,increase,9,0.014705882352941176,statement
will,reduce,5,0.008169934640522876,statement
will,use,5,0.008169934640522876,statement
will,weigh,4,0.006535947712418301,statement
will,act,3,0.004901960784313725,statement
will,initiate,2,0.0032679738562091504,statement
will,maintain,2,0.0032679738562091504,statement
will,reinvest,2,0.0032679738562091504,statement
will,rise,2,0.0032679738562091504,statement
will,slow,2,0.0032679738562091504,statement
will,stabilize,2,0.0032679738562091504,statement
will,affect,1,0.0016339869281045752,statement
will,boost,1,0.0016339869281045752,statement
will,conclude,1,0.0016339869281045752,statement
will,consider,1,0.0016339869281045752,statement
will,decline,1,0.0016339869281045752,statement
will,end,1,0.0016339869281045752,statement
will,help,1,0.0016339869281045752,statement
will,hold,1,0.0016339869281045752,statement
will,include,1,0.0016339869281045752,statement
would,be,46,0.9387755102040817,statement
would,continue,2,0.04081632653061224,statement
would,reduce,1,0.02040816326530612,statement
