modal,verb,obs,exp,ratio,odds_ratio,p,signed_log10p,G2,genre
can,do,200,55.63,3.6,5.583,1.472318653155448e-63,62.83,283.17,all
can,everything,61,6.68,9.13,516.663,2.9362881676298866e-58,57.53,262.99,all
can,tell,60,13.91,4.31,7.339,9.00469047315497e-25,24.05,105.73,all
can,give,68,18.0,3.78,5.807,9.603619913388645e-24,23.02,100.86,all
can,see,115,48.41,2.38,2.933,4.1749060287969406e-19,18.38,79.49,all
can,find,37,7.98,4.64,8.378,3.9438401384503364e-17,16.4,71.04,all
can,can,13,1.4,9.28,inf,2.5898508529915954e-13,12.59,57.97,all
can,speak,21,3.56,5.9,14.59,4.4074184716665084e-13,12.36,53.15,all
can,afford,16,2.48,6.45,19.024,3.7283088036084816e-11,10.43,44.68,all
can,identify,12,1.62,7.42,33.247,8.025454659586345e-10,9.1,39.17,all
can,think,42,16.6,2.53,3.137,9.391937651934365e-09,8.03,32.45,all
can,explain,27,8.19,3.3,4.597,9.523773056469836e-09,8.02,32.71,all
can,clearly,9,1.08,8.35,74.729,1.7561671616860025e-08,7.76,33.85,all
can,talk,32,11.64,2.75,3.515,6.432522333088559e-08,7.19,28.81,all
can,control,7,0.75,9.28,inf,1.681163170643985e-07,6.77,31.2,all
can,good,7,0.75,9.28,inf,1.681163170643985e-07,6.77,31.2,all
can,get,38,16.39,2.32,2.784,5.648091375963343e-07,6.25,24.54,all
can,well,7,0.86,8.12,58.078,1.2183543101614376e-06,5.91,25.4,all
can,achieve,20,6.47,3.09,4.162,2.449305299613532e-06,5.61,21.92,all
can,be+patient,16,4.53,3.53,5.117,3.399738278171563e-06,5.47,21.44,all
can,all,6,0.75,7.95,49.763,9.928778073703873e-06,5.0,21.23,all
can,be+specific,6,0.75,7.95,49.763,9.928778073703873e-06,5.0,21.23,all
can,grant,6,0.75,7.95,49.763,9.928778073703873e-06,5.0,21.23,all
can,be+sure,7,1.08,6.49,19.358,1.500486313974228e-05,4.82,19.67,all
can,estimate,6,0.86,6.96,24.88,3.60600493643312e-05,4.44,18.2,all
can,hear,9,1.94,4.64,8.3,3.7993758184273536e-05,4.42,17.21,all
can,make,51,29.0,1.76,1.954,6.320570544286195e-05,4.2,15.87,all
can,increase,42,22.64,1.86,2.086,7.38523557106202e-05,4.13,15.42,all
can,affect,42,22.75,1.85,2.074,7.934315251282323e-05,4.1,15.2,all
can,rule,7,1.29,5.41,11.614,8.136635226590921e-05,4.09,16.04,all
can,recall,6,0.97,6.18,16.586,9.824526743587163e-05,4.01,15.97,all
can,walk,8,1.72,4.64,8.297,0.00010459742802701126,3.98,15.3,all
can,guarantee,4,0.43,9.28,inf,0.0001348335753699254,3.87,17.82,all
can,protect,4,0.43,9.28,inf,0.0001348335753699254,3.87,17.82,all
can,trust,4,0.43,9.28,inf,0.0001348335753699254,3.87,17.82,all
can,handle,7,1.4,4.99,9.678,0.00015984089634891847,3.8,14.62,all
can,succeed,7,1.4,4.99,9.678,0.00015984089634891847,3.8,14.62,all
can,fast,5,0.75,6.63,20.726,0.00025269480636780844,3.6,14.36,all
can,imagine,9,2.37,3.79,5.745,0.00026006821469570427,3.58,13.31,all
can,improve,13,4.64,2.8,3.599,0.00041798181342072357,3.38,12.08,all
can,sustain,11,3.67,3.0,3.97,0.0006055672105424243,3.22,11.47,all
can,be+certain,4,0.54,7.42,33.15,0.0006160992213272853,3.21,13.05,all
can,be+volatile,5,0.86,5.8,13.816,0.0006137527347069374,3.21,12.38,all
can,observe,5,0.86,5.8,13.816,0.0006137527347069374,3.21,12.38,all
can,of,4,0.54,7.42,33.15,0.0006160992213272853,3.21,13.05,all
can,way,4,0.54,7.42,33.15,0.0006160992213272853,3.21,13.05,all
can,maintain,15,6.04,2.48,3.039,0.000656754370691043,3.18,11.12,all
can,address,14,5.61,2.5,3.06,0.0009303780995430356,3.03,10.49,all
can,dial,3,0.32,9.28,inf,0.001251895122373484,2.9,13.37,all
can,what,3,0.32,9.28,inf,0.001251895122373484,2.9,13.37,all
can,hire,4,0.65,6.18,16.574,0.0016897166630949595,2.77,10.64,all
can,avoid,8,2.48,3.23,4.424,0.001995214601702997,2.7,9.35,all
can,deliver,5,1.08,4.64,8.289,0.0022931682637114723,2.64,9.56,all
can,be+effective,7,2.05,3.42,4.837,0.0026177258408489764,2.58,8.92,all
can,respond,15,6.9,2.17,2.542,0.003489008985212869,2.46,8.33,all
can,be+confident,4,0.75,5.3,11.049,0.0036057458053978288,2.44,8.95,all
can,count,4,0.75,5.3,11.049,0.0036057458053978288,2.44,8.95,all
can,damage,3,0.43,6.96,24.853,0.004603079763384159,2.34,9.1,all
can,fill,3,0.43,6.96,24.853,0.004603079763384159,2.34,9.1,all
can,learn,8,2.8,2.85,3.686,0.004738221041095556,2.32,7.66,all
can,share,6,1.72,3.48,4.974,0.004802575596503927,2.32,7.85,all
can,measure,5,1.29,3.86,5.92,0.0059910646794458225,2.22,7.58,all
can,vary,6,1.83,3.27,4.522,0.006753175407379506,2.17,7.17,all
can,create,8,3.02,2.65,3.317,0.007756031815716275,2.11,6.71,all
can,look,53,37.09,1.43,1.518,0.008327823693655608,2.08,6.97,all
can,draw,5,1.4,3.57,5.18,0.008880301792370073,2.05,6.78,all
can,be+example,3,0.54,5.57,12.426,0.01058355057646947,1.98,7.09,all
can,be+long,3,0.54,5.57,12.426,0.01058355057646947,1.98,7.09,all
can,adjust,15,8.09,1.86,2.075,0.014975061319704134,1.82,5.47,all
can,attribute,4,1.08,3.71,5.524,0.01658692169406415,1.78,5.73,all
can,let,4,1.08,3.71,5.524,0.01658692169406415,1.78,5.73,all
can,target,4,1.08,3.71,5.524,0.01658692169406415,1.78,5.73,all
can,account,3,0.65,4.64,8.284,0.01947738448984398,1.71,5.73,all
can,be+clearer,3,0.65,4.64,8.284,0.01947738448984398,1.71,5.73,all
can,tie,3,0.65,4.64,8.284,0.01947738448984398,1.71,5.73,all
can,comment,7,2.91,2.4,2.901,0.02142596109320065,1.67,4.85,all
can,build,4,1.19,3.37,4.734,0.023875154976471195,1.62,5.0,all
can,clarify,6,2.37,2.53,3.108,0.02548732264176132,1.59,4.6,all
can,know,19,11.54,1.65,1.792,0.027412718632726277,1.56,4.66,all
can,miss,4,1.29,3.09,4.142,0.032817200124983875,1.48,4.37,all
can,remember,4,1.29,3.09,4.142,0.032817200124983875,1.48,4.37,all
can,amplify,5,1.94,2.58,3.187,0.03751169807661939,1.43,3.97,all
can,be+difficult,7,3.23,2.16,2.523,0.03698028555297011,1.43,3.84,all
can,ask,12,6.79,1.77,1.951,0.041551936501326395,1.38,3.75,all
can,answer,4,1.4,2.85,3.682,0.043455821606145584,1.36,3.83,all
can,offer,4,1.4,2.85,3.682,0.043455821606145584,1.36,3.83,all
can,pay,7,3.34,2.09,2.417,0.04347498900668748,1.36,3.55,all
can,buy,3,0.86,3.48,4.97,0.04625113827943251,1.33,3.92,all
can,soften,3,0.86,3.48,4.97,0.04625113827943251,1.33,3.92,all
can,be+costly,4,1.51,2.65,3.314,0.05579642339644966,1.25,3.35,all
can,manage,4,1.51,2.65,3.314,0.05579642339644966,1.25,3.35,all
can,cut,6,2.91,2.06,2.367,0.06373986190146418,1.2,2.92,all
can,elaborate,4,1.62,2.47,3.012,0.06981090975475551,1.16,2.93,all
can,factor,4,1.62,2.47,3.012,0.06981090975475551,1.16,2.93,all
can,influence,7,3.56,1.97,2.231,0.08167050998397225,1.09,3.01,all
can,deploy,3,1.08,2.78,3.549,0.08423702964281142,1.07,2.75,all
can,develop,3,1.08,2.78,3.549,0.08423702964281142,1.07,2.75,all
can,happen,21,14.99,1.4,1.477,0.10019723739884638,1.0,2.45,all
can,resolve,3,1.19,2.53,3.106,0.10687273264268897,0.97,2.3,all
can,assume,4,1.94,2.06,2.366,0.12120696816110256,0.92,1.95,all
can,challenge,3,1.29,2.32,2.76,0.13155791014859075,0.88,1.92,all
can,hit,3,1.29,2.32,2.76,0.13155791014859075,0.88,1.92,all
can,worry,3,1.29,2.32,2.76,0.13155791014859075,0.88,1.92,all
can,produce,3,1.4,2.14,2.484,0.15798853671132426,0.8,1.6,all
can,promote,6,3.56,1.69,1.841,0.1615838625866665,0.79,1.6,all
can,ease,5,2.59,1.93,2.18,0.1736557112999726,0.76,2.05,all
can,lower,5,2.59,1.93,2.18,0.1736557112999726,0.76,2.05,all
can,wait,5,2.7,1.86,2.071,0.18248508025681054,0.74,1.82,all
can,meet,5,2.91,1.72,1.882,0.20520177219999824,0.69,1.42,all
can,argue,3,1.62,1.86,2.07,0.2148711638987192,0.67,1.09,all
can,force,3,1.62,1.86,2.07,0.2148711638987192,0.67,1.09,all
can,change,16,11.97,1.34,1.396,0.21849494563733418,0.66,1.4,all
can,serve,6,3.67,1.64,1.775,0.2592189392620745,0.59,1.43,all
can,support,18,14.12,1.27,1.32,0.2591451309089733,0.59,1.11,all
can,implement,4,2.16,1.86,2.07,0.26424952566812415,0.58,1.45,all
can,lose,4,2.16,1.86,2.07,0.26424952566812415,0.58,1.45,all
can,base,4,2.26,1.77,1.949,0.27539047977381215,0.56,1.25,all
can,be+tool,4,2.26,1.77,1.949,0.27539047977381215,0.56,1.25,all
can,bring,8,5.82,1.37,1.441,0.37449876369335533,0.43,0.83,all
can,follow,17,14.02,1.21,1.247,0.3938155189324748,0.4,0.68,all
can,work,9,6.79,1.33,1.381,0.411773939287456,0.39,0.74,all
can,decide,3,1.83,1.64,1.774,0.41889867789493923,0.38,0.71,all
can,evaluate,3,1.83,1.64,1.774,0.41889867789493923,0.38,0.71,all
can,generate,3,1.83,1.64,1.774,0.41889867789493923,0.38,0.71,all
can,try,6,4.53,1.33,1.38,0.45141870984281846,0.35,0.49,all
can,enhance,3,2.16,1.39,1.461,0.46976206313636365,0.33,0.33,all
can,react,4,3.02,1.33,1.38,0.5365185965193784,0.27,0.33,all
can,characterize,5,4.1,1.22,1.254,0.5985257271948883,0.22,0.21,all
can,run,6,5.07,1.18,1.212,0.6357582101253351,0.2,0.18,all
can,be+part,3,2.7,1.11,1.129,0.7470252871786125,0.13,0.04,all
can,set,3,2.59,1.16,1.182,0.7391322360457752,0.13,0.07,all
can,stop,3,2.59,1.16,1.182,0.7391322360457752,0.13,0.07,all
can,agree,4,3.77,1.06,1.068,0.7868368891982197,0.1,0.02,all
can,be+case,4,3.88,1.03,1.034,0.7925366233137886,0.1,0.0,all
can,grow,4,3.77,1.06,1.068,0.7868368891982197,0.1,0.02,all
can,go,28,27.06,1.03,1.039,0.8377436082048046,0.08,0.04,all
can,play,6,5.82,1.03,1.034,0.827779743829625,0.08,0.01,all
can,raise,9,8.41,1.07,1.08,0.8541144066197248,0.07,0.05,all
can,point,10,9.6,1.04,1.048,0.8637215581957922,0.06,0.02,all
can,be+useful,3,3.45,0.87,0.856,1.0,0.0,0.07,all
can,cause,7,7.12,0.98,0.982,1.0,0.0,0.0,all
can,communicate,3,3.56,0.84,0.827,1.0,0.0,0.1,all
can,describe,4,4.31,0.93,0.919,1.0,0.0,0.03,all
can,feel,3,3.77,0.8,0.776,1.0,0.0,0.19,all
can,provide,18,18.87,0.95,0.948,1.0,0.0,0.05,all
can,push,3,3.88,0.77,0.752,1.0,0.0,0.24,all
can,pose,6,6.9,0.87,0.856,0.8420577220381805,-0.07,0.14,all
can,benefit,3,4.31,0.7,0.671,0.7966154035885583,-0.1,0.5,all
can,use,16,17.9,0.89,0.882,0.7076352939599246,-0.15,0.23,all
can,reduce,9,11.32,0.8,0.775,0.6347080468095165,-0.2,0.57,all
can,focus,3,4.64,0.65,0.62,0.6210918296813654,-0.21,0.73,all
can,lead,15,17.68,0.85,0.832,0.6127044681608644,-0.21,0.48,all
can,reach,3,4.42,0.68,0.653,0.6191028474151001,-0.21,0.57,all
can,contribute,6,8.3,0.72,0.699,0.5785757083891299,-0.24,0.79,all
can,help,40,43.99,0.91,0.898,0.5733447386307566,-0.24,0.42,all
can,start,8,10.35,0.77,0.752,0.5127943733270597,-0.29,0.65,all
can,allow,6,8.95,0.67,0.644,0.37571904528673233,-0.43,1.22,all
can,put,9,12.4,0.73,0.702,0.36679709871884075,-0.44,1.15,all
can,return,4,7.12,0.56,0.533,0.3167773910093665,-0.5,1.79,all
can,have,61,69.65,0.88,0.86,0.3033261832756481,-0.52,1.28,all
can,say,91,101.99,0.89,0.877,0.2614650350447538,-0.58,1.42,all
can,keep,6,10.24,0.59,0.557,0.1857817824529859,-0.73,2.28,all
can,come,14,20.38,0.69,0.66,0.15677343718656783,-0.8,2.5,all
can,begin,6,10.89,0.55,0.522,0.14580551758177582,-0.84,2.9,all
can,weigh,3,7.87,0.38,0.354,0.08512651458405515,-1.07,4.32,all
can,turn,3,7.55,0.4,0.37,0.08286847883398067,-1.08,3.89,all
can,strengthen,3,7.98,0.38,0.349,0.06054270547311816,-1.22,4.46,all
can,hold,10,18.11,0.55,0.522,0.04479220395520526,-1.35,4.8,all
can,add,3,8.41,0.36,0.33,0.044026448526990836,-1.36,5.06,all
can,expect,12,23.4,0.51,0.482,0.010910610400638066,-1.96,7.48,all
can,become,4,12.4,0.32,0.297,0.009357962470401167,-2.03,8.45,all
can,move,16,29.22,0.55,0.516,0.0075316745013288625,-2.12,7.95,all
can,require,3,11.64,0.26,0.236,0.0044308653000145245,-2.35,9.94,all
can,be,20,37.09,0.54,0.507,0.002052757144116653,-2.69,10.53,all
can,result,3,13.8,0.22,0.198,0.0005270526777990274,-3.28,13.48,all
can,take,43,86.36,0.5,0.461,5.992211822694079e-08,-7.22,30.14,all
can,remain,3,26.31,0.11,0.102,8.235669431756698e-09,-8.08,36.23,all
can,continue,24,107.06,0.22,0.198,2.7426650406053767e-24,-23.56,104.91,all
could,impede,162,23.54,6.88,84.275,5.390275109929301e-125,124.27,568.01,all
could,follow,81,17.48,4.63,10.88,2.240714135795951e-38,37.65,168.33,all
could,lead,92,22.06,4.17,8.43,4.384669099733902e-38,37.36,166.77,all
could,pose,45,8.61,5.23,15.438,2.9491888986845645e-25,24.53,108.67,all
could,talk,58,14.53,3.99,7.581,3.26924315541786e-23,22.49,98.71,all
could,affect,81,28.38,2.85,4.085,9.03117198971323e-20,19.04,82.52,all
could,result,56,17.21,3.25,5.074,4.1550001681445715e-17,16.38,70.59,all
could,prove,38,9.55,3.98,7.485,1.2396221245368756e-15,14.91,64.22,all
could,bear,23,4.03,5.7,21.286,6.658505809533043e-15,14.18,61.84,all
could,become,44,15.47,2.84,4.028,2.4003512371613914e-11,10.62,44.32,all
could,misinterpret,13,1.88,6.9,83.987,5.6563871081110567e-11,10.25,45.29,all
could,undermine,16,2.96,5.41,17.24,3.6949537081079206e-10,9.43,40.21,all
could,appreciate,10,1.34,7.44,inf,1.9134311932672768e-09,8.72,40.15,all
could,risk,18,4.3,4.18,8.314,1.4132177510372773e-08,7.85,32.48,all
could,exacerbate,14,2.82,4.96,12.921,2.8280574577164578e-08,7.55,31.51,all
could,arise,15,3.36,4.46,9.693,7.104257867518578e-08,7.15,29.47,all
could,facilitate,13,2.69,4.83,11.995,1.4138559600419158e-07,6.85,28.32,all
could,elaborate,11,2.02,5.45,17.753,2.0748620195217144e-07,6.68,27.92,all
could,emerge,14,3.23,4.34,9.044,3.2018006392163444e-07,6.49,26.5,all
could,spill,10,1.75,5.72,21.513,3.706371274493072e-07,6.43,26.97,all
could,damp,11,2.15,5.11,14.202,5.826535596789892e-07,6.23,25.73,all
could,increase,55,28.24,1.95,2.305,7.200205569782861e-07,6.14,24.2,all
could,cause,24,8.88,2.7,3.697,2.296485680549183e-06,5.64,21.99,all
could,weaken,15,4.17,3.6,6.056,2.93787463471534e-06,5.53,21.91,all
could,restrain,14,3.77,3.72,6.459,3.8544524321112615e-06,5.41,21.44,all
could,hinder,6,0.81,7.44,inf,5.89459456660068e-06,5.23,24.08,all
could,generate,10,2.29,4.37,9.218,1.5024786376969801e-05,4.82,19.13,all
could,boost,15,4.84,3.1,4.613,2.8041048551949026e-05,4.55,17.39,all
could,push,15,4.84,3.1,4.613,2.8041048551949026e-05,4.55,17.39,all
could,explain,24,10.22,2.35,2.985,5.253307505714421e-05,4.28,16.59,all
could,give,41,22.46,1.83,2.108,9.317547762094202e-05,4.03,14.88,all
could,encourage,11,3.23,3.41,5.46,0.0001177320552476775,3.93,14.81,all
could,trigger,8,1.88,4.25,8.599,0.0001494162366985977,3.83,14.73,all
could,amplify,9,2.42,3.72,6.45,0.00021927277082428012,3.66,13.77,all
could,clarify,10,2.96,3.38,5.376,0.00026273010306865883,3.58,13.29,all
could,could,4,0.54,7.44,inf,0.0003266563136544621,3.49,16.05,all
could,impair,6,1.21,4.96,12.892,0.00034346070641028885,3.46,13.49,all
could,comment,11,3.63,3.03,4.436,0.0004175129695490086,3.38,12.28,all
could,limit,11,3.63,3.03,4.436,0.0004175129695490086,3.38,12.28,all
could,yield,5,0.94,5.31,16.111,0.0007271753190982726,3.14,12.27,all
could,break,6,1.34,4.46,9.669,0.0007606357043673772,3.12,11.78,all
could,entail,6,1.34,4.46,9.669,0.0007606357043673772,3.12,11.78,all
could,threaten,6,1.34,4.46,9.669,0.0007606357043673772,3.12,11.78,all
could,slow,22,10.76,2.04,2.451,0.0007925927449110054,3.1,10.97,all
could,put,29,15.47,1.88,2.18,0.0008131336088242436,3.09,11.39,all
could,reflect,21,10.22,2.05,2.466,0.001031817648499313,2.99,10.6,all
could,contribute,21,10.36,2.03,2.422,0.0011708956427567163,2.93,10.24,all
could,help,78,54.87,1.42,1.534,0.0012313179980701133,2.91,10.35,all
could,view,10,3.5,2.86,4.031,0.0012951131250094042,2.89,10.12,all
could,employ,4,0.67,5.95,25.772,0.0014577361862913162,2.84,11.34,all
could,transition,4,0.67,5.95,25.772,0.0014577361862913162,2.84,11.34,all
could,aid,5,1.08,4.65,10.74,0.001723656069460996,2.76,10.35,all
could,prompt,5,1.08,4.65,10.74,0.001723656069460996,2.76,10.35,all
could,spur,7,2.02,3.47,5.641,0.001889687126019948,2.72,9.68,all
could,accelerate,3,0.4,7.44,inf,0.0024307421693427985,2.61,12.04,all
could,be+disruptive,3,0.4,7.44,inf,0.0024307421693427985,2.61,12.04,all
could,be+persistent,10,3.77,2.66,3.583,0.002481758827773984,2.61,8.84,all
could,be+store,3,0.4,7.44,inf,0.0024307421693427985,2.61,12.04,all
could,display,3,0.4,7.44,inf,0.0024307421693427985,2.61,12.04,all
could,drag,3,0.4,7.44,inf,0.0024307421693427985,2.61,12.04,all
could,jeopardize,3,0.4,7.44,inf,0.0024307421693427985,2.61,12.04,all
could,misspecifie,3,0.4,7.44,inf,0.0024307421693427985,2.61,12.04,all
could,portend,3,0.4,7.44,inf,0.0024307421693427985,2.61,12.04,all
could,substitute,3,0.4,7.44,inf,0.0024307421693427985,2.61,12.04,all
could,enhance,8,2.69,2.97,4.298,0.002961421172897031,2.53,8.66,all
could,be+sign,5,1.21,4.13,8.055,0.003448900273274379,2.46,8.86,all
could,associate,8,2.82,2.83,3.967,0.004225950678249662,2.37,7.95,all
could,provide,37,23.54,1.57,1.734,0.005074188151653131,2.29,7.85,all
could,shift,8,2.96,2.7,3.684,0.005868042711545727,2.23,7.31,all
could,hurt,5,1.34,3.72,6.444,0.006137164842181384,2.21,7.65,all
could,mitigate,5,1.34,3.72,6.444,0.006137164842181384,2.21,7.65,all
could,necessitate,5,1.34,3.72,6.444,0.006137164842181384,2.21,7.65,all
could,be+helpful,13,6.05,2.15,2.621,0.0065731868095320525,2.18,7.32,all
could,mean,14,6.86,2.04,2.441,0.006743386457424919,2.17,6.94,all
could,persist,10,4.3,2.32,2.931,0.007358956844594043,2.13,6.74,all
could,deteriorate,4,0.94,4.25,8.59,0.008143309077928566,2.09,7.36,all
could,bind,3,0.54,5.58,19.323,0.008742999736407808,2.06,7.83,all
could,detail,3,0.54,5.58,19.323,0.008742999736407808,2.06,7.83,all
could,mask,3,0.54,5.58,19.323,0.008742999736407808,2.06,7.83,all
could,relate,3,0.54,5.58,19.323,0.008742999736407808,2.06,7.83,all
could,shorten,3,0.54,5.58,19.323,0.008742999736407808,2.06,7.83,all
could,force,6,2.02,2.97,4.296,0.009946390396855628,2.0,6.49,all
could,walk,6,2.15,2.79,3.866,0.014131063189575275,1.85,5.8,all
could,disrupt,4,1.08,3.72,6.442,0.014562962086396139,1.84,6.12,all
could,describe,11,5.38,2.04,2.446,0.017179585630714506,1.76,5.47,all
could,be+sensitive,3,0.67,4.46,9.661,0.019670895061582552,1.71,5.89,all
could,shed,3,0.67,4.46,9.661,0.019670895061582552,1.71,5.89,all
could,stall,3,0.67,4.46,9.661,0.019670895061582552,1.71,5.89,all
could,tilt,3,0.67,4.46,9.661,0.019670895061582552,1.71,5.89,all
could,withstand,3,0.67,4.46,9.661,0.019670895061582552,1.71,5.89,all
could,be+level,7,2.96,2.37,3.007,0.021389826428941567,1.67,4.9,all
could,use,33,22.33,1.48,1.603,0.021609986407284794,1.67,5.3,all
could,address,13,6.99,1.86,2.15,0.02294462310660732,1.64,4.96,all
could,be+beneficial,4,1.21,3.3,5.153,0.02345421153689356,1.63,5.13,all
could,be+risk,4,1.21,3.3,5.153,0.02345421153689356,1.63,5.13,all
could,materialize,4,1.21,3.3,5.153,0.02345421153689356,1.63,5.13,all
could,rely,4,1.21,3.3,5.153,0.02345421153689356,1.63,5.13,all
could,be+factor,7,3.09,2.26,2.819,0.027268424803348814,1.56,4.45,all
could,reduce,22,14.12,1.56,1.711,0.030687584039105886,1.51,4.48,all
could,tighten,5,1.88,2.66,3.579,0.03070838296868936,1.51,4.42,all
could,spend,6,2.56,2.35,2.974,0.033607115529939634,1.47,4.14,all
could,attribute,4,1.34,2.97,4.294,0.034998909333368335,1.46,4.33,all
could,be+benefit,4,1.34,2.97,4.294,0.034998909333368335,1.46,4.33,all
could,deploy,4,1.34,2.97,4.294,0.034998909333368335,1.46,4.33,all
could,be+table,3,0.81,3.72,6.44,0.03543627176456812,1.45,4.59,all
could,drift,3,0.81,3.72,6.44,0.03543627176456812,1.45,4.59,all
could,raise,17,10.49,1.62,1.798,0.043702356020608596,1.36,4.06,all
could,face,9,4.71,1.91,2.231,0.04444968516532768,1.35,3.73,all
could,indicate,8,3.77,2.12,2.578,0.044808151497981064,1.35,4.38,all
could,last,4,1.48,2.7,3.681,0.0492750329881606,1.31,3.65,all
could,be+wrong,3,0.94,3.19,4.83,0.05590599377954778,1.25,3.63,all
could,choose,3,0.94,3.19,4.83,0.05590599377954778,1.25,3.63,all
could,constrain,3,0.94,3.19,4.83,0.05590599377954778,1.25,3.63,all
could,depress,3,0.94,3.19,4.83,0.05590599377954778,1.25,3.63,all
could,challenge,4,1.61,2.48,3.22,0.06626670154496324,1.18,3.09,all
could,support,25,17.62,1.42,1.522,0.07077360523300232,1.15,3.24,all
could,be+volatile,3,1.08,2.79,3.864,0.08071181279543875,1.09,2.9,all
could,occur,13,7.93,1.64,1.822,0.08160833941532675,1.09,3.23,all
could,be+gradual,5,2.42,2.07,2.477,0.08349531568317327,1.08,2.55,all
could,differ,4,1.75,2.29,2.862,0.08587748978206401,1.07,2.6,all
could,create,7,3.77,1.86,2.148,0.09015582754583945,1.05,2.67,all
could,complicate,3,1.21,2.48,3.22,0.10934061342471142,0.96,2.31,all
could,revise,3,1.21,2.48,3.22,0.10934061342471142,0.96,2.31,all
could,be+difficult,7,4.03,1.73,1.961,0.11188781414368039,0.95,2.14,all
could,afford,6,3.09,1.94,2.274,0.11452715419744672,0.94,2.59,all
could,judge,6,3.09,1.94,2.274,0.11452715419744672,0.94,2.59,all
could,turn,14,9.41,1.49,1.611,0.11368273169277401,0.94,2.3,all
could,convey,4,2.02,1.98,2.342,0.13225631550843484,0.88,1.83,all
could,be+reason,3,1.34,2.23,2.76,0.1412013437495727,0.85,1.84,all
could,be+smaller,3,1.34,2.23,2.76,0.1412013437495727,0.85,1.84,all
could,realize,3,1.34,2.23,2.76,0.1412013437495727,0.85,1.84,all
could,play,11,7.26,1.51,1.648,0.15812623304471055,0.8,1.97,all
could,cut,6,3.63,1.65,1.84,0.1658941897267319,0.78,1.54,all
could,be+large,3,1.48,2.03,2.415,0.1756737102851022,0.76,1.46,all
could,be+lived,3,1.48,2.03,2.415,0.1756737102851022,0.76,1.46,all
could,resolve,3,1.48,2.03,2.415,0.1756737102851022,0.76,1.46,all
could,resume,3,1.48,2.03,2.415,0.1756737102851022,0.76,1.46,all
could,ask,12,8.47,1.42,1.516,0.19463224391721726,0.71,1.54,all
could,speak,7,4.44,1.58,1.734,0.19829310541517128,0.7,1.49,all
could,serve,7,4.57,1.53,1.67,0.21027452238002867,0.68,1.31,all
could,be+slower,3,1.61,1.86,2.146,0.2121427131984819,0.67,1.14,all
could,delay,3,1.61,1.86,2.146,0.2121427131984819,0.67,1.14,all
could,wind,3,1.61,1.86,2.146,0.2121427131984819,0.67,1.14,all
could,rise,21,16.68,1.26,1.314,0.2369699801361776,0.63,1.22,all
could,come,31,25.42,1.22,1.265,0.23844954599657725,0.62,1.35,all
could,be+higher,6,3.77,1.59,1.756,0.2592432559525798,0.59,1.34,all
could,interpret,6,3.77,1.59,1.756,0.2592432559525798,0.59,1.34,all
could,proceed,4,2.29,1.75,1.981,0.2723354754521104,0.56,1.26,all
could,be+effective,4,2.56,1.57,1.717,0.31085375927023834,0.51,0.83,all
could,be+lower,8,6.19,1.29,1.356,0.39011132002976584,0.41,0.57,all
could,change,18,14.93,1.21,1.247,0.401592169308712,0.4,0.7,all
could,consider,17,14.26,1.19,1.23,0.3946926032561511,0.4,0.58,all
could,be+larger,3,1.75,1.72,1.931,0.4028901749381326,0.39,0.88,all
could,borrow,3,1.75,1.72,1.931,0.4028901749381326,0.39,0.88,all
could,draw,3,1.75,1.72,1.931,0.4028901749381326,0.39,0.88,all
could,handle,3,1.75,1.72,1.931,0.4028901749381326,0.39,0.88,all
could,be+costly,3,1.88,1.59,1.756,0.4210682516307197,0.38,0.67,all
could,be+useful,6,4.3,1.39,1.486,0.4311810246538558,0.37,0.7,all
could,bring,9,7.26,1.24,1.288,0.4293573016167742,0.37,0.45,all
could,influence,6,4.44,1.35,1.431,0.4394782704490513,0.36,0.58,all
could,apply,3,2.02,1.49,1.609,0.4423938360655321,0.35,0.49,all
could,share,3,2.15,1.39,1.486,0.4660640365066543,0.33,0.35,all
could,read,3,2.29,1.31,1.379,0.491384849776438,0.31,0.24,all
could,weigh,12,9.82,1.22,1.267,0.4898471139628752,0.31,0.53,all
could,improve,7,5.78,1.21,1.252,0.5078886502700943,0.29,0.28,all
could,imagine,4,2.96,1.35,1.431,0.5264912562833597,0.28,0.39,all
could,ease,4,3.23,1.24,1.287,0.55464617067677,0.26,0.2,all
could,stay,5,3.9,1.28,1.341,0.5818659656964089,0.24,0.33,all
could,have,91,86.88,1.05,1.057,0.6400274382222895,0.19,0.23,all
could,decline,8,6.99,1.14,1.17,0.6827596597662691,0.17,0.16,all
could,be+increase,3,2.42,1.24,1.287,0.7254980414926464,0.14,0.15,all
could,implement,3,2.69,1.12,1.136,0.744652961258474,0.13,0.04,all
could,communicate,5,4.44,1.13,1.149,0.7968404654379175,0.1,0.08,all
could,end,5,4.57,1.09,1.11,0.8007228566085278,0.1,0.05,all
could,sustain,5,4.57,1.09,1.11,0.8007228566085278,0.1,0.05,all
could,reach,6,5.51,1.09,1.103,0.8179169698163172,0.09,0.05,all
could,be+patient,5,5.65,0.89,0.869,1.0,0.0,0.09,all
could,be+time,3,3.5,0.86,0.839,1.0,0.0,0.09,all
could,call,6,6.19,0.97,0.965,1.0,0.0,0.01,all
could,fall,5,5.25,0.95,0.946,1.0,0.0,0.01,all
could,happen,18,18.69,0.96,0.957,1.0,0.0,0.03,all
could,include,6,6.72,0.89,0.877,1.0,0.0,0.09,all
could,meet,3,3.63,0.83,0.804,1.0,0.0,0.13,all
could,pick,3,3.63,0.83,0.804,1.0,0.0,0.13,all
could,require,14,14.53,0.96,0.958,1.0,0.0,0.02,all
could,set,3,3.23,0.93,0.919,1.0,0.0,0.02,all
could,signal,3,3.36,0.89,0.877,1.0,0.0,0.05,all
could,make,35,36.18,0.97,0.962,0.9283713471920289,-0.03,0.05,all
could,allow,10,11.16,0.9,0.881,0.87180945902031,-0.06,0.14,all
could,run,5,6.32,0.79,0.766,0.8295526291672919,-0.08,0.34,all
could,find,8,9.95,0.8,0.78,0.6102272415583669,-0.21,0.47,all
could,grow,3,4.71,0.64,0.603,0.6176346495353733,-0.21,0.81,all
could,maintain,5,7.53,0.66,0.63,0.4322290930970262,-0.36,1.1,all
could,tell,14,17.35,0.81,0.783,0.43927227966899296,-0.36,0.8,all
could,begin,10,13.58,0.74,0.706,0.3794413396950215,-0.42,1.19,all
could,see,53,60.39,0.88,0.859,0.32860299781957275,-0.48,1.1,all
could,add,7,10.49,0.67,0.634,0.3176973378182667,-0.5,1.5,all
could,point,8,11.97,0.67,0.635,0.2749435294262556,-0.56,1.7,all
could,get,15,20.44,0.73,0.703,0.23239686744826826,-0.63,1.83,all
could,warrant,21,27.97,0.75,0.721,0.18375659117898857,-0.74,2.19,all
could,leave,3,6.86,0.44,0.402,0.14781550318687825,-0.83,3.09,all
could,respond,4,8.61,0.46,0.428,0.09924685348677213,-1.0,3.46,all
could,be+important,5,10.09,0.5,0.459,0.09043862500860061,-1.04,3.55,all
could,achieve,3,8.07,0.37,0.338,0.05692547873498073,-1.24,4.69,all
could,work,3,8.47,0.35,0.321,0.041020351394615566,-1.39,5.26,all
could,strengthen,4,9.95,0.4,0.367,0.039936858839395115,-1.4,5.16,all
could,be,33,46.26,0.71,0.68,0.03805127171594003,-1.42,4.87,all
could,start,6,12.91,0.46,0.428,0.035476332417397186,-1.45,5.2,all
could,go,22,33.76,0.65,0.616,0.031812731833016784,-1.5,5.35,all
could,expand,14,24.75,0.57,0.528,0.016825008904432334,-1.77,6.29,all
could,adjust,3,10.09,0.3,0.267,0.0106705008240118,-1.97,7.66,all
could,discuss,3,10.49,0.29,0.257,0.007563534938331284,-2.12,8.29,all
could,move,20,36.45,0.55,0.51,0.002223538899643321,-2.65,10.11,all
could,keep,3,12.78,0.23,0.209,0.0013050894917257486,-2.88,12.01,all
could,evolve,3,15.06,0.2,0.176,0.00014617445231297923,-3.84,15.94,all
could,remain,14,32.82,0.43,0.389,0.00014198936809145816,-3.85,15.53,all
could,think,5,20.71,0.24,0.215,2.6166002626277003e-05,-4.58,19.08,all
could,expect,8,29.18,0.27,0.245,1.8743000996875176e-06,-5.73,24.12,all
could,hold,4,22.59,0.18,0.156,1.1061382997212454e-06,-5.96,25.74,all
could,do,34,69.4,0.49,0.448,8.317496687833028e-07,-6.08,25.46,all
could,look,7,46.26,0.15,0.132,1.0426891707773951e-13,-12.98,57.6,all
could,be+appropriate,22,85.67,0.26,0.225,6.214437100041148e-18,-17.21,76.06,all
could,take,35,107.73,0.32,0.286,5.167997674621912e-18,-17.29,76.03,all
could,continue,31,133.55,0.23,0.2,8.513067932511196e-30,-29.07,130.12,all
could,say,16,127.23,0.13,0.106,2.2498118214266245e-39,-38.65,175.03,all
may,warrant,64,13.11,4.88,6.848,2.0777569460331548e-27,26.68,117.59,all
may,authorize,23,1.58,14.59,173.494,5.592453680298416e-26,25.25,113.79,all
may,contribute,33,4.85,6.8,11.369,7.318084434252496e-20,19.14,83.54,all
may,edge,19,1.64,11.59,40.833,6.02280902639727e-18,17.22,75.86,all
may,delegate,10,0.63,15.86,inf,9.63981774907161e-13,12.02,55.34,all
may,reflect,25,4.79,5.22,7.389,2.7771956560425255e-12,11.56,48.85,all
may,auction,9,0.57,15.86,inf,1.5376166143554846e-11,10.81,49.8,all
may,bid,8,0.5,15.86,inf,2.451112451197935e-10,9.61,44.26,all
may,lend,9,0.69,12.98,67.272,7.529728695567803e-10,9.12,39.63,all
may,be+lower,17,2.9,5.86,8.799,1.089302259542746e-09,8.96,37.29,all
may,be+measurable,7,0.44,15.86,inf,3.904941430677101e-09,8.41,38.73,all
may,be+appropriate,79,40.15,1.97,2.164,7.555071525473556e-09,8.12,32.89,all
may,borrow,9,0.82,10.98,33.633,8.716672878317283e-09,8.06,34.27,all
may,approve,9,0.88,10.2,26.905,2.3032733261729498e-08,7.64,32.2,all
may,exercise,7,0.5,13.88,104.515,2.9523752729578237e-08,7.53,32.83,all
may,be+answer,6,0.38,15.86,inf,6.217304092638288e-08,7.21,33.19,all
may,manage,7,0.88,7.93,14.927,9.034607319676488e-06,5.04,20.23,all
may,be+settlement,4,0.25,15.86,inf,1.573210716350336e-05,4.8,22.12,all
may,may,4,0.25,15.86,inf,1.573210716350336e-05,4.8,22.12,all
may,change,20,7.0,2.86,3.296,1.859212146225547e-05,4.73,17.82,all
may,play,13,3.4,3.82,4.744,2.292347178092049e-05,4.64,17.66,all
may,undertake,6,0.76,7.93,14.918,4.12579407385197e-05,4.38,17.33,all
may,be,42,21.68,1.94,2.097,4.3486485794376544e-05,4.36,16.5,all
may,vary,7,1.07,6.53,10.447,4.3270842125112134e-05,4.36,16.99,all
may,provide,25,11.03,2.27,2.502,0.0001178434811180207,3.93,14.33,all
may,experience,6,0.88,6.8,11.187,0.0001201448850120865,3.92,15.11,all
may,need,34,17.4,1.95,2.113,0.00023569351646772556,3.63,13.64,all
may,be+attributable,3,0.19,15.86,inf,0.00025002558934834754,3.6,16.59,all
may,designate,3,0.19,15.86,inf,0.00025002558934834754,3.6,16.59,all
may,be+difficult,8,1.89,4.23,5.428,0.0004101893745919313,3.39,12.32,all
may,be+part,7,1.58,4.44,5.802,0.0006847256828964562,3.16,11.41,all
may,face,8,2.21,3.63,4.422,0.0012450245876373786,2.9,10.14,all
may,restrain,7,1.77,3.97,4.973,0.0014282766991358313,2.85,9.96,all
may,use,21,10.46,2.01,2.169,0.00205097158906392,2.69,8.99,all
may,be+difference,3,0.32,9.52,22.337,0.0022702100609363,2.64,10.12,all
may,question,3,0.32,9.52,22.337,0.0022702100609363,2.64,10.12,all
may,understate,3,0.32,9.52,22.337,0.0022702100609363,2.64,10.12,all
may,be+different,5,1.01,4.96,6.775,0.0024029069252199027,2.62,9.21,all
may,be+factor,6,1.45,4.14,5.263,0.0024729403653362043,2.61,8.99,all
may,overstate,4,0.69,5.77,8.513,0.003626212571058065,2.44,8.61,all
may,signal,6,1.58,3.81,4.708,0.0038936852041887428,2.41,8.1,all
may,be+limited,3,0.38,7.93,14.891,0.004327559883632288,2.36,8.66,all
may,determine,7,2.14,3.27,3.867,0.004661809860190097,2.33,7.65,all
may,be+that,4,0.76,5.29,7.449,0.00516999089771386,2.29,7.89,all
may,delay,4,0.76,5.29,7.449,0.00516999089771386,2.29,7.89,all
may,extend,4,0.76,5.29,7.449,0.00516999089771386,2.29,7.89,all
may,be+result,3,0.44,6.8,11.168,0.007219382109293808,2.14,7.55,all
may,induce,3,0.44,6.8,11.168,0.007219382109293808,2.14,7.55,all
may,be+effect,5,1.39,3.61,4.383,0.0105687643284779,1.98,6.28,all
may,be+stronger,3,0.5,5.95,8.934,0.01101314888804893,1.96,6.65,all
may,notice,3,0.5,5.95,8.934,0.01101314888804893,1.96,6.65,all
may,influence,6,2.08,2.88,3.312,0.0158492172164215,1.8,5.4,all
may,be+able,11,5.17,2.13,2.312,0.01844005907931168,1.73,5.43,all
may,appear,3,0.63,4.76,6.381,0.021463896634075556,1.67,5.28,all
may,be+time,5,1.64,3.05,3.547,0.021437794278383413,1.67,4.93,all
may,issue,3,0.63,4.76,6.381,0.021463896634075556,1.67,5.28,all
may,come,20,11.91,1.68,1.769,0.022759912495588668,1.64,4.97,all
may,be+likely,3,0.69,4.33,5.583,0.028153028157707136,1.55,4.74,all
may,be+level,4,1.39,2.88,3.309,0.04630437366125456,1.33,3.6,all
may,be+something,5,2.02,2.48,2.758,0.04817848759472314,1.32,3.43,all
may,stabilize,5,2.02,2.48,2.758,0.04817848759472314,1.32,3.43,all
may,purchase,3,0.88,3.4,4.06,0.05396855874567718,1.27,3.47,all
may,ask,8,3.97,2.01,2.168,0.06000355494739386,1.22,3.44,all
may,amplify,3,1.13,2.64,2.977,0.10057437563802765,1.0,2.32,all
may,be+restrictive,3,1.13,2.64,2.977,0.10057437563802765,1.0,2.32,all
may,require,11,6.81,1.62,1.69,0.10838552068295204,0.97,2.36,all
may,lose,3,1.26,2.38,2.626,0.12825156574750968,0.89,1.89,all
may,associate,3,1.32,2.27,2.48,0.14299232834772715,0.84,1.71,all
may,find,7,4.66,1.5,1.555,0.23241801974959908,0.63,1.1,all
may,pick,3,1.7,1.76,1.86,0.24053137664573127,0.62,0.87,all
may,be+higher,3,1.77,1.7,1.785,0.25780284204342213,0.59,0.77,all
may,indicate,3,1.77,1.7,1.785,0.25780284204342213,0.59,0.77,all
may,hold,14,10.59,1.32,1.354,0.26387777518357036,0.58,1.08,all
may,result,11,8.07,1.36,1.4,0.27203428671754815,0.57,1.03,all
may,boost,4,2.27,1.76,1.86,0.2851497251194127,0.54,1.17,all
may,push,4,2.27,1.76,1.86,0.2851497251194127,0.54,1.17,all
may,slow,7,5.04,1.39,1.427,0.3518527061022449,0.45,0.73,all
may,affect,16,13.3,1.2,1.222,0.39509313216375996,0.4,0.56,all
may,diminish,3,1.83,1.64,1.716,0.4264053572403782,0.37,0.68,all
may,become,9,7.25,1.24,1.264,0.4425637485998891,0.35,0.42,all
may,put,9,7.25,1.24,1.264,0.4425637485998891,0.35,0.42,all
may,persist,3,2.02,1.49,1.539,0.4523385328214087,0.34,0.45,all
may,turn,6,4.41,1.36,1.395,0.45277900246730884,0.34,0.55,all
may,end,3,2.14,1.4,1.439,0.47235248582790285,0.33,0.33,all
may,serve,3,2.14,1.4,1.439,0.47235248582790285,0.33,0.33,all
may,agree,3,2.21,1.36,1.394,0.4829702223294818,0.32,0.28,all
may,suggest,3,2.27,1.32,1.352,0.49391367415269827,0.31,0.23,all
may,include,4,3.15,1.27,1.293,0.5557881003703014,0.26,0.23,all
may,reduce,8,6.62,1.21,1.227,0.5436760520393417,0.26,0.29,all
may,leave,4,3.21,1.24,1.266,0.5621330774017006,0.25,0.19,all
may,evolve,8,7.06,1.13,1.144,0.6945685392704168,0.16,0.13,all
may,fall,3,2.46,1.22,1.239,0.7351529687229046,0.13,0.12,all
may,increase,14,13.24,1.06,1.062,0.7753838808658917,0.11,0.05,all
may,occur,4,3.72,1.08,1.081,0.7873817787068212,0.1,0.02,all
may,prove,5,4.48,1.12,1.126,0.8041954070724852,0.09,0.06,all
may,raise,5,4.92,1.02,1.018,0.8178035142895518,0.09,0.0,all
may,know,6,6.74,0.89,0.883,1.0,0.0,0.09,all
may,have,39,40.72,0.96,0.954,0.8695669871698081,-0.06,0.08,all
may,keep,5,5.99,0.83,0.825,0.8337406598707828,-0.08,0.18,all
may,cause,3,4.16,0.72,0.707,0.7988594723778859,-0.1,0.38,all
may,happen,7,8.76,0.8,0.787,0.7248594342609618,-0.14,0.41,all
may,explain,3,4.79,0.63,0.61,0.6323775042354338,-0.2,0.82,all
may,lead,8,10.34,0.77,0.761,0.6266056255555088,-0.2,0.61,all
may,start,4,6.05,0.66,0.645,0.5273701651304102,-0.28,0.84,all
may,move,12,17.08,0.7,0.686,0.2561583072132992,-0.59,1.81,all
may,begin,3,6.37,0.47,0.454,0.2169132348100846,-0.66,2.34,all
may,rise,3,7.82,0.38,0.367,0.09177899941967094,-1.04,4.1,all
may,want,4,9.27,0.43,0.414,0.08597833494819684,-1.07,4.03,all
may,think,4,9.71,0.41,0.395,0.06476675246214857,-1.19,4.57,all
may,help,16,25.72,0.62,0.603,0.05000059792613103,-1.3,4.56,all
may,go,8,15.82,0.51,0.487,0.03662938816872646,-1.44,5.03,all
may,get,3,9.58,0.31,0.298,0.02723617145898234,-1.56,6.53,all
may,make,8,16.96,0.47,0.453,0.02218035842572744,-1.65,6.26,all
may,see,15,28.3,0.53,0.509,0.007761031306494031,-2.11,8.1,all
may,take,31,50.49,0.61,0.59,0.003005455564483086,-2.52,9.51,all
may,remain,4,15.38,0.26,0.246,0.0008210421518776571,-3.09,12.63,all
may,look,6,21.68,0.28,0.261,7.869295255310804e-05,-4.1,16.87,all
may,do,11,32.53,0.34,0.319,1.343957165212512e-05,-4.87,20.47,all
may,continue,12,62.6,0.19,0.175,1.0825793841283352e-15,-14.97,66.07,all
should,help,93,22.42,4.15,5.38,1.2379271521775842e-32,31.91,141.3,all
should,interpret,20,1.54,13.0,43.633,1.1188676186346441e-19,18.95,83.73,all
should,affirm,14,0.77,18.2,inf,2.1431835899797955e-18,17.67,81.38,all
should,note,16,1.98,8.09,13.913,1.6241394392621327e-11,10.79,45.8,all
should,acknowledge,9,0.55,16.38,155.837,4.230454262880219e-11,10.37,45.89,all
should,understand,12,1.15,10.4,23.131,1.3355368489644308e-10,9.87,42.06,all
should,direct,8,0.66,12.13,34.6,3.3036565855561825e-08,7.48,31.64,all
should,promote,12,1.81,6.62,9.908,8.703158843497905e-08,7.06,28.83,all
should,assume,9,0.99,9.1,17.309,1.3757624919310413e-07,6.86,28.34,all
should,maintain,15,3.08,4.88,6.352,2.2375084926252046e-07,6.65,26.7,all
should,be+mean,5,0.27,18.2,inf,4.97199693870546e-07,6.3,29.03,all
should,doubt,6,0.44,13.65,51.828,6.924408128438877e-07,6.16,26.07,all
should,view,9,1.43,6.3,9.161,5.923833787198004e-06,5.23,20.65,all
should,overstate,6,0.6,9.93,20.728,9.896443131300862e-06,5.0,20.25,all
should,emphasize,7,0.93,7.49,12.098,1.7772636188802392e-05,4.75,18.74,all
should,be+principle,3,0.16,18.2,inf,0.00016551275000221838,3.78,17.42,all
should,incoming,3,0.16,18.2,inf,0.00016551275000221838,3.78,17.42,all
should,read,6,0.93,6.42,9.42,0.00019917792267992157,3.7,14.01,all
should,communicate,8,1.81,4.41,5.531,0.00032890637973923594,3.48,12.72,all
should,apply,5,0.82,6.07,8.629,0.000938749128833278,3.03,11.06,all
should,pay,7,1.7,4.11,5.038,0.0012213598067420547,2.91,10.24,all
should,occur,10,3.24,3.08,3.529,0.0012975360911097946,2.89,9.9,all
should,be+what,15,6.26,2.39,2.624,0.0014496887950999685,2.84,9.51,all
should,wane,4,0.55,7.28,11.498,0.0014582328102988684,2.84,10.44,all
should,guard,3,0.27,10.92,25.856,0.0015219898243122737,2.82,10.91,all
should,encourage,6,1.32,4.55,5.755,0.00155554102607408,2.81,9.88,all
should,stop,6,1.32,4.55,5.755,0.00155554102607408,2.81,9.88,all
should,be+restrictive,5,0.99,5.06,6.636,0.0023333926681401163,2.63,9.23,all
should,guide,5,0.99,5.06,6.636,0.0023333926681401163,2.63,9.23,all
should,surprise,3,0.33,9.1,17.237,0.002919519345313537,2.53,9.44,all
should,believe,4,0.71,5.6,7.664,0.004348356922902466,2.36,8.19,all
should,base,5,1.15,4.33,5.391,0.004831087021172845,2.32,7.78,all
should,define,3,0.38,7.8,12.927,0.004900864080728113,2.31,8.31,all
should,support,15,7.2,2.08,2.238,0.006193558458707755,2.21,6.97,all
should,decline,8,2.86,2.8,3.14,0.0070845089659190615,2.15,6.77,all
should,fail,3,0.44,6.83,10.341,0.007522635662197121,2.12,7.39,all
should,ignore,3,0.44,6.83,10.341,0.007522635662197121,2.12,7.39,all
should,respond,9,3.52,2.56,2.827,0.008008971273092948,2.1,6.49,all
should,focus,7,2.36,2.96,3.357,0.008440794415011407,2.07,6.5,all
should,wait,5,1.37,3.64,4.312,0.010515124943914355,1.98,6.27,all
should,materialize,3,0.49,6.07,8.617,0.010826630300455366,1.97,6.63,all
should,show,7,2.58,2.71,3.021,0.013632865358573804,1.87,5.6,all
should,stress,3,0.55,5.46,7.386,0.014841657796236725,1.83,5.99,all
should,be+place,3,0.6,4.96,6.462,0.01958519413592186,1.71,5.43,all
should,diminish,5,1.59,3.14,3.593,0.019616859156413084,1.71,5.07,all
should,resume,3,0.6,4.96,6.462,0.01958519413592186,1.71,5.43,all
should,expect,20,11.92,1.68,1.757,0.023344003516324045,1.63,4.91,all
should,be+patient,6,2.31,2.6,2.875,0.026220120303904058,1.58,4.45,all
should,be+effect,4,1.21,3.31,3.831,0.03003932716569386,1.52,4.39,all
should,think,15,8.46,1.77,1.866,0.030724909061432278,1.51,4.43,all
should,anticipate,3,0.71,4.2,5.169,0.03127982733409347,1.5,4.5,all
should,incorporate,3,0.71,4.2,5.169,0.03127982733409347,1.5,4.5,all
should,reverse,3,0.71,4.2,5.169,0.03127982733409347,1.5,4.5,all
should,avoid,4,1.26,3.17,3.629,0.03482806611568956,1.46,4.11,all
should,be+thing,5,1.87,2.68,2.973,0.03673469901874364,1.43,3.9,all
should,prepare,3,0.77,3.9,4.699,0.03822190158292986,1.42,4.11,all
should,drive,4,1.32,3.03,3.447,0.04003315400675618,1.4,3.85,all
should,emerge,4,1.32,3.03,3.447,0.04003315400675618,1.4,3.85,all
should,mention,3,0.82,3.64,4.307,0.04587673311934261,1.34,3.76,all
should,consider,11,5.82,1.89,2.0,0.04900749024298364,1.31,3.93,all
should,update,3,0.88,3.41,3.976,0.05422472680551134,1.27,3.44,all
should,cut,4,1.48,2.7,2.997,0.058146601650984925,1.24,3.16,all
should,indicate,4,1.54,2.6,2.872,0.06500719021974581,1.19,2.96,all
should,react,4,1.54,2.6,2.872,0.06500719021974581,1.19,2.96,all
should,begin,10,5.55,1.8,1.897,0.07347322120636199,1.13,3.1,all
should,reduce,10,5.77,1.73,1.817,0.08164688163391777,1.09,2.74,all
should,move,21,14.89,1.41,1.452,0.10661940779895168,0.97,2.4,all
should,serve,4,1.87,2.14,2.297,0.11427670102992814,0.94,1.98,all
should,clarify,3,1.21,2.48,2.72,0.11731302878627582,0.93,2.03,all
should,feel,4,1.92,2.08,2.223,0.1237332588963402,0.91,1.84,all
should,matter,3,1.26,2.37,2.584,0.12968577318686372,0.89,1.86,all
should,happen,11,7.64,1.44,1.482,0.19215962931116798,0.72,1.4,all
should,inform,3,1.65,1.82,1.913,0.2264100918520088,0.65,0.96,all
should,improve,4,2.36,1.69,1.766,0.29736848748194333,0.53,1.01,all
should,raise,6,4.29,1.4,1.435,0.32441951926426926,0.49,0.65,all
should,include,4,2.75,1.46,1.497,0.3536968469457249,0.45,0.53,all
should,start,7,5.27,1.33,1.355,0.37193897769603,0.43,0.55,all
should,determine,3,1.87,1.61,1.666,0.43275098292786135,0.36,0.62,all
should,monitor,9,7.09,1.27,1.292,0.43542629091732804,0.36,0.51,all
should,try,3,2.31,1.3,1.324,0.5012815093724579,0.3,0.2,all
should,play,4,2.97,1.35,1.377,0.5404758572297187,0.27,0.35,all
should,adjust,5,4.12,1.21,1.229,0.6076742071350496,0.22,0.19,all
should,discuss,5,4.29,1.17,1.179,0.6189985873249457,0.21,0.12,all
should,reflect,5,4.18,1.2,1.212,0.6112602997889938,0.21,0.16,all
should,be,21,18.9,1.11,1.12,0.6324958755509704,0.2,0.24,all
should,see,26,24.67,1.05,1.058,0.7536083570139642,0.12,0.08,all
should,return,4,3.63,1.1,1.11,0.7839781942722613,0.11,0.04,all
should,know,6,5.88,1.02,1.022,0.8326884843502524,0.08,0.0,all
should,do,29,28.35,1.02,1.025,0.8454057158533038,0.07,0.02,all
should,be+able,4,4.51,0.89,0.882,1.0,0.0,0.06,all
should,change,6,6.1,0.98,0.983,1.0,0.0,0.0,all
should,contribute,4,4.23,0.95,0.942,1.0,0.0,0.01,all
should,make,14,14.78,0.95,0.944,1.0,0.0,0.04,all
should,use,9,9.12,0.99,0.986,1.0,0.0,0.0,all
should,watch,3,3.35,0.9,0.889,1.0,0.0,0.04,all
should,come,9,10.38,0.87,0.859,0.871952503328067,-0.06,0.21,all
should,keep,4,5.22,0.77,0.755,0.8202938666260118,-0.09,0.33,all
should,add,3,4.29,0.7,0.687,0.8011971612675326,-0.1,0.45,all
should,slow,3,4.4,0.68,0.669,0.8031348571596137,-0.1,0.53,all
should,rise,5,6.81,0.73,0.722,0.6902251209199671,-0.16,0.56,all
should,allow,3,4.56,0.66,0.644,0.6295389283852653,-0.2,0.64,all
should,put,4,6.32,0.63,0.619,0.534017518529147,-0.27,1.03,all
should,provide,7,9.62,0.73,0.715,0.5040364265523785,-0.3,0.83,all
should,go,10,13.79,0.73,0.712,0.4010624680270434,-0.4,1.22,all
should,become,3,6.32,0.47,0.46,0.2184037931251574,-0.66,2.28,all
should,look,13,18.9,0.69,0.672,0.1889101702985498,-0.72,2.2,all
should,get,4,8.35,0.48,0.463,0.15057818430002123,-0.82,2.96,all
should,lead,4,9.01,0.44,0.428,0.08625888749486985,-1.06,3.7,all
should,take,33,44.01,0.75,0.733,0.08305674343350812,-1.08,3.27,all
should,want,3,8.08,0.37,0.357,0.06792570642551782,-1.17,4.41,all
should,affect,5,11.59,0.43,0.415,0.04679094946119271,-1.33,5.03,all
should,have,24,35.49,0.68,0.658,0.04384701597621632,-1.36,4.53,all
should,continue,40,54.56,0.73,0.713,0.038946343190935206,-1.41,4.68,all
should,give,3,9.18,0.33,0.313,0.038061096558045494,-1.42,5.91,all
should,remain,6,13.41,0.45,0.431,0.03331394096354677,-1.48,5.44,all
should,hold,3,9.23,0.33,0.311,0.026854105256317658,-1.57,5.99,all
should,increase,4,11.54,0.35,0.332,0.02081402326532257,-1.68,6.93,all
should,expand,3,10.11,0.3,0.284,0.014242889197616643,-1.85,7.26,all
should,warrant,3,11.43,0.26,0.25,0.005407714975316707,-2.27,9.24,all
should,depend,6,16.54,0.36,0.347,0.004658935570874476,-2.33,9.38,all
should,say,6,51.98,0.12,0.106,2.1514429049001217e-16,-15.67,70.07,all
will,continue,608,305.22,1.99,3.782,4.811780287980582e-91,90.32,409.61,all
will,take,445,246.21,1.81,2.93,2.0412202833191194e-49,48.69,218.75,all
will,assess,171,71.31,2.4,6.44,1.3801835802184718e-41,40.86,182.87,all
will,monitor,99,39.65,2.5,7.522,5.162677132127487e-27,26.29,116.37,all
will,watch,56,18.75,2.99,25.419,1.7644273046659504e-23,22.75,101.47,all
will,go,153,77.15,1.98,3.57,5.886429902265535e-23,22.23,98.27,all
will,discuss,65,23.98,2.71,11.356,8.679090119535947e-22,21.06,92.94,all
will,evolve,73,34.43,2.12,4.249,8.492156107268949e-14,13.07,56.39,all
will,depend,151,92.52,1.63,2.294,2.2072195357397072e-12,11.66,49.84,all
will,keep,60,29.2,2.05,3.886,7.833862424887515e-11,10.11,42.41,all
will,aim,34,13.83,2.46,6.992,7.588343536922417e-10,9.12,38.32,all
will,come,98,58.09,1.69,2.445,1.5475377090573906e-09,8.81,36.62,all
will,will,17,5.23,3.25,inf,1.927100989590586e-09,8.72,40.14,all
will,know,63,32.89,1.92,3.245,2.385654387217807e-09,8.62,36.19,all
will,have,269,198.56,1.35,1.63,3.5335311546354927e-09,8.45,35.16,all
will,consult,19,6.45,2.94,21.458,1.9139169822019132e-08,7.72,33.12,all
will,look,153,105.74,1.45,1.822,7.023768590259798e-08,7.15,29.04,all
will,ensure,17,5.84,2.91,19.195,1.6627422097204223e-07,6.78,28.82,all
will,be+able,47,25.2,1.86,3.039,8.008445716140064e-07,6.1,24.78,all
will,adjust,44,23.05,1.91,3.211,8.765444806053893e-07,6.06,24.96,all
will,act,29,13.22,2.19,4.682,9.151060440141323e-07,6.04,24.49,all
will,see,186,138.01,1.35,1.609,1.4306072001219543e-06,5.84,23.3,all
will,foster,20,7.99,2.5,7.529,1.6214863113934382e-06,5.79,23.53,all
will,be+happy,22,9.22,2.39,6.212,1.9238371418071598e-06,5.72,23.02,all
will,review,16,5.84,2.74,12.041,2.191727954370802e-06,5.66,23.4,all
will,conclude,14,5.23,2.68,10.533,1.6492915785511847e-05,4.78,19.41,all
will,focus,27,13.22,2.04,3.813,1.6984672937984096e-05,4.77,18.73,all
will,try,26,12.91,2.01,3.671,3.335896088495338e-05,4.48,17.31,all
will,get,71,46.72,1.52,1.984,4.1870534902927375e-05,4.38,17.07,all
will,turn,38,21.52,1.77,2.684,4.346803497699256e-05,4.36,16.69,all
will,move,115,83.3,1.38,1.671,4.920156914337455e-05,4.31,16.65,all
will,be+up,7,2.15,3.25,inf,0.0002587176413574761,3.59,16.52,all
will,explore,10,3.69,2.71,11.28,0.00025740059999972636,3.59,14.26,all
will,repay,7,2.15,3.25,inf,0.0002587176413574761,3.59,16.52,all
will,we,10,3.69,2.71,11.28,0.00025740059999972636,3.59,14.26,all
will,expand,79,56.56,1.4,1.703,0.0005244764027396291,3.28,12.22,all
will,reinvest,9,3.38,2.66,10.151,0.0007039553444179238,3.15,12.28,all
will,hesitate,13,5.84,2.23,4.889,0.000796384099311115,3.1,11.39,all
will,be+percent,18,8.91,2.02,3.694,0.0008074969956054646,3.09,12.07,all
will,leave,27,15.68,1.72,2.541,0.0011590802795622202,2.94,10.83,all
will,happen,61,42.72,1.43,1.768,0.001169854614173464,2.93,10.67,all
will,be+what,51,35.04,1.46,1.83,0.001562252052862609,2.81,9.88,all
will,achieve,30,18.44,1.63,2.258,0.0018703474455443758,2.73,9.67,all
will,be+strong,10,4.3,2.32,5.64,0.0020415171805537153,2.69,9.79,all
will,be+appropriate,231,195.8,1.18,1.291,0.0026550975755876183,2.58,9.11,all
will,highlight,5,1.54,3.25,inf,0.002741144977221608,2.56,11.8,all
will,strengthen,35,22.75,1.54,2.027,0.0033687367631754644,2.47,8.88,all
will,cover,6,2.15,2.79,13.53,0.004342872971033618,2.36,9.15,all
will,unfold,6,2.15,2.79,13.53,0.004342872971033618,2.36,9.15,all
will,be+dependent,12,5.84,2.05,3.867,0.004457816371611911,2.35,8.45,all
will,be+robust,10,4.61,2.17,4.511,0.0044383276889195244,2.35,8.18,all
will,grow,19,10.76,1.77,2.68,0.004984669624904142,2.3,8.33,all
will,taper,8,3.38,2.37,6.014,0.005065050380832676,2.3,8.19,all
will,benefit,21,12.29,1.71,2.495,0.005228158184128962,2.28,8.17,all
will,be+one,11,5.53,1.99,3.545,0.008763071494349824,2.06,7.04,all
will,be+billion,4,1.23,3.25,inf,0.008921240305135456,2.05,9.44,all
will,be+discussion,4,1.23,3.25,inf,0.008921240305135456,2.05,9.44,all
will,devote,4,1.23,3.25,inf,0.008921240305135456,2.05,9.44,all
will,likely,4,1.23,3.25,inf,0.008921240305135456,2.05,9.44,all
will,retain,4,1.23,3.25,inf,0.008921240305135456,2.05,9.44,all
will,inform,16,9.22,1.74,2.579,0.009832991793267899,2.01,6.59,all
will,be+end,5,1.84,2.71,11.274,0.012236027849630732,1.91,7.13,all
will,publish,7,3.07,2.28,5.262,0.012217454159267362,1.91,6.5,all
will,settle,6,2.46,2.44,6.765,0.01283117725030927,1.89,6.63,all
will,strive,6,2.46,2.44,6.765,0.01283117725030927,1.89,6.63,all
will,begin,42,31.04,1.35,1.607,0.022752958163611323,1.64,5.31,all
will,be+easy,3,0.92,3.25,inf,0.029032113056526847,1.54,7.08,all
will,mature,3,0.92,3.25,inf,0.029032113056526847,1.54,7.08,all
will,notify,3,0.92,3.25,inf,0.029032113056526847,1.54,7.08,all
will,reconsider,3,0.92,3.25,inf,0.029032113056526847,1.54,7.08,all
will,shrink,6,2.77,2.17,4.51,0.028512376395642115,1.54,4.9,all
will,supply,3,0.92,3.25,inf,0.029032113056526847,1.54,7.08,all
will,visit,3,0.92,3.25,inf,0.029032113056526847,1.54,7.08,all
will,wrap,3,0.92,3.25,inf,0.029032113056526847,1.54,7.08,all
will,offer,8,4.0,2.0,3.608,0.02958653001405495,1.53,5.23,all
will,summarize,5,2.15,2.32,5.637,0.03196891504612353,1.5,4.89,all
will,be+news,4,1.54,2.6,9.018,0.03364162161679084,1.47,5.17,all
will,be+pressure,4,1.54,2.6,9.018,0.03364162161679084,1.47,5.17,all
will,revisit,4,1.54,2.6,9.018,0.03364162161679084,1.47,5.17,all
will,roll,4,1.54,2.6,9.018,0.03364162161679084,1.47,5.17,all
will,stay,14,8.91,1.57,2.105,0.04549938677046199,1.34,3.89,all
will,learn,13,7.99,1.63,2.256,0.05258692903579866,1.28,4.18,all
will,be+glad,7,3.69,1.9,3.157,0.05598604652057333,1.25,3.89,all
will,close,7,3.69,1.9,3.157,0.05598604652057333,1.25,3.89,all
will,show,21,14.45,1.45,1.822,0.05593553623498901,1.25,4.03,all
will,evaluate,9,5.23,1.72,2.537,0.06324536788073233,1.2,3.61,all
will,be+datum,5,2.46,2.03,3.757,0.06386514470581396,1.19,3.42,all
will,notice,5,2.46,2.03,3.757,0.06386514470581396,1.19,3.42,all
will,be+lot,4,1.84,2.17,4.509,0.07645280915111106,1.12,3.27,all
will,be+slow,4,1.84,2.17,4.509,0.07645280915111106,1.12,3.27,all
will,adapt,6,3.07,1.95,3.382,0.07834343233250333,1.11,3.64,all
will,do,177,158.6,1.12,1.181,0.08248975083135458,1.08,3.09,all
will,add,31,23.98,1.29,1.488,0.08645007079015865,1.06,2.85,all
will,be+year,8,4.61,1.74,2.577,0.08810969127363552,1.05,3.29,all
will,behave,3,1.23,2.44,6.762,0.08936473131070102,1.05,3.31,all
will,clear,3,1.23,2.44,6.762,0.08936473131070102,1.05,3.31,all
will,repeat,8,4.61,1.74,2.577,0.08810969127363552,1.05,3.29,all
will,struggle,3,1.23,2.44,6.762,0.08936473131070102,1.05,3.31,all
will,remain,87,75.0,1.16,1.252,0.09471773899960054,1.02,2.73,all
will,be+big,6,3.38,1.77,2.705,0.10440117818787757,0.98,2.67,all
will,be+large,6,3.38,1.77,2.705,0.10440117818787757,0.98,2.67,all
will,be+lived,6,3.38,1.77,2.705,0.10440117818787757,0.98,2.67,all
will,be+place,6,3.38,1.77,2.705,0.10440117818787757,0.98,2.67,all
will,make,95,82.68,1.15,1.233,0.11063545271758833,0.96,2.61,all
will,matter,11,7.07,1.56,2.067,0.11024277844166486,0.96,2.93,all
will,need,97,84.84,1.14,1.224,0.11543251272848071,0.94,2.49,all
will,hear,9,5.53,1.63,2.255,0.1210837981364078,0.92,2.89,all
will,be+sufficient,7,4.0,1.75,2.63,0.12734698151249305,0.9,2.98,all
will,use,60,51.02,1.18,1.278,0.12956963228181817,0.89,2.23,all
will,return,26,20.29,1.28,1.466,0.14147441565350088,0.85,2.23,all
will,present,5,2.77,1.81,2.818,0.14471769433526951,0.84,2.37,all
will,restore,5,2.77,1.81,2.818,0.14471769433526951,0.84,2.37,all
will,write,5,2.77,1.81,2.818,0.14471769433526951,0.84,2.37,all
will,purchase,7,4.3,1.63,2.255,0.14638475668598727,0.83,2.25,all
will,be+decision,3,1.54,1.95,3.381,0.17294939585156624,0.76,1.82,all
will,be+permanent,3,1.54,1.95,3.381,0.17294939585156624,0.76,1.82,all
will,be+unchanged,3,1.54,1.95,3.381,0.17294939585156624,0.76,1.82,all
will,we're,3,1.54,1.95,3.381,0.17294939585156624,0.76,1.82,all
will,pay,13,9.53,1.36,1.629,0.17745645787998177,0.75,1.73,all
will,receive,5,3.07,1.63,2.254,0.18854612301915236,0.72,1.61,all
will,report,5,3.07,1.63,2.254,0.18854612301915236,0.72,1.61,all
will,determine,14,10.45,1.34,1.578,0.1953527050070195,0.71,1.65,all
will,be+gradual,8,5.53,1.45,1.804,0.2096614612214683,0.68,1.49,all
will,be+restrictive,8,5.53,1.45,1.804,0.2096614612214683,0.68,1.49,all
will,miss,6,3.69,1.63,2.254,0.20688193197859828,0.68,1.93,all
will,be+question,4,2.15,1.86,3.006,0.2122063682722859,0.67,2.08,all
will,be+uncertainty,4,2.15,1.86,3.006,0.2122063682722859,0.67,2.08,all
will,drop,4,2.15,1.86,3.006,0.2122063682722859,0.67,2.08,all
will,lay,4,2.15,1.86,3.006,0.2122063682722859,0.67,2.08,all
will,lift,4,2.15,1.86,3.006,0.2122063682722859,0.67,2.08,all
will,reopen,4,2.15,1.86,3.006,0.2122063682722859,0.67,2.08,all
will,start,35,29.51,1.19,1.294,0.22423033548540347,0.65,1.44,all
will,believe,6,4.0,1.5,1.932,0.2380064440136655,0.62,1.35,all
will,fade,6,4.0,1.5,1.932,0.2380064440136655,0.62,1.35,all
will,produce,6,4.0,1.5,1.932,0.2380064440136655,0.62,1.35,all
will,be+need,4,2.46,1.63,2.254,0.26060306950091605,0.58,1.29,all
will,be+process,4,2.46,1.63,2.254,0.26060306950091605,0.58,1.29,all
will,initiate,4,2.46,1.63,2.254,0.26060306950091605,0.58,1.29,all
will,mention,7,4.61,1.52,1.973,0.2601640952192643,0.58,1.67,all
will,release,7,4.61,1.52,1.973,0.2601640952192643,0.58,1.67,all
will,feel,14,10.76,1.3,1.503,0.27088074118127164,0.57,1.35,all
will,be,115,105.74,1.09,1.134,0.2894917048547664,0.54,1.17,all
will,pick,11,8.3,1.33,1.55,0.29673607890144577,0.53,1.21,all
will,be+conference,5,3.38,1.48,1.878,0.33023082880305593,0.48,1.05,all
will,last,5,3.38,1.48,1.878,0.33023082880305593,0.48,1.05,all
will,be+cut,3,1.84,1.63,2.254,0.3798228588417108,0.42,0.96,all
will,be+greater,3,1.84,1.63,2.254,0.3798228588417108,0.42,0.96,all
will,be+scope,3,1.84,1.63,2.254,0.3798228588417108,0.42,0.96,all
will,be+some,3,1.84,1.63,2.254,0.3798228588417108,0.42,0.96,all
will,be+surprised,3,1.84,1.63,2.254,0.3798228588417108,0.42,0.96,all
will,be+uncertain,3,1.84,1.63,2.254,0.3798228588417108,0.42,0.96,all
will,spread,3,1.84,1.63,2.254,0.3798228588417108,0.42,0.96,all
will,trade,3,1.84,1.63,2.254,0.3798228588417108,0.42,0.96,all
will,be+time,10,7.99,1.25,1.409,0.3992616131956597,0.4,0.7,all
will,reinveste,6,4.61,1.3,1.503,0.4150344665383374,0.38,0.58,all
will,be+focus,3,2.15,1.39,1.69,0.44614866881224147,0.35,0.46,all
will,be+open,3,2.15,1.39,1.69,0.44614866881224147,0.35,0.46,all
will,be+there,3,2.15,1.39,1.69,0.44614866881224147,0.35,0.46,all
will,guide,7,5.53,1.27,1.434,0.4508199593022747,0.35,0.54,all
will,revise,4,2.77,1.45,1.803,0.47050785078959567,0.33,0.75,all
will,work,22,19.36,1.14,1.21,0.4948223529595082,0.31,0.51,all
will,be+high,4,3.07,1.3,1.503,0.5082639723899001,0.29,0.38,all
will,be+period,4,3.07,1.3,1.503,0.5082639723899001,0.29,0.38,all
will,deliver,4,3.07,1.3,1.503,0.5082639723899001,0.29,0.38,all
will,lower,9,7.38,1.22,1.352,0.5083242052573271,0.29,0.5,all
will,set,9,7.38,1.22,1.352,0.5083242052573271,0.29,0.5,all
will,translate,4,3.07,1.3,1.503,0.5082639723899001,0.29,0.38,all
will,be+enough,5,3.69,1.36,1.61,0.5314994027076039,0.27,0.64,all
will,remember,5,3.69,1.36,1.61,0.5314994027076039,0.27,0.64,all
will,seek,5,3.69,1.36,1.61,0.5314994027076039,0.27,0.64,all
will,wind,5,3.69,1.36,1.61,0.5314994027076039,0.27,0.64,all
will,answer,5,4.0,1.25,1.409,0.5547402480548975,0.26,0.35,all
will,differ,5,4.0,1.25,1.409,0.5547402480548975,0.26,0.35,all
will,incorporate,5,4.0,1.25,1.409,0.5547402480548975,0.26,0.35,all
will,react,10,8.61,1.16,1.252,0.5449807777407754,0.26,0.32,all
will,sustain,12,10.45,1.15,1.229,0.5788678258543929,0.24,0.32,all
will,be+different,6,4.92,1.22,1.352,0.5909471981985149,0.23,0.33,all
will,update,6,4.92,1.22,1.352,0.5909471981985149,0.23,0.33,all
will,spend,7,5.84,1.2,1.315,0.6201252271199844,0.21,0.32,all
will,tell,42,39.65,1.06,1.088,0.6338422393000904,0.2,0.2,all
will,pass,8,6.76,1.18,1.288,0.6442773072040897,0.19,0.32,all
will,be+good,8,7.07,1.13,1.202,0.6561715231901475,0.18,0.17,all
will,bounce,3,2.46,1.22,1.352,0.7078940893482656,0.15,0.17,all
will,disappear,3,2.46,1.22,1.352,0.7078940893482656,0.15,0.17,all
will,dissipate,3,2.46,1.22,1.352,0.7078940893482656,0.15,0.17,all
will,be+rate,4,3.38,1.18,1.288,0.7461592728125568,0.13,0.16,all
will,be+significant,4,3.38,1.18,1.288,0.7461592728125568,0.13,0.16,all
will,enter,4,3.38,1.18,1.288,0.7461592728125568,0.13,0.16,all
will,prevail,4,3.69,1.08,1.127,0.765582732584054,0.12,0.04,all
will,abate,5,4.61,1.08,1.127,0.785515406616227,0.1,0.05,all
will,apply,5,4.61,1.08,1.127,0.785515406616227,0.1,0.05,all
will,argue,5,4.61,1.08,1.127,0.785515406616227,0.1,0.05,all
will,be+increase,6,5.53,1.08,1.127,0.8014641490618162,0.1,0.06,all
will,decide,6,5.23,1.15,1.229,0.7929781156998071,0.1,0.16,all
will,factor,5,4.61,1.08,1.127,0.785515406616227,0.1,0.05,all
will,involve,5,4.61,1.08,1.127,0.785515406616227,0.1,0.05,all
will,offset,5,4.61,1.08,1.127,0.785515406616227,0.1,0.05,all
will,proceed,6,5.23,1.15,1.229,0.7929781156998071,0.1,0.16,all
will,base,7,6.45,1.08,1.127,0.8145756257785314,0.09,0.07,all
will,drive,8,7.38,1.08,1.127,0.8255959076429227,0.08,0.07,all
will,include,16,15.37,1.04,1.061,0.8783146677790263,0.06,0.04,all
will,run,15,14.45,1.04,1.056,0.8747510431726571,0.06,0.03,all
will,ask,20,19.36,1.03,1.048,0.8914295978080222,0.05,0.03,all
will,address,16,15.98,1.0,1.002,1.0,-0.0,0.0,all
will,balance,3,3.38,0.89,0.845,1.0,0.0,0.06,all
will,be+accommodative,3,3.07,0.98,0.966,1.0,0.0,0.0,all
will,be+more,3,3.07,0.98,0.966,1.0,0.0,0.0,all
will,be+persistent,8,8.61,0.93,0.901,1.0,0.0,0.06,all
will,be+possible,3,3.07,0.98,0.966,1.0,0.0,0.0,all
will,be+range,3,2.77,1.08,1.127,1.0,-0.0,0.03,all
will,be+that,3,3.69,0.81,0.751,1.0,0.0,0.19,all
will,be+tool,6,6.45,0.93,0.901,1.0,0.0,0.05,all
will,be+transitory,4,4.0,1.0,1.002,1.0,-0.0,0.0,all
will,be+willing,4,4.61,0.87,0.819,1.0,0.0,0.12,all
will,bring,16,16.6,0.96,0.949,1.0,0.0,0.03,all
will,build,3,3.38,0.89,0.845,1.0,0.0,0.06,all
will,complete,3,2.77,1.08,1.127,1.0,-0.0,0.03,all
will,contain,3,3.07,0.98,0.966,1.0,0.0,0.0,all
will,enable,3,3.69,0.81,0.751,1.0,0.0,0.19,all
will,fall,12,11.99,1.0,1.002,1.0,-0.0,0.0,all
will,hurt,3,3.07,0.98,0.966,1.0,0.0,0.0,all
will,meet,8,8.3,0.96,0.949,1.0,0.0,0.02,all
will,moderate,3,2.77,1.08,1.127,1.0,-0.0,0.03,all
will,reach,12,12.6,0.95,0.932,1.0,0.0,0.04,all
will,recall,3,2.77,1.08,1.127,1.0,-0.0,0.03,all
will,share,5,4.92,1.02,1.024,1.0,-0.0,0.0,all
will,stand,4,4.3,0.93,0.901,1.0,0.0,0.03,all
will,stop,7,7.38,0.95,0.928,1.0,0.0,0.03,all
will,wane,3,3.07,0.98,0.966,1.0,0.0,0.0,all
will,warrant,63,63.93,0.99,0.979,0.9399031645502636,-0.03,0.02,all
will,face,10,10.76,0.93,0.901,0.8564540330316379,-0.07,0.08,all
will,persist,9,9.84,0.92,0.882,0.849488109620133,-0.07,0.1,all
will,become,34,35.35,0.96,0.946,0.839874942761756,-0.08,0.08,all
will,be+level,6,6.76,0.89,0.845,0.820863683126415,-0.09,0.13,all
will,conduct,6,6.76,0.89,0.845,0.820863683126415,-0.09,0.13,all
will,judge,6,7.07,0.85,0.795,0.8216402540445994,-0.09,0.24,all
will,be+larger,3,4.0,0.75,0.676,0.7658044928260452,-0.12,0.38,all
will,reverse,3,4.0,0.75,0.676,0.7658044928260452,-0.12,0.38,all
will,succeed,3,4.0,0.75,0.676,0.7658044928260452,-0.12,0.38,all
will,be+thing,9,10.45,0.86,0.811,0.7111258287748787,-0.15,0.3,all
will,end,9,10.45,0.86,0.811,0.7111258287748787,-0.15,0.3,all
will,be+higher,7,8.61,0.81,0.751,0.6822673253126923,-0.17,0.45,all
will,tend,12,14.14,0.85,0.795,0.6314723346495174,-0.2,0.48,all
will,understand,5,6.45,0.77,0.704,0.6382404222273945,-0.2,0.5,all
will,be+patient,11,12.91,0.85,0.799,0.6170890218399305,-0.21,0.42,all
will,hope,4,5.53,0.72,0.644,0.6105595065273025,-0.21,0.65,all
will,weigh,20,22.44,0.89,0.85,0.6120653752380617,-0.21,0.39,all
will,announce,3,4.61,0.65,0.563,0.5760990056687947,-0.24,0.88,all
will,force,3,4.61,0.65,0.563,0.5760990056687947,-0.24,0.88,all
will,tighten,3,4.3,0.7,0.614,0.5713467487101717,-0.24,0.61,all
will,be+something,8,9.84,0.81,0.751,0.5684663508846854,-0.25,0.51,all
will,signal,6,7.68,0.78,0.711,0.5242837407694503,-0.28,0.56,all
will,be+factor,5,7.07,0.71,0.626,0.49787410408939214,-0.3,0.93,all
will,be+effect,5,6.76,0.74,0.663,0.4952360915764339,-0.31,0.7,all
will,be+effective,4,5.84,0.68,0.601,0.4608635809982946,-0.34,0.9,all
will,decline,13,15.98,0.81,0.751,0.4523594507014175,-0.34,0.84,all
will,serve,8,10.45,0.77,0.693,0.4580132655511181,-0.34,0.87,all
will,require,29,33.2,0.87,0.827,0.40505809362133605,-0.39,0.79,all
will,play,13,16.6,0.78,0.714,0.3753871697062132,-0.43,1.18,all
will,stabilize,7,9.84,0.71,0.631,0.3402011633167284,-0.47,1.26,all
will,improve,10,13.22,0.76,0.682,0.32482866165233587,-0.49,1.19,all
will,be+necessary,6,8.91,0.67,0.588,0.31483513417473996,-0.5,1.48,all
will,describe,9,12.29,0.73,0.654,0.3058272574592163,-0.51,1.35,all
will,emphasize,3,5.23,0.57,0.483,0.30173791508495185,-0.52,1.52,all
will,wait,5,7.68,0.65,0.563,0.2853687627525296,-0.54,1.47,all
will,communicate,7,10.14,0.69,0.606,0.263569723494002,-0.58,1.51,all
will,find,18,22.75,0.79,0.724,0.25760974673364945,-0.59,1.5,all
will,respond,15,19.67,0.76,0.689,0.22449541434515347,-0.65,1.69,all
will,change,28,34.12,0.82,0.759,0.2178043969434132,-0.66,1.65,all
will,limit,5,8.3,0.6,0.512,0.21211061705856354,-0.67,2.08,all
will,rise,31,38.11,0.81,0.75,0.17320191384059913,-0.76,2.0,all
will,be+case,7,11.07,0.63,0.543,0.15288767925520627,-0.82,2.35,all
will,boost,7,11.07,0.63,0.543,0.15288767925520627,-0.82,2.35,all
will,implement,3,6.15,0.49,0.397,0.15067942277086813,-0.82,2.66,all
will,lose,3,6.15,0.49,0.397,0.15067942277086813,-0.82,2.66,all
will,note,7,11.07,0.63,0.543,0.15288767925520627,-0.82,2.35,all
will,promote,6,10.14,0.59,0.5,0.1334094974584073,-0.87,2.7,all
will,be+part,4,7.68,0.52,0.429,0.13099491651823328,-0.88,2.88,all
will,ease,3,7.38,0.41,0.322,0.07364755683582755,-1.13,4.42,all
will,emerge,3,7.38,0.41,0.322,0.07364755683582755,-1.13,4.42,all
will,encourage,3,7.38,0.41,0.322,0.07364755683582755,-1.13,4.42,all
will,avoid,3,7.07,0.42,0.338,0.07214110955201544,-1.14,3.96,all
will,push,6,11.07,0.54,0.45,0.07177709907324689,-1.14,3.76,all
will,cut,3,8.3,0.36,0.281,0.034337936053974866,-1.46,5.88,all
will,reduce,22,32.27,0.68,0.596,0.033435893312862966,-1.48,5.09,all
will,restrain,3,8.61,0.35,0.27,0.022599139837789026,-1.65,6.38,all
will,mean,8,15.68,0.51,0.419,0.02165428367723387,-1.66,6.16,all
will,speak,4,10.14,0.39,0.31,0.021977361421475196,-1.66,6.37,all
will,explain,14,23.36,0.6,0.508,0.018053339654848493,-1.74,5.98,all
will,bear,3,9.22,0.33,0.25,0.015634797554366912,-1.81,7.41,all
will,consider,21,32.58,0.64,0.555,0.014880372631565497,-1.83,6.48,all
will,raise,14,23.98,0.58,0.492,0.013619591923497426,-1.87,6.64,all
will,allow,15,25.51,0.59,0.496,0.011942531368704124,-1.92,6.93,all
will,slow,14,24.59,0.57,0.477,0.010318938201517223,-1.99,7.34,all
will,reflect,13,23.36,0.56,0.464,0.00870366546189891,-2.06,7.42,all
will,prove,11,21.82,0.5,0.412,0.004345131464490853,-2.36,8.82,all
will,support,25,40.27,0.62,0.53,0.0031424730789495164,-2.5,9.18,all
will,occur,8,18.14,0.44,0.353,0.002882448149442632,-2.54,9.52,all
will,call,5,14.14,0.35,0.274,0.0021649561345624384,-2.66,10.3,all
will,cause,9,20.29,0.44,0.355,0.0019020327267964905,-2.72,10.55,all
will,provide,35,53.79,0.65,0.561,0.0017087166233220649,-2.77,10.34,all
will,put,20,35.35,0.57,0.473,0.0015649364217533014,-2.81,10.74,all
will,maintain,6,17.21,0.35,0.27,0.0006926047722501279,-3.16,12.77,all
will,be+important,10,23.05,0.43,0.346,0.0006323481105139251,-3.2,12.47,all
will,be+lower,4,14.14,0.28,0.214,0.0006091647156100152,-3.22,13.13,all
will,be+consistent,11,25.2,0.44,0.348,0.00042761386162041935,-3.37,13.5,all
will,be+helpful,3,13.83,0.22,0.161,0.00014180453628838885,-3.85,15.91,all
will,give,29,51.33,0.56,0.472,9.835522618479537e-05,-4.01,15.7,all
will,think,23,47.34,0.49,0.394,9.33857863362242e-06,-5.03,20.76,all
will,talk,10,33.2,0.3,0.229,1.5629629040792533e-07,-6.81,29.05,all
will,want,17,45.18,0.38,0.293,7.09120328475858e-08,-7.15,30.45,all
will,hold,21,51.64,0.41,0.32,4.7798945913615126e-08,-7.32,31.11,all
will,increase,29,64.55,0.45,0.359,1.7337660346387712e-08,-7.76,32.99,all
will,help,72,125.41,0.57,0.478,1.4823943456281263e-09,-8.83,36.98,all
will,follow,11,39.96,0.28,0.207,1.3354033995585259e-09,-8.87,38.15,all
will,point,4,27.36,0.15,0.106,1.0061311582867891e-09,-9.0,39.34,all
will,result,9,39.34,0.23,0.169,1.148695183399564e-10,-9.94,43.68,all
will,affect,22,64.86,0.34,0.26,3.204800849550349e-12,-11.49,49.99,all
will,lead,12,50.41,0.24,0.177,3.705160409833893e-13,-12.43,54.39,all
will,expect,13,66.7,0.19,0.142,2.939543018806319e-19,-18.53,82.68,all
will,be+prepared,5,49.79,0.1,0.071,2.769031976531531e-19,-18.56,82.88,all
will,say,137,290.78,0.47,0.37,4.4019043994772564e-32,-31.36,139.58,all
would,say,694,314.4,2.21,5.953,3.2749724474602566e-146,145.48,663.65,all
would,like,235,78.43,3.0,486.048,6.128804196302946e-112,111.21,510.18,all
would,be+prepared,157,53.84,2.92,64.297,3.4328219016864197e-68,67.46,307.28,all
would,expect,164,72.12,2.27,6.323,1.5271783020934796e-37,36.82,164.44,all
would,want,121,48.85,2.48,9.475,1.3041727719799253e-34,33.88,151.37,all
would,hold,116,55.83,2.08,4.532,3.287800149510727e-21,20.48,90.36,all
would,be+consistent,67,27.25,2.46,9.039,1.9997035459853285e-19,18.7,81.99,all
would,be+important,58,24.93,2.33,6.896,5.8234242180026345e-15,14.23,61.44,all
would,be+appropriate,303,211.7,1.43,1.854,4.0778075353512014e-14,13.39,57.43,all
would,point,64,29.58,2.16,5.176,1.0211235022140693e-13,12.99,55.72,all
would,love,23,7.64,3.01,inf,9.716824023774366e-12,11.01,50.72,all
would,prefer,23,7.64,3.01,inf,9.716824023774366e-12,11.01,50.72,all
would,need,144,91.73,1.57,2.213,7.745449375499141e-11,10.11,42.32,all
would,suggest,31,11.96,2.59,12.499,7.741226534753447e-11,10.11,43.39,all
would,remain,130,81.09,1.6,2.312,1.1439626494852806e-10,9.94,41.76,all
would,characterize,31,12.63,2.45,8.927,1.1970914646192348e-09,8.92,37.71,all
would,be+prudent,17,5.65,3.01,inf,7.280437106257419e-09,8.14,37.48,all
would,concern,19,6.98,2.72,19.127,7.899741913314408e-08,7.1,30.29,all
would,agree,27,11.63,2.32,6.799,1.2788147501102597e-07,6.89,28.36,all
would,call,32,15.29,2.09,4.606,7.050927212602634e-07,6.15,25.33,all
would,tend,32,15.29,2.09,4.606,7.050927212602634e-07,6.15,25.33,all
would,be+desirable,12,3.99,3.01,inf,1.8059536966244135e-06,5.74,26.45,all
would,depend,140,100.04,1.4,1.76,1.8312448774502857e-06,5.74,23.01,all
would,imply,17,6.65,2.56,11.406,2.6910394971002842e-06,5.57,22.99,all
would,allow,47,27.58,1.7,2.632,1.802949786643152e-05,4.74,19.1,all
would,be+premature,11,3.99,2.76,22.127,4.540111385466829e-05,4.34,18.17,all
would,be+feasible,9,2.99,3.01,inf,4.9318456289550446e-05,4.31,19.84,all
would,consider,55,35.23,1.56,2.174,7.453939248125031e-05,4.13,15.66,all
would,be+necessary,20,9.64,2.08,4.473,9.705404535434458e-05,4.01,15.43,all
would,rise,62,41.21,1.5,2.017,0.00011658559739190696,3.93,14.87,all
would,be+comfortable,8,2.66,3.01,inf,0.00014849301495020083,3.83,17.63,all
would,constitute,8,2.66,3.01,inf,0.00014849301495020083,3.83,17.63,all
would,expand,86,61.15,1.41,1.771,0.00014924679623975562,3.83,14.47,all
would,manifest,8,2.66,3.01,inf,0.00014849301495020083,3.83,17.63,all
would,welcome,11,4.32,2.55,11.063,0.00020555572264945466,3.69,14.7,all
would,be+case,23,11.96,1.92,3.561,0.00024420716902575436,3.61,14.11,all
would,be+expansionary,7,2.33,3.01,inf,0.0004470612729339665,3.35,15.43,all
would,be+great,7,2.33,3.01,inf,0.0004470612729339665,3.35,15.43,all
would,diminish,19,9.64,1.97,3.824,0.0004987926290301643,3.3,12.59,all
would,be+useful,20,10.63,1.88,3.354,0.000990263506179253,3.0,11.44,all
would,enact,6,1.99,3.01,inf,0.0013458372853950163,2.87,13.22,all
would,would,6,1.99,3.01,inf,0.0013458372853950163,2.87,13.22,all
would,announce,11,4.99,2.21,5.531,0.0017527278934851129,2.76,10.08,all
would,be+willing,11,4.99,2.21,5.531,0.0017527278934851129,2.76,10.08,all
would,be+helpful,25,14.96,1.67,2.516,0.002293157774115071,2.64,9.43,all
would,stabilize,19,10.63,1.79,2.941,0.002461738732148734,2.61,9.15,all
would,be+flat,5,1.66,3.01,inf,0.0040511893993083236,2.39,11.02,all
would,be+inappropriate,5,1.66,3.01,inf,0.0040511893993083236,2.39,11.02,all
would,be+nice,5,1.66,3.01,inf,0.0040511893993083236,2.39,11.02,all
would,be+welcome,5,1.66,3.01,inf,0.0040511893993083236,2.39,11.02,all
would,guess,5,1.66,3.01,inf,0.0040511893993083236,2.39,11.02,all
would,outpace,5,1.66,3.01,inf,0.0040511893993083236,2.39,11.02,all
would,mean,27,16.95,1.59,2.264,0.0042441702756487575,2.37,8.37,all
would,hope,12,5.98,2.01,4.022,0.004492394301380986,2.35,8.38,all
would,require,50,35.89,1.39,1.736,0.005446594425146972,2.26,7.93,all
would,be+objective,6,2.33,2.58,12.062,0.006738493360161312,2.17,8.29,all
would,be+reluctant,6,2.33,2.58,12.062,0.006738493360161312,2.17,8.29,all
would,be+unlikely,6,2.33,2.58,12.062,0.006738493360161312,2.17,8.29,all
would,cease,7,2.99,2.34,7.036,0.008120062659867556,2.09,7.51,all
would,be+likely,8,3.66,2.19,5.361,0.00863449544842338,2.06,7.16,all
would,exceed,8,3.66,2.19,5.361,0.00863449544842338,2.06,7.16,all
would,align,4,1.33,3.01,inf,0.012193742823456798,1.91,8.81,all
would,be+reasonable,4,1.33,3.01,inf,0.012193742823456798,1.91,8.81,all
would,urge,4,1.33,3.01,inf,0.012193742823456798,1.91,8.81,all
would,seem,9,4.32,2.08,4.524,0.01384764192424267,1.86,7.02,all
would,regard,5,1.99,2.51,10.05,0.017577949968874858,1.76,6.42,all
would,weigh,34,24.26,1.4,1.755,0.017939158236106756,1.75,5.58,all
would,be+better,6,2.66,2.26,6.03,0.01934285620418427,1.71,5.84,all
would,be+careful,6,2.66,2.26,6.03,0.01934285620418427,1.71,5.84,all
would,be+close,6,2.66,2.26,6.03,0.01934285620418427,1.71,5.84,all
would,be+positive,7,3.32,2.11,4.691,0.01930541645354822,1.71,5.63,all
would,bolster,6,2.66,2.26,6.03,0.01934285620418427,1.71,5.84,all
would,prepare,9,4.65,1.93,3.619,0.02054307127460794,1.69,5.62,all
would,think,65,51.18,1.27,1.471,0.02034077640301231,1.69,5.42,all
would,be+good,13,7.64,1.7,2.614,0.0250239587180268,1.6,5.23,all
would,prevail,8,3.99,2.01,4.021,0.02621842331810161,1.58,5.58,all
would,be+beginning,3,1.0,3.01,inf,0.03669915057626501,1.44,6.61,all
would,be+flexible,3,1.0,3.01,inf,0.03669915057626501,1.44,6.61,all
would,be+ideal,3,1.0,3.01,inf,0.03669915057626501,1.44,6.61,all
would,be+market,3,1.0,3.01,inf,0.03669915057626501,1.44,6.61,all
would,be+okay,3,1.0,3.01,inf,0.03669915057626501,1.44,6.61,all
would,be+powell,3,1.0,3.01,inf,0.03669915057626501,1.44,6.61,all
would,be+problematic,3,1.0,3.01,inf,0.03669915057626501,1.44,6.61,all
would,be+similar,3,1.0,3.01,inf,0.03669915057626501,1.44,6.61,all
would,be+statistic,3,1.0,3.01,inf,0.03669915057626501,1.44,6.61,all
would,be+valuable,3,1.0,3.01,inf,0.03669915057626501,1.44,6.61,all
would,caution,3,1.0,3.01,inf,0.03669915057626501,1.44,6.61,all
would,compel,3,1.0,3.01,inf,0.03669915057626501,1.44,6.61,all
would,endorse,3,1.0,3.01,inf,0.03669915057626501,1.44,6.61,all
would,illustrate,3,1.0,3.01,inf,0.03669915057626501,1.44,6.61,all
would,be+concern,5,2.33,2.15,5.025,0.0446765914906587,1.35,4.26,all
would,be+inclined,4,1.66,2.41,8.039,0.04476395652005068,1.35,4.62,all
would,be+inconsistent,4,1.66,2.41,8.039,0.04476395652005068,1.35,4.62,all
would,be+line,4,1.66,2.41,8.039,0.04476395652005068,1.35,4.62,all
would,be+surprising,4,1.66,2.41,8.039,0.04476395652005068,1.35,4.62,all
would,be+thing,17,11.3,1.5,2.011,0.04486165279134137,1.35,4.06,all
would,prescribe,4,1.66,2.41,8.039,0.04476395652005068,1.35,4.62,all
would,rebound,5,2.33,2.15,5.025,0.0446765914906587,1.35,4.26,all
would,return,30,21.93,1.37,1.677,0.04863690155898806,1.31,4.24,all
would,convey,9,4.99,1.81,3.016,0.04993824967704896,1.3,4.49,all
would,reinveste,9,4.99,1.81,3.016,0.04993824967704896,1.3,4.49,all
would,be+way,6,2.99,2.01,4.02,0.06813111290570631,1.17,4.19,all
would,add,33,25.92,1.27,1.475,0.09265510184881451,1.03,2.79,all
would,be+accommodative,6,3.32,1.81,3.015,0.09309762647313267,1.03,2.99,all
would,be+possible,6,3.32,1.81,3.015,0.09309762647313267,1.03,2.99,all
would,be+reason,6,3.32,1.81,3.015,0.09309762647313267,1.03,2.99,all
would,be+development,4,1.99,2.01,4.019,0.09913596962240233,1.0,2.79,all
would,offset,8,4.99,1.6,2.297,0.10655302501072861,0.97,2.56,all
would,be+challenging,3,1.33,2.26,6.029,0.11021537383468961,0.96,2.92,all
would,be+economy,3,1.33,2.26,6.029,0.11021537383468961,0.96,2.92,all
would,be+late,3,1.33,2.26,6.029,0.11021537383468961,0.96,2.92,all
would,be+small,3,1.33,2.26,6.029,0.11021537383468961,0.96,2.92,all
would,be+supportive,3,1.33,2.26,6.029,0.11021537383468961,0.96,2.92,all
would,decrease,3,1.33,2.26,6.029,0.11021537383468961,0.96,2.92,all
would,position,3,1.33,2.26,6.029,0.11021537383468961,0.96,2.92,all
would,prepared,3,1.33,2.26,6.029,0.11021537383468961,0.96,2.92,all
would,recede,3,1.33,2.26,6.029,0.11021537383468961,0.96,2.92,all
would,conduct,11,7.31,1.5,2.01,0.11287984062562881,0.95,2.63,all
would,be+enough,7,3.99,1.76,2.814,0.12008379048295592,0.92,3.16,all
would,be+hard,7,3.99,1.76,2.814,0.12008379048295592,0.92,3.16,all
would,enable,7,3.99,1.76,2.814,0.12008379048295592,0.92,3.16,all
would,worry,7,3.99,1.76,2.814,0.12008379048295592,0.92,3.16,all
would,be+concerned,5,2.66,1.88,3.35,0.1263613132255205,0.9,2.86,all
would,bounce,5,2.66,1.88,3.35,0.1263613132255205,0.9,2.86,all
would,be+something,15,10.63,1.41,1.774,0.13131112328334044,0.88,2.55,all
would,strengthen,31,24.59,1.26,1.45,0.13728364696180861,0.86,2.42,all
would,anticipate,7,4.32,1.62,2.345,0.1411540457504047,0.85,2.33,all
would,be+risk,5,2.99,1.67,2.512,0.16963095367512773,0.77,1.88,all
would,complicate,5,2.99,1.67,2.512,0.16963095367512773,0.77,1.88,all
would,moderate,5,2.99,1.67,2.512,0.16963095367512773,0.77,1.88,all
would,remove,5,2.99,1.67,2.512,0.16963095367512773,0.77,1.88,all
would,reach,18,13.63,1.32,1.573,0.18323379813588653,0.74,2.02,all
would,balance,6,3.66,1.64,2.412,0.19660300822489127,0.71,2.1,all
would,be+rate,6,3.66,1.64,2.412,0.19660300822489127,0.71,2.1,all
would,be+temporary,6,3.66,1.64,2.412,0.19660300822489127,0.71,2.1,all
would,ease,11,7.98,1.38,1.701,0.19803802918963387,0.7,1.64,all
would,end,15,11.3,1.33,1.587,0.20232721281463018,0.69,1.74,all
would,accompany,4,2.33,1.72,2.679,0.23086186167127898,0.64,1.68,all
would,be+point,4,2.33,1.72,2.679,0.23086186167127898,0.64,1.68,all
would,be+policy,4,2.33,1.72,2.679,0.23086186167127898,0.64,1.68,all
would,be+slower,6,3.99,1.5,2.01,0.23036110774713348,0.64,1.43,all
would,justify,4,2.33,1.72,2.679,0.23086186167127898,0.64,1.68,all
would,seek,6,3.99,1.5,2.01,0.23036110774713348,0.64,1.43,all
would,slow,32,26.59,1.2,1.341,0.23406963708582146,0.63,1.61,all
would,put,44,38.22,1.15,1.246,0.2749825945826373,0.56,1.29,all
would,involve,7,4.99,1.4,1.758,0.28105147151263543,0.55,1.16,all
would,release,7,4.99,1.4,1.758,0.28105147151263543,0.55,1.16,all
would,work,25,20.94,1.19,1.323,0.28551943644132805,0.54,1.15,all
would,result,48,42.54,1.13,1.207,0.3021955862574653,0.52,1.03,all
would,fall,16,12.96,1.23,1.398,0.31021726813297684,0.51,1.03,all
would,be+what,43,37.89,1.13,1.218,0.31955686407965955,0.5,1.02,all
would,contain,5,3.32,1.5,2.01,0.31622849440894585,0.5,1.19,all
would,indicate,12,9.31,1.29,1.507,0.3162021627140148,0.5,1.12,all
would,issue,5,3.32,1.5,2.01,0.31622849440894585,0.5,1.19,all
would,stress,5,3.32,1.5,2.01,0.31622849440894585,0.5,1.19,all
would,be+growth,3,1.66,1.81,3.014,0.34103317524009613,0.47,1.5,all
would,be+test,3,1.66,1.81,3.014,0.34103317524009613,0.47,1.5,all
would,occur,23,19.61,1.17,1.284,0.33691895393749927,0.47,0.86,all
would,tolerate,3,1.66,1.81,3.014,0.34103317524009613,0.47,1.5,all
would,run,19,15.62,1.22,1.364,0.352090061722574,0.45,1.06,all
would,include,20,16.62,1.2,1.34,0.36699055834931515,0.44,1.0,all
would,judge,10,7.64,1.31,1.546,0.3752645450870214,0.43,1.04,all
would,be+transitory,6,4.32,1.39,1.722,0.379116804542483,0.42,0.93,all
would,start,36,31.9,1.13,1.206,0.385938449420513,0.41,0.77,all
would,describe,16,13.29,1.2,1.34,0.40147268216565113,0.4,0.8,all
would,be+change,3,1.99,1.5,2.009,0.40619844282907097,0.39,0.72,all
would,be+kind,3,1.99,1.5,2.009,0.40619844282907097,0.39,0.72,all
would,be+outcome,3,1.99,1.5,2.009,0.40619844282907097,0.39,0.72,all
would,be+surprised,3,1.99,1.5,2.009,0.40619844282907097,0.39,0.72,all
would,be+true,3,1.99,1.5,2.009,0.40619844282907097,0.39,0.72,all
would,eliminate,3,1.99,1.5,2.009,0.40619844282907097,0.39,0.72,all
would,be+available,4,2.66,1.5,2.009,0.4532717598119218,0.34,0.95,all
would,decline,20,17.28,1.16,1.256,0.46161495131662406,0.34,0.63,all
would,disappear,4,2.66,1.5,2.009,0.4532717598119218,0.34,0.95,all
would,that,4,2.66,1.5,2.009,0.4532717598119218,0.34,0.95,all
would,feel,14,11.63,1.2,1.34,0.472626990103144,0.33,0.7,all
would,be+range,4,2.99,1.34,1.607,0.49165991729414804,0.31,0.49,all
would,represent,4,2.99,1.34,1.607,0.49165991729414804,0.31,0.49,all
would,pass,9,7.31,1.23,1.391,0.49828560825919443,0.3,0.57,all
would,shift,9,7.31,1.23,1.391,0.49828560825919443,0.3,0.57,all
would,support,47,43.54,1.08,1.125,0.5162394556692158,0.29,0.41,all
would,be+significant,5,3.66,1.37,1.675,0.5226715153192337,0.28,0.71,all
would,signal,10,8.31,1.2,1.34,0.5250950046613767,0.28,0.5,all
would,be+glad,5,3.99,1.25,1.435,0.5485824763951672,0.26,0.37,all
would,be+that,5,3.99,1.25,1.435,0.5485824763951672,0.26,0.37,all
would,weaken,12,10.3,1.16,1.269,0.567951963835817,0.25,0.41,all
would,be+costly,6,4.65,1.29,1.507,0.5709702390845136,0.24,0.56,all
would,trigger,6,4.65,1.29,1.507,0.5709702390845136,0.24,0.56,all
would,abate,6,4.99,1.2,1.34,0.5899098828415055,0.23,0.3,all
would,factor,6,4.99,1.2,1.34,0.5899098828415055,0.23,0.3,all
would,implement,8,6.65,1.2,1.34,0.6353493546061237,0.2,0.4,all
would,associate,8,6.98,1.15,1.236,0.6470107171821281,0.19,0.22,all
would,be+lower,17,15.29,1.11,1.178,0.6388479225334173,0.19,0.28,all
would,be+tool,8,6.98,1.15,1.236,0.6470107171821281,0.19,0.22,all
would,show,17,15.62,1.09,1.139,0.6455382035635789,0.19,0.18,all
would,be+open,3,2.33,1.29,1.507,0.6922400097634495,0.16,0.28,all
would,be+result,3,2.33,1.29,1.507,0.6922400097634495,0.16,0.28,all
would,be+source,3,2.33,1.29,1.507,0.6922400097634495,0.16,0.28,all
would,be+wrong,3,2.33,1.29,1.507,0.6922400097634495,0.16,0.28,all
would,choose,3,2.33,1.29,1.507,0.6922400097634495,0.16,0.28,all
would,depress,3,2.33,1.29,1.507,0.6922400097634495,0.16,0.28,all
would,meet,10,8.97,1.11,1.182,0.6854253812791768,0.16,0.17,all
would,speed,3,2.33,1.29,1.507,0.6922400097634495,0.16,0.28,all
would,influence,12,10.97,1.09,1.148,0.7135232062345882,0.15,0.14,all
would,approach,3,2.66,1.13,1.205,0.7260349328906103,0.14,0.06,all
would,disrupt,3,2.66,1.13,1.205,0.7260349328906103,0.14,0.06,all
would,dissipate,3,2.66,1.13,1.205,0.7260349328906103,0.14,0.06,all
would,note,13,11.96,1.09,1.136,0.7250132823465566,0.14,0.13,all
would,prompt,3,2.66,1.13,1.205,0.7260349328906103,0.14,0.06,all
would,appear,4,3.32,1.2,1.339,0.739448197808753,0.13,0.2,all
would,be+period,4,3.32,1.2,1.339,0.739448197808753,0.13,0.2,all
would,be+smaller,4,3.32,1.2,1.339,0.739448197808753,0.13,0.2,all
would,let,4,3.32,1.2,1.339,0.739448197808753,0.13,0.2,all
would,mitigate,4,3.32,1.2,1.339,0.739448197808753,0.13,0.2,all
would,necessitate,4,3.32,1.2,1.339,0.739448197808753,0.13,0.2,all
would,report,4,3.32,1.2,1.339,0.739448197808753,0.13,0.2,all
would,resume,4,3.66,1.09,1.148,0.7608110286548373,0.12,0.05,all
would,be+sufficient,5,4.32,1.16,1.256,0.7699941667773595,0.11,0.16,all
would,bring,19,17.95,1.06,1.091,0.773299399532106,0.11,0.09,all
would,stand,5,4.65,1.07,1.116,0.7850134278920933,0.11,0.04,all
would,cause,23,21.93,1.05,1.075,0.7941940379782599,0.1,0.08,all
would,enhance,7,6.65,1.05,1.082,0.817273668528802,0.09,0.03,all
would,raise,27,25.92,1.04,1.064,0.8101936552527244,0.09,0.07,all
would,matter,8,7.64,1.05,1.072,0.8287692639860073,0.08,0.02,all
would,wait,9,8.31,1.08,1.13,0.8323631980252557,0.08,0.09,all
would,be+higher,10,9.31,1.07,1.116,0.8413953626965394,0.07,0.08,all
would,create,10,9.31,1.07,1.116,0.8413953626965394,0.07,0.08,all
would,risk,11,10.63,1.03,1.052,0.8534655502485151,0.07,0.02,all
would,approve,4,4.65,0.86,0.803,1.0,0.0,0.14,all
would,be+conference,3,3.66,0.82,0.753,1.0,0.0,0.18,all
would,be+high,3,3.32,0.9,0.861,1.0,0.0,0.05,all
would,be+increase,6,5.98,1.0,1.004,1.0,-0.0,0.0,all
would,be+larger,4,4.32,0.93,0.893,1.0,0.0,0.04,all
would,be+part,8,8.31,0.96,0.945,1.0,0.0,0.02,all
would,benefit,13,13.29,0.98,0.967,1.0,0.0,0.01,all
would,close,4,3.99,1.0,1.004,1.0,-0.0,0.0,all
would,complete,3,2.99,1.0,1.004,1.0,-0.0,0.0,all
would,damp,5,5.32,0.94,0.913,1.0,0.0,0.03,all
would,delay,4,3.99,1.0,1.004,1.0,-0.0,0.0,all
would,draw,4,4.32,0.93,0.893,1.0,0.0,0.04,all
would,emphasize,5,5.65,0.88,0.837,1.0,0.0,0.11,all
would,enter,3,3.66,0.82,0.753,1.0,0.0,0.18,all
would,extend,4,3.99,1.0,1.004,1.0,-0.0,0.0,all
would,hesitate,6,6.31,0.95,0.927,1.0,0.0,0.02,all
would,imagine,7,7.31,0.96,0.937,1.0,0.0,0.02,all
would,inform,10,9.97,1.0,1.004,1.0,-0.0,0.0,all
would,lose,6,6.65,0.9,0.861,1.0,0.0,0.1,all
would,persist,10,10.63,0.94,0.913,1.0,0.0,0.06,all
would,publish,3,3.32,0.9,0.861,1.0,0.0,0.05,all
would,react,9,9.31,0.97,0.952,1.0,0.0,0.02,all
would,respond,21,21.27,0.99,0.981,1.0,0.0,0.01,all
would,reverse,4,4.32,0.93,0.893,1.0,0.0,0.04,all
would,set,8,7.98,1.0,1.004,1.0,-0.0,0.0,all
would,threaten,3,3.32,0.9,0.861,1.0,0.0,0.05,all
would,write,3,2.99,1.0,1.004,1.0,-0.0,0.0,all
would,be,113,114.33,0.99,0.982,0.9083116707763244,-0.04,0.02,all
would,reduce,34,34.9,0.97,0.962,0.9174827135565444,-0.04,0.03,all
would,communicate,10,10.97,0.91,0.873,0.8538892154328763,-0.07,0.13,all
would,comment,8,8.97,0.89,0.846,0.8388026819416159,-0.08,0.16,all
would,cut,8,8.97,0.89,0.846,0.8388026819416159,-0.08,0.16,all
would,limit,8,8.97,0.89,0.846,0.8388026819416159,-0.08,0.16,all
would,guide,5,5.98,0.84,0.773,0.8036680773563565,-0.09,0.25,all
would,look,112,114.33,0.98,0.969,0.8178265720656563,-0.09,0.07,all
would,argue,4,4.99,0.8,0.73,0.7856345488125268,-0.1,0.3,all
would,mention,4,4.99,0.8,0.73,0.7856345488125268,-0.1,0.3,all
would,spur,4,4.99,0.8,0.73,0.7856345488125268,-0.1,0.3,all
would,direct,3,3.99,0.75,0.67,0.7615019887396902,-0.12,0.39,all
would,undertake,3,3.99,0.75,0.67,0.7615019887396902,-0.12,0.39,all
would,move,87,90.07,0.97,0.949,0.7458459963685241,-0.13,0.16,all
would,determine,10,11.3,0.88,0.837,0.7182094396561904,-0.14,0.23,all
would,be+percent,8,9.64,0.83,0.765,0.6935890916851213,-0.16,0.43,all
would,be+persistent,8,9.31,0.86,0.803,0.6913916830096392,-0.16,0.28,all
would,stay,8,9.64,0.83,0.765,0.6935890916851213,-0.16,0.43,all
would,be+time,7,8.64,0.81,0.74,0.6773805192993244,-0.17,0.48,all
would,edge,7,8.64,0.81,0.74,0.6773805192993244,-0.17,0.48,all
would,leave,15,16.95,0.88,0.837,0.656114877381932,-0.18,0.34,all
would,be+dependent,5,6.31,0.79,0.717,0.631312160169633,-0.2,0.43,all
would,increase,66,69.79,0.95,0.92,0.6071301394024436,-0.22,0.31,all
would,update,4,5.32,0.75,0.669,0.601840696038669,-0.22,0.51,all
would,answer,3,4.32,0.69,0.603,0.5639098373013067,-0.25,0.64,all
would,be+happy,8,9.97,0.8,0.73,0.5619064550672983,-0.25,0.61,all
would,fade,3,4.32,0.69,0.603,0.5639098373013067,-0.25,0.64,all
would,incorporate,3,4.32,0.69,0.603,0.5639098373013067,-0.25,0.64,all
would,pick,7,8.97,0.78,0.703,0.5410024134036246,-0.27,0.68,all
would,begin,30,33.57,0.89,0.848,0.5255011109308364,-0.28,0.58,all
would,drive,6,7.98,0.75,0.669,0.516792434095971,-0.29,0.77,all
would,stop,6,7.98,0.75,0.669,0.516792434095971,-0.29,0.77,all
would,base,5,6.98,0.72,0.628,0.48830639218542504,-0.31,0.89,all
would,exacerbate,5,6.98,0.72,0.628,0.48830639218542504,-0.31,0.89,all
would,be+one,4,5.98,0.67,0.574,0.45412539875360747,-0.34,1.06,all
would,decide,4,5.65,0.71,0.618,0.45373764083391127,-0.34,0.77,all
would,evaluate,4,5.65,0.71,0.618,0.45373764083391127,-0.34,0.77,all
would,proceed,4,5.65,0.71,0.618,0.45373764083391127,-0.34,0.77,all
would,provide,53,58.16,0.91,0.872,0.42195889212591514,-0.37,0.7,all
would,be+strong,3,4.65,0.64,0.548,0.41117158685176025,-0.39,0.95,all
would,experience,3,4.65,0.64,0.548,0.41117158685176025,-0.39,0.95,all
would,tighten,3,4.65,0.64,0.548,0.41117158685176025,-0.39,0.95,all
would,maintain,15,18.61,0.81,0.734,0.39401920234836685,-0.4,1.09,all
would,be+effect,5,7.31,0.68,0.591,0.3693710020686314,-0.43,1.17,all
would,be+level,5,7.31,0.68,0.591,0.3693710020686314,-0.43,1.17,all
would,spend,4,6.31,0.63,0.535,0.33418122785722104,-0.48,1.38,all
would,view,6,8.64,0.69,0.602,0.30590728641966514,-0.51,1.29,all
would,be+different,3,5.32,0.56,0.463,0.292543242705593,-0.53,1.67,all
would,avoid,5,7.64,0.65,0.558,0.27674381240630314,-0.56,1.48,all
would,be+factor,5,7.64,0.65,0.558,0.27674381240630314,-0.56,1.48,all
would,lower,5,7.98,0.63,0.528,0.27796482299324654,-0.56,1.81,all
would,aim,11,14.96,0.74,0.649,0.2673746761164911,-0.57,1.66,all
would,boost,8,11.96,0.67,0.574,0.21443912502720727,-0.67,2.11,all
would,assume,3,5.98,0.5,0.402,0.20893868245302172,-0.68,2.51,all
would,be+gradual,3,5.98,0.5,0.402,0.20893868245302172,-0.68,2.51,all
would,generate,3,5.65,0.53,0.43,0.20626326174226506,-0.69,2.08,all
would,be+difficult,6,9.97,0.6,0.502,0.17317554489486536,-0.76,2.59,all
would,undermine,4,7.31,0.55,0.446,0.1748568188701752,-0.76,2.5,all
would,be+effective,3,6.31,0.48,0.376,0.14337728528895466,-0.84,2.96,all
would,push,7,11.96,0.59,0.484,0.10928153757110845,-0.96,3.39,all
would,face,7,11.63,0.6,0.502,0.10766513340450423,-0.97,3.02,all
would,be+able,20,27.25,0.73,0.647,0.10004070080229266,-1.0,3.06,all
would,facilitate,3,6.65,0.45,0.354,0.09823886664918968,-1.01,3.44,all
would,promote,6,10.97,0.55,0.446,0.09399978686575655,-1.03,3.75,all
would,warrant,57,69.13,0.82,0.757,0.07617197120756702,-1.12,3.32,all
would,serve,6,11.3,0.53,0.43,0.0669828561949139,-1.17,4.16,all
would,sustain,6,11.3,0.53,0.43,0.0669828561949139,-1.17,4.16,all
would,act,8,14.29,0.56,0.459,0.05054758143243056,-1.3,4.59,all
would,grow,6,11.63,0.52,0.415,0.04770832574293873,-1.32,4.59,all
would,restrain,4,9.31,0.43,0.334,0.04250172215443489,-1.37,5.24,all
would,arise,3,8.31,0.36,0.274,0.031113649504701718,-1.51,6.04,all
would,encourage,3,7.98,0.38,0.287,0.03034469481151033,-1.52,5.5,all
would,improve,7,14.29,0.49,0.39,0.021973958647596846,-1.66,6.31,all
would,foster,3,8.64,0.35,0.262,0.020245055173269674,-1.69,6.6,all
would,learn,3,8.64,0.35,0.262,0.020245055173269674,-1.69,6.6,all
would,prove,14,23.6,0.59,0.493,0.016008380055761252,-1.8,6.42,all
would,evolve,25,37.22,0.67,0.576,0.015411855305004172,-1.81,6.47,all
would,pose,11,21.27,0.52,0.416,0.005128737066566046,-2.29,8.34,all
would,help,109,135.6,0.8,0.729,0.004911851505041461,-2.31,8.24,all
would,change,23,36.89,0.62,0.524,0.004529099349788511,-2.34,8.54,all
would,pay,3,10.3,0.29,0.215,0.0037359732642710045,-2.43,9.53,all
would,assess,56,77.1,0.73,0.637,0.00317794235487301,-2.5,9.23,all
would,try,5,13.96,0.36,0.271,0.002687744757137988,-2.57,10.26,all
would,make,66,89.4,0.74,0.65,0.002169412086452622,-2.66,9.77,all
would,play,7,17.95,0.39,0.299,0.001216581599898084,-2.91,11.76,all
would,ask,9,20.94,0.43,0.334,0.001112089275264449,-2.95,11.81,all
would,keep,17,31.57,0.54,0.437,0.0010107767956595874,-3.0,11.25,all
would,be+patient,4,13.96,0.29,0.211,0.0007792965564898904,-3.11,13.12,all
would,address,6,17.28,0.35,0.261,0.0005522720491319643,-3.26,13.22,all
would,focus,4,14.29,0.28,0.206,0.0004901983979623155,-3.31,13.73,all
would,become,21,38.22,0.55,0.447,0.0004644324256480698,-3.33,12.94,all
would,continue,278,330.02,0.84,0.773,0.0003032447444780042,-3.52,13.16,all
would,lead,33,54.5,0.61,0.504,0.00023585778651427728,-3.63,13.95,all
would,contribute,11,25.59,0.43,0.334,0.0002313683042408444,-3.64,14.44,all
would,affect,45,70.12,0.64,0.542,0.00016847934695654037,-3.77,14.68,all
would,reflect,10,25.26,0.4,0.304,0.00011936744361159715,-3.92,16.21,all
would,take,214,266.21,0.8,0.725,6.063893737779286e-05,-4.22,16.44,all
would,achieve,6,19.94,0.3,0.223,4.703723682090948e-05,-4.33,17.87,all
would,turn,8,23.26,0.34,0.258,3.583976686228593e-05,-4.45,18.01,all
would,monitor,21,42.87,0.49,0.389,2.00186267139454e-05,-4.7,18.99,all
would,have,162,214.69,0.75,0.666,5.665283790003902e-06,-5.25,20.86,all
would,explain,7,25.26,0.28,0.203,1.8897495698012144e-06,-5.72,24.51,all
would,happen,21,46.2,0.45,0.356,1.9169385066209505e-06,-5.72,23.69,all
would,use,27,55.17,0.49,0.388,1.208329303923989e-06,-5.92,24.52,all
would,adjust,6,24.93,0.24,0.174,4.151118212848389e-07,-6.38,27.22,all
would,know,12,35.56,0.34,0.253,2.5187526925993233e-07,-6.6,28.19,all
would,follow,17,43.2,0.39,0.301,1.815764685751441e-07,-6.74,28.04,all
would,get,21,50.52,0.42,0.32,5.5962653513329635e-08,-7.25,30.18,all
would,give,24,55.5,0.43,0.335,3.481700906394511e-08,-7.46,31.11,all
would,discuss,4,25.92,0.15,0.108,3.499995765908124e-09,-8.46,37.14,all
would,find,3,24.59,0.12,0.085,1.2309189599220486e-09,-8.91,38.95,all
would,tell,11,42.87,0.26,0.186,5.141808226537851e-11,-10.29,44.57,all
would,talk,6,35.89,0.17,0.118,4.592148166660123e-12,-11.34,49.45,all
would,go,30,83.42,0.36,0.27,7.645591149019802e-15,-14.12,61.47,all
would,come,17,62.81,0.27,0.197,5.222840239177084e-15,-14.28,62.5,all
would,impede,10,58.16,0.17,0.121,1.302392031452332e-18,-17.89,79.11,all
would,see,54,149.22,0.36,0.27,1.7286007243521145e-25,-24.76,109.83,all
would,do,65,171.49,0.38,0.284,2.0435504278956175e-27,-26.69,118.95,all
could,impede,46,2.95,15.6,inf,4.5116075481432905e-70,69.35,321.78,statement
could,pose,4,0.26,15.6,inf,1.504778243791744e-05,4.82,22.29,statement
may,warrant,15,1.25,12.04,43.571,4.3955435865110305e-15,14.36,62.92,statement
may,be+appropriate,10,1.97,5.07,8.836,6.333175358226069e-06,5.2,20.64,statement
should,help,21,1.07,19.59,915.353,7.664178397529483e-30,29.12,132.9,statement
should,promote,6,0.29,20.53,inf,8.998137448102139e-09,8.05,37.22,statement
should,maintain,6,0.39,15.39,69.375,2.344043816343953e-07,6.63,28.39,statement
will,take,123,96.51,1.27,inf,9.919850386421289e-15,14.0,65.73,statement
will,continue,125,100.43,1.24,14.117,4.0972746551568424e-11,10.39,46.67,statement
will,assess,72,56.49,1.27,inf,1.3455290715470983e-08,7.87,36.89,statement
will,expand,34,26.68,1.27,inf,0.0003765869064242341,3.42,16.91,statement
will,monitor,32,25.11,1.27,inf,0.0006143201907490164,3.21,15.9,statement
will,depend,28,21.97,1.27,inf,0.001630603987593236,2.79,13.87,statement
will,evolve,20,15.69,1.27,inf,0.011404899594657798,1.94,9.85,statement
will,add,12,9.42,1.27,inf,0.07973181459053957,1.1,5.87,statement
will,strengthen,12,9.42,1.27,inf,0.07973181459053957,1.1,5.87,statement
will,aim,10,7.85,1.27,inf,0.1300154881854121,0.89,4.89,statement
will,move,10,7.85,1.27,inf,0.1300154881854121,0.89,4.89,statement
will,remain,11,8.63,1.27,inf,0.13342827872459276,0.87,5.38,statement
will,increase,9,7.06,1.27,inf,0.21736065753179815,0.66,4.39,statement
will,be+appropriate,47,44.72,1.05,1.314,0.5070909355572158,0.29,0.61,statement
will,be+consistent,5,3.92,1.27,inf,0.5906218597920685,0.23,2.43,statement
will,use,5,3.92,1.27,inf,0.5906218597920685,0.23,2.43,statement
will,weigh,4,3.14,1.27,inf,0.5826897381919806,0.23,1.95,statement
will,act,3,2.35,1.27,inf,1.0,-0.0,1.46,statement
will,reduce,5,4.71,1.06,1.376,1.0,-0.0,0.09,statement
will,be+patient,3,4.71,0.64,0.271,0.11788129038697703,-0.93,2.37,statement
will,warrant,21,28.25,0.74,0.362,0.005708983053724245,-2.24,7.77,statement
would,be+prepared,46,2.89,15.92,inf,3.609286038514632e-71,70.44,327.08,statement
can,increase,38,1.96,19.41,44.687,5.02474885257538e-41,40.3,181.0,minutes
can,be+patient,7,0.26,26.82,42.315,3.789661226758581e-09,8.42,35.48,minutes
can,achieve,4,0.11,37.47,69.92,2.219729937871194e-06,5.65,23.41,minutes
can,affect,3,1.01,2.98,3.123,0.07961483683678777,1.1,2.65,minutes
can,help,3,2.38,1.26,1.272,0.5159584790092914,0.29,0.15,minutes
could,impede,106,26.94,3.93,41.052,8.328295892458401e-57,56.08,254.38,minutes
could,lead,71,21.09,3.37,12.714,6.526293661776897e-29,28.19,125.44,minutes
could,affect,59,19.91,2.96,7.653,2.0086574706570048e-19,18.7,81.67,minutes
could,pose,32,9.37,3.41,13.31,5.470056642176829e-14,13.26,57.52,minutes
could,bear,23,5.86,3.93,38.099,5.155451060523818e-13,12.29,54.12,minutes
could,become,38,15.23,2.5,4.684,1.2445586750113234e-09,8.9,36.88,minutes
could,prove,29,11.01,2.63,5.341,2.128085298892378e-08,7.67,31.48,minutes
could,misinterpret,12,2.81,4.27,inf,2.6531025077850023e-08,7.58,34.9,minutes
could,appreciate,10,2.34,4.27,inf,4.880635990631001e-07,6.31,29.07,minutes
could,spill,10,2.34,4.27,inf,4.880635990631001e-07,6.31,29.07,minutes
could,facilitate,13,3.75,3.47,14.266,1.6683377931974323e-06,5.78,23.96,minutes
could,result,44,22.73,1.94,2.76,2.4991627658418e-06,5.6,22.73,minutes
could,have,38,19.21,1.98,2.865,4.804502462387477e-06,5.32,20.83,minutes
could,emerge,11,3.05,3.61,18.089,5.491950512830364e-06,5.26,21.88,minutes
could,undermine,8,1.87,4.27,inf,8.961718763437265e-06,5.05,23.25,minutes
could,restrain,12,3.98,3.01,7.894,4.912703188163444e-05,4.31,16.95,minutes
could,arise,11,3.51,3.13,9.041,5.9572862748305426e-05,4.22,16.71,minutes
could,generate,10,3.05,3.28,10.954,6.841683480730238e-05,4.16,16.62,minutes
could,damp,11,3.75,2.93,7.231,0.0001502056355297426,3.82,14.76,minutes
could,consider,15,6.09,2.46,4.488,0.00017568897824953917,3.76,14.05,minutes
could,risk,9,2.81,3.2,9.853,0.00022738650753072615,3.64,14.26,minutes
could,use,20,9.37,2.13,3.296,0.0002413705855195169,3.62,13.36,minutes
could,encourage,7,1.87,3.73,22.97,0.0002442665087651653,3.61,14.84,minutes
could,push,8,2.34,3.41,13.131,0.0002534980207052277,3.6,14.3,minutes
could,cause,9,3.05,2.95,7.388,0.0005850682711584294,3.23,12.24,minutes
could,trigger,5,1.17,4.27,inf,0.0007026713281340255,3.15,14.52,minutes
could,amplify,7,2.11,3.32,11.483,0.000875477513020473,3.06,11.87,minutes
could,view,9,3.28,2.74,5.909,0.0012979419932680407,2.89,10.57,minutes
could,be+sign,4,0.94,4.27,inf,0.00300471600556163,2.52,11.62,minutes
could,transition,4,0.94,4.27,inf,0.00300471600556163,2.52,11.62,minutes
could,boost,10,4.22,2.37,4.104,0.0032299753098469722,2.49,8.59,minutes
could,impair,5,1.41,3.56,16.388,0.00339478830180749,2.47,9.65,minutes
could,judge,5,1.41,3.56,16.388,0.00339478830180749,2.47,9.65,minutes
could,tighten,5,1.41,3.56,16.388,0.00339478830180749,2.47,9.65,minutes
could,put,15,7.5,2.0,2.901,0.005090115140067348,2.29,8.42,minutes
could,exacerbate,8,3.28,2.44,4.374,0.006755535102227122,2.17,7.32,minutes
could,make,19,10.78,1.76,2.315,0.007718526187299476,2.11,7.24,minutes
could,serve,5,1.64,3.05,8.192,0.00958304248454269,2.02,7.21,minutes
could,challenge,4,1.17,3.41,13.102,0.012212894715272048,1.91,7.15,minutes
could,yield,4,1.17,3.41,13.102,0.012212894715272048,1.91,7.15,minutes
could,display,3,0.7,4.27,inf,0.012842620704930688,1.89,8.71,minutes
could,drift,3,0.7,4.27,inf,0.012842620704930688,1.89,8.71,minutes
could,employ,3,0.7,4.27,inf,0.012842620704930688,1.89,8.71,minutes
could,mask,3,0.7,4.27,inf,0.012842620704930688,1.89,8.71,minutes
could,portend,3,0.7,4.27,inf,0.012842620704930688,1.89,8.71,minutes
could,prompt,3,0.7,4.27,inf,0.012842620704930688,1.89,8.71,minutes
could,substitute,3,0.7,4.27,inf,0.012842620704930688,1.89,8.71,minutes
could,threaten,3,0.7,4.27,inf,0.012842620704930688,1.89,8.71,minutes
could,address,6,2.34,2.56,4.917,0.014221070356449622,1.85,6.1,minutes
could,come,6,2.34,2.56,4.917,0.014221070356449622,1.85,6.1,minutes
could,shift,6,2.34,2.56,4.917,0.014221070356449622,1.85,6.1,minutes
could,face,5,1.87,2.67,5.46,0.020646201644516936,1.69,5.54,minutes
could,persist,9,4.22,2.13,3.281,0.02065836441867984,1.68,5.99,minutes
could,be+difficult,6,2.58,2.33,3.932,0.025157575623119082,1.6,4.93,minutes
could,give,7,3.28,2.13,3.278,0.027204047228219796,1.57,4.66,minutes
could,entail,4,1.41,2.85,6.55,0.029849107542201162,1.53,5.04,minutes
could,mitigate,4,1.41,2.85,6.55,0.029849107542201162,1.53,5.04,minutes
could,necessitate,4,1.41,2.85,6.55,0.029849107542201162,1.53,5.04,minutes
could,reflect,13,7.5,1.73,2.246,0.0336073562909412,1.47,4.67,minutes
could,be+factor,5,2.11,2.37,4.095,0.037598346275621274,1.42,4.29,minutes
could,limit,8,3.98,2.01,2.914,0.03839168628335228,1.42,4.53,minutes
could,be+level,6,2.81,2.13,3.276,0.040519988148461694,1.39,3.99,minutes
could,afford,3,0.94,3.2,9.821,0.04235633480303786,1.37,4.75,minutes
could,bind,3,0.94,3.2,9.821,0.04235633480303786,1.37,4.75,minutes
could,choose,3,0.94,3.2,9.821,0.04235633480303786,1.37,4.75,minutes
could,deteriorate,3,0.94,3.2,9.821,0.04235633480303786,1.37,4.75,minutes
could,explain,3,0.94,3.2,9.821,0.04235633480303786,1.37,4.75,minutes
could,revise,3,0.94,3.2,9.821,0.04235633480303786,1.37,4.75,minutes
could,shorten,3,0.94,3.2,9.821,0.04235633480303786,1.37,4.75,minutes
could,be+helpful,12,7.03,1.71,2.187,0.04847017404632391,1.31,4.08,minutes
could,be+effective,4,1.64,2.44,4.366,0.05687052761907913,1.25,3.65,minutes
could,see,4,1.64,2.44,4.366,0.05687052761907913,1.25,3.65,minutes
could,interpret,5,2.34,2.13,3.275,0.06097562219479292,1.21,3.32,minutes
could,associate,7,3.75,1.87,2.548,0.07231408811450356,1.14,3.2,minutes
could,materialize,3,1.17,2.56,4.909,0.08757149493468655,1.06,3.05,minutes
could,stall,3,1.17,2.56,4.909,0.08757149493468655,1.06,3.05,minutes
could,increase,48,38.66,1.24,1.351,0.09361768100640605,1.03,2.87,minutes
could,raise,8,4.69,1.71,2.185,0.10777697711300126,0.97,2.71,minutes
could,play,6,3.28,1.83,2.456,0.10954182473796267,0.96,2.57,minutes
could,contribute,16,11.25,1.42,1.64,0.12231703834004984,0.91,2.44,minutes
could,slow,16,11.48,1.39,1.59,0.12933251790372607,0.89,2.17,minutes
could,support,19,14.06,1.35,1.521,0.12848251875012384,0.89,2.14,minutes
could,enhance,5,2.58,1.94,2.729,0.14375142207719505,0.84,2.56,minutes
could,turn,5,2.81,1.78,2.338,0.16726325073870377,0.78,1.95,minutes
could,be+gradual,4,2.11,1.9,2.618,0.22783787905746228,0.64,1.92,minutes
could,improve,4,2.11,1.9,2.618,0.22783787905746228,0.64,1.92,minutes
could,provide,28,22.73,1.23,1.332,0.22664975352034916,0.64,1.54,minutes
could,indicate,6,3.75,1.6,1.964,0.23224549254864485,0.63,1.59,minutes
could,help,54,47.09,1.15,1.207,0.23793974517478977,0.62,1.32,minutes
could,reduce,17,13.59,1.25,1.359,0.27879687679503595,0.55,1.07,minutes
could,be,3,1.64,1.83,2.454,0.36580276697428304,0.44,1.28,minutes
could,be+persistent,3,1.64,1.83,2.454,0.36580276697428304,0.44,1.28,minutes
could,clarify,3,1.64,1.83,2.454,0.36580276697428304,0.44,1.28,minutes
could,differ,3,1.64,1.83,2.454,0.36580276697428304,0.44,1.28,minutes
could,proceed,3,1.64,1.83,2.454,0.36580276697428304,0.44,1.28,minutes
could,be+larger,3,1.87,1.6,1.963,0.40075161374624446,0.4,0.79,minutes
could,meet,3,1.87,1.6,1.963,0.40075161374624446,0.4,0.79,minutes
could,complicate,3,2.11,1.42,1.635,0.4456817777108787,0.35,0.45,minutes
could,convey,4,3.05,1.31,1.454,0.5177158994739691,0.29,0.37,minutes
could,influence,5,3.98,1.26,1.363,0.5682474072350546,0.25,0.32,minutes
could,run,5,4.22,1.19,1.258,0.5886589972207802,0.23,0.18,minutes
could,occur,9,8.2,1.1,1.132,0.693243087696827,0.16,0.1,minutes
could,adjust,3,2.34,1.28,1.401,0.707927287032083,0.15,0.23,minutes
could,weaken,3,2.58,1.16,1.226,0.7266754922595995,0.14,0.09,minutes
could,change,4,3.75,1.07,1.09,0.7758109617535202,0.11,0.02,minutes
could,communicate,5,4.69,1.07,1.09,0.7959151726180074,0.1,0.03,minutes
could,be+useful,6,5.62,1.07,1.09,0.8116194460691769,0.09,0.03,minutes
could,decline,6,6.56,0.91,0.891,1.0,0.0,0.06,minutes
could,respond,3,3.51,0.85,0.817,1.0,0.0,0.1,minutes
could,rise,18,18.04,1.0,0.997,1.0,0.0,0.0,minutes
could,set,3,2.81,1.07,1.09,1.0,-0.0,0.02,minutes
could,require,10,11.25,0.89,0.859,0.8641274125196512,-0.06,0.19,minutes
could,begin,8,9.14,0.88,0.843,0.8496653669483483,-0.07,0.19,minutes
could,weigh,9,9.84,0.91,0.891,0.8565697869428402,-0.07,0.1,minutes
could,be+patient,4,5.15,0.78,0.726,0.8009157537455859,-0.1,0.36,minutes
could,be+lower,4,5.86,0.68,0.622,0.48300714466549705,-0.32,0.84,minutes
could,add,5,7.97,0.63,0.562,0.3098999533424842,-0.51,1.61,minutes
could,keep,3,6.09,0.49,0.425,0.24293669950538105,-0.61,2.4,minutes
could,maintain,3,6.33,0.47,0.407,0.17166867155720736,-0.77,2.69,minutes
could,allow,5,11.01,0.45,0.387,0.037680300873279636,-1.42,5.11,minutes
could,move,11,20.85,0.53,0.457,0.011438194160515069,-1.94,7.07,minutes
could,expect,4,12.65,0.32,0.26,0.003301988777125832,-2.48,9.85,minutes
could,warrant,11,26.71,0.41,0.345,0.00020175155884006042,-3.7,14.77,minutes
could,remain,10,33.97,0.29,0.237,1.557185154153313e-07,-6.81,28.78,minutes
could,expand,7,29.05,0.24,0.192,1.4689132350404934e-07,-6.83,29.33,minutes
could,take,18,67.01,0.27,0.211,6.012519924225694e-15,-14.22,62.88,minutes
could,be+appropriate,14,84.34,0.17,0.125,1.7593580862949132e-25,-24.75,111.06,minutes
could,continue,20,108.01,0.19,0.138,7.054748247955683e-31,-30.15,135.31,minutes
may,authorize,23,1.7,13.52,315.854,5.108877513852853e-26,25.29,114.56,minutes
may,edge,19,1.84,10.31,36.932,4.326794642452444e-17,16.36,71.95,minutes
may,warrant,35,8.08,4.33,6.166,2.6788078475099035e-14,13.57,57.88,minutes
may,delegate,10,0.71,14.11,inf,2.948992824166611e-12,11.53,53.12,minutes
may,contribute,20,3.4,5.88,9.708,1.8360623970474428e-11,10.74,45.38,minutes
may,auction,9,0.64,14.11,inf,4.2302793615631396e-11,10.37,47.79,minutes
may,lend,9,0.64,14.11,inf,4.2302793615631396e-11,10.37,47.79,minutes
may,borrow,9,0.71,12.7,120.085,3.9648700073881417e-10,9.4,41.43,minutes
may,bid,8,0.57,14.11,inf,6.056835207355482e-10,9.22,42.46,minutes
may,be+lower,13,1.77,7.33,14.549,2.31791000500685e-09,8.63,36.23,minutes
may,approve,9,0.85,10.58,40.016,7.663364636400028e-09,8.12,34.73,minutes
may,exercise,7,0.5,14.11,inf,8.655768132693472e-09,8.06,37.14,minutes
may,manage,7,0.57,12.34,93.022,6.500636041639891e-08,7.19,31.26,minutes
may,be+measurable,6,0.43,14.11,inf,1.2346685390888372e-07,6.91,31.83,minutes
may,undertake,6,0.64,9.4,26.516,8.613675040660987e-06,5.06,20.8,minutes
may,be+settlement,4,0.28,14.11,inf,2.4980531260255465e-05,4.6,21.2,minutes
may,provide,19,6.88,2.76,3.279,3.956188724462071e-05,4.4,16.4,minutes
may,determine,7,1.35,5.2,7.739,0.00020518027191195645,3.69,13.88,minutes
may,be+stronger,3,0.21,14.11,inf,0.0003543330666534834,3.45,15.9,minutes
may,designate,3,0.21,14.11,inf,0.0003543330666534834,3.45,15.9,minutes
may,change,6,1.13,5.29,7.946,0.0005339491157417795,3.27,12.11,minutes
may,vary,4,0.5,8.06,17.606,0.0007351287571239779,3.13,12.08,minutes
may,reflect,8,2.27,3.53,4.423,0.0013876200760069293,2.86,9.96,minutes
may,be+appropriate,41,25.52,1.61,1.745,0.002109756422704636,2.68,9.19,minutes
may,extend,4,0.78,5.13,7.541,0.005511727510531458,2.26,7.8,minutes
may,purchase,3,0.5,6.05,9.882,0.009991677809387358,2.0,6.92,minutes
may,issue,3,0.57,5.29,7.905,0.01515383302725264,1.82,6.04,minutes
may,signal,3,0.57,5.29,7.905,0.01515383302725264,1.82,6.04,minutes
may,be+level,3,0.85,3.53,4.389,0.04816644342477809,1.32,3.72,minutes
may,include,3,0.99,3.02,3.59,0.07177795673376294,1.14,2.96,minutes
may,become,8,4.61,1.74,1.853,0.1364174342288064,0.87,2.26,minutes
may,raise,3,1.42,2.12,2.321,0.16515761922814187,0.78,1.48,minutes
may,stabilize,3,1.63,1.84,1.972,0.22063116995997956,0.66,1.01,minutes
may,result,10,6.88,1.45,1.517,0.2272371410365942,0.64,1.37,minutes
may,reduce,6,4.11,1.46,1.518,0.301955435442323,0.52,0.83,minutes
may,need,7,6.17,1.13,1.149,0.6731578041978472,0.17,0.12,minutes
may,begin,3,2.76,1.09,1.093,0.754489277750494,0.12,0.02,minutes
may,require,3,3.4,0.88,0.873,1.0,0.0,0.05,minutes
may,move,5,6.31,0.79,0.778,0.8340774596709746,-0.08,0.32,minutes
may,increase,9,11.7,0.77,0.752,0.5377192404665112,-0.27,0.74,minutes
may,lead,3,6.38,0.47,0.449,0.21315629300969194,-0.67,2.39,minutes
may,help,4,14.25,0.28,0.26,0.0019055187224335875,-2.72,11.12,minutes
should,help,48,11.16,4.3,5.943,9.938915208333328e-19,18.0,77.95,minutes
should,affirm,14,0.78,18.02,inf,2.1087384439117584e-18,17.68,81.44,minutes
should,acknowledge,9,0.56,16.22,156.727,4.3557028651084354e-11,10.36,45.85,minutes
should,note,9,0.56,16.22,156.727,4.3557028651084354e-11,10.36,45.85,minutes
should,be+mean,5,0.28,18.02,inf,5.140555647498768e-07,6.29,28.97,minutes
should,maintain,9,1.5,6.01,8.685,8.738565780811526e-06,5.06,19.88,minutes
should,promote,6,0.78,7.72,12.946,5.7719399017963216e-05,4.24,16.56,minutes
should,interpret,5,0.56,9.01,17.224,0.00010259127734337873,3.99,15.68,minutes
should,be+principle,3,0.17,18.02,inf,0.00016972882722443794,3.77,17.37,minutes
should,incoming,3,0.17,18.02,inf,0.00016972882722443794,3.77,17.37,minutes
should,discuss,4,0.39,10.3,22.913,0.0002860854987832517,3.54,13.95,minutes
should,communicate,6,1.11,5.41,7.391,0.0005601466874845558,3.25,11.93,minutes
should,emphasize,3,0.22,13.51,51.438,0.000650858975491056,3.19,12.98,minutes
should,focus,3,0.22,13.51,51.438,0.000650858975491056,3.19,12.98,minutes
should,guide,4,0.5,8.01,13.744,0.000941875479475547,3.03,11.37,minutes
should,view,4,0.78,5.15,6.867,0.005993889756164192,2.22,7.55,minutes
should,monitor,9,3.44,2.62,2.934,0.0067499852177327225,2.17,6.82,minutes
should,avoid,3,0.44,6.76,10.282,0.007705884456659246,2.11,7.35,minutes
should,respond,4,0.83,4.8,6.242,0.00782086341531423,2.11,7.02,minutes
should,update,3,0.44,6.76,10.282,0.007705884456659246,2.11,7.35,minutes
should,indicate,4,0.89,4.5,5.721,0.0099788564669249,2.0,6.53,minutes
should,occur,6,1.94,3.09,3.56,0.01159480857677727,1.94,5.98,minutes
should,incorporate,3,0.56,5.41,7.342,0.015196384944259993,1.82,5.95,minutes
should,be+patient,3,1.22,2.46,2.7,0.11977943901660074,0.92,2.0,minutes
should,begin,4,2.16,1.85,1.955,0.16848022148973454,0.77,1.34,minutes
should,support,5,3.33,1.5,1.554,0.3847141706253193,0.41,0.78,minutes
should,reflect,3,1.78,1.69,1.766,0.4211775024395271,0.38,0.75,minutes
should,reduce,4,3.22,1.24,1.263,0.562752808194127,0.25,0.19,minutes
should,continue,28,25.59,1.09,1.108,0.5985955993726011,0.22,0.25,minutes
should,provide,3,5.38,0.56,0.54,0.37461372987167707,-0.43,1.34,minutes
should,remain,4,8.05,0.5,0.477,0.1952563209257119,-0.71,2.67,minutes
should,depend,3,8.88,0.34,0.32,0.03519038221362071,-1.45,5.57,minutes
should,take,6,15.87,0.38,0.355,0.005420398021707606,-2.27,8.7,minutes
will,take,136,35.83,3.8,7.297,1.8632630358013566e-50,49.73,223.35,minutes
will,assess,72,15.91,4.53,9.861,3.8324816796678816e-33,32.42,144.29,minutes
will,continue,151,57.75,2.61,3.894,2.767379338704796e-32,31.56,139.63,minutes
will,consult,19,2.51,7.58,135.561,1.0765663491296017e-16,15.97,71.62,minutes
will,monitor,32,7.77,4.12,7.69,8.686684731570194e-14,13.06,55.86,minutes
will,foster,15,2.25,6.65,35.499,1.4919315159472212e-11,10.83,47.11,minutes
will,keep,15,3.26,4.61,9.669,5.297065803495187e-08,7.28,30.02,minutes
will,evolve,21,6.14,3.42,5.34,1.1083557659220226e-07,6.96,28.11,minutes
will,aim,13,2.76,4.72,10.222,2.879517890296024e-07,6.54,26.79,minutes
will,expand,34,15.53,2.19,2.703,6.37639802822326e-06,5.2,20.13,minutes
will,depend,40,20.04,2.0,2.39,1.542478911970573e-05,4.81,18.89,minutes
will,add,13,4.26,3.05,4.372,0.00012604553505516888,3.9,14.5,minutes
will,miss,3,0.38,7.98,inf,0.0019597507891999178,2.71,12.47,minutes
will,notify,3,0.38,7.98,inf,0.0019597507891999178,2.71,12.47,minutes
will,reinveste,6,1.63,3.68,6.019,0.0029826287954786463,2.53,8.88,minutes
will,strengthen,12,5.39,2.23,2.726,0.008334759258137137,2.08,7.29,minutes
will,warrant,24,14.28,1.68,1.886,0.009498006263822238,2.02,6.58,minutes
will,reinvest,3,0.63,4.79,10.507,0.01610932373682048,1.79,6.28,minutes
will,inform,5,1.75,2.85,3.896,0.023107840774897095,1.64,4.95,minutes
will,be+appropriate,58,45.1,1.29,1.365,0.0406854403873195,1.39,4.15,minutes
will,act,3,1.0,2.99,4.201,0.06759708117572821,1.17,3.22,minutes
will,move,17,11.15,1.52,1.661,0.07398759925422939,1.13,3.14,minutes
will,incorporate,3,1.25,2.39,3.0,0.11995112621392068,0.92,2.12,minutes
will,be+patient,4,2.76,1.45,1.554,0.346396617496029,0.46,0.58,minutes
will,include,3,1.75,1.71,1.908,0.4051920554749236,0.39,0.86,minutes
will,respond,3,1.88,1.6,1.748,0.4218785704701311,0.37,0.67,minutes
will,use,6,5.01,1.2,1.234,0.6297642684107775,0.2,0.21,minutes
will,decline,4,3.51,1.14,1.165,0.7727901268539591,0.11,0.08,minutes
will,weigh,5,5.26,0.95,0.943,1.0,0.0,0.02,minutes
will,reduce,6,7.27,0.83,0.804,0.8413954019280363,-0.07,0.27,minutes
will,be+consistent,5,6.14,0.81,0.792,0.8283012958453626,-0.08,0.26,minutes
will,begin,3,4.89,0.61,0.581,0.47182235689839236,-0.33,0.95,minutes
will,remain,14,18.16,0.77,0.742,0.37370091716619036,-0.43,1.19,minutes
will,rise,6,9.65,0.62,0.587,0.2961675718628095,-0.53,1.81,minutes
will,slow,3,6.14,0.49,0.454,0.274204231797858,-0.56,2.22,minutes
will,allow,3,5.89,0.51,0.474,0.2691179987543567,-0.57,1.94,minutes
will,require,3,6.01,0.5,0.464,0.2709653358928368,-0.57,2.08,minutes
will,increase,13,20.67,0.63,0.591,0.07364933059391456,-1.13,3.76,minutes
will,have,4,10.27,0.39,0.355,0.04159247313130313,-1.38,5.58,minutes
will,hold,7,14.53,0.48,0.444,0.03286908214574285,-1.48,5.46,minutes
will,need,3,10.9,0.28,0.247,0.008008048550422494,-2.1,8.93,minutes
will,help,3,25.18,0.12,0.103,1.3866945313115976e-08,-7.86,34.93,minutes
would,be+prepared,97,48.71,1.99,inf,7.083545340470264e-30,29.15,134.96,minutes
would,hold,104,58.25,1.79,8.82,1.1078732171684568e-19,18.96,84.05,minutes
would,need,77,43.69,1.76,7.78,4.4971944558697584e-14,13.35,58.59,minutes
would,remain,116,72.82,1.59,4.065,9.952891453535851e-14,13.0,56.21,minutes
would,be+appropriate,247,180.79,1.37,2.254,5.337779968642448e-13,12.27,52.54,minutes
would,be+important,52,27.62,1.88,17.422,1.3337610153676449e-12,11.87,52.87,minutes
would,expect,50,27.12,1.84,12.553,3.3469597448198647e-11,10.48,46.24,minutes
would,depend,117,80.35,1.46,2.755,2.97752044047322e-09,8.53,35.69,minutes
would,be+consistent,41,24.61,1.67,5.128,1.8397009482060937e-06,5.74,24.18,minutes
would,allow,38,23.6,1.61,4.22,2.3670686475981534e-05,4.63,19.11,minutes
would,be+prudent,16,8.04,1.99,inf,3.0072965938861675e-05,4.52,22.08,minutes
would,expand,83,62.27,1.33,2.031,0.00018236543453311276,3.74,14.39,minutes
would,return,25,15.07,1.66,4.984,0.00031728206378449304,3.5,14.44,minutes
would,prefer,11,5.52,1.99,inf,0.0009700199474055825,3.01,15.17,minutes
would,tend,13,7.03,1.85,12.93,0.0018161757527488664,2.74,12.12,minutes
would,be+case,10,5.02,1.99,inf,0.0019424138591385503,2.71,13.79,minutes
would,be+desirable,10,5.02,1.99,inf,0.0019424138591385503,2.71,13.79,minutes
would,be+feasible,9,4.52,1.99,inf,0.0038891049672422975,2.41,12.41,minutes
would,be+necessary,14,8.04,1.74,6.962,0.004146566032699282,2.38,10.04,minutes
would,diminish,14,8.04,1.74,6.962,0.004146566032699282,2.38,10.04,minutes
would,continue,261,231.51,1.13,1.317,0.005160326352657049,2.29,8.1,minutes
would,manifest,8,4.02,1.99,inf,0.007785820335436829,2.11,11.03,minutes
would,stabilize,18,11.55,1.56,3.582,0.010516509416618984,1.98,7.71,minutes
would,rise,50,38.67,1.29,1.848,0.011286196379775005,1.95,6.85,minutes
would,reach,13,8.04,1.62,4.308,0.021148846983638888,1.67,6.66,minutes
would,show,9,5.02,1.79,8.942,0.02140932494017604,1.67,7.3,minutes
would,require,32,24.11,1.33,1.991,0.028836764904189058,1.54,5.33,minutes
would,be+costly,6,3.01,1.99,inf,0.03119279837642169,1.51,8.27,minutes
would,be+objective,6,3.01,1.99,inf,0.03119279837642169,1.51,8.27,minutes
would,enact,6,3.01,1.99,inf,0.03119279837642169,1.51,8.27,minutes
would,strengthen,29,21.59,1.34,2.062,0.031098825373643404,1.51,5.24,minutes
would,move,55,44.69,1.23,1.613,0.03246530036688765,1.49,4.88,minutes
would,be+close,5,2.51,1.99,inf,0.0624237174251467,1.2,6.89,minutes
would,be+flat,5,2.51,1.99,inf,0.0624237174251467,1.2,6.89,minutes
would,be+likely,5,2.51,1.99,inf,0.0624237174251467,1.2,6.89,minutes
would,be+useful,17,12.05,1.41,2.414,0.06352951701528287,1.2,4.22,minutes
would,cease,5,2.51,1.99,inf,0.0624237174251467,1.2,6.89,minutes
would,outpace,5,2.51,1.99,inf,0.0624237174251467,1.2,6.89,minutes
would,announce,9,5.52,1.63,4.47,0.06525269877686118,1.19,4.76,minutes
would,follow,9,5.52,1.63,4.47,0.06525269877686118,1.19,4.76,minutes
would,exceed,7,4.02,1.74,6.951,0.07017900551096834,1.15,5.01,minutes
would,release,7,4.02,1.74,6.951,0.07017900551096834,1.15,5.01,minutes
would,ease,10,6.53,1.53,3.311,0.09202945983072167,1.04,3.92,minutes
would,fall,10,6.53,1.53,3.311,0.09202945983072167,1.04,3.92,minutes
would,run,13,9.04,1.44,2.583,0.09588935989873448,1.02,3.62,minutes
would,bring,8,5.02,1.59,3.972,0.10916041664426117,0.96,3.81,minutes
would,align,4,2.01,1.99,inf,0.12490844991458196,0.9,5.51,minutes
would,balance,4,2.01,1.99,inf,0.12490844991458196,0.9,5.51,minutes
would,be+percent,4,2.01,1.99,inf,0.12490844991458196,0.9,5.51,minutes
would,be+transitory,4,2.01,1.99,inf,0.12490844991458196,0.9,5.51,minutes
would,grow,6,3.52,1.71,5.956,0.1248397777406822,0.9,3.92,minutes
would,weigh,26,21.09,1.23,1.615,0.1630666223640518,0.79,2.33,minutes
would,leave,7,4.52,1.55,3.474,0.1794471233158818,0.75,2.9,minutes
would,abate,5,3.01,1.66,4.962,0.21857831266877173,0.66,2.88,minutes
would,be+accommodative,5,3.01,1.66,4.962,0.21857831266877173,0.66,2.88,minutes
would,concern,5,3.01,1.66,4.962,0.21857831266877173,0.66,2.88,minutes
would,moderate,5,3.01,1.66,4.962,0.21857831266877173,0.66,2.88,minutes
would,support,35,30.13,1.16,1.392,0.24332440275355427,0.61,1.6,minutes
would,be+available,3,1.51,1.99,inf,0.24990844441678492,0.6,4.13,minutes
would,be+careful,3,1.51,1.99,inf,0.24990844441678492,0.6,4.13,minutes
would,be+flexible,3,1.51,1.99,inf,0.24990844441678492,0.6,4.13,minutes
would,be+unlikely,3,1.51,1.99,inf,0.24990844441678492,0.6,4.13,minutes
would,be+valuable,3,1.51,1.99,inf,0.24990844441678492,0.6,4.13,minutes
would,bounce,3,1.51,1.99,inf,0.24990844441678492,0.6,4.13,minutes
would,contain,3,1.51,1.99,inf,0.24990844441678492,0.6,4.13,minutes
would,dissipate,3,1.51,1.99,inf,0.24990844441678492,0.6,4.13,minutes
would,eliminate,3,1.51,1.99,inf,0.24990844441678492,0.6,4.13,minutes
would,illustrate,3,1.51,1.99,inf,0.24990844441678492,0.6,4.13,minutes
would,involve,3,1.51,1.99,inf,0.24990844441678492,0.6,4.13,minutes
would,offset,3,1.51,1.99,inf,0.24990844441678492,0.6,4.13,minutes
would,position,3,1.51,1.99,inf,0.24990844441678492,0.6,4.13,minutes
would,publish,3,1.51,1.99,inf,0.24990844441678492,0.6,4.13,minutes
would,recede,3,1.51,1.99,inf,0.24990844441678492,0.6,4.13,minutes
would,reverse,3,1.51,1.99,inf,0.24990844441678492,0.6,4.13,minutes
would,imply,6,4.02,1.49,2.977,0.2888220944298236,0.54,2.06,minutes
would,pass,6,4.02,1.49,2.977,0.2888220944298236,0.54,2.06,minutes
would,influence,11,8.54,1.29,1.82,0.33179828916349086,0.48,1.45,minutes
would,be+helpful,18,15.07,1.19,1.489,0.360708000852734,0.44,1.16,minutes
would,be+time,4,2.51,1.59,3.968,0.37484737987232297,0.43,1.9,minutes
would,be+tool,4,2.51,1.59,3.968,0.37484737987232297,0.43,1.9,minutes
would,bolster,4,2.51,1.59,3.968,0.37484737987232297,0.43,1.9,minutes
would,enable,4,2.51,1.59,3.968,0.37484737987232297,0.43,1.9,minutes
would,pick,4,2.51,1.59,3.968,0.37484737987232297,0.43,1.9,minutes
would,say,4,2.51,1.59,3.968,0.37484737987232297,0.43,1.9,minutes
would,end,8,6.03,1.33,1.985,0.38734101590525516,0.41,1.33,minutes
would,be+able,5,3.52,1.42,2.48,0.45292464998899545,0.34,1.3,minutes
would,be+dependent,5,3.52,1.42,2.48,0.45292464998899545,0.34,1.3,minutes
would,benefit,5,3.52,1.42,2.48,0.45292464998899545,0.34,1.3,minutes
would,conduct,10,8.04,1.24,1.654,0.45405033799336647,0.34,0.98,minutes
would,weaken,7,5.52,1.27,1.736,0.5485525444195838,0.26,0.8,minutes
would,slow,27,24.61,1.1,1.218,0.5670040458124956,0.25,0.47,minutes
would,decline,16,14.06,1.14,1.323,0.5709227269708352,0.24,0.54,minutes
would,be+inconsistent,3,2.01,1.49,2.976,0.6249084279233938,0.2,1.03,minutes
would,direct,3,2.01,1.49,2.976,0.6249084279233938,0.2,1.03,minutes
would,evaluate,3,2.01,1.49,2.976,0.6249084279233938,0.2,1.03,minutes
would,fade,3,2.01,1.49,2.976,0.6249084279233938,0.2,1.03,minutes
would,stay,3,2.01,1.49,2.976,0.6249084279233938,0.2,1.03,minutes
would,accompany,4,3.01,1.33,1.984,0.6873855142794261,0.16,0.66,minutes
would,be+slower,4,3.01,1.33,1.984,0.6873855142794261,0.16,0.66,minutes
would,be+temporary,4,3.01,1.33,1.984,0.6873855142794261,0.16,0.66,minutes
would,prepare,4,3.01,1.33,1.984,0.6873855142794261,0.16,0.66,minutes
would,prevail,4,3.01,1.33,1.984,0.6873855142794261,0.16,0.66,minutes
would,rebound,4,3.01,1.33,1.984,0.6873855142794261,0.16,0.66,minutes
would,represent,4,3.01,1.33,1.984,0.6873855142794261,0.16,0.66,minutes
would,act,5,4.02,1.24,1.653,0.7264289092542817,0.14,0.49,minutes
would,issue,5,4.02,1.24,1.653,0.7264289092542817,0.14,0.49,minutes
would,meet,5,4.02,1.24,1.653,0.7264289092542817,0.14,0.49,minutes
would,suggest,5,4.02,1.24,1.653,0.7264289092542817,0.14,0.49,minutes
would,sustain,5,4.02,1.24,1.653,0.7264289092542817,0.14,0.49,minutes
would,begin,21,19.59,1.07,1.157,0.7486751610592339,0.13,0.21,minutes
would,inform,8,7.03,1.14,1.322,0.7903481517671687,0.1,0.27,minutes
would,adjust,5,5.02,1.0,0.991,1.0,0.0,0.0,minutes
would,associate,8,8.04,1.0,0.991,1.0,0.0,0.0,minutes
would,be+higher,3,2.51,1.19,1.487,1.0,-0.0,0.19,minutes
would,be+part,3,2.51,1.19,1.487,1.0,-0.0,0.19,minutes
would,be+persistent,4,3.52,1.14,1.322,1.0,-0.0,0.13,minutes
would,be+smaller,3,2.51,1.19,1.487,1.0,-0.0,0.19,minutes
would,call,3,2.51,1.19,1.487,1.0,-0.0,0.19,minutes
would,complete,3,3.01,1.0,0.991,1.0,0.0,0.0,minutes
would,complicate,5,4.52,1.11,1.239,1.0,-0.0,0.1,minutes
would,convey,7,6.53,1.07,1.157,1.0,-0.0,0.07,minutes
would,determine,10,9.54,1.05,1.102,1.0,-0.0,0.04,minutes
would,enhance,6,5.52,1.09,1.19,1.0,-0.0,0.08,minutes
would,enter,3,2.51,1.19,1.487,1.0,-0.0,0.19,minutes
would,guide,5,4.52,1.11,1.239,1.0,-0.0,0.1,minutes
would,implement,7,6.53,1.07,1.157,1.0,-0.0,0.07,minutes
would,make,23,23.1,1.0,0.991,1.0,0.0,0.0,minutes
would,occur,18,17.58,1.02,1.05,1.0,-0.0,0.02,minutes
would,persist,9,9.04,1.0,0.991,1.0,0.0,0.0,minutes
would,reinveste,7,6.53,1.07,1.157,1.0,-0.0,0.07,minutes
would,remove,3,3.01,1.0,0.991,1.0,0.0,0.0,minutes
would,report,3,3.01,1.0,0.991,1.0,0.0,0.0,minutes
would,resume,4,3.52,1.14,1.322,1.0,-0.0,0.13,minutes
would,set,6,6.03,1.0,0.991,1.0,0.0,0.0,minutes
would,turn,6,6.03,1.0,0.991,1.0,0.0,0.0,minutes
would,update,4,4.02,1.0,0.991,1.0,0.0,0.0,minutes
would,maintain,13,13.56,0.96,0.92,0.8496586231013509,-0.07,0.05,minutes
would,limit,8,8.54,0.94,0.881,0.8135334523685619,-0.09,0.07,minutes
would,improve,4,4.52,0.89,0.793,0.7527068958303657,-0.12,0.12,minutes
would,be,3,3.52,0.85,0.743,0.7252637853584312,-0.14,0.15,minutes
would,discuss,3,3.52,0.85,0.743,0.7252637853584312,-0.14,0.15,minutes
would,proceed,3,3.52,0.85,0.743,0.7252637853584312,-0.14,0.15,minutes
would,put,15,16.07,0.93,0.874,0.7266724298121086,-0.14,0.14,minutes
would,start,3,3.52,0.85,0.743,0.7252637853584312,-0.14,0.15,minutes
would,evolve,23,24.61,0.93,0.876,0.6695228016539508,-0.17,0.21,minutes
would,give,6,7.03,0.85,0.743,0.6053388854397946,-0.22,0.31,minutes
would,promote,6,7.03,0.85,0.743,0.6053388854397946,-0.22,0.31,minutes
would,add,15,17.07,0.88,0.782,0.4967847940180424,-0.3,0.51,minutes
would,avoid,3,4.02,0.75,0.594,0.5057078384243462,-0.3,0.52,minutes
would,be+larger,3,4.02,0.75,0.594,0.5057078384243462,-0.3,0.52,minutes
would,signal,3,4.02,0.75,0.594,0.5057078384243462,-0.3,0.52,minutes
would,provide,45,48.71,0.92,0.856,0.47513371627193274,-0.32,0.58,minutes
would,aim,9,11.05,0.81,0.685,0.402180537133789,-0.4,0.77,minutes
would,extend,4,5.52,0.72,0.566,0.3852806856573426,-0.41,0.86,minutes
would,communicate,8,10.04,0.8,0.66,0.3806426863117775,-0.42,0.84,minutes
would,achieve,3,4.52,0.66,0.495,0.341352499859227,-0.47,1.05,minutes
would,be+factor,3,4.52,0.66,0.495,0.341352499859227,-0.47,1.05,minutes
would,be+gradual,3,4.52,0.66,0.495,0.341352499859227,-0.47,1.05,minutes
would,exacerbate,5,7.03,0.71,0.55,0.2992264896478752,-0.52,1.2,minutes
would,play,5,7.03,0.71,0.55,0.2992264896478752,-0.52,1.2,minutes
would,reduce,25,29.13,0.86,0.749,0.2937685760885066,-0.53,1.19,minutes
would,have,36,41.18,0.87,0.773,0.2677615576367268,-0.57,1.33,minutes
would,address,3,5.02,0.6,0.424,0.2242511204370923,-0.65,1.68,minutes
would,come,3,5.02,0.6,0.424,0.2242511204370923,-0.65,1.68,minutes
would,shift,3,5.02,0.6,0.424,0.2242511204370923,-0.65,1.68,minutes
would,respond,5,7.53,0.66,0.495,0.20771329647067413,-0.68,1.75,minutes
would,raise,7,10.04,0.7,0.533,0.18678760965506525,-0.73,1.89,minutes
would,be+difficult,3,5.52,0.54,0.371,0.14398590580866324,-0.84,2.41,minutes
would,damp,5,8.04,0.62,0.45,0.14134499115182703,-0.85,2.36,minutes
would,indicate,5,8.04,0.62,0.45,0.14134499115182703,-0.85,2.36,minutes
would,result,41,48.71,0.84,0.723,0.12536187331978063,-0.9,2.5,minutes
would,include,4,7.03,0.57,0.396,0.11657306364381746,-0.93,2.71,minutes
would,help,89,100.94,0.88,0.782,0.09958279711070708,-1.0,2.93,minutes
would,approve,3,6.03,0.5,0.33,0.09065813716905421,-1.04,3.2,minutes
would,be+lower,8,12.55,0.64,0.465,0.07382448558841051,-1.13,3.4,minutes
would,boost,5,9.04,0.55,0.38,0.062153106854036855,-1.21,3.76,minutes
would,cause,3,6.53,0.46,0.297,0.05612507566104917,-1.25,4.05,minutes
would,consider,8,13.06,0.61,0.439,0.05086648705317964,-1.29,4.05,minutes
would,change,4,8.04,0.5,0.33,0.04786698898240625,-1.32,4.27,minutes
would,assess,52,63.78,0.82,0.683,0.03919845864539388,-1.41,4.47,minutes
would,restrain,4,8.54,0.47,0.304,0.030010428688655888,-1.52,5.11,minutes
would,edge,7,13.06,0.54,0.364,0.01846556327376295,-1.73,5.88,minutes
would,take,124,143.63,0.86,0.75,0.018541422710803834,-1.73,5.63,minutes
would,use,12,20.09,0.6,0.423,0.010962421136384936,-1.96,6.76,minutes
would,monitor,21,31.14,0.67,0.505,0.010501482175253497,-1.98,6.8,minutes
would,warrant,43,57.25,0.75,0.595,0.007997479074719883,-2.1,7.31,minutes
would,keep,6,13.06,0.46,0.296,0.005642996984417236,-2.25,8.1,minutes
would,prove,14,23.6,0.59,0.418,0.005187628754877447,-2.29,8.12,minutes
would,be+patient,4,11.05,0.36,0.219,0.002462350609185256,-2.61,9.79,minutes
would,reflect,7,16.07,0.44,0.276,0.001231407774442723,-2.91,10.95,minutes
would,pose,8,20.09,0.4,0.246,0.00010115299220889039,-4.0,15.71,minutes
would,contribute,10,24.11,0.41,0.259,3.3899767794066954e-05,-4.47,17.77,minutes
would,become,16,32.64,0.49,0.321,2.8688766841405215e-05,-4.54,18.01,minutes
would,increase,55,82.86,0.66,0.488,1.2427459025674236e-05,-4.91,19.62,minutes
would,affect,21,42.69,0.49,0.321,1.7272062900881227e-06,-5.76,23.44,minutes
would,lead,15,45.2,0.33,0.195,3.608806373666725e-11,-10.44,44.71,minutes
would,impede,9,57.75,0.16,0.082,7.31548849108126e-23,-22.14,98.51,minutes
can,everything,54,8.29,6.52,312.854,1.042755719080344e-43,42.98,195.99,press_conf
can,do,178,68.71,2.59,3.865,3.6043678755763862e-37,36.44,161.98,press_conf
can,give,68,22.15,3.07,4.988,1.6630999543779125e-19,18.78,81.51,press_conf
can,tell,57,18.38,3.1,5.059,8.169092027617459e-17,16.09,69.29,press_conf
can,speak,21,4.37,4.81,14.944,6.287482725583687e-12,11.2,48.11,press_conf
can,afford,13,1.96,6.64,inf,1.9945604503676778e-11,10.7,49.28,press_conf
can,can,13,1.96,6.64,inf,1.9945604503676778e-11,10.7,49.28,press_conf
can,identify,9,1.51,5.97,50.959,3.4081857203424185e-07,6.47,27.93,press_conf
can,see,101,62.83,1.61,1.845,6.378781505158996e-07,6.2,24.71,press_conf
can,affect,33,14.31,2.31,3.034,1.6738381992839735e-06,5.78,22.67,press_conf
can,clearly,8,1.36,5.9,45.274,2.0466022358887677e-06,5.69,24.36,press_conf
can,maintain,10,2.11,4.74,14.159,3.2971063119172116e-06,5.48,22.45,press_conf
can,find,18,6.18,2.91,4.443,9.20395148352149e-06,5.04,19.5,press_conf
can,control,6,0.9,6.64,inf,1.1624376567924498e-05,4.93,22.73,press_conf
can,good,6,0.9,6.64,inf,1.1624376567924498e-05,4.93,22.73,press_conf
can,grant,6,0.9,6.64,inf,1.1624376567924498e-05,4.93,22.73,press_conf
can,address,14,4.37,3.2,5.291,2.4518638245172643e-05,4.61,17.78,press_conf
can,be+specific,6,1.05,5.69,33.921,7.088890527676635e-05,4.15,17.31,press_conf
can,hear,8,1.81,4.42,11.316,7.336744228190595e-05,4.13,16.34,press_conf
can,explain,20,8.29,2.41,3.244,8.161658817148946e-05,4.09,15.12,press_conf
can,talk,32,16.27,1.97,2.396,0.00011142272109787875,3.95,14.84,press_conf
can,fast,5,0.9,5.53,28.254,0.00040577674037635186,3.39,13.86,press_conf
can,well,5,0.9,5.53,28.254,0.00040577674037635186,3.39,13.86,press_conf
can,protect,4,0.6,6.64,inf,0.0005140298543800749,3.29,15.15,press_conf
can,walk,8,2.26,3.54,6.464,0.0006233886379429643,3.21,11.86,press_conf
can,rule,6,1.36,4.42,11.305,0.0006464973015629258,3.19,12.25,press_conf
can,think,37,21.85,1.69,1.949,0.0009592923393061218,3.02,10.76,press_conf
can,be+patient,7,1.96,3.57,6.596,0.0012941239948377403,2.89,10.53,press_conf
can,handle,7,1.96,3.57,6.596,0.0012941239948377403,2.89,10.53,press_conf
can,imagine,9,3.01,2.99,4.629,0.0013599895292202636,2.87,10.16,press_conf
can,respond,13,5.42,2.4,3.201,0.0015233654618281845,2.82,9.66,press_conf
can,get,36,21.7,1.66,1.895,0.0020808034528053618,2.68,9.72,press_conf
can,ease,4,0.75,5.31,22.592,0.0022608835230897247,2.65,10.47,press_conf
can,of,4,0.75,5.31,22.592,0.0022608835230897247,2.65,10.47,press_conf
can,dial,3,0.45,6.64,inf,0.0034160113701336495,2.47,11.36,press_conf
can,guarantee,3,0.45,6.64,inf,0.0034160113701336495,2.47,11.36,press_conf
can,manage,3,0.45,6.64,inf,0.0034160113701336495,2.47,11.36,press_conf
can,what,3,0.45,6.64,inf,0.0034160113701336495,2.47,11.36,press_conf
can,hire,4,0.9,4.42,11.295,0.00597109708851647,2.22,8.16,press_conf
can,be+long,3,0.6,4.98,16.935,0.012121955917394373,1.92,7.19,press_conf
can,be+volatile,3,0.6,4.98,16.935,0.012121955917394373,1.92,7.19,press_conf
can,count,3,0.6,4.98,16.935,0.012121955917394373,1.92,7.19,press_conf
can,soften,3,0.6,4.98,16.935,0.012121955917394373,1.92,7.19,press_conf
can,way,3,0.6,4.98,16.935,0.012121955917394373,1.92,7.19,press_conf
can,draw,4,1.05,3.79,7.529,0.012275231435704676,1.91,6.57,press_conf
can,miss,4,1.05,3.79,7.529,0.012275231435704676,1.91,6.57,press_conf
can,clarify,6,2.26,2.65,3.766,0.017107732541004603,1.77,5.47,press_conf
can,achieve,11,5.73,1.92,2.304,0.023144386067404713,1.64,4.75,press_conf
can,avoid,5,1.81,2.77,4.034,0.02429712488069858,1.61,4.92,press_conf
can,share,5,1.81,2.77,4.034,0.02429712488069858,1.61,4.92,press_conf
can,be+clearer,3,0.75,3.98,8.467,0.02691356450885135,1.57,5.28,press_conf
can,be+useful,3,0.75,3.98,8.467,0.02691356450885135,1.57,5.28,press_conf
can,develop,3,0.75,3.98,8.467,0.02691356450885135,1.57,5.28,press_conf
can,observe,3,0.75,3.98,8.467,0.02691356450885135,1.57,5.28,press_conf
can,recall,3,0.75,3.98,8.467,0.02691356450885135,1.57,5.28,press_conf
can,make,39,27.87,1.4,1.516,0.029003532619887654,1.54,4.83,press_conf
can,adjust,14,7.83,1.79,2.084,0.029612837956616823,1.53,4.85,press_conf
can,build,3,0.9,3.32,5.644,0.04785603192918623,1.32,4.02,press_conf
can,deploy,3,0.9,3.32,5.644,0.04785603192918623,1.32,4.02,press_conf
can,tie,3,0.9,3.32,5.644,0.04785603192918623,1.32,4.02,press_conf
can,create,6,2.86,2.1,2.607,0.05457169910877463,1.26,3.26,press_conf
can,remember,4,1.66,2.41,3.226,0.07032329774371945,1.15,3.01,press_conf
can,buy,3,1.05,2.84,4.233,0.07454163229929739,1.13,3.1,press_conf
can,comment,7,3.77,1.86,2.196,0.08752032886352336,1.06,2.73,press_conf
can,bring,8,4.52,1.77,2.054,0.11801073024033555,0.93,2.68,press_conf
can,support,12,7.83,1.53,1.695,0.1181271132860817,0.93,2.32,press_conf
can,let,3,1.36,2.21,2.821,0.14222328079957305,0.85,1.86,press_conf
can,allow,6,3.47,1.73,1.993,0.1439381734708834,0.84,1.87,press_conf
can,pay,6,3.47,1.73,1.993,0.1439381734708834,0.84,1.87,press_conf
can,reduce,6,3.47,1.73,1.993,0.1439381734708834,0.84,1.87,press_conf
can,elaborate,4,2.11,1.9,2.257,0.14818797407078727,0.83,1.66,press_conf
can,factor,4,2.11,1.9,2.257,0.14818797407078727,0.83,1.66,press_conf
can,sustain,4,2.11,1.9,2.257,0.14818797407078727,0.83,1.66,press_conf
can,answer,3,1.51,1.99,2.418,0.18148116483462953,0.74,1.43,press_conf
can,argue,3,1.51,1.99,2.418,0.18148116483462953,0.74,1.43,press_conf
can,hit,3,1.51,1.99,2.418,0.18148116483462953,0.74,1.43,press_conf
can,run,5,3.16,1.58,1.763,0.23220832062423435,0.63,1.1,press_conf
can,ask,11,7.99,1.38,1.479,0.24757686960840453,0.61,1.23,press_conf
can,provide,11,8.14,1.35,1.444,0.2557773510144985,0.59,1.09,press_conf
can,lose,4,2.26,1.77,2.052,0.26551577226849965,0.58,1.34,press_conf
can,assume,4,2.56,1.56,1.736,0.3090636372670472,0.51,0.84,press_conf
can,cut,5,3.62,1.38,1.485,0.39397511868701107,0.4,0.57,press_conf
can,base,3,1.81,1.66,1.88,0.4072202373877125,0.39,0.8,press_conf
can,worry,3,1.81,1.66,1.88,0.4072202373877125,0.39,0.8,press_conf
can,decide,3,2.11,1.42,1.538,0.45635323448990206,0.34,0.4,press_conf
can,grow,3,2.11,1.42,1.538,0.45635323448990206,0.34,0.4,press_conf
can,lower,3,2.11,1.42,1.538,0.45635323448990206,0.34,0.4,press_conf
can,increase,4,2.86,1.4,1.504,0.5149888405806734,0.29,0.48,press_conf
can,wait,4,3.16,1.26,1.327,0.5450238021996412,0.26,0.24,press_conf
can,be+case,4,3.31,1.21,1.253,0.5631165140806549,0.25,0.16,press_conf
can,react,4,3.31,1.21,1.253,0.5631165140806549,0.25,0.16,press_conf
can,hold,6,4.82,1.24,1.302,0.6179487673118857,0.21,0.32,press_conf
can,look,52,49.42,1.05,1.064,0.6958139296933212,0.16,0.16,press_conf
can,meet,3,2.41,1.24,1.301,0.7229803583469123,0.14,0.16,press_conf
can,strengthen,3,2.41,1.24,1.301,0.7229803583469123,0.14,0.16,press_conf
can,raise,7,6.78,1.03,1.039,0.8364575478495526,0.08,0.01,press_conf
can,know,15,14.46,1.04,1.044,0.8859502440258995,0.05,0.02,press_conf
can,begin,6,6.18,0.97,0.966,1.0,0.0,0.01,press_conf
can,change,11,11.0,1.0,1.0,1.0,-0.0,0.0,press_conf
can,characterize,5,5.73,0.87,0.854,1.0,0.0,0.11,press_conf
can,follow,17,17.18,0.99,0.988,1.0,0.0,0.0,press_conf
can,happen,20,20.64,0.97,0.963,1.0,0.0,0.02,press_conf
can,lead,6,6.78,0.88,0.867,1.0,0.0,0.11,press_conf
can,play,3,3.16,0.95,0.939,1.0,0.0,0.01,press_conf
can,reach,3,3.47,0.87,0.845,1.0,0.0,0.08,press_conf
can,return,3,3.16,0.95,0.939,1.0,0.0,0.01,press_conf
can,stop,3,3.47,0.87,0.845,1.0,0.0,0.08,press_conf
can,try,5,5.57,0.9,0.88,1.0,0.0,0.07,press_conf
can,describe,3,4.07,0.74,0.704,0.7883685240848605,-0.1,0.36,press_conf
can,keep,6,8.14,0.74,0.704,0.5664355082657323,-0.25,0.72,press_conf
can,help,13,15.97,0.81,0.787,0.496037890334676,-0.3,0.69,press_conf
can,point,10,13.11,0.76,0.731,0.45126936634461007,-0.35,0.94,press_conf
can,work,5,7.38,0.68,0.64,0.4264692918834524,-0.37,1.01,press_conf
can,cause,4,6.48,0.62,0.577,0.3931912010925556,-0.41,1.27,press_conf
can,put,7,10.09,0.69,0.656,0.3905184359022644,-0.41,1.24,press_conf
can,use,9,12.96,0.69,0.657,0.28921684799197417,-0.54,1.57,press_conf
can,start,7,10.85,0.65,0.606,0.2480205576663208,-0.61,1.81,press_conf
can,move,15,20.94,0.72,0.679,0.18892156016546854,-0.72,2.19,press_conf
can,remain,3,7.83,0.38,0.344,0.07710366912641306,-1.11,4.43,press_conf
can,go,25,35.56,0.7,0.664,0.05365150112333314,-1.27,4.12,press_conf
can,have,57,74.43,0.77,0.727,0.0247619337068906,-1.61,5.34,press_conf
can,expect,11,20.94,0.53,0.482,0.016513847694505472,-1.78,6.59,press_conf
can,take,33,50.62,0.65,0.607,0.005315691235706286,-2.27,8.26,press_conf
can,come,11,23.35,0.47,0.427,0.0032258755582029505,-2.49,9.36,press_conf
can,continue,18,44.6,0.4,0.359,2.1905784165444193e-06,-5.66,23.68,press_conf
can,be,17,48.06,0.35,0.311,5.003718744176887e-08,-7.3,30.81,press_conf
can,say,82,139.52,0.59,0.528,7.075108740824633e-09,-8.15,34.07,press_conf
could,follow,80,10.45,7.66,24.891,4.9132699730636096e-57,56.31,254.44,press_conf
could,talk,58,9.9,5.86,12.021,3.7218992087875776e-32,31.43,139.82,press_conf
could,impede,8,0.73,10.91,inf,4.88396443590475e-09,8.31,38.28,press_conf
could,elaborate,10,1.28,7.79,24.969,2.8728351174664355e-08,7.54,31.88,press_conf
could,explain,20,5.04,3.97,5.74,3.334393143960758e-08,7.48,30.41,press_conf
could,weaken,10,1.38,7.27,19.973,7.907627076092199e-08,7.1,29.72,press_conf
could,give,33,13.48,2.45,2.921,9.718905936014982e-07,6.01,23.42,press_conf
could,result,9,1.38,6.55,14.966,1.335053882384856e-06,5.87,24.03,press_conf
could,pose,6,0.64,9.35,59.741,3.7867236354141677e-06,5.42,23.15,press_conf
could,break,6,0.73,8.18,29.868,1.3964079416930935e-05,4.85,20.09,press_conf
could,comment,10,2.29,4.36,6.652,3.6528989440290876e-05,4.44,17.08,press_conf
could,could,4,0.37,10.91,inf,7.030696060767629e-05,4.15,19.13,press_conf
could,hinder,4,0.37,10.91,inf,7.030696060767629e-05,4.15,19.13,press_conf
could,undermine,6,0.92,6.55,14.932,8.905192622999496e-05,4.05,16.01,press_conf
could,lead,13,4.13,3.15,4.058,0.0001356013794265119,3.87,14.25,press_conf
could,clarify,7,1.38,5.09,8.714,0.00017777902251549466,3.75,14.29,press_conf
could,mean,12,3.85,3.12,3.993,0.00027363988051871334,3.56,12.92,press_conf
could,cause,12,3.94,3.04,3.864,0.00034828787734518177,3.46,12.45,press_conf
could,describe,9,2.48,3.64,4.984,0.00045314062894201456,3.34,12.14,press_conf
could,spend,6,1.19,5.03,8.53,0.0005712056083422984,3.24,12.1,press_conf
could,be+disruptive,3,0.28,10.91,inf,0.0007686661747826844,3.11,14.34,press_conf
could,be+store,3,0.28,10.91,inf,0.0007686661747826844,3.11,14.34,press_conf
could,drag,3,0.28,10.91,inf,0.0007686661747826844,3.11,14.34,press_conf
could,walk,6,1.38,4.36,6.633,0.001418807995448112,2.85,10.23,press_conf
could,aid,3,0.37,8.18,29.797,0.0028637438173077082,2.54,10.04,press_conf
could,detail,3,0.37,8.18,29.797,0.0028637438173077082,2.54,10.04,press_conf
could,force,5,1.1,4.55,7.103,0.0029361424812482874,2.53,8.95,press_conf
could,expand,6,1.56,3.85,5.427,0.0029897126490445454,2.52,8.73,press_conf
could,affect,18,8.71,2.07,2.336,0.0033601726121730542,2.47,8.67,press_conf
could,boost,4,0.73,5.45,9.938,0.003638015407104296,2.44,8.8,press_conf
could,risk,4,0.73,5.45,9.938,0.003638015407104296,2.44,8.8,press_conf
could,create,6,1.74,3.44,4.591,0.005589268017944155,2.25,7.49,press_conf
could,ask,11,4.86,2.26,2.61,0.007669639624148608,2.12,6.55,press_conf
could,be+lived,3,0.55,5.45,9.931,0.012434973149904488,1.91,6.6,press_conf
could,be+table,3,0.55,5.45,9.931,0.012434973149904488,1.91,6.6,press_conf
could,speak,7,2.66,2.63,3.165,0.013814035858752774,1.86,5.65,press_conf
could,be+persistent,5,1.65,3.03,3.823,0.0199840954229341,1.7,5.14,press_conf
could,hurt,3,0.73,4.09,5.957,0.030281940130955882,1.52,4.72,press_conf
could,last,3,0.73,4.09,5.957,0.030281940130955882,1.52,4.72,press_conf
could,change,12,6.69,1.79,1.959,0.04011659838413385,1.4,3.86,press_conf
could,address,6,2.66,2.26,2.593,0.04461243208511365,1.35,3.54,press_conf
could,slow,5,2.02,2.48,2.922,0.04530280491023417,1.34,3.59,press_conf
could,be+reason,3,0.92,3.27,4.255,0.056521971626869456,1.25,3.47,press_conf
could,cut,5,2.2,2.27,2.614,0.06288793484059822,1.2,2.99,press_conf
could,come,21,14.21,1.48,1.563,0.06725486269755955,1.17,3.2,press_conf
could,contribute,3,1.1,2.73,3.309,0.09040197716688239,1.04,2.58,press_conf
could,fall,3,1.1,2.73,3.309,0.09040197716688239,1.04,2.58,press_conf
could,share,3,1.1,2.73,3.309,0.09040197716688239,1.04,2.58,press_conf
could,wind,3,1.1,2.73,3.309,0.09040197716688239,1.04,2.58,press_conf
could,warrant,7,3.76,1.86,2.046,0.09613018412174734,1.02,2.52,press_conf
could,handle,3,1.19,2.52,2.977,0.10983515179244507,0.96,2.22,press_conf
could,push,3,1.19,2.52,2.977,0.10983515179244507,0.96,2.22,press_conf
could,end,3,1.28,2.34,2.707,0.1306993842845824,0.88,1.91,press_conf
could,put,10,6.14,1.63,1.744,0.13121616606268255,0.88,2.3,press_conf
could,happen,18,12.56,1.43,1.506,0.13384451492331648,0.87,2.34,press_conf
could,reach,4,2.11,1.9,2.09,0.15430711626927504,0.81,1.52,press_conf
could,discuss,3,1.47,2.05,2.29,0.17599215236527563,0.75,1.4,press_conf
could,reflect,3,1.74,1.72,1.86,0.2501558794335808,0.6,0.84,press_conf
could,use,11,7.88,1.4,1.457,0.256787254891242,0.59,1.23,press_conf
could,see,44,38.23,1.15,1.175,0.30164803573977633,0.52,0.95,press_conf
could,imagine,3,1.83,1.64,1.75,0.42182013323432654,0.37,0.7,press_conf
could,stay,3,1.93,1.56,1.653,0.4343690217093235,0.36,0.57,press_conf
could,weigh,3,2.11,1.42,1.487,0.46323170648100376,0.33,0.37,press_conf
could,include,3,2.2,1.36,1.417,0.47909328082670116,0.32,0.29,press_conf
could,tell,13,11.18,1.16,1.184,0.5285237539020047,0.28,0.31,press_conf
could,turn,4,2.84,1.41,1.469,0.524617916295358,0.28,0.47,press_conf
could,raise,5,4.13,1.21,1.24,0.6026186460501785,0.22,0.19,press_conf
could,get,14,13.2,1.06,1.068,0.7715400857813346,0.11,0.05,press_conf
could,help,10,9.72,1.03,1.032,0.8658515222662655,0.06,0.01,press_conf
could,become,3,3.03,0.99,0.991,1.0,0.0,0.0,press_conf
could,find,3,3.76,0.8,0.782,1.0,0.0,0.18,press_conf
could,support,4,4.77,0.84,0.825,1.0,0.0,0.14,press_conf
could,be,28,29.24,0.96,0.952,0.9216727207263622,-0.04,0.06,press_conf
could,provide,4,4.95,0.81,0.792,0.8154967250551983,-0.09,0.21,press_conf
could,make,15,16.96,0.88,0.873,0.7010996631824709,-0.15,0.26,press_conf
could,go,19,21.63,0.88,0.865,0.6485973065514832,-0.19,0.37,press_conf
could,point,6,7.98,0.75,0.733,0.5773982543639706,-0.24,0.59,press_conf
could,have,38,45.29,0.84,0.82,0.2664002400159384,-0.57,1.41,press_conf
could,move,7,12.74,0.55,0.523,0.10280337247593008,-0.99,3.39,press_conf
could,think,5,13.29,0.38,0.351,0.013029264008672242,-1.89,7.38,press_conf
could,do,25,41.8,0.6,0.566,0.004791638423493116,-2.32,8.84,press_conf
could,be+appropriate,6,16.32,0.37,0.342,0.003817651837521305,-2.42,9.37,press_conf
could,take,15,30.8,0.49,0.456,0.0014716286401145618,-2.83,11.05,press_conf
could,continue,7,27.14,0.26,0.236,3.30934618650842e-06,-5.48,23.15,press_conf
could,look,6,30.07,0.2,0.181,5.72283402729828e-08,-7.24,31.23,press_conf
could,say,16,84.89,0.19,0.163,7.536271449184672e-22,-21.12,94.42,press_conf
may,be,40,14.04,2.85,3.269,2.070175847967994e-09,8.68,35.36,press_conf
may,be+answer,6,0.26,22.72,inf,7.0993125312840294e-09,8.15,37.54,press_conf
may,be+difficult,7,0.44,15.9,51.277,3.30525766789772e-08,7.48,31.85,press_conf
may,need,20,5.9,3.39,3.91,1.58285871611177e-06,5.8,22.61,press_conf
may,be+appropriate,22,7.84,2.81,3.144,1.156217034611383e-05,4.94,18.68,press_conf
may,warrant,9,1.8,4.99,6.188,5.774514984703639e-05,4.24,16.03,press_conf
may,may,3,0.13,22.72,inf,8.488535077358377e-05,4.07,18.75,press_conf
may,be+factor,5,0.53,9.47,15.638,9.943792383674218e-05,4.0,15.6,press_conf
may,be+different,5,0.57,8.74,13.682,0.0001557504694963654,3.81,14.66,press_conf
may,delay,3,0.18,17.04,65.482,0.0003283864738846426,3.48,14.34,press_conf
may,be+part,5,0.7,7.1,9.948,0.00047349081359664396,3.32,12.38,press_conf
may,be+difference,3,0.22,13.63,32.738,0.0007940545065512934,3.1,12.2,press_conf
may,experience,3,0.22,13.63,32.738,0.0007940545065512934,3.1,12.2,press_conf
may,question,3,0.22,13.63,32.738,0.0007940545065512934,3.1,12.2,press_conf
may,restrain,3,0.22,13.63,32.738,0.0007940545065512934,3.1,12.2,press_conf
may,be+that,4,0.53,7.57,10.926,0.0013863452172934265,2.86,10.45,press_conf
may,be+effect,5,0.88,5.68,7.293,0.001451989634207019,2.84,10.12,press_conf
may,be+time,4,0.79,5.05,6.241,0.006945229079115543,2.16,7.19,press_conf
may,prove,3,0.44,6.81,9.35,0.008075205332459421,2.09,7.16,press_conf
may,reflect,4,0.84,4.78,5.824,0.008496098313786483,2.07,6.8,press_conf
may,come,14,6.82,2.05,2.185,0.009384420961777714,2.03,6.22,press_conf
may,take,25,14.79,1.69,1.779,0.009878471303068818,2.01,6.35,press_conf
may,turn,5,1.36,3.66,4.204,0.010682126188162855,1.97,6.2,press_conf
may,be+something,5,1.41,3.55,4.048,0.012213155211958088,1.91,5.95,press_conf
may,play,4,0.92,4.33,5.138,0.01223820944484141,1.91,6.08,press_conf
may,face,3,0.53,5.68,7.271,0.013863739977340538,1.86,6.06,press_conf
may,change,8,3.21,2.49,2.696,0.014609117007648975,1.84,5.4,press_conf
may,slow,4,0.97,4.13,4.852,0.014448268691108285,1.84,5.76,press_conf
may,lose,3,0.66,4.54,5.452,0.025999025238251164,1.59,4.82,press_conf
may,ask,5,2.33,2.14,2.273,0.08273645125909583,1.08,2.44,press_conf
may,find,4,1.8,2.22,2.357,0.10478084393588005,0.98,2.11,press_conf
may,agree,3,1.28,2.35,2.514,0.13354799096783,0.87,1.79,press_conf
may,hold,3,1.41,2.13,2.253,0.16509303830310426,0.78,1.44,press_conf
may,have,28,21.75,1.29,1.32,0.17811146911641842,0.75,1.8,press_conf
may,affect,6,4.18,1.43,1.469,0.31427034989101255,0.5,0.74,press_conf
may,be+able,4,2.6,1.54,1.583,0.33093885663707073,0.48,0.69,press_conf
may,provide,3,2.38,1.26,1.279,0.5142057962820232,0.29,0.16,press_conf
may,put,4,2.95,1.36,1.381,0.5404328133227361,0.27,0.36,press_conf
may,happen,7,6.03,1.16,1.171,0.6722286435347387,0.17,0.16,press_conf
may,move,5,6.12,0.82,0.809,0.8351473452808631,-0.08,0.23,press_conf
may,see,15,18.36,0.82,0.805,0.468371229384139,-0.33,0.7,press_conf
may,think,4,6.38,0.63,0.613,0.4186605226648098,-0.38,1.08,press_conf
may,make,5,8.14,0.61,0.6,0.36331978969990397,-0.44,1.48,press_conf
may,get,3,6.34,0.47,0.459,0.2197270572153492,-0.66,2.29,press_conf
may,go,6,10.39,0.58,0.562,0.1985905856398416,-0.7,2.31,press_conf
may,continue,8,13.03,0.61,0.598,0.1945830261275518,-0.71,2.39,press_conf
may,do,7,20.07,0.35,0.331,0.001018371866173154,-2.99,12.1,press_conf
may,look,3,14.44,0.21,0.196,0.0005230837446571217,-3.28,14.1,press_conf
should,interpret,15,0.89,16.86,138.778,6.4636101106328545e-18,17.19,76.71,press_conf
should,direct,6,0.31,19.11,inf,2.0142093113102323e-08,7.7,35.45,press_conf
should,assume,9,0.89,10.11,20.624,4.6621367415005644e-08,7.33,30.55,press_conf
should,understand,9,0.89,10.11,20.624,4.6621367415005644e-08,7.33,30.55,press_conf
should,help,21,5.55,3.79,4.582,1.0920699751471378e-07,6.96,27.88,press_conf
should,doubt,5,0.31,15.92,91.179,2.224162046074315e-06,5.65,24.23,press_conf
should,overstate,4,0.21,19.11,inf,7.443759686614245e-06,5.13,23.62,press_conf
should,wane,4,0.26,15.28,72.837,3.566888342531135e-05,4.45,18.72,press_conf
should,read,6,0.79,7.64,12.167,6.703151404437044e-05,4.17,16.22,press_conf
should,expect,19,7.28,2.61,2.919,0.00011327129903259596,3.95,14.32,press_conf
should,be+restrictive,5,0.63,7.96,13.019,0.00022535128248412186,3.65,13.98,press_conf
should,encourage,4,0.52,7.64,12.135,0.001212483740561591,2.92,10.8,press_conf
should,move,17,7.28,2.34,2.561,0.001489014319461416,2.83,10.29,press_conf
should,be+what,13,5.44,2.39,2.617,0.002980658858244841,2.53,8.2,press_conf
should,stop,5,1.2,4.15,5.059,0.005928256364443475,2.23,7.37,press_conf
should,diminish,3,0.42,7.16,10.906,0.006558484201149489,2.18,7.66,press_conf
should,view,3,0.42,7.16,10.906,0.006558484201149489,2.18,7.66,press_conf
should,decline,3,0.47,6.37,9.088,0.009458322362059594,2.02,6.9,press_conf
should,reverse,3,0.47,6.37,9.088,0.009458322362059594,2.02,6.9,press_conf
should,believe,3,0.52,5.73,7.789,0.012992253199844444,1.89,6.24,press_conf
should,determine,3,0.58,5.21,6.815,0.017179283132357313,1.76,5.68,press_conf
should,mention,3,0.58,5.21,6.815,0.017179283132357313,1.76,5.68,press_conf
should,be+effect,4,1.05,3.82,4.547,0.01843581704068929,1.73,5.32,press_conf
should,think,14,7.59,1.84,1.954,0.023326333624800077,1.63,4.69,press_conf
should,show,5,1.73,2.89,3.249,0.0272293933728619,1.56,4.46,press_conf
should,pay,4,1.2,3.32,3.828,0.02978213103711066,1.53,4.4,press_conf
should,reduce,4,1.2,3.32,3.828,0.02978213103711066,1.53,4.4,press_conf
should,be+thing,5,1.78,2.81,3.137,0.030595484525081332,1.51,4.24,press_conf
should,cut,4,1.26,3.18,3.636,0.034304209718048186,1.46,4.13,press_conf
should,improve,3,0.79,3.82,4.542,0.04056085860469579,1.39,3.99,press_conf
should,support,6,2.72,2.2,2.373,0.05313391617189526,1.27,3.17,press_conf
should,wait,3,1.1,2.73,3.026,0.09426834307607257,1.03,2.42,press_conf
should,matter,3,1.15,2.61,2.867,0.10510540286270964,0.98,2.22,press_conf
should,happen,11,7.17,1.53,1.59,0.17126594367895176,0.77,1.89,press_conf
should,feel,3,1.52,1.98,2.094,0.1921114610222821,0.72,1.21,press_conf
should,start,6,3.77,1.59,1.652,0.2774603685518889,0.56,1.2,press_conf
should,raise,4,2.36,1.7,1.771,0.29668226958180005,0.53,1.02,press_conf
should,respond,3,1.88,1.59,1.649,0.4350424291889951,0.36,0.6,press_conf
should,use,6,4.5,1.33,1.361,0.45965702336733555,0.34,0.48,press_conf
should,begin,3,2.15,1.4,1.431,0.4737815124278297,0.32,0.32,press_conf
should,do,27,23.87,1.13,1.145,0.5197769978991811,0.28,0.43,press_conf
should,take,20,17.59,1.14,1.15,0.5340906082704153,0.27,0.34,press_conf
should,be+able,4,3.09,1.3,1.319,0.5509054950357877,0.26,0.26,press_conf
should,see,24,21.83,1.1,1.109,0.5772673528147773,0.24,0.23,press_conf
should,know,6,5.02,1.19,1.209,0.6414446824599855,0.19,0.19,press_conf
should,be,18,16.7,1.08,1.085,0.7023737929215133,0.15,0.11,press_conf
should,come,9,8.11,1.11,1.118,0.7152116346198434,0.15,0.1,press_conf
should,provide,3,2.83,1.06,1.065,0.7603108562084337,0.12,0.01,press_conf
should,consider,3,2.93,1.02,1.025,0.7683809340176041,0.11,0.0,press_conf
should,put,4,3.51,1.14,1.15,0.7794498141666313,0.11,0.07,press_conf
should,change,3,3.82,0.79,0.775,1.0,0.0,0.2,press_conf
should,make,9,9.68,0.93,0.925,1.0,0.0,0.05,press_conf
should,watch,3,3.09,0.97,0.97,1.0,0.0,0.0,press_conf
should,affect,3,4.97,0.6,0.589,0.4895216370762333,-0.31,0.96,press_conf
should,go,9,12.35,0.73,0.714,0.3780212421440303,-0.42,1.07,press_conf
should,get,4,7.54,0.53,0.514,0.2552665049673547,-0.59,2.12,press_conf
should,have,19,25.86,0.73,0.716,0.18020905699283485,-0.74,2.18,press_conf
should,want,3,7.17,0.42,0.403,0.12254593646217792,-0.91,3.27,press_conf
should,look,10,17.17,0.58,0.563,0.07783808274517003,-1.11,3.77,press_conf
should,continue,5,15.49,0.32,0.306,0.003272692867450031,-2.49,10.24,press_conf
should,say,5,48.47,0.1,0.092,2.8209818604549656e-16,-15.55,69.37,press_conf
will,continue,251,108.18,2.32,10.16,3.5965143025744136e-67,66.44,300.74,press_conf
will,watch,54,21.56,2.5,18.951,1.1372113188829386e-18,17.94,79.36,press_conf
will,go,148,86.25,1.72,2.981,2.7950674541034234e-16,15.55,67.52,press_conf
will,depend,68,33.62,2.02,4.975,4.769250955951062e-13,12.32,53.5,press_conf
will,monitor,28,10.23,2.74,inf,5.476965661222652e-13,12.26,56.47,press_conf
will,be+appropriate,105,65.06,1.61,2.53,1.3355971177089403e-09,8.87,37.34,press_conf
will,have,243,180.55,1.35,1.717,5.276098103460217e-09,8.28,34.16,press_conf
will,remain,39,19.0,2.05,5.243,1.9197481320765068e-08,7.72,31.99,press_conf
will,know,60,35.09,1.71,2.917,3.0683828644495005e-07,6.51,26.72,press_conf
will,be+able,41,21.56,1.9,3.98,3.863208063932863e-07,6.41,26.45,press_conf
will,ensure,14,5.12,2.74,inf,7.496876332415933e-07,6.13,28.21,press_conf
will,will,14,5.12,2.74,inf,7.496876332415933e-07,6.13,28.21,press_conf
will,come,87,56.65,1.54,2.244,8.176218251140431e-07,6.09,24.77,press_conf
will,become,26,12.06,2.16,6.478,1.1604637461380093e-06,5.94,24.67,press_conf
will,adjust,36,19.0,1.89,3.928,1.892807997840335e-06,5.72,22.93,press_conf
will,keep,37,19.74,1.87,3.8,2.587304720272992e-06,5.59,22.78,press_conf
will,evolve,24,11.33,2.12,5.977,4.796165883538733e-06,5.32,21.62,press_conf
will,be+dependent,12,4.39,2.74,inf,5.63097219333328e-06,5.25,24.18,press_conf
will,be+happy,21,9.87,2.13,6.099,1.9325137466382433e-05,4.71,19.17,press_conf
will,be+percent,16,6.94,2.3,9.287,2.7457899852266507e-05,4.56,18.39,press_conf
will,assess,17,7.68,2.21,7.401,4.0430531455189865e-05,4.39,17.44,press_conf
will,leave,23,11.7,1.97,4.453,6.0190714984253794e-05,4.22,16.51,press_conf
will,take,158,122.8,1.29,1.559,7.160811007511319e-05,4.15,15.82,press_conf
will,be+robust,9,3.29,2.74,inf,0.00011580007974813172,3.94,18.13,press_conf
will,benefit,14,6.21,2.25,8.123,0.00014675470487734302,3.83,15.09,press_conf
will,be+strong,10,4.02,2.49,17.395,0.00031070308494890784,3.51,14.35,press_conf
will,aim,8,2.92,2.74,inf,0.0003171779547495988,3.5,16.11,press_conf
will,return,16,7.68,2.08,5.571,0.00032077216437390564,3.49,13.73,press_conf
will,begin,26,14.98,1.74,3.02,0.0005260041171897584,3.28,12.18,press_conf
will,act,16,8.04,1.99,4.642,0.0006506501225230858,3.19,11.91,press_conf
will,be+up,7,2.56,2.74,inf,0.0008686403096499895,3.06,14.1,press_conf
will,move,70,50.8,1.38,1.772,0.0009820854354003392,3.01,11.12,press_conf
will,achieve,24,13.89,1.73,2.986,0.001067084573933805,2.97,11.07,press_conf
will,we,10,4.39,2.28,8.697,0.00124815791468978,2.9,11.15,press_conf
will,look,148,119.88,1.23,1.441,0.001373779592924096,2.86,10.38,press_conf
will,try,23,13.52,1.7,2.861,0.0017756050478785318,2.75,9.99,press_conf
will,repay,6,2.19,2.74,inf,0.002378591316208995,2.62,12.08,press_conf
will,see,182,152.4,1.19,1.358,0.002688860237809795,2.57,9.14,press_conf
will,use,45,31.43,1.43,1.914,0.0032606542009598286,2.49,8.91,press_conf
will,be+gradual,7,2.92,2.39,12.169,0.004728876793952725,2.33,8.98,press_conf
will,be+one,11,5.48,2.01,4.783,0.005258365477729442,2.28,8.4,press_conf
will,hesitate,11,5.48,2.01,4.783,0.005258365477729442,2.28,8.4,press_conf
will,rise,14,7.68,1.82,3.479,0.005782083606908817,2.24,7.83,press_conf
will,pass,8,3.65,2.19,6.954,0.006530810261334375,2.19,7.92,press_conf
will,taper,8,3.65,2.19,6.954,0.006530810261334375,2.19,7.92,press_conf
will,unfold,6,2.56,2.35,10.429,0.011438297355563029,1.94,7.25,press_conf
will,learn,9,4.39,2.05,5.216,0.012016123522374762,1.92,7.36,press_conf
will,review,7,3.29,2.13,6.084,0.014531242231122586,1.84,6.38,press_conf
will,show,19,12.06,1.58,2.362,0.017325022368659446,1.76,6.01,press_conf
will,be+sufficient,4,1.46,2.74,inf,0.01782822837923872,1.75,8.05,press_conf
will,cover,4,1.46,2.74,inf,0.01782822837923872,1.75,8.05,press_conf
will,fade,4,1.46,2.74,inf,0.01782822837923872,1.75,8.05,press_conf
will,guide,4,1.46,2.74,inf,0.01782822837923872,1.75,8.05,press_conf
will,likely,4,1.46,2.74,inf,0.01782822837923872,1.75,8.05,press_conf
will,reinvest,4,1.46,2.74,inf,0.01782822837923872,1.75,8.05,press_conf
will,release,4,1.46,2.74,inf,0.01782822837923872,1.75,8.05,press_conf
will,strive,4,1.46,2.74,inf,0.01782822837923872,1.75,8.05,press_conf
will,be+what,50,38.01,1.32,1.614,0.018279883899809755,1.74,5.81,press_conf
will,run,13,7.68,1.69,2.826,0.02176677557764296,1.66,5.55,press_conf
will,determine,8,4.02,1.99,4.636,0.022967434694219364,1.64,5.95,press_conf
will,get,66,52.63,1.25,1.476,0.023430229094672336,1.63,5.26,press_conf
will,be+end,5,2.19,2.28,8.689,0.027181577707355374,1.57,5.57,press_conf
will,conduct,5,2.19,2.28,8.689,0.027181577707355374,1.57,5.57,press_conf
will,purchase,5,2.19,2.28,8.689,0.027181577707355374,1.57,5.57,press_conf
will,discuss,10,5.85,1.71,2.897,0.038166026364044085,1.42,4.43,press_conf
will,turn,17,11.33,1.5,2.112,0.04005278099699452,1.4,4.29,press_conf
will,evaluate,7,3.65,1.92,4.055,0.04375753136388454,1.36,4.61,press_conf
will,provide,27,19.74,1.37,1.74,0.04696775293601643,1.33,4.07,press_conf
will,sustain,9,5.12,1.76,3.129,0.047961922117932786,1.32,4.42,press_conf
will,be+greater,3,1.1,2.74,inf,0.04879965266448074,1.31,6.04,press_conf
will,be+permanent,3,1.1,2.74,inf,0.04879965266448074,1.31,6.04,press_conf
will,be+pressure,3,1.1,2.74,inf,0.04879965266448074,1.31,6.04,press_conf
will,be+unchanged,3,1.1,2.74,inf,0.04879965266448074,1.31,6.04,press_conf
will,conclude,3,1.1,2.74,inf,0.04879965266448074,1.31,6.04,press_conf
will,moderate,3,1.1,2.74,inf,0.04879965266448074,1.31,6.04,press_conf
will,supply,3,1.1,2.74,inf,0.04879965266448074,1.31,6.04,press_conf
will,adapt,6,2.92,2.05,5.214,0.0578109848882145,1.24,4.9,press_conf
will,lift,4,1.83,2.19,6.949,0.06309145237059341,1.2,3.96,press_conf
will,roll,4,1.83,2.19,6.949,0.06309145237059341,1.2,3.96,press_conf
will,shrink,4,1.83,2.19,6.949,0.06309145237059341,1.2,3.96,press_conf
will,make,80,67.61,1.18,1.328,0.06474759229857584,1.19,3.55,press_conf
will,stay,12,7.68,1.56,2.318,0.06754110784921545,1.17,3.67,press_conf
will,repeat,8,4.75,1.68,2.781,0.08207034988606418,1.09,3.33,press_conf
will,set,6,3.29,1.82,3.475,0.08228402025528757,1.08,3.35,press_conf
will,happen,60,50.07,1.2,1.357,0.0897950877205993,1.05,3.06,press_conf
will,help,47,38.74,1.21,1.387,0.10501816163698091,0.98,2.73,press_conf
will,notice,5,2.56,1.95,4.344,0.10791341771271322,0.97,3.51,press_conf
will,produce,5,2.56,1.95,4.344,0.10791341771271322,0.97,3.51,press_conf
will,strengthen,9,5.85,1.54,2.234,0.12067180927409168,0.92,2.56,press_conf
will,fall,7,4.39,1.6,2.433,0.1378339149614638,0.86,2.34,press_conf
will,abate,3,1.46,2.05,5.211,0.14171392552020676,0.85,2.45,press_conf
will,behave,3,1.46,2.05,5.211,0.14171392552020676,0.85,2.45,press_conf
will,clear,3,1.46,2.05,5.211,0.14171392552020676,0.85,2.45,press_conf
will,enter,3,1.46,2.05,5.211,0.14171392552020676,0.85,2.45,press_conf
will,limit,3,1.46,2.05,5.211,0.14171392552020676,0.85,2.45,press_conf
will,revisit,3,1.46,2.05,5.211,0.14171392552020676,0.85,2.45,press_conf
will,be+large,5,2.92,1.71,2.896,0.1510729036787273,0.82,2.21,press_conf
will,be+level,5,2.92,1.71,2.896,0.1510729036787273,0.82,2.21,press_conf
will,last,5,2.92,1.71,2.896,0.1510729036787273,0.82,2.21,press_conf
will,need,57,48.97,1.16,1.289,0.15005215671952582,0.82,2.05,press_conf
will,write,5,2.92,1.71,2.896,0.1510729036787273,0.82,2.21,press_conf
will,be+year,8,5.12,1.56,2.317,0.16202355465129975,0.79,2.44,press_conf
will,grow,8,5.12,1.56,2.317,0.16202355465129975,0.79,2.44,press_conf
will,require,11,7.68,1.43,1.912,0.17219383202215152,0.76,2.18,press_conf
will,believe,6,3.65,1.64,2.606,0.1857353515406024,0.73,2.26,press_conf
will,signal,6,3.65,1.64,2.606,0.1857353515406024,0.73,2.26,press_conf
will,be+lot,4,2.19,1.82,3.474,0.20013279790945931,0.7,2.23,press_conf
will,be+period,4,2.19,1.82,3.474,0.20013279790945931,0.7,2.23,press_conf
will,close,4,2.19,1.82,3.474,0.20013279790945931,0.7,2.23,press_conf
will,foster,4,2.19,1.82,3.474,0.20013279790945931,0.7,2.23,press_conf
will,inform,4,2.19,1.82,3.474,0.20013279790945931,0.7,2.23,press_conf
will,persist,4,2.19,1.82,3.474,0.20013279790945931,0.7,2.23,press_conf
will,pick,9,6.21,1.45,1.955,0.20682669800078368,0.68,1.89,press_conf
will,be+big,6,4.02,1.49,2.085,0.22523752818339035,0.65,1.47,press_conf
will,be+glad,6,4.02,1.49,2.085,0.22523752818339035,0.65,1.47,press_conf
will,be+enough,4,2.56,1.56,2.316,0.2674467383032574,0.57,1.22,press_conf
will,be+need,4,2.56,1.56,2.316,0.2674467383032574,0.57,1.22,press_conf
will,be+question,4,2.56,1.56,2.316,0.2674467383032574,0.57,1.22,press_conf
will,restore,4,2.56,1.56,2.316,0.2674467383032574,0.57,1.22,press_conf
will,update,4,2.56,1.56,2.316,0.2674467383032574,0.57,1.22,press_conf
will,reach,11,8.41,1.31,1.593,0.2823718537995766,0.55,1.22,press_conf
will,weigh,11,8.41,1.31,1.593,0.2823718537995766,0.55,1.22,press_conf
will,communicate,5,3.29,1.52,2.171,0.3018427961554473,0.52,1.34,press_conf
will,decline,5,3.29,1.52,2.171,0.3018427961554473,0.52,1.34,press_conf
will,be+decision,3,1.83,1.64,2.605,0.3624587773656841,0.44,1.13,press_conf
will,be+focus,3,1.83,1.64,2.605,0.3624587773656841,0.44,1.13,press_conf
will,bounce,3,1.83,1.64,2.605,0.3624587773656841,0.44,1.13,press_conf
will,contain,3,1.83,1.64,2.605,0.3624587773656841,0.44,1.13,press_conf
will,dissipate,3,1.83,1.64,2.605,0.3624587773656841,0.44,1.13,press_conf
will,emerge,3,1.83,1.64,2.605,0.3624587773656841,0.44,1.13,press_conf
will,reopen,3,1.83,1.64,2.605,0.3624587773656841,0.44,1.13,press_conf
will,trade,3,1.83,1.64,2.605,0.3624587773656841,0.44,1.13,press_conf
will,we're,3,1.83,1.64,2.605,0.3624587773656841,0.44,1.13,press_conf
will,be+restrictive,6,4.39,1.37,1.737,0.3747831182476045,0.43,0.9,press_conf
will,matter,10,8.04,1.24,1.448,0.3842193552816999,0.42,0.73,press_conf
will,be+higher,7,5.48,1.28,1.52,0.43022263046564857,0.37,0.64,press_conf
will,improve,7,5.48,1.28,1.52,0.43022263046564857,0.37,0.64,press_conf
will,serve,7,5.48,1.28,1.52,0.43022263046564857,0.37,0.64,press_conf
will,expand,8,6.21,1.29,1.544,0.4506247522357667,0.35,0.79,press_conf
will,be+necessary,4,2.92,1.37,1.737,0.474595852596126,0.32,0.6,press_conf
will,be+persistent,8,6.58,1.22,1.39,0.47419665908605513,0.32,0.47,press_conf
will,be+place,4,2.92,1.37,1.737,0.474595852596126,0.32,0.6,press_conf
will,be+process,4,2.92,1.37,1.737,0.474595852596126,0.32,0.6,press_conf
will,be+time,8,6.58,1.22,1.39,0.47419665908605513,0.32,0.47,press_conf
will,involve,4,2.92,1.37,1.737,0.474595852596126,0.32,0.6,press_conf
will,answer,5,3.65,1.37,1.737,0.5127036409464161,0.29,0.75,press_conf
will,pay,10,8.41,1.19,1.336,0.5193083059735628,0.28,0.47,press_conf
will,be+conference,5,4.02,1.24,1.447,0.5443668665128175,0.26,0.37,press_conf
will,offset,5,4.02,1.24,1.447,0.5443668665128175,0.26,0.37,press_conf
will,remember,5,4.02,1.24,1.447,0.5443668665128175,0.26,0.37,press_conf
will,push,6,4.75,1.26,1.489,0.5665868287615933,0.25,0.5,press_conf
will,decide,6,5.12,1.17,1.302,0.59321960893066,0.23,0.24,press_conf
will,drive,6,5.12,1.17,1.302,0.59321960893066,0.23,0.24,press_conf
will,lower,6,5.12,1.17,1.302,0.59321960893066,0.23,0.24,press_conf
will,meet,7,5.85,1.2,1.351,0.6066749454275283,0.22,0.35,press_conf
will,play,9,7.68,1.17,1.303,0.6509652653695646,0.19,0.35,press_conf
will,be+cut,3,2.19,1.37,1.737,0.6751429404565787,0.17,0.45,press_conf
will,be+lived,3,2.19,1.37,1.737,0.6751429404565787,0.17,0.45,press_conf
will,be+some,3,2.19,1.37,1.737,0.6751429404565787,0.17,0.45,press_conf
will,be+uncertainty,3,2.19,1.37,1.737,0.6751429404565787,0.17,0.45,press_conf
will,drop,3,2.19,1.37,1.737,0.6751429404565787,0.17,0.45,press_conf
will,proceed,3,2.19,1.37,1.737,0.6751429404565787,0.17,0.45,press_conf
will,be+high,3,2.56,1.17,1.302,0.7114266347347543,0.15,0.12,press_conf
will,be+rate,3,2.56,1.17,1.302,0.7114266347347543,0.15,0.12,press_conf
will,be+there,3,2.56,1.17,1.302,0.7114266347347543,0.15,0.12,press_conf
will,be+transitory,3,2.56,1.17,1.302,0.7114266347347543,0.15,0.12,press_conf
will,be+significant,4,3.29,1.22,1.389,0.7322811823229426,0.14,0.24,press_conf
will,be+tool,4,3.29,1.22,1.389,0.7322811823229426,0.14,0.24,press_conf
will,work,19,17.91,1.06,1.1,0.7673117363194375,0.12,0.1,press_conf
will,base,5,4.39,1.14,1.24,0.7678321582836565,0.11,0.13,press_conf
will,face,5,4.39,1.14,1.24,0.7678321582836565,0.11,0.13,press_conf
will,wind,5,4.39,1.14,1.24,0.7678321582836565,0.11,0.13,press_conf
will,be+increase,6,5.48,1.09,1.158,0.7927244196479499,0.1,0.08,press_conf
will,focus,7,6.21,1.13,1.216,0.8018779107641875,0.1,0.15,press_conf
will,allow,8,8.41,0.95,0.926,1.0,0.0,0.03,press_conf
will,be+different,5,4.75,1.05,1.085,1.0,-0.0,0.02,press_conf
will,be+factor,4,4.39,0.91,0.868,1.0,0.0,0.05,press_conf
will,be+good,7,7.31,0.96,0.935,1.0,0.0,0.02,press_conf
will,be+important,4,4.02,0.99,0.992,1.0,0.0,0.0,press_conf
will,bring,11,10.96,1.0,1.005,1.0,-0.0,0.0,press_conf
will,factor,5,5.12,0.98,0.964,1.0,0.0,0.0,press_conf
will,feel,10,10.6,0.94,0.914,1.0,0.0,0.05,press_conf
will,find,15,14.98,1.0,1.002,1.0,-0.0,0.0,press_conf
will,hear,4,4.39,0.91,0.868,1.0,0.0,0.05,press_conf
will,hurt,3,2.92,1.03,1.042,1.0,-0.0,0.0,press_conf
will,judge,6,5.85,1.03,1.042,1.0,-0.0,0.01,press_conf
will,mention,4,4.02,0.99,0.992,1.0,0.0,0.0,press_conf
will,note,4,4.39,0.91,0.868,1.0,0.0,0.05,press_conf
will,occur,5,5.12,0.98,0.964,1.0,0.0,0.0,press_conf
will,prove,4,3.65,1.09,1.158,1.0,-0.0,0.05,press_conf
will,react,8,8.04,0.99,0.992,1.0,0.0,0.0,press_conf
will,reflect,7,6.94,1.01,1.013,1.0,-0.0,0.0,press_conf
will,reverse,3,3.29,0.91,0.868,1.0,0.0,0.04,press_conf
will,stand,4,4.02,0.99,0.992,1.0,0.0,0.0,press_conf
will,support,18,19.0,0.95,0.919,0.885494107526462,-0.05,0.08,press_conf
will,warrant,14,14.98,0.93,0.9,0.8713181170772236,-0.06,0.1,press_conf
will,slow,7,8.04,0.87,0.81,0.8252803057380296,-0.08,0.22,press_conf
will,be+willing,4,4.75,0.84,0.771,0.7793658502917011,-0.11,0.19,press_conf
will,end,4,5.12,0.78,0.694,0.7822204781456227,-0.11,0.4,press_conf
will,hope,4,5.12,0.78,0.694,0.7822204781456227,-0.11,0.4,press_conf
will,spend,4,4.75,0.84,0.771,0.7793658502917011,-0.11,0.19,press_conf
will,be+helpful,3,4.02,0.75,0.651,0.7560695785355203,-0.12,0.43,press_conf
will,be+more,3,3.65,0.82,0.744,0.7553712211318289,-0.12,0.19,press_conf
will,do,162,166.66,0.97,0.955,0.6564282025473334,-0.18,0.21,press_conf
will,reduce,7,8.41,0.83,0.759,0.6668204815004384,-0.18,0.38,press_conf
will,stop,7,8.41,0.83,0.759,0.6668204815004384,-0.18,0.38,press_conf
will,start,24,26.31,0.91,0.867,0.624747681515094,-0.2,0.33,press_conf
will,tend,5,6.58,0.76,0.667,0.6252318375846961,-0.2,0.62,press_conf
will,hold,10,11.7,0.86,0.789,0.5863974751651664,-0.23,0.4,press_conf
will,ask,17,19.37,0.88,0.819,0.5687849023786051,-0.25,0.47,press_conf
will,be,111,116.59,0.95,0.925,0.5562525622815779,-0.25,0.44,press_conf
will,avoid,3,4.39,0.68,0.578,0.5538676935150556,-0.26,0.73,press_conf
will,be+that,3,4.39,0.68,0.578,0.5538676935150556,-0.26,0.73,press_conf
will,share,3,4.39,0.68,0.578,0.5538676935150556,-0.26,0.73,press_conf
will,be+case,6,8.04,0.75,0.651,0.5070061841746045,-0.29,0.85,press_conf
will,be+prepared,5,6.94,0.72,0.62,0.476447892732406,-0.32,0.9,press_conf
will,increase,5,6.94,0.72,0.62,0.476447892732406,-0.32,0.9,press_conf
will,be+part,4,5.85,0.68,0.578,0.44046074036205496,-0.36,0.98,press_conf
will,be+patient,3,4.75,0.63,0.521,0.3971760213740234,-0.4,1.09,press_conf
will,understand,4,6.21,0.64,0.534,0.3215664393760974,-0.49,1.33,press_conf
will,tell,39,44.59,0.87,0.814,0.3008692778713885,-0.52,1.14,press_conf
will,include,6,8.77,0.68,0.578,0.2924173093305766,-0.53,1.46,press_conf
will,be+thing,9,12.43,0.72,0.624,0.28493642548162745,-0.55,1.57,press_conf
will,lose,3,5.48,0.55,0.434,0.28290113594790167,-0.55,1.95,press_conf
will,result,3,5.48,0.55,0.434,0.28290113594790167,-0.55,1.95,press_conf
will,wait,5,7.68,0.65,0.542,0.26376884424805935,-0.58,1.57,press_conf
will,be+something,8,11.7,0.68,0.578,0.20122289846354935,-0.7,1.95,press_conf
will,be+lower,3,5.85,0.51,0.4,0.19449726503090503,-0.71,2.43,press_conf
will,change,21,26.68,0.79,0.7,0.18133192043672133,-0.74,1.99,press_conf
will,be+effect,4,7.31,0.55,0.434,0.16364657001358635,-0.79,2.6,press_conf
will,raise,11,16.45,0.67,0.561,0.11989251878026694,-0.92,3.03,press_conf
will,lead,10,16.45,0.61,0.495,0.06137347413901481,-1.21,4.31,press_conf
will,add,4,8.77,0.46,0.347,0.054371691539199504,-1.26,4.63,press_conf
will,respond,6,13.16,0.46,0.346,0.014200658068413044,-1.85,6.95,press_conf
will,address,4,10.6,0.38,0.277,0.010968660105555299,-1.96,7.54,press_conf
will,put,14,24.49,0.57,0.457,0.0072638924376850125,-2.14,7.75,press_conf
will,cause,7,15.72,0.45,0.337,0.0062564766740270256,-2.2,8.66,press_conf
will,mean,7,15.35,0.46,0.346,0.006148189924332959,-2.21,8.11,press_conf
will,call,4,11.33,0.35,0.257,0.004772880356752846,-2.32,8.79,press_conf
will,consider,10,20.47,0.49,0.376,0.003190662594073978,-2.5,9.46,press_conf
will,explain,8,20.1,0.4,0.294,0.0003900081181178346,-3.41,13.29,press_conf
will,affect,15,34.72,0.43,0.323,1.3561971423426724e-05,-4.87,20.23,press_conf
will,give,26,53.73,0.48,0.37,6.572772530852592e-07,-6.18,25.49,press_conf
will,think,22,52.99,0.42,0.307,1.568157275093361e-08,-7.8,33.06,press_conf
will,talk,10,39.47,0.25,0.175,1.240036922124919e-10,-9.91,42.94,press_conf
will,want,14,50.07,0.28,0.195,2.7761532297819544e-12,-11.56,50.13,press_conf
will,point,4,31.8,0.13,0.083,1.9353448992994036e-12,-11.71,51.37,press_conf
will,follow,8,41.66,0.19,0.13,2.5142465723652584e-13,-12.6,54.98,press_conf
will,expect,12,50.8,0.24,0.162,4.9367866293260273e-14,-13.31,58.47,press_conf
will,say,133,338.43,0.39,0.271,3.373937188623926e-54,-53.47,241.81,press_conf
would,say,688,273.93,2.51,8.137,4.9249957538332746e-188,187.31,855.98,press_conf
would,like,179,53.25,3.36,446.493,1.4195344032818377e-94,93.85,430.23,press_conf
would,want,118,40.53,2.91,15.213,1.5311924892384176e-43,42.81,192.68,press_conf
would,expect,95,41.12,2.31,5.243,3.3256541224290505e-21,20.48,89.82,press_conf
would,point,64,25.74,2.49,6.717,2.5382610038732464e-17,16.6,72.08,press_conf
would,love,22,6.51,3.38,inf,2.210095567275247e-12,11.66,53.68,press_conf
would,suggest,22,6.51,3.38,inf,2.210095567275247e-12,11.66,53.68,press_conf
would,consider,42,16.57,2.54,7.208,2.6736563981328745e-12,11.57,49.39,press_conf
would,characterize,31,11.24,2.76,10.618,4.444183105227906e-11,10.35,44.26,press_conf
would,agree,24,8.58,2.8,11.491,4.334156420646524e-09,8.36,35.4,press_conf
would,be+consistent,16,5.03,3.18,38.24,4.132333204166544e-08,7.38,32.12,press_conf
would,call,24,9.17,2.62,8.206,4.9500132944187265e-08,7.31,30.34,press_conf
would,concern,12,3.55,3.38,inf,4.4372577774282756e-07,6.35,29.26,press_conf
would,welcome,10,3.25,3.07,23.863,4.095954492879082e-05,4.39,18.38,press_conf
would,be+premature,8,2.37,3.38,inf,5.834407996628297e-05,4.23,19.5,press_conf
would,be+prepared,14,5.62,2.49,6.686,9.036535211483212e-05,4.04,15.74,press_conf
would,be+great,7,2.07,3.38,inf,0.00019747916820554893,3.7,17.06,press_conf
would,tend,13,5.32,2.44,6.207,0.00022794258244164984,3.64,13.93,press_conf
would,think,63,42.89,1.47,1.842,0.00045849942121512345,3.34,12.62,press_conf
would,be+comfortable,6,1.77,3.38,inf,0.0006682937792154493,3.18,14.62,press_conf
would,constitute,6,1.77,3.38,inf,0.0006682937792154493,3.18,14.62,press_conf
would,prefer,6,1.77,3.38,inf,0.0006682937792154493,3.18,14.62,press_conf
would,would,6,1.77,3.38,inf,0.0006682937792154493,3.18,14.62,press_conf
would,be+good,13,5.92,2.2,4.432,0.0010962226233658043,2.96,10.7,press_conf
would,seem,7,2.37,2.96,16.691,0.0011714247858804112,2.93,11.73,press_conf
would,hope,10,4.14,2.41,5.964,0.0014692601084917445,2.83,10.43,press_conf
would,need,57,39.64,1.44,1.773,0.0015768124947612286,2.8,10.21,press_conf
would,mean,22,12.42,1.77,2.628,0.0020118763508592545,2.7,9.53,press_conf
would,be+nice,5,1.48,3.38,inf,0.0022611803855891897,2.65,12.18,press_conf
would,guess,5,1.48,3.38,inf,0.0022611803855891897,2.65,12.18,press_conf
would,imply,6,2.07,2.9,14.303,0.0034931814452748514,2.46,9.58,press_conf
would,be+willing,9,3.85,2.34,5.366,0.0036095259797662344,2.44,8.69,press_conf
would,be+hard,7,2.66,2.63,8.345,0.00391613371040483,2.41,8.93,press_conf
would,add,14,7.1,1.97,3.341,0.005554387071832247,2.26,8.53,press_conf
would,include,14,7.1,1.97,3.341,0.005554387071832247,2.26,8.53,press_conf
would,be+inappropriate,4,1.18,3.38,inf,0.007649352740294938,2.12,9.75,press_conf
would,be+welcome,4,1.18,3.38,inf,0.007649352740294938,2.12,9.75,press_conf
would,urge,4,1.18,3.38,inf,0.007649352740294938,2.12,9.75,press_conf
would,be+reluctant,5,1.77,2.82,11.916,0.010225613417457894,1.99,7.48,press_conf
would,indicate,5,1.77,2.82,11.916,0.010225613417457894,1.99,7.48,press_conf
would,be+better,6,2.37,2.54,7.151,0.010458451423458172,1.98,7.03,press_conf
would,be+thing,17,10.06,1.69,2.386,0.013343558264594275,1.87,6.22,press_conf
would,describe,14,7.99,1.75,2.569,0.0181522111717166,1.74,5.84,press_conf
would,start,31,21.3,1.46,1.806,0.01893761428736796,1.72,5.89,press_conf
would,be+positive,6,2.66,2.25,4.767,0.02354308684956485,1.63,5.27,press_conf
would,be+beginning,3,0.89,3.38,inf,0.02587235018454926,1.59,7.31,press_conf
would,be+expansionary,3,0.89,3.38,inf,0.02587235018454926,1.59,7.31,press_conf
would,be+ideal,3,0.89,3.38,inf,0.02587235018454926,1.59,7.31,press_conf
would,be+market,3,0.89,3.38,inf,0.02587235018454926,1.59,7.31,press_conf
would,be+okay,3,0.89,3.38,inf,0.02587235018454926,1.59,7.31,press_conf
would,be+powell,3,0.89,3.38,inf,0.02587235018454926,1.59,7.31,press_conf
would,be+reasonable,3,0.89,3.38,inf,0.02587235018454926,1.59,7.31,press_conf
would,caution,3,0.89,3.38,inf,0.02587235018454926,1.59,7.31,press_conf
would,compel,3,0.89,3.38,inf,0.02587235018454926,1.59,7.31,press_conf
would,endorse,3,0.89,3.38,inf,0.02587235018454926,1.59,7.31,press_conf
would,stress,3,0.89,3.38,inf,0.02587235018454926,1.59,7.31,press_conf
would,be+lower,9,4.73,1.9,3.065,0.026998414622190343,1.57,4.91,press_conf
would,be+possible,5,2.07,2.41,5.958,0.027056693347915512,1.57,5.21,press_conf
would,be+risk,5,2.07,2.41,5.958,0.027056693347915512,1.57,5.21,press_conf
would,emphasize,5,2.07,2.41,5.958,0.027056693347915512,1.57,5.21,press_conf
would,trigger,5,2.07,2.41,5.958,0.027056693347915512,1.57,5.21,press_conf
would,be+development,4,1.48,2.7,9.531,0.02920204215911793,1.53,5.44,press_conf
would,be+inclined,4,1.48,2.7,9.531,0.02920204215911793,1.53,5.44,press_conf
would,regard,4,1.48,2.7,9.531,0.02920204215911793,1.53,5.44,press_conf
would,put,28,19.82,1.41,1.714,0.031876973397842095,1.5,4.52,press_conf
would,feel,14,8.58,1.63,2.226,0.039385960038368584,1.4,4.47,press_conf
would,cause,19,12.72,1.49,1.889,0.043826039386596086,1.36,4.11,press_conf
would,be+something,15,9.47,1.58,2.105,0.049925227580808335,1.3,4.24,press_conf
would,note,7,3.55,1.97,3.337,0.05060437112698622,1.3,4.26,press_conf
would,worry,7,3.55,1.97,3.337,0.05060437112698622,1.3,4.26,press_conf
would,be+way,5,2.37,2.11,3.971,0.054720429888677716,1.26,3.7,press_conf
would,view,5,2.37,2.11,3.971,0.054720429888677716,1.26,3.7,press_conf
would,work,21,14.5,1.45,1.79,0.058228725179171895,1.23,3.89,press_conf
would,be+concern,4,1.77,2.25,4.765,0.067154899642438,1.17,3.51,press_conf
would,prepare,4,1.77,2.25,4.765,0.067154899642438,1.17,3.51,press_conf
would,seek,4,1.77,2.25,4.765,0.067154899642438,1.17,3.51,press_conf
would,be+reason,6,2.96,2.03,3.575,0.07422063136432741,1.13,3.97,press_conf
would,be+late,3,1.18,2.54,7.146,0.08054134251731222,1.09,3.51,press_conf
would,be+line,3,1.18,2.54,7.146,0.08054134251731222,1.09,3.51,press_conf
would,be+surprised,3,1.18,2.54,7.146,0.08054134251731222,1.09,3.51,press_conf
would,be+true,3,1.18,2.54,7.146,0.08054134251731222,1.09,3.51,press_conf
would,speed,3,1.18,2.54,7.146,0.08054134251731222,1.09,3.51,press_conf
would,be+helpful,6,3.25,1.84,2.859,0.09457502634457324,1.02,2.97,press_conf
would,judge,8,4.73,1.69,2.383,0.09709549588679964,1.01,2.92,press_conf
would,be+case,10,6.51,1.54,1.986,0.10690209272893109,0.97,2.47,press_conf
would,be+what,38,30.76,1.24,1.374,0.1307657264638521,0.88,2.34,press_conf
would,look,109,97.03,1.12,1.19,0.1419905443662854,0.85,2.1,press_conf
would,raise,18,13.31,1.35,1.59,0.14065329913365643,0.85,2.22,press_conf
would,be+careful,3,1.48,2.03,3.573,0.15755029305460366,0.8,1.98,press_conf
would,be+change,3,1.48,2.03,3.573,0.15755029305460366,0.8,1.98,press_conf
would,be+outcome,3,1.48,2.03,3.573,0.15755029305460366,0.8,1.98,press_conf
would,be+test,3,1.48,2.03,3.573,0.15755029305460366,0.8,1.98,press_conf
would,be+wrong,3,1.48,2.03,3.573,0.15755029305460366,0.8,1.98,press_conf
would,enable,3,1.48,2.03,3.573,0.15755029305460366,0.8,1.98,press_conf
would,tolerate,3,1.48,2.03,3.573,0.15755029305460366,0.8,1.98,press_conf
would,be,105,94.37,1.11,1.173,0.19235021885962267,0.72,1.71,press_conf
would,anticipate,4,2.07,1.93,3.176,0.20642321323816207,0.69,2.29,press_conf
would,be+concerned,4,2.07,1.93,3.176,0.20642321323816207,0.69,2.29,press_conf
would,be+point,4,2.07,1.93,3.176,0.20642321323816207,0.69,2.29,press_conf
would,be+policy,4,2.07,1.93,3.176,0.20642321323816207,0.69,2.29,press_conf
would,be+rate,4,2.07,1.93,3.176,0.20642321323816207,0.69,2.29,press_conf
would,disappear,4,2.07,1.93,3.176,0.20642321323816207,0.69,2.29,press_conf
would,that,4,2.07,1.93,3.176,0.20642321323816207,0.69,2.29,press_conf
would,wait,9,6.21,1.45,1.787,0.22953060109612655,0.64,1.66,press_conf
would,be+range,4,2.37,1.69,2.382,0.24692619638065558,0.61,1.46,press_conf
would,react,9,6.51,1.38,1.65,0.2480277584081006,0.61,1.28,press_conf
would,be+glad,5,3.25,1.54,1.985,0.31967403432308283,0.5,1.23,press_conf
would,be+that,5,3.55,1.41,1.701,0.3550129012698434,0.45,0.79,press_conf
would,be+kind,3,1.77,1.69,2.382,0.36981803913852396,0.43,1.1,press_conf
would,justify,3,1.77,1.69,2.382,0.36981803913852396,0.43,1.1,press_conf
would,respond,13,10.65,1.22,1.347,0.36779231792304523,0.43,0.71,press_conf
would,shift,3,1.77,1.69,2.382,0.36981803913852396,0.43,1.1,press_conf
would,be+enough,3,2.07,1.45,1.786,0.429244608826856,0.37,0.55,press_conf
would,be+high,3,2.07,1.45,1.786,0.429244608826856,0.37,0.55,press_conf
would,spur,3,2.07,1.45,1.786,0.429244608826856,0.37,0.55,press_conf
would,let,4,2.66,1.5,1.905,0.46423188905790247,0.33,0.89,press_conf
would,matter,8,6.51,1.23,1.361,0.48782960334523895,0.31,0.47,press_conf
would,hold,11,9.47,1.16,1.248,0.5629515481732921,0.25,0.34,press_conf
would,drive,5,4.14,1.21,1.323,0.5710882592668398,0.24,0.24,press_conf
would,end,5,4.14,1.21,1.323,0.5710882592668398,0.24,0.24,press_conf
would,factor,5,4.14,1.21,1.323,0.5710882592668398,0.24,0.24,press_conf
would,cut,8,7.1,1.13,1.191,0.6596318236824608,0.18,0.16,press_conf
would,be+necessary,3,2.37,1.27,1.429,0.7011685309866091,0.15,0.23,press_conf
would,diminish,3,2.37,1.27,1.429,0.7011685309866091,0.15,0.23,press_conf
would,involve,3,2.37,1.27,1.429,0.7011685309866091,0.15,0.23,press_conf
would,risk,3,2.37,1.27,1.429,0.7011685309866091,0.15,0.23,press_conf
would,write,3,2.37,1.27,1.429,0.7011685309866091,0.15,0.23,press_conf
would,be+significant,3,2.66,1.13,1.19,0.7294552779264435,0.14,0.06,press_conf
would,be+important,4,3.25,1.23,1.361,0.741652095559989,0.13,0.23,press_conf
would,offset,4,3.25,1.23,1.361,0.741652095559989,0.13,0.23,press_conf
would,require,7,6.21,1.13,1.191,0.8110842011330304,0.09,0.14,press_conf
would,comment,8,7.4,1.08,1.12,0.8271133998037734,0.08,0.07,press_conf
would,lead,14,13.31,1.05,1.075,0.8701864510029165,0.06,0.05,press_conf
would,argue,3,2.96,1.01,1.02,1.0,-0.0,0.0,press_conf
would,be+conference,3,3.25,0.92,0.893,1.0,0.0,0.03,press_conf
would,be+higher,4,4.44,0.9,0.865,1.0,0.0,0.06,press_conf
would,be+increase,4,4.44,0.9,0.865,1.0,0.0,0.06,press_conf
would,bring,9,8.87,1.01,1.02,1.0,-0.0,0.0,press_conf
would,create,5,5.62,0.89,0.85,1.0,0.0,0.1,press_conf
would,decide,4,4.14,0.97,0.952,1.0,0.0,0.01,press_conf
would,encourage,3,2.96,1.01,1.02,1.0,-0.0,0.0,press_conf
would,hesitate,4,4.44,0.9,0.865,1.0,0.0,0.06,press_conf
would,imagine,6,5.92,1.01,1.02,1.0,-0.0,0.0,press_conf
would,meet,5,4.73,1.06,1.082,1.0,-0.0,0.02,press_conf
would,mention,3,3.25,0.92,0.893,1.0,0.0,0.03,press_conf
would,stand,3,3.25,0.92,0.893,1.0,0.0,0.03,press_conf
would,weaken,4,4.44,0.9,0.865,1.0,0.0,0.06,press_conf
would,allow,6,6.8,0.88,0.84,0.8221899739683933,-0.09,0.14,press_conf
would,stop,6,6.8,0.88,0.84,0.8221899739683933,-0.09,0.14,press_conf
would,be+part,4,4.73,0.85,0.793,0.7909716298808149,-0.1,0.17,press_conf
would,focus,4,5.03,0.8,0.732,0.7914689395837997,-0.1,0.31,press_conf
would,occur,3,4.14,0.72,0.649,0.7700646242500485,-0.11,0.48,press_conf
would,rise,5,6.21,0.8,0.744,0.6410303697057993,-0.19,0.35,press_conf
would,increase,4,5.62,0.71,0.634,0.615218440322913,-0.21,0.71,press_conf
would,serve,3,4.44,0.68,0.595,0.5751441532525097,-0.24,0.71,press_conf
would,show,8,9.76,0.82,0.761,0.5716122467444338,-0.24,0.47,press_conf
would,be+happy,6,7.99,0.75,0.68,0.5277837510633201,-0.28,0.74,press_conf
would,weigh,5,6.8,0.73,0.661,0.49857002573555187,-0.3,0.72,press_conf
would,be+effect,4,5.92,0.68,0.595,0.46497926533310224,-0.33,0.95,press_conf
would,change,18,21.59,0.83,0.778,0.4402821772656589,-0.36,0.89,press_conf
would,assume,3,5.03,0.6,0.51,0.4254114359197517,-0.37,1.29,press_conf
would,benefit,3,5.03,0.6,0.51,0.4254114359197517,-0.37,1.29,press_conf
would,pick,3,5.03,0.6,0.51,0.4254114359197517,-0.37,1.29,press_conf
would,warrant,9,12.13,0.74,0.669,0.39102110766171805,-0.41,1.22,press_conf
would,support,12,15.38,0.78,0.713,0.3621067897773117,-0.44,1.11,press_conf
would,stay,4,6.21,0.64,0.56,0.34748035575708613,-0.46,1.22,press_conf
would,be+persistent,3,5.32,0.56,0.476,0.3055975997423379,-0.51,1.61,press_conf
would,be+time,3,5.32,0.56,0.476,0.3055975997423379,-0.51,1.61,press_conf
would,reach,4,6.8,0.59,0.501,0.255856321410594,-0.59,1.82,press_conf
would,reduce,4,6.8,0.59,0.501,0.255856321410594,-0.59,1.82,press_conf
would,leave,6,9.47,0.63,0.549,0.2438700714404384,-0.61,1.97,press_conf
would,be+appropriate,44,52.66,0.84,0.779,0.16049293013312319,-0.79,2.12,press_conf
would,act,3,6.51,0.46,0.375,0.1577051981449092,-0.8,3.11,press_conf
would,assess,3,6.21,0.48,0.396,0.15375990093986788,-0.81,2.71,press_conf
would,pay,3,6.8,0.44,0.357,0.1079507656002688,-0.97,3.53,press_conf
would,take,85,99.39,0.86,0.802,0.0898552250895752,-1.05,3.13,press_conf
would,affect,20,28.1,0.71,0.633,0.07128633826808477,-1.15,3.57,press_conf
would,depend,19,27.22,0.7,0.618,0.06627980945201797,-1.18,3.8,press_conf
would,be+able,10,17.45,0.57,0.484,0.032155844246792624,-1.49,5.05,press_conf
would,try,5,10.95,0.46,0.371,0.030607844499625843,-1.51,5.33,press_conf
would,address,3,8.58,0.35,0.274,0.02362547501828538,-1.63,6.27,press_conf
would,ask,8,15.68,0.51,0.422,0.022651144543498564,-1.64,6.09,press_conf
would,keep,8,15.97,0.5,0.413,0.016319678404840762,-1.79,6.47,press_conf
would,begin,5,12.13,0.41,0.33,0.01520758280811762,-1.82,7.05,press_conf
would,explain,7,16.27,0.43,0.346,0.004611145004299749,-2.34,8.82,press_conf
would,make,37,54.73,0.68,0.591,0.0034319434625596367,-2.46,8.91,press_conf
would,use,13,25.44,0.51,0.422,0.002789574343618038,-2.55,9.88,press_conf
would,provide,6,15.97,0.38,0.296,0.002397343813992648,-2.62,10.65,press_conf
would,move,25,41.12,0.61,0.519,0.001989696208526595,-2.7,9.97,press_conf
would,remain,5,15.38,0.33,0.252,0.0011146516482569077,-2.95,12.27,press_conf
would,have,109,146.13,0.75,0.665,0.00015874481951639945,-3.8,14.7,press_conf
would,happen,21,40.53,0.52,0.428,0.0001457716974284408,-3.84,15.29,press_conf
would,know,12,28.4,0.42,0.338,0.00011122055614167649,-3.95,15.91,press_conf
would,help,14,31.36,0.45,0.36,0.0001003387125824243,-4.0,16.0,press_conf
would,get,21,42.6,0.49,0.403,3.116094890920041e-05,-4.51,17.97,press_conf
would,give,17,43.49,0.39,0.308,2.4158660366587917e-07,-6.62,27.56,press_conf
would,tell,11,36.09,0.3,0.234,6.435369414265779e-08,-7.19,30.97,press_conf
would,talk,6,31.95,0.19,0.139,8.189572078077135e-10,-9.09,40.06,press_conf
would,follow,7,33.72,0.21,0.154,6.894164394782231e-10,-9.16,39.74,press_conf
would,go,29,69.81,0.42,0.329,3.296650911538254e-10,-9.48,40.58,press_conf
would,come,13,45.85,0.28,0.215,1.311549295596005e-10,-9.88,42.35,press_conf
would,see,51,123.36,0.41,0.323,2.3395831816493872e-17,-16.63,73.1,press_conf
would,do,57,134.89,0.42,0.33,2.229248713003704e-18,-17.65,77.38,press_conf
would,continue,7,87.56,0.08,0.056,3.6727578409448163e-35,-34.44,155.91,press_conf
can,find,17,4.4,3.87,8.979,5.4090307194526124e-08,7.27,30.01,speech
can,see,14,4.07,3.44,6.684,6.12265613798054e-06,5.21,20.65,speech
can,everything,6,0.98,6.14,inf,1.8222794583005576e-05,4.74,21.83,speech
can,do,22,9.44,2.33,3.228,8.181204747739911e-05,4.09,16.01,speech
can,be+sure,6,1.14,5.26,31.168,0.00010991452533828298,3.96,16.44,speech
can,say,9,2.44,3.69,7.82,0.00015008623098144983,3.82,14.71,speech
can,improve,10,3.09,3.23,5.797,0.00027600969374520545,3.56,13.32,speech
can,succeed,6,1.3,4.61,15.579,0.00037902975510502226,3.42,13.54,speech
can,estimate,5,0.98,5.12,25.928,0.0005853831291664442,3.23,13.13,speech
can,be+difficult,6,1.47,4.09,10.382,0.0009807895601050133,3.01,11.43,speech
can,learn,7,1.95,3.58,7.276,0.0010936941528426143,2.96,10.94,speech
can,sustain,7,1.95,3.58,7.276,0.0010936941528426143,2.96,10.94,speech
can,help,24,12.86,1.87,2.298,0.0016776878688291611,2.78,9.92,speech
can,maintain,5,1.14,4.39,12.959,0.0017740546387368466,2.75,10.52,speech
can,all,4,0.81,4.91,20.705,0.0030319080880176963,2.52,9.89,speech
can,account,3,0.49,6.14,inf,0.004297219426364904,2.37,10.9,speech
can,attribute,3,0.49,6.14,inf,0.004297219426364904,2.37,10.9,speech
can,avoid,3,0.49,6.14,inf,0.004297219426364904,2.37,10.9,speech
can,be+certain,3,0.49,6.14,inf,0.004297219426364904,2.37,10.9,speech
can,generate,3,0.49,6.14,inf,0.004297219426364904,2.37,10.9,speech
can,think,5,1.47,3.41,6.475,0.007996979300645983,2.1,7.23,speech
can,explain,7,2.77,2.53,3.632,0.012749738601303422,1.89,5.97,speech
can,identify,3,0.65,4.61,15.502,0.015099134011816409,1.82,6.76,speech
can,recall,3,0.65,4.61,15.502,0.015099134011816409,1.82,6.76,speech
can,be+costly,4,1.14,3.51,6.897,0.01612616249503133,1.79,6.04,speech
can,deliver,4,1.14,3.51,6.897,0.01612616249503133,1.79,6.04,speech
can,measure,4,1.14,3.51,6.897,0.01612616249503133,1.79,6.04,speech
can,vary,4,1.3,3.07,5.171,0.02815322887860612,1.55,4.87,speech
can,lead,9,4.72,1.91,2.335,0.04118842952847933,1.39,3.9,speech
can,make,11,6.19,1.78,2.116,0.04449343602893215,1.35,3.85,speech
can,achieve,5,2.12,2.36,3.233,0.04651341722673407,1.33,3.69,speech
can,influence,5,2.12,2.36,3.233,0.04651341722673407,1.33,3.69,speech
can,pose,5,2.12,2.36,3.233,0.04651341722673407,1.33,3.69,speech
can,afford,3,0.98,3.07,5.164,0.058474987789308756,1.23,3.65,speech
can,know,4,1.79,2.23,2.952,0.08880344471333648,1.05,2.6,speech
can,amplify,3,1.14,2.63,3.871,0.09023660676001677,1.04,2.76,speech
can,tell,3,1.14,2.63,3.871,0.09023660676001677,1.04,2.76,speech
can,provide,7,3.91,1.79,2.131,0.09555802122216861,1.02,2.5,speech
can,be+effective,3,1.47,2.05,2.579,0.16909083596280766,0.77,1.57,speech
can,enhance,3,1.47,2.05,2.579,0.16909083596280766,0.77,1.57,speech
can,promote,3,1.47,2.05,2.579,0.16909083596280766,0.77,1.57,speech
can,cause,3,1.63,1.84,2.21,0.2138961459047302,0.67,1.17,speech
can,support,5,3.09,1.62,1.844,0.21895997549553997,0.66,1.23,speech
can,work,4,2.12,1.89,2.294,0.24677000744614097,0.61,1.68,speech
can,change,5,3.58,1.4,1.517,0.38684513511866403,0.41,0.62,speech
can,serve,3,1.95,1.54,1.718,0.4269249468328381,0.37,0.6,speech
can,go,3,2.28,1.32,1.404,0.48750204181342116,0.31,0.25,speech
can,contribute,4,2.77,1.45,1.586,0.5044775738357204,0.3,0.59,speech
can,hold,4,3.09,1.29,1.374,0.5347025145417812,0.27,0.3,speech
can,affect,6,4.88,1.23,1.288,0.6171723684628643,0.21,0.29,speech
can,take,10,9.12,1.1,1.12,0.7158962339101036,0.15,0.1,speech
can,become,3,2.77,1.08,1.102,0.7489307214752855,0.13,0.02,speech
can,benefit,3,2.61,1.15,1.188,0.7353294928947403,0.13,0.07,speech
can,result,3,2.61,1.15,1.188,0.7353294928947403,0.13,0.07,speech
can,use,6,5.7,1.05,1.065,0.8195988945419282,0.09,0.02,speech
can,be,3,2.93,1.02,1.029,1.0,-0.0,0.0,speech
can,play,3,3.09,0.97,0.964,1.0,0.0,0.0,speech
can,reduce,3,2.93,1.02,1.029,1.0,-0.0,0.0,speech
can,come,3,3.91,0.77,0.733,0.7856654574418859,-0.1,0.27,speech
can,require,3,6.35,0.47,0.425,0.18982381803677423,-0.72,2.56,speech
can,have,3,11.4,0.26,0.226,0.0029913162581804787,-2.52,10.09,speech
can,continue,6,17.58,0.34,0.295,0.0012708035158614512,-2.9,11.98,speech
could,prove,7,1.54,4.54,8.216,0.00031968811870850726,3.5,13.21,speech
could,exacerbate,4,0.55,7.27,32.67,0.0006605490506463148,3.18,12.92,speech
could,misspecifie,3,0.33,9.09,inf,0.0013241694334784743,2.88,13.26,speech
could,bring,6,1.54,3.89,6.144,0.0023744208816429773,2.62,9.28,speech
could,risk,5,1.32,3.79,5.838,0.006463440420859892,2.19,7.44,speech
could,have,15,7.7,1.95,2.254,0.010353490185324346,1.98,6.45,speech
could,lead,8,3.19,2.51,3.124,0.010688131767128769,1.97,6.11,speech
could,spur,3,0.55,5.45,12.215,0.011165346587106672,1.95,6.99,speech
could,afford,3,0.66,4.54,8.141,0.020521275632286527,1.69,5.64,speech
could,emerge,3,0.66,4.54,8.141,0.020521275632286527,1.69,5.64,speech
could,encourage,3,0.66,4.54,8.141,0.020521275632286527,1.69,5.64,speech
could,increase,5,1.87,2.67,3.4,0.03180390947847634,1.5,4.3,speech
could,push,4,1.43,2.8,3.621,0.0461305932668166,1.34,3.72,speech
could,raise,4,1.43,2.8,3.621,0.0461305932668166,1.34,3.72,speech
could,be+higher,3,0.88,3.41,4.881,0.04860318244411948,1.31,3.83,speech
could,help,14,8.7,1.61,1.769,0.066583870203219,1.18,3.22,speech
could,apply,3,0.99,3.03,4.067,0.06710656872541007,1.17,3.19,speech
could,enhance,3,0.99,3.03,4.067,0.06710656872541007,1.17,3.19,speech
could,call,3,1.1,2.73,3.485,0.08829183517954635,1.05,2.67,speech
could,cause,3,1.1,2.73,3.485,0.08829183517954635,1.05,2.67,speech
could,put,4,1.76,2.27,2.713,0.0903584024519098,1.04,2.47,speech
could,sustain,3,1.32,2.27,2.708,0.13753711676816907,0.86,1.85,speech
could,allow,3,1.43,2.1,2.437,0.16495907381857486,0.78,1.53,speech
could,pose,3,1.43,2.1,2.437,0.16495907381857486,0.78,1.53,speech
could,provide,5,2.64,1.89,2.143,0.17626294271538026,0.75,1.95,speech
could,reflect,5,2.75,1.82,2.035,0.18622300192256944,0.73,1.73,speech
could,see,5,2.75,1.82,2.035,0.18622300192256944,0.73,1.73,speech
could,go,3,1.54,1.95,2.215,0.19381441567707403,0.71,1.26,speech
could,turn,5,2.97,1.68,1.849,0.21120854112367674,0.68,1.33,speech
could,do,9,6.38,1.41,1.497,0.2860099452066631,0.54,1.11,speech
could,come,4,2.64,1.51,1.624,0.32801204050166904,0.48,0.7,speech
could,result,3,1.76,1.7,1.873,0.4087081199697111,0.39,0.83,speech
could,become,3,1.87,1.6,1.738,0.42299548782882335,0.37,0.66,speech
could,warrant,3,1.87,1.6,1.738,0.42299548782882335,0.37,0.66,speech
could,reduce,3,1.98,1.51,1.622,0.43944353062428104,0.36,0.52,speech
could,play,3,2.09,1.43,1.52,0.4576122221107917,0.34,0.4,speech
could,affect,4,3.3,1.21,1.246,0.5654080025129548,0.25,0.16,speech
could,find,3,2.97,1.01,1.011,1.0,-0.0,0.0,speech
could,remain,3,3.96,0.76,0.733,0.7918042643822918,-0.1,0.29,speech
could,require,3,4.29,0.7,0.671,0.7951177676855439,-0.1,0.49,speech
could,continue,4,11.89,0.34,0.304,0.011396439722211984,-1.94,7.88,speech
may,use,19,4.38,4.34,8.629,2.9344809776977287e-09,8.53,35.55,speech
may,contribute,11,2.13,5.17,13.116,6.422691028454806e-07,6.19,25.45,speech
may,reflect,13,3.13,4.15,7.772,1.9545635078335276e-06,5.71,22.88,speech
may,hold,9,2.38,3.78,6.4,0.00020199506157118525,3.69,13.91,speech
may,play,8,2.38,3.36,5.158,0.0012143290147783627,2.92,10.41,speech
may,affect,10,3.76,2.66,3.552,0.0024898609824589467,2.6,8.82,speech
may,understate,3,0.5,5.99,21.103,0.007071270917475708,2.15,8.25,speech
may,influence,5,1.63,3.07,4.407,0.01637957949267821,1.79,5.63,speech
may,appear,3,0.75,3.99,7.03,0.02912532290580501,1.54,4.97,speech
may,know,4,1.38,2.9,4.021,0.0388961782584244,1.41,4.09,speech
may,be+able,5,2.0,2.5,3.202,0.04050786540909322,1.39,3.87,speech
may,want,3,0.88,3.42,5.271,0.04630974375681517,1.33,3.99,speech
may,change,6,2.75,2.18,2.643,0.0480528960290363,1.32,3.46,speech
may,warrant,5,2.13,2.35,2.934,0.05168517483444067,1.29,3.41,speech
may,evolve,4,1.5,2.66,3.517,0.05273883660253754,1.28,3.5,speech
may,ask,3,1.13,2.66,3.511,0.09195343573642945,1.04,2.62,speech
may,come,6,3.0,2.0,2.348,0.10993100048218782,0.96,2.78,speech
may,serve,3,1.5,2.0,2.339,0.18227563945570616,0.74,1.39,speech
may,push,3,1.63,1.84,2.104,0.21628877936367538,0.66,1.1,speech
may,lead,5,3.63,1.38,1.461,0.39923852232899715,0.4,0.54,speech
may,face,3,1.88,1.6,1.752,0.42133706635424506,0.38,0.67,speech
may,look,3,1.88,1.6,1.752,0.42133706635424506,0.38,0.67,speech
may,put,3,2.0,1.5,1.617,0.44077092880980695,0.36,0.51,speech
may,increase,3,2.13,1.41,1.501,0.46232196603248593,0.34,0.37,speech
may,require,6,4.88,1.23,1.274,0.6234142380899903,0.21,0.28,speech
may,be+appropriate,6,5.26,1.14,1.167,0.6423349768209955,0.19,0.12,speech
may,help,11,9.89,1.11,1.134,0.7298971684456275,0.14,0.14,speech
may,have,9,8.76,1.03,1.032,0.8561384919963511,0.07,0.01,speech
may,need,7,6.88,1.02,1.019,1.0,-0.0,0.0,speech
may,provide,3,3.0,1.0,0.998,1.0,0.0,0.0,speech
may,take,4,7.01,0.57,0.533,0.306864448375908,-0.51,1.74,speech
may,do,3,7.26,0.41,0.377,0.10746213157537421,-0.97,3.61,speech
may,continue,3,13.52,0.22,0.194,0.0005711823720961223,-3.24,13.43,speech
should,note,6,0.91,6.59,11.051,0.0001364973655671603,3.86,14.88,speech
should,consider,7,1.5,4.68,6.46,0.0004466202419086301,3.35,12.29,speech
should,understand,3,0.26,11.54,43.707,0.0010333744751820793,2.99,12.07,speech
should,adjust,4,0.85,4.73,6.488,0.007799408781536417,2.11,7.07,speech
should,decline,4,0.91,4.39,5.838,0.010371277849607794,1.98,6.5,speech
should,expand,3,0.59,5.13,7.273,0.01699627762080555,1.77,5.78,speech
should,support,4,1.24,3.24,3.886,0.031103245157412737,1.51,4.36,speech
should,serve,3,0.78,3.85,4.844,0.03852115416219079,1.41,4.14,speech
should,keep,3,0.98,3.08,3.63,0.06905197877306156,1.16,3.02,speech
should,look,3,0.98,3.08,3.63,0.06905197877306156,1.16,3.02,speech
should,take,7,3.64,1.92,2.088,0.09083424086014086,1.04,2.71,speech
should,be,3,1.17,2.56,2.901,0.1075109256200418,0.97,2.21,speech
should,begin,3,1.37,2.2,2.416,0.15238583398199415,0.82,1.61,speech
should,rise,3,1.56,1.92,2.069,0.20201774381140036,0.69,1.15,speech
should,make,4,2.47,1.62,1.704,0.30813731606171346,0.51,0.87,speech
should,move,3,2.15,1.4,1.444,0.47161603497335125,0.33,0.33,speech
should,have,4,4.55,0.88,0.869,1.0,0.0,0.08,speech
should,continue,6,7.02,0.85,0.842,0.8435143886637166,-0.07,0.17,speech
should,help,3,5.14,0.58,0.562,0.4856058004049391,-0.31,1.13,speech
will,discuss,55,19.24,2.86,inf,3.683564404509953e-26,25.43,117.16,speech
will,continue,81,37.79,2.14,5.898,1.265818537278983e-17,16.9,74.35,speech
will,focus,19,7.7,2.47,11.938,9.181984132934443e-07,6.04,25.13,speech
will,need,37,19.24,1.92,3.907,1.1028999183414267e-06,5.96,24.07,speech
will,turn,21,9.45,2.22,6.6,6.351159906995739e-06,5.2,20.84,speech
will,review,8,2.8,2.86,inf,0.00022121239887495686,3.66,16.84,speech
will,address,11,4.55,2.42,10.303,0.00033845222857590364,3.47,13.72,speech
will,conclude,9,3.5,2.57,16.84,0.0005291590935596769,3.28,13.3,speech
will,remain,23,12.6,1.83,3.331,0.0005901677627273023,3.23,12.55,speech
will,monitor,7,2.45,2.86,inf,0.000634625734477335,3.2,14.73,speech
will,publish,7,2.45,2.86,inf,0.000634625734477335,3.2,14.73,speech
will,depend,15,7.35,2.04,4.691,0.0008203789301821616,3.09,11.62,speech
will,assess,10,4.2,2.38,9.359,0.0008290881062680961,3.08,11.96,speech
will,grow,11,4.9,2.25,6.866,0.0010789931769605802,2.97,11.19,speech
will,explore,8,3.15,2.54,14.957,0.0013743744896092275,2.86,11.41,speech
will,determine,4,1.4,2.86,inf,0.014936634089294942,1.83,8.41,speech
will,highlight,4,1.4,2.86,inf,0.014936634089294942,1.83,8.41,speech
will,speak,4,1.4,2.86,inf,0.014936634089294942,1.83,8.41,speech
will,summarize,4,1.4,2.86,inf,0.014936634089294942,1.83,8.41,speech
will,begin,13,7.35,1.77,3.041,0.0190250339948791,1.72,6.32,speech
will,describe,8,3.85,2.08,4.981,0.02079230115581894,1.68,6.52,speech
will,hear,5,2.1,2.38,9.325,0.022190519982299366,1.65,5.97,speech
will,take,28,19.59,1.43,1.878,0.023064075834765566,1.64,5.38,speech
will,offer,6,2.8,2.14,5.597,0.0251343600103598,1.6,5.34,speech
will,move,18,11.55,1.56,2.248,0.026166860988027424,1.58,5.3,speech
will,evolve,8,4.2,1.91,3.734,0.030889147288817368,1.51,4.99,speech
will,act,7,3.5,2.0,4.355,0.03919416929140014,1.41,5.08,speech
will,inform,7,3.5,2.0,4.355,0.03919416929140014,1.41,5.08,speech
will,devote,3,1.05,2.86,inf,0.042759776020334546,1.37,6.31,speech
will,release,3,1.05,2.86,inf,0.042759776020334546,1.37,6.31,speech
will,report,3,1.05,2.86,inf,0.042759776020334546,1.37,6.31,speech
will,will,3,1.05,2.86,inf,0.042759776020334546,1.37,6.31,speech
will,be+appropriate,21,14.69,1.43,1.873,0.04992557412623153,1.3,4.02,speech
will,argue,4,1.75,2.29,7.454,0.05382390297150159,1.27,4.27,speech
will,be+news,4,1.75,2.29,7.454,0.05382390297150159,1.27,4.27,speech
will,present,4,1.75,2.29,7.454,0.05382390297150159,1.27,4.27,speech
will,settle,5,2.45,2.04,4.66,0.05534187164964668,1.26,3.86,speech
will,return,9,5.25,1.71,2.8,0.0558205391529836,1.25,3.9,speech
will,adjust,8,4.55,1.76,2.986,0.0752167537711417,1.12,3.8,speech
will,close,3,1.4,2.14,5.586,0.12622920181345337,0.9,2.67,speech
will,ensure,3,1.4,2.14,5.586,0.12622920181345337,0.9,2.67,speech
will,mention,3,1.4,2.14,5.586,0.12622920181345337,0.9,2.67,speech
will,proceed,3,1.4,2.14,5.586,0.12622920181345337,0.9,2.67,speech
will,seek,3,1.4,2.14,5.586,0.12622920181345337,0.9,2.67,speech
will,start,9,5.95,1.51,2.099,0.1311335931000563,0.88,2.3,speech
will,get,5,2.8,1.79,3.106,0.13746548181976587,0.86,2.51,speech
will,persist,5,2.8,1.79,3.106,0.13746548181976587,0.86,2.51,speech
will,keep,8,5.25,1.52,2.131,0.17399843879691876,0.76,2.11,speech
will,feel,4,2.1,1.91,3.725,0.19242509862359433,0.72,2.49,speech
will,include,6,3.85,1.56,2.236,0.2085053630359026,0.68,1.76,speech
will,be+important,5,3.15,1.59,2.328,0.2921398117292669,0.53,1.59,speech
will,aim,3,1.75,1.71,2.792,0.35080250072132885,0.45,1.3,speech
will,differ,3,1.75,1.71,2.792,0.35080250072132885,0.45,1.3,speech
will,emphasize,3,1.75,1.71,2.792,0.35080250072132885,0.45,1.3,speech
will,guide,3,1.75,1.71,2.792,0.35080250072132885,0.45,1.3,speech
will,try,3,1.75,1.71,2.792,0.35080250072132885,0.45,1.3,speech
will,achieve,6,4.55,1.32,1.596,0.3963920227236406,0.4,0.69,speech
will,respond,6,4.55,1.32,1.596,0.3963920227236406,0.4,0.69,speech
will,give,3,2.1,1.43,1.86,0.42791806087654416,0.37,0.57,speech
will,spend,3,2.1,1.43,1.86,0.42791806087654416,0.37,0.57,speech
will,benefit,7,5.6,1.25,1.448,0.4446515636562808,0.35,0.53,speech
will,come,10,8.4,1.19,1.33,0.5224338602332397,0.28,0.46,speech
will,prove,6,4.9,1.22,1.396,0.5791927813043152,0.24,0.37,speech
will,tend,6,4.9,1.22,1.396,0.5791927813043152,0.24,0.37,speech
will,become,7,5.95,1.18,1.302,0.6151621751509462,0.21,0.28,speech
will,consider,9,8.05,1.12,1.196,0.6663241397015998,0.18,0.17,speech
will,be+sufficient,3,2.45,1.22,1.395,0.7012043155309767,0.15,0.19,speech
will,deliver,3,2.45,1.22,1.395,0.7012043155309767,0.15,0.19,speech
will,end,3,2.45,1.22,1.395,0.7012043155309767,0.15,0.19,speech
will,pay,3,2.45,1.22,1.395,0.7012043155309767,0.15,0.19,speech
will,receive,3,2.45,1.22,1.395,0.7012043155309767,0.15,0.19,speech
will,tell,3,2.45,1.22,1.395,0.7012043155309767,0.15,0.19,speech
will,want,3,2.45,1.22,1.395,0.7012043155309767,0.15,0.19,speech
will,promote,4,3.15,1.27,1.488,0.7280182180526323,0.14,0.34,speech
will,leave,4,3.5,1.14,1.24,0.7474121652583867,0.13,0.11,speech
will,require,15,13.64,1.1,1.163,0.7359263310643269,0.13,0.21,speech
will,be+able,6,5.6,1.07,1.115,0.7987840121993413,0.1,0.04,speech
will,put,6,5.6,1.07,1.115,0.7987840121993413,0.1,0.04,speech
will,support,7,6.65,1.05,1.084,0.8151011668230349,0.09,0.03,speech
will,rise,9,8.4,1.07,1.116,0.8312529044700652,0.08,0.07,speech
will,make,14,13.3,1.05,1.085,0.8645737446750306,0.06,0.06,speech
will,allow,4,4.55,0.88,0.825,1.0,0.0,0.1,speech
will,ask,3,3.15,0.95,0.929,1.0,0.0,0.01,speech
will,be+effective,3,3.15,0.95,0.929,1.0,0.0,0.01,speech
will,bring,5,4.9,1.02,1.032,1.0,-0.0,0.0,speech
will,expand,3,3.15,0.95,0.929,1.0,0.0,0.01,speech
will,explain,6,5.95,1.01,1.014,1.0,-0.0,0.0,speech
will,face,5,5.25,0.95,0.929,1.0,0.0,0.02,speech
will,fall,5,4.9,1.02,1.032,1.0,-0.0,0.0,speech
will,learn,4,4.2,0.95,0.929,1.0,0.0,0.01,speech
will,look,5,5.25,0.95,0.929,1.0,0.0,0.02,speech
will,occur,3,3.5,0.86,0.796,1.0,0.0,0.11,speech
will,go,4,4.9,0.82,0.742,0.7817904479691231,-0.11,0.26,speech
will,know,3,3.85,0.78,0.696,0.7568742774548844,-0.12,0.3,speech
will,have,22,24.49,0.9,0.849,0.6130274232351156,-0.21,0.4,speech
will,result,4,5.6,0.71,0.618,0.6001977193934345,-0.22,0.74,speech
will,say,4,5.25,0.76,0.675,0.5963466875329203,-0.22,0.48,speech
will,work,3,4.55,0.66,0.556,0.5616292419876088,-0.25,0.87,speech
will,change,6,7.7,0.78,0.695,0.5093246147403212,-0.29,0.6,speech
will,warrant,4,5.95,0.67,0.57,0.44648125360688573,-0.35,1.05,speech
will,decline,3,4.9,0.61,0.506,0.4031460784554611,-0.39,1.23,speech
will,note,3,4.9,0.61,0.506,0.4031460784554611,-0.39,1.23,speech
will,provide,6,8.4,0.71,0.618,0.392258759980377,-0.41,1.12,speech
will,reduce,4,6.3,0.64,0.529,0.32646564805568695,-0.49,1.4,speech
will,play,4,6.65,0.6,0.494,0.23627536805464225,-0.63,1.77,speech
will,do,15,20.29,0.74,0.644,0.16536940554847102,-0.78,2.27,speech
will,reflect,5,8.75,0.57,0.462,0.14167958621960972,-0.85,2.72,speech
will,be,3,6.3,0.48,0.37,0.13697393783987777,-0.86,3.01,speech
will,help,21,27.64,0.76,0.667,0.12179531083298428,-0.91,2.62,speech
will,hold,3,6.65,0.45,0.347,0.0929988921282183,-1.03,3.52,speech
will,improve,3,6.65,0.45,0.347,0.0929988921282183,-1.03,3.52,speech
will,see,4,8.75,0.46,0.352,0.05664316754730801,-1.25,4.53,speech
will,affect,4,10.5,0.38,0.284,0.011681521134396428,-1.93,7.28,speech
will,find,3,9.45,0.32,0.23,0.00769408432303993,-2.11,8.18,speech
will,use,4,12.25,0.33,0.237,0.00220429222993095,-2.66,10.31,speech
would,like,54,10.1,5.35,inf,7.765408028172557e-41,40.11,184.78,speech
would,expect,19,4.49,4.23,16.978,1.9463451569753422e-10,9.71,41.61,speech
would,be+consistent,10,2.06,4.86,44.118,4.5380716815615747e-07,6.34,27.36,speech
would,prefer,6,1.12,5.35,inf,4.204444042421155e-05,4.38,20.16,speech
would,imply,5,0.94,5.35,inf,0.00022617454741257894,3.65,16.79,speech
would,risk,7,2.24,3.12,6.139,0.0025656121976878974,2.59,9.28,speech
would,signal,5,1.31,3.82,10.941,0.003395200424757359,2.47,9.24,speech
would,prescribe,4,0.94,4.28,17.485,0.005171141070980544,2.29,8.84,speech
would,be+expansionary,3,0.56,5.35,inf,0.006520594416309504,2.19,10.07,speech
would,be+what,5,1.5,3.34,7.291,0.007665614658428017,2.12,7.44,speech
would,suggest,4,1.12,3.56,8.739,0.013219773048232795,1.88,6.62,speech
would,be+case,3,0.75,4.01,13.093,0.022436874108859504,1.65,5.98,speech
would,lose,3,0.75,4.01,13.093,0.022436874108859504,1.65,5.98,speech
would,prevail,3,0.75,4.01,13.093,0.022436874108859504,1.65,5.98,speech
would,weigh,3,0.75,4.01,13.093,0.022436874108859504,1.65,5.98,speech
would,call,5,1.87,2.67,4.372,0.02480181286330858,1.61,4.99,speech
would,increase,7,3.18,2.2,3.064,0.02655982913301741,1.58,4.6,speech
would,fall,6,2.62,2.29,3.28,0.03222691333262869,1.49,4.33,speech
would,tend,6,2.62,2.29,3.28,0.03222691333262869,1.49,4.33,speech
would,add,4,1.5,2.67,4.367,0.04497279176730539,1.35,3.99,speech
would,run,4,1.5,2.67,4.367,0.04497279176730539,1.35,3.99,speech
would,be+necessary,3,0.94,3.21,6.544,0.04833547366567794,1.32,4.16,speech
would,agree,3,1.12,2.67,4.361,0.08345117428312307,1.08,2.99,speech
would,be+percent,3,1.12,2.67,4.361,0.08345117428312307,1.08,2.99,speech
would,create,3,1.12,2.67,4.361,0.08345117428312307,1.08,2.99,speech
would,mean,3,1.12,2.67,4.361,0.08345117428312307,1.08,2.99,speech
would,shift,3,1.12,2.67,4.361,0.08345117428312307,1.08,2.99,speech
would,spend,3,1.12,2.67,4.361,0.08345117428312307,1.08,2.99,speech
would,be+appropriate,12,7.86,1.53,1.752,0.11029367047171601,0.96,2.44,speech
would,be+sufficient,3,1.31,2.29,3.27,0.1263001525858153,0.9,2.16,speech
would,slow,3,1.31,2.29,3.27,0.1263001525858153,0.9,2.16,speech
would,require,11,7.3,1.51,1.719,0.14576956185331466,0.84,2.1,speech
would,note,5,2.62,1.91,2.425,0.15792168334015055,0.8,2.25,speech
would,be+higher,3,1.5,2.0,2.615,0.17509656907692128,0.76,1.55,speech
would,rise,7,4.49,1.56,1.798,0.19042455216931073,0.72,1.55,speech
would,be+able,5,2.99,1.67,1.983,0.20018512495692842,0.7,1.45,speech
would,benefit,5,2.99,1.67,1.983,0.20018512495692842,0.7,1.45,speech
would,result,5,2.99,1.67,1.983,0.20018512495692842,0.7,1.45,speech
would,have,17,13.09,1.3,1.404,0.21794382519462924,0.66,1.37,speech
would,push,4,2.43,1.64,1.937,0.2810409909012077,0.55,1.09,speech
would,decline,4,2.62,1.53,1.743,0.31257623299899084,0.51,0.8,speech
would,warrant,5,3.18,1.57,1.817,0.3434731007300339,0.46,1.14,speech
would,be,5,3.37,1.49,1.677,0.3587812906770878,0.45,0.88,speech
would,remain,9,6.73,1.34,1.455,0.38745197225911426,0.41,0.88,speech
would,face,4,2.81,1.43,1.584,0.5022276552721443,0.3,0.57,speech
would,move,7,6.17,1.13,1.172,0.6570018352276606,0.18,0.13,speech
would,allow,3,2.43,1.23,1.305,0.7198914078878176,0.14,0.16,speech
would,pose,3,2.43,1.23,1.305,0.7198914078878176,0.14,0.16,speech
would,respond,3,2.43,1.23,1.305,0.7198914078878176,0.14,0.16,speech
would,work,3,2.43,1.23,1.305,0.7198914078878176,0.14,0.16,speech
would,keep,3,2.81,1.07,1.087,0.7508944673572391,0.12,0.02,speech
would,reduce,4,3.37,1.19,1.243,0.7604014433842063,0.12,0.14,speech
would,return,3,2.81,1.07,1.087,0.7508944673572391,0.12,0.02,speech
would,consider,5,4.3,1.16,1.209,0.7874104378865914,0.1,0.13,speech
would,become,3,3.18,0.94,0.931,1.0,0.0,0.01,speech
would,begin,4,3.93,1.02,1.023,1.0,-0.0,0.0,speech
would,depend,4,3.93,1.02,1.023,1.0,-0.0,0.0,speech
would,need,10,10.29,0.97,0.965,1.0,0.0,0.01,speech
would,make,6,7.11,0.84,0.813,0.8343916854825354,-0.08,0.22,speech
would,affect,4,5.61,0.71,0.667,0.6378329550072175,-0.2,0.62,speech
would,lead,4,5.42,0.74,0.693,0.6360287747400828,-0.2,0.5,speech
would,do,7,10.85,0.65,0.592,0.23504965215850943,-0.63,1.9,speech
would,take,5,10.48,0.48,0.422,0.05820136060389605,-1.24,4.25,speech
would,help,6,14.78,0.41,0.351,0.008106219811649005,-2.09,8.03,speech
would,continue,8,20.2,0.4,0.34,0.0015152669963965333,-2.82,11.49,speech
