doc_id,doc_type,date,chair,n_tokens,year,will,would,could,can,should,may,will_per1k,would_per1k,could_per1k,can_per1k,should_per1k,may_per1k,will_share,would_share,could_share,can_share,should_share,may_share,six_total,six_per1k
speech_bernanke_20140103a,speech,2014-01-03,Bernanke,7448,2014,19,14,2,4,5,8,2.5510204081632653,1.8796992481203008,0.26852846401718583,0.5370569280343717,0.6713211600429646,1.0741138560687433,0.36538461538461536,0.2692307692307692,0.038461538461538464,0.07692307692307693,0.09615384615384616,0.15384615384615385,52,6.981740064446831
statement_20140129,statement,2014-01-29,Bernanke,873,2014,14,0,1,0,2,0,16.036655211912944,0.0,1.145475372279496,0.0,2.290950744558992,0.0,0.8235294117647058,0.0,0.058823529411764705,0.0,0.11764705882352941,0.0,17,19.47308132875143
minutes_20140129,minutes,2014-01-29,Bernanke,12163,2014,20,43,10,0,7,19,1.644331168297295,3.5353120118391845,0.8221655841486475,0.0,0.5755159089040532,1.5621146098824303,0.20202020202020202,0.43434343434343436,0.10101010101010101,0.0,0.0707070707070707,0.1919191919191919,99,8.13943928307161
speech_yellen_20140305a,speech,2014-03-05,Yellen,856,2014,3,1,0,3,0,0,3.5046728971962615,1.1682242990654206,0.0,3.5046728971962615,0.0,0.0,0.42857142857142855,0.14285714285714285,0.0,0.42857142857142855,0.0,0.0,7,8.177570093457945
minutes_20140319,minutes,2014-03-19,Yellen,8430,2014,16,43,19,0,11,5,1.8979833926453145,5.100830367734282,2.2538552787663106,0.0,1.3048635824436536,0.5931198102016607,0.1702127659574468,0.4574468085106383,0.20212765957446807,0.0,0.11702127659574468,0.05319148936170213,94,11.150652431791222
statement_20140319,statement,2014-03-19,Yellen,921,2014,13,0,1,0,2,1,14.115092290988056,0.0,1.0857763300760044,0.0,2.1715526601520088,1.0857763300760044,0.7647058823529411,0.0,0.058823529411764705,0.0,0.11764705882352941,0.058823529411764705,17,18.458197611292075
transcript_20140319,press_conf,2014-03-19,Yellen,7922,2014,55,53,15,11,5,7,6.9426912395859635,6.690229739964655,1.8934612471598082,1.3885382479171926,0.6311537490532694,0.8836152486745771,0.3767123287671233,0.363013698630137,0.10273972602739725,0.07534246575342465,0.03424657534246575,0.04794520547945205,146,18.429689472355467
speech_yellen_20140325a,speech,2014-03-25,Yellen,586,2014,0,2,0,4,0,0,0.0,3.4129692832764507,0.0,6.825938566552901,0.0,0.0,0.0,0.3333333333333333,0.0,0.6666666666666666,0.0,0.0,6,10.238907849829351
speech_yellen_20140331a,speech,2014-03-31,Yellen,4151,2014,19,8,4,8,0,5,4.577210310768489,1.927246446639364,0.963623223319682,1.927246446639364,0.0,1.2045290291496025,0.4318181818181818,0.18181818181818182,0.09090909090909091,0.18181818181818182,0.0,0.11363636363636363,44,10.599855456516503
speech_yellen_20140415a,speech,2014-04-15,Yellen,1087,2014,7,5,2,0,0,2,6.439742410303588,4.599816007359705,1.8399264029438822,0.0,0.0,1.8399264029438822,0.4375,0.3125,0.125,0.0,0.0,0.125,16,14.719411223551058
speech_yellen_20140416a,speech,2014-04-16,Yellen,5353,2014,29,16,5,4,6,9,5.417522884363908,2.9889781430973286,0.9340556697179152,0.7472445357743321,1.1208668036614982,1.6813002054922472,0.42028985507246375,0.2318840579710145,0.07246376811594203,0.057971014492753624,0.08695652173913043,0.13043478260869565,69,12.88996824210723
minutes_20140430,minutes,2014-04-30,Yellen,6860,2014,17,24,5,0,4,2,2.478134110787172,3.498542274052478,0.7288629737609329,0.0,0.5830903790087464,0.2915451895043732,0.3269230769230769,0.46153846153846156,0.09615384615384616,0.0,0.07692307692307693,0.038461538461538464,52,7.580174927113703
statement_20140430,statement,2014-04-30,Yellen,851,2014,13,0,1,0,2,1,15.27614571092832,0.0,1.1750881316098707,0.0,2.3501762632197414,1.1750881316098707,0.7647058823529411,0.0,0.058823529411764705,0.0,0.11764705882352941,0.058823529411764705,17,19.976498237367803
speech_yellen_20140501a,speech,2014-05-01,Yellen,3286,2014,14,4,2,5,6,8,4.26049908703591,1.2172854534388313,0.6086427267194157,1.5216068167985393,1.8259281801582472,2.4345709068776626,0.358974358974359,0.10256410256410256,0.05128205128205128,0.1282051282051282,0.15384615384615385,0.20512820512820512,39,11.868533171028606
speech_yellen_20140515a,speech,2014-05-15,Yellen,563,2014,2,0,0,1,0,0,3.552397868561279,0.0,0.0,1.7761989342806395,0.0,0.0,0.6666666666666666,0.0,0.0,0.3333333333333333,0.0,0.0,3,5.328596802841918
speech_yellen_20140521a,speech,2014-05-21,Yellen,969,2014,5,1,0,6,0,1,5.159958720330238,1.0319917440660475,0.0,6.191950464396285,0.0,1.0319917440660475,0.38461538461538464,0.07692307692307693,0.0,0.46153846153846156,0.0,0.07692307692307693,13,13.415892672858616
minutes_20140618,minutes,2014-06-18,Yellen,8697,2014,17,47,12,0,9,3,1.954697021961596,5.404162354835001,1.379786133149362,0.0,1.0348395998620215,0.3449465332873405,0.19318181818181818,0.5340909090909091,0.13636363636363635,0.0,0.10227272727272728,0.03409090909090909,88,10.11843164309532
transcript_20140618,press_conf,2014-06-18,Yellen,7138,2014,43,47,15,15,6,7,6.024096385542169,6.584477444662371,2.1014289717007566,2.1014289717007566,0.8405715886803026,0.9806668534603531,0.3233082706766917,0.3533834586466165,0.11278195488721804,0.11278195488721804,0.045112781954887216,0.05263157894736842,133,18.632670215746707
statement_20140618,statement,2014-06-18,Yellen,838,2014,13,0,1,0,2,1,15.513126491646778,0.0,1.1933174224343674,0.0,2.386634844868735,1.1933174224343674,0.7647058823529411,0.0,0.058823529411764705,0.0,0.11764705882352941,0.058823529411764705,17,20.286396181384248
speech_yellen_20140702a,speech,2014-07-02,Yellen,4978,2014,14,24,9,10,12,18,2.812374447569305,4.821213338690237,1.8079550020088389,2.008838891120932,2.4106066693451185,3.6159100040176777,0.16091954022988506,0.27586206896551724,0.10344827586206896,0.11494252873563218,0.13793103448275862,0.20689655172413793,87,17.47689835275211
minutes_20140730,minutes,2014-07-30,Yellen,8117,2014,15,30,8,0,12,1,1.8479733891831958,3.6959467783663915,0.9855858075643711,0.0,1.4783787113465565,0.12319822594554639,0.22727272727272727,0.45454545454545453,0.12121212121212122,0.0,0.18181818181818182,0.015151515151515152,66,8.131082912406061
statement_20140730,statement,2014-07-30,Yellen,893,2014,12,0,0,0,2,1,13.437849944008958,0.0,0.0,0.0,2.2396416573348263,1.1198208286674132,0.8,0.0,0.0,0.0,0.13333333333333333,0.06666666666666667,15,16.7973124300112
speech_yellen_20140822a,speech,2014-08-22,Yellen,5636,2014,14,11,21,2,5,22,2.48403122782115,1.951738821859475,3.7260468417317245,0.35486160397445,0.8871540099361249,3.90347764371895,0.18666666666666668,0.14666666666666667,0.28,0.02666666666666667,0.06666666666666667,0.29333333333333333,75,13.307310149041873
statement_20140917,statement,2014-09-17,Yellen,937,2014,13,0,0,0,2,1,13.874066168623266,0.0,0.0,0.0,2.134471718249733,1.0672358591248665,0.8125,0.0,0.0,0.0,0.125,0.0625,16,17.075773745997864
minutes_20140917,minutes,2014-09-17,Yellen,9270,2014,31,33,16,0,4,3,3.344120819848975,3.559870550161812,1.725997842502697,0.0,0.43149946062567424,0.32362459546925565,0.3563218390804598,0.3793103448275862,0.1839080459770115,0.0,0.04597701149425287,0.034482758620689655,87,9.385113268608414
transcript_20140917,press_conf,2014-09-17,Yellen,7367,2014,62,42,10,10,9,7,8.415908782408035,5.701099497760282,1.3574046423238768,1.3574046423238768,1.221664178091489,0.9501832496267137,0.44285714285714284,0.3,0.07142857142857142,0.07142857142857142,0.06428571428571428,0.05,140,19.003664992534276
speech_yellen_20140918a,speech,2014-09-18,Yellen,713,2014,4,2,0,3,0,0,5.610098176718092,2.805049088359046,0.0,4.207573632538569,0.0,0.0,0.4444444444444444,0.2222222222222222,0.0,0.3333333333333333,0.0,0.0,9,12.622720897615709
speech_yellen_20141017a,speech,2014-10-17,Yellen,7018,2014,7,5,0,12,0,9,0.9974351667141635,0.7124536905101169,0.0,1.7098888572242805,0.0,1.2824166429182102,0.21212121212121213,0.15151515151515152,0.0,0.36363636363636365,0.0,0.2727272727272727,33,4.702194357366771
minutes_20141029,minutes,2014-10-29,Yellen,8425,2014,11,38,15,0,10,7,1.3056379821958457,4.510385756676558,1.7804154302670623,0.0,1.1869436201780414,0.8308605341246291,0.13580246913580246,0.4691358024691358,0.18518518518518517,0.0,0.12345679012345678,0.08641975308641975,81,9.614243323442137
statement_20141029,statement,2014-10-29,Yellen,752,2014,6,0,0,0,3,1,7.9787234042553195,0.0,0.0,0.0,3.9893617021276597,1.3297872340425532,0.6,0.0,0.0,0.0,0.3,0.1,10,13.297872340425531
speech_yellen_20141030a,speech,2014-10-30,Yellen,992,2014,2,0,2,0,0,1,2.0161290322580645,0.0,2.0161290322580645,0.0,0.0,1.0080645161290323,0.4,0.0,0.4,0.0,0.0,0.2,5,5.040322580645161
speech_yellen_20141107a,speech,2014-11-07,Yellen,1510,2014,10,3,3,1,1,2,6.622516556291391,1.9867549668874172,1.9867549668874172,0.6622516556291391,0.6622516556291391,1.3245033112582782,0.5,0.15,0.15,0.05,0.05,0.1,20,13.245033112582782
statement_20141217,statement,2014-12-17,Yellen,755,2014,6,0,0,1,4,1,7.947019867549669,0.0,0.0,1.3245033112582782,5.298013245033113,1.3245033112582782,0.5,0.0,0.0,0.08333333333333333,0.3333333333333333,0.08333333333333333,12,15.894039735099337
transcript_20141217,press_conf,2014-12-17,Yellen,7617,2014,63,33,15,26,9,11,8.270972823946435,4.332414336352895,1.9692792437967703,3.413417355914402,1.1815675462780622,1.4441381121176315,0.4012738853503185,0.21019108280254778,0.09554140127388536,0.16560509554140126,0.05732484076433121,0.07006369426751592,157,20.611789418406197
minutes_20141217,minutes,2014-12-17,Yellen,7658,2014,13,32,15,4,8,6,1.6975711674066336,4.178636719770175,1.9587359623922695,0.5223295899712719,1.0446591799425438,0.7834943849569078,0.16666666666666666,0.41025641025641024,0.19230769230769232,0.05128205128205128,0.10256410256410256,0.07692307692307693,78,10.185427004439802
statement_20150128,statement,2015-01-28,Yellen,584,2015,4,0,0,1,1,1,6.8493150684931505,0.0,0.0,1.7123287671232876,1.7123287671232876,1.7123287671232876,0.5714285714285714,0.0,0.0,0.14285714285714285,0.14285714285714285,0.14285714285714285,7,11.986301369863014
minutes_20150128,minutes,2015-01-28,Yellen,14590,2015,13,47,38,3,14,27,0.8910212474297464,3.221384509938314,2.6045236463331047,0.20562028786840303,0.9595613433858807,1.850582590815627,0.09154929577464789,0.33098591549295775,0.2676056338028169,0.02112676056338028,0.09859154929577464,0.19014084507042253,142,9.732693625771075
speech_yellen_20150303a,speech,2015-03-03,Yellen,4369,2015,9,7,3,9,5,9,2.0599679560540167,1.6021972991531244,0.686655985351339,2.0599679560540167,1.1444266422522316,2.0599679560540167,0.21428571428571427,0.16666666666666666,0.07142857142857142,0.21428571428571427,0.11904761904761904,0.21428571428571427,42,9.613183794918745
statement_20150318,statement,2015-03-18,Yellen,598,2015,6,0,0,0,1,1,10.033444816053512,0.0,0.0,0.0,1.6722408026755853,1.6722408026755853,0.75,0.0,0.0,0.0,0.125,0.125,8,13.377926421404682
minutes_20150318,minutes,2015-03-18,Yellen,8642,2015,15,48,16,2,10,6,1.7357093265447814,5.5542698449433,1.8514232816477667,0.23142791020597084,1.157139551029854,0.6942837306179125,0.15463917525773196,0.4948453608247423,0.16494845360824742,0.020618556701030927,0.10309278350515463,0.061855670103092786,97,11.224253644989586
transcript_20150318,press_conf,2015-03-18,Yellen,7192,2015,52,46,16,24,7,4,7.230255839822025,6.395995550611791,2.2246941045606228,3.337041156840934,0.9733036707452726,0.5561735261401557,0.348993288590604,0.3087248322147651,0.10738255033557047,0.1610738255033557,0.04697986577181208,0.026845637583892617,149,20.7174638487208
speech_yellen_20150327a,speech,2015-03-27,Yellen,6480,2015,36,19,13,13,13,8,5.555555555555555,2.932098765432099,2.006172839506173,2.006172839506173,2.006172839506173,1.2345679012345678,0.35294117647058826,0.18627450980392157,0.12745098039215685,0.12745098039215685,0.12745098039215685,0.0784313725490196,102,15.74074074074074
speech_yellen_20150402a,speech,2015-04-02,Yellen,1367,2015,10,4,1,3,1,14,7.315288953913679,2.926115581565472,0.731528895391368,2.194586686174104,0.731528895391368,10.241404535479152,0.30303030303030304,0.12121212121212122,0.030303030303030304,0.09090909090909091,0.030303030303030304,0.42424242424242425,33,24.140453547915143
minutes_20150429,minutes,2015-04-29,Yellen,7690,2015,10,29,10,0,9,3,1.3003901170351104,3.7711313394018204,1.3003901170351104,0.0,1.1703511053315996,0.39011703511053314,0.16393442622950818,0.47540983606557374,0.16393442622950818,0.0,0.14754098360655737,0.04918032786885246,61,7.932379713914174
statement_20150429,statement,2015-04-29,Yellen,575,2015,6,0,0,0,1,1,10.434782608695652,0.0,0.0,0.0,1.7391304347826086,1.7391304347826086,0.75,0.0,0.0,0.0,0.125,0.125,8,13.91304347826087
speech_yellen_20150506a,speech,2015-05-06,Yellen,3118,2015,2,5,3,3,1,9,0.6414368184733804,1.603592046183451,0.9621552277100706,0.9621552277100706,0.3207184092366902,2.886465683130212,0.08695652173913043,0.21739130434782608,0.13043478260869565,0.13043478260869565,0.043478260869565216,0.391304347826087,23,7.376523412443874
speech_yellen_20150522a,speech,2015-05-22,Yellen,3789,2015,19,9,6,7,4,12,5.014515703351808,2.375296912114014,1.5835312747426762,1.8474531538664556,1.0556875164951174,3.1670625494853524,0.3333333333333333,0.15789473684210525,0.10526315789473684,0.12280701754385964,0.07017543859649122,0.21052631578947367,57,15.043547110055423
transcript_20150617,press_conf,2015-06-17,Yellen,7609,2015,64,38,20,25,12,8,8.411092127743462,4.994085950847681,2.6284662899198317,3.2855828623997896,1.5770797739518991,1.0513865159679328,0.38323353293413176,0.2275449101796407,0.11976047904191617,0.1497005988023952,0.0718562874251497,0.04790419161676647,167,21.947693520830594
minutes_20150617,minutes,2015-06-17,Yellen,8186,2015,12,38,10,0,5,5,1.4659174199853409,4.642071829953579,1.221597849987784,0.0,0.610798924993892,0.610798924993892,0.17142857142857143,0.5428571428571428,0.14285714285714285,0.0,0.07142857142857142,0.07142857142857142,70,8.551184949914488
statement_20150617,statement,2015-06-17,Yellen,560,2015,6,0,0,0,1,1,10.714285714285714,0.0,0.0,0.0,1.7857142857142858,1.7857142857142858,0.75,0.0,0.0,0.0,0.125,0.125,8,14.285714285714286
speech_yellen_20150710a,speech,2015-07-10,Yellen,4300,2015,15,11,6,6,4,13,3.488372093023256,2.558139534883721,1.3953488372093024,1.3953488372093024,0.9302325581395349,3.0232558139534884,0.2727272727272727,0.2,0.10909090909090909,0.10909090909090909,0.07272727272727272,0.23636363636363636,55,12.790697674418604
statement_20150729,statement,2015-07-29,Yellen,553,2015,6,0,0,0,1,1,10.849909584086799,0.0,0.0,0.0,1.8083182640144666,1.8083182640144666,0.75,0.0,0.0,0.0,0.125,0.125,8,14.466546112115733
minutes_20150729,minutes,2015-07-29,Yellen,8543,2015,17,41,11,0,7,2,1.989933278707714,4.799250848648016,1.2876038862226384,0.0,0.819384291232588,0.23410979749502517,0.21794871794871795,0.5256410256410257,0.14102564102564102,0.0,0.08974358974358974,0.02564102564102564,78,9.130282102305982
transcript_20150917,press_conf,2015-09-17,Yellen,7655,2015,58,47,10,14,13,5,7.576747224036577,6.139777922926192,1.3063357282821686,1.828870019595036,1.6982364467668192,0.6531678641410843,0.3945578231292517,0.3197278911564626,0.06802721088435375,0.09523809523809523,0.08843537414965986,0.034013605442176874,147,19.203135205747877
statement_20150917,statement,2015-09-17,Yellen,603,2015,6,0,0,0,1,2,9.950248756218905,0.0,0.0,0.0,1.658374792703151,3.316749585406302,0.6666666666666666,0.0,0.0,0.0,0.1111111111111111,0.2222222222222222,9,14.925373134328359
minutes_20150917,minutes,2015-09-17,Yellen,7533,2015,10,34,13,0,3,7,1.3274923669188903,4.513474047524227,1.7257400769945572,0.0,0.39824771007566706,0.9292446568432231,0.14925373134328357,0.5074626865671642,0.19402985074626866,0.0,0.04477611940298507,0.1044776119402985,67,8.894198858356564
speech_yellen_20150924a,speech,2015-09-24,Yellen,10924,2015,31,25,7,26,11,14,2.8377883559135846,2.288538996704504,0.640790919077261,2.380080556572684,1.0069571585499817,1.281581838154522,0.2719298245614035,0.21929824561403508,0.06140350877192982,0.22807017543859648,0.09649122807017543,0.12280701754385964,114,10.435737824972538
speech_yellen_20150930a,speech,2015-09-30,Yellen,1219,2015,4,0,1,10,1,1,3.281378178835111,0.0,0.8203445447087777,8.203445447087777,0.8203445447087777,0.8203445447087777,0.23529411764705882,0.0,0.058823529411764705,0.5882352941176471,0.058823529411764705,0.058823529411764705,17,13.945857260049221
speech_yellen_20151020a,speech,2015-10-20,Yellen,827,2015,0,0,2,2,0,0,0.0,0.0,2.418379685610641,2.418379685610641,0.0,0.0,0.0,0.0,0.5,0.5,0.0,0.0,4,4.836759371221282
minutes_20151028,minutes,2015-10-28,Yellen,8169,2015,15,38,10,1,5,5,1.8362100624311422,4.651732158158893,1.2241400416207615,0.12241400416207614,0.6120700208103808,0.6120700208103808,0.20270270270270271,0.5135135135135135,0.13513513513513514,0.013513513513513514,0.06756756756756757,0.06756756756756757,74,9.058636307993634
statement_20151028,statement,2015-10-28,Yellen,594,2015,7,0,0,0,1,1,11.784511784511784,0.0,0.0,0.0,1.6835016835016836,1.6835016835016836,0.7777777777777778,0.0,0.0,0.0,0.1111111111111111,0.1111111111111111,9,15.151515151515152
speech_yellen_20151112a,speech,2015-11-12,Yellen,623,2015,5,0,0,0,1,2,8.025682182985554,0.0,0.0,0.0,1.6051364365971108,3.2102728731942216,0.625,0.0,0.0,0.0,0.125,0.25,8,12.841091492776886
speech_yellen_20151202a,speech,2015-12-02,Yellen,5345,2015,21,32,4,4,3,6,3.9289055191768005,5.9869036482694105,0.7483629560336763,0.7483629560336763,0.5612722170252572,1.1225444340505144,0.3,0.45714285714285713,0.05714285714285714,0.05714285714285714,0.04285714285714286,0.08571428571428572,70,13.096351730589335
transcript_20151216,press_conf,2015-12-16,Yellen,8800,2015,66,64,15,5,10,7,7.5,7.2727272727272725,1.7045454545454546,0.5681818181818182,1.1363636363636365,0.7954545454545454,0.39520958083832336,0.38323353293413176,0.08982035928143713,0.029940119760479042,0.059880239520958084,0.041916167664670656,167,18.977272727272727
statement_20151216,statement,2015-12-16,Yellen,609,2015,9,0,0,0,1,0,14.77832512315271,0.0,0.0,0.0,1.6420361247947455,0.0,0.9,0.0,0.0,0.0,0.1,0.0,10,16.420361247947454
minutes_20151216,minutes,2015-12-16,Yellen,7741,2015,10,38,12,0,6,5,1.291822761917065,4.908926495284847,1.550187314300478,0.0,0.775093657150239,0.6459113809585325,0.14084507042253522,0.5352112676056338,0.16901408450704225,0.0,0.08450704225352113,0.07042253521126761,71,9.171941609611162
statement_20160127,statement,2016-01-27,Yellen,568,2016,8,0,0,0,1,0,14.084507042253522,0.0,0.0,0.0,1.7605633802816902,0.0,0.8888888888888888,0.0,0.0,0.0,0.1111111111111111,0.0,9,15.845070422535212
minutes_20160127,minutes,2016-01-27,Yellen,13800,2016,13,50,21,0,9,20,0.9420289855072463,3.6231884057971016,1.5217391304347827,0.0,0.6521739130434783,1.4492753623188406,0.11504424778761062,0.4424778761061947,0.18584070796460178,0.0,0.07964601769911504,0.17699115044247787,113,8.18840579710145
minutes_20160316,minutes,2016-03-16,Yellen,7843,2016,8,31,11,0,5,4,1.0200178503123805,3.952569169960474,1.402524544179523,0.0,0.6375111564452378,0.5100089251561902,0.13559322033898305,0.5254237288135594,0.1864406779661017,0.0,0.0847457627118644,0.06779661016949153,59,7.522631646053806
transcript_20160316,press_conf,2016-03-16,Yellen,7625,2016,37,38,14,6,14,10,4.852459016393443,4.983606557377049,1.8360655737704918,0.7868852459016393,1.8360655737704918,1.3114754098360655,0.31092436974789917,0.31932773109243695,0.11764705882352941,0.05042016806722689,0.11764705882352941,0.08403361344537816,119,15.60655737704918
statement_20160316,statement,2016-03-16,Yellen,581,2016,8,0,0,0,1,0,13.769363166953529,0.0,0.0,0.0,1.721170395869191,0.0,0.8888888888888888,0.0,0.0,0.0,0.1111111111111111,0.0,9,15.49053356282272
speech_yellen_20160329a,speech,2016-03-29,Yellen,5166,2016,31,22,14,7,2,11,6.00077429345722,4.258614014711576,2.710027100271003,1.3550135501355014,0.38714672861014326,2.129307007355788,0.3563218390804598,0.25287356321839083,0.16091954022988506,0.08045977011494253,0.022988505747126436,0.12643678160919541,87,16.840882694541232
minutes_20160427,minutes,2016-04-27,Yellen,9416,2016,8,38,11,0,9,5,0.8496176720475785,4.035683942225998,1.1682242990654206,0.0,0.9558198810535259,0.5310110450297366,0.11267605633802817,0.5352112676056338,0.15492957746478872,0.0,0.1267605633802817,0.07042253521126761,71,7.54035683942226
statement_20160427,statement,2016-04-27,Yellen,586,2016,8,0,0,0,1,0,13.651877133105803,0.0,0.0,0.0,1.7064846416382253,0.0,0.8888888888888888,0.0,0.0,0.0,0.1111111111111111,0.0,9,15.358361774744028
speech_yellen_20160606a,speech,2016-06-06,Yellen,5477,2016,38,13,11,9,6,6,6.93810480189885,2.373562169070659,2.008398758444404,1.6432353478181487,1.0954902318787658,1.0954902318787658,0.4578313253012048,0.1566265060240964,0.13253012048192772,0.10843373493975904,0.07228915662650602,0.07228915662650602,83,15.154281540989594
minutes_20160615,minutes,2016-06-15,Yellen,8433,2016,9,33,16,0,6,4,1.0672358591248665,3.913198150124511,1.897308193999763,0.0,0.711490572749911,0.47432704849994073,0.1323529411764706,0.4852941176470588,0.23529411764705882,0.0,0.08823529411764706,0.058823529411764705,68,8.063559824498991
transcript_20160615,press_conf,2016-06-15,Yellen,7118,2016,40,44,26,10,15,6,5.61955605507165,6.181511660578814,3.652711435796572,1.4048890137679124,2.1073335206518684,0.8429334082607474,0.28368794326241137,0.3120567375886525,0.18439716312056736,0.07092198581560284,0.10638297872340426,0.0425531914893617,141,19.808935094127563
statement_20160615,statement,2016-06-15,Yellen,550,2016,8,0,0,0,1,0,14.545454545454545,0.0,0.0,0.0,1.8181818181818181,0.0,0.8888888888888888,0.0,0.0,0.0,0.1111111111111111,0.0,9,16.363636363636363
minutes_20160727,minutes,2016-07-27,Yellen,10412,2016,9,41,11,2,9,5,0.8643872454859777,3.9377641183250094,1.0564733000384172,0.1920860545524395,0.8643872454859777,0.48021513638109875,0.11688311688311688,0.5324675324675324,0.14285714285714285,0.025974025974025976,0.11688311688311688,0.06493506493506493,77,7.39531310026892
statement_20160727,statement,2016-07-27,Yellen,576,2016,8,0,0,0,1,0,13.88888888888889,0.0,0.0,0.0,1.7361111111111112,0.0,0.8888888888888888,0.0,0.0,0.0,0.1111111111111111,0.0,9,15.625
speech_yellen_20160826a,speech,2016-08-26,Yellen,6600,2016,22,26,27,7,5,11,3.3333333333333335,3.9393939393939394,4.090909090909091,1.0606060606060606,0.7575757575757576,1.6666666666666667,0.22448979591836735,0.2653061224489796,0.2755102040816326,0.07142857142857142,0.05102040816326531,0.11224489795918367,98,14.848484848484848
minutes_20160921,minutes,2016-09-21,Yellen,10888,2016,9,40,16,0,4,9,0.8265980896399706,3.673769287288758,1.4695077149155034,0.0,0.36737692872887584,0.8265980896399706,0.11538461538461539,0.5128205128205128,0.20512820512820512,0.0,0.05128205128205128,0.11538461538461539,78,7.163850110213079
transcript_20160921,press_conf,2016-09-21,Yellen,8285,2016,29,49,17,22,11,5,3.500301750150875,5.914302957151478,2.051901025950513,2.655401327700664,1.327700663850332,0.6035003017501509,0.21804511278195488,0.3684210526315789,0.12781954887218044,0.16541353383458646,0.08270676691729323,0.03759398496240601,133,16.053108026554014
statement_20160921,statement,2016-09-21,Yellen,614,2016,8,0,0,0,1,0,13.029315960912053,0.0,0.0,0.0,1.6286644951140066,0.0,0.8888888888888888,0.0,0.0,0.0,0.1111111111111111,0.0,9,14.657980456026058
speech_yellen_20160929a,speech,2016-09-29,Yellen,865,2016,3,3,0,1,0,1,3.468208092485549,3.468208092485549,0.0,1.1560693641618498,0.0,1.1560693641618498,0.375,0.375,0.0,0.125,0.0,0.125,8,9.248554913294798
speech_yellen_20161014a,speech,2016-10-14,Yellen,6536,2016,7,17,9,12,2,8,1.0709914320685434,2.6009791921664625,1.3769889840881273,1.8359853121175032,0.30599755201958384,1.2239902080783354,0.12727272727272726,0.3090909090909091,0.16363636363636364,0.21818181818181817,0.03636363636363636,0.14545454545454545,55,8.414932680538556
statement_20161102,statement,2016-11-02,Yellen,608,2016,8,0,0,0,1,0,13.157894736842104,0.0,0.0,0.0,1.644736842105263,0.0,0.8888888888888888,0.0,0.0,0.0,0.1111111111111111,0.0,9,14.802631578947368
minutes_20161102,minutes,2016-11-02,Yellen,9379,2016,10,40,27,1,6,1,1.066211749653481,4.264846998613924,2.878771724064399,0.10662117496534812,0.6397270497920887,0.10662117496534812,0.11764705882352941,0.47058823529411764,0.3176470588235294,0.011764705882352941,0.07058823529411765,0.011764705882352941,85,9.06279987205459
statement_20161214,statement,2016-12-14,Yellen,547,2016,8,0,0,0,1,0,14.625228519195613,0.0,0.0,0.0,1.8281535648994516,0.0,0.8888888888888888,0.0,0.0,0.0,0.1111111111111111,0.0,9,16.453382084095065
transcript_20161214,press_conf,2016-12-14,Yellen,6674,2016,30,50,20,12,8,7,4.495055439017081,7.491759065028469,2.9967036260113873,1.7980221756068324,1.198681450404555,1.0488462691039857,0.23622047244094488,0.3937007874015748,0.15748031496062992,0.09448818897637795,0.06299212598425197,0.05511811023622047,127,19.02906802517231
minutes_20161214,minutes,2016-12-14,Yellen,8495,2016,9,35,11,0,3,1,1.0594467333725721,4.120070629782225,1.2948793407886992,0.0,0.3531489111241907,0.11771630370806356,0.15254237288135594,0.5932203389830508,0.1864406779661017,0.0,0.05084745762711865,0.01694915254237288,59,6.94526191877575
speech_yellen_20161219a,speech,2016-12-19,Yellen,2233,2016,15,4,3,4,1,4,6.717420510523959,1.7913121361397224,1.3434841021047919,1.7913121361397224,0.4478280340349306,1.7913121361397224,0.4838709677419355,0.12903225806451613,0.0967741935483871,0.12903225806451613,0.03225806451612903,0.12903225806451613,31,13.882669055082848
speech_yellen_20170112a,speech,2017-01-12,Yellen,1170,2017,3,1,1,5,0,1,2.5641025641025643,0.8547008547008547,0.8547008547008547,4.273504273504273,0.0,0.8547008547008547,0.2727272727272727,0.09090909090909091,0.09090909090909091,0.45454545454545453,0.0,0.09090909090909091,11,9.401709401709402
speech_yellen_20170118a,speech,2017-01-18,Yellen,3121,2017,16,3,6,21,0,5,5.12656199935918,0.9612303748798462,1.9224607497596924,6.728612624158924,0.0,1.6020506247997437,0.3137254901960784,0.058823529411764705,0.11764705882352941,0.4117647058823529,0.0,0.09803921568627451,51,16.340916372957384
speech_yellen_20170119a,speech,2017-01-19,Yellen,6696,2017,19,24,11,10,13,2,2.837514934289128,3.5842293906810037,1.6427718040621266,1.4934289127837514,1.941457586618877,0.2986857825567503,0.24050632911392406,0.3037974683544304,0.13924050632911392,0.12658227848101267,0.16455696202531644,0.02531645569620253,79,11.798088410991637
minutes_20170201,minutes,2017-02-01,Yellen,12621,2017,12,42,9,0,5,17,0.9507962918944616,3.327787021630616,0.7130972189208462,0.0,0.39616512162269235,1.346961413517154,0.1411764705882353,0.49411764705882355,0.10588235294117647,0.0,0.058823529411764705,0.2,85,6.73480706758577
statement_20170201,statement,2017-02-01,Yellen,509,2017,9,0,0,0,1,0,17.68172888015717,0.0,0.0,0.0,1.9646365422396856,0.0,0.9,0.0,0.0,0.0,0.1,0.0,10,19.64636542239686
speech_yellen_20170303a,speech,2017-03-03,Yellen,4678,2017,20,15,5,4,4,0,4.275331338178709,3.2064985036340317,1.0688328345446771,0.8550662676357418,0.8550662676357418,0.0,0.4166666666666667,0.3125,0.10416666666666667,0.08333333333333333,0.08333333333333333,0.0,48,10.260795211628901
transcript_20170315,press_conf,2017-03-15,Yellen,7096,2017,30,50,15,10,3,4,4.227733934611049,7.046223224351747,2.1138669673055244,1.4092446448703495,0.4227733934611049,0.5636978579481398,0.26785714285714285,0.44642857142857145,0.13392857142857142,0.08928571428571429,0.026785714285714284,0.03571428571428571,112,15.783540022547914
statement_20170315,statement,2017-03-15,Yellen,531,2017,9,0,0,0,1,0,16.949152542372882,0.0,0.0,0.0,1.8832391713747645,0.0,0.9,0.0,0.0,0.0,0.1,0.0,10,18.832391713747647
minutes_20170315,minutes,2017-03-15,Yellen,9146,2017,9,45,14,0,11,2,0.9840367373715285,4.9201836868576425,1.5307238136890444,0.0,1.202711567898535,0.21867483052700634,0.1111111111111111,0.5555555555555556,0.1728395061728395,0.0,0.13580246913580246,0.024691358024691357,81,8.856330636343756
speech_yellen_20170323a,speech,2017-03-23,Yellen,1539,2017,12,2,0,7,3,6,7.797270955165692,1.299545159194282,0.0,4.548408057179987,1.949317738791423,3.898635477582846,0.4,0.06666666666666667,0.0,0.23333333333333334,0.1,0.2,30,19.49317738791423
speech_yellen_20170328a,speech,2017-03-28,Yellen,4042,2017,5,2,3,10,0,3,1.2370113805047007,0.49480455220188024,0.7422068283028204,2.4740227610094014,0.0,0.7422068283028204,0.21739130434782608,0.08695652173913043,0.13043478260869565,0.43478260869565216,0.0,0.13043478260869565,23,5.690252350321623
statement_20170503,statement,2017-05-03,Yellen,528,2017,9,0,0,0,1,0,17.045454545454547,0.0,0.0,0.0,1.893939393939394,0.0,0.9,0.0,0.0,0.0,0.1,0.0,10,18.939393939393938
minutes_20170503,minutes,2017-05-03,Yellen,8702,2017,10,41,14,0,4,4,1.1491611123879568,4.711560560790623,1.6088255573431396,0.0,0.4596644449551827,0.4596644449551827,0.136986301369863,0.5616438356164384,0.1917808219178082,0.0,0.0547945205479452,0.0547945205479452,73,8.388876120432085
speech_yellen_20170505a,speech,2017-05-05,Yellen,7187,2017,4,14,11,11,5,3,0.5565604563795742,1.9479615973285098,1.530541255043829,1.530541255043829,0.6957005704744678,0.41742034228468067,0.08333333333333333,0.2916666666666667,0.22916666666666666,0.22916666666666666,0.10416666666666667,0.0625,48,6.678725476554891
statement_20170614,statement,2017-06-14,Yellen,563,2017,8,1,0,0,0,0,14.209591474245116,1.7761989342806395,0.0,0.0,0.0,0.0,0.8888888888888888,0.1111111111111111,0.0,0.0,0.0,0.0,9,15.985790408525755
transcript_20170614,press_conf,2017-06-14,Yellen,7774,2017,47,31,7,13,8,3,6.045793671211731,3.9876511448417804,0.9004373552868536,1.6722408026755853,1.0290712631849757,0.3859017236943658,0.43119266055045874,0.28440366972477066,0.06422018348623854,0.11926605504587157,0.07339449541284404,0.027522935779816515,109,14.021095960895291
minutes_20170614,minutes,2017-06-14,Yellen,8969,2017,17,51,12,2,2,3,1.895417549336604,5.686252648009812,1.3379417995317204,0.2229902999219534,0.2229902999219534,0.3344854498829301,0.19540229885057472,0.5862068965517241,0.13793103448275862,0.022988505747126436,0.022988505747126436,0.034482758620689655,87,9.700078046604972
minutes_20170726,minutes,2017-07-26,Yellen,7616,2017,8,35,13,0,2,3,1.050420168067227,4.595588235294118,1.7069327731092436,0.0,0.26260504201680673,0.3939075630252101,0.13114754098360656,0.5737704918032787,0.21311475409836064,0.0,0.03278688524590164,0.04918032786885246,61,8.009453781512605
statement_20170726,statement,2017-07-26,Yellen,517,2017,8,0,0,0,0,0,15.473887814313347,0.0,0.0,0.0,0.0,0.0,1.0,0.0,0.0,0.0,0.0,0.0,8,15.473887814313347
speech_yellen_20170825a,speech,2017-08-25,Yellen,6898,2017,11,4,4,3,4,14,1.5946651203247317,0.5798782255726298,0.5798782255726298,0.4349086691794723,0.5798782255726298,2.0295737895042043,0.275,0.1,0.1,0.075,0.1,0.35,40,5.798782255726297
transcript_20170920,press_conf,2017-09-20,Yellen,8538,2017,62,60,25,15,14,10,7.261653783087374,7.027406886858749,2.9280862028578123,1.7568517217146873,1.6397282736003749,1.1712344811431248,0.3333333333333333,0.3225806451612903,0.13440860215053763,0.08064516129032258,0.07526881720430108,0.053763440860215055,186,21.784961349262122
statement_20170920,statement,2017-09-20,Yellen,544,2017,11,0,0,0,0,0,20.220588235294116,0.0,0.0,0.0,0.0,0.0,1.0,0.0,0.0,0.0,0.0,0.0,11,20.220588235294116
minutes_20170920,minutes,2017-09-20,Yellen,8857,2017,15,42,10,0,2,3,1.6935757028339167,4.742011967934967,1.1290504685559444,0.0,0.2258100937111889,0.3387151405667833,0.20833333333333334,0.5833333333333334,0.1388888888888889,0.0,0.027777777777777776,0.041666666666666664,72,8.1291633736028
speech_yellen_20170926a,speech,2017-09-26,Yellen,8877,2017,23,17,19,14,7,24,2.590965416244227,1.915061394615298,2.1403627351582744,1.5771093838008337,0.7885546919004168,2.703616086515715,0.22115384615384615,0.16346153846153846,0.18269230769230768,0.1346153846153846,0.0673076923076923,0.23076923076923078,104,11.715669708234763
speech_yellen_20171004a,speech,2017-10-04,Yellen,624,2017,2,0,0,0,0,0,3.2051282051282053,0.0,0.0,0.0,0.0,0.0,1.0,0.0,0.0,0.0,0.0,0.0,2,3.2051282051282053
speech_yellen_20171015a,speech,2017-10-15,Yellen,1810,2017,14,4,7,1,2,2,7.734806629834254,2.2099447513812156,3.867403314917127,0.5524861878453039,1.1049723756906078,1.1049723756906078,0.4666666666666667,0.13333333333333333,0.23333333333333334,0.03333333333333333,0.06666666666666667,0.06666666666666667,30,16.574585635359117
speech_yellen_20171020a,speech,2017-10-20,Yellen,4446,2017,15,22,6,4,6,4,3.3738191632928474,4.948268106162843,1.349527665317139,0.899685110211426,1.349527665317139,0.899685110211426,0.2631578947368421,0.38596491228070173,0.10526315789473684,0.07017543859649122,0.10526315789473684,0.07017543859649122,57,12.820512820512821
statement_20171101,statement,2017-11-01,Yellen,522,2017,9,0,0,0,0,0,17.24137931034483,0.0,0.0,0.0,0.0,0.0,1.0,0.0,0.0,0.0,0.0,0.0,9,17.24137931034483
minutes_20171101,minutes,2017-11-01,Yellen,7694,2017,9,31,12,0,3,4,1.1697426566155447,4.029113595009098,1.5596568754873927,0.0,0.3899142188718482,0.5198856251624643,0.15254237288135594,0.5254237288135594,0.2033898305084746,0.0,0.05084745762711865,0.06779661016949153,59,7.668312971146348
speech_yellen_20171107a,speech,2017-11-07,Yellen,910,2017,1,4,0,0,0,0,1.098901098901099,4.395604395604396,0.0,0.0,0.0,0.0,0.2,0.8,0.0,0.0,0.0,0.0,5,5.4945054945054945
transcript_20171213,press_conf,2017-12-13,Yellen,9046,2017,38,62,24,10,15,13,4.2007517134645145,6.853858058810524,2.6531063453460093,1.105460977227504,1.6581914658412558,1.437099270395755,0.2345679012345679,0.38271604938271603,0.14814814814814814,0.06172839506172839,0.09259259259259259,0.08024691358024691,162,17.908467831085563
statement_20171213,statement,2017-12-13,Yellen,494,2017,8,0,0,0,0,0,16.194331983805668,0.0,0.0,0.0,0.0,0.0,1.0,0.0,0.0,0.0,0.0,0.0,8,16.194331983805668
minutes_20171213,minutes,2017-12-13,Yellen,7587,2017,10,33,13,0,4,4,1.3180440226703571,4.349545274812178,1.7134572294714643,0.0,0.5272176090681429,0.5272176090681429,0.15625,0.515625,0.203125,0.0,0.0625,0.0625,64,8.435481745090286
statement_20180131,statement,2018-01-31,Yellen,427,2018,8,0,0,0,0,0,18.73536299765808,0.0,0.0,0.0,0.0,0.0,1.0,0.0,0.0,0.0,0.0,0.0,8,18.73536299765808
minutes_20180131,minutes,2018-01-31,Yellen,12414,2018,10,40,12,0,1,23,0.8055421298533914,3.2221685194135654,0.9666505558240696,0.0,0.08055421298533913,1.8527468986628,0.11627906976744186,0.46511627906976744,0.13953488372093023,0.0,0.011627906976744186,0.26744186046511625,86,6.927662316739165
speech_powell_20180213a,speech,2018-02-13,Powell,760,2018,7,1,0,5,1,0,9.210526315789474,1.3157894736842106,0.0,6.578947368421052,1.3157894736842106,0.0,0.5,0.07142857142857142,0.0,0.35714285714285715,0.07142857142857142,0.0,14,18.42105263157895
minutes_20180321,minutes,2018-03-21,Powell,7479,2018,9,38,8,0,0,2,1.203369434416366,5.080893167535767,1.0696617194812141,0.0,0.0,0.26741542987030353,0.15789473684210525,0.6666666666666666,0.14035087719298245,0.0,0.0,0.03508771929824561,57,7.62133975130365
transcript_20180321,press_conf,2018-03-21,Powell,7459,2018,32,63,15,18,21,2,4.2901193189435585,8.44617240917013,2.0109934307547928,2.4131921169057513,2.81539080305671,0.2681324574339724,0.2119205298013245,0.41721854304635764,0.09933774834437085,0.11920529801324503,0.1390728476821192,0.013245033112582781,151,20.244000536264913
statement_20180321,statement,2018-03-21,Powell,456,2018,8,0,0,0,0,0,17.54385964912281,0.0,0.0,0.0,0.0,0.0,1.0,0.0,0.0,0.0,0.0,0.0,8,17.54385964912281
speech_powell_20180406a,speech,2018-04-06,Powell,4164,2018,16,6,5,8,1,4,3.8424591738712777,1.440922190201729,1.2007684918347743,1.9212295869356388,0.24015369836695485,0.9606147934678194,0.4,0.15,0.125,0.2,0.025,0.1,40,9.606147934678194
minutes_20180502,minutes,2018-05-02,Powell,8157,2018,8,36,20,1,3,4,0.980752727718524,4.413387274733358,2.45188181929631,0.1225940909648155,0.3677822728944465,0.490376363859262,0.1111111111111111,0.5,0.2777777777777778,0.013888888888888888,0.041666666666666664,0.05555555555555555,72,8.826774549466716
statement_20180502,statement,2018-05-02,Powell,429,2018,8,0,0,0,0,0,18.64801864801865,0.0,0.0,0.0,0.0,0.0,1.0,0.0,0.0,0.0,0.0,0.0,8,18.64801864801865
speech_powell_20180508a,speech,2018-05-08,Powell,2369,2018,7,0,0,4,3,3,2.9548332629801606,0.0,0.0,1.6884761502743775,1.266357112705783,1.266357112705783,0.4117647058823529,0.0,0.0,0.23529411764705882,0.17647058823529413,0.17647058823529413,17,7.176023638666104
speech_powell_20180525a,speech,2018-05-25,Powell,2050,2018,10,1,0,5,0,5,4.878048780487805,0.4878048780487805,0.0,2.4390243902439024,0.0,2.4390243902439024,0.47619047619047616,0.047619047619047616,0.0,0.23809523809523808,0.0,0.23809523809523808,21,10.24390243902439
statement_20180613,statement,2018-06-13,Powell,324,2018,3,0,0,0,0,0,9.25925925925926,0.0,0.0,0.0,0.0,0.0,1.0,0.0,0.0,0.0,0.0,0.0,3,9.25925925925926
minutes_20180613,minutes,2018-06-13,Powell,7340,2018,4,22,13,1,2,4,0.5449591280653951,2.997275204359673,1.771117166212534,0.1362397820163488,0.2724795640326976,0.5449591280653951,0.08695652173913043,0.4782608695652174,0.2826086956521739,0.021739130434782608,0.043478260869565216,0.08695652173913043,46,6.267029972752043
transcript_20180613,press_conf,2018-06-13,Powell,9237,2018,59,40,11,25,13,9,6.387355201905381,4.330410306376529,1.1908628342535454,2.7065064414853306,1.407383349572372,0.974342318934719,0.37579617834394907,0.25477707006369427,0.07006369426751592,0.1592356687898089,0.08280254777070063,0.05732484076433121,157,16.996860452527876
speech_powell_20180620a,speech,2018-06-20,Powell,2001,2018,2,2,5,5,3,3,0.9995002498750625,0.9995002498750625,2.498750624687656,2.498750624687656,1.4992503748125936,1.4992503748125936,0.1,0.1,0.25,0.25,0.15,0.15,20,9.995002498750624
statement_20180801,statement,2018-08-01,Powell,312,2018,3,0,0,0,0,0,9.615384615384615,0.0,0.0,0.0,0.0,0.0,1.0,0.0,0.0,0.0,0.0,0.0,3,9.615384615384615
minutes_20180801,minutes,2018-08-01,Powell,8462,2018,5,33,25,1,2,6,0.590876861262113,3.8997872843299457,2.954384306310565,0.1181753722524226,0.2363507445048452,0.7090522335145356,0.06944444444444445,0.4583333333333333,0.3472222222222222,0.013888888888888888,0.027777777777777776,0.08333333333333333,72,8.508626802174426
speech_powell_20180824a,speech,2018-08-24,Powell,5148,2018,22,10,3,7,7,4,4.273504273504273,1.9425019425019425,0.5827505827505828,1.3597513597513597,1.3597513597513597,0.777000777000777,0.41509433962264153,0.18867924528301888,0.05660377358490566,0.1320754716981132,0.1320754716981132,0.07547169811320754,53,10.295260295260295
transcript_20180926,press_conf,2018-09-26,Powell,10164,2018,30,50,28,28,10,9,2.9515938606847696,4.919323101141283,2.7548209366391183,2.7548209366391183,0.9838646202282566,0.885478158205431,0.1935483870967742,0.3225806451612903,0.18064516129032257,0.18064516129032257,0.06451612903225806,0.05806451612903226,155,15.249901613537977
minutes_20180926,minutes,2018-09-26,Powell,7315,2018,6,33,15,0,0,6,0.8202323991797676,4.511278195488722,2.050580997949419,0.0,0.0,0.8202323991797676,0.1,0.55,0.25,0.0,0.0,0.1,60,8.202323991797677
statement_20180926,statement,2018-09-26,Powell,294,2018,3,0,0,0,0,0,10.204081632653061,0.0,0.0,0.0,0.0,0.0,1.0,0.0,0.0,0.0,0.0,0.0,3,10.204081632653061
speech_powell_20180927a,speech,2018-09-27,Powell,522,2018,1,0,0,3,0,0,1.9157088122605364,0.0,0.0,5.747126436781609,0.0,0.0,0.25,0.0,0.0,0.75,0.0,0.0,4,7.662835249042145
speech_powell_20181002a,speech,2018-10-02,Powell,4642,2018,13,10,14,6,4,2,2.8005170185264974,2.154243860404998,3.015941404566997,1.2925463162429986,0.8616975441619992,0.4308487720809996,0.2653061224489796,0.20408163265306123,0.2857142857142857,0.12244897959183673,0.08163265306122448,0.04081632653061224,49,10.555794915984489
minutes_20181108,minutes,2018-11-08,Powell,8434,2018,3,31,20,1,2,2,0.35570310647379655,3.6755987668958974,2.3713540431586435,0.11856770215793218,0.23713540431586436,0.23713540431586436,0.05084745762711865,0.5254237288135594,0.3389830508474576,0.01694915254237288,0.03389830508474576,0.03389830508474576,59,6.995494427317999
statement_20181108,statement,2018-11-08,Powell,307,2018,3,0,0,0,0,0,9.77198697068404,0.0,0.0,0.0,0.0,0.0,1.0,0.0,0.0,0.0,0.0,0.0,3,9.77198697068404
speech_powell_20181128a,speech,2018-11-28,Powell,4266,2018,14,9,4,11,4,8,3.2817627754336613,2.109704641350211,0.9376465072667605,2.578527894983591,0.9376465072667605,1.875293014533521,0.28,0.18,0.08,0.22,0.08,0.16,50,11.720581340834505
speech_powell_20181203a,speech,2018-12-03,Powell,1053,2018,2,1,0,1,0,0,1.899335232668566,0.949667616334283,0.0,0.949667616334283,0.0,0.0,0.5,0.25,0.0,0.25,0.0,0.0,4,3.798670465337132
speech_powell_20181206a,speech,2018-12-06,Powell,1396,2018,7,1,0,1,1,0,5.01432664756447,0.7163323782234957,0.0,0.7163323782234957,0.7163323782234957,0.0,0.7,0.1,0.0,0.1,0.1,0.0,10,7.163323782234957
minutes_20181219,minutes,2018-12-19,Powell,8601,2018,4,33,25,0,2,4,0.4650622020695268,3.836763167073596,2.9066387629345427,0.0,0.2325311010347634,0.4650622020695268,0.058823529411764705,0.4852941176470588,0.36764705882352944,0.0,0.029411764705882353,0.058823529411764705,68,7.906057435181956
transcript_20181219,press_conf,2018-12-19,Powell,7529,2018,57,28,13,9,9,10,7.570726524106787,3.7189533802629833,1.7266569265506708,1.1953778722273873,1.1953778722273873,1.3281976358082082,0.4523809523809524,0.2222222222222222,0.10317460317460317,0.07142857142857142,0.07142857142857142,0.07936507936507936,126,16.735290211183425
statement_20181219,statement,2018-12-19,Powell,334,2018,4,0,0,0,0,0,11.976047904191617,0.0,0.0,0.0,0.0,0.0,1.0,0.0,0.0,0.0,0.0,0.0,4,11.976047904191617
transcript_20190130,press_conf,2019-01-30,Powell,8072,2019,47,67,14,18,1,4,5.822596630327056,8.300297324083251,1.734390485629336,2.2299306243805748,0.12388503468780972,0.49554013875123887,0.31125827814569534,0.44370860927152317,0.09271523178807947,0.11920529801324503,0.006622516556291391,0.026490066225165563,151,18.706640237859265
statement_20190130,statement,2019-01-30,Powell,334,2019,3,0,0,0,0,1,8.982035928143713,0.0,0.0,0.0,0.0,2.9940119760479043,0.75,0.0,0.0,0.0,0.0,0.25,4,11.976047904191617
minutes_20190130,minutes,2019-01-30,Powell,14344,2019,6,50,24,1,2,27,0.4182933630786392,3.485778025655326,1.6731734523145567,0.06971556051310653,0.13943112102621305,1.8823201338538762,0.05454545454545454,0.45454545454545453,0.21818181818181817,0.00909090909090909,0.01818181818181818,0.24545454545454545,110,7.668711656441718
speech_powell_20190206a,speech,2019-02-06,Powell,940,2019,2,0,0,5,2,1,2.127659574468085,0.0,0.0,5.319148936170213,2.127659574468085,1.0638297872340425,0.2,0.0,0.0,0.5,0.2,0.1,10,10.638297872340425
speech_powell_20190212a,speech,2019-02-12,Powell,3201,2019,4,1,3,3,1,3,1.2496094970321774,0.31240237425804435,0.9372071227741331,0.9372071227741331,0.31240237425804435,0.9372071227741331,0.26666666666666666,0.06666666666666667,0.2,0.2,0.06666666666666667,0.2,15,4.686035613870666
speech_powell_20190228b,speech,2019-02-28,Powell,2998,2019,13,4,2,6,2,7,4.336224149432955,1.33422281521014,0.66711140760507,2.0013342228152102,0.66711140760507,2.334889926617745,0.38235294117647056,0.11764705882352941,0.058823529411764705,0.17647058823529413,0.058823529411764705,0.20588235294117646,34,11.34089392928619
speech_powell_20190308a,speech,2019-03-08,Powell,4528,2019,28,13,6,12,3,13,6.18374558303887,2.871024734982332,1.325088339222615,2.65017667844523,0.6625441696113075,2.871024734982332,0.37333333333333335,0.17333333333333334,0.08,0.16,0.04,0.17333333333333334,75,16.563604240282686
speech_powell_20190311a,speech,2019-03-11,Powell,654,2019,2,0,0,1,0,0,3.058103975535168,0.0,0.0,1.529051987767584,0.0,0.0,0.6666666666666666,0.0,0.0,0.3333333333333333,0.0,0.0,3,4.587155963302752
minutes_20190320,minutes,2019-03-20,Powell,9806,2019,13,49,23,0,3,3,1.3257189475831124,4.9969406485825,2.345502753416276,0.0,0.305935141749949,0.305935141749949,0.14285714285714285,0.5384615384615384,0.25274725274725274,0.0,0.03296703296703297,0.03296703296703297,91,9.280032633081786
transcript_20190320,press_conf,2019-03-20,Powell,7695,2019,47,35,6,25,8,10,6.1078622482131255,4.548408057179987,0.7797270955165692,3.248862897985705,1.0396361273554255,1.299545159194282,0.35877862595419846,0.26717557251908397,0.04580152671755725,0.19083969465648856,0.061068702290076333,0.07633587786259542,131,17.024041585445094
statement_20190320,statement,2019-03-20,Powell,350,2019,3,0,0,0,0,1,8.571428571428571,0.0,0.0,0.0,0.0,2.857142857142857,0.75,0.0,0.0,0.0,0.0,0.25,4,11.428571428571429
minutes_20190501,minutes,2019-05-01,Powell,9576,2019,3,48,31,0,0,5,0.3132832080200501,5.012531328320802,3.237259816207185,0.0,0.0,0.5221386800334169,0.034482758620689655,0.5517241379310345,0.3563218390804598,0.0,0.0,0.05747126436781609,87,9.085213032581454
statement_20190501,statement,2019-05-01,Powell,326,2019,3,0,0,0,0,1,9.202453987730062,0.0,0.0,0.0,0.0,3.067484662576687,0.75,0.0,0.0,0.0,0.0,0.25,4,12.269938650306749
transcript_20190501,press_conf,2019-05-01,Powell,6847,2019,36,57,14,18,4,5,5.25777712866949,8.324813787060027,2.0446911055936905,2.628888564334745,0.5841974587410544,0.7302468234263181,0.26865671641791045,0.4253731343283582,0.1044776119402985,0.13432835820895522,0.029850746268656716,0.03731343283582089,134,19.570614867825324
speech_powell_20190509a,speech,2019-05-09,Powell,832,2019,4,1,0,2,0,0,4.8076923076923075,1.2019230769230769,0.0,2.4038461538461537,0.0,0.0,0.5714285714285714,0.14285714285714285,0.0,0.2857142857142857,0.0,0.0,7,8.413461538461538
speech_powell_20190520a,speech,2019-05-20,Powell,3472,2019,6,6,11,6,4,3,1.728110599078341,1.728110599078341,3.1682027649769586,1.728110599078341,1.152073732718894,0.8640552995391705,0.16666666666666666,0.16666666666666666,0.3055555555555556,0.16666666666666666,0.1111111111111111,0.08333333333333333,36,10.368663594470046
speech_powell_20190604a,speech,2019-06-04,Powell,3382,2019,17,7,7,7,4,3,5.026611472501479,2.0697811945594324,2.0697811945594324,2.0697811945594324,1.1827321111768185,0.8870490833826138,0.37777777777777777,0.15555555555555556,0.15555555555555556,0.15555555555555556,0.08888888888888889,0.06666666666666667,45,13.305736250739207
transcript_20190619,press_conf,2019-06-19,Powell,7422,2019,38,43,16,6,5,7,5.1199137698733495,5.793586634330369,2.155753166262463,0.8084074373484236,0.6736728644570197,0.9431420102398276,0.33043478260869563,0.3739130434782609,0.1391304347826087,0.05217391304347826,0.043478260869565216,0.06086956521739131,115,15.494475882511452
statement_20190619,statement,2019-06-19,Powell,363,2019,4,0,0,0,0,0,11.019283746556473,0.0,0.0,0.0,0.0,0.0,1.0,0.0,0.0,0.0,0.0,0.0,4,11.019283746556473
minutes_20190619,minutes,2019-06-19,Powell,8466,2019,5,38,25,2,3,0,0.5905976848570753,4.4885424049137725,2.952988424285377,0.23623907394283014,0.3543586109142452,0.0,0.0684931506849315,0.5205479452054794,0.3424657534246575,0.0273972602739726,0.0410958904109589,0.0,73,8.6227261989133
speech_powell_20190625a,speech,2019-06-25,Powell,1422,2019,11,1,0,5,1,2,7.7355836849507735,0.7032348804500703,0.0,3.5161744022503516,0.7032348804500703,1.4064697609001406,0.55,0.05,0.0,0.25,0.05,0.1,20,14.064697609001406
speech_powell_20190709a,speech,2019-07-09,Powell,758,2019,6,1,0,1,0,2,7.915567282321899,1.3192612137203166,0.0,1.3192612137203166,0.0,2.638522427440633,0.6,0.1,0.0,0.1,0.0,0.2,10,13.192612137203167
speech_powell_20190716a,speech,2019-07-16,Powell,2439,2019,11,0,1,1,2,1,4.510045100451005,0.0,0.4100041000410004,0.4100041000410004,0.8200082000820008,0.4100041000410004,0.6875,0.0,0.0625,0.0625,0.125,0.0625,16,6.5600656006560065
transcript_20190731,press_conf,2019-07-31,Powell,8019,2019,66,29,10,19,4,3,8.23045267489712,3.616411023818431,1.2470382840753211,2.36937273974311,0.49881531363012843,0.37411148522259635,0.5038167938931297,0.22137404580152673,0.07633587786259542,0.1450381679389313,0.030534351145038167,0.022900763358778626,131,16.336201521386705
statement_20190731,statement,2019-07-31,Powell,412,2019,5,0,0,0,0,0,12.135922330097088,0.0,0.0,0.0,0.0,0.0,1.0,0.0,0.0,0.0,0.0,0.0,5,12.135922330097088
minutes_20190731,minutes,2019-07-31,Powell,10933,2019,12,39,18,0,5,0,1.097594438854843,3.56718192627824,1.6463916582822646,0.0,0.457331016189518,0.0,0.16216216216216217,0.527027027027027,0.24324324324324326,0.0,0.06756756756756757,0.0,74,6.768499039604866
speech_powell_20190823a,speech,2019-08-23,Powell,4160,2019,15,3,2,15,1,5,3.605769230769231,0.7211538461538461,0.4807692307692308,3.605769230769231,0.2403846153846154,1.2019230769230769,0.36585365853658536,0.07317073170731707,0.04878048780487805,0.36585365853658536,0.024390243902439025,0.12195121951219512,41,9.85576923076923
statement_20190918,statement,2019-09-18,Powell,398,2019,4,0,0,0,0,0,10.050251256281408,0.0,0.0,0.0,0.0,0.0,1.0,0.0,0.0,0.0,0.0,0.0,4,10.050251256281408
transcript_20190918,press_conf,2019-09-18,Powell,8942,2019,56,31,12,40,9,1,6.2625810780585995,3.4667859539252963,1.3419816595839857,4.4732721986132855,1.0064862446879892,0.11183180496533214,0.37583892617449666,0.2080536912751678,0.08053691275167785,0.2684563758389262,0.06040268456375839,0.006711409395973154,149,16.66293893983449
minutes_20190918,minutes,2019-09-18,Powell,10883,2019,7,44,27,1,6,2,0.6432049986217035,4.043002848479279,2.4809335661122853,0.09188642837452908,0.5513185702471745,0.18377285674905816,0.08045977011494253,0.5057471264367817,0.3103448275862069,0.011494252873563218,0.06896551724137931,0.022988505747126436,87,7.99411926858403
speech_powell_20191004a,speech,2019-10-04,Powell,868,2019,1,2,1,3,0,1,1.152073732718894,2.304147465437788,1.152073732718894,3.456221198156682,0.0,1.152073732718894,0.125,0.25,0.125,0.375,0.0,0.125,8,9.216589861751151
speech_powell_20191007a,speech,2019-10-07,Powell,816,2019,2,1,0,0,1,0,2.450980392156863,1.2254901960784315,0.0,0.0,1.2254901960784315,0.0,0.5,0.25,0.0,0.0,0.25,0.0,4,4.901960784313726
speech_powell_20191008a,speech,2019-10-08,Powell,4243,2019,21,11,1,9,4,10,4.949328305444261,2.5925053028517557,0.23568230025925052,2.1211407023332547,0.9427292010370021,2.356823002592505,0.375,0.19642857142857142,0.017857142857142856,0.16071428571428573,0.07142857142857142,0.17857142857142858,56,13.19820881451803
speech_powell_20191009a,speech,2019-10-09,Powell,714,2019,1,2,1,3,0,1,1.4005602240896358,2.8011204481792715,1.4005602240896358,4.201680672268908,0.0,1.4005602240896358,0.125,0.25,0.125,0.375,0.0,0.125,8,11.204481792717086
minutes_20191030,minutes,2019-10-30,Powell,12820,2019,11,52,55,0,8,11,0.858034321372855,4.056162246489859,4.290171606864274,0.0,0.62402496099844,0.858034321372855,0.08029197080291971,0.3795620437956204,0.40145985401459855,0.0,0.058394160583941604,0.08029197080291971,137,10.686427457098285
statement_20191030,statement,2019-10-30,Powell,357,2019,3,0,0,0,0,0,8.403361344537815,0.0,0.0,0.0,0.0,0.0,1.0,0.0,0.0,0.0,0.0,0.0,3,8.403361344537815
transcript_20191030,press_conf,2019-10-30,Powell,8141,2019,32,56,19,19,9,5,3.930721041641076,6.878761822871883,2.333865618474389,2.333865618474389,1.1055152929615526,0.6141751627564181,0.22857142857142856,0.4,0.1357142857142857,0.1357142857142857,0.06428571428571428,0.03571428571428571,140,17.196904557179707
speech_powell_20191125a,speech,2019-11-25,Powell,2685,2019,7,10,5,10,1,1,2.60707635009311,3.7243947858473,1.86219739292365,3.7243947858473,0.37243947858473,0.37243947858473,0.20588235294117646,0.29411764705882354,0.14705882352941177,0.29411764705882354,0.029411764705882353,0.029411764705882353,34,12.66294227188082
transcript_20191211,press_conf,2019-12-11,Powell,9315,2019,56,50,10,26,9,8,6.011808910359635,5.367686527106817,1.0735373054213635,2.791196994095545,0.966183574879227,0.8588298443370908,0.3522012578616352,0.31446540880503143,0.06289308176100629,0.16352201257861634,0.05660377358490566,0.050314465408805034,159,17.06924315619968
statement_20191211,statement,2019-12-11,Powell,316,2019,3,0,0,0,0,0,9.49367088607595,0.0,0.0,0.0,0.0,0.0,1.0,0.0,0.0,0.0,0.0,0.0,3,9.49367088607595
minutes_20191211,minutes,2019-12-11,Powell,8626,2019,9,23,24,3,1,5,1.0433572919081846,2.6663575237653605,2.782286111755159,0.34778576396939487,0.11592858798979828,0.5796429399489914,0.13846153846153847,0.35384615384615387,0.36923076923076925,0.046153846153846156,0.015384615384615385,0.07692307692307693,65,7.535358219336889
minutes_20200129,minutes,2020-01-29,Powell,13359,2020,10,44,42,1,7,18,0.7485590238790328,3.2936597050677445,3.143947900291938,0.07485590238790328,0.523991316715323,1.347406242982259,0.08196721311475409,0.36065573770491804,0.3442622950819672,0.00819672131147541,0.05737704918032787,0.14754098360655737,122,9.132420091324201
transcript_20200129,press_conf,2020-01-29,Powell,9682,2020,89,54,15,25,6,7,9.192315637265027,5.577360049576534,1.549266680437926,2.58211113406321,0.6197066721751704,0.7229911175376988,0.45408163265306123,0.2755102040816326,0.07653061224489796,0.12755102040816327,0.030612244897959183,0.03571428571428571,196,20.243751291055567
statement_20200129,statement,2020-01-29,Powell,316,2020,3,0,0,0,0,0,9.49367088607595,0.0,0.0,0.0,0.0,0.0,1.0,0.0,0.0,0.0,0.0,0.0,3,9.49367088607595
statement_20200303,statement,2020-03-03,Powell,131,2020,1,0,0,0,0,0,7.633587786259542,0.0,0.0,0.0,0.0,0.0,1.0,0.0,0.0,0.0,0.0,0.0,1,7.633587786259542
transcript_20200303,press_conf,2020-03-03,Powell,2391,2020,33,17,1,10,3,1,13.801756587202007,7.109995817649519,0.41823504809703055,4.182350480970305,1.2547051442910917,0.41823504809703055,0.5076923076923077,0.26153846153846155,0.015384615384615385,0.15384615384615385,0.046153846153846156,0.015384615384615385,65,27.185278126306983
minutes_20200315,minutes,2020-03-15,Powell,10153,2020,12,57,18,0,2,1,1.1819166748744214,5.6141042056535015,1.7728750123116321,0.0,0.19698611247907022,0.09849305623953511,0.13333333333333333,0.6333333333333333,0.2,0.0,0.022222222222222223,0.011111111111111112,90,8.86437506155816
transcript_20200315,press_conf,2020-03-15,Powell,7386,2020,75,27,8,24,4,6,10.15434606011373,3.655564581640942,1.083130246412131,3.249390739236393,0.5415651232060655,0.8123476848090982,0.5208333333333334,0.1875,0.05555555555555555,0.16666666666666666,0.027777777777777776,0.041666666666666664,144,19.496344435418358
statement_20200315,statement,2020-03-15,Powell,707,2020,9,0,0,1,0,0,12.72984441301273,0.0,0.0,1.4144271570014144,0.0,0.0,0.9,0.0,0.0,0.1,0.0,0.0,10,14.144271570014144
statement_20200323,statement,2020-03-23,Powell,621,2020,5,0,0,1,0,1,8.051529790660226,0.0,0.0,1.6103059581320451,0.0,1.6103059581320451,0.7142857142857143,0.0,0.0,0.14285714285714285,0.0,0.14285714285714285,7,11.272141706924316
speech_powell_20200409a,speech,2020-04-09,Powell,956,2020,9,2,0,5,3,0,9.414225941422593,2.092050209205021,0.0,5.2301255230125525,3.1380753138075312,0.0,0.47368421052631576,0.10526315789473684,0.0,0.2631578947368421,0.15789473684210525,0.0,19,19.8744769874477
minutes_20200429,minutes,2020-04-29,Powell,9452,2020,13,45,24,3,7,8,1.3753702920016928,4.760897164621245,2.5391451544646637,0.31739314430808296,0.7405840033855269,0.8463817181548878,0.13,0.45,0.24,0.03,0.07,0.08,100,10.579771476936099
transcript_20200429,press_conf,2020-04-29,Powell,8220,2020,105,30,11,48,9,9,12.773722627737227,3.6496350364963503,1.338199513381995,5.839416058394161,1.094890510948905,1.094890510948905,0.49528301886792453,0.14150943396226415,0.05188679245283019,0.22641509433962265,0.04245283018867924,0.04245283018867924,212,25.790754257907544
statement_20200429,statement,2020-04-29,Powell,424,2020,8,0,0,0,0,0,18.867924528301888,0.0,0.0,0.0,0.0,0.0,1.0,0.0,0.0,0.0,0.0,0.0,8,18.867924528301888
speech_powell_20200513a,speech,2020-05-13,Powell,1534,2020,11,1,3,8,0,3,7.170795306388527,0.651890482398957,1.955671447196871,5.215123859191656,0.0,1.955671447196871,0.4230769230769231,0.038461538461538464,0.11538461538461539,0.3076923076923077,0.0,0.11538461538461539,26,16.949152542372882
speech_powell_20200521a,speech,2020-05-21,Powell,548,2020,1,1,0,2,0,0,1.8248175182481752,1.8248175182481752,0.0,3.6496350364963503,0.0,0.0,0.25,0.25,0.0,0.5,0.0,0.0,4,7.299270072992701
transcript_20200610,press_conf,2020-06-10,Powell,10583,2020,65,53,31,48,5,10,6.1419257299442505,5.008031749031465,2.929226117358027,4.535575923651138,0.47245582538032693,0.9449116507606539,0.30660377358490565,0.25,0.14622641509433962,0.22641509433962265,0.02358490566037736,0.04716981132075472,212,20.03212699612586
minutes_20200610,minutes,2020-06-10,Powell,10246,2020,12,53,23,5,3,4,1.1711887565879369,5.17275034159672,2.2447784501268786,0.48799531524497364,0.2927971891469842,0.3903962521959789,0.12,0.53,0.23,0.05,0.03,0.04,100,9.759906304899474
statement_20200610,statement,2020-06-10,Powell,427,2020,8,0,0,0,0,0,18.73536299765808,0.0,0.0,0.0,0.0,0.0,1.0,0.0,0.0,0.0,0.0,0.0,8,18.73536299765808
speech_powell_20200619a,speech,2020-06-19,Powell,558,2020,4,0,0,5,0,0,7.168458781362007,0.0,0.0,8.960573476702509,0.0,0.0,0.4444444444444444,0.0,0.0,0.5555555555555556,0.0,0.0,9,16.129032258064516
statement_20200729,statement,2020-07-29,Powell,448,2020,9,0,0,0,0,0,20.089285714285715,0.0,0.0,0.0,0.0,0.0,1.0,0.0,0.0,0.0,0.0,0.0,9,20.089285714285715
minutes_20200729,minutes,2020-07-29,Powell,9140,2020,9,48,11,1,3,1,0.9846827133479212,5.25164113785558,1.2035010940919038,0.10940919037199125,0.3282275711159737,0.10940919037199125,0.1232876712328767,0.6575342465753424,0.1506849315068493,0.0136986301369863,0.0410958904109589,0.0136986301369863,73,7.986870897155361
transcript_20200729,press_conf,2020-07-29,Powell,10222,2020,60,39,15,54,13,5,5.869692819409118,3.8153003326159265,1.4674232048522795,5.282723537468206,1.271766777538642,0.48914106828409315,0.3225806451612903,0.20967741935483872,0.08064516129032258,0.2903225806451613,0.06989247311827956,0.026881720430107527,186,18.196047740168265
speech_powell_20200827a,speech,2020-08-27,Powell,5449,2020,18,9,5,12,2,2,3.303358414387961,1.6516792071939805,0.9175995595522114,2.2022389429253075,0.36703982382088457,0.36703982382088457,0.375,0.1875,0.10416666666666667,0.25,0.041666666666666664,0.041666666666666664,48,8.80895577170123
minutes_20200916,minutes,2020-09-16,Powell,10168,2020,17,55,23,2,1,0,1.6719118804091266,5.4091266719118805,2.2619984264358775,0.1966955153422502,0.0983477576711251,0.0,0.17346938775510204,0.5612244897959183,0.23469387755102042,0.02040816326530612,0.01020408163265306,0.0,98,9.63808025177026
statement_20200916,statement,2020-09-16,Powell,553,2020,8,1,1,0,0,0,14.466546112115733,1.8083182640144666,1.8083182640144666,0.0,0.0,0.0,0.8,0.1,0.1,0.0,0.0,0.0,10,18.083182640144667
transcript_20200916,press_conf,2020-09-16,Powell,11088,2020,103,77,23,42,19,11,9.28932178932179,6.944444444444445,2.0743145743145743,3.787878787878788,1.7135642135642135,0.9920634920634921,0.37454545454545457,0.28,0.08363636363636363,0.15272727272727274,0.06909090909090909,0.04,275,24.8015873015873
speech_powell_20201006a,speech,2020-10-06,Powell,2241,2020,10,9,6,2,1,2,4.462293618920125,4.016064257028113,2.677376171352075,0.892458723784025,0.4462293618920125,0.892458723784025,0.3333333333333333,0.3,0.2,0.06666666666666667,0.03333333333333333,0.06666666666666667,30,13.386880856760374
transcript_20201105,press_conf,2020-11-05,Powell,8586,2020,49,40,15,30,11,9,5.7069648264616815,4.658746797111577,1.7470300489168413,3.4940600978336827,1.2811553692056836,1.0482180293501049,0.3181818181818182,0.2597402597402597,0.09740259740259741,0.19480519480519481,0.07142857142857142,0.05844155844155844,154,17.936175168879572
minutes_20201105,minutes,2020-11-05,Powell,9570,2020,11,40,26,1,5,1,1.1494252873563218,4.179728317659352,2.716823406478579,0.1044932079414838,0.522466039707419,0.1044932079414838,0.13095238095238096,0.47619047619047616,0.30952380952380953,0.011904761904761904,0.05952380952380952,0.011904761904761904,84,8.77742946708464
statement_20201105,statement,2020-11-05,Powell,470,2020,7,1,1,0,0,0,14.893617021276595,2.127659574468085,2.127659574468085,0.0,0.0,0.0,0.7777777777777778,0.1111111111111111,0.1111111111111111,0.0,0.0,0.0,9,19.148936170212767
statement_20201216,statement,2020-12-16,Powell,487,2020,7,1,1,0,0,0,14.373716632443532,2.0533880903490758,2.0533880903490758,0.0,0.0,0.0,0.7777777777777778,0.1111111111111111,0.1111111111111111,0.0,0.0,0.0,9,18.480492813141684
transcript_20201216,press_conf,2020-12-16,Powell,10392,2020,82,71,17,34,12,12,7.890685142417244,6.832178598922248,1.6358737490377213,3.2717474980754426,1.1547344110854503,1.1547344110854503,0.35964912280701755,0.31140350877192985,0.07456140350877193,0.14912280701754385,0.05263157894736842,0.05263157894736842,228,21.939953810623557
minutes_20201216,minutes,2020-12-16,Powell,8377,2020,7,36,16,1,0,0,0.8356213441566193,4.2974811985197565,1.9099916437865585,0.1193744777366599,0.0,0.0,0.11666666666666667,0.6,0.26666666666666666,0.016666666666666666,0.0,0.0,60,7.1624686641995945
statement_20210127,statement,2021-01-27,Powell,492,2021,6,1,1,0,0,0,12.195121951219512,2.032520325203252,2.032520325203252,0.0,0.0,0.0,0.75,0.125,0.125,0.0,0.0,0.0,8,16.260162601626018
minutes_20210127,minutes,2021-01-27,Powell,12787,2021,9,39,15,1,0,14,0.7038398373347932,3.0499726284507704,1.1730663955579885,0.07820442637053257,0.0,1.094861969187456,0.11538461538461539,0.5,0.19230769230769232,0.01282051282051282,0.0,0.1794871794871795,78,6.099945256901541
transcript_20210127,press_conf,2021-01-27,Powell,9585,2021,68,38,10,38,6,4,7.094418362023996,3.96452790818988,1.0432968179447053,3.96452790818988,0.6259780907668232,0.4173187271778821,0.4146341463414634,0.23170731707317074,0.06097560975609756,0.23170731707317074,0.036585365853658534,0.024390243902439025,164,17.110067814293167
speech_powell_20210210a,speech,2021-02-10,Powell,3156,2021,16,2,3,10,0,1,5.069708491761724,0.6337135614702155,0.9505703422053232,3.1685678073510775,0.0,0.31685678073510776,0.5,0.0625,0.09375,0.3125,0.0,0.03125,32,10.139416983523448
transcript_20210317,press_conf,2021-03-17,Powell,10548,2021,96,61,23,33,10,3,9.101251422070535,5.783086841107319,2.180508153204399,3.1285551763367465,0.9480470231323473,0.2844141069397042,0.4247787610619469,0.26991150442477874,0.10176991150442478,0.14601769911504425,0.04424778761061947,0.01327433628318584,226,21.42586272279105
minutes_20210317,minutes,2021-03-17,Powell,8862,2021,7,35,22,2,3,1,0.7898894154818326,3.949447077409163,2.4825095915143307,0.22568269013766645,0.33852403520649965,0.11284134506883323,0.1,0.5,0.3142857142857143,0.02857142857142857,0.04285714285714286,0.014285714285714285,70,7.898894154818326
statement_20210317,statement,2021-03-17,Powell,487,2021,6,1,1,0,0,0,12.320328542094456,2.0533880903490758,2.0533880903490758,0.0,0.0,0.0,0.75,0.125,0.125,0.0,0.0,0.0,8,16.427104722792606
speech_powell_20210318a,speech,2021-03-18,Powell,930,2021,8,1,1,2,0,0,8.602150537634408,1.075268817204301,1.075268817204301,2.150537634408602,0.0,0.0,0.6666666666666666,0.08333333333333333,0.08333333333333333,0.16666666666666666,0.0,0.0,12,12.903225806451612
minutes_20210428,minutes,2021-04-28,Powell,8891,2021,6,33,30,2,7,1,0.6748397255651782,3.7116184906084806,3.3741986278258915,0.22494657518839276,0.7873130131593746,0.11247328759419638,0.0759493670886076,0.4177215189873418,0.379746835443038,0.02531645569620253,0.08860759493670886,0.012658227848101266,79,8.885389719941514
transcript_20210428,press_conf,2021-04-28,Powell,10147,2021,89,77,9,24,6,13,8.771065339509214,7.588449788114714,0.8869616635458756,2.365231102789002,0.5913077756972505,1.2811668473440425,0.40825688073394495,0.3532110091743119,0.04128440366972477,0.11009174311926606,0.027522935779816515,0.05963302752293578,218,21.4841825170001
statement_20210428,statement,2021-04-28,Powell,483,2021,6,1,1,0,0,0,12.422360248447205,2.070393374741201,2.070393374741201,0.0,0.0,0.0,0.75,0.125,0.125,0.0,0.0,0.0,8,16.563146997929607
speech_powell_20210503a,speech,2021-05-03,Powell,1318,2021,5,1,0,4,1,0,3.793626707132018,0.7587253414264037,0.0,3.0349013657056148,0.7587253414264037,0.0,0.45454545454545453,0.09090909090909091,0.0,0.36363636363636365,0.09090909090909091,0.0,11,8.34597875569044
statement_20210616,statement,2021-06-16,Powell,481,2021,7,1,1,0,0,0,14.553014553014552,2.079002079002079,2.079002079002079,0.0,0.0,0.0,0.7777777777777778,0.1111111111111111,0.1111111111111111,0.0,0.0,0.0,9,18.71101871101871
transcript_20210616,press_conf,2021-06-16,Powell,10811,2021,123,79,14,39,18,10,11.3773008972343,7.307372120987883,1.2949773378965868,3.6074368698547774,1.6649708630098974,0.9249838127832762,0.43462897526501765,0.2791519434628975,0.04946996466431095,0.13780918727915195,0.0636042402826855,0.0353356890459364,283,26.17704190176672
minutes_20210616,minutes,2021-06-16,Powell,9689,2021,8,50,21,1,4,2,0.8256786046031582,5.160491278769739,2.1674063370832903,0.10320982557539478,0.4128393023015791,0.20641965115078956,0.09302325581395349,0.5813953488372093,0.2441860465116279,0.011627906976744186,0.046511627906976744,0.023255813953488372,86,8.87604499948395
minutes_20210728,minutes,2021-07-28,Powell,10711,2021,8,55,25,3,7,7,0.746895714685837,5.134908038465129,2.3340491083932404,0.2800858930071889,0.6535337503501074,0.6535337503501074,0.0761904761904762,0.5238095238095238,0.23809523809523808,0.02857142857142857,0.06666666666666667,0.06666666666666667,105,9.80300625525161
statement_20210728,statement,2021-07-28,Powell,494,2021,6,2,1,0,0,0,12.145748987854251,4.048582995951417,2.0242914979757085,0.0,0.0,0.0,0.6666666666666666,0.2222222222222222,0.1111111111111111,0.0,0.0,0.0,9,18.218623481781375
transcript_20210728,press_conf,2021-07-28,Powell,9950,2021,105,45,25,28,8,12,10.552763819095478,4.522613065326633,2.512562814070352,2.814070351758794,0.8040201005025126,1.2060301507537687,0.47085201793721976,0.20179372197309417,0.11210762331838565,0.12556053811659193,0.03587443946188341,0.053811659192825115,223,22.412060301507537
speech_powell_20210817a,speech,2021-08-17,Powell,679,2021,4,1,0,0,1,0,5.891016200294551,1.4727540500736378,0.0,0.0,1.4727540500736378,0.0,0.6666666666666666,0.16666666666666666,0.0,0.0,0.16666666666666666,0.0,6,8.836524300441827
speech_powell_20210827a,speech,2021-08-27,Powell,3936,2021,21,5,4,8,5,4,5.335365853658536,1.2703252032520325,1.016260162601626,2.032520325203252,1.2703252032520325,1.016260162601626,0.44680851063829785,0.10638297872340426,0.0851063829787234,0.1702127659574468,0.10638297872340426,0.0851063829787234,47,11.941056910569106
transcript_20210922,press_conf,2021-09-22,Powell,9364,2021,63,68,21,21,15,7,6.72789406236651,7.261853908586074,2.24263135412217,2.24263135412217,1.6018795386586928,0.74754378470739,0.3230769230769231,0.3487179487179487,0.1076923076923077,0.1076923076923077,0.07692307692307693,0.035897435897435895,195,20.824434002563006
minutes_20210922,minutes,2021-09-22,Powell,8952,2021,7,38,13,2,4,6,0.7819481680071493,4.244861483467382,1.45218945487042,0.22341376228775692,0.44682752457551383,0.6702412868632708,0.1,0.5428571428571428,0.18571428571428572,0.02857142857142857,0.05714285714285714,0.08571428571428572,70,7.819481680071492
statement_20210922,statement,2021-09-22,Powell,512,2021,5,2,1,0,0,1,9.765625,3.90625,1.953125,0.0,0.0,1.953125,0.5555555555555556,0.2222222222222222,0.1111111111111111,0.0,0.0,0.1111111111111111,9,17.578125
speech_powell_20210924a,speech,2021-09-24,Powell,434,2021,0,0,2,1,0,0,0.0,0.0,4.608294930875576,2.304147465437788,0.0,0.0,0.0,0.0,0.6666666666666666,0.3333333333333333,0.0,0.0,3,6.912442396313364
transcript_20211103,press_conf,2021-11-03,Powell,9891,2021,101,49,15,36,8,6,10.211303204933778,4.953998584571833,1.5165301789505612,3.6396724294813465,0.8088160954402993,0.6066120715802245,0.4697674418604651,0.22790697674418606,0.06976744186046512,0.16744186046511628,0.037209302325581395,0.027906976744186046,215,21.736932564958042
minutes_20211103,minutes,2021-11-03,Powell,8482,2021,8,43,10,2,8,1,0.9431737797689225,5.069559066257958,1.1789672247111531,0.23579344494223062,0.9431737797689225,0.11789672247111531,0.1111111111111111,0.5972222222222222,0.1388888888888889,0.027777777777777776,0.1111111111111111,0.013888888888888888,72,8.488564017920302
statement_20211103,statement,2021-11-03,Powell,629,2021,8,1,1,0,0,0,12.718600953895072,1.589825119236884,1.589825119236884,0.0,0.0,0.0,0.8,0.1,0.1,0.0,0.0,0.0,10,15.89825119236884
speech_powell_20211108a,speech,2021-11-08,Powell,802,2021,6,1,0,1,0,1,7.4812967581047385,1.2468827930174564,0.0,1.2468827930174564,0.0,1.2468827930174564,0.6666666666666666,0.1111111111111111,0.0,0.1111111111111111,0.0,0.1111111111111111,9,11.221945137157107
speech_powell_20211109a,speech,2021-11-09,Powell,1094,2021,4,2,0,2,0,1,3.656307129798903,1.8281535648994516,0.0,1.8281535648994516,0.0,0.9140767824497258,0.4444444444444444,0.2222222222222222,0.0,0.2222222222222222,0.0,0.1111111111111111,9,8.226691042047532
speech_powell_20211129a,speech,2021-11-29,Powell,521,2021,7,0,0,0,0,1,13.435700575815739,0.0,0.0,0.0,0.0,1.9193857965451055,0.875,0.0,0.0,0.0,0.0,0.125,8,15.355086372360844
transcript_20211215,press_conf,2021-12-15,Powell,10921,2021,67,84,18,31,7,13,6.134969325153374,7.691603333028111,1.6482007142203094,2.8385678967127554,0.6409669444190093,1.1903671824924458,0.30454545454545456,0.38181818181818183,0.08181818181818182,0.1409090909090909,0.031818181818181815,0.05909090909090909,220,20.144675396026006
minutes_20211215,minutes,2021-12-15,Powell,9556,2021,6,42,27,3,6,4,0.6278777731268314,4.395144411887819,2.825449979070741,0.3139388865634157,0.6278777731268314,0.4185851820845542,0.06818181818181818,0.4772727272727273,0.3068181818181818,0.03409090909090909,0.06818181818181818,0.045454545454545456,88,9.208874005860192
statement_20211215,statement,2021-12-15,Powell,530,2021,6,1,1,0,0,0,11.320754716981131,1.8867924528301887,1.8867924528301887,0.0,0.0,0.0,0.75,0.125,0.125,0.0,0.0,0.0,8,15.09433962264151
minutes_20220126,minutes,2022-01-26,Powell,13699,2022,13,45,20,3,6,22,0.9489743776918024,3.2849113073947005,1.4599605810643113,0.2189940871596467,0.4379881743192934,1.6059566391707425,0.11926605504587157,0.41284403669724773,0.1834862385321101,0.027522935779816515,0.05504587155963303,0.2018348623853211,109,7.956785166800496
statement_20220126,statement,2022-01-26,Powell,435,2022,5,1,1,0,0,0,11.494252873563218,2.2988505747126435,2.2988505747126435,0.0,0.0,0.0,0.7142857142857143,0.14285714285714285,0.14285714285714285,0.0,0.0,0.0,7,16.091954022988507
transcript_20220126,press_conf,2022-01-26,Powell,9779,2022,107,51,15,32,15,10,10.94181409142039,5.21525718376112,1.5338991716944472,3.2723182329481544,1.5338991716944472,1.0225994477962983,0.4652173913043478,0.2217391304347826,0.06521739130434782,0.1391304347826087,0.06521739130434782,0.043478260869565216,230,23.51978729931486
statement_20220316,statement,2022-03-16,Powell,351,2022,3,1,1,0,0,0,8.547008547008547,2.849002849002849,2.849002849002849,0.0,0.0,0.0,0.6,0.2,0.2,0.0,0.0,0.0,5,14.245014245014245
minutes_20220316,minutes,2022-03-16,Powell,8786,2022,5,40,19,2,4,1,0.5690871841566127,4.552697473252902,2.1625312997951287,0.22763487366264512,0.45526974732529024,0.11381743683132256,0.07042253521126761,0.5633802816901409,0.2676056338028169,0.028169014084507043,0.056338028169014086,0.014084507042253521,71,8.081038015023902
transcript_20220316,press_conf,2022-03-16,Powell,9274,2022,74,56,6,28,8,7,7.979296959240888,6.038386888074186,0.6469700237222342,3.019193444037093,0.8626266982963122,0.7547983610092732,0.4134078212290503,0.3128491620111732,0.0335195530726257,0.1564245810055866,0.0446927374301676,0.03910614525139665,179,19.301272374379987
speech_powell_20220321a,speech,2022-03-21,Powell,2892,2022,15,9,3,4,0,7,5.186721991701245,3.112033195020747,1.037344398340249,1.3831258644536653,0.0,2.420470262793914,0.39473684210526316,0.23684210526315788,0.07894736842105263,0.10526315789473684,0.0,0.18421052631578946,38,13.13969571230982
transcript_20220504,press_conf,2022-05-04,Powell,8331,2022,71,44,7,38,7,3,8.522386268155083,5.281478814067939,0.8402352658744449,4.561277157604129,0.8402352658744449,0.3601008282319049,0.4176470588235294,0.25882352941176473,0.041176470588235294,0.2235294117647059,0.041176470588235294,0.01764705882352941,170,20.405713599807946
minutes_20220504,minutes,2022-05-04,Powell,7967,2022,11,36,11,2,2,3,1.380695368394628,4.5186393874733275,1.380695368394628,0.251035521526296,0.251035521526296,0.37655328228944396,0.16923076923076924,0.5538461538461539,0.16923076923076924,0.03076923076923077,0.03076923076923077,0.046153846153846156,65,8.158654449604619
statement_20220504,statement,2022-05-04,Powell,385,2022,3,1,1,0,0,0,7.792207792207792,2.5974025974025974,2.5974025974025974,0.0,0.0,0.0,0.6,0.2,0.2,0.0,0.0,0.0,5,12.987012987012987
speech_powell_20220524a,speech,2022-05-24,Powell,680,2022,0,0,0,0,0,1,0.0,0.0,0.0,0.0,0.0,1.4705882352941178,0.0,0.0,0.0,0.0,0.0,1.0,1,1.4705882352941178
minutes_20220615,minutes,2022-06-15,Powell,8137,2022,4,42,10,3,0,1,0.49158166400393266,5.161607472041293,1.2289541600098317,0.36868624800294947,0.0,0.12289541600098317,0.06666666666666667,0.7,0.16666666666666666,0.05,0.0,0.016666666666666666,60,7.37372496005899
transcript_20220615,press_conf,2022-06-15,Powell,9730,2022,60,54,19,36,4,1,6.166495375128469,5.549845837615622,1.9527235354573484,3.6998972250770814,0.41109969167523125,0.10277492291880781,0.3448275862068966,0.3103448275862069,0.10919540229885058,0.20689655172413793,0.022988505747126436,0.005747126436781609,174,17.88283658787256
statement_20220615,statement,2022-06-15,Powell,376,2022,4,1,1,0,0,0,10.638297872340425,2.6595744680851063,2.6595744680851063,0.0,0.0,0.0,0.6666666666666666,0.16666666666666666,0.16666666666666666,0.0,0.0,0.0,6,15.957446808510639
speech_powell_20220617a,speech,2022-06-17,Powell,985,2022,5,2,1,3,0,2,5.0761421319796955,2.030456852791878,1.015228426395939,3.045685279187817,0.0,2.030456852791878,0.38461538461538464,0.15384615384615385,0.07692307692307693,0.23076923076923078,0.0,0.15384615384615385,13,13.197969543147208
minutes_20220727,minutes,2022-07-27,Powell,8708,2022,4,56,17,3,1,1,0.4593477262287552,6.430868167202572,1.9522278364722094,0.34451079467156637,0.1148369315571888,0.1148369315571888,0.04878048780487805,0.6829268292682927,0.2073170731707317,0.036585365853658534,0.012195121951219513,0.012195121951219513,82,9.416628387689482
statement_20220727,statement,2022-07-27,Powell,320,2022,4,1,1,0,0,0,12.5,3.125,3.125,0.0,0.0,0.0,0.6666666666666666,0.16666666666666666,0.16666666666666666,0.0,0.0,0.0,6,18.75
transcript_20220727,press_conf,2022-07-27,Powell,9994,2022,71,78,14,27,5,7,7.104262557534521,7.804682809685811,1.4008405043025816,2.7016209725835503,0.5003001801080649,0.7004202521512908,0.35148514851485146,0.38613861386138615,0.06930693069306931,0.13366336633663367,0.024752475247524754,0.034653465346534656,202,20.21212727636582
speech_powell_20220826a,speech,2022-08-26,Powell,1501,2022,16,1,1,2,1,2,10.659560293137908,0.6662225183211192,0.6662225183211192,1.3324450366422385,0.6662225183211192,1.3324450366422385,0.6956521739130435,0.043478260869565216,0.043478260869565216,0.08695652173913043,0.043478260869565216,0.08695652173913043,23,15.323117921385743
statement_20220921,statement,2022-09-21,Powell,320,2022,4,1,1,0,0,0,12.5,3.125,3.125,0.0,0.0,0.0,0.6666666666666666,0.16666666666666666,0.16666666666666666,0.0,0.0,0.0,6,18.75
minutes_20220921,minutes,2022-09-21,Powell,7962,2022,4,42,10,2,0,0,0.5023863350916855,5.275056518462698,1.2559658377292138,0.25119316754584275,0.0,0.0,0.06896551724137931,0.7241379310344828,0.1724137931034483,0.034482758620689655,0.0,0.0,58,7.28460185882944
transcript_20220921,press_conf,2022-09-21,Powell,7404,2022,67,31,13,20,11,3,9.049162614802809,4.186925985953539,1.7558076715289033,2.7012425715829282,1.4856834143706106,0.4051863857374392,0.46206896551724136,0.21379310344827587,0.0896551724137931,0.13793103448275862,0.07586206896551724,0.020689655172413793,145,19.58400864397623
speech_powell_20220928a,speech,2022-09-28,Powell,491,2022,1,0,0,1,0,1,2.0366598778004072,0.0,0.0,2.0366598778004072,0.0,2.0366598778004072,0.3333333333333333,0.0,0.0,0.3333333333333333,0.0,0.3333333333333333,3,6.109979633401222
minutes_20221102,minutes,2022-11-02,Powell,8162,2022,6,36,16,3,1,2,0.7351139426611125,4.410683655966674,1.9603038470963,0.36755697133055626,0.12251899044351874,0.2450379808870375,0.09375,0.5625,0.25,0.046875,0.015625,0.03125,64,7.8412153883852
transcript_20221102,press_conf,2022-11-02,Powell,8032,2022,56,61,9,15,2,10,6.972111553784861,7.594621513944223,1.1205179282868525,1.8675298804780875,0.24900398406374502,1.245019920318725,0.3660130718954248,0.39869281045751637,0.058823529411764705,0.09803921568627451,0.013071895424836602,0.06535947712418301,153,19.048804780876495
statement_20221102,statement,2022-11-02,Powell,393,2022,5,1,1,0,0,0,12.72264631043257,2.544529262086514,2.544529262086514,0.0,0.0,0.0,0.7142857142857143,0.14285714285714285,0.14285714285714285,0.0,0.0,0.0,7,17.8117048346056
speech_powell_20221130a,speech,2022-11-30,Powell,3330,2022,26,6,2,2,2,5,7.807807807807808,1.8018018018018018,0.6006006006006006,0.6006006006006006,0.6006006006006006,1.5015015015015014,0.6046511627906976,0.13953488372093023,0.046511627906976744,0.046511627906976744,0.046511627906976744,0.11627906976744186,43,12.912912912912914
statement_20221214,statement,2022-12-14,Powell,394,2022,5,1,1,0,0,0,12.690355329949238,2.5380710659898478,2.5380710659898478,0.0,0.0,0.0,0.7142857142857143,0.14285714285714285,0.14285714285714285,0.0,0.0,0.0,7,17.766497461928935
minutes_20221214,minutes,2022-12-14,Powell,7880,2022,7,31,8,2,0,2,0.8883248730964467,3.934010152284264,1.015228426395939,0.25380710659898476,0.0,0.25380710659898476,0.14,0.62,0.16,0.04,0.0,0.04,50,6.345177664974619
transcript_20221214,press_conf,2022-12-14,Powell,8006,2022,73,50,12,17,7,6,9.118161378965775,6.245316012990258,1.4988758431176616,2.1234074444166873,0.874344241818636,0.7494379215588308,0.44242424242424244,0.30303030303030304,0.07272727272727272,0.10303030303030303,0.04242424242424243,0.03636363636363636,165,20.60954284286785
speech_powell_20230110a,speech,2023-01-10,Powell,1288,2023,2,3,0,2,5,0,1.5527950310559007,2.329192546583851,0.0,1.5527950310559007,3.8819875776397517,0.0,0.16666666666666666,0.25,0.0,0.16666666666666666,0.4166666666666667,0.0,12,9.316770186335404
transcript_20230201,press_conf,2023-02-01,Powell,8009,2023,97,41,7,15,4,8,12.111374703458608,5.119240854039206,0.8740167311774254,1.8728929953801974,0.49943813210138593,0.9988762642027719,0.563953488372093,0.23837209302325582,0.040697674418604654,0.0872093023255814,0.023255813953488372,0.046511627906976744,172,21.475839680359595
statement_20230201,statement,2023-02-01,Powell,351,2023,5,1,1,0,0,0,14.245014245014245,2.849002849002849,2.849002849002849,0.0,0.0,0.0,0.7142857142857143,0.14285714285714285,0.14285714285714285,0.0,0.0,0.0,7,19.943019943019944
minutes_20230201,minutes,2023-02-01,Powell,8845,2023,9,34,18,3,3,1,1.0175240248728095,3.8439796495195027,2.035048049745619,0.3391746749576032,0.3391746749576032,0.11305822498586772,0.1323529411764706,0.5,0.2647058823529412,0.04411764705882353,0.04411764705882353,0.014705882352941176,68,7.687959299039005
minutes_20230322,minutes,2023-03-22,Powell,7620,2023,10,31,8,0,1,5,1.3123359580052494,4.0682414698162725,1.0498687664041995,0.0,0.13123359580052493,0.6561679790026247,0.18181818181818182,0.5636363636363636,0.14545454545454545,0.0,0.01818181818181818,0.09090909090909091,55,7.217847769028872
transcript_20230322,press_conf,2023-03-22,Powell,7814,2023,66,27,11,28,6,6,8.446378295367289,3.4553365753775274,1.4077297158945483,3.5833120040952138,0.7678525723061173,0.7678525723061173,0.4583333333333333,0.1875,0.0763888888888889,0.19444444444444445,0.041666666666666664,0.041666666666666664,144,18.428461735346815
statement_20230322,statement,2023-03-22,Powell,381,2023,5,1,1,0,0,1,13.123359580052494,2.6246719160104988,2.6246719160104988,0.0,0.0,2.6246719160104988,0.625,0.125,0.125,0.0,0.0,0.125,8,20.99737532808399
statement_20230503,statement,2023-05-03,Powell,347,2023,5,1,1,0,0,1,14.409221902017292,2.881844380403458,2.881844380403458,0.0,0.0,2.881844380403458,0.625,0.125,0.125,0.0,0.0,0.125,8,23.054755043227665
minutes_20230503,minutes,2023-05-03,Powell,8381,2023,9,29,16,0,4,12,1.0738575349003698,3.4602076124567476,1.909080062045102,0.0,0.4772700155112755,1.4318100465338266,0.12857142857142856,0.4142857142857143,0.22857142857142856,0.0,0.05714285714285714,0.17142857142857143,70,8.352225271447322
transcript_20230503,press_conf,2023-05-03,Powell,8975,2023,68,61,13,31,7,10,7.576601671309192,6.796657381615599,1.448467966573816,3.4540389972144845,0.7799442896935933,1.1142061281337048,0.35789473684210527,0.32105263157894737,0.06842105263157895,0.1631578947368421,0.03684210526315789,0.05263157894736842,190,21.16991643454039
transcript_20230614,press_conf,2023-06-14,Powell,9229,2023,73,48,16,32,7,6,7.909849387799328,5.200996857731065,1.7336656192436883,3.4673312384873767,0.7584787084191137,0.6501246072163831,0.4010989010989011,0.26373626373626374,0.08791208791208792,0.17582417582417584,0.038461538461538464,0.03296703296703297,182,19.720446418896955
statement_20230614,statement,2023-06-14,Powell,357,2023,4,1,1,0,0,1,11.204481792717086,2.8011204481792715,2.8011204481792715,0.0,0.0,2.8011204481792715,0.5714285714285714,0.14285714285714285,0.14285714285714285,0.0,0.0,0.14285714285714285,7,19.607843137254903
minutes_20230614,minutes,2023-06-14,Powell,7220,2023,7,26,12,0,0,5,0.9695290858725761,3.601108033240997,1.6620498614958448,0.0,0.0,0.6925207756232687,0.14,0.52,0.24,0.0,0.0,0.1,50,6.925207756232687
speech_powell_20230629a,speech,2023-06-29,Powell,1725,2023,12,2,2,3,2,1,6.956521739130435,1.1594202898550725,1.1594202898550725,1.7391304347826086,1.1594202898550725,0.5797101449275363,0.5454545454545454,0.09090909090909091,0.09090909090909091,0.13636363636363635,0.09090909090909091,0.045454545454545456,22,12.753623188405797
transcript_20230726,press_conf,2023-07-26,Powell,9518,2023,58,75,15,21,8,9,6.093717167472158,7.879806682076066,1.5759613364152132,2.2063458709812984,0.8405127127547805,0.945576801849128,0.3118279569892473,0.4032258064516129,0.08064516129032258,0.11290322580645161,0.043010752688172046,0.04838709677419355,186,19.541920571548644
statement_20230726,statement,2023-07-26,Powell,350,2023,5,1,1,0,0,1,14.285714285714286,2.857142857142857,2.857142857142857,0.0,0.0,2.857142857142857,0.625,0.125,0.125,0.0,0.0,0.125,8,22.857142857142858
minutes_20230726,minutes,2023-07-26,Powell,7071,2023,8,23,15,0,1,5,1.131381699901004,3.2527223872153868,2.1213406873143827,0.0,0.1414227124876255,0.7071135624381276,0.15384615384615385,0.4423076923076923,0.28846153846153844,0.0,0.019230769230769232,0.09615384615384616,52,7.353981049356527
speech_powell_20230825a,speech,2023-08-25,Powell,2823,2023,20,3,8,4,3,4,7.0846617074034715,1.0626992561105206,2.8338646829613885,1.4169323414806942,1.0626992561105206,1.4169323414806942,0.47619047619047616,0.07142857142857142,0.19047619047619047,0.09523809523809523,0.07142857142857142,0.09523809523809523,42,14.87778958554729
statement_20230920,statement,2023-09-20,Powell,355,2023,5,1,1,0,0,1,14.084507042253522,2.816901408450704,2.816901408450704,0.0,0.0,2.816901408450704,0.625,0.125,0.125,0.0,0.0,0.125,8,22.535211267605632
minutes_20230920,minutes,2023-09-20,Powell,6749,2023,6,29,13,0,4,5,0.8890205956437991,4.296932878945029,1.9262112905615647,0.0,0.5926803970958661,0.7408504963698326,0.10526315789473684,0.5087719298245614,0.22807017543859648,0.0,0.07017543859649122,0.08771929824561403,57,8.445695658616092
transcript_20230920,press_conf,2023-09-20,Powell,10031,2023,44,59,14,42,2,11,4.386402153324694,5.881766523776293,1.3956734124214933,4.1870202372644805,0.19938191606021333,1.0966005383311734,0.2558139534883721,0.3430232558139535,0.08139534883720931,0.2441860465116279,0.011627906976744186,0.06395348837209303,172,17.14684478117835
speech_powell_20230928a,speech,2023-09-28,Powell,778,2023,2,2,1,1,0,2,2.570694087403599,2.570694087403599,1.2853470437017995,1.2853470437017995,0.0,2.570694087403599,0.25,0.25,0.125,0.125,0.0,0.25,8,10.282776349614396
speech_powell_20231019a,speech,2023-10-19,Powell,1369,2023,8,2,4,2,0,1,5.843681519357195,1.4609203798392987,2.9218407596785974,1.4609203798392987,0.0,0.7304601899196493,0.47058823529411764,0.11764705882352941,0.23529411764705882,0.11764705882352941,0.0,0.058823529411764705,17,12.41782322863404
speech_powell_20231025a,speech,2023-10-25,Powell,1277,2023,1,2,1,2,0,0,0.7830853563038371,1.5661707126076743,0.7830853563038371,1.5661707126076743,0.0,0.0,0.16666666666666666,0.3333333333333333,0.16666666666666666,0.3333333333333333,0.0,0.0,6,4.698512137823022
statement_20231101,statement,2023-11-01,Powell,361,2023,5,1,1,0,0,1,13.850415512465373,2.770083102493075,2.770083102493075,0.0,0.0,2.770083102493075,0.625,0.125,0.125,0.0,0.0,0.125,8,22.1606648199446
transcript_20231101,press_conf,2023-11-01,Powell,9414,2023,56,45,24,32,3,15,5.9485872105374975,4.780114722753346,2.5493945188017846,3.399192691735713,0.3186743148502231,1.5933715742511154,0.32,0.2571428571428571,0.13714285714285715,0.18285714285714286,0.017142857142857144,0.08571428571428572,175,18.58933503292968
minutes_20231101,minutes,2023-11-01,Powell,7039,2023,5,21,19,0,1,5,0.7103281716152863,2.9833783207842024,2.699247052138088,0.0,0.14206563432305724,0.7103281716152863,0.09803921568627451,0.4117647058823529,0.37254901960784315,0.0,0.0196078431372549,0.09803921568627451,51,7.24534735047592
speech_powell_20231108a,speech,2023-11-08,Powell,913,2023,3,0,0,3,0,0,3.285870755750274,0.0,0.0,3.285870755750274,0.0,0.0,0.5,0.0,0.0,0.5,0.0,0.0,6,6.571741511500548
speech_powell_20231109a,speech,2023-11-09,Powell,2372,2023,15,11,4,3,4,5,6.323777403035413,4.63743676222597,1.6863406408094435,1.2647554806070826,1.6863406408094435,2.1079258010118043,0.35714285714285715,0.2619047619047619,0.09523809523809523,0.07142857142857142,0.09523809523809523,0.11904761904761904,42,17.706576728499158
speech_powell_20231201a,speech,2023-12-01,Powell,1670,2023,8,2,0,1,0,1,4.790419161676646,1.1976047904191616,0.0,0.5988023952095808,0.0,0.5988023952095808,0.6666666666666666,0.16666666666666666,0.0,0.08333333333333333,0.0,0.08333333333333333,12,7.18562874251497
minutes_20231213,minutes,2023-12-13,Powell,7008,2023,7,33,8,0,2,10,0.9988584474885844,4.708904109589041,1.1415525114155252,0.0,0.2853881278538813,1.4269406392694064,0.11666666666666667,0.55,0.13333333333333333,0.0,0.03333333333333333,0.16666666666666666,60,8.561643835616438
statement_20231213,statement,2023-12-13,Powell,372,2023,5,1,1,0,0,1,13.440860215053764,2.6881720430107525,2.6881720430107525,0.0,0.0,2.6881720430107525,0.625,0.125,0.125,0.0,0.0,0.125,8,21.50537634408602
transcript_20231213,press_conf,2023-12-13,Powell,8173,2023,60,49,15,18,2,6,7.341245564664138,5.995350544475713,1.8353113911660346,2.2023736693992415,0.2447081854888046,0.7341245564664138,0.4,0.32666666666666666,0.1,0.12,0.013333333333333334,0.04,150,18.353113911660344
minutes_20240131,minutes,2024-01-31,Powell,7704,2024,8,18,15,0,3,4,1.0384215991692627,2.336448598130841,1.9470404984423677,0.0,0.3894080996884735,0.5192107995846313,0.16666666666666666,0.375,0.3125,0.0,0.0625,0.08333333333333333,48,6.230529595015576
transcript_20240131,press_conf,2024-01-31,Powell,9576,2024,58,66,21,22,3,4,6.056808688387636,6.8922305764411025,2.192982456140351,2.2974101921470345,0.3132832080200501,0.4177109440267335,0.3333333333333333,0.3793103448275862,0.1206896551724138,0.12643678160919541,0.017241379310344827,0.022988505747126436,174,18.170426065162907
statement_20240131,statement,2024-01-31,Powell,351,2024,5,1,1,0,0,0,14.245014245014245,2.849002849002849,2.849002849002849,0.0,0.0,0.0,0.7142857142857143,0.14285714285714285,0.14285714285714285,0.0,0.0,0.0,7,19.943019943019944
transcript_20240320,press_conf,2024-03-20,Powell,8255,2024,63,46,15,27,7,7,7.631738340399758,5.572380375529982,1.8170805572380375,3.2707450030284675,0.8479709267110842,0.8479709267110842,0.38181818181818183,0.2787878787878788,0.09090909090909091,0.16363636363636364,0.04242424242424243,0.04242424242424243,165,19.987886129618413
statement_20240320,statement,2024-03-20,Powell,345,2024,5,1,1,0,0,0,14.492753623188406,2.898550724637681,2.898550724637681,0.0,0.0,0.0,0.7142857142857143,0.14285714285714285,0.14285714285714285,0.0,0.0,0.0,7,20.28985507246377
minutes_20240320,minutes,2024-03-20,Powell,7452,2024,7,35,19,0,2,1,0.9393451422436929,4.696725711218465,2.5496511003757383,0.0,0.2683843263553409,0.13419216317767044,0.109375,0.546875,0.296875,0.0,0.03125,0.015625,64,8.588298443370908
speech_powell_20240403a,speech,2024-04-03,Powell,1514,2024,10,0,2,1,1,0,6.605019815059445,0.0,1.321003963011889,0.6605019815059445,0.6605019815059445,0.0,0.7142857142857143,0.0,0.14285714285714285,0.07142857142857142,0.07142857142857142,0.0,14,9.247027741083222
transcript_20240501,press_conf,2024-05-01,Powell,8844,2024,70,74,17,22,4,6,7.914970601537766,8.367254635911353,1.922207146087743,2.487562189054726,0.4522840343735866,0.6784260515603799,0.3626943005181347,0.38341968911917096,0.08808290155440414,0.11398963730569948,0.02072538860103627,0.031088082901554404,193,21.822704658525556
minutes_20240501,minutes,2024-05-01,Powell,7300,2024,9,24,19,0,7,4,1.2328767123287672,3.287671232876712,2.6027397260273974,0.0,0.958904109589041,0.547945205479452,0.14285714285714285,0.38095238095238093,0.30158730158730157,0.0,0.1111111111111111,0.06349206349206349,63,8.63013698630137
statement_20240501,statement,2024-05-01,Powell,426,2024,8,1,1,0,0,0,18.779342723004696,2.347417840375587,2.347417840375587,0.0,0.0,0.0,0.8,0.1,0.1,0.0,0.0,0.0,10,23.474178403755868
speech_powell_20240519a,speech,2024-05-19,Powell,1853,2024,17,10,2,9,1,5,9.174311926605505,5.396654074473826,1.0793308148947653,4.856988667026443,0.5396654074473827,2.698327037236913,0.38636363636363635,0.22727272727272727,0.045454545454545456,0.20454545454545456,0.022727272727272728,0.11363636363636363,44,23.745277927684835
minutes_20240612,minutes,2024-06-12,Powell,6705,2024,8,19,12,0,1,6,1.1931394481730053,2.8337061894108873,1.7897091722595078,0.0,0.14914243102162567,0.8948545861297539,0.17391304347826086,0.41304347826086957,0.2608695652173913,0.0,0.021739130434782608,0.13043478260869565,46,6.86055182699478
transcript_20240612,press_conf,2024-06-12,Powell,9846,2024,43,50,24,33,11,6,4.367255738370912,5.078204346942921,2.437538086532602,3.351614868982328,1.1172049563274427,0.6093845216331505,0.25748502994011974,0.2994011976047904,0.1437125748502994,0.19760479041916168,0.0658682634730539,0.03592814371257485,167,16.961202518789356
statement_20240612,statement,2024-06-12,Powell,359,2024,5,1,1,0,0,0,13.927576601671309,2.785515320334262,2.785515320334262,0.0,0.0,0.0,0.7142857142857143,0.14285714285714285,0.14285714285714285,0.0,0.0,0.0,7,19.498607242339833
statement_20240731,statement,2024-07-31,Powell,376,2024,5,1,1,0,0,0,13.297872340425531,2.6595744680851063,2.6595744680851063,0.0,0.0,0.0,0.7142857142857143,0.14285714285714285,0.14285714285714285,0.0,0.0,0.0,7,18.617021276595743
minutes_20240731,minutes,2024-07-31,Powell,6857,2024,6,15,15,0,2,1,0.8750182295464489,2.1875455738661223,2.1875455738661223,0.0,0.29167274318214964,0.14583637159107482,0.15384615384615385,0.38461538461538464,0.38461538461538464,0.0,0.05128205128205128,0.02564102564102564,39,5.687618492051918
transcript_20240731,press_conf,2024-07-31,Powell,8854,2024,44,61,17,17,4,3,4.969505308335216,6.889541450192004,1.920036141856788,1.920036141856788,0.451773209848656,0.338829907386492,0.3013698630136986,0.4178082191780822,0.11643835616438356,0.11643835616438356,0.0273972602739726,0.02054794520547945,146,16.489722159475942
speech_powell_20240823a,speech,2024-08-23,Powell,3928,2024,11,11,1,5,0,2,2.8004073319755602,2.8004073319755602,0.2545824847250509,1.2729124236252545,0.0,0.5091649694501018,0.36666666666666664,0.36666666666666664,0.03333333333333333,0.16666666666666666,0.0,0.06666666666666667,30,7.637474541751527
transcript_20240918,press_conf,2024-09-18,Powell,9006,2024,65,39,14,35,13,2,7.217410615145458,4.330446369087275,1.554519209415945,3.8862980235398625,1.4434821230290917,0.22207417277370642,0.3869047619047619,0.23214285714285715,0.08333333333333333,0.20833333333333334,0.07738095238095238,0.011904761904761904,168,18.65423051299134
minutes_20240918,minutes,2024-09-18,Powell,6863,2024,4,23,13,0,3,0,0.5828354946816261,3.35130409441935,1.894215357715285,0.0,0.4371266210112196,0.0,0.09302325581395349,0.5348837209302325,0.3023255813953488,0.0,0.06976744186046512,0.0,43,6.2654815678274804
statement_20240918,statement,2024-09-18,Powell,372,2024,4,1,1,0,0,0,10.75268817204301,2.6881720430107525,2.6881720430107525,0.0,0.0,0.0,0.6666666666666666,0.16666666666666666,0.16666666666666666,0.0,0.0,0.0,6,16.129032258064516
speech_powell_20240926a,speech,2024-09-26,Powell,582,2024,2,0,0,1,0,1,3.4364261168384878,0.0,0.0,1.7182130584192439,0.0,1.7182130584192439,0.5,0.0,0.0,0.25,0.0,0.25,4,6.8728522336769755
speech_powell_20240930a,speech,2024-09-30,Powell,896,2024,4,1,0,2,0,0,4.464285714285714,1.1160714285714286,0.0,2.232142857142857,0.0,0.0,0.5714285714285714,0.14285714285714285,0.0,0.2857142857142857,0.0,0.0,7,7.8125
statement_20241107,statement,2024-11-07,Powell,335,2024,4,1,1,0,0,0,11.940298507462687,2.985074626865672,2.985074626865672,0.0,0.0,0.0,0.6666666666666666,0.16666666666666666,0.16666666666666666,0.0,0.0,0.0,6,17.91044776119403
transcript_20241107,press_conf,2024-11-07,Powell,7748,2024,46,49,10,24,6,2,5.937016004130098,6.324212700051627,1.2906556530717606,3.097573567372225,0.7743933918430562,0.2581311306143521,0.3357664233576642,0.35766423357664234,0.072992700729927,0.17518248175182483,0.043795620437956206,0.014598540145985401,137,17.68198244708312
minutes_20241107,minutes,2024-11-07,Powell,7463,2024,4,23,13,0,2,0,0.5359774889454643,3.0818705614364195,1.741926839072759,0.0,0.26798874447273213,0.0,0.09523809523809523,0.5476190476190477,0.30952380952380953,0.0,0.047619047619047616,0.0,42,5.627763633927375
speech_powell_20241114a,speech,2024-11-14,Powell,977,2024,4,1,2,1,0,0,4.094165813715455,1.0235414534288638,2.0470829068577276,1.0235414534288638,0.0,0.0,0.5,0.125,0.25,0.125,0.0,0.0,8,8.18833162743091
minutes_20241218,minutes,2024-12-18,Powell,7016,2024,4,21,19,1,1,1,0.5701254275940707,2.993158494868871,2.708095781071836,0.14253135689851767,0.14253135689851767,0.14253135689851767,0.0851063829787234,0.44680851063829785,0.40425531914893614,0.02127659574468085,0.02127659574468085,0.02127659574468085,47,6.698973774230331
statement_20241218,statement,2024-12-18,Powell,364,2024,4,1,1,0,0,0,10.989010989010989,2.7472527472527473,2.7472527472527473,0.0,0.0,0.0,0.6666666666666666,0.16666666666666666,0.16666666666666666,0.0,0.0,0.0,6,16.483516483516482
transcript_20241218,press_conf,2024-12-18,Powell,10003,2024,48,45,16,29,6,5,4.798560431870439,4.4986504048785365,1.599520143956813,2.8991302609217233,0.5998200539838049,0.49985004498650404,0.3221476510067114,0.30201342281879195,0.10738255033557047,0.19463087248322147,0.040268456375838924,0.03355704697986577,149,14.89553134059782
transcript_20250129,press_conf,2025-01-29,Powell,9261,2025,43,38,20,29,11,3,4.643127092106684,4.103228593024512,2.1595939963286903,3.131411294676601,1.1877766979807796,0.32393909944930355,0.2986111111111111,0.2638888888888889,0.1388888888888889,0.2013888888888889,0.0763888888888889,0.020833333333333332,144,15.54907677356657
minutes_20250129,minutes,2025-01-29,Powell,8316,2025,5,25,10,0,2,6,0.6012506012506013,3.006253006253006,1.2025012025012025,0.0,0.2405002405002405,0.7215007215007215,0.10416666666666667,0.5208333333333334,0.20833333333333334,0.0,0.041666666666666664,0.125,48,5.772005772005772
statement_20250129,statement,2025-01-29,Powell,322,2025,4,1,1,0,0,0,12.422360248447205,3.1055900621118013,3.1055900621118013,0.0,0.0,0.0,0.6666666666666666,0.16666666666666666,0.16666666666666666,0.0,0.0,0.0,6,18.633540372670808
speech_powell_20250307a,speech,2025-03-07,Powell,965,2025,9,0,0,3,0,0,9.32642487046632,0.0,0.0,3.1088082901554404,0.0,0.0,0.75,0.0,0.0,0.25,0.0,0.0,12,12.435233160621761
minutes_20250319,minutes,2025-03-19,Powell,7410,2025,6,16,15,1,4,2,0.8097165991902834,2.1592442645074224,2.0242914979757085,0.1349527665317139,0.5398110661268556,0.2699055330634278,0.13636363636363635,0.36363636363636365,0.3409090909090909,0.022727272727272728,0.09090909090909091,0.045454545454545456,44,5.937921727395412
statement_20250319,statement,2025-03-19,Powell,385,2025,6,1,1,0,0,0,15.584415584415584,2.5974025974025974,2.5974025974025974,0.0,0.0,0.0,0.75,0.125,0.125,0.0,0.0,0.0,8,20.77922077922078
transcript_20250319,press_conf,2025-03-19,Powell,9569,2025,64,28,9,32,4,8,6.688264186435364,2.926115581565472,0.940537151217473,3.344132093217682,0.41801651165221027,0.8360330233044205,0.4413793103448276,0.19310344827586207,0.06206896551724138,0.2206896551724138,0.027586206896551724,0.05517241379310345,145,15.153098547392622
speech_powell_20250404a,speech,2025-04-04,Powell,929,2025,11,1,1,3,0,0,11.840688912809473,1.0764262648008611,1.0764262648008611,3.2292787944025836,0.0,0.0,0.6875,0.0625,0.0625,0.1875,0.0,0.0,16,17.222820236813778
speech_powell_20250416a,speech,2025-04-16,Powell,867,2025,8,2,1,3,0,1,9.22722029988466,2.306805074971165,1.1534025374855825,3.4602076124567476,0.0,1.1534025374855825,0.5333333333333333,0.13333333333333333,0.06666666666666667,0.2,0.0,0.06666666666666667,15,17.301038062283737
transcript_20250507,press_conf,2025-05-07,Powell,8892,2025,51,52,27,27,11,13,5.7354925775978405,5.847953216374269,3.0364372469635628,3.0364372469635628,1.2370670265407107,1.4619883040935673,0.281767955801105,0.287292817679558,0.14917127071823205,0.14917127071823205,0.06077348066298342,0.0718232044198895,181,20.355375618533515
minutes_20250507,minutes,2025-05-07,Powell,7726,2025,7,13,23,1,3,1,0.9060315816722755,1.6826300802485115,2.976960911208905,0.12943308309603935,0.38829924928811804,0.12943308309603935,0.14583333333333334,0.2708333333333333,0.4791666666666667,0.020833333333333332,0.0625,0.020833333333333332,48,6.212787988609889
statement_20250507,statement,2025-05-07,Powell,338,2025,4,1,1,0,0,0,11.834319526627219,2.9585798816568047,2.9585798816568047,0.0,0.0,0.0,0.6666666666666666,0.16666666666666666,0.16666666666666666,0.0,0.0,0.0,6,17.75147928994083
speech_powell_20250515a,speech,2025-05-15,Powell,2954,2025,9,13,4,1,1,3,3.0467163168584968,4.400812457684496,1.3540961408259986,0.33852403520649965,0.33852403520649965,1.015572105619499,0.2903225806451613,0.41935483870967744,0.12903225806451613,0.03225806451612903,0.03225806451612903,0.0967741935483871,31,10.49424509140149
speech_powell_20250525a,speech,2025-05-25,Powell,1715,2025,7,2,2,8,0,2,4.081632653061225,1.1661807580174928,1.1661807580174928,4.664723032069971,0.0,1.1661807580174928,0.3333333333333333,0.09523809523809523,0.09523809523809523,0.38095238095238093,0.0,0.09523809523809523,21,12.244897959183673
speech_powell_20250602a,speech,2025-06-02,Powell,1324,2025,4,0,1,1,0,1,3.0211480362537766,0.0,0.7552870090634441,0.7552870090634441,0.0,0.7552870090634441,0.5714285714285714,0.0,0.14285714285714285,0.14285714285714285,0.0,0.14285714285714285,7,5.287009063444109
statement_20250618,statement,2025-06-18,Powell,311,2025,4,1,1,0,0,0,12.861736334405144,3.215434083601286,3.215434083601286,0.0,0.0,0.0,0.6666666666666666,0.16666666666666666,0.16666666666666666,0.0,0.0,0.0,6,19.292604501607716
transcript_20250618,press_conf,2025-06-18,Powell,9811,2025,59,39,19,40,13,9,6.013658138823769,3.975129956171644,1.936601773519519,4.077056365304251,1.3250433187238813,0.9173376821934563,0.329608938547486,0.21787709497206703,0.10614525139664804,0.22346368715083798,0.07262569832402235,0.05027932960893855,179,18.24482723473652
minutes_20250618,minutes,2025-06-18,Powell,7190,2025,5,28,12,2,1,2,0.6954102920723226,3.8942976356050067,1.6689847009735743,0.27816411682892905,0.13908205841446453,0.27816411682892905,0.1,0.56,0.24,0.04,0.02,0.04,50,6.954102920723226
speech_powell_20250722a,speech,2025-07-22,Powell,475,2025,4,1,0,0,0,1,8.421052631578947,2.1052631578947367,0.0,0.0,0.0,2.1052631578947367,0.6666666666666666,0.16666666666666666,0.0,0.0,0.0,0.16666666666666666,6,12.631578947368421
transcript_20250730,press_conf,2025-07-30,Powell,8281,2025,56,35,10,15,12,12,6.762468300929839,4.22654268808115,1.2075836251660428,1.811375437749064,1.4491003501992512,1.4491003501992512,0.4,0.25,0.07142857142857142,0.10714285714285714,0.08571428571428572,0.08571428571428572,140,16.9061707523246
statement_20250730,statement,2025-07-30,Powell,341,2025,4,1,1,0,0,0,11.730205278592376,2.932551319648094,2.932551319648094,0.0,0.0,0.0,0.6666666666666666,0.16666666666666666,0.16666666666666666,0.0,0.0,0.0,6,17.59530791788856
minutes_20250730,minutes,2025-07-30,Powell,7230,2025,4,31,13,0,1,6,0.5532503457814661,4.287690179806362,1.798063623789765,0.0,0.13831258644536654,0.8298755186721992,0.07272727272727272,0.5636363636363636,0.23636363636363636,0.0,0.01818181818181818,0.10909090909090909,55,7.607192254495159
speech_powell_20250822a,speech,2025-08-22,Powell,4206,2025,17,8,3,7,0,7,4.041844983357109,1.9020446980504042,0.7132667617689016,1.6642891107941036,0.0,1.6642891107941036,0.40476190476190477,0.19047619047619047,0.07142857142857142,0.16666666666666666,0.0,0.16666666666666666,42,9.985734664764623
transcript_20250917,press_conf,2025-09-17,Powell,9274,2025,38,39,10,24,10,7,4.097476816907483,4.205305154194522,1.0782833728703904,2.587880094888937,1.0782833728703904,0.7547983610092732,0.296875,0.3046875,0.078125,0.1875,0.078125,0.0546875,128,13.802027172740996
statement_20250917,statement,2025-09-17,Powell,349,2025,4,1,1,0,0,0,11.461318051575931,2.865329512893983,2.865329512893983,0.0,0.0,0.0,0.6666666666666666,0.16666666666666666,0.16666666666666666,0.0,0.0,0.0,6,17.191977077363898
minutes_20250917,minutes,2025-09-17,Powell,6482,2025,4,20,8,0,1,4,0.617093489663684,3.08546744831842,1.234186979327368,0.0,0.154273372415921,0.617093489663684,0.10810810810810811,0.5405405405405406,0.21621621621621623,0.0,0.02702702702702703,0.10810810810810811,37,5.708114779389078
speech_powell_20250923a,speech,2025-09-23,Powell,1264,2025,9,0,3,0,0,0,7.120253164556962,0.0,2.3734177215189876,0.0,0.0,0.0,0.75,0.0,0.25,0.0,0.0,0.0,12,9.49367088607595
speech_powell_20251009a,speech,2025-10-09,Powell,320,2025,0,0,1,0,0,1,0.0,0.0,3.125,0.0,0.0,3.125,0.0,0.0,0.5,0.0,0.0,0.5,2,6.25
speech_powell_20251014a,speech,2025-10-14,Powell,4459,2025,17,10,6,3,3,4,3.812514016595649,2.242655303879794,1.3455931823278762,0.6727965911639381,0.6727965911639381,0.8970621215519174,0.3953488372093023,0.23255813953488372,0.13953488372093023,0.06976744186046512,0.06976744186046512,0.09302325581395349,43,9.643417806683113
minutes_20251029,minutes,2025-10-29,Powell,8475,2025,3,39,23,0,6,8,0.35398230088495575,4.601769911504425,2.713864306784661,0.0,0.7079646017699115,0.943952802359882,0.0379746835443038,0.4936708860759494,0.2911392405063291,0.0,0.0759493670886076,0.10126582278481013,79,9.321533923303836
statement_20251029,statement,2025-10-29,Powell,381,2025,3,1,1,0,0,0,7.874015748031496,2.6246719160104988,2.6246719160104988,0.0,0.0,0.0,0.6,0.2,0.2,0.0,0.0,0.0,5,13.123359580052494
transcript_20251029,press_conf,2025-10-29,Powell,9766,2025,70,40,20,29,11,11,7.16772475936924,4.095842719639566,2.047921359819783,2.9694859717386852,1.1263567479008807,1.1263567479008807,0.3867403314917127,0.22099447513812154,0.11049723756906077,0.16022099447513813,0.06077348066298342,0.06077348066298342,181,18.533688306369037
speech_powell_20251201a,speech,2025-12-01,Powell,824,2025,2,3,1,1,1,2,2.4271844660194173,3.6407766990291264,1.2135922330097086,1.2135922330097086,1.2135922330097086,2.4271844660194173,0.2,0.3,0.1,0.1,0.1,0.2,10,12.135922330097088
statement_20251210,statement,2025-12-10,Powell,402,2025,4,1,1,0,0,0,9.950248756218905,2.487562189054726,2.487562189054726,0.0,0.0,0.0,0.6666666666666666,0.16666666666666666,0.16666666666666666,0.0,0.0,0.0,6,14.925373134328359
transcript_20251210,press_conf,2025-12-10,Powell,9343,2025,44,32,14,19,17,12,4.709408113025795,3.425024082200578,1.4984480359627528,2.033608048806593,1.819544043669057,1.2843840308252168,0.3188405797101449,0.2318840579710145,0.10144927536231885,0.13768115942028986,0.12318840579710146,0.08695652173913043,138,14.770416354489992
minutes_20251210,minutes,2025-12-10,Powell,7802,2025,4,37,18,0,4,1,0.5126890540886953,4.74237375032043,2.3071007433991286,0.0,0.5126890540886953,0.1281722635221738,0.0625,0.578125,0.28125,0.0,0.0625,0.015625,64,8.203024865419124
speech_powell_20260111a,speech,2026-01-11,Powell,362,2026,4,0,0,0,1,1,11.049723756906078,0.0,0.0,0.0,2.7624309392265194,2.7624309392265194,0.6666666666666666,0.0,0.0,0.0,0.16666666666666666,0.16666666666666666,6,16.574585635359117
transcript_20260128,press_conf,2026-01-28,Powell,8139,2026,37,38,11,27,6,16,4.5460130237129865,4.668878240570095,1.3515173854281852,3.317360855141909,0.7371913011426465,1.9658434697137241,0.2740740740740741,0.2814814814814815,0.08148148148148149,0.2,0.044444444444444446,0.11851851851851852,135,16.586804275709547
statement_20260128,statement,2026-01-28,Powell,306,2026,3,1,1,0,0,0,9.803921568627452,3.2679738562091503,3.2679738562091503,0.0,0.0,0.0,0.6,0.2,0.2,0.0,0.0,0.0,5,16.33986928104575
minutes_20260128,minutes,2026-01-28,Powell,6717,2026,4,22,10,0,1,5,0.595503945213637,3.2752716986750037,1.4887598630340926,0.0,0.14887598630340926,0.7443799315170463,0.09523809523809523,0.5238095238095238,0.23809523809523808,0.0,0.023809523809523808,0.11904761904761904,42,6.252791424743189
minutes_20260318,minutes,2026-03-18,Powell,6206,2026,5,18,14,0,1,0,0.8056719303899452,2.900418949403803,2.2558814050918468,0.0,0.16113438607798905,0.0,0.13157894736842105,0.47368421052631576,0.3684210526315789,0.0,0.02631578947368421,0.0,38,6.123106670963583
statement_20260318,statement,2026-03-18,Powell,320,2026,3,1,1,0,0,0,9.375,3.125,3.125,0.0,0.0,0.0,0.6,0.2,0.2,0.0,0.0,0.0,5,15.625
transcript_20260318,press_conf,2026-03-18,Powell,8905,2026,57,47,9,27,16,8,6.400898371701292,5.277933745087029,1.0106681639528354,3.0320044918585065,1.7967434025828186,0.8983717012914093,0.3475609756097561,0.2865853658536585,0.054878048780487805,0.16463414634146342,0.0975609756097561,0.04878048780487805,164,18.41661987647389
speech_powell_20260321a,speech,2026-03-21,Powell,501,2026,1,0,0,1,1,1,1.996007984031936,0.0,0.0,1.996007984031936,1.996007984031936,1.996007984031936,0.25,0.0,0.0,0.25,0.25,0.25,4,7.984031936127744
minutes_20260429,minutes,2026-04-29,Powell,6987,2026,3,22,16,0,3,2,0.42936882782310004,3.1487047373694,2.2899670817232,0.0,0.42936882782310004,0.2862458852154,0.06521739130434782,0.4782608695652174,0.34782608695652173,0.0,0.06521739130434782,0.043478260869565216,46,6.583655359954201
statement_20260429,statement,2026-04-29,Powell,355,2026,3,1,1,0,0,0,8.450704225352112,2.816901408450704,2.816901408450704,0.0,0.0,0.0,0.6,0.2,0.2,0.0,0.0,0.0,5,14.084507042253522
transcript_20260429,press_conf,2026-04-29,Powell,10189,2026,70,51,16,38,8,5,6.870154087741682,5.005397978211797,1.5703209343409559,3.7295122190597705,0.7851604671704779,0.49072529198154874,0.3723404255319149,0.2712765957446808,0.0851063829787234,0.20212765957446807,0.0425531914893617,0.026595744680851064,188,18.451270978506233
speech_powell_20260531a,speech,2026-05-31,Powell,1269,2026,5,4,1,5,0,0,3.9401103230890464,3.1520882584712373,0.7880220646178093,3.9401103230890464,0.0,0.0,0.3333333333333333,0.26666666666666666,0.06666666666666667,0.3333333333333333,0.0,0.0,15,11.82033096926714
