doc_id,midx,date,sent_id,sentence,key,canon,n_statements,formulaic
statement_20140129,0,2014-01-29,7,"The Committee expects that, with appropriate policy accommodation, economic activity will expand at a moderate pace and the unemployment rate will gradually decline toward levels the Committee judges consistent with its dual mandate.",the committee expects that with appropriate policy accommodation economic activity will expand at a moderate pace and the unemployment rate will gradually decline toward levels the committee judges consistent with its dual mandate,the committee expects that with appropriate policy accommodation economic activity will expand at a moderate pace and the unemployment rate will gradually decline toward levels the committee judges consistent with its dual mandate,1,False
statement_20140129,0,2014-01-29,9,"The Committee recognizes that inflation persistently below its 2 percent objective could pose risks to economic performance, and it is monitoring inflation developments carefully for evidence that inflation will move back toward its objective over the medium term.",the committee recognizes that inflation persistently below its # percent objective could pose risks to economic performance and it is monitoring inflation developments carefully for evidence that inflation will move back toward its objective over the medium term,the committee recognizes that inflation persistently below its # percent objective could pose risks to economic performance and it is monitoring inflation developments carefully for evidence that inflation will move back toward its objective over the medium term,4,True
statement_20140129,0,2014-01-29,12,"Beginning in February, the Committee will add to its holdings of agency mortgage-backed securities at a pace of $30 billion per month rather than $35 billion per month, and will add to its holdings of longer-term Treasury securities at a pace of $35 billion per month rather than $40 billion per month.",beginning in february the committee will add to its holdings of agency mortgage backed securities at a pace of # billion per month rather than # billion per month and will add to its holdings of longer term treasury securities at a pace of # billion per month rather than # billion per month,beginning in february the committee will add to its holdings of agency mortgage backed securities at a pace of # billion per month rather than # billion per month and will add to its holdings of longer term treasury securities at a pace of # billion per month rather than # billion per month,2,False
statement_20140129,0,2014-01-29,14,"The Committee's sizable and still-increasing holdings of longer-term securities should maintain downward pressure on longer-term interest rates, support mortgage markets, and help to make broader financial conditions more accommodative, which in turn should promote a stronger economic recovery and help to ensure that inflation, over time, is at the rate most consistent with the Committee's dual mandate.",the committee s sizable and still increasing holdings of longer term securities should maintain downward pressure on longer term interest rates support mortgage markets and help to make broader financial conditions more accommodative which in turn should promote a stronger economic recovery and help to ensure that inflation over time is at the rate most consistent with the committee s dual mandate,the committee s sizable and still increasing holdings of longer term securities should maintain downward pressure on longer term interest rates support mortgage markets and help to make broader financial conditions more accommodative which in turn should promote a stronger economic recovery and help to ensure that inflation over time is at the rate most consistent with the committee s dual mandate,6,True
statement_20140129,0,2014-01-29,15,"The Committee will closely monitor incoming information on economic and financial developments in coming months and will continue its purchases of Treasury and agency mortgage-backed securities, and employ its other policy tools as appropriate, until the outlook for the labor market has improved substantially in a context of price stability.",the committee will closely monitor incoming information on economic and financial developments in coming months and will continue its purchases of treasury and agency mortgage backed securities and employ its other policy tools as appropriate until the outlook for the labor market has improved substantially in a context of price stability,the committee will closely monitor incoming information on economic and financial developments in coming months and will continue its purchases of treasury and agency mortgage backed securities and employ its other policy tools as appropriate until the outlook for the labor market has improved substantially in a context of price stability,6,True
statement_20140129,0,2014-01-29,16,"If incoming information broadly supports the Committee's expectation of ongoing improvement in labor market conditions and inflation moving back toward its longer-run objective, the Committee will likely reduce the pace of asset purchases in further measured steps at future meetings.",if incoming information broadly supports the committee s expectation of ongoing improvement in labor market conditions and inflation moving back toward its longer run objective the committee will likely reduce the pace of asset purchases in further measured steps at future meetings,if incoming information broadly supports the committee s expectation of ongoing improvement in labor market conditions and inflation moving back toward its longer run objective the committee will likely reduce the pace of asset purchases in further measured steps at future meetings,5,True
statement_20140129,0,2014-01-29,17,"However, asset purchases are not on a preset course, and the Committee's decisions about their pace will remain contingent on the Committee's outlook for the labor market and inflation as well as its assessment of the likely efficacy and costs of such purchases.",however asset purchases are not on a preset course and the committee s decisions about their pace will remain contingent on the committee s outlook for the labor market and inflation as well as its assessment of the likely efficacy and costs of such purchases,however asset purchases are not on a preset course and the committee s decisions about their pace will remain contingent on the committee s outlook for the labor market and inflation as well as its assessment of the likely efficacy and costs of such purchases,6,True
statement_20140129,0,2014-01-29,18,"To support continued progress toward maximum employment and price stability, the Committee today reaffirmed its view that a highly accommodative stance of monetary policy will remain appropriate for a considerable time after the asset purchase program ends and the economic recovery strengthens.",to support continued progress toward maximum employment and price stability the committee today reaffirmed its view that a highly accommodative stance of monetary policy will remain appropriate for a considerable time after the asset purchase program ends and the economic recovery strengthens,to support continued progress toward maximum employment and price stability the committee today reaffirmed its view that a highly accommodative stance of monetary policy will remain appropriate for a considerable time after the asset purchase program ends and the economic recovery strengthens,1,False
statement_20140129,0,2014-01-29,19,"The Committee also reaffirmed its expectation that the current exceptionally low target range for the federal funds rate of 0 to 1/4 percent will be appropriate at least as long as the unemployment rate remains above 6-1/2 percent, inflation between one and two years ahead is projected to be no more than a half percentage point above the Committee's 2 percent longer-run goal, and longer-term inflation expectations continue to be well anchored.",the committee also reaffirmed its expectation that the current exceptionally low target range for the federal funds rate of # to # # percent will be appropriate at least as long as the unemployment rate remains above # # # percent inflation between one and two years ahead is projected to be no more than a half percentage point above the committee s # percent longer run goal and longer term inflation expectations continue to be well anchored,the committee also reaffirmed its expectation that the current exceptionally low target range for the federal funds rate of # to # # percent will be appropriate at least as long as the unemployment rate remains above # # # percent inflation between one and two years ahead is projected to be no more than a half percentage point above the committee s # percent longer run goal and longer term inflation expectations continue to be well anchored,1,False
statement_20140129,0,2014-01-29,20,"In determining how long to maintain a highly accommodative stance of monetary policy, the Committee will also consider other information, including additional measures of labor market conditions, indicators of inflation pressures and inflation expectations, and readings on financial developments.",in determining how long to maintain a highly accommodative stance of monetary policy the committee will also consider other information including additional measures of labor market conditions indicators of inflation pressures and inflation expectations and readings on financial developments,in determining how long to maintain a highly accommodative stance of monetary policy the committee will also consider other information including additional measures of labor market conditions indicators of inflation pressures and inflation expectations and readings on financial developments,1,False
statement_20140129,0,2014-01-29,21,"The Committee continues to anticipate, based on its assessment of these factors, that it likely will be appropriate to maintain the current target range for the federal funds rate well past the time that the unemployment rate declines below 6-1/2 percent, especially if projected inflation continues to run below the Committee's 2 percent longer-run goal.",the committee continues to anticipate based on its assessment of these factors that it likely will be appropriate to maintain the current target range for the federal funds rate well past the time that the unemployment rate declines below # # # percent especially if projected inflation continues to run below the committee s # percent longer run goal,the committee continues to anticipate based on its assessment of these factors that it likely will be appropriate to maintain the current target range for the federal funds rate well past the time that the unemployment rate declines below # # # percent especially if projected inflation continues to run below the committee s # percent longer run goal,1,False
statement_20140129,0,2014-01-29,22,"When the Committee decides to begin to remove policy accommodation, it will take a balanced approach consistent with its longer-run goals of maximum employment and inflation of 2 percent.",when the committee decides to begin to remove policy accommodation it will take a balanced approach consistent with its longer run goals of maximum employment and inflation of # percent,when the committee decides to begin to remove policy accommodation it will take a balanced approach consistent with its longer run goals of maximum employment and inflation of # percent,15,True
statement_20140319,1,2014-03-19,7,"The Committee expects that, with appropriate policy accommodation, economic activity will expand at a moderate pace and labor market conditions will continue to improve gradually, moving toward those the Committee judges consistent with its dual mandate.",the committee expects that with appropriate policy accommodation economic activity will expand at a moderate pace and labor market conditions will continue to improve gradually moving toward those the committee judges consistent with its dual mandate,the committee expects that with appropriate policy accommodation economic activity will expand at a moderate pace and labor market conditions will continue to improve gradually moving toward those the committee judges consistent with its dual mandate,3,True
statement_20140319,1,2014-03-19,9,"The Committee recognizes that inflation persistently below its 2 percent objective could pose risks to economic performance, and it is monitoring inflation developments carefully for evidence that inflation will move back toward its objective over the medium term.",the committee recognizes that inflation persistently below its # percent objective could pose risks to economic performance and it is monitoring inflation developments carefully for evidence that inflation will move back toward its objective over the medium term,the committee recognizes that inflation persistently below its # percent objective could pose risks to economic performance and it is monitoring inflation developments carefully for evidence that inflation will move back toward its objective over the medium term,4,True
statement_20140319,1,2014-03-19,12,"Beginning in April, the Committee will add to its holdings of agency mortgage-backed securities at a pace of $25 billion per month rather than $30 billion per month, and will add to its holdings of longer-term Treasury securities at a pace of $30 billion per month rather than $35 billion per month.",beginning in april the committee will add to its holdings of agency mortgage backed securities at a pace of # billion per month rather than # billion per month and will add to its holdings of longer term treasury securities at a pace of # billion per month rather than # billion per month,beginning in april the committee will add to its holdings of agency mortgage backed securities at a pace of # billion per month rather than # billion per month and will add to its holdings of longer term treasury securities at a pace of # billion per month rather than # billion per month,4,True
statement_20140319,1,2014-03-19,14,"The Committee's sizable and still-increasing holdings of longer-term securities should maintain downward pressure on longer-term interest rates, support mortgage markets, and help to make broader financial conditions more accommodative, which in turn should promote a stronger economic recovery and help to ensure that inflation, over time, is at the rate most consistent with the Committee's dual mandate.",the committee s sizable and still increasing holdings of longer term securities should maintain downward pressure on longer term interest rates support mortgage markets and help to make broader financial conditions more accommodative which in turn should promote a stronger economic recovery and help to ensure that inflation over time is at the rate most consistent with the committee s dual mandate,the committee s sizable and still increasing holdings of longer term securities should maintain downward pressure on longer term interest rates support mortgage markets and help to make broader financial conditions more accommodative which in turn should promote a stronger economic recovery and help to ensure that inflation over time is at the rate most consistent with the committee s dual mandate,6,True
statement_20140319,1,2014-03-19,15,"The Committee will closely monitor incoming information on economic and financial developments in coming months and will continue its purchases of Treasury and agency mortgage-backed securities, and employ its other policy tools as appropriate, until the outlook for the labor market has improved substantially in a context of price stability.",the committee will closely monitor incoming information on economic and financial developments in coming months and will continue its purchases of treasury and agency mortgage backed securities and employ its other policy tools as appropriate until the outlook for the labor market has improved substantially in a context of price stability,the committee will closely monitor incoming information on economic and financial developments in coming months and will continue its purchases of treasury and agency mortgage backed securities and employ its other policy tools as appropriate until the outlook for the labor market has improved substantially in a context of price stability,6,True
statement_20140319,1,2014-03-19,16,"If incoming information broadly supports the Committee's expectation of ongoing improvement in labor market conditions and inflation moving back toward its longer-run objective, the Committee will likely reduce the pace of asset purchases in further measured steps at future meetings.",if incoming information broadly supports the committee s expectation of ongoing improvement in labor market conditions and inflation moving back toward its longer run objective the committee will likely reduce the pace of asset purchases in further measured steps at future meetings,if incoming information broadly supports the committee s expectation of ongoing improvement in labor market conditions and inflation moving back toward its longer run objective the committee will likely reduce the pace of asset purchases in further measured steps at future meetings,5,True
statement_20140319,1,2014-03-19,17,"However, asset purchases are not on a preset course, and the Committee's decisions about their pace will remain contingent on the Committee's outlook for the labor market and inflation as well as its assessment of the likely efficacy and costs of such purchases.",however asset purchases are not on a preset course and the committee s decisions about their pace will remain contingent on the committee s outlook for the labor market and inflation as well as its assessment of the likely efficacy and costs of such purchases,however asset purchases are not on a preset course and the committee s decisions about their pace will remain contingent on the committee s outlook for the labor market and inflation as well as its assessment of the likely efficacy and costs of such purchases,6,True
statement_20140319,1,2014-03-19,19,"In determining how long to maintain the current 0 to 1/4 percent target range for the federal funds rate, the Committee will assess progress--both realized and expected--toward its objectives of maximum employment and 2 percent inflation.",in determining how long to maintain the current # to # # percent target range for the federal funds rate the committee will assess progress both realized and expected toward its objectives of maximum employment and # percent inflation,in determining how long to maintain the current # to # # percent target range for the federal funds rate the committee will assess progress both realized and expected toward its objectives of maximum employment and # percent inflation,13,True
statement_20140319,1,2014-03-19,20,"This assessment will take into account a wide range of information, including measures of labor market conditions, indicators of inflation pressures and inflation expectations, and readings on financial developments.",this assessment will take into account a wide range of information including measures of labor market conditions indicators of inflation pressures and inflation expectations and readings on financial developments,this assessment will take into account a wide range of information including measures of labor market conditions indicators of inflation pressures and inflation expectations and readings on financial developments,52,True
statement_20140319,1,2014-03-19,21,"The Committee continues to anticipate, based on its assessment of these factors, that it likely will be appropriate to maintain the current target range for the federal funds rate for a considerable time after the asset purchase program ends, especially if projected inflation continues to run below the Committee's 2 percent longer-run goal, and provided that longer-term inflation expectations remain well anchored.",the committee continues to anticipate based on its assessment of these factors that it likely will be appropriate to maintain the current target range for the federal funds rate for a considerable time after the asset purchase program ends especially if projected inflation continues to run below the committee s # percent longer run goal and provided that longer term inflation expectations remain well anchored,the committee continues to anticipate based on its assessment of these factors that it likely will be appropriate to maintain the current target range for the federal funds rate for a considerable time after the asset purchase program ends especially if projected inflation continues to run below the committee s # percent longer run goal and provided that longer term inflation expectations remain well anchored,5,True
statement_20140319,1,2014-03-19,22,"When the Committee decides to begin to remove policy accommodation, it will take a balanced approach consistent with its longer-run goals of maximum employment and inflation of 2 percent.",when the committee decides to begin to remove policy accommodation it will take a balanced approach consistent with its longer run goals of maximum employment and inflation of # percent,when the committee decides to begin to remove policy accommodation it will take a balanced approach consistent with its longer run goals of maximum employment and inflation of # percent,15,True
statement_20140319,1,2014-03-19,23,"The Committee currently anticipates that, even after employment and inflation are near mandate-consistent levels, economic conditions may, for some time, warrant keeping the target federal funds rate below levels the Committee views as normal in the longer run.",the committee currently anticipates that even after employment and inflation are near mandate consistent levels economic conditions may for some time warrant keeping the target federal funds rate below levels the committee views as normal in the longer run,the committee currently anticipates that even after employment and inflation are near mandate consistent levels economic conditions may for some time warrant keeping the target federal funds rate below levels the committee views as normal in the longer run,14,True
statement_20140430,2,2014-04-30,8,"The Committee expects that, with appropriate policy accommodation, economic activity will expand at a moderate pace and labor market conditions will continue to improve gradually, moving toward those the Committee judges consistent with its dual mandate.",the committee expects that with appropriate policy accommodation economic activity will expand at a moderate pace and labor market conditions will continue to improve gradually moving toward those the committee judges consistent with its dual mandate,the committee expects that with appropriate policy accommodation economic activity will expand at a moderate pace and labor market conditions will continue to improve gradually moving toward those the committee judges consistent with its dual mandate,3,True
statement_20140430,2,2014-04-30,10,"The Committee recognizes that inflation persistently below its 2 percent objective could pose risks to economic performance, and it is monitoring inflation developments carefully for evidence that inflation will move back toward its objective over the medium term.",the committee recognizes that inflation persistently below its # percent objective could pose risks to economic performance and it is monitoring inflation developments carefully for evidence that inflation will move back toward its objective over the medium term,the committee recognizes that inflation persistently below its # percent objective could pose risks to economic performance and it is monitoring inflation developments carefully for evidence that inflation will move back toward its objective over the medium term,4,True
statement_20140430,2,2014-04-30,13,"Beginning in May, the Committee will add to its holdings of agency mortgage-backed securities at a pace of $20 billion per month rather than $25 billion per month, and will add to its holdings of longer-term Treasury securities at a pace of $25 billion per month rather than $30 billion per month.",beginning in may the committee will add to its holdings of agency mortgage backed securities at a pace of # billion per month rather than # billion per month and will add to its holdings of longer term treasury securities at a pace of # billion per month rather than # billion per month,beginning in april the committee will add to its holdings of agency mortgage backed securities at a pace of # billion per month rather than # billion per month and will add to its holdings of longer term treasury securities at a pace of # billion per month rather than # billion per month,4,True
statement_20140430,2,2014-04-30,15,"The Committee's sizable and still-increasing holdings of longer-term securities should maintain downward pressure on longer-term interest rates, support mortgage markets, and help to make broader financial conditions more accommodative, which in turn should promote a stronger economic recovery and help to ensure that inflation, over time, is at the rate most consistent with the Committee's dual mandate.",the committee s sizable and still increasing holdings of longer term securities should maintain downward pressure on longer term interest rates support mortgage markets and help to make broader financial conditions more accommodative which in turn should promote a stronger economic recovery and help to ensure that inflation over time is at the rate most consistent with the committee s dual mandate,the committee s sizable and still increasing holdings of longer term securities should maintain downward pressure on longer term interest rates support mortgage markets and help to make broader financial conditions more accommodative which in turn should promote a stronger economic recovery and help to ensure that inflation over time is at the rate most consistent with the committee s dual mandate,6,True
statement_20140430,2,2014-04-30,16,"The Committee will closely monitor incoming information on economic and financial developments in coming months and will continue its purchases of Treasury and agency mortgage-backed securities, and employ its other policy tools as appropriate, until the outlook for the labor market has improved substantially in a context of price stability.",the committee will closely monitor incoming information on economic and financial developments in coming months and will continue its purchases of treasury and agency mortgage backed securities and employ its other policy tools as appropriate until the outlook for the labor market has improved substantially in a context of price stability,the committee will closely monitor incoming information on economic and financial developments in coming months and will continue its purchases of treasury and agency mortgage backed securities and employ its other policy tools as appropriate until the outlook for the labor market has improved substantially in a context of price stability,6,True
statement_20140430,2,2014-04-30,17,"If incoming information broadly supports the Committee's expectation of ongoing improvement in labor market conditions and inflation moving back toward its longer-run objective, the Committee will likely reduce the pace of asset purchases in further measured steps at future meetings.",if incoming information broadly supports the committee s expectation of ongoing improvement in labor market conditions and inflation moving back toward its longer run objective the committee will likely reduce the pace of asset purchases in further measured steps at future meetings,if incoming information broadly supports the committee s expectation of ongoing improvement in labor market conditions and inflation moving back toward its longer run objective the committee will likely reduce the pace of asset purchases in further measured steps at future meetings,5,True
statement_20140430,2,2014-04-30,18,"However, asset purchases are not on a preset course, and the Committee's decisions about their pace will remain contingent on the Committee's outlook for the labor market and inflation as well as its assessment of the likely efficacy and costs of such purchases.",however asset purchases are not on a preset course and the committee s decisions about their pace will remain contingent on the committee s outlook for the labor market and inflation as well as its assessment of the likely efficacy and costs of such purchases,however asset purchases are not on a preset course and the committee s decisions about their pace will remain contingent on the committee s outlook for the labor market and inflation as well as its assessment of the likely efficacy and costs of such purchases,6,True
statement_20140430,2,2014-04-30,20,"In determining how long to maintain the current 0 to 1/4 percent target range for the federal funds rate, the Committee will assess progress--both realized and expected--toward its objectives of maximum employment and 2 percent inflation.",in determining how long to maintain the current # to # # percent target range for the federal funds rate the committee will assess progress both realized and expected toward its objectives of maximum employment and # percent inflation,in determining how long to maintain the current # to # # percent target range for the federal funds rate the committee will assess progress both realized and expected toward its objectives of maximum employment and # percent inflation,13,True
statement_20140430,2,2014-04-30,21,"This assessment will take into account a wide range of information, including measures of labor market conditions, indicators of inflation pressures and inflation expectations, and readings on financial developments.",this assessment will take into account a wide range of information including measures of labor market conditions indicators of inflation pressures and inflation expectations and readings on financial developments,this assessment will take into account a wide range of information including measures of labor market conditions indicators of inflation pressures and inflation expectations and readings on financial developments,52,True
statement_20140430,2,2014-04-30,22,"The Committee continues to anticipate, based on its assessment of these factors, that it likely will be appropriate to maintain the current target range for the federal funds rate for a considerable time after the asset purchase program ends, especially if projected inflation continues to run below the Committee's 2 percent longer-run goal, and provided that longer-term inflation expectations remain well anchored.",the committee continues to anticipate based on its assessment of these factors that it likely will be appropriate to maintain the current target range for the federal funds rate for a considerable time after the asset purchase program ends especially if projected inflation continues to run below the committee s # percent longer run goal and provided that longer term inflation expectations remain well anchored,the committee continues to anticipate based on its assessment of these factors that it likely will be appropriate to maintain the current target range for the federal funds rate for a considerable time after the asset purchase program ends especially if projected inflation continues to run below the committee s # percent longer run goal and provided that longer term inflation expectations remain well anchored,5,True
statement_20140430,2,2014-04-30,23,"When the Committee decides to begin to remove policy accommodation, it will take a balanced approach consistent with its longer-run goals of maximum employment and inflation of 2 percent.",when the committee decides to begin to remove policy accommodation it will take a balanced approach consistent with its longer run goals of maximum employment and inflation of # percent,when the committee decides to begin to remove policy accommodation it will take a balanced approach consistent with its longer run goals of maximum employment and inflation of # percent,15,True
statement_20140430,2,2014-04-30,24,"The Committee currently anticipates that, even after employment and inflation are near mandate-consistent levels, economic conditions may, for some time, warrant keeping the target federal funds rate below levels the Committee views as normal in the longer run.",the committee currently anticipates that even after employment and inflation are near mandate consistent levels economic conditions may for some time warrant keeping the target federal funds rate below levels the committee views as normal in the longer run,the committee currently anticipates that even after employment and inflation are near mandate consistent levels economic conditions may for some time warrant keeping the target federal funds rate below levels the committee views as normal in the longer run,14,True
statement_20140618,3,2014-06-18,7,"The Committee expects that, with appropriate policy accommodation, economic activity will expand at a moderate pace and labor market conditions will continue to improve gradually, moving toward those the Committee judges consistent with its dual mandate.",the committee expects that with appropriate policy accommodation economic activity will expand at a moderate pace and labor market conditions will continue to improve gradually moving toward those the committee judges consistent with its dual mandate,the committee expects that with appropriate policy accommodation economic activity will expand at a moderate pace and labor market conditions will continue to improve gradually moving toward those the committee judges consistent with its dual mandate,3,True
statement_20140618,3,2014-06-18,9,"The Committee recognizes that inflation persistently below its 2 percent objective could pose risks to economic performance, and it is monitoring inflation developments carefully for evidence that inflation will move back toward its objective over the medium term.",the committee recognizes that inflation persistently below its # percent objective could pose risks to economic performance and it is monitoring inflation developments carefully for evidence that inflation will move back toward its objective over the medium term,the committee recognizes that inflation persistently below its # percent objective could pose risks to economic performance and it is monitoring inflation developments carefully for evidence that inflation will move back toward its objective over the medium term,4,True
statement_20140618,3,2014-06-18,12,"Beginning in July, the Committee will add to its holdings of agency mortgage-backed securities at a pace of $15 billion per month rather than $20 billion per month, and will add to its holdings of longer-term Treasury securities at a pace of $20 billion per month rather than $25 billion per month.",beginning in july the committee will add to its holdings of agency mortgage backed securities at a pace of # billion per month rather than # billion per month and will add to its holdings of longer term treasury securities at a pace of # billion per month rather than # billion per month,beginning in february the committee will add to its holdings of agency mortgage backed securities at a pace of # billion per month rather than # billion per month and will add to its holdings of longer term treasury securities at a pace of # billion per month rather than # billion per month,2,False
statement_20140618,3,2014-06-18,14,"The Committee's sizable and still-increasing holdings of longer-term securities should maintain downward pressure on longer-term interest rates, support mortgage markets, and help to make broader financial conditions more accommodative, which in turn should promote a stronger economic recovery and help to ensure that inflation, over time, is at the rate most consistent with the Committee's dual mandate.",the committee s sizable and still increasing holdings of longer term securities should maintain downward pressure on longer term interest rates support mortgage markets and help to make broader financial conditions more accommodative which in turn should promote a stronger economic recovery and help to ensure that inflation over time is at the rate most consistent with the committee s dual mandate,the committee s sizable and still increasing holdings of longer term securities should maintain downward pressure on longer term interest rates support mortgage markets and help to make broader financial conditions more accommodative which in turn should promote a stronger economic recovery and help to ensure that inflation over time is at the rate most consistent with the committee s dual mandate,6,True
statement_20140618,3,2014-06-18,15,"The Committee will closely monitor incoming information on economic and financial developments in coming months and will continue its purchases of Treasury and agency mortgage-backed securities, and employ its other policy tools as appropriate, until the outlook for the labor market has improved substantially in a context of price stability.",the committee will closely monitor incoming information on economic and financial developments in coming months and will continue its purchases of treasury and agency mortgage backed securities and employ its other policy tools as appropriate until the outlook for the labor market has improved substantially in a context of price stability,the committee will closely monitor incoming information on economic and financial developments in coming months and will continue its purchases of treasury and agency mortgage backed securities and employ its other policy tools as appropriate until the outlook for the labor market has improved substantially in a context of price stability,6,True
statement_20140618,3,2014-06-18,16,"If incoming information broadly supports the Committee's expectation of ongoing improvement in labor market conditions and inflation moving back toward its longer-run objective, the Committee will likely reduce the pace of asset purchases in further measured steps at future meetings.",if incoming information broadly supports the committee s expectation of ongoing improvement in labor market conditions and inflation moving back toward its longer run objective the committee will likely reduce the pace of asset purchases in further measured steps at future meetings,if incoming information broadly supports the committee s expectation of ongoing improvement in labor market conditions and inflation moving back toward its longer run objective the committee will likely reduce the pace of asset purchases in further measured steps at future meetings,5,True
statement_20140618,3,2014-06-18,17,"However, asset purchases are not on a preset course, and the Committee's decisions about their pace will remain contingent on the Committee's outlook for the labor market and inflation as well as its assessment of the likely efficacy and costs of such purchases.",however asset purchases are not on a preset course and the committee s decisions about their pace will remain contingent on the committee s outlook for the labor market and inflation as well as its assessment of the likely efficacy and costs of such purchases,however asset purchases are not on a preset course and the committee s decisions about their pace will remain contingent on the committee s outlook for the labor market and inflation as well as its assessment of the likely efficacy and costs of such purchases,6,True
statement_20140618,3,2014-06-18,19,"In determining how long to maintain the current 0 to 1/4 percent target range for the federal funds rate, the Committee will assess progress--both realized and expected--toward its objectives of maximum employment and 2 percent inflation.",in determining how long to maintain the current # to # # percent target range for the federal funds rate the committee will assess progress both realized and expected toward its objectives of maximum employment and # percent inflation,in determining how long to maintain the current # to # # percent target range for the federal funds rate the committee will assess progress both realized and expected toward its objectives of maximum employment and # percent inflation,13,True
statement_20140618,3,2014-06-18,20,"This assessment will take into account a wide range of information, including measures of labor market conditions, indicators of inflation pressures and inflation expectations, and readings on financial developments.",this assessment will take into account a wide range of information including measures of labor market conditions indicators of inflation pressures and inflation expectations and readings on financial developments,this assessment will take into account a wide range of information including measures of labor market conditions indicators of inflation pressures and inflation expectations and readings on financial developments,52,True
statement_20140618,3,2014-06-18,21,"The Committee continues to anticipate, based on its assessment of these factors, that it likely will be appropriate to maintain the current target range for the federal funds rate for a considerable time after the asset purchase program ends, especially if projected inflation continues to run below the Committee's 2 percent longer-run goal, and provided that longer-term inflation expectations remain well anchored.",the committee continues to anticipate based on its assessment of these factors that it likely will be appropriate to maintain the current target range for the federal funds rate for a considerable time after the asset purchase program ends especially if projected inflation continues to run below the committee s # percent longer run goal and provided that longer term inflation expectations remain well anchored,the committee continues to anticipate based on its assessment of these factors that it likely will be appropriate to maintain the current target range for the federal funds rate for a considerable time after the asset purchase program ends especially if projected inflation continues to run below the committee s # percent longer run goal and provided that longer term inflation expectations remain well anchored,5,True
statement_20140618,3,2014-06-18,22,"When the Committee decides to begin to remove policy accommodation, it will take a balanced approach consistent with its longer-run goals of maximum employment and inflation of 2 percent.",when the committee decides to begin to remove policy accommodation it will take a balanced approach consistent with its longer run goals of maximum employment and inflation of # percent,when the committee decides to begin to remove policy accommodation it will take a balanced approach consistent with its longer run goals of maximum employment and inflation of # percent,15,True
statement_20140618,3,2014-06-18,23,"The Committee currently anticipates that, even after employment and inflation are near mandate-consistent levels, economic conditions may, for some time, warrant keeping the target federal funds rate below levels the Committee views as normal in the longer run.",the committee currently anticipates that even after employment and inflation are near mandate consistent levels economic conditions may for some time warrant keeping the target federal funds rate below levels the committee views as normal in the longer run,the committee currently anticipates that even after employment and inflation are near mandate consistent levels economic conditions may for some time warrant keeping the target federal funds rate below levels the committee views as normal in the longer run,14,True
statement_20140730,4,2014-07-30,8,"The Committee expects that, with appropriate policy accommodation, economic activity will expand at a moderate pace, with labor market indicators and inflation moving toward levels the Committee judges consistent with its dual mandate.",the committee expects that with appropriate policy accommodation economic activity will expand at a moderate pace with labor market indicators and inflation moving toward levels the committee judges consistent with its dual mandate,the committee expects that with appropriate policy accommodation economic activity will expand at a moderate pace with labor market indicators and inflation moving toward levels the committee judges consistent with its dual mandate,10,True
statement_20140730,4,2014-07-30,12,"Beginning in August, the Committee will add to its holdings of agency mortgage-backed securities at a pace of $10 billion per month rather than $15 billion per month, and will add to its holdings of longer-term Treasury securities at a pace of $15 billion per month rather than $20 billion per month.",beginning in august the committee will add to its holdings of agency mortgage backed securities at a pace of # billion per month rather than # billion per month and will add to its holdings of longer term treasury securities at a pace of # billion per month rather than # billion per month,beginning in april the committee will add to its holdings of agency mortgage backed securities at a pace of # billion per month rather than # billion per month and will add to its holdings of longer term treasury securities at a pace of # billion per month rather than # billion per month,4,True
statement_20140730,4,2014-07-30,14,"The Committee's sizable and still-increasing holdings of longer-term securities should maintain downward pressure on longer-term interest rates, support mortgage markets, and help to make broader financial conditions more accommodative, which in turn should promote a stronger economic recovery and help to ensure that inflation, over time, is at the rate most consistent with the Committee's dual mandate.",the committee s sizable and still increasing holdings of longer term securities should maintain downward pressure on longer term interest rates support mortgage markets and help to make broader financial conditions more accommodative which in turn should promote a stronger economic recovery and help to ensure that inflation over time is at the rate most consistent with the committee s dual mandate,the committee s sizable and still increasing holdings of longer term securities should maintain downward pressure on longer term interest rates support mortgage markets and help to make broader financial conditions more accommodative which in turn should promote a stronger economic recovery and help to ensure that inflation over time is at the rate most consistent with the committee s dual mandate,6,True
statement_20140730,4,2014-07-30,15,"The Committee will closely monitor incoming information on economic and financial developments in coming months and will continue its purchases of Treasury and agency mortgage-backed securities, and employ its other policy tools as appropriate, until the outlook for the labor market has improved substantially in a context of price stability.",the committee will closely monitor incoming information on economic and financial developments in coming months and will continue its purchases of treasury and agency mortgage backed securities and employ its other policy tools as appropriate until the outlook for the labor market has improved substantially in a context of price stability,the committee will closely monitor incoming information on economic and financial developments in coming months and will continue its purchases of treasury and agency mortgage backed securities and employ its other policy tools as appropriate until the outlook for the labor market has improved substantially in a context of price stability,6,True
statement_20140730,4,2014-07-30,16,"If incoming information broadly supports the Committee's expectation of ongoing improvement in labor market conditions and inflation moving back toward its longer-run objective, the Committee will likely reduce the pace of asset purchases in further measured steps at future meetings.",if incoming information broadly supports the committee s expectation of ongoing improvement in labor market conditions and inflation moving back toward its longer run objective the committee will likely reduce the pace of asset purchases in further measured steps at future meetings,if incoming information broadly supports the committee s expectation of ongoing improvement in labor market conditions and inflation moving back toward its longer run objective the committee will likely reduce the pace of asset purchases in further measured steps at future meetings,5,True
statement_20140730,4,2014-07-30,17,"However, asset purchases are not on a preset course, and the Committee's decisions about their pace will remain contingent on the Committee's outlook for the labor market and inflation as well as its assessment of the likely efficacy and costs of such purchases.",however asset purchases are not on a preset course and the committee s decisions about their pace will remain contingent on the committee s outlook for the labor market and inflation as well as its assessment of the likely efficacy and costs of such purchases,however asset purchases are not on a preset course and the committee s decisions about their pace will remain contingent on the committee s outlook for the labor market and inflation as well as its assessment of the likely efficacy and costs of such purchases,6,True
statement_20140730,4,2014-07-30,19,"In determining how long to maintain the current 0 to 1/4 percent target range for the federal funds rate, the Committee will assess progress--both realized and expected--toward its objectives of maximum employment and 2 percent inflation.",in determining how long to maintain the current # to # # percent target range for the federal funds rate the committee will assess progress both realized and expected toward its objectives of maximum employment and # percent inflation,in determining how long to maintain the current # to # # percent target range for the federal funds rate the committee will assess progress both realized and expected toward its objectives of maximum employment and # percent inflation,13,True
statement_20140730,4,2014-07-30,20,"This assessment will take into account a wide range of information, including measures of labor market conditions, indicators of inflation pressures and inflation expectations, and readings on financial developments.",this assessment will take into account a wide range of information including measures of labor market conditions indicators of inflation pressures and inflation expectations and readings on financial developments,this assessment will take into account a wide range of information including measures of labor market conditions indicators of inflation pressures and inflation expectations and readings on financial developments,52,True
statement_20140730,4,2014-07-30,21,"The Committee continues to anticipate, based on its assessment of these factors, that it likely will be appropriate to maintain the current target range for the federal funds rate for a considerable time after the asset purchase program ends, especially if projected inflation continues to run below the Committee's 2 percent longer-run goal, and provided that longer-term inflation expectations remain well anchored.",the committee continues to anticipate based on its assessment of these factors that it likely will be appropriate to maintain the current target range for the federal funds rate for a considerable time after the asset purchase program ends especially if projected inflation continues to run below the committee s # percent longer run goal and provided that longer term inflation expectations remain well anchored,the committee continues to anticipate based on its assessment of these factors that it likely will be appropriate to maintain the current target range for the federal funds rate for a considerable time after the asset purchase program ends especially if projected inflation continues to run below the committee s # percent longer run goal and provided that longer term inflation expectations remain well anchored,5,True
statement_20140730,4,2014-07-30,22,"When the Committee decides to begin to remove policy accommodation, it will take a balanced approach consistent with its longer-run goals of maximum employment and inflation of 2 percent.",when the committee decides to begin to remove policy accommodation it will take a balanced approach consistent with its longer run goals of maximum employment and inflation of # percent,when the committee decides to begin to remove policy accommodation it will take a balanced approach consistent with its longer run goals of maximum employment and inflation of # percent,15,True
statement_20140730,4,2014-07-30,23,"The Committee currently anticipates that, even after employment and inflation are near mandate-consistent levels, economic conditions may, for some time, warrant keeping the target federal funds rate below levels the Committee views as normal in the longer run.",the committee currently anticipates that even after employment and inflation are near mandate consistent levels economic conditions may for some time warrant keeping the target federal funds rate below levels the committee views as normal in the longer run,the committee currently anticipates that even after employment and inflation are near mandate consistent levels economic conditions may for some time warrant keeping the target federal funds rate below levels the committee views as normal in the longer run,14,True
statement_20140730,4,2014-07-30,25,"Voting against was Charles I. Plosser who objected to the guidance indicating that it likely will be appropriate to maintain the current target range for the federal funds rate for ""a considerable time after the asset purchase program ends,"" because such language is time dependent and does not reflect the considerable economic progress that has been made toward the Committee's goals.",voting against was charles i plosser who objected to the guidance indicating that it likely will be appropriate to maintain the current target range for the federal funds rate for a considerable time after the asset purchase program ends because such language is time dependent and does not reflect the considerable economic progress that has been made toward the committee s goals,voting against was charles i plosser who objected to the guidance indicating that it likely will be appropriate to maintain the current target range for the federal funds rate for a considerable time after the asset purchase program ends because such language is time dependent and does not reflect the considerable economic progress that has been made toward the committee s goals,1,False
statement_20140917,5,2014-09-17,7,"The Committee expects that, with appropriate policy accommodation, economic activity will expand at a moderate pace, with labor market indicators and inflation moving toward levels the Committee judges consistent with its dual mandate.",the committee expects that with appropriate policy accommodation economic activity will expand at a moderate pace with labor market indicators and inflation moving toward levels the committee judges consistent with its dual mandate,the committee expects that with appropriate policy accommodation economic activity will expand at a moderate pace with labor market indicators and inflation moving toward levels the committee judges consistent with its dual mandate,10,True
statement_20140917,5,2014-09-17,11,"Beginning in October, the Committee will add to its holdings of agency mortgage-backed securities at a pace of $5 billion per month rather than $10 billion per month, and will add to its holdings of longer-term Treasury securities at a pace of $10 billion per month rather than $15 billion per month.",beginning in october the committee will add to its holdings of agency mortgage backed securities at a pace of # billion per month rather than # billion per month and will add to its holdings of longer term treasury securities at a pace of # billion per month rather than # billion per month,beginning in april the committee will add to its holdings of agency mortgage backed securities at a pace of # billion per month rather than # billion per month and will add to its holdings of longer term treasury securities at a pace of # billion per month rather than # billion per month,4,True
statement_20140917,5,2014-09-17,13,"The Committee's sizable and still-increasing holdings of longer-term securities should maintain downward pressure on longer-term interest rates, support mortgage markets, and help to make broader financial conditions more accommodative, which in turn should promote a stronger economic recovery and help to ensure that inflation, over time, is at the rate most consistent with the Committee's dual mandate.",the committee s sizable and still increasing holdings of longer term securities should maintain downward pressure on longer term interest rates support mortgage markets and help to make broader financial conditions more accommodative which in turn should promote a stronger economic recovery and help to ensure that inflation over time is at the rate most consistent with the committee s dual mandate,the committee s sizable and still increasing holdings of longer term securities should maintain downward pressure on longer term interest rates support mortgage markets and help to make broader financial conditions more accommodative which in turn should promote a stronger economic recovery and help to ensure that inflation over time is at the rate most consistent with the committee s dual mandate,6,True
statement_20140917,5,2014-09-17,14,"The Committee will closely monitor incoming information on economic and financial developments in coming months and will continue its purchases of Treasury and agency mortgage-backed securities, and employ its other policy tools as appropriate, until the outlook for the labor market has improved substantially in a context of price stability.",the committee will closely monitor incoming information on economic and financial developments in coming months and will continue its purchases of treasury and agency mortgage backed securities and employ its other policy tools as appropriate until the outlook for the labor market has improved substantially in a context of price stability,the committee will closely monitor incoming information on economic and financial developments in coming months and will continue its purchases of treasury and agency mortgage backed securities and employ its other policy tools as appropriate until the outlook for the labor market has improved substantially in a context of price stability,6,True
statement_20140917,5,2014-09-17,15,"If incoming information broadly supports the Committee's expectation of ongoing improvement in labor market conditions and inflation moving back toward its longer-run objective, the Committee will end its current program of asset purchases at its next meeting.",if incoming information broadly supports the committee s expectation of ongoing improvement in labor market conditions and inflation moving back toward its longer run objective the committee will end its current program of asset purchases at its next meeting,if incoming information broadly supports the committee s expectation of ongoing improvement in labor market conditions and inflation moving back toward its longer run objective the committee will end its current program of asset purchases at its next meeting,1,False
statement_20140917,5,2014-09-17,16,"However, asset purchases are not on a preset course, and the Committee's decisions about their pace will remain contingent on the Committee's outlook for the labor market and inflation as well as its assessment of the likely efficacy and costs of such purchases.",however asset purchases are not on a preset course and the committee s decisions about their pace will remain contingent on the committee s outlook for the labor market and inflation as well as its assessment of the likely efficacy and costs of such purchases,however asset purchases are not on a preset course and the committee s decisions about their pace will remain contingent on the committee s outlook for the labor market and inflation as well as its assessment of the likely efficacy and costs of such purchases,6,True
statement_20140917,5,2014-09-17,18,"In determining how long to maintain the current 0 to 1/4 percent target range for the federal funds rate, the Committee will assess progress--both realized and expected--toward its objectives of maximum employment and 2 percent inflation.",in determining how long to maintain the current # to # # percent target range for the federal funds rate the committee will assess progress both realized and expected toward its objectives of maximum employment and # percent inflation,in determining how long to maintain the current # to # # percent target range for the federal funds rate the committee will assess progress both realized and expected toward its objectives of maximum employment and # percent inflation,13,True
statement_20140917,5,2014-09-17,19,"This assessment will take into account a wide range of information, including measures of labor market conditions, indicators of inflation pressures and inflation expectations, and readings on financial developments.",this assessment will take into account a wide range of information including measures of labor market conditions indicators of inflation pressures and inflation expectations and readings on financial developments,this assessment will take into account a wide range of information including measures of labor market conditions indicators of inflation pressures and inflation expectations and readings on financial developments,52,True
statement_20140917,5,2014-09-17,20,"The Committee continues to anticipate, based on its assessment of these factors, that it likely will be appropriate to maintain the current target range for the federal funds rate for a considerable time after the asset purchase program ends, especially if projected inflation continues to run below the Committee's 2 percent longer-run goal, and provided that longer-term inflation expectations remain well anchored.",the committee continues to anticipate based on its assessment of these factors that it likely will be appropriate to maintain the current target range for the federal funds rate for a considerable time after the asset purchase program ends especially if projected inflation continues to run below the committee s # percent longer run goal and provided that longer term inflation expectations remain well anchored,the committee continues to anticipate based on its assessment of these factors that it likely will be appropriate to maintain the current target range for the federal funds rate for a considerable time after the asset purchase program ends especially if projected inflation continues to run below the committee s # percent longer run goal and provided that longer term inflation expectations remain well anchored,5,True
statement_20140917,5,2014-09-17,21,"When the Committee decides to begin to remove policy accommodation, it will take a balanced approach consistent with its longer-run goals of maximum employment and inflation of 2 percent.",when the committee decides to begin to remove policy accommodation it will take a balanced approach consistent with its longer run goals of maximum employment and inflation of # percent,when the committee decides to begin to remove policy accommodation it will take a balanced approach consistent with its longer run goals of maximum employment and inflation of # percent,15,True
statement_20140917,5,2014-09-17,22,"The Committee currently anticipates that, even after employment and inflation are near mandate-consistent levels, economic conditions may, for some time, warrant keeping the target federal funds rate below levels the Committee views as normal in the longer run.",the committee currently anticipates that even after employment and inflation are near mandate consistent levels economic conditions may for some time warrant keeping the target federal funds rate below levels the committee views as normal in the longer run,the committee currently anticipates that even after employment and inflation are near mandate consistent levels economic conditions may for some time warrant keeping the target federal funds rate below levels the committee views as normal in the longer run,14,True
statement_20140917,5,2014-09-17,25,"President Fisher believed that the continued strengthening of the real economy, improved outlook for labor utilization and for general price stability, and continued signs of financial market excess, will likely warrant an earlier reduction in monetary accommodation than is suggested by the Committee's stated forward guidance.",president fisher believed that the continued strengthening of the real economy improved outlook for labor utilization and for general price stability and continued signs of financial market excess will likely warrant an earlier reduction in monetary accommodation than is suggested by the committee s stated forward guidance,president fisher believed that the continued strengthening of the real economy improved outlook for labor utilization and for general price stability and continued signs of financial market excess will likely warrant an earlier reduction in monetary accommodation than is suggested by the committee s stated forward guidance,1,False
statement_20140917,5,2014-09-17,26,"President Plosser objected to the guidance indicating that it likely will be appropriate to maintain the current target range for the federal funds rate for ""a considerable time after the asset purchase program ends,"" because such language is time dependent and does not reflect the considerable economic progress that has been made toward the Committee's goals.",president plosser objected to the guidance indicating that it likely will be appropriate to maintain the current target range for the federal funds rate for a considerable time after the asset purchase program ends because such language is time dependent and does not reflect the considerable economic progress that has been made toward the committee s goals,president plosser objected to the guidance indicating that it likely will be appropriate to maintain the current target range for the federal funds rate for a considerable time after the asset purchase program ends because such language is time dependent and does not reflect the considerable economic progress that has been made toward the committee s goals,1,False
statement_20141029,6,2014-10-29,7,"The Committee expects that, with appropriate policy accommodation, economic activity will expand at a moderate pace, with labor market indicators and inflation moving toward levels the Committee judges consistent with its dual mandate.",the committee expects that with appropriate policy accommodation economic activity will expand at a moderate pace with labor market indicators and inflation moving toward levels the committee judges consistent with its dual mandate,the committee expects that with appropriate policy accommodation economic activity will expand at a moderate pace with labor market indicators and inflation moving toward levels the committee judges consistent with its dual mandate,10,True
statement_20141029,6,2014-10-29,9,"Although inflation in the near term will likely be held down by lower energy prices and other factors, the Committee judges that the likelihood of inflation running persistently below 2 percent has diminished somewhat since early this year.",although inflation in the near term will likely be held down by lower energy prices and other factors the committee judges that the likelihood of inflation running persistently below # percent has diminished somewhat since early this year,although inflation in the near term will likely be held down by lower energy prices and other factors the committee judges that the likelihood of inflation running persistently below # percent has diminished somewhat since early this year,1,False
statement_20141029,6,2014-10-29,14,"This policy, by keeping the Committee's holdings of longer-term securities at sizable levels, should help maintain accommodative financial conditions.",this policy by keeping the committee s holdings of longer term securities at sizable levels should help maintain accommodative financial conditions,this policy by keeping the committee s holdings of longer term securities at sizable levels should help maintain accommodative financial conditions,21,True
statement_20141029,6,2014-10-29,16,"In determining how long to maintain this target range, the Committee will assess progress--both realized and expected--toward its objectives of maximum employment and 2 percent inflation.",in determining how long to maintain this target range the committee will assess progress both realized and expected toward its objectives of maximum employment and # percent inflation,in determining how long to maintain the current # to # # percent target range for the federal funds rate the committee will assess progress both realized and expected toward its objectives of maximum employment and # percent inflation,13,True
statement_20141029,6,2014-10-29,17,"This assessment will take into account a wide range of information, including measures of labor market conditions, indicators of inflation pressures and inflation expectations, and readings on financial developments.",this assessment will take into account a wide range of information including measures of labor market conditions indicators of inflation pressures and inflation expectations and readings on financial developments,this assessment will take into account a wide range of information including measures of labor market conditions indicators of inflation pressures and inflation expectations and readings on financial developments,52,True
statement_20141029,6,2014-10-29,18,"The Committee anticipates, based on its current assessment, that it likely will be appropriate to maintain the 0 to 1/4 percent target range for the federal funds rate for a considerable time following the end of its asset purchase program this month, especially if projected inflation continues to run below the Committee's 2 percent longer-run goal, and provided that longer-term inflation expectations remain well anchored.",the committee anticipates based on its current assessment that it likely will be appropriate to maintain the # to # # percent target range for the federal funds rate for a considerable time following the end of its asset purchase program this month especially if projected inflation continues to run below the committee s # percent longer run goal and provided that longer term inflation expectations remain well anchored,the committee anticipates based on its current assessment that it likely will be appropriate to maintain the # to # # percent target range for the federal funds rate for a considerable time following the end of its asset purchase program this month especially if projected inflation continues to run below the committee s # percent longer run goal and provided that longer term inflation expectations remain well anchored,1,False
statement_20141029,6,2014-10-29,21,"When the Committee decides to begin to remove policy accommodation, it will take a balanced approach consistent with its longer-run goals of maximum employment and inflation of 2 percent.",when the committee decides to begin to remove policy accommodation it will take a balanced approach consistent with its longer run goals of maximum employment and inflation of # percent,when the committee decides to begin to remove policy accommodation it will take a balanced approach consistent with its longer run goals of maximum employment and inflation of # percent,15,True
statement_20141029,6,2014-10-29,22,"The Committee currently anticipates that, even after employment and inflation are near mandate-consistent levels, economic conditions may, for some time, warrant keeping the target federal funds rate below levels the Committee views as normal in the longer run.",the committee currently anticipates that even after employment and inflation are near mandate consistent levels economic conditions may for some time warrant keeping the target federal funds rate below levels the committee views as normal in the longer run,the committee currently anticipates that even after employment and inflation are near mandate consistent levels economic conditions may for some time warrant keeping the target federal funds rate below levels the committee views as normal in the longer run,14,True
statement_20141029,6,2014-10-29,24,"Voting against the action was Narayana Kocherlakota, who believed that, in light of continued sluggishness in the inflation outlook and the recent slide in market-based measures of longer-term inflation expectations, the Committee should commit to keeping the current target range for the federal funds rate at least until the one-to-two-year ahead inflation outlook has returned to 2 percent and should continue the asset purchase program at its current level.",voting against the action was narayana kocherlakota who believed that in light of continued sluggishness in the inflation outlook and the recent slide in market based measures of longer term inflation expectations the committee should commit to keeping the current target range for the federal funds rate at least until the one to two year ahead inflation outlook has returned to # percent and should continue the asset purchase program at its current level,voting against the action was narayana kocherlakota who believed that in light of continued sluggishness in the inflation outlook and the recent slide in market based measures of longer term inflation expectations the committee should commit to keeping the current target range for the federal funds rate at least until the one to two year ahead inflation outlook has returned to # percent and should continue the asset purchase program at its current level,1,False
statement_20141217,7,2014-12-17,7,"The Committee expects that, with appropriate policy accommodation, economic activity will expand at a moderate pace, with labor market indicators moving toward levels the Committee judges consistent with its dual mandate.",the committee expects that with appropriate policy accommodation economic activity will expand at a moderate pace with labor market indicators moving toward levels the committee judges consistent with its dual mandate,the committee expects that with appropriate policy accommodation economic activity will expand at a moderate pace with labor market indicators and inflation moving toward levels the committee judges consistent with its dual mandate,10,True
statement_20141217,7,2014-12-17,12,"In determining how long to maintain this target range, the Committee will assess progress--both realized and expected--toward its objectives of maximum employment and 2 percent inflation.",in determining how long to maintain this target range the committee will assess progress both realized and expected toward its objectives of maximum employment and # percent inflation,in determining how long to maintain the current # to # # percent target range for the federal funds rate the committee will assess progress both realized and expected toward its objectives of maximum employment and # percent inflation,13,True
statement_20141217,7,2014-12-17,13,"This assessment will take into account a wide range of information, including measures of labor market conditions, indicators of inflation pressures and inflation expectations, and readings on financial developments.",this assessment will take into account a wide range of information including measures of labor market conditions indicators of inflation pressures and inflation expectations and readings on financial developments,this assessment will take into account a wide range of information including measures of labor market conditions indicators of inflation pressures and inflation expectations and readings on financial developments,52,True
statement_20141217,7,2014-12-17,14,"Based on its current assessment, the Committee judges that it can be patient in beginning to normalize the stance of monetary policy.",based on its current assessment the committee judges that it can be patient in beginning to normalize the stance of monetary policy,based on its current assessment the committee judges that it can be patient in beginning to normalize the stance of monetary policy,2,False
statement_20141217,7,2014-12-17,15,"The Committee sees this guidance as consistent with its previous statement that it likely will be appropriate to maintain the 0 to 1/4 percent target range for the federal funds rate for a considerable time following the end of its asset purchase program in October, especially if projected inflation continues to run below the Committee's 2 percent longer-run goal, and provided that longer-term inflation expectations remain well anchored.",the committee sees this guidance as consistent with its previous statement that it likely will be appropriate to maintain the # to # # percent target range for the federal funds rate for a considerable time following the end of its asset purchase program in october especially if projected inflation continues to run below the committee s # percent longer run goal and provided that longer term inflation expectations remain well anchored,the committee sees this guidance as consistent with its previous statement that it likely will be appropriate to maintain the # to # # percent target range for the federal funds rate for a considerable time following the end of its asset purchase program in october especially if projected inflation continues to run below the committee s # percent longer run goal and provided that longer term inflation expectations remain well anchored,1,False
statement_20141217,7,2014-12-17,19,"This policy, by keeping the Committee's holdings of longer-term securities at sizable levels, should help maintain accommodative financial conditions.",this policy by keeping the committee s holdings of longer term securities at sizable levels should help maintain accommodative financial conditions,this policy by keeping the committee s holdings of longer term securities at sizable levels should help maintain accommodative financial conditions,21,True
statement_20141217,7,2014-12-17,20,"When the Committee decides to begin to remove policy accommodation, it will take a balanced approach consistent with its longer-run goals of maximum employment and inflation of 2 percent.",when the committee decides to begin to remove policy accommodation it will take a balanced approach consistent with its longer run goals of maximum employment and inflation of # percent,when the committee decides to begin to remove policy accommodation it will take a balanced approach consistent with its longer run goals of maximum employment and inflation of # percent,15,True
statement_20141217,7,2014-12-17,21,"The Committee currently anticipates that, even after employment and inflation are near mandate-consistent levels, economic conditions may, for some time, warrant keeping the target federal funds rate below levels the Committee views as normal in the longer run.",the committee currently anticipates that even after employment and inflation are near mandate consistent levels economic conditions may for some time warrant keeping the target federal funds rate below levels the committee views as normal in the longer run,the committee currently anticipates that even after employment and inflation are near mandate consistent levels economic conditions may for some time warrant keeping the target federal funds rate below levels the committee views as normal in the longer run,14,True
statement_20141217,7,2014-12-17,23,"Voting against the action were Richard W. Fisher, who believed that, while the Committee should be patient in beginning to normalize monetary policy, improvement in the U.S. economic performance since October has moved forward, further than the majority of the Committee envisions, the date when it will likely be appropriate to increase the federal funds rate; Narayana Kocherlakota, who believed that the Committee's decision, in the context of ongoing low inflation and falling market-based measures of longer-term inflation expectations, created undue downside risk to the credibility of the 2 percent inflation target; and Charles I. Plosser, who believed that the statement should not stress the importance of the passage of time as a key element of its forward guidance and, given the improvement in economic conditions, should not emphasize the consistency of the current forward guidance with previous statements.",voting against the action were richard w fisher who believed that while the committee should be patient in beginning to normalize monetary policy improvement in the u s economic performance since october has moved forward further than the majority of the committee envisions the date when it will likely be appropriate to increase the federal funds rate narayana kocherlakota who believed that the committee s decision in the context of ongoing low inflation and falling market based measures of longer term inflation expectations created undue downside risk to the credibility of the # percent inflation target and charles i plosser who believed that the statement should not stress the importance of the passage of time as a key element of its forward guidance and given the improvement in economic conditions should not emphasize the consistency of the current forward guidance with previous statements,voting against the action were richard w fisher who believed that while the committee should be patient in beginning to normalize monetary policy improvement in the u s economic performance since october has moved forward further than the majority of the committee envisions the date when it will likely be appropriate to increase the federal funds rate narayana kocherlakota who believed that the committee s decision in the context of ongoing low inflation and falling market based measures of longer term inflation expectations created undue downside risk to the credibility of the # percent inflation target and charles i plosser who believed that the statement should not stress the importance of the passage of time as a key element of its forward guidance and given the improvement in economic conditions should not emphasize the consistency of the current forward guidance with previous statements,1,False
statement_20150128,8,2015-01-28,8,"The Committee expects that, with appropriate policy accommodation, economic activity will expand at a moderate pace, with labor market indicators continuing to move toward levels the Committee judges consistent with its dual mandate.",the committee expects that with appropriate policy accommodation economic activity will expand at a moderate pace with labor market indicators continuing to move toward levels the committee judges consistent with its dual mandate,the committee expects that with appropriate policy accommodation economic activity will expand at a moderate pace with labor market indicators and inflation moving toward levels the committee judges consistent with its dual mandate,10,True
statement_20150128,8,2015-01-28,13,"In determining how long to maintain this target range, the Committee will assess progress--both realized and expected--toward its objectives of maximum employment and 2 percent inflation.",in determining how long to maintain this target range the committee will assess progress both realized and expected toward its objectives of maximum employment and # percent inflation,in determining how long to maintain the current # to # # percent target range for the federal funds rate the committee will assess progress both realized and expected toward its objectives of maximum employment and # percent inflation,13,True
statement_20150128,8,2015-01-28,14,"This assessment will take into account a wide range of information, including measures of labor market conditions, indicators of inflation pressures and inflation expectations, and readings on financial and international developments.",this assessment will take into account a wide range of information including measures of labor market conditions indicators of inflation pressures and inflation expectations and readings on financial and international developments,this assessment will take into account a wide range of information including measures of labor market conditions indicators of inflation pressures and inflation expectations and readings on financial developments,52,True
statement_20150128,8,2015-01-28,15,"Based on its current assessment, the Committee judges that it can be patient in beginning to normalize the stance of monetary policy.",based on its current assessment the committee judges that it can be patient in beginning to normalize the stance of monetary policy,based on its current assessment the committee judges that it can be patient in beginning to normalize the stance of monetary policy,2,False
statement_20150128,8,2015-01-28,19,"This policy, by keeping the Committee's holdings of longer-term securities at sizable levels, should help maintain accommodative financial conditions.",this policy by keeping the committee s holdings of longer term securities at sizable levels should help maintain accommodative financial conditions,this policy by keeping the committee s holdings of longer term securities at sizable levels should help maintain accommodative financial conditions,21,True
statement_20150128,8,2015-01-28,20,"When the Committee decides to begin to remove policy accommodation, it will take a balanced approach consistent with its longer-run goals of maximum employment and inflation of 2 percent.",when the committee decides to begin to remove policy accommodation it will take a balanced approach consistent with its longer run goals of maximum employment and inflation of # percent,when the committee decides to begin to remove policy accommodation it will take a balanced approach consistent with its longer run goals of maximum employment and inflation of # percent,15,True
statement_20150128,8,2015-01-28,21,"The Committee currently anticipates that, even after employment and inflation are near mandate-consistent levels, economic conditions may, for some time, warrant keeping the target federal funds rate below levels the Committee views as normal in the longer run.",the committee currently anticipates that even after employment and inflation are near mandate consistent levels economic conditions may for some time warrant keeping the target federal funds rate below levels the committee views as normal in the longer run,the committee currently anticipates that even after employment and inflation are near mandate consistent levels economic conditions may for some time warrant keeping the target federal funds rate below levels the committee views as normal in the longer run,14,True
statement_20150318,9,2015-03-18,8,"The Committee expects that, with appropriate policy accommodation, economic activity will expand at a moderate pace, with labor market indicators continuing to move toward levels the Committee judges consistent with its dual mandate.",the committee expects that with appropriate policy accommodation economic activity will expand at a moderate pace with labor market indicators continuing to move toward levels the committee judges consistent with its dual mandate,the committee expects that with appropriate policy accommodation economic activity will expand at a moderate pace with labor market indicators and inflation moving toward levels the committee judges consistent with its dual mandate,10,True
statement_20150318,9,2015-03-18,13,"In determining how long to maintain this target range, the Committee will assess progress--both realized and expected--toward its objectives of maximum employment and 2 percent inflation.",in determining how long to maintain this target range the committee will assess progress both realized and expected toward its objectives of maximum employment and # percent inflation,in determining how long to maintain the current # to # # percent target range for the federal funds rate the committee will assess progress both realized and expected toward its objectives of maximum employment and # percent inflation,13,True
statement_20150318,9,2015-03-18,14,"This assessment will take into account a wide range of information, including measures of labor market conditions, indicators of inflation pressures and inflation expectations, and readings on financial and international developments.",this assessment will take into account a wide range of information including measures of labor market conditions indicators of inflation pressures and inflation expectations and readings on financial and international developments,this assessment will take into account a wide range of information including measures of labor market conditions indicators of inflation pressures and inflation expectations and readings on financial developments,52,True
statement_20150318,9,2015-03-18,16,The Committee anticipates that it will be appropriate to raise the target range for the federal funds rate when it has seen further improvement in the labor market and is reasonably confident that inflation will move back to its 2 percent objective over the medium term.,the committee anticipates that it will be appropriate to raise the target range for the federal funds rate when it has seen further improvement in the labor market and is reasonably confident that inflation will move back to its # percent objective over the medium term,the committee anticipates that it will be appropriate to raise the target range for the federal funds rate when it has seen further improvement in the labor market and is reasonably confident that inflation will move back to its # percent objective over the medium term,6,True
statement_20150318,9,2015-03-18,19,"This policy, by keeping the Committee's holdings of longer-term securities at sizable levels, should help maintain accommodative financial conditions.",this policy by keeping the committee s holdings of longer term securities at sizable levels should help maintain accommodative financial conditions,this policy by keeping the committee s holdings of longer term securities at sizable levels should help maintain accommodative financial conditions,21,True
statement_20150318,9,2015-03-18,20,"When the Committee decides to begin to remove policy accommodation, it will take a balanced approach consistent with its longer-run goals of maximum employment and inflation of 2 percent.",when the committee decides to begin to remove policy accommodation it will take a balanced approach consistent with its longer run goals of maximum employment and inflation of # percent,when the committee decides to begin to remove policy accommodation it will take a balanced approach consistent with its longer run goals of maximum employment and inflation of # percent,15,True
statement_20150318,9,2015-03-18,21,"The Committee currently anticipates that, even after employment and inflation are near mandate-consistent levels, economic conditions may, for some time, warrant keeping the target federal funds rate below levels the Committee views as normal in the longer run.",the committee currently anticipates that even after employment and inflation are near mandate consistent levels economic conditions may for some time warrant keeping the target federal funds rate below levels the committee views as normal in the longer run,the committee currently anticipates that even after employment and inflation are near mandate consistent levels economic conditions may for some time warrant keeping the target federal funds rate below levels the committee views as normal in the longer run,14,True
statement_20150429,10,2015-04-29,8,"Although growth in output and employment slowed during the first quarter, the Committee continues to expect that, with appropriate policy accommodation, economic activity will expand at a moderate pace, with labor market indicators continuing to move toward levels the Committee judges consistent with its dual mandate.",although growth in output and employment slowed during the first quarter the committee continues to expect that with appropriate policy accommodation economic activity will expand at a moderate pace with labor market indicators continuing to move toward levels the committee judges consistent with its dual mandate,although growth in output and employment slowed during the first quarter the committee continues to expect that with appropriate policy accommodation economic activity will expand at a moderate pace with labor market indicators continuing to move toward levels the committee judges consistent with its dual mandate,1,False
statement_20150429,10,2015-04-29,13,"In determining how long to maintain this target range, the Committee will assess progress--both realized and expected--toward its objectives of maximum employment and 2 percent inflation.",in determining how long to maintain this target range the committee will assess progress both realized and expected toward its objectives of maximum employment and # percent inflation,in determining how long to maintain the current # to # # percent target range for the federal funds rate the committee will assess progress both realized and expected toward its objectives of maximum employment and # percent inflation,13,True
statement_20150429,10,2015-04-29,14,"This assessment will take into account a wide range of information, including measures of labor market conditions, indicators of inflation pressures and inflation expectations, and readings on financial and international developments.",this assessment will take into account a wide range of information including measures of labor market conditions indicators of inflation pressures and inflation expectations and readings on financial and international developments,this assessment will take into account a wide range of information including measures of labor market conditions indicators of inflation pressures and inflation expectations and readings on financial developments,52,True
statement_20150429,10,2015-04-29,15,The Committee anticipates that it will be appropriate to raise the target range for the federal funds rate when it has seen further improvement in the labor market and is reasonably confident that inflation will move back to its 2 percent objective over the medium term.,the committee anticipates that it will be appropriate to raise the target range for the federal funds rate when it has seen further improvement in the labor market and is reasonably confident that inflation will move back to its # percent objective over the medium term,the committee anticipates that it will be appropriate to raise the target range for the federal funds rate when it has seen further improvement in the labor market and is reasonably confident that inflation will move back to its # percent objective over the medium term,6,True
statement_20150429,10,2015-04-29,17,"This policy, by keeping the Committee's holdings of longer-term securities at sizable levels, should help maintain accommodative financial conditions.",this policy by keeping the committee s holdings of longer term securities at sizable levels should help maintain accommodative financial conditions,this policy by keeping the committee s holdings of longer term securities at sizable levels should help maintain accommodative financial conditions,21,True
statement_20150429,10,2015-04-29,18,"When the Committee decides to begin to remove policy accommodation, it will take a balanced approach consistent with its longer-run goals of maximum employment and inflation of 2 percent.",when the committee decides to begin to remove policy accommodation it will take a balanced approach consistent with its longer run goals of maximum employment and inflation of # percent,when the committee decides to begin to remove policy accommodation it will take a balanced approach consistent with its longer run goals of maximum employment and inflation of # percent,15,True
statement_20150429,10,2015-04-29,19,"The Committee currently anticipates that, even after employment and inflation are near mandate-consistent levels, economic conditions may, for some time, warrant keeping the target federal funds rate below levels the Committee views as normal in the longer run.",the committee currently anticipates that even after employment and inflation are near mandate consistent levels economic conditions may for some time warrant keeping the target federal funds rate below levels the committee views as normal in the longer run,the committee currently anticipates that even after employment and inflation are near mandate consistent levels economic conditions may for some time warrant keeping the target federal funds rate below levels the committee views as normal in the longer run,14,True
statement_20150617,11,2015-06-17,7,"The Committee expects that, with appropriate policy accommodation, economic activity will expand at a moderate pace, with labor market indicators continuing to move toward levels the Committee judges consistent with its dual mandate.",the committee expects that with appropriate policy accommodation economic activity will expand at a moderate pace with labor market indicators continuing to move toward levels the committee judges consistent with its dual mandate,the committee expects that with appropriate policy accommodation economic activity will expand at a moderate pace with labor market indicators and inflation moving toward levels the committee judges consistent with its dual mandate,10,True
statement_20150617,11,2015-06-17,12,"In determining how long to maintain this target range, the Committee will assess progress--both realized and expected--toward its objectives of maximum employment and 2 percent inflation.",in determining how long to maintain this target range the committee will assess progress both realized and expected toward its objectives of maximum employment and # percent inflation,in determining how long to maintain the current # to # # percent target range for the federal funds rate the committee will assess progress both realized and expected toward its objectives of maximum employment and # percent inflation,13,True
statement_20150617,11,2015-06-17,13,"This assessment will take into account a wide range of information, including measures of labor market conditions, indicators of inflation pressures and inflation expectations, and readings on financial and international developments.",this assessment will take into account a wide range of information including measures of labor market conditions indicators of inflation pressures and inflation expectations and readings on financial and international developments,this assessment will take into account a wide range of information including measures of labor market conditions indicators of inflation pressures and inflation expectations and readings on financial developments,52,True
statement_20150617,11,2015-06-17,14,The Committee anticipates that it will be appropriate to raise the target range for the federal funds rate when it has seen further improvement in the labor market and is reasonably confident that inflation will move back to its 2 percent objective over the medium term.,the committee anticipates that it will be appropriate to raise the target range for the federal funds rate when it has seen further improvement in the labor market and is reasonably confident that inflation will move back to its # percent objective over the medium term,the committee anticipates that it will be appropriate to raise the target range for the federal funds rate when it has seen further improvement in the labor market and is reasonably confident that inflation will move back to its # percent objective over the medium term,6,True
statement_20150617,11,2015-06-17,16,"This policy, by keeping the Committee's holdings of longer-term securities at sizable levels, should help maintain accommodative financial conditions.",this policy by keeping the committee s holdings of longer term securities at sizable levels should help maintain accommodative financial conditions,this policy by keeping the committee s holdings of longer term securities at sizable levels should help maintain accommodative financial conditions,21,True
statement_20150617,11,2015-06-17,17,"When the Committee decides to begin to remove policy accommodation, it will take a balanced approach consistent with its longer-run goals of maximum employment and inflation of 2 percent.",when the committee decides to begin to remove policy accommodation it will take a balanced approach consistent with its longer run goals of maximum employment and inflation of # percent,when the committee decides to begin to remove policy accommodation it will take a balanced approach consistent with its longer run goals of maximum employment and inflation of # percent,15,True
statement_20150617,11,2015-06-17,18,"The Committee currently anticipates that, even after employment and inflation are near mandate-consistent levels, economic conditions may, for some time, warrant keeping the target federal funds rate below levels the Committee views as normal in the longer run.",the committee currently anticipates that even after employment and inflation are near mandate consistent levels economic conditions may for some time warrant keeping the target federal funds rate below levels the committee views as normal in the longer run,the committee currently anticipates that even after employment and inflation are near mandate consistent levels economic conditions may for some time warrant keeping the target federal funds rate below levels the committee views as normal in the longer run,14,True
statement_20150729,12,2015-07-29,7,"The Committee expects that, with appropriate policy accommodation, economic activity will expand at a moderate pace, with labor market indicators continuing to move toward levels the Committee judges consistent with its dual mandate.",the committee expects that with appropriate policy accommodation economic activity will expand at a moderate pace with labor market indicators continuing to move toward levels the committee judges consistent with its dual mandate,the committee expects that with appropriate policy accommodation economic activity will expand at a moderate pace with labor market indicators and inflation moving toward levels the committee judges consistent with its dual mandate,10,True
statement_20150729,12,2015-07-29,12,"In determining how long to maintain this target range, the Committee will assess progress--both realized and expected--toward its objectives of maximum employment and 2 percent inflation.",in determining how long to maintain this target range the committee will assess progress both realized and expected toward its objectives of maximum employment and # percent inflation,in determining how long to maintain the current # to # # percent target range for the federal funds rate the committee will assess progress both realized and expected toward its objectives of maximum employment and # percent inflation,13,True
statement_20150729,12,2015-07-29,13,"This assessment will take into account a wide range of information, including measures of labor market conditions, indicators of inflation pressures and inflation expectations, and readings on financial and international developments.",this assessment will take into account a wide range of information including measures of labor market conditions indicators of inflation pressures and inflation expectations and readings on financial and international developments,this assessment will take into account a wide range of information including measures of labor market conditions indicators of inflation pressures and inflation expectations and readings on financial developments,52,True
statement_20150729,12,2015-07-29,14,The Committee anticipates that it will be appropriate to raise the target range for the federal funds rate when it has seen some further improvement in the labor market and is reasonably confident that inflation will move back to its 2 percent objective over the medium term.,the committee anticipates that it will be appropriate to raise the target range for the federal funds rate when it has seen some further improvement in the labor market and is reasonably confident that inflation will move back to its # percent objective over the medium term,the committee anticipates that it will be appropriate to raise the target range for the federal funds rate when it has seen further improvement in the labor market and is reasonably confident that inflation will move back to its # percent objective over the medium term,6,True
statement_20150729,12,2015-07-29,16,"This policy, by keeping the Committee's holdings of longer-term securities at sizable levels, should help maintain accommodative financial conditions.",this policy by keeping the committee s holdings of longer term securities at sizable levels should help maintain accommodative financial conditions,this policy by keeping the committee s holdings of longer term securities at sizable levels should help maintain accommodative financial conditions,21,True
statement_20150729,12,2015-07-29,17,"When the Committee decides to begin to remove policy accommodation, it will take a balanced approach consistent with its longer-run goals of maximum employment and inflation of 2 percent.",when the committee decides to begin to remove policy accommodation it will take a balanced approach consistent with its longer run goals of maximum employment and inflation of # percent,when the committee decides to begin to remove policy accommodation it will take a balanced approach consistent with its longer run goals of maximum employment and inflation of # percent,15,True
statement_20150729,12,2015-07-29,18,"The Committee currently anticipates that, even after employment and inflation are near mandate-consistent levels, economic conditions may, for some time, warrant keeping the target federal funds rate below levels the Committee views as normal in the longer run.",the committee currently anticipates that even after employment and inflation are near mandate consistent levels economic conditions may for some time warrant keeping the target federal funds rate below levels the committee views as normal in the longer run,the committee currently anticipates that even after employment and inflation are near mandate consistent levels economic conditions may for some time warrant keeping the target federal funds rate below levels the committee views as normal in the longer run,14,True
statement_20150917,13,2015-09-17,7,Recent global economic and financial developments may restrain economic activity somewhat and are likely to put further downward pressure on inflation in the near term.,recent global economic and financial developments may restrain economic activity somewhat and are likely to put further downward pressure on inflation in the near term,recent global economic and financial developments may restrain economic activity somewhat and are likely to put further downward pressure on inflation in the near term,1,False
statement_20150917,13,2015-09-17,8,"Nonetheless, the Committee expects that, with appropriate policy accommodation, economic activity will expand at a moderate pace, with labor market indicators continuing to move toward levels the Committee judges consistent with its dual mandate.",nonetheless the committee expects that with appropriate policy accommodation economic activity will expand at a moderate pace with labor market indicators continuing to move toward levels the committee judges consistent with its dual mandate,the committee expects that with appropriate policy accommodation economic activity will expand at a moderate pace with labor market indicators and inflation moving toward levels the committee judges consistent with its dual mandate,10,True
statement_20150917,13,2015-09-17,13,"In determining how long to maintain this target range, the Committee will assess progress--both realized and expected--toward its objectives of maximum employment and 2 percent inflation.",in determining how long to maintain this target range the committee will assess progress both realized and expected toward its objectives of maximum employment and # percent inflation,in determining how long to maintain the current # to # # percent target range for the federal funds rate the committee will assess progress both realized and expected toward its objectives of maximum employment and # percent inflation,13,True
statement_20150917,13,2015-09-17,14,"This assessment will take into account a wide range of information, including measures of labor market conditions, indicators of inflation pressures and inflation expectations, and readings on financial and international developments.",this assessment will take into account a wide range of information including measures of labor market conditions indicators of inflation pressures and inflation expectations and readings on financial and international developments,this assessment will take into account a wide range of information including measures of labor market conditions indicators of inflation pressures and inflation expectations and readings on financial developments,52,True
statement_20150917,13,2015-09-17,15,The Committee anticipates that it will be appropriate to raise the target range for the federal funds rate when it has seen some further improvement in the labor market and is reasonably confident that inflation will move back to its 2 percent objective over the medium term.,the committee anticipates that it will be appropriate to raise the target range for the federal funds rate when it has seen some further improvement in the labor market and is reasonably confident that inflation will move back to its # percent objective over the medium term,the committee anticipates that it will be appropriate to raise the target range for the federal funds rate when it has seen further improvement in the labor market and is reasonably confident that inflation will move back to its # percent objective over the medium term,6,True
statement_20150917,13,2015-09-17,17,"This policy, by keeping the Committee's holdings of longer-term securities at sizable levels, should help maintain accommodative financial conditions.",this policy by keeping the committee s holdings of longer term securities at sizable levels should help maintain accommodative financial conditions,this policy by keeping the committee s holdings of longer term securities at sizable levels should help maintain accommodative financial conditions,21,True
statement_20150917,13,2015-09-17,18,"When the Committee decides to begin to remove policy accommodation, it will take a balanced approach consistent with its longer-run goals of maximum employment and inflation of 2 percent.",when the committee decides to begin to remove policy accommodation it will take a balanced approach consistent with its longer run goals of maximum employment and inflation of # percent,when the committee decides to begin to remove policy accommodation it will take a balanced approach consistent with its longer run goals of maximum employment and inflation of # percent,15,True
statement_20150917,13,2015-09-17,19,"The Committee currently anticipates that, even after employment and inflation are near mandate-consistent levels, economic conditions may, for some time, warrant keeping the target federal funds rate below levels the Committee views as normal in the longer run.",the committee currently anticipates that even after employment and inflation are near mandate consistent levels economic conditions may for some time warrant keeping the target federal funds rate below levels the committee views as normal in the longer run,the committee currently anticipates that even after employment and inflation are near mandate consistent levels economic conditions may for some time warrant keeping the target federal funds rate below levels the committee views as normal in the longer run,14,True
statement_20151028,14,2015-10-28,7,"The Committee expects that, with appropriate policy accommodation, economic activity will expand at a moderate pace, with labor market indicators continuing to move toward levels the Committee judges consistent with its dual mandate.",the committee expects that with appropriate policy accommodation economic activity will expand at a moderate pace with labor market indicators continuing to move toward levels the committee judges consistent with its dual mandate,the committee expects that with appropriate policy accommodation economic activity will expand at a moderate pace with labor market indicators and inflation moving toward levels the committee judges consistent with its dual mandate,10,True
statement_20151028,14,2015-10-28,12,"In determining whether it will be appropriate to raise the target range at its next meeting, the Committee will assess progress--both realized and expected--toward its objectives of maximum employment and 2 percent inflation.",in determining whether it will be appropriate to raise the target range at its next meeting the committee will assess progress both realized and expected toward its objectives of maximum employment and # percent inflation,in determining whether it will be appropriate to raise the target range at its next meeting the committee will assess progress both realized and expected toward its objectives of maximum employment and # percent inflation,1,False
statement_20151028,14,2015-10-28,13,"This assessment will take into account a wide range of information, including measures of labor market conditions, indicators of inflation pressures and inflation expectations, and readings on financial and international developments.",this assessment will take into account a wide range of information including measures of labor market conditions indicators of inflation pressures and inflation expectations and readings on financial and international developments,this assessment will take into account a wide range of information including measures of labor market conditions indicators of inflation pressures and inflation expectations and readings on financial developments,52,True
statement_20151028,14,2015-10-28,14,The Committee anticipates that it will be appropriate to raise the target range for the federal funds rate when it has seen some further improvement in the labor market and is reasonably confident that inflation will move back to its 2 percent objective over the medium term.,the committee anticipates that it will be appropriate to raise the target range for the federal funds rate when it has seen some further improvement in the labor market and is reasonably confident that inflation will move back to its # percent objective over the medium term,the committee anticipates that it will be appropriate to raise the target range for the federal funds rate when it has seen further improvement in the labor market and is reasonably confident that inflation will move back to its # percent objective over the medium term,6,True
statement_20151028,14,2015-10-28,16,"This policy, by keeping the Committee's holdings of longer-term securities at sizable levels, should help maintain accommodative financial conditions.",this policy by keeping the committee s holdings of longer term securities at sizable levels should help maintain accommodative financial conditions,this policy by keeping the committee s holdings of longer term securities at sizable levels should help maintain accommodative financial conditions,21,True
statement_20151028,14,2015-10-28,17,"When the Committee decides to begin to remove policy accommodation, it will take a balanced approach consistent with its longer-run goals of maximum employment and inflation of 2 percent.",when the committee decides to begin to remove policy accommodation it will take a balanced approach consistent with its longer run goals of maximum employment and inflation of # percent,when the committee decides to begin to remove policy accommodation it will take a balanced approach consistent with its longer run goals of maximum employment and inflation of # percent,15,True
statement_20151028,14,2015-10-28,18,"The Committee currently anticipates that, even after employment and inflation are near mandate-consistent levels, economic conditions may, for some time, warrant keeping the target federal funds rate below levels the Committee views as normal in the longer run.",the committee currently anticipates that even after employment and inflation are near mandate consistent levels economic conditions may for some time warrant keeping the target federal funds rate below levels the committee views as normal in the longer run,the committee currently anticipates that even after employment and inflation are near mandate consistent levels economic conditions may for some time warrant keeping the target federal funds rate below levels the committee views as normal in the longer run,14,True
statement_20151216,15,2015-12-16,6,"The Committee currently expects that, with gradual adjustments in the stance of monetary policy, economic activity will continue to expand at a moderate pace and labor market indicators will continue to strengthen.",the committee currently expects that with gradual adjustments in the stance of monetary policy economic activity will continue to expand at a moderate pace and labor market indicators will continue to strengthen,the committee currently expects that with gradual adjustments in the stance of monetary policy economic activity will continue to expand at a moderate pace and labor market indicators will continue to strengthen,10,True
statement_20151216,15,2015-12-16,10,"The Committee judges that there has been considerable improvement in labor market conditions this year, and it is reasonably confident that inflation will rise, over the medium term, to its 2 percent objective.",the committee judges that there has been considerable improvement in labor market conditions this year and it is reasonably confident that inflation will rise over the medium term to its # percent objective,the committee judges that there has been considerable improvement in labor market conditions this year and it is reasonably confident that inflation will rise over the medium term to its # percent objective,1,False
statement_20151216,15,2015-12-16,13,"In determining the timing and size of future adjustments to the target range for the federal funds rate, the Committee will assess realized and expected economic conditions relative to its objectives of maximum employment and 2 percent inflation.",in determining the timing and size of future adjustments to the target range for the federal funds rate the committee will assess realized and expected economic conditions relative to its objectives of maximum employment and # percent inflation,in determining the timing and size of future adjustments to the target range for the federal funds rate the committee will assess realized and expected economic conditions relative to its objectives of maximum employment and # percent inflation,20,True
statement_20151216,15,2015-12-16,14,"This assessment will take into account a wide range of information, including measures of labor market conditions, indicators of inflation pressures and inflation expectations, and readings on financial and international developments.",this assessment will take into account a wide range of information including measures of labor market conditions indicators of inflation pressures and inflation expectations and readings on financial and international developments,this assessment will take into account a wide range of information including measures of labor market conditions indicators of inflation pressures and inflation expectations and readings on financial developments,52,True
statement_20151216,15,2015-12-16,15,"In light of the current shortfall of inflation from 2 percent, the Committee will carefully monitor actual and expected progress toward its inflation goal.",in light of the current shortfall of inflation from # percent the committee will carefully monitor actual and expected progress toward its inflation goal,in light of the current shortfall of inflation from # percent the committee will carefully monitor actual and expected progress toward its inflation goal,10,True
statement_20151216,15,2015-12-16,16,"The Committee expects that economic conditions will evolve in a manner that will warrant only gradual increases in the federal funds rate; the federal funds rate is likely to remain, for some time, below levels that are expected to prevail in the longer run.",the committee expects that economic conditions will evolve in a manner that will warrant only gradual increases in the federal funds rate the federal funds rate is likely to remain for some time below levels that are expected to prevail in the longer run,the committee expects that economic conditions will evolve in a manner that will warrant only gradual increases in the federal funds rate the federal funds rate is likely to remain for some time below levels that are expected to prevail in the longer run,20,True
statement_20151216,15,2015-12-16,17,"However, the actual path of the federal funds rate will depend on the economic outlook as informed by incoming data.",however the actual path of the federal funds rate will depend on the economic outlook as informed by incoming data,however the actual path of the federal funds rate will depend on the economic outlook as informed by incoming data,20,True
statement_20151216,15,2015-12-16,19,"This policy, by keeping the Committee's holdings of longer-term securities at sizable levels, should help maintain accommodative financial conditions.",this policy by keeping the committee s holdings of longer term securities at sizable levels should help maintain accommodative financial conditions,this policy by keeping the committee s holdings of longer term securities at sizable levels should help maintain accommodative financial conditions,21,True
statement_20160127,16,2016-01-27,6,"The Committee currently expects that, with gradual adjustments in the stance of monetary policy, economic activity will expand at a moderate pace and labor market indicators will continue to strengthen.",the committee currently expects that with gradual adjustments in the stance of monetary policy economic activity will expand at a moderate pace and labor market indicators will continue to strengthen,the committee currently expects that with gradual adjustments in the stance of monetary policy economic activity will continue to expand at a moderate pace and labor market indicators will continue to strengthen,10,True
statement_20160127,16,2016-01-27,11,"In determining the timing and size of future adjustments to the target range for the federal funds rate, the Committee will assess realized and expected economic conditions relative to its objectives of maximum employment and 2 percent inflation.",in determining the timing and size of future adjustments to the target range for the federal funds rate the committee will assess realized and expected economic conditions relative to its objectives of maximum employment and # percent inflation,in determining the timing and size of future adjustments to the target range for the federal funds rate the committee will assess realized and expected economic conditions relative to its objectives of maximum employment and # percent inflation,20,True
statement_20160127,16,2016-01-27,12,"This assessment will take into account a wide range of information, including measures of labor market conditions, indicators of inflation pressures and inflation expectations, and readings on financial and international developments.",this assessment will take into account a wide range of information including measures of labor market conditions indicators of inflation pressures and inflation expectations and readings on financial and international developments,this assessment will take into account a wide range of information including measures of labor market conditions indicators of inflation pressures and inflation expectations and readings on financial developments,52,True
statement_20160127,16,2016-01-27,13,"In light of the current shortfall of inflation from 2 percent, the Committee will carefully monitor actual and expected progress toward its inflation goal.",in light of the current shortfall of inflation from # percent the committee will carefully monitor actual and expected progress toward its inflation goal,in light of the current shortfall of inflation from # percent the committee will carefully monitor actual and expected progress toward its inflation goal,10,True
statement_20160127,16,2016-01-27,14,"The Committee expects that economic conditions will evolve in a manner that will warrant only gradual increases in the federal funds rate; the federal funds rate is likely to remain, for some time, below levels that are expected to prevail in the longer run.",the committee expects that economic conditions will evolve in a manner that will warrant only gradual increases in the federal funds rate the federal funds rate is likely to remain for some time below levels that are expected to prevail in the longer run,the committee expects that economic conditions will evolve in a manner that will warrant only gradual increases in the federal funds rate the federal funds rate is likely to remain for some time below levels that are expected to prevail in the longer run,20,True
statement_20160127,16,2016-01-27,15,"However, the actual path of the federal funds rate will depend on the economic outlook as informed by incoming data.",however the actual path of the federal funds rate will depend on the economic outlook as informed by incoming data,however the actual path of the federal funds rate will depend on the economic outlook as informed by incoming data,20,True
statement_20160127,16,2016-01-27,17,"This policy, by keeping the Committee's holdings of longer-term securities at sizable levels, should help maintain accommodative financial conditions.",this policy by keeping the committee s holdings of longer term securities at sizable levels should help maintain accommodative financial conditions,this policy by keeping the committee s holdings of longer term securities at sizable levels should help maintain accommodative financial conditions,21,True
statement_20160316,17,2016-03-16,6,"The Committee currently expects that, with gradual adjustments in the stance of monetary policy, economic activity will expand at a moderate pace and labor market indicators will continue to strengthen.",the committee currently expects that with gradual adjustments in the stance of monetary policy economic activity will expand at a moderate pace and labor market indicators will continue to strengthen,the committee currently expects that with gradual adjustments in the stance of monetary policy economic activity will continue to expand at a moderate pace and labor market indicators will continue to strengthen,10,True
statement_20160316,17,2016-03-16,12,"In determining the timing and size of future adjustments to the target range for the federal funds rate, the Committee will assess realized and expected economic conditions relative to its objectives of maximum employment and 2 percent inflation.",in determining the timing and size of future adjustments to the target range for the federal funds rate the committee will assess realized and expected economic conditions relative to its objectives of maximum employment and # percent inflation,in determining the timing and size of future adjustments to the target range for the federal funds rate the committee will assess realized and expected economic conditions relative to its objectives of maximum employment and # percent inflation,20,True
statement_20160316,17,2016-03-16,13,"This assessment will take into account a wide range of information, including measures of labor market conditions, indicators of inflation pressures and inflation expectations, and readings on financial and international developments.",this assessment will take into account a wide range of information including measures of labor market conditions indicators of inflation pressures and inflation expectations and readings on financial and international developments,this assessment will take into account a wide range of information including measures of labor market conditions indicators of inflation pressures and inflation expectations and readings on financial developments,52,True
statement_20160316,17,2016-03-16,14,"In light of the current shortfall of inflation from 2 percent, the Committee will carefully monitor actual and expected progress toward its inflation goal.",in light of the current shortfall of inflation from # percent the committee will carefully monitor actual and expected progress toward its inflation goal,in light of the current shortfall of inflation from # percent the committee will carefully monitor actual and expected progress toward its inflation goal,10,True
statement_20160316,17,2016-03-16,15,"The Committee expects that economic conditions will evolve in a manner that will warrant only gradual increases in the federal funds rate; the federal funds rate is likely to remain, for some time, below levels that are expected to prevail in the longer run.",the committee expects that economic conditions will evolve in a manner that will warrant only gradual increases in the federal funds rate the federal funds rate is likely to remain for some time below levels that are expected to prevail in the longer run,the committee expects that economic conditions will evolve in a manner that will warrant only gradual increases in the federal funds rate the federal funds rate is likely to remain for some time below levels that are expected to prevail in the longer run,20,True
statement_20160316,17,2016-03-16,16,"However, the actual path of the federal funds rate will depend on the economic outlook as informed by incoming data.",however the actual path of the federal funds rate will depend on the economic outlook as informed by incoming data,however the actual path of the federal funds rate will depend on the economic outlook as informed by incoming data,20,True
statement_20160316,17,2016-03-16,18,"This policy, by keeping the Committee's holdings of longer-term securities at sizable levels, should help maintain accommodative financial conditions.",this policy by keeping the committee s holdings of longer term securities at sizable levels should help maintain accommodative financial conditions,this policy by keeping the committee s holdings of longer term securities at sizable levels should help maintain accommodative financial conditions,21,True
statement_20160427,18,2016-04-27,7,"The Committee currently expects that, with gradual adjustments in the stance of monetary policy, economic activity will expand at a moderate pace and labor market indicators will continue to strengthen.",the committee currently expects that with gradual adjustments in the stance of monetary policy economic activity will expand at a moderate pace and labor market indicators will continue to strengthen,the committee currently expects that with gradual adjustments in the stance of monetary policy economic activity will continue to expand at a moderate pace and labor market indicators will continue to strengthen,10,True
statement_20160427,18,2016-04-27,12,"In determining the timing and size of future adjustments to the target range for the federal funds rate, the Committee will assess realized and expected economic conditions relative to its objectives of maximum employment and 2 percent inflation.",in determining the timing and size of future adjustments to the target range for the federal funds rate the committee will assess realized and expected economic conditions relative to its objectives of maximum employment and # percent inflation,in determining the timing and size of future adjustments to the target range for the federal funds rate the committee will assess realized and expected economic conditions relative to its objectives of maximum employment and # percent inflation,20,True
statement_20160427,18,2016-04-27,13,"This assessment will take into account a wide range of information, including measures of labor market conditions, indicators of inflation pressures and inflation expectations, and readings on financial and international developments.",this assessment will take into account a wide range of information including measures of labor market conditions indicators of inflation pressures and inflation expectations and readings on financial and international developments,this assessment will take into account a wide range of information including measures of labor market conditions indicators of inflation pressures and inflation expectations and readings on financial developments,52,True
statement_20160427,18,2016-04-27,14,"In light of the current shortfall of inflation from 2 percent, the Committee will carefully monitor actual and expected progress toward its inflation goal.",in light of the current shortfall of inflation from # percent the committee will carefully monitor actual and expected progress toward its inflation goal,in light of the current shortfall of inflation from # percent the committee will carefully monitor actual and expected progress toward its inflation goal,10,True
statement_20160427,18,2016-04-27,15,"The Committee expects that economic conditions will evolve in a manner that will warrant only gradual increases in the federal funds rate; the federal funds rate is likely to remain, for some time, below levels that are expected to prevail in the longer run.",the committee expects that economic conditions will evolve in a manner that will warrant only gradual increases in the federal funds rate the federal funds rate is likely to remain for some time below levels that are expected to prevail in the longer run,the committee expects that economic conditions will evolve in a manner that will warrant only gradual increases in the federal funds rate the federal funds rate is likely to remain for some time below levels that are expected to prevail in the longer run,20,True
statement_20160427,18,2016-04-27,16,"However, the actual path of the federal funds rate will depend on the economic outlook as informed by incoming data.",however the actual path of the federal funds rate will depend on the economic outlook as informed by incoming data,however the actual path of the federal funds rate will depend on the economic outlook as informed by incoming data,20,True
statement_20160427,18,2016-04-27,18,"This policy, by keeping the Committee's holdings of longer-term securities at sizable levels, should help maintain accommodative financial conditions.",this policy by keeping the committee s holdings of longer term securities at sizable levels should help maintain accommodative financial conditions,this policy by keeping the committee s holdings of longer term securities at sizable levels should help maintain accommodative financial conditions,21,True
statement_20160615,19,2016-06-15,7,"The Committee currently expects that, with gradual adjustments in the stance of monetary policy, economic activity will expand at a moderate pace and labor market indicators will strengthen.",the committee currently expects that with gradual adjustments in the stance of monetary policy economic activity will expand at a moderate pace and labor market indicators will strengthen,the committee currently expects that with gradual adjustments in the stance of monetary policy economic activity will continue to expand at a moderate pace and labor market indicators will continue to strengthen,10,True
statement_20160615,19,2016-06-15,12,"In determining the timing and size of future adjustments to the target range for the federal funds rate, the Committee will assess realized and expected economic conditions relative to its objectives of maximum employment and 2 percent inflation.",in determining the timing and size of future adjustments to the target range for the federal funds rate the committee will assess realized and expected economic conditions relative to its objectives of maximum employment and # percent inflation,in determining the timing and size of future adjustments to the target range for the federal funds rate the committee will assess realized and expected economic conditions relative to its objectives of maximum employment and # percent inflation,20,True
statement_20160615,19,2016-06-15,13,"This assessment will take into account a wide range of information, including measures of labor market conditions, indicators of inflation pressures and inflation expectations, and readings on financial and international developments.",this assessment will take into account a wide range of information including measures of labor market conditions indicators of inflation pressures and inflation expectations and readings on financial and international developments,this assessment will take into account a wide range of information including measures of labor market conditions indicators of inflation pressures and inflation expectations and readings on financial developments,52,True
statement_20160615,19,2016-06-15,14,"In light of the current shortfall of inflation from 2 percent, the Committee will carefully monitor actual and expected progress toward its inflation goal.",in light of the current shortfall of inflation from # percent the committee will carefully monitor actual and expected progress toward its inflation goal,in light of the current shortfall of inflation from # percent the committee will carefully monitor actual and expected progress toward its inflation goal,10,True
statement_20160615,19,2016-06-15,15,"The Committee expects that economic conditions will evolve in a manner that will warrant only gradual increases in the federal funds rate; the federal funds rate is likely to remain, for some time, below levels that are expected to prevail in the longer run.",the committee expects that economic conditions will evolve in a manner that will warrant only gradual increases in the federal funds rate the federal funds rate is likely to remain for some time below levels that are expected to prevail in the longer run,the committee expects that economic conditions will evolve in a manner that will warrant only gradual increases in the federal funds rate the federal funds rate is likely to remain for some time below levels that are expected to prevail in the longer run,20,True
statement_20160615,19,2016-06-15,16,"However, the actual path of the federal funds rate will depend on the economic outlook as informed by incoming data.",however the actual path of the federal funds rate will depend on the economic outlook as informed by incoming data,however the actual path of the federal funds rate will depend on the economic outlook as informed by incoming data,20,True
statement_20160615,19,2016-06-15,18,"This policy, by keeping the Committee's holdings of longer-term securities at sizable levels, should help maintain accommodative financial conditions.",this policy by keeping the committee s holdings of longer term securities at sizable levels should help maintain accommodative financial conditions,this policy by keeping the committee s holdings of longer term securities at sizable levels should help maintain accommodative financial conditions,21,True
statement_20160727,20,2016-07-27,7,"The Committee currently expects that, with gradual adjustments in the stance of monetary policy, economic activity will expand at a moderate pace and labor market indicators will strengthen.",the committee currently expects that with gradual adjustments in the stance of monetary policy economic activity will expand at a moderate pace and labor market indicators will strengthen,the committee currently expects that with gradual adjustments in the stance of monetary policy economic activity will continue to expand at a moderate pace and labor market indicators will continue to strengthen,10,True
statement_20160727,20,2016-07-27,13,"In determining the timing and size of future adjustments to the target range for the federal funds rate, the Committee will assess realized and expected economic conditions relative to its objectives of maximum employment and 2 percent inflation.",in determining the timing and size of future adjustments to the target range for the federal funds rate the committee will assess realized and expected economic conditions relative to its objectives of maximum employment and # percent inflation,in determining the timing and size of future adjustments to the target range for the federal funds rate the committee will assess realized and expected economic conditions relative to its objectives of maximum employment and # percent inflation,20,True
statement_20160727,20,2016-07-27,14,"This assessment will take into account a wide range of information, including measures of labor market conditions, indicators of inflation pressures and inflation expectations, and readings on financial and international developments.",this assessment will take into account a wide range of information including measures of labor market conditions indicators of inflation pressures and inflation expectations and readings on financial and international developments,this assessment will take into account a wide range of information including measures of labor market conditions indicators of inflation pressures and inflation expectations and readings on financial developments,52,True
statement_20160727,20,2016-07-27,15,"In light of the current shortfall of inflation from 2 percent, the Committee will carefully monitor actual and expected progress toward its inflation goal.",in light of the current shortfall of inflation from # percent the committee will carefully monitor actual and expected progress toward its inflation goal,in light of the current shortfall of inflation from # percent the committee will carefully monitor actual and expected progress toward its inflation goal,10,True
statement_20160727,20,2016-07-27,16,"The Committee expects that economic conditions will evolve in a manner that will warrant only gradual increases in the federal funds rate; the federal funds rate is likely to remain, for some time, below levels that are expected to prevail in the longer run.",the committee expects that economic conditions will evolve in a manner that will warrant only gradual increases in the federal funds rate the federal funds rate is likely to remain for some time below levels that are expected to prevail in the longer run,the committee expects that economic conditions will evolve in a manner that will warrant only gradual increases in the federal funds rate the federal funds rate is likely to remain for some time below levels that are expected to prevail in the longer run,20,True
statement_20160727,20,2016-07-27,17,"However, the actual path of the federal funds rate will depend on the economic outlook as informed by incoming data.",however the actual path of the federal funds rate will depend on the economic outlook as informed by incoming data,however the actual path of the federal funds rate will depend on the economic outlook as informed by incoming data,20,True
statement_20160727,20,2016-07-27,19,"This policy, by keeping the Committee's holdings of longer-term securities at sizable levels, should help maintain accommodative financial conditions.",this policy by keeping the committee s holdings of longer term securities at sizable levels should help maintain accommodative financial conditions,this policy by keeping the committee s holdings of longer term securities at sizable levels should help maintain accommodative financial conditions,21,True
statement_20160921,21,2016-09-21,6,"The Committee expects that, with gradual adjustments in the stance of monetary policy, economic activity will expand at a moderate pace and labor market conditions will strengthen somewhat further.",the committee expects that with gradual adjustments in the stance of monetary policy economic activity will expand at a moderate pace and labor market conditions will strengthen somewhat further,the committee currently expects that with gradual adjustments in the stance of monetary policy economic activity will continue to expand at a moderate pace and labor market indicators will continue to strengthen,10,True
statement_20160921,21,2016-09-21,13,"In determining the timing and size of future adjustments to the target range for the federal funds rate, the Committee will assess realized and expected economic conditions relative to its objectives of maximum employment and 2 percent inflation.",in determining the timing and size of future adjustments to the target range for the federal funds rate the committee will assess realized and expected economic conditions relative to its objectives of maximum employment and # percent inflation,in determining the timing and size of future adjustments to the target range for the federal funds rate the committee will assess realized and expected economic conditions relative to its objectives of maximum employment and # percent inflation,20,True
statement_20160921,21,2016-09-21,14,"This assessment will take into account a wide range of information, including measures of labor market conditions, indicators of inflation pressures and inflation expectations, and readings on financial and international developments.",this assessment will take into account a wide range of information including measures of labor market conditions indicators of inflation pressures and inflation expectations and readings on financial and international developments,this assessment will take into account a wide range of information including measures of labor market conditions indicators of inflation pressures and inflation expectations and readings on financial developments,52,True
statement_20160921,21,2016-09-21,15,"In light of the current shortfall of inflation from 2 percent, the Committee will carefully monitor actual and expected progress toward its inflation goal.",in light of the current shortfall of inflation from # percent the committee will carefully monitor actual and expected progress toward its inflation goal,in light of the current shortfall of inflation from # percent the committee will carefully monitor actual and expected progress toward its inflation goal,10,True
statement_20160921,21,2016-09-21,16,"The Committee expects that economic conditions will evolve in a manner that will warrant only gradual increases in the federal funds rate; the federal funds rate is likely to remain, for some time, below levels that are expected to prevail in the longer run.",the committee expects that economic conditions will evolve in a manner that will warrant only gradual increases in the federal funds rate the federal funds rate is likely to remain for some time below levels that are expected to prevail in the longer run,the committee expects that economic conditions will evolve in a manner that will warrant only gradual increases in the federal funds rate the federal funds rate is likely to remain for some time below levels that are expected to prevail in the longer run,20,True
statement_20160921,21,2016-09-21,17,"However, the actual path of the federal funds rate will depend on the economic outlook as informed by incoming data.",however the actual path of the federal funds rate will depend on the economic outlook as informed by incoming data,however the actual path of the federal funds rate will depend on the economic outlook as informed by incoming data,20,True
statement_20160921,21,2016-09-21,19,"This policy, by keeping the Committee's holdings of longer-term securities at sizable levels, should help maintain accommodative financial conditions.",this policy by keeping the committee s holdings of longer term securities at sizable levels should help maintain accommodative financial conditions,this policy by keeping the committee s holdings of longer term securities at sizable levels should help maintain accommodative financial conditions,21,True
statement_20161102,22,2016-11-02,6,"The Committee expects that, with gradual adjustments in the stance of monetary policy, economic activity will expand at a moderate pace and labor market conditions will strengthen somewhat further.",the committee expects that with gradual adjustments in the stance of monetary policy economic activity will expand at a moderate pace and labor market conditions will strengthen somewhat further,the committee currently expects that with gradual adjustments in the stance of monetary policy economic activity will continue to expand at a moderate pace and labor market indicators will continue to strengthen,10,True
statement_20161102,22,2016-11-02,13,"In determining the timing and size of future adjustments to the target range for the federal funds rate, the Committee will assess realized and expected economic conditions relative to its objectives of maximum employment and 2 percent inflation.",in determining the timing and size of future adjustments to the target range for the federal funds rate the committee will assess realized and expected economic conditions relative to its objectives of maximum employment and # percent inflation,in determining the timing and size of future adjustments to the target range for the federal funds rate the committee will assess realized and expected economic conditions relative to its objectives of maximum employment and # percent inflation,20,True
statement_20161102,22,2016-11-02,14,"This assessment will take into account a wide range of information, including measures of labor market conditions, indicators of inflation pressures and inflation expectations, and readings on financial and international developments.",this assessment will take into account a wide range of information including measures of labor market conditions indicators of inflation pressures and inflation expectations and readings on financial and international developments,this assessment will take into account a wide range of information including measures of labor market conditions indicators of inflation pressures and inflation expectations and readings on financial developments,52,True
statement_20161102,22,2016-11-02,15,"In light of the current shortfall of inflation from 2 percent, the Committee will carefully monitor actual and expected progress toward its inflation goal.",in light of the current shortfall of inflation from # percent the committee will carefully monitor actual and expected progress toward its inflation goal,in light of the current shortfall of inflation from # percent the committee will carefully monitor actual and expected progress toward its inflation goal,10,True
statement_20161102,22,2016-11-02,16,"The Committee expects that economic conditions will evolve in a manner that will warrant only gradual increases in the federal funds rate; the federal funds rate is likely to remain, for some time, below levels that are expected to prevail in the longer run.",the committee expects that economic conditions will evolve in a manner that will warrant only gradual increases in the federal funds rate the federal funds rate is likely to remain for some time below levels that are expected to prevail in the longer run,the committee expects that economic conditions will evolve in a manner that will warrant only gradual increases in the federal funds rate the federal funds rate is likely to remain for some time below levels that are expected to prevail in the longer run,20,True
statement_20161102,22,2016-11-02,17,"However, the actual path of the federal funds rate will depend on the economic outlook as informed by incoming data.",however the actual path of the federal funds rate will depend on the economic outlook as informed by incoming data,however the actual path of the federal funds rate will depend on the economic outlook as informed by incoming data,20,True
statement_20161102,22,2016-11-02,19,"This policy, by keeping the Committee's holdings of longer-term securities at sizable levels, should help maintain accommodative financial conditions.",this policy by keeping the committee s holdings of longer term securities at sizable levels should help maintain accommodative financial conditions,this policy by keeping the committee s holdings of longer term securities at sizable levels should help maintain accommodative financial conditions,21,True
statement_20161214,23,2016-12-14,6,"The Committee expects that, with gradual adjustments in the stance of monetary policy, economic activity will expand at a moderate pace and labor market conditions will strengthen somewhat further.",the committee expects that with gradual adjustments in the stance of monetary policy economic activity will expand at a moderate pace and labor market conditions will strengthen somewhat further,the committee currently expects that with gradual adjustments in the stance of monetary policy economic activity will continue to expand at a moderate pace and labor market indicators will continue to strengthen,10,True
statement_20161214,23,2016-12-14,12,"In determining the timing and size of future adjustments to the target range for the federal funds rate, the Committee will assess realized and expected economic conditions relative to its objectives of maximum employment and 2 percent inflation.",in determining the timing and size of future adjustments to the target range for the federal funds rate the committee will assess realized and expected economic conditions relative to its objectives of maximum employment and # percent inflation,in determining the timing and size of future adjustments to the target range for the federal funds rate the committee will assess realized and expected economic conditions relative to its objectives of maximum employment and # percent inflation,20,True
statement_20161214,23,2016-12-14,13,"This assessment will take into account a wide range of information, including measures of labor market conditions, indicators of inflation pressures and inflation expectations, and readings on financial and international developments.",this assessment will take into account a wide range of information including measures of labor market conditions indicators of inflation pressures and inflation expectations and readings on financial and international developments,this assessment will take into account a wide range of information including measures of labor market conditions indicators of inflation pressures and inflation expectations and readings on financial developments,52,True
statement_20161214,23,2016-12-14,14,"In light of the current shortfall of inflation from 2 percent, the Committee will carefully monitor actual and expected progress toward its inflation goal.",in light of the current shortfall of inflation from # percent the committee will carefully monitor actual and expected progress toward its inflation goal,in light of the current shortfall of inflation from # percent the committee will carefully monitor actual and expected progress toward its inflation goal,10,True
statement_20161214,23,2016-12-14,15,"The Committee expects that economic conditions will evolve in a manner that will warrant only gradual increases in the federal funds rate; the federal funds rate is likely to remain, for some time, below levels that are expected to prevail in the longer run.",the committee expects that economic conditions will evolve in a manner that will warrant only gradual increases in the federal funds rate the federal funds rate is likely to remain for some time below levels that are expected to prevail in the longer run,the committee expects that economic conditions will evolve in a manner that will warrant only gradual increases in the federal funds rate the federal funds rate is likely to remain for some time below levels that are expected to prevail in the longer run,20,True
statement_20161214,23,2016-12-14,16,"However, the actual path of the federal funds rate will depend on the economic outlook as informed by incoming data.",however the actual path of the federal funds rate will depend on the economic outlook as informed by incoming data,however the actual path of the federal funds rate will depend on the economic outlook as informed by incoming data,20,True
statement_20161214,23,2016-12-14,18,"This policy, by keeping the Committee's holdings of longer-term securities at sizable levels, should help maintain accommodative financial conditions.",this policy by keeping the committee s holdings of longer term securities at sizable levels should help maintain accommodative financial conditions,this policy by keeping the committee s holdings of longer term securities at sizable levels should help maintain accommodative financial conditions,21,True
statement_20170201,24,2017-02-01,7,"The Committee expects that, with gradual adjustments in the stance of monetary policy, economic activity will expand at a moderate pace, labor market conditions will strengthen somewhat further, and inflation will rise to 2 percent over the medium term.",the committee expects that with gradual adjustments in the stance of monetary policy economic activity will expand at a moderate pace labor market conditions will strengthen somewhat further and inflation will rise to # percent over the medium term,the committee expects that with gradual adjustments in the stance of monetary policy economic activity will expand at a moderate pace labor market conditions will strengthen somewhat further and inflation will rise to # percent over the medium term,2,False
statement_20170201,24,2017-02-01,12,"In determining the timing and size of future adjustments to the target range for the federal funds rate, the Committee will assess realized and expected economic conditions relative to its objectives of maximum employment and 2 percent inflation.",in determining the timing and size of future adjustments to the target range for the federal funds rate the committee will assess realized and expected economic conditions relative to its objectives of maximum employment and # percent inflation,in determining the timing and size of future adjustments to the target range for the federal funds rate the committee will assess realized and expected economic conditions relative to its objectives of maximum employment and # percent inflation,20,True
statement_20170201,24,2017-02-01,13,"This assessment will take into account a wide range of information, including measures of labor market conditions, indicators of inflation pressures and inflation expectations, and readings on financial and international developments.",this assessment will take into account a wide range of information including measures of labor market conditions indicators of inflation pressures and inflation expectations and readings on financial and international developments,this assessment will take into account a wide range of information including measures of labor market conditions indicators of inflation pressures and inflation expectations and readings on financial developments,52,True
statement_20170201,24,2017-02-01,14,"In light of the current shortfall of inflation from 2 percent, the Committee will carefully monitor actual and expected progress toward its inflation goal.",in light of the current shortfall of inflation from # percent the committee will carefully monitor actual and expected progress toward its inflation goal,in light of the current shortfall of inflation from # percent the committee will carefully monitor actual and expected progress toward its inflation goal,10,True
statement_20170201,24,2017-02-01,15,"The Committee expects that economic conditions will evolve in a manner that will warrant only gradual increases in the federal funds rate; the federal funds rate is likely to remain, for some time, below levels that are expected to prevail in the longer run.",the committee expects that economic conditions will evolve in a manner that will warrant only gradual increases in the federal funds rate the federal funds rate is likely to remain for some time below levels that are expected to prevail in the longer run,the committee expects that economic conditions will evolve in a manner that will warrant only gradual increases in the federal funds rate the federal funds rate is likely to remain for some time below levels that are expected to prevail in the longer run,20,True
statement_20170201,24,2017-02-01,16,"However, the actual path of the federal funds rate will depend on the economic outlook as informed by incoming data.",however the actual path of the federal funds rate will depend on the economic outlook as informed by incoming data,however the actual path of the federal funds rate will depend on the economic outlook as informed by incoming data,20,True
statement_20170201,24,2017-02-01,18,"This policy, by keeping the Committee's holdings of longer-term securities at sizable levels, should help maintain accommodative financial conditions.",this policy by keeping the committee s holdings of longer term securities at sizable levels should help maintain accommodative financial conditions,this policy by keeping the committee s holdings of longer term securities at sizable levels should help maintain accommodative financial conditions,21,True
statement_20170315,25,2017-03-15,6,"The Committee expects that, with gradual adjustments in the stance of monetary policy, economic activity will expand at a moderate pace, labor market conditions will strengthen somewhat further, and inflation will stabilize around 2 percent over the medium term.",the committee expects that with gradual adjustments in the stance of monetary policy economic activity will expand at a moderate pace labor market conditions will strengthen somewhat further and inflation will stabilize around # percent over the medium term,the committee expects that with gradual adjustments in the stance of monetary policy economic activity will expand at a moderate pace labor market conditions will strengthen somewhat further and inflation will rise to # percent over the medium term,2,False
statement_20170315,25,2017-03-15,11,"In determining the timing and size of future adjustments to the target range for the federal funds rate, the Committee will assess realized and expected economic conditions relative to its objectives of maximum employment and 2 percent inflation.",in determining the timing and size of future adjustments to the target range for the federal funds rate the committee will assess realized and expected economic conditions relative to its objectives of maximum employment and # percent inflation,in determining the timing and size of future adjustments to the target range for the federal funds rate the committee will assess realized and expected economic conditions relative to its objectives of maximum employment and # percent inflation,20,True
statement_20170315,25,2017-03-15,12,"This assessment will take into account a wide range of information, including measures of labor market conditions, indicators of inflation pressures and inflation expectations, and readings on financial and international developments.",this assessment will take into account a wide range of information including measures of labor market conditions indicators of inflation pressures and inflation expectations and readings on financial and international developments,this assessment will take into account a wide range of information including measures of labor market conditions indicators of inflation pressures and inflation expectations and readings on financial developments,52,True
statement_20170315,25,2017-03-15,13,The Committee will carefully monitor actual and expected inflation developments relative to its symmetric inflation goal.,the committee will carefully monitor actual and expected inflation developments relative to its symmetric inflation goal,the committee will carefully monitor actual and expected inflation developments relative to its symmetric inflation goal,10,True
statement_20170315,25,2017-03-15,14,"The Committee expects that economic conditions will evolve in a manner that will warrant gradual increases in the federal funds rate; the federal funds rate is likely to remain, for some time, below levels that are expected to prevail in the longer run.",the committee expects that economic conditions will evolve in a manner that will warrant gradual increases in the federal funds rate the federal funds rate is likely to remain for some time below levels that are expected to prevail in the longer run,the committee expects that economic conditions will evolve in a manner that will warrant only gradual increases in the federal funds rate the federal funds rate is likely to remain for some time below levels that are expected to prevail in the longer run,20,True
statement_20170315,25,2017-03-15,15,"However, the actual path of the federal funds rate will depend on the economic outlook as informed by incoming data.",however the actual path of the federal funds rate will depend on the economic outlook as informed by incoming data,however the actual path of the federal funds rate will depend on the economic outlook as informed by incoming data,20,True
statement_20170315,25,2017-03-15,17,"This policy, by keeping the Committee's holdings of longer-term securities at sizable levels, should help maintain accommodative financial conditions.",this policy by keeping the committee s holdings of longer term securities at sizable levels should help maintain accommodative financial conditions,this policy by keeping the committee s holdings of longer term securities at sizable levels should help maintain accommodative financial conditions,21,True
statement_20170503,26,2017-05-03,8,"The Committee views the slowing in growth during the first quarter as likely to be transitory and continues to expect that, with gradual adjustments in the stance of monetary policy, economic activity will expand at a moderate pace, labor market conditions will strengthen somewhat further, and inflation will stabilize around 2 percent over the medium term.",the committee views the slowing in growth during the first quarter as likely to be transitory and continues to expect that with gradual adjustments in the stance of monetary policy economic activity will expand at a moderate pace labor market conditions will strengthen somewhat further and inflation will stabilize around # percent over the medium term,the committee views the slowing in growth during the first quarter as likely to be transitory and continues to expect that with gradual adjustments in the stance of monetary policy economic activity will expand at a moderate pace labor market conditions will strengthen somewhat further and inflation will stabilize around # percent over the medium term,1,False
statement_20170503,26,2017-05-03,13,"In determining the timing and size of future adjustments to the target range for the federal funds rate, the Committee will assess realized and expected economic conditions relative to its objectives of maximum employment and 2 percent inflation.",in determining the timing and size of future adjustments to the target range for the federal funds rate the committee will assess realized and expected economic conditions relative to its objectives of maximum employment and # percent inflation,in determining the timing and size of future adjustments to the target range for the federal funds rate the committee will assess realized and expected economic conditions relative to its objectives of maximum employment and # percent inflation,20,True
statement_20170503,26,2017-05-03,14,"This assessment will take into account a wide range of information, including measures of labor market conditions, indicators of inflation pressures and inflation expectations, and readings on financial and international developments.",this assessment will take into account a wide range of information including measures of labor market conditions indicators of inflation pressures and inflation expectations and readings on financial and international developments,this assessment will take into account a wide range of information including measures of labor market conditions indicators of inflation pressures and inflation expectations and readings on financial developments,52,True
statement_20170503,26,2017-05-03,15,The Committee will carefully monitor actual and expected inflation developments relative to its symmetric inflation goal.,the committee will carefully monitor actual and expected inflation developments relative to its symmetric inflation goal,the committee will carefully monitor actual and expected inflation developments relative to its symmetric inflation goal,10,True
statement_20170503,26,2017-05-03,16,"The Committee expects that economic conditions will evolve in a manner that will warrant gradual increases in the federal funds rate; the federal funds rate is likely to remain, for some time, below levels that are expected to prevail in the longer run.",the committee expects that economic conditions will evolve in a manner that will warrant gradual increases in the federal funds rate the federal funds rate is likely to remain for some time below levels that are expected to prevail in the longer run,the committee expects that economic conditions will evolve in a manner that will warrant only gradual increases in the federal funds rate the federal funds rate is likely to remain for some time below levels that are expected to prevail in the longer run,20,True
statement_20170503,26,2017-05-03,17,"However, the actual path of the federal funds rate will depend on the economic outlook as informed by incoming data.",however the actual path of the federal funds rate will depend on the economic outlook as informed by incoming data,however the actual path of the federal funds rate will depend on the economic outlook as informed by incoming data,20,True
statement_20170503,26,2017-05-03,19,"This policy, by keeping the Committee's holdings of longer-term securities at sizable levels, should help maintain accommodative financial conditions.",this policy by keeping the committee s holdings of longer term securities at sizable levels should help maintain accommodative financial conditions,this policy by keeping the committee s holdings of longer term securities at sizable levels should help maintain accommodative financial conditions,21,True
statement_20170614,27,2017-06-14,6,"The Committee continues to expect that, with gradual adjustments in the stance of monetary policy, economic activity will expand at a moderate pace, and labor market conditions will strengthen somewhat further.",the committee continues to expect that with gradual adjustments in the stance of monetary policy economic activity will expand at a moderate pace and labor market conditions will strengthen somewhat further,the committee continues to expect that with gradual adjustments in the stance of monetary policy economic activity will expand at a moderate pace and labor market conditions will strengthen somewhat further,5,True
statement_20170614,27,2017-06-14,11,"In determining the timing and size of future adjustments to the target range for the federal funds rate, the Committee will assess realized and expected economic conditions relative to its objectives of maximum employment and 2 percent inflation.",in determining the timing and size of future adjustments to the target range for the federal funds rate the committee will assess realized and expected economic conditions relative to its objectives of maximum employment and # percent inflation,in determining the timing and size of future adjustments to the target range for the federal funds rate the committee will assess realized and expected economic conditions relative to its objectives of maximum employment and # percent inflation,20,True
statement_20170614,27,2017-06-14,12,"This assessment will take into account a wide range of information, including measures of labor market conditions, indicators of inflation pressures and inflation expectations, and readings on financial and international developments.",this assessment will take into account a wide range of information including measures of labor market conditions indicators of inflation pressures and inflation expectations and readings on financial and international developments,this assessment will take into account a wide range of information including measures of labor market conditions indicators of inflation pressures and inflation expectations and readings on financial developments,52,True
statement_20170614,27,2017-06-14,13,The Committee will carefully monitor actual and expected inflation developments relative to its symmetric inflation goal.,the committee will carefully monitor actual and expected inflation developments relative to its symmetric inflation goal,the committee will carefully monitor actual and expected inflation developments relative to its symmetric inflation goal,10,True
statement_20170614,27,2017-06-14,14,"The Committee expects that economic conditions will evolve in a manner that will warrant gradual increases in the federal funds rate; the federal funds rate is likely to remain, for some time, below levels that are expected to prevail in the longer run.",the committee expects that economic conditions will evolve in a manner that will warrant gradual increases in the federal funds rate the federal funds rate is likely to remain for some time below levels that are expected to prevail in the longer run,the committee expects that economic conditions will evolve in a manner that will warrant only gradual increases in the federal funds rate the federal funds rate is likely to remain for some time below levels that are expected to prevail in the longer run,20,True
statement_20170614,27,2017-06-14,15,"However, the actual path of the federal funds rate will depend on the economic outlook as informed by incoming data.",however the actual path of the federal funds rate will depend on the economic outlook as informed by incoming data,however the actual path of the federal funds rate will depend on the economic outlook as informed by incoming data,20,True
statement_20170614,27,2017-06-14,18,"This program, which would gradually reduce the Federal Reserve's securities holdings by decreasing reinvestment of principal payments from those securities, is described in the accompanying addendum to the Committee's Policy Normalization Principles and Plans.",this program which would gradually reduce the federal reserve s securities holdings by decreasing reinvestment of principal payments from those securities is described in the accompanying addendum to the committee s policy normalization principles and plans,this program which would gradually reduce the federal reserve s securities holdings by decreasing reinvestment of principal payments from those securities is described in the accompanying addendum to the committee s policy normalization principles and plans,1,False
statement_20170726,28,2017-07-26,6,"The Committee continues to expect that, with gradual adjustments in the stance of monetary policy, economic activity will expand at a moderate pace, and labor market conditions will strengthen somewhat further.",the committee continues to expect that with gradual adjustments in the stance of monetary policy economic activity will expand at a moderate pace and labor market conditions will strengthen somewhat further,the committee continues to expect that with gradual adjustments in the stance of monetary policy economic activity will expand at a moderate pace and labor market conditions will strengthen somewhat further,5,True
statement_20170726,28,2017-07-26,11,"In determining the timing and size of future adjustments to the target range for the federal funds rate, the Committee will assess realized and expected economic conditions relative to its objectives of maximum employment and 2 percent inflation.",in determining the timing and size of future adjustments to the target range for the federal funds rate the committee will assess realized and expected economic conditions relative to its objectives of maximum employment and # percent inflation,in determining the timing and size of future adjustments to the target range for the federal funds rate the committee will assess realized and expected economic conditions relative to its objectives of maximum employment and # percent inflation,20,True
statement_20170726,28,2017-07-26,12,"This assessment will take into account a wide range of information, including measures of labor market conditions, indicators of inflation pressures and inflation expectations, and readings on financial and international developments.",this assessment will take into account a wide range of information including measures of labor market conditions indicators of inflation pressures and inflation expectations and readings on financial and international developments,this assessment will take into account a wide range of information including measures of labor market conditions indicators of inflation pressures and inflation expectations and readings on financial developments,52,True
statement_20170726,28,2017-07-26,13,The Committee will carefully monitor actual and expected inflation developments relative to its symmetric inflation goal.,the committee will carefully monitor actual and expected inflation developments relative to its symmetric inflation goal,the committee will carefully monitor actual and expected inflation developments relative to its symmetric inflation goal,10,True
statement_20170726,28,2017-07-26,14,"The Committee expects that economic conditions will evolve in a manner that will warrant gradual increases in the federal funds rate; the federal funds rate is likely to remain, for some time, below levels that are expected to prevail in the longer run.",the committee expects that economic conditions will evolve in a manner that will warrant gradual increases in the federal funds rate the federal funds rate is likely to remain for some time below levels that are expected to prevail in the longer run,the committee expects that economic conditions will evolve in a manner that will warrant only gradual increases in the federal funds rate the federal funds rate is likely to remain for some time below levels that are expected to prevail in the longer run,20,True
statement_20170726,28,2017-07-26,15,"However, the actual path of the federal funds rate will depend on the economic outlook as informed by incoming data.",however the actual path of the federal funds rate will depend on the economic outlook as informed by incoming data,however the actual path of the federal funds rate will depend on the economic outlook as informed by incoming data,20,True
statement_20170920,29,2017-09-20,7,"Storm-related disruptions and rebuilding will affect economic activity in the near term, but past experience suggests that the storms are unlikely to materially alter the course of the national economy over the medium term.",storm related disruptions and rebuilding will affect economic activity in the near term but past experience suggests that the storms are unlikely to materially alter the course of the national economy over the medium term,storm related disruptions and rebuilding will affect economic activity in the near term but past experience suggests that the storms are unlikely to materially alter the course of the national economy over the medium term,2,False
statement_20170920,29,2017-09-20,8,"Consequently, the Committee continues to expect that, with gradual adjustments in the stance of monetary policy, economic activity will expand at a moderate pace, and labor market conditions will strengthen somewhat further.",consequently the committee continues to expect that with gradual adjustments in the stance of monetary policy economic activity will expand at a moderate pace and labor market conditions will strengthen somewhat further,the committee continues to expect that with gradual adjustments in the stance of monetary policy economic activity will expand at a moderate pace and labor market conditions will strengthen somewhat further,5,True
statement_20170920,29,2017-09-20,9,"Higher prices for gasoline and some other items in the aftermath of the hurricanes will likely boost inflation temporarily; apart from that effect, inflation on a 12-month basis is expected to remain somewhat below 2 percent in the near term but to stabilize around the Committee's 2 percent objective over the medium term.",higher prices for gasoline and some other items in the aftermath of the hurricanes will likely boost inflation temporarily apart from that effect inflation on a # month basis is expected to remain somewhat below # percent in the near term but to stabilize around the committee s # percent objective over the medium term,higher prices for gasoline and some other items in the aftermath of the hurricanes will likely boost inflation temporarily apart from that effect inflation on a # month basis is expected to remain somewhat below # percent in the near term but to stabilize around the committee s # percent objective over the medium term,1,False
statement_20170920,29,2017-09-20,13,"In determining the timing and size of future adjustments to the target range for the federal funds rate, the Committee will assess realized and expected economic conditions relative to its objectives of maximum employment and 2 percent inflation.",in determining the timing and size of future adjustments to the target range for the federal funds rate the committee will assess realized and expected economic conditions relative to its objectives of maximum employment and # percent inflation,in determining the timing and size of future adjustments to the target range for the federal funds rate the committee will assess realized and expected economic conditions relative to its objectives of maximum employment and # percent inflation,20,True
statement_20170920,29,2017-09-20,14,"This assessment will take into account a wide range of information, including measures of labor market conditions, indicators of inflation pressures and inflation expectations, and readings on financial and international developments.",this assessment will take into account a wide range of information including measures of labor market conditions indicators of inflation pressures and inflation expectations and readings on financial and international developments,this assessment will take into account a wide range of information including measures of labor market conditions indicators of inflation pressures and inflation expectations and readings on financial developments,52,True
statement_20170920,29,2017-09-20,15,The Committee will carefully monitor actual and expected inflation developments relative to its symmetric inflation goal.,the committee will carefully monitor actual and expected inflation developments relative to its symmetric inflation goal,the committee will carefully monitor actual and expected inflation developments relative to its symmetric inflation goal,10,True
statement_20170920,29,2017-09-20,16,"The Committee expects that economic conditions will evolve in a manner that will warrant gradual increases in the federal funds rate; the federal funds rate is likely to remain, for some time, below levels that are expected to prevail in the longer run.",the committee expects that economic conditions will evolve in a manner that will warrant gradual increases in the federal funds rate the federal funds rate is likely to remain for some time below levels that are expected to prevail in the longer run,the committee expects that economic conditions will evolve in a manner that will warrant only gradual increases in the federal funds rate the federal funds rate is likely to remain for some time below levels that are expected to prevail in the longer run,20,True
statement_20170920,29,2017-09-20,17,"However, the actual path of the federal funds rate will depend on the economic outlook as informed by incoming data.",however the actual path of the federal funds rate will depend on the economic outlook as informed by incoming data,however the actual path of the federal funds rate will depend on the economic outlook as informed by incoming data,20,True
statement_20170920,29,2017-09-20,18,"In October, the Committee will initiate the balance sheet normalization program described in the June 2017 Addendum to the Committee's Policy Normalization Principles and Plans.",in october the committee will initiate the balance sheet normalization program described in the june # addendum to the committee s policy normalization principles and plans,in october the committee will initiate the balance sheet normalization program described in the june # addendum to the committee s policy normalization principles and plans,1,False
statement_20171101,30,2017-11-01,7,"Hurricane-related disruptions and rebuilding will continue to affect economic activity, employment, and inflation in the near term, but past experience suggests that the storms are unlikely to materially alter the course of the national economy over the medium term.",hurricane related disruptions and rebuilding will continue to affect economic activity employment and inflation in the near term but past experience suggests that the storms are unlikely to materially alter the course of the national economy over the medium term,storm related disruptions and rebuilding will affect economic activity in the near term but past experience suggests that the storms are unlikely to materially alter the course of the national economy over the medium term,2,False
statement_20171101,30,2017-11-01,8,"Consequently, the Committee continues to expect that, with gradual adjustments in the stance of monetary policy, economic activity will expand at a moderate pace, and labor market conditions will strengthen somewhat further.",consequently the committee continues to expect that with gradual adjustments in the stance of monetary policy economic activity will expand at a moderate pace and labor market conditions will strengthen somewhat further,the committee continues to expect that with gradual adjustments in the stance of monetary policy economic activity will expand at a moderate pace and labor market conditions will strengthen somewhat further,5,True
statement_20171101,30,2017-11-01,13,"In determining the timing and size of future adjustments to the target range for the federal funds rate, the Committee will assess realized and expected economic conditions relative to its objectives of maximum employment and 2 percent inflation.",in determining the timing and size of future adjustments to the target range for the federal funds rate the committee will assess realized and expected economic conditions relative to its objectives of maximum employment and # percent inflation,in determining the timing and size of future adjustments to the target range for the federal funds rate the committee will assess realized and expected economic conditions relative to its objectives of maximum employment and # percent inflation,20,True
statement_20171101,30,2017-11-01,14,"This assessment will take into account a wide range of information, including measures of labor market conditions, indicators of inflation pressures and inflation expectations, and readings on financial and international developments.",this assessment will take into account a wide range of information including measures of labor market conditions indicators of inflation pressures and inflation expectations and readings on financial and international developments,this assessment will take into account a wide range of information including measures of labor market conditions indicators of inflation pressures and inflation expectations and readings on financial developments,52,True
statement_20171101,30,2017-11-01,15,The Committee will carefully monitor actual and expected inflation developments relative to its symmetric inflation goal.,the committee will carefully monitor actual and expected inflation developments relative to its symmetric inflation goal,the committee will carefully monitor actual and expected inflation developments relative to its symmetric inflation goal,10,True
statement_20171101,30,2017-11-01,16,"The Committee expects that economic conditions will evolve in a manner that will warrant gradual increases in the federal funds rate; the federal funds rate is likely to remain, for some time, below levels that are expected to prevail in the longer run.",the committee expects that economic conditions will evolve in a manner that will warrant gradual increases in the federal funds rate the federal funds rate is likely to remain for some time below levels that are expected to prevail in the longer run,the committee expects that economic conditions will evolve in a manner that will warrant only gradual increases in the federal funds rate the federal funds rate is likely to remain for some time below levels that are expected to prevail in the longer run,20,True
statement_20171101,30,2017-11-01,17,"However, the actual path of the federal funds rate will depend on the economic outlook as informed by incoming data.",however the actual path of the federal funds rate will depend on the economic outlook as informed by incoming data,however the actual path of the federal funds rate will depend on the economic outlook as informed by incoming data,20,True
statement_20171213,31,2017-12-13,7,"Consequently, the Committee continues to expect that, with gradual adjustments in the stance of monetary policy, economic activity will expand at a moderate pace and labor market conditions will remain strong.",consequently the committee continues to expect that with gradual adjustments in the stance of monetary policy economic activity will expand at a moderate pace and labor market conditions will remain strong,the committee continues to expect that with gradual adjustments in the stance of monetary policy economic activity will expand at a moderate pace and labor market conditions will strengthen somewhat further,5,True
statement_20171213,31,2017-12-13,12,"In determining the timing and size of future adjustments to the target range for the federal funds rate, the Committee will assess realized and expected economic conditions relative to its objectives of maximum employment and 2 percent inflation.",in determining the timing and size of future adjustments to the target range for the federal funds rate the committee will assess realized and expected economic conditions relative to its objectives of maximum employment and # percent inflation,in determining the timing and size of future adjustments to the target range for the federal funds rate the committee will assess realized and expected economic conditions relative to its objectives of maximum employment and # percent inflation,20,True
statement_20171213,31,2017-12-13,13,"This assessment will take into account a wide range of information, including measures of labor market conditions, indicators of inflation pressures and inflation expectations, and readings on financial and international developments.",this assessment will take into account a wide range of information including measures of labor market conditions indicators of inflation pressures and inflation expectations and readings on financial and international developments,this assessment will take into account a wide range of information including measures of labor market conditions indicators of inflation pressures and inflation expectations and readings on financial developments,52,True
statement_20171213,31,2017-12-13,14,The Committee will carefully monitor actual and expected inflation developments relative to its symmetric inflation goal.,the committee will carefully monitor actual and expected inflation developments relative to its symmetric inflation goal,the committee will carefully monitor actual and expected inflation developments relative to its symmetric inflation goal,10,True
statement_20171213,31,2017-12-13,15,"The Committee expects that economic conditions will evolve in a manner that will warrant gradual increases in the federal funds rate; the federal funds rate is likely to remain, for some time, below levels that are expected to prevail in the longer run.",the committee expects that economic conditions will evolve in a manner that will warrant gradual increases in the federal funds rate the federal funds rate is likely to remain for some time below levels that are expected to prevail in the longer run,the committee expects that economic conditions will evolve in a manner that will warrant only gradual increases in the federal funds rate the federal funds rate is likely to remain for some time below levels that are expected to prevail in the longer run,20,True
statement_20171213,31,2017-12-13,16,"However, the actual path of the federal funds rate will depend on the economic outlook as informed by incoming data.",however the actual path of the federal funds rate will depend on the economic outlook as informed by incoming data,however the actual path of the federal funds rate will depend on the economic outlook as informed by incoming data,20,True
statement_20180131,32,2018-01-31,5,"The Committee expects that, with further gradual adjustments in the stance of monetary policy, economic activity will expand at a moderate pace and labor market conditions will remain strong.",the committee expects that with further gradual adjustments in the stance of monetary policy economic activity will expand at a moderate pace and labor market conditions will remain strong,the committee currently expects that with gradual adjustments in the stance of monetary policy economic activity will continue to expand at a moderate pace and labor market indicators will continue to strengthen,10,True
statement_20180131,32,2018-01-31,10,"In determining the timing and size of future adjustments to the target range for the federal funds rate, the Committee will assess realized and expected economic conditions relative to its objectives of maximum employment and 2 percent inflation.",in determining the timing and size of future adjustments to the target range for the federal funds rate the committee will assess realized and expected economic conditions relative to its objectives of maximum employment and # percent inflation,in determining the timing and size of future adjustments to the target range for the federal funds rate the committee will assess realized and expected economic conditions relative to its objectives of maximum employment and # percent inflation,20,True
statement_20180131,32,2018-01-31,11,"This assessment will take into account a wide range of information, including measures of labor market conditions, indicators of inflation pressures and inflation expectations, and readings on financial and international developments.",this assessment will take into account a wide range of information including measures of labor market conditions indicators of inflation pressures and inflation expectations and readings on financial and international developments,this assessment will take into account a wide range of information including measures of labor market conditions indicators of inflation pressures and inflation expectations and readings on financial developments,52,True
statement_20180131,32,2018-01-31,12,The Committee will carefully monitor actual and expected inflation developments relative to its symmetric inflation goal.,the committee will carefully monitor actual and expected inflation developments relative to its symmetric inflation goal,the committee will carefully monitor actual and expected inflation developments relative to its symmetric inflation goal,10,True
statement_20180131,32,2018-01-31,13,"The Committee expects that economic conditions will evolve in a manner that will warrant further gradual increases in the federal funds rate; the federal funds rate is likely to remain, for some time, below levels that are expected to prevail in the longer run.",the committee expects that economic conditions will evolve in a manner that will warrant further gradual increases in the federal funds rate the federal funds rate is likely to remain for some time below levels that are expected to prevail in the longer run,the committee expects that economic conditions will evolve in a manner that will warrant only gradual increases in the federal funds rate the federal funds rate is likely to remain for some time below levels that are expected to prevail in the longer run,20,True
statement_20180131,32,2018-01-31,14,"However, the actual path of the federal funds rate will depend on the economic outlook as informed by incoming data.",however the actual path of the federal funds rate will depend on the economic outlook as informed by incoming data,however the actual path of the federal funds rate will depend on the economic outlook as informed by incoming data,20,True
statement_20180321,33,2018-03-21,7,"The Committee expects that, with further gradual adjustments in the stance of monetary policy, economic activity will expand at a moderate pace in the medium term and labor market conditions will remain strong.",the committee expects that with further gradual adjustments in the stance of monetary policy economic activity will expand at a moderate pace in the medium term and labor market conditions will remain strong,the committee expects that with further gradual adjustments in the stance of monetary policy economic activity will expand at a moderate pace in the medium term and labor market conditions will remain strong,2,False
statement_20180321,33,2018-03-21,12,"In determining the timing and size of future adjustments to the target range for the federal funds rate, the Committee will assess realized and expected economic conditions relative to its objectives of maximum employment and 2 percent inflation.",in determining the timing and size of future adjustments to the target range for the federal funds rate the committee will assess realized and expected economic conditions relative to its objectives of maximum employment and # percent inflation,in determining the timing and size of future adjustments to the target range for the federal funds rate the committee will assess realized and expected economic conditions relative to its objectives of maximum employment and # percent inflation,20,True
statement_20180321,33,2018-03-21,13,"This assessment will take into account a wide range of information, including measures of labor market conditions, indicators of inflation pressures and inflation expectations, and readings on financial and international developments.",this assessment will take into account a wide range of information including measures of labor market conditions indicators of inflation pressures and inflation expectations and readings on financial and international developments,this assessment will take into account a wide range of information including measures of labor market conditions indicators of inflation pressures and inflation expectations and readings on financial developments,52,True
statement_20180321,33,2018-03-21,14,The Committee will carefully monitor actual and expected inflation developments relative to its symmetric inflation goal.,the committee will carefully monitor actual and expected inflation developments relative to its symmetric inflation goal,the committee will carefully monitor actual and expected inflation developments relative to its symmetric inflation goal,10,True
statement_20180321,33,2018-03-21,15,"The Committee expects that economic conditions will evolve in a manner that will warrant further gradual increases in the federal funds rate; the federal funds rate is likely to remain, for some time, below levels that are expected to prevail in the longer run.",the committee expects that economic conditions will evolve in a manner that will warrant further gradual increases in the federal funds rate the federal funds rate is likely to remain for some time below levels that are expected to prevail in the longer run,the committee expects that economic conditions will evolve in a manner that will warrant only gradual increases in the federal funds rate the federal funds rate is likely to remain for some time below levels that are expected to prevail in the longer run,20,True
statement_20180321,33,2018-03-21,16,"However, the actual path of the federal funds rate will depend on the economic outlook as informed by incoming data.",however the actual path of the federal funds rate will depend on the economic outlook as informed by incoming data,however the actual path of the federal funds rate will depend on the economic outlook as informed by incoming data,20,True
statement_20180502,34,2018-05-02,6,"The Committee expects that, with further gradual adjustments in the stance of monetary policy, economic activity will expand at a moderate pace in the medium term and labor market conditions will remain strong.",the committee expects that with further gradual adjustments in the stance of monetary policy economic activity will expand at a moderate pace in the medium term and labor market conditions will remain strong,the committee expects that with further gradual adjustments in the stance of monetary policy economic activity will expand at a moderate pace in the medium term and labor market conditions will remain strong,2,False
statement_20180502,34,2018-05-02,11,"In determining the timing and size of future adjustments to the target range for the federal funds rate, the Committee will assess realized and expected economic conditions relative to its objectives of maximum employment and 2 percent inflation.",in determining the timing and size of future adjustments to the target range for the federal funds rate the committee will assess realized and expected economic conditions relative to its objectives of maximum employment and # percent inflation,in determining the timing and size of future adjustments to the target range for the federal funds rate the committee will assess realized and expected economic conditions relative to its objectives of maximum employment and # percent inflation,20,True
statement_20180502,34,2018-05-02,12,"This assessment will take into account a wide range of information, including measures of labor market conditions, indicators of inflation pressures and inflation expectations, and readings on financial and international developments.",this assessment will take into account a wide range of information including measures of labor market conditions indicators of inflation pressures and inflation expectations and readings on financial and international developments,this assessment will take into account a wide range of information including measures of labor market conditions indicators of inflation pressures and inflation expectations and readings on financial developments,52,True
statement_20180502,34,2018-05-02,13,The Committee will carefully monitor actual and expected inflation developments relative to its symmetric inflation goal.,the committee will carefully monitor actual and expected inflation developments relative to its symmetric inflation goal,the committee will carefully monitor actual and expected inflation developments relative to its symmetric inflation goal,10,True
statement_20180502,34,2018-05-02,14,"The Committee expects that economic conditions will evolve in a manner that will warrant further gradual increases in the federal funds rate; the federal funds rate is likely to remain, for some time, below levels that are expected to prevail in the longer run.",the committee expects that economic conditions will evolve in a manner that will warrant further gradual increases in the federal funds rate the federal funds rate is likely to remain for some time below levels that are expected to prevail in the longer run,the committee expects that economic conditions will evolve in a manner that will warrant only gradual increases in the federal funds rate the federal funds rate is likely to remain for some time below levels that are expected to prevail in the longer run,20,True
statement_20180502,34,2018-05-02,15,"However, the actual path of the federal funds rate will depend on the economic outlook as informed by incoming data.",however the actual path of the federal funds rate will depend on the economic outlook as informed by incoming data,however the actual path of the federal funds rate will depend on the economic outlook as informed by incoming data,20,True
statement_20180613,35,2018-06-13,6,"The Committee expects that further gradual increases in the target range for the federal funds rate will be consistent with sustained expansion of economic activity, strong labor market conditions, and inflation near the Committee's symmetric 2 percent objective over the medium term.",the committee expects that further gradual increases in the target range for the federal funds rate will be consistent with sustained expansion of economic activity strong labor market conditions and inflation near the committee s symmetric # percent objective over the medium term,the committee expects that further gradual increases in the target range for the federal funds rate will be consistent with sustained expansion of economic activity strong labor market conditions and inflation near the committee s symmetric # percent objective over the medium term,4,True
statement_20180613,35,2018-06-13,10,"In determining the timing and size of future adjustments to the target range for the federal funds rate, the Committee will assess realized and expected economic conditions relative to its maximum employment objective and its symmetric 2 percent inflation objective.",in determining the timing and size of future adjustments to the target range for the federal funds rate the committee will assess realized and expected economic conditions relative to its maximum employment objective and its symmetric # percent inflation objective,in determining the timing and size of future adjustments to the target range for the federal funds rate the committee will assess realized and expected economic conditions relative to its maximum employment objective and its symmetric # percent inflation objective,18,True
statement_20180613,35,2018-06-13,11,"This assessment will take into account a wide range of information, including measures of labor market conditions, indicators of inflation pressures and inflation expectations, and readings on financial and international developments.",this assessment will take into account a wide range of information including measures of labor market conditions indicators of inflation pressures and inflation expectations and readings on financial and international developments,this assessment will take into account a wide range of information including measures of labor market conditions indicators of inflation pressures and inflation expectations and readings on financial developments,52,True
statement_20180801,36,2018-08-01,6,"The Committee expects that further gradual increases in the target range for the federal funds rate will be consistent with sustained expansion of economic activity, strong labor market conditions, and inflation near the Committee's symmetric 2 percent objective over the medium term.",the committee expects that further gradual increases in the target range for the federal funds rate will be consistent with sustained expansion of economic activity strong labor market conditions and inflation near the committee s symmetric # percent objective over the medium term,the committee expects that further gradual increases in the target range for the federal funds rate will be consistent with sustained expansion of economic activity strong labor market conditions and inflation near the committee s symmetric # percent objective over the medium term,4,True
statement_20180801,36,2018-08-01,10,"In determining the timing and size of future adjustments to the target range for the federal funds rate, the Committee will assess realized and expected economic conditions relative to its maximum employment objective and its symmetric 2 percent inflation objective.",in determining the timing and size of future adjustments to the target range for the federal funds rate the committee will assess realized and expected economic conditions relative to its maximum employment objective and its symmetric # percent inflation objective,in determining the timing and size of future adjustments to the target range for the federal funds rate the committee will assess realized and expected economic conditions relative to its maximum employment objective and its symmetric # percent inflation objective,18,True
statement_20180801,36,2018-08-01,11,"This assessment will take into account a wide range of information, including measures of labor market conditions, indicators of inflation pressures and inflation expectations, and readings on financial and international developments.",this assessment will take into account a wide range of information including measures of labor market conditions indicators of inflation pressures and inflation expectations and readings on financial and international developments,this assessment will take into account a wide range of information including measures of labor market conditions indicators of inflation pressures and inflation expectations and readings on financial developments,52,True
statement_20180926,37,2018-09-26,6,"The Committee expects that further gradual increases in the target range for the federal funds rate will be consistent with sustained expansion of economic activity, strong labor market conditions, and inflation near the Committee's symmetric 2 percent objective over the medium term.",the committee expects that further gradual increases in the target range for the federal funds rate will be consistent with sustained expansion of economic activity strong labor market conditions and inflation near the committee s symmetric # percent objective over the medium term,the committee expects that further gradual increases in the target range for the federal funds rate will be consistent with sustained expansion of economic activity strong labor market conditions and inflation near the committee s symmetric # percent objective over the medium term,4,True
statement_20180926,37,2018-09-26,9,"In determining the timing and size of future adjustments to the target range for the federal funds rate, the Committee will assess realized and expected economic conditions relative to its maximum employment objective and its symmetric 2 percent inflation objective.",in determining the timing and size of future adjustments to the target range for the federal funds rate the committee will assess realized and expected economic conditions relative to its maximum employment objective and its symmetric # percent inflation objective,in determining the timing and size of future adjustments to the target range for the federal funds rate the committee will assess realized and expected economic conditions relative to its maximum employment objective and its symmetric # percent inflation objective,18,True
statement_20180926,37,2018-09-26,10,"This assessment will take into account a wide range of information, including measures of labor market conditions, indicators of inflation pressures and inflation expectations, and readings on financial and international developments.",this assessment will take into account a wide range of information including measures of labor market conditions indicators of inflation pressures and inflation expectations and readings on financial and international developments,this assessment will take into account a wide range of information including measures of labor market conditions indicators of inflation pressures and inflation expectations and readings on financial developments,52,True
statement_20181108,38,2018-11-08,6,"The Committee expects that further gradual increases in the target range for the federal funds rate will be consistent with sustained expansion of economic activity, strong labor market conditions, and inflation near the Committee's symmetric 2 percent objective over the medium term.",the committee expects that further gradual increases in the target range for the federal funds rate will be consistent with sustained expansion of economic activity strong labor market conditions and inflation near the committee s symmetric # percent objective over the medium term,the committee expects that further gradual increases in the target range for the federal funds rate will be consistent with sustained expansion of economic activity strong labor market conditions and inflation near the committee s symmetric # percent objective over the medium term,4,True
statement_20181108,38,2018-11-08,9,"In determining the timing and size of future adjustments to the target range for the federal funds rate, the Committee will assess realized and expected economic conditions relative to its maximum employment objective and its symmetric 2 percent inflation objective.",in determining the timing and size of future adjustments to the target range for the federal funds rate the committee will assess realized and expected economic conditions relative to its maximum employment objective and its symmetric # percent inflation objective,in determining the timing and size of future adjustments to the target range for the federal funds rate the committee will assess realized and expected economic conditions relative to its maximum employment objective and its symmetric # percent inflation objective,18,True
statement_20181108,38,2018-11-08,10,"This assessment will take into account a wide range of information, including measures of labor market conditions, indicators of inflation pressures and inflation expectations, and readings on financial and international developments.",this assessment will take into account a wide range of information including measures of labor market conditions indicators of inflation pressures and inflation expectations and readings on financial and international developments,this assessment will take into account a wide range of information including measures of labor market conditions indicators of inflation pressures and inflation expectations and readings on financial developments,52,True
statement_20181219,39,2018-12-19,6,"The Committee judges that some further gradual increases in the target range for the federal funds rate will be consistent with sustained expansion of economic activity, strong labor market conditions, and inflation near the Committee's symmetric 2 percent objective over the medium term.",the committee judges that some further gradual increases in the target range for the federal funds rate will be consistent with sustained expansion of economic activity strong labor market conditions and inflation near the committee s symmetric # percent objective over the medium term,the committee judges that some further gradual increases in the target range for the federal funds rate will be consistent with sustained expansion of economic activity strong labor market conditions and inflation near the committee s symmetric # percent objective over the medium term,1,False
statement_20181219,39,2018-12-19,7,"The Committee judges that risks to the economic outlook are roughly balanced, but will continue to monitor global economic and financial developments and assess their implications for the economic outlook.",the committee judges that risks to the economic outlook are roughly balanced but will continue to monitor global economic and financial developments and assess their implications for the economic outlook,the committee judges that risks to the economic outlook are roughly balanced but will continue to monitor global economic and financial developments and assess their implications for the economic outlook,1,False
statement_20181219,39,2018-12-19,9,"In determining the timing and size of future adjustments to the target range for the federal funds rate, the Committee will assess realized and expected economic conditions relative to its maximum employment objective and its symmetric 2 percent inflation objective.",in determining the timing and size of future adjustments to the target range for the federal funds rate the committee will assess realized and expected economic conditions relative to its maximum employment objective and its symmetric # percent inflation objective,in determining the timing and size of future adjustments to the target range for the federal funds rate the committee will assess realized and expected economic conditions relative to its maximum employment objective and its symmetric # percent inflation objective,18,True
statement_20181219,39,2018-12-19,10,"This assessment will take into account a wide range of information, including measures of labor market conditions, indicators of inflation pressures and inflation expectations, and readings on financial and international developments.",this assessment will take into account a wide range of information including measures of labor market conditions indicators of inflation pressures and inflation expectations and readings on financial and international developments,this assessment will take into account a wide range of information including measures of labor market conditions indicators of inflation pressures and inflation expectations and readings on financial developments,52,True
statement_20190130,40,2019-01-30,8,"In light of global economic and financial developments and muted inflation pressures, the Committee will be patient as it determines what future adjustments to the target range for the federal funds rate may be appropriate to support these outcomes.",in light of global economic and financial developments and muted inflation pressures the committee will be patient as it determines what future adjustments to the target range for the federal funds rate may be appropriate to support these outcomes,in light of global economic and financial developments and muted inflation pressures the committee will be patient as it determines what future adjustments to the target range for the federal funds rate may be appropriate to support these outcomes,3,True
statement_20190130,40,2019-01-30,9,"In determining the timing and size of future adjustments to the target range for the federal funds rate, the Committee will assess realized and expected economic conditions relative to its maximum employment objective and its symmetric 2 percent inflation objective.",in determining the timing and size of future adjustments to the target range for the federal funds rate the committee will assess realized and expected economic conditions relative to its maximum employment objective and its symmetric # percent inflation objective,in determining the timing and size of future adjustments to the target range for the federal funds rate the committee will assess realized and expected economic conditions relative to its maximum employment objective and its symmetric # percent inflation objective,18,True
statement_20190130,40,2019-01-30,10,"This assessment will take into account a wide range of information, including measures of labor market conditions, indicators of inflation pressures and inflation expectations, and readings on financial and international developments.",this assessment will take into account a wide range of information including measures of labor market conditions indicators of inflation pressures and inflation expectations and readings on financial and international developments,this assessment will take into account a wide range of information including measures of labor market conditions indicators of inflation pressures and inflation expectations and readings on financial developments,52,True
statement_20190320,41,2019-03-20,8,"In light of global economic and financial developments and muted inflation pressures, the Committee will be patient as it determines what future adjustments to the target range for the federal funds rate may be appropriate to support these outcomes.",in light of global economic and financial developments and muted inflation pressures the committee will be patient as it determines what future adjustments to the target range for the federal funds rate may be appropriate to support these outcomes,in light of global economic and financial developments and muted inflation pressures the committee will be patient as it determines what future adjustments to the target range for the federal funds rate may be appropriate to support these outcomes,3,True
statement_20190320,41,2019-03-20,9,"In determining the timing and size of future adjustments to the target range for the federal funds rate, the Committee will assess realized and expected economic conditions relative to its maximum employment objective and its symmetric 2 percent inflation objective.",in determining the timing and size of future adjustments to the target range for the federal funds rate the committee will assess realized and expected economic conditions relative to its maximum employment objective and its symmetric # percent inflation objective,in determining the timing and size of future adjustments to the target range for the federal funds rate the committee will assess realized and expected economic conditions relative to its maximum employment objective and its symmetric # percent inflation objective,18,True
statement_20190320,41,2019-03-20,10,"This assessment will take into account a wide range of information, including measures of labor market conditions, indicators of inflation pressures and inflation expectations, and readings on financial and international developments.",this assessment will take into account a wide range of information including measures of labor market conditions indicators of inflation pressures and inflation expectations and readings on financial and international developments,this assessment will take into account a wide range of information including measures of labor market conditions indicators of inflation pressures and inflation expectations and readings on financial developments,52,True
statement_20190501,42,2019-05-01,8,"In light of global economic and financial developments and muted inflation pressures, the Committee will be patient as it determines what future adjustments to the target range for the federal funds rate may be appropriate to support these outcomes.",in light of global economic and financial developments and muted inflation pressures the committee will be patient as it determines what future adjustments to the target range for the federal funds rate may be appropriate to support these outcomes,in light of global economic and financial developments and muted inflation pressures the committee will be patient as it determines what future adjustments to the target range for the federal funds rate may be appropriate to support these outcomes,3,True
statement_20190501,42,2019-05-01,9,"In determining the timing and size of future adjustments to the target range for the federal funds rate, the Committee will assess realized and expected economic conditions relative to its maximum employment objective and its symmetric 2 percent inflation objective.",in determining the timing and size of future adjustments to the target range for the federal funds rate the committee will assess realized and expected economic conditions relative to its maximum employment objective and its symmetric # percent inflation objective,in determining the timing and size of future adjustments to the target range for the federal funds rate the committee will assess realized and expected economic conditions relative to its maximum employment objective and its symmetric # percent inflation objective,18,True
statement_20190501,42,2019-05-01,10,"This assessment will take into account a wide range of information, including measures of labor market conditions, indicators of inflation pressures and inflation expectations, and readings on financial and international developments.",this assessment will take into account a wide range of information including measures of labor market conditions indicators of inflation pressures and inflation expectations and readings on financial and international developments,this assessment will take into account a wide range of information including measures of labor market conditions indicators of inflation pressures and inflation expectations and readings on financial developments,52,True
statement_20190619,43,2019-06-19,8,"In light of these uncertainties and muted inflation pressures, the Committee will closely monitor the implications of incoming information for the economic outlook and will act as appropriate to sustain the expansion, with a strong labor market and inflation near its symmetric 2 percent objective.",in light of these uncertainties and muted inflation pressures the committee will closely monitor the implications of incoming information for the economic outlook and will act as appropriate to sustain the expansion with a strong labor market and inflation near its symmetric # percent objective,in light of these uncertainties and muted inflation pressures the committee will closely monitor the implications of incoming information for the economic outlook and will act as appropriate to sustain the expansion with a strong labor market and inflation near its symmetric # percent objective,1,False
statement_20190619,43,2019-06-19,9,"In determining the timing and size of future adjustments to the target range for the federal funds rate, the Committee will assess realized and expected economic conditions relative to its maximum employment objective and its symmetric 2 percent inflation objective.",in determining the timing and size of future adjustments to the target range for the federal funds rate the committee will assess realized and expected economic conditions relative to its maximum employment objective and its symmetric # percent inflation objective,in determining the timing and size of future adjustments to the target range for the federal funds rate the committee will assess realized and expected economic conditions relative to its maximum employment objective and its symmetric # percent inflation objective,18,True
statement_20190619,43,2019-06-19,10,"This assessment will take into account a wide range of information, including measures of labor market conditions, indicators of inflation pressures and inflation expectations, and readings on financial and international developments.",this assessment will take into account a wide range of information including measures of labor market conditions indicators of inflation pressures and inflation expectations and readings on financial and international developments,this assessment will take into account a wide range of information including measures of labor market conditions indicators of inflation pressures and inflation expectations and readings on financial developments,52,True
statement_20190731,44,2019-07-31,8,"As the Committee contemplates the future path of the target range for the federal funds rate, it will continue to monitor the implications of incoming information for the economic outlook and will act as appropriate to sustain the expansion, with a strong labor market and inflation near its symmetric 2 percent objective.",as the committee contemplates the future path of the target range for the federal funds rate it will continue to monitor the implications of incoming information for the economic outlook and will act as appropriate to sustain the expansion with a strong labor market and inflation near its symmetric # percent objective,as the committee contemplates the future path of the target range for the federal funds rate it will continue to monitor the implications of incoming information for the economic outlook and will act as appropriate to sustain the expansion with a strong labor market and inflation near its symmetric # percent objective,2,False
statement_20190731,44,2019-07-31,9,"In determining the timing and size of future adjustments to the target range for the federal funds rate, the Committee will assess realized and expected economic conditions relative to its maximum employment objective and its symmetric 2 percent inflation objective.",in determining the timing and size of future adjustments to the target range for the federal funds rate the committee will assess realized and expected economic conditions relative to its maximum employment objective and its symmetric # percent inflation objective,in determining the timing and size of future adjustments to the target range for the federal funds rate the committee will assess realized and expected economic conditions relative to its maximum employment objective and its symmetric # percent inflation objective,18,True
statement_20190731,44,2019-07-31,10,"This assessment will take into account a wide range of information, including measures of labor market conditions, indicators of inflation pressures and inflation expectations, and readings on financial and international developments.",this assessment will take into account a wide range of information including measures of labor market conditions indicators of inflation pressures and inflation expectations and readings on financial and international developments,this assessment will take into account a wide range of information including measures of labor market conditions indicators of inflation pressures and inflation expectations and readings on financial developments,52,True
statement_20190731,44,2019-07-31,11,"The Committee will conclude the reduction of its aggregate securities holdings in the System Open Market Account in August, two months earlier than previously indicated.",the committee will conclude the reduction of its aggregate securities holdings in the system open market account in august two months earlier than previously indicated,the committee will conclude the reduction of its aggregate securities holdings in the system open market account in august two months earlier than previously indicated,1,False
statement_20190918,45,2019-09-18,8,"As the Committee contemplates the future path of the target range for the federal funds rate, it will continue to monitor the implications of incoming information for the economic outlook and will act as appropriate to sustain the expansion, with a strong labor market and inflation near its symmetric 2 percent objective.",as the committee contemplates the future path of the target range for the federal funds rate it will continue to monitor the implications of incoming information for the economic outlook and will act as appropriate to sustain the expansion with a strong labor market and inflation near its symmetric # percent objective,as the committee contemplates the future path of the target range for the federal funds rate it will continue to monitor the implications of incoming information for the economic outlook and will act as appropriate to sustain the expansion with a strong labor market and inflation near its symmetric # percent objective,2,False
statement_20190918,45,2019-09-18,9,"In determining the timing and size of future adjustments to the target range for the federal funds rate, the Committee will assess realized and expected economic conditions relative to its maximum employment objective and its symmetric 2 percent inflation objective.",in determining the timing and size of future adjustments to the target range for the federal funds rate the committee will assess realized and expected economic conditions relative to its maximum employment objective and its symmetric # percent inflation objective,in determining the timing and size of future adjustments to the target range for the federal funds rate the committee will assess realized and expected economic conditions relative to its maximum employment objective and its symmetric # percent inflation objective,18,True
statement_20190918,45,2019-09-18,10,"This assessment will take into account a wide range of information, including measures of labor market conditions, indicators of inflation pressures and inflation expectations, and readings on financial and international developments.",this assessment will take into account a wide range of information including measures of labor market conditions indicators of inflation pressures and inflation expectations and readings on financial and international developments,this assessment will take into account a wide range of information including measures of labor market conditions indicators of inflation pressures and inflation expectations and readings on financial developments,52,True
statement_20191030,46,2019-10-30,8,The Committee will continue to monitor the implications of incoming information for the economic outlook as it assesses the appropriate path of the target range for the federal funds rate.,the committee will continue to monitor the implications of incoming information for the economic outlook as it assesses the appropriate path of the target range for the federal funds rate,the committee will continue to monitor the implications of incoming information for the economic outlook as it assesses the appropriate path of the target range for the federal funds rate,1,False
statement_20191030,46,2019-10-30,9,"In determining the timing and size of future adjustments to the target range for the federal funds rate, the Committee will assess realized and expected economic conditions relative to its maximum employment objective and its symmetric 2 percent inflation objective.",in determining the timing and size of future adjustments to the target range for the federal funds rate the committee will assess realized and expected economic conditions relative to its maximum employment objective and its symmetric # percent inflation objective,in determining the timing and size of future adjustments to the target range for the federal funds rate the committee will assess realized and expected economic conditions relative to its maximum employment objective and its symmetric # percent inflation objective,18,True
statement_20191030,46,2019-10-30,10,"This assessment will take into account a wide range of information, including measures of labor market conditions, indicators of inflation pressures and inflation expectations, and readings on financial and international developments.",this assessment will take into account a wide range of information including measures of labor market conditions indicators of inflation pressures and inflation expectations and readings on financial and international developments,this assessment will take into account a wide range of information including measures of labor market conditions indicators of inflation pressures and inflation expectations and readings on financial developments,52,True
statement_20191211,47,2019-12-11,8,"The Committee will continue to monitor the implications of incoming information for the economic outlook, including global developments and muted inflation pressures, as it assesses the appropriate path of the target range for the federal funds rate.",the committee will continue to monitor the implications of incoming information for the economic outlook including global developments and muted inflation pressures as it assesses the appropriate path of the target range for the federal funds rate,the committee will continue to monitor the implications of incoming information for the economic outlook including global developments and muted inflation pressures as it assesses the appropriate path of the target range for the federal funds rate,2,False
statement_20191211,47,2019-12-11,9,"In determining the timing and size of future adjustments to the target range for the federal funds rate, the Committee will assess realized and expected economic conditions relative to its maximum employment objective and its symmetric 2 percent inflation objective.",in determining the timing and size of future adjustments to the target range for the federal funds rate the committee will assess realized and expected economic conditions relative to its maximum employment objective and its symmetric # percent inflation objective,in determining the timing and size of future adjustments to the target range for the federal funds rate the committee will assess realized and expected economic conditions relative to its maximum employment objective and its symmetric # percent inflation objective,18,True
statement_20191211,47,2019-12-11,10,"This assessment will take into account a wide range of information, including measures of labor market conditions, indicators of inflation pressures and inflation expectations, and readings on financial and international developments.",this assessment will take into account a wide range of information including measures of labor market conditions indicators of inflation pressures and inflation expectations and readings on financial and international developments,this assessment will take into account a wide range of information including measures of labor market conditions indicators of inflation pressures and inflation expectations and readings on financial developments,52,True
statement_20200129,48,2020-01-29,8,"The Committee will continue to monitor the implications of incoming information for the economic outlook, including global developments and muted inflation pressures, as it assesses the appropriate path of the target range for the federal funds rate.",the committee will continue to monitor the implications of incoming information for the economic outlook including global developments and muted inflation pressures as it assesses the appropriate path of the target range for the federal funds rate,the committee will continue to monitor the implications of incoming information for the economic outlook including global developments and muted inflation pressures as it assesses the appropriate path of the target range for the federal funds rate,2,False
statement_20200129,48,2020-01-29,9,"In determining the timing and size of future adjustments to the target range for the federal funds rate, the Committee will assess realized and expected economic conditions relative to its maximum employment objective and its symmetric 2 percent inflation objective.",in determining the timing and size of future adjustments to the target range for the federal funds rate the committee will assess realized and expected economic conditions relative to its maximum employment objective and its symmetric # percent inflation objective,in determining the timing and size of future adjustments to the target range for the federal funds rate the committee will assess realized and expected economic conditions relative to its maximum employment objective and its symmetric # percent inflation objective,18,True
statement_20200129,48,2020-01-29,10,"This assessment will take into account a wide range of information, including measures of labor market conditions, indicators of inflation pressures and inflation expectations, and readings on financial and international developments.",this assessment will take into account a wide range of information including measures of labor market conditions indicators of inflation pressures and inflation expectations and readings on financial and international developments,this assessment will take into account a wide range of information including measures of labor market conditions indicators of inflation pressures and inflation expectations and readings on financial developments,52,True
statement_20200303,49,2020-03-03,3,The Committee is closely monitoring developments and their implications for the economic outlook and will use its tools and act as appropriate to support the economy.,the committee is closely monitoring developments and their implications for the economic outlook and will use its tools and act as appropriate to support the economy,the committee is closely monitoring developments and their implications for the economic outlook and will use its tools and act as appropriate to support the economy,1,False
statement_20200315,50,2020-03-15,10,The effects of the coronavirus will weigh on economic activity in the near term and pose risks to the economic outlook.,the effects of the coronavirus will weigh on economic activity in the near term and pose risks to the economic outlook,the effects of the coronavirus will weigh on economic activity in the near term and pose risks to the economic outlook,1,False
statement_20200315,50,2020-03-15,13,"This action will help support economic activity, strong labor market conditions, and inflation returning to the Committee's symmetric 2 percent objective.",this action will help support economic activity strong labor market conditions and inflation returning to the committee s symmetric # percent objective,this action will help support economic activity strong labor market conditions and inflation returning to the committee s symmetric # percent objective,1,False
statement_20200315,50,2020-03-15,14,"The Committee will continue to monitor the implications of incoming information for the economic outlook, including information related to public health, as well as global developments and muted inflation pressures, and will use its tools and act as appropriate to support the economy.",the committee will continue to monitor the implications of incoming information for the economic outlook including information related to public health as well as global developments and muted inflation pressures and will use its tools and act as appropriate to support the economy,the committee will continue to monitor the implications of incoming information for the economic outlook including information related to public health as well as global developments and muted inflation pressures and will use its tools and act as appropriate to support the economy,4,True
statement_20200315,50,2020-03-15,15,"In determining the timing and size of future adjustments to the stance of monetary policy, the Committee will assess realized and expected economic conditions relative to its maximum employment objective and its symmetric 2 percent inflation objective.",in determining the timing and size of future adjustments to the stance of monetary policy the committee will assess realized and expected economic conditions relative to its maximum employment objective and its symmetric # percent inflation objective,in determining the timing and size of future adjustments to the target range for the federal funds rate the committee will assess realized and expected economic conditions relative to its maximum employment objective and its symmetric # percent inflation objective,18,True
statement_20200315,50,2020-03-15,16,"This assessment will take into account a wide range of information, including measures of labor market conditions, indicators of inflation pressures and inflation expectations, and readings on financial and international developments.",this assessment will take into account a wide range of information including measures of labor market conditions indicators of inflation pressures and inflation expectations and readings on financial and international developments,this assessment will take into account a wide range of information including measures of labor market conditions indicators of inflation pressures and inflation expectations and readings on financial developments,52,True
statement_20200315,50,2020-03-15,18,"To support the smooth functioning of markets for Treasury securities and agency mortgage-backed securities that are central to the flow of credit to households and businesses, over coming months the Committee will increase its holdings of Treasury securities by at least $500 billion and its holdings of agency mortgage-backed securities by at least $200 billion.",to support the smooth functioning of markets for treasury securities and agency mortgage backed securities that are central to the flow of credit to households and businesses over coming months the committee will increase its holdings of treasury securities by at least # billion and its holdings of agency mortgage backed securities by at least # billion,to support the smooth functioning of markets for treasury securities and agency mortgage backed securities that are central to the flow of credit to households and businesses over coming months the committee will increase its holdings of treasury securities by at least # billion and its holdings of agency mortgage backed securities by at least # billion,1,False
statement_20200315,50,2020-03-15,19,The Committee will also reinvest all principal payments from the Federal Reserve's holdings of agency debt and agency mortgage-backed securities in agency mortgage-backed securities.,the committee will also reinvest all principal payments from the federal reserve s holdings of agency debt and agency mortgage backed securities in agency mortgage backed securities,the committee will also reinvest all principal payments from the federal reserve s holdings of agency debt and agency mortgage backed securities in agency mortgage backed securities,1,False
statement_20200315,50,2020-03-15,21,The Committee will continue to closely monitor market conditions and is prepared to adjust its plans as appropriate.,the committee will continue to closely monitor market conditions and is prepared to adjust its plans as appropriate,the committee will continue to closely monitor market conditions and is prepared to adjust its plans as appropriate,1,False
statement_20200315,50,2020-03-15,25,More information can be found on the Federal Reserve Board's website .,more information can be found on the federal reserve board s website,more information can be found on the federal reserve board s website,2,False
statement_20200323,51,2020-03-23,2,The Federal Reserve will continue to purchase Treasury securities and agency mortgage-backed securities in the amounts needed to support smooth market functioning and effective transmission of monetary policy to broader financial conditions.,the federal reserve will continue to purchase treasury securities and agency mortgage backed securities in the amounts needed to support smooth market functioning and effective transmission of monetary policy to broader financial conditions,the federal reserve will continue to purchase treasury securities and agency mortgage backed securities in the amounts needed to support smooth market functioning and effective transmission of monetary policy to broader financial conditions,1,False
statement_20200323,51,2020-03-23,3,The Committee will include purchases of agency commercial mortgage-backed securities in its agency mortgage-backed security purchases.,the committee will include purchases of agency commercial mortgage backed securities in its agency mortgage backed security purchases,the committee will include purchases of agency commercial mortgage backed securities in its agency mortgage backed security purchases,1,False
statement_20200323,51,2020-03-23,4,"In addition, the Open Market Desk will continue to offer large-scale overnight and term repurchase agreement operations.",in addition the open market desk will continue to offer large scale overnight and term repurchase agreement operations,in addition the open market desk will continue to offer large scale overnight and term repurchase agreement operations,4,True
statement_20200323,51,2020-03-23,5,"The Committee will continue to closely monitor market conditions, and will assess the appropriate pace of its securities purchases at future meetings.",the committee will continue to closely monitor market conditions and will assess the appropriate pace of its securities purchases at future meetings,the committee will continue to closely monitor market conditions and will assess the appropriate pace of its securities purchases at future meetings,1,False
statement_20200323,51,2020-03-23,8,More information can be found on the Federal Reserve Board's website .,more information can be found on the federal reserve board s website,more information can be found on the federal reserve board s website,2,False
statement_20200323,51,2020-03-23,17,""" More information regarding open market operations and reinvestments may be found on the Federal Reserve Bank of New York's website .",more information regarding open market operations and reinvestments may be found on the federal reserve bank of new york s website,more information regarding open market operations and reinvestments may be found on the federal reserve bank of new york s website,1,False
statement_20200429,52,2020-04-29,5,"The ongoing public health crisis will weigh heavily on economic activity, employment, and inflation in the near term, and poses considerable risks to the economic outlook over the medium term.",the ongoing public health crisis will weigh heavily on economic activity employment and inflation in the near term and poses considerable risks to the economic outlook over the medium term,the ongoing public health crisis will weigh heavily on economic activity employment and inflation in the near term and poses considerable risks to the economic outlook over the medium term,6,True
statement_20200429,52,2020-04-29,8,"The Committee will continue to monitor the implications of incoming information for the economic outlook, including information related to public health, as well as global developments and muted inflation pressures, and will use its tools and act as appropriate to support the economy.",the committee will continue to monitor the implications of incoming information for the economic outlook including information related to public health as well as global developments and muted inflation pressures and will use its tools and act as appropriate to support the economy,the committee will continue to monitor the implications of incoming information for the economic outlook including information related to public health as well as global developments and muted inflation pressures and will use its tools and act as appropriate to support the economy,4,True
statement_20200429,52,2020-04-29,9,"In determining the timing and size of future adjustments to the stance of monetary policy, the Committee will assess realized and expected economic conditions relative to its maximum employment objective and its symmetric 2 percent inflation objective.",in determining the timing and size of future adjustments to the stance of monetary policy the committee will assess realized and expected economic conditions relative to its maximum employment objective and its symmetric # percent inflation objective,in determining the timing and size of future adjustments to the target range for the federal funds rate the committee will assess realized and expected economic conditions relative to its maximum employment objective and its symmetric # percent inflation objective,18,True
statement_20200429,52,2020-04-29,10,"This assessment will take into account a wide range of information, including measures of labor market conditions, indicators of inflation pressures and inflation expectations, and readings on financial and international developments.",this assessment will take into account a wide range of information including measures of labor market conditions indicators of inflation pressures and inflation expectations and readings on financial and international developments,this assessment will take into account a wide range of information including measures of labor market conditions indicators of inflation pressures and inflation expectations and readings on financial developments,52,True
statement_20200429,52,2020-04-29,11,"To support the flow of credit to households and businesses, the Federal Reserve will continue to purchase Treasury securities and agency residential and commercial mortgage-backed securities in the amounts needed to support smooth market functioning, thereby fostering effective transmission of monetary policy to broader financial conditions.",to support the flow of credit to households and businesses the federal reserve will continue to purchase treasury securities and agency residential and commercial mortgage backed securities in the amounts needed to support smooth market functioning thereby fostering effective transmission of monetary policy to broader financial conditions,to support the flow of credit to households and businesses the federal reserve will continue to purchase treasury securities and agency residential and commercial mortgage backed securities in the amounts needed to support smooth market functioning thereby fostering effective transmission of monetary policy to broader financial conditions,1,False
statement_20200429,52,2020-04-29,12,"In addition, the Open Market Desk will continue to offer large-scale overnight and term repurchase agreement operations.",in addition the open market desk will continue to offer large scale overnight and term repurchase agreement operations,in addition the open market desk will continue to offer large scale overnight and term repurchase agreement operations,4,True
statement_20200429,52,2020-04-29,13,"The Committee will closely monitor market conditions and is prepared to adjust its plans as appropriate. Voting for the monetary policy action were Jerome H. Powell, Chair; John C. Williams, Vice Chair; Michelle W. Bowman; Lael Brainard; Richard H. Clarida; Patrick Harker; Robert S. Kaplan; Neel Kashkari; Loretta J. Mester; and Randal K. Quarles.",the committee will closely monitor market conditions and is prepared to adjust its plans as appropriate voting for the monetary policy action were jerome h powell chair john c williams vice chair michelle w bowman lael brainard richard h clarida patrick harker robert s kaplan neel kashkari loretta j mester and randal k quarles,the committee will closely monitor market conditions and is prepared to adjust its plans as appropriate voting for the monetary policy action were jerome h powell chair john c williams vice chair michelle w bowman lael brainard richard h clarida patrick harker robert s kaplan neel kashkari loretta j mester and randal k quarles,3,True
statement_20200610,53,2020-06-10,5,"The ongoing public health crisis will weigh heavily on economic activity, employment, and inflation in the near term, and poses considerable risks to the economic outlook over the medium term.",the ongoing public health crisis will weigh heavily on economic activity employment and inflation in the near term and poses considerable risks to the economic outlook over the medium term,the ongoing public health crisis will weigh heavily on economic activity employment and inflation in the near term and poses considerable risks to the economic outlook over the medium term,6,True
statement_20200610,53,2020-06-10,8,"The Committee will continue to monitor the implications of incoming information for the economic outlook, including information related to public health, as well as global developments and muted inflation pressures, and will use its tools and act as appropriate to support the economy.",the committee will continue to monitor the implications of incoming information for the economic outlook including information related to public health as well as global developments and muted inflation pressures and will use its tools and act as appropriate to support the economy,the committee will continue to monitor the implications of incoming information for the economic outlook including information related to public health as well as global developments and muted inflation pressures and will use its tools and act as appropriate to support the economy,4,True
statement_20200610,53,2020-06-10,9,"In determining the timing and size of future adjustments to the stance of monetary policy, the Committee will assess realized and expected economic conditions relative to its maximum employment objective and its symmetric 2 percent inflation objective.",in determining the timing and size of future adjustments to the stance of monetary policy the committee will assess realized and expected economic conditions relative to its maximum employment objective and its symmetric # percent inflation objective,in determining the timing and size of future adjustments to the target range for the federal funds rate the committee will assess realized and expected economic conditions relative to its maximum employment objective and its symmetric # percent inflation objective,18,True
statement_20200610,53,2020-06-10,10,"This assessment will take into account a wide range of information, including measures of labor market conditions, indicators of inflation pressures and inflation expectations, and readings on financial and international developments.",this assessment will take into account a wide range of information including measures of labor market conditions indicators of inflation pressures and inflation expectations and readings on financial and international developments,this assessment will take into account a wide range of information including measures of labor market conditions indicators of inflation pressures and inflation expectations and readings on financial developments,52,True
statement_20200610,53,2020-06-10,11,"To support the flow of credit to households and businesses, over coming months the Federal Reserve will increase its holdings of Treasury securities and agency residential and commercial mortgage-backed securities at least at the current pace to sustain smooth market functioning, thereby fostering effective transmission of monetary policy to broader financial conditions.",to support the flow of credit to households and businesses over coming months the federal reserve will increase its holdings of treasury securities and agency residential and commercial mortgage backed securities at least at the current pace to sustain smooth market functioning thereby fostering effective transmission of monetary policy to broader financial conditions,to support the flow of credit to households and businesses over coming months the federal reserve will increase its holdings of treasury securities and agency residential and commercial mortgage backed securities at least at the current pace to sustain smooth market functioning thereby fostering effective transmission of monetary policy to broader financial conditions,2,False
statement_20200610,53,2020-06-10,12,"In addition, the Open Market Desk will continue to offer large-scale overnight and term repurchase agreement operations.",in addition the open market desk will continue to offer large scale overnight and term repurchase agreement operations,in addition the open market desk will continue to offer large scale overnight and term repurchase agreement operations,4,True
statement_20200610,53,2020-06-10,13,"The Committee will closely monitor developments and is prepared to adjust its plans as appropriate. Voting for the monetary policy action were Jerome H. Powell, Chair; John C. Williams, Vice Chair; Michelle W. Bowman; Lael Brainard; Richard H. Clarida; Patrick Harker; Robert S. Kaplan; Neel Kashkari; Loretta J. Mester; and Randal K. Quarles.",the committee will closely monitor developments and is prepared to adjust its plans as appropriate voting for the monetary policy action were jerome h powell chair john c williams vice chair michelle w bowman lael brainard richard h clarida patrick harker robert s kaplan neel kashkari loretta j mester and randal k quarles,the committee will closely monitor market conditions and is prepared to adjust its plans as appropriate voting for the monetary policy action were jerome h powell chair john c williams vice chair michelle w bowman lael brainard richard h clarida patrick harker robert s kaplan neel kashkari loretta j mester and randal k quarles,3,True
statement_20200729,54,2020-07-29,5,The path of the economy will depend significantly on the course of the virus.,the path of the economy will depend significantly on the course of the virus,the path of the economy will depend significantly on the course of the virus,5,True
statement_20200729,54,2020-07-29,6,"The ongoing public health crisis will weigh heavily on economic activity, employment, and inflation in the near term, and poses considerable risks to the economic outlook over the medium term.",the ongoing public health crisis will weigh heavily on economic activity employment and inflation in the near term and poses considerable risks to the economic outlook over the medium term,the ongoing public health crisis will weigh heavily on economic activity employment and inflation in the near term and poses considerable risks to the economic outlook over the medium term,6,True
statement_20200729,54,2020-07-29,9,"The Committee will continue to monitor the implications of incoming information for the economic outlook, including information related to public health, as well as global developments and muted inflation pressures, and will use its tools and act as appropriate to support the economy.",the committee will continue to monitor the implications of incoming information for the economic outlook including information related to public health as well as global developments and muted inflation pressures and will use its tools and act as appropriate to support the economy,the committee will continue to monitor the implications of incoming information for the economic outlook including information related to public health as well as global developments and muted inflation pressures and will use its tools and act as appropriate to support the economy,4,True
statement_20200729,54,2020-07-29,10,"In determining the timing and size of future adjustments to the stance of monetary policy, the Committee will assess realized and expected economic conditions relative to its maximum employment objective and its symmetric 2 percent inflation objective.",in determining the timing and size of future adjustments to the stance of monetary policy the committee will assess realized and expected economic conditions relative to its maximum employment objective and its symmetric # percent inflation objective,in determining the timing and size of future adjustments to the target range for the federal funds rate the committee will assess realized and expected economic conditions relative to its maximum employment objective and its symmetric # percent inflation objective,18,True
statement_20200729,54,2020-07-29,11,"This assessment will take into account a wide range of information, including measures of labor market conditions, indicators of inflation pressures and inflation expectations, and readings on financial and international developments.",this assessment will take into account a wide range of information including measures of labor market conditions indicators of inflation pressures and inflation expectations and readings on financial and international developments,this assessment will take into account a wide range of information including measures of labor market conditions indicators of inflation pressures and inflation expectations and readings on financial developments,52,True
statement_20200729,54,2020-07-29,12,"To support the flow of credit to households and businesses, over coming months the Federal Reserve will increase its holdings of Treasury securities and agency residential and commercial mortgage-backed securities at least at the current pace to sustain smooth market functioning, thereby fostering effective transmission of monetary policy to broader financial conditions.",to support the flow of credit to households and businesses over coming months the federal reserve will increase its holdings of treasury securities and agency residential and commercial mortgage backed securities at least at the current pace to sustain smooth market functioning thereby fostering effective transmission of monetary policy to broader financial conditions,to support the flow of credit to households and businesses over coming months the federal reserve will increase its holdings of treasury securities and agency residential and commercial mortgage backed securities at least at the current pace to sustain smooth market functioning thereby fostering effective transmission of monetary policy to broader financial conditions,2,False
statement_20200729,54,2020-07-29,13,"In addition, the Open Market Desk will continue to offer large-scale overnight and term repurchase agreement operations.",in addition the open market desk will continue to offer large scale overnight and term repurchase agreement operations,in addition the open market desk will continue to offer large scale overnight and term repurchase agreement operations,4,True
statement_20200729,54,2020-07-29,14,"The Committee will closely monitor developments and is prepared to adjust its plans as appropriate. Voting for the monetary policy action were Jerome H. Powell, Chair; John C. Williams, Vice Chair; Michelle W. Bowman; Lael Brainard; Richard H. Clarida; Patrick Harker; Robert S. Kaplan; Neel Kashkari; Loretta J. Mester; and Randal K. Quarles.",the committee will closely monitor developments and is prepared to adjust its plans as appropriate voting for the monetary policy action were jerome h powell chair john c williams vice chair michelle w bowman lael brainard richard h clarida patrick harker robert s kaplan neel kashkari loretta j mester and randal k quarles,the committee will closely monitor market conditions and is prepared to adjust its plans as appropriate voting for the monetary policy action were jerome h powell chair john c williams vice chair michelle w bowman lael brainard richard h clarida patrick harker robert s kaplan neel kashkari loretta j mester and randal k quarles,3,True
statement_20200916,55,2020-09-16,5,The path of the economy will depend significantly on the course of the virus.,the path of the economy will depend significantly on the course of the virus,the path of the economy will depend significantly on the course of the virus,5,True
statement_20200916,55,2020-09-16,6,"The ongoing public health crisis will continue to weigh on economic activity, employment, and inflation in the near term, and poses considerable risks to the economic outlook over the medium term.",the ongoing public health crisis will continue to weigh on economic activity employment and inflation in the near term and poses considerable risks to the economic outlook over the medium term,the ongoing public health crisis will weigh heavily on economic activity employment and inflation in the near term and poses considerable risks to the economic outlook over the medium term,6,True
statement_20200916,55,2020-09-16,8,"With inflation running persistently below this longer-run goal, the Committee will aim to achieve inflation moderately above 2 percent for some time so that inflation averages 2 percent over time and longer-term inflation expectations remain well anchored at 2 percent.",with inflation running persistently below this longer run goal the committee will aim to achieve inflation moderately above # percent for some time so that inflation averages # percent over time and longer term inflation expectations remain well anchored at # percent,with inflation running persistently below this longer run goal the committee will aim to achieve inflation moderately above # percent for some time so that inflation averages # percent over time and longer term inflation expectations remain well anchored at # percent,10,True
statement_20200916,55,2020-09-16,10,The Committee decided to keep the target range for the federal funds rate at 0 to 1/4 percent and expects it will be appropriate to maintain this target range until labor market conditions have reached levels consistent with the Committee's assessments of maximum employment and inflation has risen to 2 percent and is on track to moderately exceed 2 percent for some time.,the committee decided to keep the target range for the federal funds rate at # to # # percent and expects it will be appropriate to maintain this target range until labor market conditions have reached levels consistent with the committee s assessments of maximum employment and inflation has risen to # percent and is on track to moderately exceed # percent for some time,the committee decided to keep the target range for the federal funds rate at # to # # percent and expects it will be appropriate to maintain this target range until labor market conditions have reached levels consistent with the committee s assessments of maximum employment and inflation has risen to # percent and is on track to moderately exceed # percent for some time,10,True
statement_20200916,55,2020-09-16,11,"In addition, over coming months the Federal Reserve will increase its holdings of Treasury securities and agency mortgage-backed securities at least at the current pace to sustain smooth market functioning and help foster accommodative financial conditions, thereby supporting the flow of credit to households and businesses.",in addition over coming months the federal reserve will increase its holdings of treasury securities and agency mortgage backed securities at least at the current pace to sustain smooth market functioning and help foster accommodative financial conditions thereby supporting the flow of credit to households and businesses,in addition over coming months the federal reserve will increase its holdings of treasury securities and agency mortgage backed securities at least at the current pace to sustain smooth market functioning and help foster accommodative financial conditions thereby supporting the flow of credit to households and businesses,2,False
statement_20200916,55,2020-09-16,12,"In assessing the appropriate stance of monetary policy, the Committee will continue to monitor the implications of incoming information for the economic outlook.",in assessing the appropriate stance of monetary policy the committee will continue to monitor the implications of incoming information for the economic outlook,in assessing the appropriate stance of monetary policy the committee will continue to monitor the implications of incoming information for the economic outlook,46,True
statement_20200916,55,2020-09-16,13,The Committee would be prepared to adjust the stance of monetary policy as appropriate if risks emerge that could impede the attainment of the Committee's goals.,the committee would be prepared to adjust the stance of monetary policy as appropriate if risks emerge that could impede the attainment of the committee s goals,the committee would be prepared to adjust the stance of monetary policy as appropriate if risks emerge that could impede the attainment of the committee s goals,46,True
statement_20200916,55,2020-09-16,14,"The Committee's assessments will take into account a wide range of information, including readings on public health, labor market conditions, inflation pressures and inflation expectations, and financial and international developments.",the committee s assessments will take into account a wide range of information including readings on public health labor market conditions inflation pressures and inflation expectations and financial and international developments,the committee s assessments will take into account a wide range of information including readings on public health labor market conditions inflation pressures and inflation expectations and financial and international developments,46,True
statement_20200916,55,2020-09-16,16,"Voting against the action were Robert S. Kaplan, who expects that it will be appropriate to maintain the current target range until the Committee is confident that the economy has weathered recent events and is on track to achieve its maximum employment and price stability goals as articulated in its new policy strategy statement, but prefers that the Committee retain greater policy rate flexibility beyond that point; and Neel Kashkari, who prefers that the Committee indicate that it expects to maintain the current target range until core inflation has reached 2 percent on a sustained basis.",voting against the action were robert s kaplan who expects that it will be appropriate to maintain the current target range until the committee is confident that the economy has weathered recent events and is on track to achieve its maximum employment and price stability goals as articulated in its new policy strategy statement but prefers that the committee retain greater policy rate flexibility beyond that point and neel kashkari who prefers that the committee indicate that it expects to maintain the current target range until core inflation has reached # percent on a sustained basis,voting against the action were robert s kaplan who expects that it will be appropriate to maintain the current target range until the committee is confident that the economy has weathered recent events and is on track to achieve its maximum employment and price stability goals as articulated in its new policy strategy statement but prefers that the committee retain greater policy rate flexibility beyond that point and neel kashkari who prefers that the committee indicate that it expects to maintain the current target range until core inflation has reached # percent on a sustained basis,1,False
statement_20201105,56,2020-11-05,5,The path of the economy will depend significantly on the course of the virus.,the path of the economy will depend significantly on the course of the virus,the path of the economy will depend significantly on the course of the virus,5,True
statement_20201105,56,2020-11-05,6,"The ongoing public health crisis will continue to weigh on economic activity, employment, and inflation in the near term, and poses considerable risks to the economic outlook over the medium term.",the ongoing public health crisis will continue to weigh on economic activity employment and inflation in the near term and poses considerable risks to the economic outlook over the medium term,the ongoing public health crisis will weigh heavily on economic activity employment and inflation in the near term and poses considerable risks to the economic outlook over the medium term,6,True
statement_20201105,56,2020-11-05,8,"With inflation running persistently below this longer-run goal, the Committee will aim to achieve inflation moderately above 2 percent for some time so that inflation averages 2 percent over time and longer-term inflation expectations remain well anchored at 2 percent.",with inflation running persistently below this longer run goal the committee will aim to achieve inflation moderately above # percent for some time so that inflation averages # percent over time and longer term inflation expectations remain well anchored at # percent,with inflation running persistently below this longer run goal the committee will aim to achieve inflation moderately above # percent for some time so that inflation averages # percent over time and longer term inflation expectations remain well anchored at # percent,10,True
statement_20201105,56,2020-11-05,10,The Committee decided to keep the target range for the federal funds rate at 0 to 1/4 percent and expects it will be appropriate to maintain this target range until labor market conditions have reached levels consistent with the Committee's assessments of maximum employment and inflation has risen to 2 percent and is on track to moderately exceed 2 percent for some time.,the committee decided to keep the target range for the federal funds rate at # to # # percent and expects it will be appropriate to maintain this target range until labor market conditions have reached levels consistent with the committee s assessments of maximum employment and inflation has risen to # percent and is on track to moderately exceed # percent for some time,the committee decided to keep the target range for the federal funds rate at # to # # percent and expects it will be appropriate to maintain this target range until labor market conditions have reached levels consistent with the committee s assessments of maximum employment and inflation has risen to # percent and is on track to moderately exceed # percent for some time,10,True
statement_20201105,56,2020-11-05,11,"In addition, over coming months the Federal Reserve will increase its holdings of Treasury securities and agency mortgage-backed securities at least at the current pace to sustain smooth market functioning and help foster accommodative financial conditions, thereby supporting the flow of credit to households and businesses.",in addition over coming months the federal reserve will increase its holdings of treasury securities and agency mortgage backed securities at least at the current pace to sustain smooth market functioning and help foster accommodative financial conditions thereby supporting the flow of credit to households and businesses,in addition over coming months the federal reserve will increase its holdings of treasury securities and agency mortgage backed securities at least at the current pace to sustain smooth market functioning and help foster accommodative financial conditions thereby supporting the flow of credit to households and businesses,2,False
statement_20201105,56,2020-11-05,12,"In assessing the appropriate stance of monetary policy, the Committee will continue to monitor the implications of incoming information for the economic outlook.",in assessing the appropriate stance of monetary policy the committee will continue to monitor the implications of incoming information for the economic outlook,in assessing the appropriate stance of monetary policy the committee will continue to monitor the implications of incoming information for the economic outlook,46,True
statement_20201105,56,2020-11-05,13,The Committee would be prepared to adjust the stance of monetary policy as appropriate if risks emerge that could impede the attainment of the Committee's goals.,the committee would be prepared to adjust the stance of monetary policy as appropriate if risks emerge that could impede the attainment of the committee s goals,the committee would be prepared to adjust the stance of monetary policy as appropriate if risks emerge that could impede the attainment of the committee s goals,46,True
statement_20201105,56,2020-11-05,14,"The Committee's assessments will take into account a wide range of information, including readings on public health, labor market conditions, inflation pressures and inflation expectations, and financial and international developments.",the committee s assessments will take into account a wide range of information including readings on public health labor market conditions inflation pressures and inflation expectations and financial and international developments,the committee s assessments will take into account a wide range of information including readings on public health labor market conditions inflation pressures and inflation expectations and financial and international developments,46,True
statement_20201216,57,2020-12-16,5,The path of the economy will depend significantly on the course of the virus.,the path of the economy will depend significantly on the course of the virus,the path of the economy will depend significantly on the course of the virus,5,True
statement_20201216,57,2020-12-16,6,"The ongoing public health crisis will continue to weigh on economic activity, employment, and inflation in the near term, and poses considerable risks to the economic outlook over the medium term.",the ongoing public health crisis will continue to weigh on economic activity employment and inflation in the near term and poses considerable risks to the economic outlook over the medium term,the ongoing public health crisis will weigh heavily on economic activity employment and inflation in the near term and poses considerable risks to the economic outlook over the medium term,6,True
statement_20201216,57,2020-12-16,8,"With inflation running persistently below this longer-run goal, the Committee will aim to achieve inflation moderately above 2 percent for some time so that inflation averages 2 percent over time and longer-term inflation expectations remain well anchored at 2 percent.",with inflation running persistently below this longer run goal the committee will aim to achieve inflation moderately above # percent for some time so that inflation averages # percent over time and longer term inflation expectations remain well anchored at # percent,with inflation running persistently below this longer run goal the committee will aim to achieve inflation moderately above # percent for some time so that inflation averages # percent over time and longer term inflation expectations remain well anchored at # percent,10,True
statement_20201216,57,2020-12-16,10,The Committee decided to keep the target range for the federal funds rate at 0 to 1/4 percent and expects it will be appropriate to maintain this target range until labor market conditions have reached levels consistent with the Committee's assessments of maximum employment and inflation has risen to 2 percent and is on track to moderately exceed 2 percent for some time.,the committee decided to keep the target range for the federal funds rate at # to # # percent and expects it will be appropriate to maintain this target range until labor market conditions have reached levels consistent with the committee s assessments of maximum employment and inflation has risen to # percent and is on track to moderately exceed # percent for some time,the committee decided to keep the target range for the federal funds rate at # to # # percent and expects it will be appropriate to maintain this target range until labor market conditions have reached levels consistent with the committee s assessments of maximum employment and inflation has risen to # percent and is on track to moderately exceed # percent for some time,10,True
statement_20201216,57,2020-12-16,11,"In addition, the Federal Reserve will continue to increase its holdings of Treasury securities by at least $80 billion per month and of agency mortgage-backed securities by at least $40 billion per month until substantial further progress has been made toward the Committee's maximum employment and price stability goals.",in addition the federal reserve will continue to increase its holdings of treasury securities by at least # billion per month and of agency mortgage backed securities by at least # billion per month until substantial further progress has been made toward the committee s maximum employment and price stability goals,in addition the federal reserve will continue to increase its holdings of treasury securities by at least # billion per month and of agency mortgage backed securities by at least # billion per month until substantial further progress has been made toward the committee s maximum employment and price stability goals,5,True
statement_20201216,57,2020-12-16,13,"In assessing the appropriate stance of monetary policy, the Committee will continue to monitor the implications of incoming information for the economic outlook.",in assessing the appropriate stance of monetary policy the committee will continue to monitor the implications of incoming information for the economic outlook,in assessing the appropriate stance of monetary policy the committee will continue to monitor the implications of incoming information for the economic outlook,46,True
statement_20201216,57,2020-12-16,14,The Committee would be prepared to adjust the stance of monetary policy as appropriate if risks emerge that could impede the attainment of the Committee's goals.,the committee would be prepared to adjust the stance of monetary policy as appropriate if risks emerge that could impede the attainment of the committee s goals,the committee would be prepared to adjust the stance of monetary policy as appropriate if risks emerge that could impede the attainment of the committee s goals,46,True
statement_20201216,57,2020-12-16,15,"The Committee's assessments will take into account a wide range of information, including readings on public health, labor market conditions, inflation pressures and inflation expectations, and financial and international developments.",the committee s assessments will take into account a wide range of information including readings on public health labor market conditions inflation pressures and inflation expectations and financial and international developments,the committee s assessments will take into account a wide range of information including readings on public health labor market conditions inflation pressures and inflation expectations and financial and international developments,46,True
statement_20210127,58,2021-01-27,5,"The path of the economy will depend significantly on the course of the virus, including progress on vaccinations.",the path of the economy will depend significantly on the course of the virus including progress on vaccinations,the path of the economy will depend significantly on the course of the virus including progress on vaccinations,3,True
statement_20210127,58,2021-01-27,8,"With inflation running persistently below this longer-run goal, the Committee will aim to achieve inflation moderately above 2 percent for some time so that inflation averages 2 percent over time and longer‑term inflation expectations remain well anchored at 2 percent.",with inflation running persistently below this longer run goal the committee will aim to achieve inflation moderately above # percent for some time so that inflation averages # percent over time and longer term inflation expectations remain well anchored at # percent,with inflation running persistently below this longer run goal the committee will aim to achieve inflation moderately above # percent for some time so that inflation averages # percent over time and longer term inflation expectations remain well anchored at # percent,10,True
statement_20210127,58,2021-01-27,10,The Committee decided to keep the target range for the federal funds rate at 0 to 1/4 percent and expects it will be appropriate to maintain this target range until labor market conditions have reached levels consistent with the Committee's assessments of maximum employment and inflation has risen to 2 percent and is on track to moderately exceed 2 percent for some time.,the committee decided to keep the target range for the federal funds rate at # to # # percent and expects it will be appropriate to maintain this target range until labor market conditions have reached levels consistent with the committee s assessments of maximum employment and inflation has risen to # percent and is on track to moderately exceed # percent for some time,the committee decided to keep the target range for the federal funds rate at # to # # percent and expects it will be appropriate to maintain this target range until labor market conditions have reached levels consistent with the committee s assessments of maximum employment and inflation has risen to # percent and is on track to moderately exceed # percent for some time,10,True
statement_20210127,58,2021-01-27,11,"In addition, the Federal Reserve will continue to increase its holdings of Treasury securities by at least $80 billion per month and of agency mortgage‑backed securities by at least $40 billion per month until substantial further progress has been made toward the Committee's maximum employment and price stability goals.",in addition the federal reserve will continue to increase its holdings of treasury securities by at least # billion per month and of agency mortgage backed securities by at least # billion per month until substantial further progress has been made toward the committee s maximum employment and price stability goals,in addition the federal reserve will continue to increase its holdings of treasury securities by at least # billion per month and of agency mortgage backed securities by at least # billion per month until substantial further progress has been made toward the committee s maximum employment and price stability goals,5,True
statement_20210127,58,2021-01-27,13,"In assessing the appropriate stance of monetary policy, the Committee will continue to monitor the implications of incoming information for the economic outlook.",in assessing the appropriate stance of monetary policy the committee will continue to monitor the implications of incoming information for the economic outlook,in assessing the appropriate stance of monetary policy the committee will continue to monitor the implications of incoming information for the economic outlook,46,True
statement_20210127,58,2021-01-27,14,The Committee would be prepared to adjust the stance of monetary policy as appropriate if risks emerge that could impede the attainment of the Committee's goals.,the committee would be prepared to adjust the stance of monetary policy as appropriate if risks emerge that could impede the attainment of the committee s goals,the committee would be prepared to adjust the stance of monetary policy as appropriate if risks emerge that could impede the attainment of the committee s goals,46,True
statement_20210127,58,2021-01-27,15,"The Committee's assessments will take into account a wide range of information, including readings on public health, labor market conditions, inflation pressures and inflation expectations, and financial and international developments.",the committee s assessments will take into account a wide range of information including readings on public health labor market conditions inflation pressures and inflation expectations and financial and international developments,the committee s assessments will take into account a wide range of information including readings on public health labor market conditions inflation pressures and inflation expectations and financial and international developments,46,True
statement_20210317,59,2021-03-17,5,"The path of the economy will depend significantly on the course of the virus, including progress on vaccinations.",the path of the economy will depend significantly on the course of the virus including progress on vaccinations,the path of the economy will depend significantly on the course of the virus including progress on vaccinations,3,True
statement_20210317,59,2021-03-17,8,"With inflation running persistently below this longer-run goal, the Committee will aim to achieve inflation moderately above 2 percent for some time so that inflation averages 2 percent over time and longer‑term inflation expectations remain well anchored at 2 percent.",with inflation running persistently below this longer run goal the committee will aim to achieve inflation moderately above # percent for some time so that inflation averages # percent over time and longer term inflation expectations remain well anchored at # percent,with inflation running persistently below this longer run goal the committee will aim to achieve inflation moderately above # percent for some time so that inflation averages # percent over time and longer term inflation expectations remain well anchored at # percent,10,True
statement_20210317,59,2021-03-17,10,The Committee decided to keep the target range for the federal funds rate at 0 to 1/4 percent and expects it will be appropriate to maintain this target range until labor market conditions have reached levels consistent with the Committee's assessments of maximum employment and inflation has risen to 2 percent and is on track to moderately exceed 2 percent for some time.,the committee decided to keep the target range for the federal funds rate at # to # # percent and expects it will be appropriate to maintain this target range until labor market conditions have reached levels consistent with the committee s assessments of maximum employment and inflation has risen to # percent and is on track to moderately exceed # percent for some time,the committee decided to keep the target range for the federal funds rate at # to # # percent and expects it will be appropriate to maintain this target range until labor market conditions have reached levels consistent with the committee s assessments of maximum employment and inflation has risen to # percent and is on track to moderately exceed # percent for some time,10,True
statement_20210317,59,2021-03-17,11,"In addition, the Federal Reserve will continue to increase its holdings of Treasury securities by at least $80 billion per month and of agency mortgage‑backed securities by at least $40 billion per month until substantial further progress has been made toward the Committee's maximum employment and price stability goals.",in addition the federal reserve will continue to increase its holdings of treasury securities by at least # billion per month and of agency mortgage backed securities by at least # billion per month until substantial further progress has been made toward the committee s maximum employment and price stability goals,in addition the federal reserve will continue to increase its holdings of treasury securities by at least # billion per month and of agency mortgage backed securities by at least # billion per month until substantial further progress has been made toward the committee s maximum employment and price stability goals,5,True
statement_20210317,59,2021-03-17,13,"In assessing the appropriate stance of monetary policy, the Committee will continue to monitor the implications of incoming information for the economic outlook.",in assessing the appropriate stance of monetary policy the committee will continue to monitor the implications of incoming information for the economic outlook,in assessing the appropriate stance of monetary policy the committee will continue to monitor the implications of incoming information for the economic outlook,46,True
statement_20210317,59,2021-03-17,14,The Committee would be prepared to adjust the stance of monetary policy as appropriate if risks emerge that could impede the attainment of the Committee's goals.,the committee would be prepared to adjust the stance of monetary policy as appropriate if risks emerge that could impede the attainment of the committee s goals,the committee would be prepared to adjust the stance of monetary policy as appropriate if risks emerge that could impede the attainment of the committee s goals,46,True
statement_20210317,59,2021-03-17,15,"The Committee's assessments will take into account a wide range of information, including readings on public health, labor market conditions, inflation pressures and inflation expectations, and financial and international developments.",the committee s assessments will take into account a wide range of information including readings on public health labor market conditions inflation pressures and inflation expectations and financial and international developments,the committee s assessments will take into account a wide range of information including readings on public health labor market conditions inflation pressures and inflation expectations and financial and international developments,46,True
statement_20210428,60,2021-04-28,6,"The path of the economy will depend significantly on the course of the virus, including progress on vaccinations.",the path of the economy will depend significantly on the course of the virus including progress on vaccinations,the path of the economy will depend significantly on the course of the virus including progress on vaccinations,3,True
statement_20210428,60,2021-04-28,9,"With inflation running persistently below this longer-run goal, the Committee will aim to achieve inflation moderately above 2 percent for some time so that inflation averages 2 percent over time and longer‑term inflation expectations remain well anchored at 2 percent.",with inflation running persistently below this longer run goal the committee will aim to achieve inflation moderately above # percent for some time so that inflation averages # percent over time and longer term inflation expectations remain well anchored at # percent,with inflation running persistently below this longer run goal the committee will aim to achieve inflation moderately above # percent for some time so that inflation averages # percent over time and longer term inflation expectations remain well anchored at # percent,10,True
statement_20210428,60,2021-04-28,11,The Committee decided to keep the target range for the federal funds rate at 0 to 1/4 percent and expects it will be appropriate to maintain this target range until labor market conditions have reached levels consistent with the Committee's assessments of maximum employment and inflation has risen to 2 percent and is on track to moderately exceed 2 percent for some time.,the committee decided to keep the target range for the federal funds rate at # to # # percent and expects it will be appropriate to maintain this target range until labor market conditions have reached levels consistent with the committee s assessments of maximum employment and inflation has risen to # percent and is on track to moderately exceed # percent for some time,the committee decided to keep the target range for the federal funds rate at # to # # percent and expects it will be appropriate to maintain this target range until labor market conditions have reached levels consistent with the committee s assessments of maximum employment and inflation has risen to # percent and is on track to moderately exceed # percent for some time,10,True
statement_20210428,60,2021-04-28,12,"In addition, the Federal Reserve will continue to increase its holdings of Treasury securities by at least $80 billion per month and of agency mortgage‑backed securities by at least $40 billion per month until substantial further progress has been made toward the Committee's maximum employment and price stability goals.",in addition the federal reserve will continue to increase its holdings of treasury securities by at least # billion per month and of agency mortgage backed securities by at least # billion per month until substantial further progress has been made toward the committee s maximum employment and price stability goals,in addition the federal reserve will continue to increase its holdings of treasury securities by at least # billion per month and of agency mortgage backed securities by at least # billion per month until substantial further progress has been made toward the committee s maximum employment and price stability goals,5,True
statement_20210428,60,2021-04-28,14,"In assessing the appropriate stance of monetary policy, the Committee will continue to monitor the implications of incoming information for the economic outlook.",in assessing the appropriate stance of monetary policy the committee will continue to monitor the implications of incoming information for the economic outlook,in assessing the appropriate stance of monetary policy the committee will continue to monitor the implications of incoming information for the economic outlook,46,True
statement_20210428,60,2021-04-28,15,The Committee would be prepared to adjust the stance of monetary policy as appropriate if risks emerge that could impede the attainment of the Committee's goals.,the committee would be prepared to adjust the stance of monetary policy as appropriate if risks emerge that could impede the attainment of the committee s goals,the committee would be prepared to adjust the stance of monetary policy as appropriate if risks emerge that could impede the attainment of the committee s goals,46,True
statement_20210428,60,2021-04-28,16,"The Committee's assessments will take into account a wide range of information, including readings on public health, labor market conditions, inflation pressures and inflation expectations, and financial and international developments.",the committee s assessments will take into account a wide range of information including readings on public health labor market conditions inflation pressures and inflation expectations and financial and international developments,the committee s assessments will take into account a wide range of information including readings on public health labor market conditions inflation pressures and inflation expectations and financial and international developments,46,True
statement_20210616,61,2021-06-16,6,The path of the economy will depend significantly on the course of the virus.,the path of the economy will depend significantly on the course of the virus,the path of the economy will depend significantly on the course of the virus,5,True
statement_20210616,61,2021-06-16,7,"Progress on vaccinations will likely continue to reduce the effects of the public health crisis on the economy, but risks to the economic outlook remain.",progress on vaccinations will likely continue to reduce the effects of the public health crisis on the economy but risks to the economic outlook remain,progress on vaccinations will likely continue to reduce the effects of the public health crisis on the economy but risks to the economic outlook remain,3,True
statement_20210616,61,2021-06-16,9,"With inflation having run persistently below this longer-run goal, the Committee will aim to achieve inflation moderately above 2 percent for some time so that inflation averages 2 percent over time and longer‑term inflation expectations remain well anchored at 2 percent.",with inflation having run persistently below this longer run goal the committee will aim to achieve inflation moderately above # percent for some time so that inflation averages # percent over time and longer term inflation expectations remain well anchored at # percent,with inflation running persistently below this longer run goal the committee will aim to achieve inflation moderately above # percent for some time so that inflation averages # percent over time and longer term inflation expectations remain well anchored at # percent,10,True
statement_20210616,61,2021-06-16,11,The Committee decided to keep the target range for the federal funds rate at 0 to 1/4 percent and expects it will be appropriate to maintain this target range until labor market conditions have reached levels consistent with the Committee's assessments of maximum employment and inflation has risen to 2 percent and is on track to moderately exceed 2 percent for some time.,the committee decided to keep the target range for the federal funds rate at # to # # percent and expects it will be appropriate to maintain this target range until labor market conditions have reached levels consistent with the committee s assessments of maximum employment and inflation has risen to # percent and is on track to moderately exceed # percent for some time,the committee decided to keep the target range for the federal funds rate at # to # # percent and expects it will be appropriate to maintain this target range until labor market conditions have reached levels consistent with the committee s assessments of maximum employment and inflation has risen to # percent and is on track to moderately exceed # percent for some time,10,True
statement_20210616,61,2021-06-16,12,"In addition, the Federal Reserve will continue to increase its holdings of Treasury securities by at least $80 billion per month and of agency mortgage‑backed securities by at least $40 billion per month until substantial further progress has been made toward the Committee's maximum employment and price stability goals.",in addition the federal reserve will continue to increase its holdings of treasury securities by at least # billion per month and of agency mortgage backed securities by at least # billion per month until substantial further progress has been made toward the committee s maximum employment and price stability goals,in addition the federal reserve will continue to increase its holdings of treasury securities by at least # billion per month and of agency mortgage backed securities by at least # billion per month until substantial further progress has been made toward the committee s maximum employment and price stability goals,5,True
statement_20210616,61,2021-06-16,14,"In assessing the appropriate stance of monetary policy, the Committee will continue to monitor the implications of incoming information for the economic outlook.",in assessing the appropriate stance of monetary policy the committee will continue to monitor the implications of incoming information for the economic outlook,in assessing the appropriate stance of monetary policy the committee will continue to monitor the implications of incoming information for the economic outlook,46,True
statement_20210616,61,2021-06-16,15,The Committee would be prepared to adjust the stance of monetary policy as appropriate if risks emerge that could impede the attainment of the Committee's goals.,the committee would be prepared to adjust the stance of monetary policy as appropriate if risks emerge that could impede the attainment of the committee s goals,the committee would be prepared to adjust the stance of monetary policy as appropriate if risks emerge that could impede the attainment of the committee s goals,46,True
statement_20210616,61,2021-06-16,16,"The Committee's assessments will take into account a wide range of information, including readings on public health, labor market conditions, inflation pressures and inflation expectations, and financial and international developments.",the committee s assessments will take into account a wide range of information including readings on public health labor market conditions inflation pressures and inflation expectations and financial and international developments,the committee s assessments will take into account a wide range of information including readings on public health labor market conditions inflation pressures and inflation expectations and financial and international developments,46,True
statement_20210728,62,2021-07-28,6,"Progress on vaccinations will likely continue to reduce the effects of the public health crisis on the economy, but risks to the economic outlook remain.",progress on vaccinations will likely continue to reduce the effects of the public health crisis on the economy but risks to the economic outlook remain,progress on vaccinations will likely continue to reduce the effects of the public health crisis on the economy but risks to the economic outlook remain,3,True
statement_20210728,62,2021-07-28,8,"With inflation having run persistently below this longer-run goal, the Committee will aim to achieve inflation moderately above 2 percent for some time so that inflation averages 2 percent over time and longer‑term inflation expectations remain well anchored at 2 percent.",with inflation having run persistently below this longer run goal the committee will aim to achieve inflation moderately above # percent for some time so that inflation averages # percent over time and longer term inflation expectations remain well anchored at # percent,with inflation running persistently below this longer run goal the committee will aim to achieve inflation moderately above # percent for some time so that inflation averages # percent over time and longer term inflation expectations remain well anchored at # percent,10,True
statement_20210728,62,2021-07-28,10,The Committee decided to keep the target range for the federal funds rate at 0 to 1/4 percent and expects it will be appropriate to maintain this target range until labor market conditions have reached levels consistent with the Committee's assessments of maximum employment and inflation has risen to 2 percent and is on track to moderately exceed 2 percent for some time.,the committee decided to keep the target range for the federal funds rate at # to # # percent and expects it will be appropriate to maintain this target range until labor market conditions have reached levels consistent with the committee s assessments of maximum employment and inflation has risen to # percent and is on track to moderately exceed # percent for some time,the committee decided to keep the target range for the federal funds rate at # to # # percent and expects it will be appropriate to maintain this target range until labor market conditions have reached levels consistent with the committee s assessments of maximum employment and inflation has risen to # percent and is on track to moderately exceed # percent for some time,10,True
statement_20210728,62,2021-07-28,11,"Last December, the Committee indicated that it would continue to increase its holdings of Treasury securities by at least $80 billion per month and of agency mortgage‑backed securities by at least $40 billion per month until substantial further progress has been made toward its maximum employment and price stability goals.",last december the committee indicated that it would continue to increase its holdings of treasury securities by at least # billion per month and of agency mortgage backed securities by at least # billion per month until substantial further progress has been made toward its maximum employment and price stability goals,last december the committee indicated that it would continue to increase its holdings of treasury securities by at least # billion per month and of agency mortgage backed securities by at least # billion per month until substantial further progress has been made toward its maximum employment and price stability goals,2,False
statement_20210728,62,2021-07-28,12,"Since then, the economy has made progress toward these goals, and the Committee will continue to assess progress in coming meetings.",since then the economy has made progress toward these goals and the committee will continue to assess progress in coming meetings,since then the economy has made progress toward these goals and the committee will continue to assess progress in coming meetings,1,False
statement_20210728,62,2021-07-28,14,"In assessing the appropriate stance of monetary policy, the Committee will continue to monitor the implications of incoming information for the economic outlook.",in assessing the appropriate stance of monetary policy the committee will continue to monitor the implications of incoming information for the economic outlook,in assessing the appropriate stance of monetary policy the committee will continue to monitor the implications of incoming information for the economic outlook,46,True
statement_20210728,62,2021-07-28,15,The Committee would be prepared to adjust the stance of monetary policy as appropriate if risks emerge that could impede the attainment of the Committee's goals.,the committee would be prepared to adjust the stance of monetary policy as appropriate if risks emerge that could impede the attainment of the committee s goals,the committee would be prepared to adjust the stance of monetary policy as appropriate if risks emerge that could impede the attainment of the committee s goals,46,True
statement_20210728,62,2021-07-28,16,"The Committee's assessments will take into account a wide range of information, including readings on public health, labor market conditions, inflation pressures and inflation expectations, and financial and international developments.",the committee s assessments will take into account a wide range of information including readings on public health labor market conditions inflation pressures and inflation expectations and financial and international developments,the committee s assessments will take into account a wide range of information including readings on public health labor market conditions inflation pressures and inflation expectations and financial and international developments,46,True
statement_20210922,63,2021-09-22,6,"Progress on vaccinations will likely continue to reduce the effects of the public health crisis on the economy, but risks to the economic outlook remain.",progress on vaccinations will likely continue to reduce the effects of the public health crisis on the economy but risks to the economic outlook remain,progress on vaccinations will likely continue to reduce the effects of the public health crisis on the economy but risks to the economic outlook remain,3,True
statement_20210922,63,2021-09-22,8,"With inflation having run persistently below this longer-run goal, the Committee will aim to achieve inflation moderately above 2 percent for some time so that inflation averages 2 percent over time and longer‑term inflation expectations remain well anchored at 2 percent.",with inflation having run persistently below this longer run goal the committee will aim to achieve inflation moderately above # percent for some time so that inflation averages # percent over time and longer term inflation expectations remain well anchored at # percent,with inflation running persistently below this longer run goal the committee will aim to achieve inflation moderately above # percent for some time so that inflation averages # percent over time and longer term inflation expectations remain well anchored at # percent,10,True
statement_20210922,63,2021-09-22,10,The Committee decided to keep the target range for the federal funds rate at 0 to 1/4 percent and expects it will be appropriate to maintain this target range until labor market conditions have reached levels consistent with the Committee's assessments of maximum employment and inflation has risen to 2 percent and is on track to moderately exceed 2 percent for some time.,the committee decided to keep the target range for the federal funds rate at # to # # percent and expects it will be appropriate to maintain this target range until labor market conditions have reached levels consistent with the committee s assessments of maximum employment and inflation has risen to # percent and is on track to moderately exceed # percent for some time,the committee decided to keep the target range for the federal funds rate at # to # # percent and expects it will be appropriate to maintain this target range until labor market conditions have reached levels consistent with the committee s assessments of maximum employment and inflation has risen to # percent and is on track to moderately exceed # percent for some time,10,True
statement_20210922,63,2021-09-22,11,"Last December, the Committee indicated that it would continue to increase its holdings of Treasury securities by at least $80 billion per month and of agency mortgage‑backed securities by at least $40 billion per month until substantial further progress has been made toward its maximum employment and price stability goals.",last december the committee indicated that it would continue to increase its holdings of treasury securities by at least # billion per month and of agency mortgage backed securities by at least # billion per month until substantial further progress has been made toward its maximum employment and price stability goals,last december the committee indicated that it would continue to increase its holdings of treasury securities by at least # billion per month and of agency mortgage backed securities by at least # billion per month until substantial further progress has been made toward its maximum employment and price stability goals,2,False
statement_20210922,63,2021-09-22,13,"If progress continues broadly as expected, the Committee judges that a moderation in the pace of asset purchases may soon be warranted.",if progress continues broadly as expected the committee judges that a moderation in the pace of asset purchases may soon be warranted,if progress continues broadly as expected the committee judges that a moderation in the pace of asset purchases may soon be warranted,1,False
statement_20210922,63,2021-09-22,15,"In assessing the appropriate stance of monetary policy, the Committee will continue to monitor the implications of incoming information for the economic outlook.",in assessing the appropriate stance of monetary policy the committee will continue to monitor the implications of incoming information for the economic outlook,in assessing the appropriate stance of monetary policy the committee will continue to monitor the implications of incoming information for the economic outlook,46,True
statement_20210922,63,2021-09-22,16,The Committee would be prepared to adjust the stance of monetary policy as appropriate if risks emerge that could impede the attainment of the Committee's goals.,the committee would be prepared to adjust the stance of monetary policy as appropriate if risks emerge that could impede the attainment of the committee s goals,the committee would be prepared to adjust the stance of monetary policy as appropriate if risks emerge that could impede the attainment of the committee s goals,46,True
statement_20210922,63,2021-09-22,17,"The Committee's assessments will take into account a wide range of information, including readings on public health, labor market conditions, inflation pressures and inflation expectations, and financial and international developments.",the committee s assessments will take into account a wide range of information including readings on public health labor market conditions inflation pressures and inflation expectations and financial and international developments,the committee s assessments will take into account a wide range of information including readings on public health labor market conditions inflation pressures and inflation expectations and financial and international developments,46,True
statement_20211103,64,2021-11-03,10,"With inflation having run persistently below this longer-run goal, the Committee will aim to achieve inflation moderately above 2 percent for some time so that inflation averages 2 percent over time and longer‑term inflation expectations remain well anchored at 2 percent.",with inflation having run persistently below this longer run goal the committee will aim to achieve inflation moderately above # percent for some time so that inflation averages # percent over time and longer term inflation expectations remain well anchored at # percent,with inflation running persistently below this longer run goal the committee will aim to achieve inflation moderately above # percent for some time so that inflation averages # percent over time and longer term inflation expectations remain well anchored at # percent,10,True
statement_20211103,64,2021-11-03,12,The Committee decided to keep the target range for the federal funds rate at 0 to 1/4 percent and expects it will be appropriate to maintain this target range until labor market conditions have reached levels consistent with the Committee's assessments of maximum employment and inflation has risen to 2 percent and is on track to moderately exceed 2 percent for some time.,the committee decided to keep the target range for the federal funds rate at # to # # percent and expects it will be appropriate to maintain this target range until labor market conditions have reached levels consistent with the committee s assessments of maximum employment and inflation has risen to # percent and is on track to moderately exceed # percent for some time,the committee decided to keep the target range for the federal funds rate at # to # # percent and expects it will be appropriate to maintain this target range until labor market conditions have reached levels consistent with the committee s assessments of maximum employment and inflation has risen to # percent and is on track to moderately exceed # percent for some time,10,True
statement_20211103,64,2021-11-03,14,"Beginning later this month, the Committee will increase its holdings of Treasury securities by at least $70 billion per month and of agency mortgage‑backed securities by at least $35 billion per month.",beginning later this month the committee will increase its holdings of treasury securities by at least # billion per month and of agency mortgage backed securities by at least # billion per month,beginning in december the committee will increase its holdings of treasury securities by at least # billion per month and of agency mortgage backed securities by at least # billion per month,3,True
statement_20211103,64,2021-11-03,15,"Beginning in December, the Committee will increase its holdings of Treasury securities by at least $60 billion per month and of agency mortgage-backed securities by at least $30 billion per month.",beginning in december the committee will increase its holdings of treasury securities by at least # billion per month and of agency mortgage backed securities by at least # billion per month,beginning in december the committee will increase its holdings of treasury securities by at least # billion per month and of agency mortgage backed securities by at least # billion per month,3,True
statement_20211103,64,2021-11-03,16,"The Committee judges that similar reductions in the pace of net asset purchases will likely be appropriate each month, but it is prepared to adjust the pace of purchases if warranted by changes in the economic outlook.",the committee judges that similar reductions in the pace of net asset purchases will likely be appropriate each month but it is prepared to adjust the pace of purchases if warranted by changes in the economic outlook,the committee judges that similar reductions in the pace of net asset purchases will likely be appropriate each month but it is prepared to adjust the pace of purchases if warranted by changes in the economic outlook,2,False
statement_20211103,64,2021-11-03,17,"The Federal Reserve's ongoing purchases and holdings of securities will continue to foster smooth market functioning and accommodative financial conditions, thereby supporting the flow of credit to households and businesses.",the federal reserve s ongoing purchases and holdings of securities will continue to foster smooth market functioning and accommodative financial conditions thereby supporting the flow of credit to households and businesses,the federal reserve s ongoing purchases and holdings of securities will continue to foster smooth market functioning and accommodative financial conditions thereby supporting the flow of credit to households and businesses,3,True
statement_20211103,64,2021-11-03,18,"In assessing the appropriate stance of monetary policy, the Committee will continue to monitor the implications of incoming information for the economic outlook.",in assessing the appropriate stance of monetary policy the committee will continue to monitor the implications of incoming information for the economic outlook,in assessing the appropriate stance of monetary policy the committee will continue to monitor the implications of incoming information for the economic outlook,46,True
statement_20211103,64,2021-11-03,19,The Committee would be prepared to adjust the stance of monetary policy as appropriate if risks emerge that could impede the attainment of the Committee's goals.,the committee would be prepared to adjust the stance of monetary policy as appropriate if risks emerge that could impede the attainment of the committee s goals,the committee would be prepared to adjust the stance of monetary policy as appropriate if risks emerge that could impede the attainment of the committee s goals,46,True
statement_20211103,64,2021-11-03,20,"The Committee's assessments will take into account a wide range of information, including readings on public health, labor market conditions, inflation pressures and inflation expectations, and financial and international developments.",the committee s assessments will take into account a wide range of information including readings on public health labor market conditions inflation pressures and inflation expectations and financial and international developments,the committee s assessments will take into account a wide range of information including readings on public health labor market conditions inflation pressures and inflation expectations and financial and international developments,46,True
statement_20211215,65,2021-12-15,11,"With inflation having exceeded 2 percent for some time, the Committee expects it will be appropriate to maintain this target range until labor market conditions have reached levels consistent with the Committee's assessments of maximum employment.",with inflation having exceeded # percent for some time the committee expects it will be appropriate to maintain this target range until labor market conditions have reached levels consistent with the committee s assessments of maximum employment,with inflation having exceeded # percent for some time the committee expects it will be appropriate to maintain this target range until labor market conditions have reached levels consistent with the committee s assessments of maximum employment,1,False
statement_20211215,65,2021-12-15,13,"Beginning in January, the Committee will increase its holdings of Treasury securities by at least $40 billion per month and of agency mortgage‑backed securities by at least $20 billion per month.",beginning in january the committee will increase its holdings of treasury securities by at least # billion per month and of agency mortgage backed securities by at least # billion per month,beginning in december the committee will increase its holdings of treasury securities by at least # billion per month and of agency mortgage backed securities by at least # billion per month,3,True
statement_20211215,65,2021-12-15,14,"The Committee judges that similar reductions in the pace of net asset purchases will likely be appropriate each month, but it is prepared to adjust the pace of purchases if warranted by changes in the economic outlook.",the committee judges that similar reductions in the pace of net asset purchases will likely be appropriate each month but it is prepared to adjust the pace of purchases if warranted by changes in the economic outlook,the committee judges that similar reductions in the pace of net asset purchases will likely be appropriate each month but it is prepared to adjust the pace of purchases if warranted by changes in the economic outlook,2,False
statement_20211215,65,2021-12-15,15,"The Federal Reserve's ongoing purchases and holdings of securities will continue to foster smooth market functioning and accommodative financial conditions, thereby supporting the flow of credit to households and businesses.",the federal reserve s ongoing purchases and holdings of securities will continue to foster smooth market functioning and accommodative financial conditions thereby supporting the flow of credit to households and businesses,the federal reserve s ongoing purchases and holdings of securities will continue to foster smooth market functioning and accommodative financial conditions thereby supporting the flow of credit to households and businesses,3,True
statement_20211215,65,2021-12-15,16,"In assessing the appropriate stance of monetary policy, the Committee will continue to monitor the implications of incoming information for the economic outlook.",in assessing the appropriate stance of monetary policy the committee will continue to monitor the implications of incoming information for the economic outlook,in assessing the appropriate stance of monetary policy the committee will continue to monitor the implications of incoming information for the economic outlook,46,True
statement_20211215,65,2021-12-15,17,The Committee would be prepared to adjust the stance of monetary policy as appropriate if risks emerge that could impede the attainment of the Committee's goals.,the committee would be prepared to adjust the stance of monetary policy as appropriate if risks emerge that could impede the attainment of the committee s goals,the committee would be prepared to adjust the stance of monetary policy as appropriate if risks emerge that could impede the attainment of the committee s goals,46,True
statement_20211215,65,2021-12-15,18,"The Committee's assessments will take into account a wide range of information, including readings on public health, labor market conditions, inflation pressures and inflation expectations, and financial and international developments.",the committee s assessments will take into account a wide range of information including readings on public health labor market conditions inflation pressures and inflation expectations and financial and international developments,the committee s assessments will take into account a wide range of information including readings on public health labor market conditions inflation pressures and inflation expectations and financial and international developments,46,True
statement_20220126,66,2022-01-26,10,"With inflation well above 2 percent and a strong labor market, the Committee expects it will soon be appropriate to raise the target range for the federal funds rate.",with inflation well above # percent and a strong labor market the committee expects it will soon be appropriate to raise the target range for the federal funds rate,with inflation well above # percent and a strong labor market the committee expects it will soon be appropriate to raise the target range for the federal funds rate,1,False
statement_20220126,66,2022-01-26,12,"Beginning in February, the Committee will increase its holdings of Treasury securities by at least $20 billion per month and of agency mortgage‑backed securities by at least $10 billion per month.",beginning in february the committee will increase its holdings of treasury securities by at least # billion per month and of agency mortgage backed securities by at least # billion per month,beginning in december the committee will increase its holdings of treasury securities by at least # billion per month and of agency mortgage backed securities by at least # billion per month,3,True
statement_20220126,66,2022-01-26,13,"The Federal Reserve's ongoing purchases and holdings of securities will continue to foster smooth market functioning and accommodative financial conditions, thereby supporting the flow of credit to households and businesses.",the federal reserve s ongoing purchases and holdings of securities will continue to foster smooth market functioning and accommodative financial conditions thereby supporting the flow of credit to households and businesses,the federal reserve s ongoing purchases and holdings of securities will continue to foster smooth market functioning and accommodative financial conditions thereby supporting the flow of credit to households and businesses,3,True
statement_20220126,66,2022-01-26,14,"In assessing the appropriate stance of monetary policy, the Committee will continue to monitor the implications of incoming information for the economic outlook.",in assessing the appropriate stance of monetary policy the committee will continue to monitor the implications of incoming information for the economic outlook,in assessing the appropriate stance of monetary policy the committee will continue to monitor the implications of incoming information for the economic outlook,46,True
statement_20220126,66,2022-01-26,15,The Committee would be prepared to adjust the stance of monetary policy as appropriate if risks emerge that could impede the attainment of the Committee's goals.,the committee would be prepared to adjust the stance of monetary policy as appropriate if risks emerge that could impede the attainment of the committee s goals,the committee would be prepared to adjust the stance of monetary policy as appropriate if risks emerge that could impede the attainment of the committee s goals,46,True
statement_20220126,66,2022-01-26,16,"The Committee's assessments will take into account a wide range of information, including readings on public health, labor market conditions, inflation pressures and inflation expectations, and financial and international developments.",the committee s assessments will take into account a wide range of information including readings on public health labor market conditions inflation pressures and inflation expectations and financial and international developments,the committee s assessments will take into account a wide range of information including readings on public health labor market conditions inflation pressures and inflation expectations and financial and international developments,46,True
statement_20220316,67,2022-03-16,7,"In support of these goals, the Committee decided to raise the target range for the federal funds rate to 1/4 to 1/2 percent and anticipates that ongoing increases in the target range will be appropriate.",in support of these goals the committee decided to raise the target range for the federal funds rate to # # to # # percent and anticipates that ongoing increases in the target range will be appropriate,in support of these goals the committee decided to raise the target range for the federal funds rate to # # to # # percent and anticipates that ongoing increases in the target range will be appropriate,5,True
statement_20220316,67,2022-03-16,9,"In assessing the appropriate stance of monetary policy, the Committee will continue to monitor the implications of incoming information for the economic outlook.",in assessing the appropriate stance of monetary policy the committee will continue to monitor the implications of incoming information for the economic outlook,in assessing the appropriate stance of monetary policy the committee will continue to monitor the implications of incoming information for the economic outlook,46,True
statement_20220316,67,2022-03-16,10,The Committee would be prepared to adjust the stance of monetary policy as appropriate if risks emerge that could impede the attainment of the Committee's goals.,the committee would be prepared to adjust the stance of monetary policy as appropriate if risks emerge that could impede the attainment of the committee s goals,the committee would be prepared to adjust the stance of monetary policy as appropriate if risks emerge that could impede the attainment of the committee s goals,46,True
statement_20220316,67,2022-03-16,11,"The Committee's assessments will take into account a wide range of information, including readings on public health, labor market conditions, inflation pressures and inflation expectations, and financial and international developments.",the committee s assessments will take into account a wide range of information including readings on public health labor market conditions inflation pressures and inflation expectations and financial and international developments,the committee s assessments will take into account a wide range of information including readings on public health labor market conditions inflation pressures and inflation expectations and financial and international developments,46,True
statement_20220504,68,2022-05-04,10,"In support of these goals, the Committee decided to raise the target range for the federal funds rate to 3/4 to 1 percent and anticipates that ongoing increases in the target range will be appropriate.",in support of these goals the committee decided to raise the target range for the federal funds rate to # # to # percent and anticipates that ongoing increases in the target range will be appropriate,in support of these goals the committee decided to raise the target range for the federal funds rate to # # to # # percent and anticipates that ongoing increases in the target range will be appropriate,5,True
statement_20220504,68,2022-05-04,12,"In assessing the appropriate stance of monetary policy, the Committee will continue to monitor the implications of incoming information for the economic outlook.",in assessing the appropriate stance of monetary policy the committee will continue to monitor the implications of incoming information for the economic outlook,in assessing the appropriate stance of monetary policy the committee will continue to monitor the implications of incoming information for the economic outlook,46,True
statement_20220504,68,2022-05-04,13,The Committee would be prepared to adjust the stance of monetary policy as appropriate if risks emerge that could impede the attainment of the Committee's goals.,the committee would be prepared to adjust the stance of monetary policy as appropriate if risks emerge that could impede the attainment of the committee s goals,the committee would be prepared to adjust the stance of monetary policy as appropriate if risks emerge that could impede the attainment of the committee s goals,46,True
statement_20220504,68,2022-05-04,14,"The Committee's assessments will take into account a wide range of information, including readings on public health, labor market conditions, inflation pressures and inflation expectations, and financial and international developments.",the committee s assessments will take into account a wide range of information including readings on public health labor market conditions inflation pressures and inflation expectations and financial and international developments,the committee s assessments will take into account a wide range of information including readings on public health labor market conditions inflation pressures and inflation expectations and financial and international developments,46,True
statement_20220615,69,2022-06-15,8,"In support of these goals, the Committee decided to raise the target range for the federal funds rate to 1‑1/2 to 1-3/4 percent and anticipates that ongoing increases in the target range will be appropriate.",in support of these goals the committee decided to raise the target range for the federal funds rate to # # # to # # # percent and anticipates that ongoing increases in the target range will be appropriate,in support of these goals the committee decided to raise the target range for the federal funds rate to # # to # # percent and anticipates that ongoing increases in the target range will be appropriate,5,True
statement_20220615,69,2022-06-15,9,"In addition, the Committee will continue reducing its holdings of Treasury securities and agency debt and agency mortgage-backed securities, as described in the Plans for Reducing the Size of the Federal Reserve's Balance Sheet that were issued in May.",in addition the committee will continue reducing its holdings of treasury securities and agency debt and agency mortgage backed securities as described in the plans for reducing the size of the federal reserve s balance sheet that were issued in may,in addition the committee will continue reducing its holdings of treasury securities and agency debt and agency mortgage backed securities as described in the plans for reducing the size of the federal reserve s balance sheet that were issued in may,5,True
statement_20220615,69,2022-06-15,11,"In assessing the appropriate stance of monetary policy, the Committee will continue to monitor the implications of incoming information for the economic outlook.",in assessing the appropriate stance of monetary policy the committee will continue to monitor the implications of incoming information for the economic outlook,in assessing the appropriate stance of monetary policy the committee will continue to monitor the implications of incoming information for the economic outlook,46,True
statement_20220615,69,2022-06-15,12,The Committee would be prepared to adjust the stance of monetary policy as appropriate if risks emerge that could impede the attainment of the Committee's goals.,the committee would be prepared to adjust the stance of monetary policy as appropriate if risks emerge that could impede the attainment of the committee s goals,the committee would be prepared to adjust the stance of monetary policy as appropriate if risks emerge that could impede the attainment of the committee s goals,46,True
statement_20220615,69,2022-06-15,13,"The Committee's assessments will take into account a wide range of information, including readings on public health, labor market conditions, inflation pressures and inflation expectations, and financial and international developments.",the committee s assessments will take into account a wide range of information including readings on public health labor market conditions inflation pressures and inflation expectations and financial and international developments,the committee s assessments will take into account a wide range of information including readings on public health labor market conditions inflation pressures and inflation expectations and financial and international developments,46,True
statement_20220727,70,2022-07-27,7,"In support of these goals, the Committee decided to raise the target range for the federal funds rate to 2-1/4 to 2-1/2 percent and anticipates that ongoing increases in the target range will be appropriate.",in support of these goals the committee decided to raise the target range for the federal funds rate to # # # to # # # percent and anticipates that ongoing increases in the target range will be appropriate,in support of these goals the committee decided to raise the target range for the federal funds rate to # # to # # percent and anticipates that ongoing increases in the target range will be appropriate,5,True
statement_20220727,70,2022-07-27,8,"In addition, the Committee will continue reducing its holdings of Treasury securities and agency debt and agency mortgage-backed securities, as described in the Plans for Reducing the Size of the Federal Reserve's Balance Sheet that were issued in May.",in addition the committee will continue reducing its holdings of treasury securities and agency debt and agency mortgage backed securities as described in the plans for reducing the size of the federal reserve s balance sheet that were issued in may,in addition the committee will continue reducing its holdings of treasury securities and agency debt and agency mortgage backed securities as described in the plans for reducing the size of the federal reserve s balance sheet that were issued in may,5,True
statement_20220727,70,2022-07-27,10,"In assessing the appropriate stance of monetary policy, the Committee will continue to monitor the implications of incoming information for the economic outlook.",in assessing the appropriate stance of monetary policy the committee will continue to monitor the implications of incoming information for the economic outlook,in assessing the appropriate stance of monetary policy the committee will continue to monitor the implications of incoming information for the economic outlook,46,True
statement_20220727,70,2022-07-27,11,The Committee would be prepared to adjust the stance of monetary policy as appropriate if risks emerge that could impede the attainment of the Committee's goals.,the committee would be prepared to adjust the stance of monetary policy as appropriate if risks emerge that could impede the attainment of the committee s goals,the committee would be prepared to adjust the stance of monetary policy as appropriate if risks emerge that could impede the attainment of the committee s goals,46,True
statement_20220727,70,2022-07-27,12,"The Committee's assessments will take into account a wide range of information, including readings on public health, labor market conditions, inflation pressures and inflation expectations, and financial and international developments.",the committee s assessments will take into account a wide range of information including readings on public health labor market conditions inflation pressures and inflation expectations and financial and international developments,the committee s assessments will take into account a wide range of information including readings on public health labor market conditions inflation pressures and inflation expectations and financial and international developments,46,True
statement_20220921,71,2022-09-21,7,"In support of these goals, the Committee decided to raise the target range for the federal funds rate to 3 to 3-1/4 percent and anticipates that ongoing increases in the target range will be appropriate.",in support of these goals the committee decided to raise the target range for the federal funds rate to # to # # # percent and anticipates that ongoing increases in the target range will be appropriate,in support of these goals the committee decided to raise the target range for the federal funds rate to # # to # # percent and anticipates that ongoing increases in the target range will be appropriate,5,True
statement_20220921,71,2022-09-21,8,"In addition, the Committee will continue reducing its holdings of Treasury securities and agency debt and agency mortgage-backed securities, as described in the Plans for Reducing the Size of the Federal Reserve's Balance Sheet that were issued in May.",in addition the committee will continue reducing its holdings of treasury securities and agency debt and agency mortgage backed securities as described in the plans for reducing the size of the federal reserve s balance sheet that were issued in may,in addition the committee will continue reducing its holdings of treasury securities and agency debt and agency mortgage backed securities as described in the plans for reducing the size of the federal reserve s balance sheet that were issued in may,5,True
statement_20220921,71,2022-09-21,10,"In assessing the appropriate stance of monetary policy, the Committee will continue to monitor the implications of incoming information for the economic outlook.",in assessing the appropriate stance of monetary policy the committee will continue to monitor the implications of incoming information for the economic outlook,in assessing the appropriate stance of monetary policy the committee will continue to monitor the implications of incoming information for the economic outlook,46,True
statement_20220921,71,2022-09-21,11,The Committee would be prepared to adjust the stance of monetary policy as appropriate if risks emerge that could impede the attainment of the Committee's goals.,the committee would be prepared to adjust the stance of monetary policy as appropriate if risks emerge that could impede the attainment of the committee s goals,the committee would be prepared to adjust the stance of monetary policy as appropriate if risks emerge that could impede the attainment of the committee s goals,46,True
statement_20220921,71,2022-09-21,12,"The Committee's assessments will take into account a wide range of information, including readings on public health, labor market conditions, inflation pressures and inflation expectations, and financial and international developments.",the committee s assessments will take into account a wide range of information including readings on public health labor market conditions inflation pressures and inflation expectations and financial and international developments,the committee s assessments will take into account a wide range of information including readings on public health labor market conditions inflation pressures and inflation expectations and financial and international developments,46,True
statement_20221102,72,2022-11-02,8,The Committee anticipates that ongoing increases in the target range will be appropriate in order to attain a stance of monetary policy that is sufficiently restrictive to return inflation to 2 percent over time.,the committee anticipates that ongoing increases in the target range will be appropriate in order to attain a stance of monetary policy that is sufficiently restrictive to return inflation to # percent over time,the committee anticipates that ongoing increases in the target range will be appropriate in order to attain a stance of monetary policy that is sufficiently restrictive to return inflation to # percent over time,3,True
statement_20221102,72,2022-11-02,9,"In determining the pace of future increases in the target range, the Committee will take into account the cumulative tightening of monetary policy, the lags with which monetary policy affects economic activity and inflation, and economic and financial developments.",in determining the pace of future increases in the target range the committee will take into account the cumulative tightening of monetary policy the lags with which monetary policy affects economic activity and inflation and economic and financial developments,in determining the pace of future increases in the target range the committee will take into account the cumulative tightening of monetary policy the lags with which monetary policy affects economic activity and inflation and economic and financial developments,2,False
statement_20221102,72,2022-11-02,10,"In addition, the Committee will continue reducing its holdings of Treasury securities and agency debt and agency mortgage-backed securities, as described in the Plans for Reducing the Size of the Federal Reserve's Balance Sheet that were issued in May.",in addition the committee will continue reducing its holdings of treasury securities and agency debt and agency mortgage backed securities as described in the plans for reducing the size of the federal reserve s balance sheet that were issued in may,in addition the committee will continue reducing its holdings of treasury securities and agency debt and agency mortgage backed securities as described in the plans for reducing the size of the federal reserve s balance sheet that were issued in may,5,True
statement_20221102,72,2022-11-02,12,"In assessing the appropriate stance of monetary policy, the Committee will continue to monitor the implications of incoming information for the economic outlook.",in assessing the appropriate stance of monetary policy the committee will continue to monitor the implications of incoming information for the economic outlook,in assessing the appropriate stance of monetary policy the committee will continue to monitor the implications of incoming information for the economic outlook,46,True
statement_20221102,72,2022-11-02,13,The Committee would be prepared to adjust the stance of monetary policy as appropriate if risks emerge that could impede the attainment of the Committee's goals.,the committee would be prepared to adjust the stance of monetary policy as appropriate if risks emerge that could impede the attainment of the committee s goals,the committee would be prepared to adjust the stance of monetary policy as appropriate if risks emerge that could impede the attainment of the committee s goals,46,True
statement_20221102,72,2022-11-02,14,"The Committee's assessments will take into account a wide range of information, including readings on public health, labor market conditions, inflation pressures and inflation expectations, and financial and international developments.",the committee s assessments will take into account a wide range of information including readings on public health labor market conditions inflation pressures and inflation expectations and financial and international developments,the committee s assessments will take into account a wide range of information including readings on public health labor market conditions inflation pressures and inflation expectations and financial and international developments,46,True
statement_20221214,73,2022-12-14,8,The Committee anticipates that ongoing increases in the target range will be appropriate in order to attain a stance of monetary policy that is sufficiently restrictive to return inflation to 2 percent over time.,the committee anticipates that ongoing increases in the target range will be appropriate in order to attain a stance of monetary policy that is sufficiently restrictive to return inflation to # percent over time,the committee anticipates that ongoing increases in the target range will be appropriate in order to attain a stance of monetary policy that is sufficiently restrictive to return inflation to # percent over time,3,True
statement_20221214,73,2022-12-14,9,"In determining the pace of future increases in the target range, the Committee will take into account the cumulative tightening of monetary policy, the lags with which monetary policy affects economic activity and inflation, and economic and financial developments.",in determining the pace of future increases in the target range the committee will take into account the cumulative tightening of monetary policy the lags with which monetary policy affects economic activity and inflation and economic and financial developments,in determining the pace of future increases in the target range the committee will take into account the cumulative tightening of monetary policy the lags with which monetary policy affects economic activity and inflation and economic and financial developments,2,False
statement_20221214,73,2022-12-14,10,"In addition, the Committee will continue reducing its holdings of Treasury securities and agency debt and agency mortgage-backed securities, as described in the Plans for Reducing the Size of the Federal Reserve's Balance Sheet that were issued in May.",in addition the committee will continue reducing its holdings of treasury securities and agency debt and agency mortgage backed securities as described in the plans for reducing the size of the federal reserve s balance sheet that were issued in may,in addition the committee will continue reducing its holdings of treasury securities and agency debt and agency mortgage backed securities as described in the plans for reducing the size of the federal reserve s balance sheet that were issued in may,5,True
statement_20221214,73,2022-12-14,12,"In assessing the appropriate stance of monetary policy, the Committee will continue to monitor the implications of incoming information for the economic outlook.",in assessing the appropriate stance of monetary policy the committee will continue to monitor the implications of incoming information for the economic outlook,in assessing the appropriate stance of monetary policy the committee will continue to monitor the implications of incoming information for the economic outlook,46,True
statement_20221214,73,2022-12-14,13,The Committee would be prepared to adjust the stance of monetary policy as appropriate if risks emerge that could impede the attainment of the Committee's goals.,the committee would be prepared to adjust the stance of monetary policy as appropriate if risks emerge that could impede the attainment of the committee s goals,the committee would be prepared to adjust the stance of monetary policy as appropriate if risks emerge that could impede the attainment of the committee s goals,46,True
statement_20221214,73,2022-12-14,14,"The Committee's assessments will take into account a wide range of information, including readings on public health, labor market conditions, inflation pressures and inflation expectations, and financial and international developments.",the committee s assessments will take into account a wide range of information including readings on public health labor market conditions inflation pressures and inflation expectations and financial and international developments,the committee s assessments will take into account a wide range of information including readings on public health labor market conditions inflation pressures and inflation expectations and financial and international developments,46,True
statement_20230201,74,2023-02-01,7,The Committee anticipates that ongoing increases in the target range will be appropriate in order to attain a stance of monetary policy that is sufficiently restrictive to return inflation to 2 percent over time.,the committee anticipates that ongoing increases in the target range will be appropriate in order to attain a stance of monetary policy that is sufficiently restrictive to return inflation to # percent over time,the committee anticipates that ongoing increases in the target range will be appropriate in order to attain a stance of monetary policy that is sufficiently restrictive to return inflation to # percent over time,3,True
statement_20230201,74,2023-02-01,8,"In determining the extent of future increases in the target range, the Committee will take into account the cumulative tightening of monetary policy, the lags with which monetary policy affects economic activity and inflation, and economic and financial developments.",in determining the extent of future increases in the target range the committee will take into account the cumulative tightening of monetary policy the lags with which monetary policy affects economic activity and inflation and economic and financial developments,in determining the extent of future increases in the target range the committee will take into account the cumulative tightening of monetary policy the lags with which monetary policy affects economic activity and inflation and economic and financial developments,2,False
statement_20230201,74,2023-02-01,9,"In addition, the Committee will continue reducing its holdings of Treasury securities and agency debt and agency mortgage-backed securities, as described in its previously announced plans.",in addition the committee will continue reducing its holdings of treasury securities and agency debt and agency mortgage backed securities as described in its previously announced plans,in addition the committee will continue reducing its holdings of treasury securities and agency debt and agency mortgage backed securities as described in its previously announced plans,13,True
statement_20230201,74,2023-02-01,11,"In assessing the appropriate stance of monetary policy, the Committee will continue to monitor the implications of incoming information for the economic outlook.",in assessing the appropriate stance of monetary policy the committee will continue to monitor the implications of incoming information for the economic outlook,in assessing the appropriate stance of monetary policy the committee will continue to monitor the implications of incoming information for the economic outlook,46,True
statement_20230201,74,2023-02-01,12,The Committee would be prepared to adjust the stance of monetary policy as appropriate if risks emerge that could impede the attainment of the Committee's goals.,the committee would be prepared to adjust the stance of monetary policy as appropriate if risks emerge that could impede the attainment of the committee s goals,the committee would be prepared to adjust the stance of monetary policy as appropriate if risks emerge that could impede the attainment of the committee s goals,46,True
statement_20230201,74,2023-02-01,13,"The Committee's assessments will take into account a wide range of information, including readings on labor market conditions, inflation pressures and inflation expectations, and financial and international developments.",the committee s assessments will take into account a wide range of information including readings on labor market conditions inflation pressures and inflation expectations and financial and international developments,the committee s assessments will take into account a wide range of information including readings on public health labor market conditions inflation pressures and inflation expectations and financial and international developments,46,True
statement_20230322,75,2023-03-22,9,The Committee will closely monitor incoming information and assess the implications for monetary policy.,the committee will closely monitor incoming information and assess the implications for monetary policy,the committee will closely monitor incoming information and assess the implications for monetary policy,2,False
statement_20230322,75,2023-03-22,10,The Committee anticipates that some additional policy firming may be appropriate in order to attain a stance of monetary policy that is sufficiently restrictive to return inflation to 2 percent over time.,the committee anticipates that some additional policy firming may be appropriate in order to attain a stance of monetary policy that is sufficiently restrictive to return inflation to # percent over time,the committee anticipates that some additional policy firming may be appropriate in order to attain a stance of monetary policy that is sufficiently restrictive to return inflation to # percent over time,1,False
statement_20230322,75,2023-03-22,11,"In determining the extent of future increases in the target range, the Committee will take into account the cumulative tightening of monetary policy, the lags with which monetary policy affects economic activity and inflation, and economic and financial developments.",in determining the extent of future increases in the target range the committee will take into account the cumulative tightening of monetary policy the lags with which monetary policy affects economic activity and inflation and economic and financial developments,in determining the extent of future increases in the target range the committee will take into account the cumulative tightening of monetary policy the lags with which monetary policy affects economic activity and inflation and economic and financial developments,2,False
statement_20230322,75,2023-03-22,12,"In addition, the Committee will continue reducing its holdings of Treasury securities and agency debt and agency mortgage-backed securities, as described in its previously announced plans.",in addition the committee will continue reducing its holdings of treasury securities and agency debt and agency mortgage backed securities as described in its previously announced plans,in addition the committee will continue reducing its holdings of treasury securities and agency debt and agency mortgage backed securities as described in its previously announced plans,13,True
statement_20230322,75,2023-03-22,14,"In assessing the appropriate stance of monetary policy, the Committee will continue to monitor the implications of incoming information for the economic outlook.",in assessing the appropriate stance of monetary policy the committee will continue to monitor the implications of incoming information for the economic outlook,in assessing the appropriate stance of monetary policy the committee will continue to monitor the implications of incoming information for the economic outlook,46,True
statement_20230322,75,2023-03-22,15,The Committee would be prepared to adjust the stance of monetary policy as appropriate if risks emerge that could impede the attainment of the Committee's goals.,the committee would be prepared to adjust the stance of monetary policy as appropriate if risks emerge that could impede the attainment of the committee s goals,the committee would be prepared to adjust the stance of monetary policy as appropriate if risks emerge that could impede the attainment of the committee s goals,46,True
statement_20230322,75,2023-03-22,16,"The Committee's assessments will take into account a wide range of information, including readings on labor market conditions, inflation pressures and inflation expectations, and financial and international developments.",the committee s assessments will take into account a wide range of information including readings on labor market conditions inflation pressures and inflation expectations and financial and international developments,the committee s assessments will take into account a wide range of information including readings on public health labor market conditions inflation pressures and inflation expectations and financial and international developments,46,True
statement_20230503,76,2023-05-03,9,The Committee will closely monitor incoming information and assess the implications for monetary policy.,the committee will closely monitor incoming information and assess the implications for monetary policy,the committee will closely monitor incoming information and assess the implications for monetary policy,2,False
statement_20230503,76,2023-05-03,10,"In determining the extent to which additional policy firming may be appropriate to return inflation to 2 percent over time, the Committee will take into account the cumulative tightening of monetary policy, the lags with which monetary policy affects economic activity and inflation, and economic and financial developments.",in determining the extent to which additional policy firming may be appropriate to return inflation to # percent over time the committee will take into account the cumulative tightening of monetary policy the lags with which monetary policy affects economic activity and inflation and economic and financial developments,in determining the extent to which additional policy firming may be appropriate to return inflation to # percent over time the committee will take into account the cumulative tightening of monetary policy the lags with which monetary policy affects economic activity and inflation and economic and financial developments,1,False
statement_20230503,76,2023-05-03,11,"In addition, the Committee will continue reducing its holdings of Treasury securities and agency debt and agency mortgage-backed securities, as described in its previously announced plans.",in addition the committee will continue reducing its holdings of treasury securities and agency debt and agency mortgage backed securities as described in its previously announced plans,in addition the committee will continue reducing its holdings of treasury securities and agency debt and agency mortgage backed securities as described in its previously announced plans,13,True
statement_20230503,76,2023-05-03,13,"In assessing the appropriate stance of monetary policy, the Committee will continue to monitor the implications of incoming information for the economic outlook.",in assessing the appropriate stance of monetary policy the committee will continue to monitor the implications of incoming information for the economic outlook,in assessing the appropriate stance of monetary policy the committee will continue to monitor the implications of incoming information for the economic outlook,46,True
statement_20230503,76,2023-05-03,14,The Committee would be prepared to adjust the stance of monetary policy as appropriate if risks emerge that could impede the attainment of the Committee's goals.,the committee would be prepared to adjust the stance of monetary policy as appropriate if risks emerge that could impede the attainment of the committee s goals,the committee would be prepared to adjust the stance of monetary policy as appropriate if risks emerge that could impede the attainment of the committee s goals,46,True
statement_20230503,76,2023-05-03,15,"The Committee's assessments will take into account a wide range of information, including readings on labor market conditions, inflation pressures and inflation expectations, and financial and international developments.",the committee s assessments will take into account a wide range of information including readings on labor market conditions inflation pressures and inflation expectations and financial and international developments,the committee s assessments will take into account a wide range of information including readings on public health labor market conditions inflation pressures and inflation expectations and financial and international developments,46,True
statement_20230614,77,2023-06-14,10,"In determining the extent of additional policy firming that may be appropriate to return inflation to 2 percent over time, the Committee will take into account the cumulative tightening of monetary policy, the lags with which monetary policy affects economic activity and inflation, and economic and financial developments.",in determining the extent of additional policy firming that may be appropriate to return inflation to # percent over time the committee will take into account the cumulative tightening of monetary policy the lags with which monetary policy affects economic activity and inflation and economic and financial developments,in determining the extent of additional policy firming that may be appropriate to return inflation to # percent over time the committee will take into account the cumulative tightening of monetary policy the lags with which monetary policy affects economic activity and inflation and economic and financial developments,5,True
statement_20230614,77,2023-06-14,11,"In addition, the Committee will continue reducing its holdings of Treasury securities and agency debt and agency mortgage-backed securities, as described in its previously announced plans.",in addition the committee will continue reducing its holdings of treasury securities and agency debt and agency mortgage backed securities as described in its previously announced plans,in addition the committee will continue reducing its holdings of treasury securities and agency debt and agency mortgage backed securities as described in its previously announced plans,13,True
statement_20230614,77,2023-06-14,13,"In assessing the appropriate stance of monetary policy, the Committee will continue to monitor the implications of incoming information for the economic outlook.",in assessing the appropriate stance of monetary policy the committee will continue to monitor the implications of incoming information for the economic outlook,in assessing the appropriate stance of monetary policy the committee will continue to monitor the implications of incoming information for the economic outlook,46,True
statement_20230614,77,2023-06-14,14,The Committee would be prepared to adjust the stance of monetary policy as appropriate if risks emerge that could impede the attainment of the Committee's goals.,the committee would be prepared to adjust the stance of monetary policy as appropriate if risks emerge that could impede the attainment of the committee s goals,the committee would be prepared to adjust the stance of monetary policy as appropriate if risks emerge that could impede the attainment of the committee s goals,46,True
statement_20230614,77,2023-06-14,15,"The Committee's assessments will take into account a wide range of information, including readings on labor market conditions, inflation pressures and inflation expectations, and financial and international developments.",the committee s assessments will take into account a wide range of information including readings on labor market conditions inflation pressures and inflation expectations and financial and international developments,the committee s assessments will take into account a wide range of information including readings on public health labor market conditions inflation pressures and inflation expectations and financial and international developments,46,True
statement_20230726,78,2023-07-26,9,The Committee will continue to assess additional information and its implications for monetary policy.,the committee will continue to assess additional information and its implications for monetary policy,the committee will continue to assess additional information and its implications for monetary policy,4,True
statement_20230726,78,2023-07-26,10,"In determining the extent of additional policy firming that may be appropriate to return inflation to 2 percent over time, the Committee will take into account the cumulative tightening of monetary policy, the lags with which monetary policy affects economic activity and inflation, and economic and financial developments.",in determining the extent of additional policy firming that may be appropriate to return inflation to # percent over time the committee will take into account the cumulative tightening of monetary policy the lags with which monetary policy affects economic activity and inflation and economic and financial developments,in determining the extent of additional policy firming that may be appropriate to return inflation to # percent over time the committee will take into account the cumulative tightening of monetary policy the lags with which monetary policy affects economic activity and inflation and economic and financial developments,5,True
statement_20230726,78,2023-07-26,11,"In addition, the Committee will continue reducing its holdings of Treasury securities and agency debt and agency mortgage-backed securities, as described in its previously announced plans.",in addition the committee will continue reducing its holdings of treasury securities and agency debt and agency mortgage backed securities as described in its previously announced plans,in addition the committee will continue reducing its holdings of treasury securities and agency debt and agency mortgage backed securities as described in its previously announced plans,13,True
statement_20230726,78,2023-07-26,13,"In assessing the appropriate stance of monetary policy, the Committee will continue to monitor the implications of incoming information for the economic outlook.",in assessing the appropriate stance of monetary policy the committee will continue to monitor the implications of incoming information for the economic outlook,in assessing the appropriate stance of monetary policy the committee will continue to monitor the implications of incoming information for the economic outlook,46,True
statement_20230726,78,2023-07-26,14,The Committee would be prepared to adjust the stance of monetary policy as appropriate if risks emerge that could impede the attainment of the Committee's goals.,the committee would be prepared to adjust the stance of monetary policy as appropriate if risks emerge that could impede the attainment of the committee s goals,the committee would be prepared to adjust the stance of monetary policy as appropriate if risks emerge that could impede the attainment of the committee s goals,46,True
statement_20230726,78,2023-07-26,15,"The Committee's assessments will take into account a wide range of information, including readings on labor market conditions, inflation pressures and inflation expectations, and financial and international developments.",the committee s assessments will take into account a wide range of information including readings on labor market conditions inflation pressures and inflation expectations and financial and international developments,the committee s assessments will take into account a wide range of information including readings on public health labor market conditions inflation pressures and inflation expectations and financial and international developments,46,True
statement_20230920,79,2023-09-20,9,The Committee will continue to assess additional information and its implications for monetary policy.,the committee will continue to assess additional information and its implications for monetary policy,the committee will continue to assess additional information and its implications for monetary policy,4,True
statement_20230920,79,2023-09-20,10,"In determining the extent of additional policy firming that may be appropriate to return inflation to 2 percent over time, the Committee will take into account the cumulative tightening of monetary policy, the lags with which monetary policy affects economic activity and inflation, and economic and financial developments.",in determining the extent of additional policy firming that may be appropriate to return inflation to # percent over time the committee will take into account the cumulative tightening of monetary policy the lags with which monetary policy affects economic activity and inflation and economic and financial developments,in determining the extent of additional policy firming that may be appropriate to return inflation to # percent over time the committee will take into account the cumulative tightening of monetary policy the lags with which monetary policy affects economic activity and inflation and economic and financial developments,5,True
statement_20230920,79,2023-09-20,11,"In addition, the Committee will continue reducing its holdings of Treasury securities and agency debt and agency mortgage-backed securities, as described in its previously announced plans.",in addition the committee will continue reducing its holdings of treasury securities and agency debt and agency mortgage backed securities as described in its previously announced plans,in addition the committee will continue reducing its holdings of treasury securities and agency debt and agency mortgage backed securities as described in its previously announced plans,13,True
statement_20230920,79,2023-09-20,13,"In assessing the appropriate stance of monetary policy, the Committee will continue to monitor the implications of incoming information for the economic outlook.",in assessing the appropriate stance of monetary policy the committee will continue to monitor the implications of incoming information for the economic outlook,in assessing the appropriate stance of monetary policy the committee will continue to monitor the implications of incoming information for the economic outlook,46,True
statement_20230920,79,2023-09-20,14,The Committee would be prepared to adjust the stance of monetary policy as appropriate if risks emerge that could impede the attainment of the Committee's goals.,the committee would be prepared to adjust the stance of monetary policy as appropriate if risks emerge that could impede the attainment of the committee s goals,the committee would be prepared to adjust the stance of monetary policy as appropriate if risks emerge that could impede the attainment of the committee s goals,46,True
statement_20230920,79,2023-09-20,15,"The Committee's assessments will take into account a wide range of information, including readings on labor market conditions, inflation pressures and inflation expectations, and financial and international developments.",the committee s assessments will take into account a wide range of information including readings on labor market conditions inflation pressures and inflation expectations and financial and international developments,the committee s assessments will take into account a wide range of information including readings on public health labor market conditions inflation pressures and inflation expectations and financial and international developments,46,True
statement_20231101,80,2023-11-01,9,The Committee will continue to assess additional information and its implications for monetary policy.,the committee will continue to assess additional information and its implications for monetary policy,the committee will continue to assess additional information and its implications for monetary policy,4,True
statement_20231101,80,2023-11-01,10,"In determining the extent of additional policy firming that may be appropriate to return inflation to 2 percent over time, the Committee will take into account the cumulative tightening of monetary policy, the lags with which monetary policy affects economic activity and inflation, and economic and financial developments.",in determining the extent of additional policy firming that may be appropriate to return inflation to # percent over time the committee will take into account the cumulative tightening of monetary policy the lags with which monetary policy affects economic activity and inflation and economic and financial developments,in determining the extent of additional policy firming that may be appropriate to return inflation to # percent over time the committee will take into account the cumulative tightening of monetary policy the lags with which monetary policy affects economic activity and inflation and economic and financial developments,5,True
statement_20231101,80,2023-11-01,11,"In addition, the Committee will continue reducing its holdings of Treasury securities and agency debt and agency mortgage-backed securities, as described in its previously announced plans.",in addition the committee will continue reducing its holdings of treasury securities and agency debt and agency mortgage backed securities as described in its previously announced plans,in addition the committee will continue reducing its holdings of treasury securities and agency debt and agency mortgage backed securities as described in its previously announced plans,13,True
statement_20231101,80,2023-11-01,13,"In assessing the appropriate stance of monetary policy, the Committee will continue to monitor the implications of incoming information for the economic outlook.",in assessing the appropriate stance of monetary policy the committee will continue to monitor the implications of incoming information for the economic outlook,in assessing the appropriate stance of monetary policy the committee will continue to monitor the implications of incoming information for the economic outlook,46,True
statement_20231101,80,2023-11-01,14,The Committee would be prepared to adjust the stance of monetary policy as appropriate if risks emerge that could impede the attainment of the Committee's goals.,the committee would be prepared to adjust the stance of monetary policy as appropriate if risks emerge that could impede the attainment of the committee s goals,the committee would be prepared to adjust the stance of monetary policy as appropriate if risks emerge that could impede the attainment of the committee s goals,46,True
statement_20231101,80,2023-11-01,15,"The Committee's assessments will take into account a wide range of information, including readings on labor market conditions, inflation pressures and inflation expectations, and financial and international developments.",the committee s assessments will take into account a wide range of information including readings on labor market conditions inflation pressures and inflation expectations and financial and international developments,the committee s assessments will take into account a wide range of information including readings on public health labor market conditions inflation pressures and inflation expectations and financial and international developments,46,True
statement_20231213,81,2023-12-13,9,The Committee will continue to assess additional information and its implications for monetary policy.,the committee will continue to assess additional information and its implications for monetary policy,the committee will continue to assess additional information and its implications for monetary policy,4,True
statement_20231213,81,2023-12-13,10,"In determining the extent of any additional policy firming that may be appropriate to return inflation to 2 percent over time, the Committee will take into account the cumulative tightening of monetary policy, the lags with which monetary policy affects economic activity and inflation, and economic and financial developments.",in determining the extent of any additional policy firming that may be appropriate to return inflation to # percent over time the committee will take into account the cumulative tightening of monetary policy the lags with which monetary policy affects economic activity and inflation and economic and financial developments,in determining the extent of additional policy firming that may be appropriate to return inflation to # percent over time the committee will take into account the cumulative tightening of monetary policy the lags with which monetary policy affects economic activity and inflation and economic and financial developments,5,True
statement_20231213,81,2023-12-13,11,"In addition, the Committee will continue reducing its holdings of Treasury securities and agency debt and agency mortgage-backed securities, as described in its previously announced plans.",in addition the committee will continue reducing its holdings of treasury securities and agency debt and agency mortgage backed securities as described in its previously announced plans,in addition the committee will continue reducing its holdings of treasury securities and agency debt and agency mortgage backed securities as described in its previously announced plans,13,True
statement_20231213,81,2023-12-13,13,"In assessing the appropriate stance of monetary policy, the Committee will continue to monitor the implications of incoming information for the economic outlook.",in assessing the appropriate stance of monetary policy the committee will continue to monitor the implications of incoming information for the economic outlook,in assessing the appropriate stance of monetary policy the committee will continue to monitor the implications of incoming information for the economic outlook,46,True
statement_20231213,81,2023-12-13,14,The Committee would be prepared to adjust the stance of monetary policy as appropriate if risks emerge that could impede the attainment of the Committee's goals.,the committee would be prepared to adjust the stance of monetary policy as appropriate if risks emerge that could impede the attainment of the committee s goals,the committee would be prepared to adjust the stance of monetary policy as appropriate if risks emerge that could impede the attainment of the committee s goals,46,True
statement_20231213,81,2023-12-13,15,"The Committee's assessments will take into account a wide range of information, including readings on labor market conditions, inflation pressures and inflation expectations, and financial and international developments.",the committee s assessments will take into account a wide range of information including readings on labor market conditions inflation pressures and inflation expectations and financial and international developments,the committee s assessments will take into account a wide range of information including readings on public health labor market conditions inflation pressures and inflation expectations and financial and international developments,46,True
statement_20240131,82,2024-01-31,7,"In considering any adjustments to the target range for the federal funds rate, the Committee will carefully assess incoming data, the evolving outlook, and the balance of risks.",in considering any adjustments to the target range for the federal funds rate the committee will carefully assess incoming data the evolving outlook and the balance of risks,in considering any adjustments to the target range for the federal funds rate the committee will carefully assess incoming data the evolving outlook and the balance of risks,9,True
statement_20240131,82,2024-01-31,8,The Committee does not expect it will be appropriate to reduce the target range until it has gained greater confidence that inflation is moving sustainably toward 2 percent.,the committee does not expect it will be appropriate to reduce the target range until it has gained greater confidence that inflation is moving sustainably toward # percent,the committee does not expect it will be appropriate to reduce the target range until it has gained greater confidence that inflation is moving sustainably toward # percent,5,True
statement_20240131,82,2024-01-31,9,"In addition, the Committee will continue reducing its holdings of Treasury securities and agency debt and agency mortgage-backed securities, as described in its previously announced plans.",in addition the committee will continue reducing its holdings of treasury securities and agency debt and agency mortgage backed securities as described in its previously announced plans,in addition the committee will continue reducing its holdings of treasury securities and agency debt and agency mortgage backed securities as described in its previously announced plans,13,True
statement_20240131,82,2024-01-31,11,"In assessing the appropriate stance of monetary policy, the Committee will continue to monitor the implications of incoming information for the economic outlook.",in assessing the appropriate stance of monetary policy the committee will continue to monitor the implications of incoming information for the economic outlook,in assessing the appropriate stance of monetary policy the committee will continue to monitor the implications of incoming information for the economic outlook,46,True
statement_20240131,82,2024-01-31,12,The Committee would be prepared to adjust the stance of monetary policy as appropriate if risks emerge that could impede the attainment of the Committee's goals.,the committee would be prepared to adjust the stance of monetary policy as appropriate if risks emerge that could impede the attainment of the committee s goals,the committee would be prepared to adjust the stance of monetary policy as appropriate if risks emerge that could impede the attainment of the committee s goals,46,True
statement_20240131,82,2024-01-31,13,"The Committee's assessments will take into account a wide range of information, including readings on labor market conditions, inflation pressures and inflation expectations, and financial and international developments.",the committee s assessments will take into account a wide range of information including readings on labor market conditions inflation pressures and inflation expectations and financial and international developments,the committee s assessments will take into account a wide range of information including readings on public health labor market conditions inflation pressures and inflation expectations and financial and international developments,46,True
statement_20240320,83,2024-03-20,7,"In considering any adjustments to the target range for the federal funds rate, the Committee will carefully assess incoming data, the evolving outlook, and the balance of risks.",in considering any adjustments to the target range for the federal funds rate the committee will carefully assess incoming data the evolving outlook and the balance of risks,in considering any adjustments to the target range for the federal funds rate the committee will carefully assess incoming data the evolving outlook and the balance of risks,9,True
statement_20240320,83,2024-03-20,8,The Committee does not expect it will be appropriate to reduce the target range until it has gained greater confidence that inflation is moving sustainably toward 2 percent.,the committee does not expect it will be appropriate to reduce the target range until it has gained greater confidence that inflation is moving sustainably toward # percent,the committee does not expect it will be appropriate to reduce the target range until it has gained greater confidence that inflation is moving sustainably toward # percent,5,True
statement_20240320,83,2024-03-20,9,"In addition, the Committee will continue reducing its holdings of Treasury securities and agency debt and agency mortgage-backed securities, as described in its previously announced plans.",in addition the committee will continue reducing its holdings of treasury securities and agency debt and agency mortgage backed securities as described in its previously announced plans,in addition the committee will continue reducing its holdings of treasury securities and agency debt and agency mortgage backed securities as described in its previously announced plans,13,True
statement_20240320,83,2024-03-20,11,"In assessing the appropriate stance of monetary policy, the Committee will continue to monitor the implications of incoming information for the economic outlook.",in assessing the appropriate stance of monetary policy the committee will continue to monitor the implications of incoming information for the economic outlook,in assessing the appropriate stance of monetary policy the committee will continue to monitor the implications of incoming information for the economic outlook,46,True
statement_20240320,83,2024-03-20,12,The Committee would be prepared to adjust the stance of monetary policy as appropriate if risks emerge that could impede the attainment of the Committee's goals.,the committee would be prepared to adjust the stance of monetary policy as appropriate if risks emerge that could impede the attainment of the committee s goals,the committee would be prepared to adjust the stance of monetary policy as appropriate if risks emerge that could impede the attainment of the committee s goals,46,True
statement_20240320,83,2024-03-20,13,"The Committee's assessments will take into account a wide range of information, including readings on labor market conditions, inflation pressures and inflation expectations, and financial and international developments.",the committee s assessments will take into account a wide range of information including readings on labor market conditions inflation pressures and inflation expectations and financial and international developments,the committee s assessments will take into account a wide range of information including readings on public health labor market conditions inflation pressures and inflation expectations and financial and international developments,46,True
statement_20240501,84,2024-05-01,8,"In considering any adjustments to the target range for the federal funds rate, the Committee will carefully assess incoming data, the evolving outlook, and the balance of risks.",in considering any adjustments to the target range for the federal funds rate the committee will carefully assess incoming data the evolving outlook and the balance of risks,in considering any adjustments to the target range for the federal funds rate the committee will carefully assess incoming data the evolving outlook and the balance of risks,9,True
statement_20240501,84,2024-05-01,9,The Committee does not expect it will be appropriate to reduce the target range until it has gained greater confidence that inflation is moving sustainably toward 2 percent.,the committee does not expect it will be appropriate to reduce the target range until it has gained greater confidence that inflation is moving sustainably toward # percent,the committee does not expect it will be appropriate to reduce the target range until it has gained greater confidence that inflation is moving sustainably toward # percent,5,True
statement_20240501,84,2024-05-01,10,"In addition, the Committee will continue reducing its holdings of Treasury securities and agency debt and agency mortgage‑backed securities.",in addition the committee will continue reducing its holdings of treasury securities and agency debt and agency mortgage backed securities,in addition the committee will continue reducing its holdings of treasury securities and agency debt and agency mortgage backed securities as described in its previously announced plans,13,True
statement_20240501,84,2024-05-01,11,"Beginning in June, the Committee will slow the pace of decline of its securities holdings by reducing the monthly redemption cap on Treasury securities from $60 billion to $25 billion.",beginning in june the committee will slow the pace of decline of its securities holdings by reducing the monthly redemption cap on treasury securities from # billion to # billion,beginning in june the committee will slow the pace of decline of its securities holdings by reducing the monthly redemption cap on treasury securities from # billion to # billion,2,False
statement_20240501,84,2024-05-01,12,The Committee will maintain the monthly redemption cap on agency debt and agency mortgage‑backed securities at $35 billion and will reinvest any principal payments in excess of this cap into Treasury securities.,the committee will maintain the monthly redemption cap on agency debt and agency mortgage backed securities at # billion and will reinvest any principal payments in excess of this cap into treasury securities,the committee will maintain the monthly redemption cap on agency debt and agency mortgage backed securities at # billion and will reinvest any principal payments in excess of this cap into treasury securities,1,False
statement_20240501,84,2024-05-01,14,"In assessing the appropriate stance of monetary policy, the Committee will continue to monitor the implications of incoming information for the economic outlook.",in assessing the appropriate stance of monetary policy the committee will continue to monitor the implications of incoming information for the economic outlook,in assessing the appropriate stance of monetary policy the committee will continue to monitor the implications of incoming information for the economic outlook,46,True
statement_20240501,84,2024-05-01,15,The Committee would be prepared to adjust the stance of monetary policy as appropriate if risks emerge that could impede the attainment of the Committee's goals.,the committee would be prepared to adjust the stance of monetary policy as appropriate if risks emerge that could impede the attainment of the committee s goals,the committee would be prepared to adjust the stance of monetary policy as appropriate if risks emerge that could impede the attainment of the committee s goals,46,True
statement_20240501,84,2024-05-01,16,"The Committee's assessments will take into account a wide range of information, including readings on labor market conditions, inflation pressures and inflation expectations, and financial and international developments.",the committee s assessments will take into account a wide range of information including readings on labor market conditions inflation pressures and inflation expectations and financial and international developments,the committee s assessments will take into account a wide range of information including readings on public health labor market conditions inflation pressures and inflation expectations and financial and international developments,46,True
statement_20240612,85,2024-06-12,8,"In considering any adjustments to the target range for the federal funds rate, the Committee will carefully assess incoming data, the evolving outlook, and the balance of risks.",in considering any adjustments to the target range for the federal funds rate the committee will carefully assess incoming data the evolving outlook and the balance of risks,in considering any adjustments to the target range for the federal funds rate the committee will carefully assess incoming data the evolving outlook and the balance of risks,9,True
statement_20240612,85,2024-06-12,9,The Committee does not expect it will be appropriate to reduce the target range until it has gained greater confidence that inflation is moving sustainably toward 2 percent.,the committee does not expect it will be appropriate to reduce the target range until it has gained greater confidence that inflation is moving sustainably toward # percent,the committee does not expect it will be appropriate to reduce the target range until it has gained greater confidence that inflation is moving sustainably toward # percent,5,True
statement_20240612,85,2024-06-12,10,"In addition, the Committee will continue reducing its holdings of Treasury securities and agency debt and agency mortgage‑backed securities.",in addition the committee will continue reducing its holdings of treasury securities and agency debt and agency mortgage backed securities,in addition the committee will continue reducing its holdings of treasury securities and agency debt and agency mortgage backed securities as described in its previously announced plans,13,True
statement_20240612,85,2024-06-12,12,"In assessing the appropriate stance of monetary policy, the Committee will continue to monitor the implications of incoming information for the economic outlook.",in assessing the appropriate stance of monetary policy the committee will continue to monitor the implications of incoming information for the economic outlook,in assessing the appropriate stance of monetary policy the committee will continue to monitor the implications of incoming information for the economic outlook,46,True
statement_20240612,85,2024-06-12,13,The Committee would be prepared to adjust the stance of monetary policy as appropriate if risks emerge that could impede the attainment of the Committee's goals.,the committee would be prepared to adjust the stance of monetary policy as appropriate if risks emerge that could impede the attainment of the committee s goals,the committee would be prepared to adjust the stance of monetary policy as appropriate if risks emerge that could impede the attainment of the committee s goals,46,True
statement_20240612,85,2024-06-12,14,"The Committee's assessments will take into account a wide range of information, including readings on labor market conditions, inflation pressures and inflation expectations, and financial and international developments.",the committee s assessments will take into account a wide range of information including readings on labor market conditions inflation pressures and inflation expectations and financial and international developments,the committee s assessments will take into account a wide range of information including readings on public health labor market conditions inflation pressures and inflation expectations and financial and international developments,46,True
statement_20240731,86,2024-07-31,8,"In considering any adjustments to the target range for the federal funds rate, the Committee will carefully assess incoming data, the evolving outlook, and the balance of risks.",in considering any adjustments to the target range for the federal funds rate the committee will carefully assess incoming data the evolving outlook and the balance of risks,in considering any adjustments to the target range for the federal funds rate the committee will carefully assess incoming data the evolving outlook and the balance of risks,9,True
statement_20240731,86,2024-07-31,9,The Committee does not expect it will be appropriate to reduce the target range until it has gained greater confidence that inflation is moving sustainably toward 2 percent.,the committee does not expect it will be appropriate to reduce the target range until it has gained greater confidence that inflation is moving sustainably toward # percent,the committee does not expect it will be appropriate to reduce the target range until it has gained greater confidence that inflation is moving sustainably toward # percent,5,True
statement_20240731,86,2024-07-31,10,"In addition, the Committee will continue reducing its holdings of Treasury securities and agency debt and agency mortgage‑backed securities.",in addition the committee will continue reducing its holdings of treasury securities and agency debt and agency mortgage backed securities,in addition the committee will continue reducing its holdings of treasury securities and agency debt and agency mortgage backed securities as described in its previously announced plans,13,True
statement_20240731,86,2024-07-31,12,"In assessing the appropriate stance of monetary policy, the Committee will continue to monitor the implications of incoming information for the economic outlook.",in assessing the appropriate stance of monetary policy the committee will continue to monitor the implications of incoming information for the economic outlook,in assessing the appropriate stance of monetary policy the committee will continue to monitor the implications of incoming information for the economic outlook,46,True
statement_20240731,86,2024-07-31,13,The Committee would be prepared to adjust the stance of monetary policy as appropriate if risks emerge that could impede the attainment of the Committee's goals.,the committee would be prepared to adjust the stance of monetary policy as appropriate if risks emerge that could impede the attainment of the committee s goals,the committee would be prepared to adjust the stance of monetary policy as appropriate if risks emerge that could impede the attainment of the committee s goals,46,True
statement_20240731,86,2024-07-31,14,"The Committee's assessments will take into account a wide range of information, including readings on labor market conditions, inflation pressures and inflation expectations, and financial and international developments.",the committee s assessments will take into account a wide range of information including readings on labor market conditions inflation pressures and inflation expectations and financial and international developments,the committee s assessments will take into account a wide range of information including readings on public health labor market conditions inflation pressures and inflation expectations and financial and international developments,46,True
statement_20240918,87,2024-09-18,7,"In considering additional adjustments to the target range for the federal funds rate, the Committee will carefully assess incoming data, the evolving outlook, and the balance of risks.",in considering additional adjustments to the target range for the federal funds rate the committee will carefully assess incoming data the evolving outlook and the balance of risks,in considering any adjustments to the target range for the federal funds rate the committee will carefully assess incoming data the evolving outlook and the balance of risks,9,True
statement_20240918,87,2024-09-18,8,The Committee will continue reducing its holdings of Treasury securities and agency debt and agency mortgage‑backed securities.,the committee will continue reducing its holdings of treasury securities and agency debt and agency mortgage backed securities,the committee will continue reducing its holdings of treasury securities and agency debt and agency mortgage backed securities,9,True
statement_20240918,87,2024-09-18,10,"In assessing the appropriate stance of monetary policy, the Committee will continue to monitor the implications of incoming information for the economic outlook.",in assessing the appropriate stance of monetary policy the committee will continue to monitor the implications of incoming information for the economic outlook,in assessing the appropriate stance of monetary policy the committee will continue to monitor the implications of incoming information for the economic outlook,46,True
statement_20240918,87,2024-09-18,11,The Committee would be prepared to adjust the stance of monetary policy as appropriate if risks emerge that could impede the attainment of the Committee's goals.,the committee would be prepared to adjust the stance of monetary policy as appropriate if risks emerge that could impede the attainment of the committee s goals,the committee would be prepared to adjust the stance of monetary policy as appropriate if risks emerge that could impede the attainment of the committee s goals,46,True
statement_20240918,87,2024-09-18,12,"The Committee's assessments will take into account a wide range of information, including readings on labor market conditions, inflation pressures and inflation expectations, and financial and international developments.",the committee s assessments will take into account a wide range of information including readings on labor market conditions inflation pressures and inflation expectations and financial and international developments,the committee s assessments will take into account a wide range of information including readings on public health labor market conditions inflation pressures and inflation expectations and financial and international developments,46,True
statement_20241107,88,2024-11-07,7,"In considering additional adjustments to the target range for the federal funds rate, the Committee will carefully assess incoming data, the evolving outlook, and the balance of risks.",in considering additional adjustments to the target range for the federal funds rate the committee will carefully assess incoming data the evolving outlook and the balance of risks,in considering any adjustments to the target range for the federal funds rate the committee will carefully assess incoming data the evolving outlook and the balance of risks,9,True
statement_20241107,88,2024-11-07,8,The Committee will continue reducing its holdings of Treasury securities and agency debt and agency mortgage‑backed securities.,the committee will continue reducing its holdings of treasury securities and agency debt and agency mortgage backed securities,the committee will continue reducing its holdings of treasury securities and agency debt and agency mortgage backed securities,9,True
statement_20241107,88,2024-11-07,10,"In assessing the appropriate stance of monetary policy, the Committee will continue to monitor the implications of incoming information for the economic outlook.",in assessing the appropriate stance of monetary policy the committee will continue to monitor the implications of incoming information for the economic outlook,in assessing the appropriate stance of monetary policy the committee will continue to monitor the implications of incoming information for the economic outlook,46,True
statement_20241107,88,2024-11-07,11,The Committee would be prepared to adjust the stance of monetary policy as appropriate if risks emerge that could impede the attainment of the Committee's goals.,the committee would be prepared to adjust the stance of monetary policy as appropriate if risks emerge that could impede the attainment of the committee s goals,the committee would be prepared to adjust the stance of monetary policy as appropriate if risks emerge that could impede the attainment of the committee s goals,46,True
statement_20241107,88,2024-11-07,12,"The Committee's assessments will take into account a wide range of information, including readings on labor market conditions, inflation pressures and inflation expectations, and financial and international developments.",the committee s assessments will take into account a wide range of information including readings on labor market conditions inflation pressures and inflation expectations and financial and international developments,the committee s assessments will take into account a wide range of information including readings on public health labor market conditions inflation pressures and inflation expectations and financial and international developments,46,True
statement_20241218,89,2024-12-18,7,"In considering the extent and timing of additional adjustments to the target range for the federal funds rate, the Committee will carefully assess incoming data, the evolving outlook, and the balance of risks.",in considering the extent and timing of additional adjustments to the target range for the federal funds rate the committee will carefully assess incoming data the evolving outlook and the balance of risks,in considering the extent and timing of additional adjustments to the target range for the federal funds rate the committee will carefully assess incoming data the evolving outlook and the balance of risks,10,True
statement_20241218,89,2024-12-18,8,The Committee will continue reducing its holdings of Treasury securities and agency debt and agency mortgage‑backed securities.,the committee will continue reducing its holdings of treasury securities and agency debt and agency mortgage backed securities,the committee will continue reducing its holdings of treasury securities and agency debt and agency mortgage backed securities,9,True
statement_20241218,89,2024-12-18,10,"In assessing the appropriate stance of monetary policy, the Committee will continue to monitor the implications of incoming information for the economic outlook.",in assessing the appropriate stance of monetary policy the committee will continue to monitor the implications of incoming information for the economic outlook,in assessing the appropriate stance of monetary policy the committee will continue to monitor the implications of incoming information for the economic outlook,46,True
statement_20241218,89,2024-12-18,11,The Committee would be prepared to adjust the stance of monetary policy as appropriate if risks emerge that could impede the attainment of the Committee's goals.,the committee would be prepared to adjust the stance of monetary policy as appropriate if risks emerge that could impede the attainment of the committee s goals,the committee would be prepared to adjust the stance of monetary policy as appropriate if risks emerge that could impede the attainment of the committee s goals,46,True
statement_20241218,89,2024-12-18,12,"The Committee's assessments will take into account a wide range of information, including readings on labor market conditions, inflation pressures and inflation expectations, and financial and international developments.",the committee s assessments will take into account a wide range of information including readings on labor market conditions inflation pressures and inflation expectations and financial and international developments,the committee s assessments will take into account a wide range of information including readings on public health labor market conditions inflation pressures and inflation expectations and financial and international developments,46,True
statement_20250129,90,2025-01-29,7,"In considering the extent and timing of additional adjustments to the target range for the federal funds rate, the Committee will carefully assess incoming data, the evolving outlook, and the balance of risks.",in considering the extent and timing of additional adjustments to the target range for the federal funds rate the committee will carefully assess incoming data the evolving outlook and the balance of risks,in considering the extent and timing of additional adjustments to the target range for the federal funds rate the committee will carefully assess incoming data the evolving outlook and the balance of risks,10,True
statement_20250129,90,2025-01-29,8,The Committee will continue reducing its holdings of Treasury securities and agency debt and agency mortgage‑backed securities.,the committee will continue reducing its holdings of treasury securities and agency debt and agency mortgage backed securities,the committee will continue reducing its holdings of treasury securities and agency debt and agency mortgage backed securities,9,True
statement_20250129,90,2025-01-29,10,"In assessing the appropriate stance of monetary policy, the Committee will continue to monitor the implications of incoming information for the economic outlook.",in assessing the appropriate stance of monetary policy the committee will continue to monitor the implications of incoming information for the economic outlook,in assessing the appropriate stance of monetary policy the committee will continue to monitor the implications of incoming information for the economic outlook,46,True
statement_20250129,90,2025-01-29,11,The Committee would be prepared to adjust the stance of monetary policy as appropriate if risks emerge that could impede the attainment of the Committee's goals.,the committee would be prepared to adjust the stance of monetary policy as appropriate if risks emerge that could impede the attainment of the committee s goals,the committee would be prepared to adjust the stance of monetary policy as appropriate if risks emerge that could impede the attainment of the committee s goals,46,True
statement_20250129,90,2025-01-29,12,"The Committee's assessments will take into account a wide range of information, including readings on labor market conditions, inflation pressures and inflation expectations, and financial and international developments.",the committee s assessments will take into account a wide range of information including readings on labor market conditions inflation pressures and inflation expectations and financial and international developments,the committee s assessments will take into account a wide range of information including readings on public health labor market conditions inflation pressures and inflation expectations and financial and international developments,46,True
statement_20250319,91,2025-03-19,7,"In considering the extent and timing of additional adjustments to the target range for the federal funds rate, the Committee will carefully assess incoming data, the evolving outlook, and the balance of risks.",in considering the extent and timing of additional adjustments to the target range for the federal funds rate the committee will carefully assess incoming data the evolving outlook and the balance of risks,in considering the extent and timing of additional adjustments to the target range for the federal funds rate the committee will carefully assess incoming data the evolving outlook and the balance of risks,10,True
statement_20250319,91,2025-03-19,8,The Committee will continue reducing its holdings of Treasury securities and agency debt and agency mortgage‑backed securities.,the committee will continue reducing its holdings of treasury securities and agency debt and agency mortgage backed securities,the committee will continue reducing its holdings of treasury securities and agency debt and agency mortgage backed securities,9,True
statement_20250319,91,2025-03-19,9,"Beginning in April, the Committee will slow the pace of decline of its securities holdings by reducing the monthly redemption cap on Treasury securities from $25 billion to $5 billion.",beginning in april the committee will slow the pace of decline of its securities holdings by reducing the monthly redemption cap on treasury securities from # billion to # billion,beginning in june the committee will slow the pace of decline of its securities holdings by reducing the monthly redemption cap on treasury securities from # billion to # billion,2,False
statement_20250319,91,2025-03-19,10,The Committee will maintain the monthly redemption cap on agency debt and agency mortgage-backed securities at $35 billion.,the committee will maintain the monthly redemption cap on agency debt and agency mortgage backed securities at # billion,the committee will maintain the monthly redemption cap on agency debt and agency mortgage backed securities at # billion,1,False
statement_20250319,91,2025-03-19,12,"In assessing the appropriate stance of monetary policy, the Committee will continue to monitor the implications of incoming information for the economic outlook.",in assessing the appropriate stance of monetary policy the committee will continue to monitor the implications of incoming information for the economic outlook,in assessing the appropriate stance of monetary policy the committee will continue to monitor the implications of incoming information for the economic outlook,46,True
statement_20250319,91,2025-03-19,13,The Committee would be prepared to adjust the stance of monetary policy as appropriate if risks emerge that could impede the attainment of the Committee's goals.,the committee would be prepared to adjust the stance of monetary policy as appropriate if risks emerge that could impede the attainment of the committee s goals,the committee would be prepared to adjust the stance of monetary policy as appropriate if risks emerge that could impede the attainment of the committee s goals,46,True
statement_20250319,91,2025-03-19,14,"The Committee's assessments will take into account a wide range of information, including readings on labor market conditions, inflation pressures and inflation expectations, and financial and international developments.",the committee s assessments will take into account a wide range of information including readings on labor market conditions inflation pressures and inflation expectations and financial and international developments,the committee s assessments will take into account a wide range of information including readings on public health labor market conditions inflation pressures and inflation expectations and financial and international developments,46,True
statement_20250507,92,2025-05-07,7,"In considering the extent and timing of additional adjustments to the target range for the federal funds rate, the Committee will carefully assess incoming data, the evolving outlook, and the balance of risks.",in considering the extent and timing of additional adjustments to the target range for the federal funds rate the committee will carefully assess incoming data the evolving outlook and the balance of risks,in considering the extent and timing of additional adjustments to the target range for the federal funds rate the committee will carefully assess incoming data the evolving outlook and the balance of risks,10,True
statement_20250507,92,2025-05-07,8,The Committee will continue reducing its holdings of Treasury securities and agency debt and agency mortgage‑backed securities.,the committee will continue reducing its holdings of treasury securities and agency debt and agency mortgage backed securities,the committee will continue reducing its holdings of treasury securities and agency debt and agency mortgage backed securities,9,True
statement_20250507,92,2025-05-07,10,"In assessing the appropriate stance of monetary policy, the Committee will continue to monitor the implications of incoming information for the economic outlook.",in assessing the appropriate stance of monetary policy the committee will continue to monitor the implications of incoming information for the economic outlook,in assessing the appropriate stance of monetary policy the committee will continue to monitor the implications of incoming information for the economic outlook,46,True
statement_20250507,92,2025-05-07,11,The Committee would be prepared to adjust the stance of monetary policy as appropriate if risks emerge that could impede the attainment of the Committee's goals.,the committee would be prepared to adjust the stance of monetary policy as appropriate if risks emerge that could impede the attainment of the committee s goals,the committee would be prepared to adjust the stance of monetary policy as appropriate if risks emerge that could impede the attainment of the committee s goals,46,True
statement_20250507,92,2025-05-07,12,"The Committee's assessments will take into account a wide range of information, including readings on labor market conditions, inflation pressures and inflation expectations, and financial and international developments.",the committee s assessments will take into account a wide range of information including readings on labor market conditions inflation pressures and inflation expectations and financial and international developments,the committee s assessments will take into account a wide range of information including readings on public health labor market conditions inflation pressures and inflation expectations and financial and international developments,46,True
statement_20250618,93,2025-06-18,7,"In considering the extent and timing of additional adjustments to the target range for the federal funds rate, the Committee will carefully assess incoming data, the evolving outlook, and the balance of risks.",in considering the extent and timing of additional adjustments to the target range for the federal funds rate the committee will carefully assess incoming data the evolving outlook and the balance of risks,in considering the extent and timing of additional adjustments to the target range for the federal funds rate the committee will carefully assess incoming data the evolving outlook and the balance of risks,10,True
statement_20250618,93,2025-06-18,8,The Committee will continue reducing its holdings of Treasury securities and agency debt and agency mortgage‑backed securities.,the committee will continue reducing its holdings of treasury securities and agency debt and agency mortgage backed securities,the committee will continue reducing its holdings of treasury securities and agency debt and agency mortgage backed securities,9,True
statement_20250618,93,2025-06-18,10,"In assessing the appropriate stance of monetary policy, the Committee will continue to monitor the implications of incoming information for the economic outlook.",in assessing the appropriate stance of monetary policy the committee will continue to monitor the implications of incoming information for the economic outlook,in assessing the appropriate stance of monetary policy the committee will continue to monitor the implications of incoming information for the economic outlook,46,True
statement_20250618,93,2025-06-18,11,The Committee would be prepared to adjust the stance of monetary policy as appropriate if risks emerge that could impede the attainment of the Committee's goals.,the committee would be prepared to adjust the stance of monetary policy as appropriate if risks emerge that could impede the attainment of the committee s goals,the committee would be prepared to adjust the stance of monetary policy as appropriate if risks emerge that could impede the attainment of the committee s goals,46,True
statement_20250618,93,2025-06-18,12,"The Committee's assessments will take into account a wide range of information, including readings on labor market conditions, inflation pressures and inflation expectations, and financial and international developments.",the committee s assessments will take into account a wide range of information including readings on labor market conditions inflation pressures and inflation expectations and financial and international developments,the committee s assessments will take into account a wide range of information including readings on public health labor market conditions inflation pressures and inflation expectations and financial and international developments,46,True
statement_20250730,94,2025-07-30,7,"In considering the extent and timing of additional adjustments to the target range for the federal funds rate, the Committee will carefully assess incoming data, the evolving outlook, and the balance of risks.",in considering the extent and timing of additional adjustments to the target range for the federal funds rate the committee will carefully assess incoming data the evolving outlook and the balance of risks,in considering the extent and timing of additional adjustments to the target range for the federal funds rate the committee will carefully assess incoming data the evolving outlook and the balance of risks,10,True
statement_20250730,94,2025-07-30,8,The Committee will continue reducing its holdings of Treasury securities and agency debt and agency mortgage‑backed securities.,the committee will continue reducing its holdings of treasury securities and agency debt and agency mortgage backed securities,the committee will continue reducing its holdings of treasury securities and agency debt and agency mortgage backed securities,9,True
statement_20250730,94,2025-07-30,10,"In assessing the appropriate stance of monetary policy, the Committee will continue to monitor the implications of incoming information for the economic outlook.",in assessing the appropriate stance of monetary policy the committee will continue to monitor the implications of incoming information for the economic outlook,in assessing the appropriate stance of monetary policy the committee will continue to monitor the implications of incoming information for the economic outlook,46,True
statement_20250730,94,2025-07-30,11,The Committee would be prepared to adjust the stance of monetary policy as appropriate if risks emerge that could impede the attainment of the Committee's goals.,the committee would be prepared to adjust the stance of monetary policy as appropriate if risks emerge that could impede the attainment of the committee s goals,the committee would be prepared to adjust the stance of monetary policy as appropriate if risks emerge that could impede the attainment of the committee s goals,46,True
statement_20250730,94,2025-07-30,12,"The Committee's assessments will take into account a wide range of information, including readings on labor market conditions, inflation pressures and inflation expectations, and financial and international developments.",the committee s assessments will take into account a wide range of information including readings on labor market conditions inflation pressures and inflation expectations and financial and international developments,the committee s assessments will take into account a wide range of information including readings on public health labor market conditions inflation pressures and inflation expectations and financial and international developments,46,True
statement_20250917,95,2025-09-17,7,"In considering additional adjustments to the target range for the federal funds rate, the Committee will carefully assess incoming data, the evolving outlook, and the balance of risks.",in considering additional adjustments to the target range for the federal funds rate the committee will carefully assess incoming data the evolving outlook and the balance of risks,in considering any adjustments to the target range for the federal funds rate the committee will carefully assess incoming data the evolving outlook and the balance of risks,9,True
statement_20250917,95,2025-09-17,8,The Committee will continue reducing its holdings of Treasury securities and agency debt and agency mortgage‑backed securities.,the committee will continue reducing its holdings of treasury securities and agency debt and agency mortgage backed securities,the committee will continue reducing its holdings of treasury securities and agency debt and agency mortgage backed securities,9,True
statement_20250917,95,2025-09-17,10,"In assessing the appropriate stance of monetary policy, the Committee will continue to monitor the implications of incoming information for the economic outlook.",in assessing the appropriate stance of monetary policy the committee will continue to monitor the implications of incoming information for the economic outlook,in assessing the appropriate stance of monetary policy the committee will continue to monitor the implications of incoming information for the economic outlook,46,True
statement_20250917,95,2025-09-17,11,The Committee would be prepared to adjust the stance of monetary policy as appropriate if risks emerge that could impede the attainment of the Committee's goals.,the committee would be prepared to adjust the stance of monetary policy as appropriate if risks emerge that could impede the attainment of the committee s goals,the committee would be prepared to adjust the stance of monetary policy as appropriate if risks emerge that could impede the attainment of the committee s goals,46,True
statement_20250917,95,2025-09-17,12,"The Committee's assessments will take into account a wide range of information, including readings on labor market conditions, inflation pressures and inflation expectations, and financial and international developments.",the committee s assessments will take into account a wide range of information including readings on labor market conditions inflation pressures and inflation expectations and financial and international developments,the committee s assessments will take into account a wide range of information including readings on public health labor market conditions inflation pressures and inflation expectations and financial and international developments,46,True
statement_20251029,96,2025-10-29,7,"In considering additional adjustments to the target range for the federal funds rate, the Committee will carefully assess incoming data, the evolving outlook, and the balance of risks.",in considering additional adjustments to the target range for the federal funds rate the committee will carefully assess incoming data the evolving outlook and the balance of risks,in considering any adjustments to the target range for the federal funds rate the committee will carefully assess incoming data the evolving outlook and the balance of risks,9,True
statement_20251029,96,2025-10-29,10,"In assessing the appropriate stance of monetary policy, the Committee will continue to monitor the implications of incoming information for the economic outlook.",in assessing the appropriate stance of monetary policy the committee will continue to monitor the implications of incoming information for the economic outlook,in assessing the appropriate stance of monetary policy the committee will continue to monitor the implications of incoming information for the economic outlook,46,True
statement_20251029,96,2025-10-29,11,The Committee would be prepared to adjust the stance of monetary policy as appropriate if risks emerge that could impede the attainment of the Committee's goals.,the committee would be prepared to adjust the stance of monetary policy as appropriate if risks emerge that could impede the attainment of the committee s goals,the committee would be prepared to adjust the stance of monetary policy as appropriate if risks emerge that could impede the attainment of the committee s goals,46,True
statement_20251029,96,2025-10-29,12,"The Committee's assessments will take into account a wide range of information, including readings on labor market conditions, inflation pressures and inflation expectations, and financial and international developments.",the committee s assessments will take into account a wide range of information including readings on labor market conditions inflation pressures and inflation expectations and financial and international developments,the committee s assessments will take into account a wide range of information including readings on public health labor market conditions inflation pressures and inflation expectations and financial and international developments,46,True
statement_20251210,97,2025-12-10,8,"In considering the extent and timing of additional adjustments to the target range for the federal funds rate, the Committee will carefully assess incoming data, the evolving outlook, and the balance of risks.",in considering the extent and timing of additional adjustments to the target range for the federal funds rate the committee will carefully assess incoming data the evolving outlook and the balance of risks,in considering the extent and timing of additional adjustments to the target range for the federal funds rate the committee will carefully assess incoming data the evolving outlook and the balance of risks,10,True
statement_20251210,97,2025-12-10,10,"In assessing the appropriate stance of monetary policy, the Committee will continue to monitor the implications of incoming information for the economic outlook.",in assessing the appropriate stance of monetary policy the committee will continue to monitor the implications of incoming information for the economic outlook,in assessing the appropriate stance of monetary policy the committee will continue to monitor the implications of incoming information for the economic outlook,46,True
statement_20251210,97,2025-12-10,11,The Committee would be prepared to adjust the stance of monetary policy as appropriate if risks emerge that could impede the attainment of the Committee's goals.,the committee would be prepared to adjust the stance of monetary policy as appropriate if risks emerge that could impede the attainment of the committee s goals,the committee would be prepared to adjust the stance of monetary policy as appropriate if risks emerge that could impede the attainment of the committee s goals,46,True
statement_20251210,97,2025-12-10,12,"The Committee's assessments will take into account a wide range of information, including readings on labor market conditions, inflation pressures and inflation expectations, and financial and international developments.",the committee s assessments will take into account a wide range of information including readings on labor market conditions inflation pressures and inflation expectations and financial and international developments,the committee s assessments will take into account a wide range of information including readings on public health labor market conditions inflation pressures and inflation expectations and financial and international developments,46,True
statement_20251210,97,2025-12-10,13,The Committee judges that reserve balances have declined to ample levels and will initiate purchases of shorter-term Treasury securities as needed to maintain an ample supply of reserves on an ongoing basis.,the committee judges that reserve balances have declined to ample levels and will initiate purchases of shorter term treasury securities as needed to maintain an ample supply of reserves on an ongoing basis,the committee judges that reserve balances have declined to ample levels and will initiate purchases of shorter term treasury securities as needed to maintain an ample supply of reserves on an ongoing basis,1,False
statement_20260128,98,2026-01-28,7,"In considering the extent and timing of additional adjustments to the target range for the federal funds rate, the Committee will carefully assess incoming data, the evolving outlook, and the balance of risks.",in considering the extent and timing of additional adjustments to the target range for the federal funds rate the committee will carefully assess incoming data the evolving outlook and the balance of risks,in considering the extent and timing of additional adjustments to the target range for the federal funds rate the committee will carefully assess incoming data the evolving outlook and the balance of risks,10,True
statement_20260128,98,2026-01-28,9,"In assessing the appropriate stance of monetary policy, the Committee will continue to monitor the implications of incoming information for the economic outlook.",in assessing the appropriate stance of monetary policy the committee will continue to monitor the implications of incoming information for the economic outlook,in assessing the appropriate stance of monetary policy the committee will continue to monitor the implications of incoming information for the economic outlook,46,True
statement_20260128,98,2026-01-28,10,The Committee would be prepared to adjust the stance of monetary policy as appropriate if risks emerge that could impede the attainment of the Committee's goals.,the committee would be prepared to adjust the stance of monetary policy as appropriate if risks emerge that could impede the attainment of the committee s goals,the committee would be prepared to adjust the stance of monetary policy as appropriate if risks emerge that could impede the attainment of the committee s goals,46,True
statement_20260128,98,2026-01-28,11,"The Committee's assessments will take into account a wide range of information, including readings on labor market conditions, inflation pressures and inflation expectations, and financial and international developments.",the committee s assessments will take into account a wide range of information including readings on labor market conditions inflation pressures and inflation expectations and financial and international developments,the committee s assessments will take into account a wide range of information including readings on public health labor market conditions inflation pressures and inflation expectations and financial and international developments,46,True
statement_20260318,99,2026-03-18,8,"In considering the extent and timing of additional adjustments to the target range for the federal funds rate, the Committee will carefully assess incoming data, the evolving outlook, and the balance of risks.",in considering the extent and timing of additional adjustments to the target range for the federal funds rate the committee will carefully assess incoming data the evolving outlook and the balance of risks,in considering the extent and timing of additional adjustments to the target range for the federal funds rate the committee will carefully assess incoming data the evolving outlook and the balance of risks,10,True
statement_20260318,99,2026-03-18,10,"In assessing the appropriate stance of monetary policy, the Committee will continue to monitor the implications of incoming information for the economic outlook.",in assessing the appropriate stance of monetary policy the committee will continue to monitor the implications of incoming information for the economic outlook,in assessing the appropriate stance of monetary policy the committee will continue to monitor the implications of incoming information for the economic outlook,46,True
statement_20260318,99,2026-03-18,11,The Committee would be prepared to adjust the stance of monetary policy as appropriate if risks emerge that could impede the attainment of the Committee's goals.,the committee would be prepared to adjust the stance of monetary policy as appropriate if risks emerge that could impede the attainment of the committee s goals,the committee would be prepared to adjust the stance of monetary policy as appropriate if risks emerge that could impede the attainment of the committee s goals,46,True
statement_20260318,99,2026-03-18,12,"The Committee's assessments will take into account a wide range of information, including readings on labor market conditions, inflation pressures and inflation expectations, and financial and international developments.",the committee s assessments will take into account a wide range of information including readings on labor market conditions inflation pressures and inflation expectations and financial and international developments,the committee s assessments will take into account a wide range of information including readings on public health labor market conditions inflation pressures and inflation expectations and financial and international developments,46,True
statement_20260429,100,2026-04-29,7,"In considering the extent and timing of additional adjustments to the target range for the federal funds rate, the Committee will carefully assess incoming data, the evolving outlook, and the balance of risks.",in considering the extent and timing of additional adjustments to the target range for the federal funds rate the committee will carefully assess incoming data the evolving outlook and the balance of risks,in considering the extent and timing of additional adjustments to the target range for the federal funds rate the committee will carefully assess incoming data the evolving outlook and the balance of risks,10,True
statement_20260429,100,2026-04-29,9,"In assessing the appropriate stance of monetary policy, the Committee will continue to monitor the implications of incoming information for the economic outlook.",in assessing the appropriate stance of monetary policy the committee will continue to monitor the implications of incoming information for the economic outlook,in assessing the appropriate stance of monetary policy the committee will continue to monitor the implications of incoming information for the economic outlook,46,True
statement_20260429,100,2026-04-29,10,The Committee would be prepared to adjust the stance of monetary policy as appropriate if risks emerge that could impede the attainment of the Committee's goals.,the committee would be prepared to adjust the stance of monetary policy as appropriate if risks emerge that could impede the attainment of the committee s goals,the committee would be prepared to adjust the stance of monetary policy as appropriate if risks emerge that could impede the attainment of the committee s goals,46,True
statement_20260429,100,2026-04-29,11,"The Committee's assessments will take into account a wide range of information, including readings on labor market conditions, inflation pressures and inflation expectations, and financial and international developments.",the committee s assessments will take into account a wide range of information including readings on labor market conditions inflation pressures and inflation expectations and financial and international developments,the committee s assessments will take into account a wide range of information including readings on public health labor market conditions inflation pressures and inflation expectations and financial and international developments,46,True
