doc_id,doc_type,date,chair,layer,n_tokens,n_sents
statement_20100127,statement,2010-01-27,Bernanke,statement,486,17
statement_20100127,statement,2010-01-27,Bernanke,statement_vote,76,2
statement_20100316,statement,2010-03-16,Bernanke,statement,362,13
statement_20100316,statement,2010-03-16,Bernanke,statement_vote,91,2
statement_20100428,statement,2010-04-28,Bernanke,statement,312,12
statement_20100428,statement,2010-04-28,Bernanke,statement_vote,103,2
statement_20100623,statement,2010-06-23,Bernanke,statement,260,12
statement_20100623,statement,2010-06-23,Bernanke,statement_vote,103,2
statement_20100810,statement,2010-08-10,Bernanke,statement,304,12
statement_20100810,statement,2010-08-10,Bernanke,statement_vote,135,4
statement_20100921,statement,2010-09-21,Bernanke,statement,307,13
statement_20100921,statement,2010-09-21,Bernanke,statement_vote,123,4
statement_20101103,statement,2010-11-03,Bernanke,statement,402,17
statement_20101103,statement,2010-11-03,Bernanke,statement_vote,97,4
statement_20101214,statement,2010-12-14,Bernanke,statement,405,16
statement_20101214,statement,2010-12-14,Bernanke,statement_vote,93,3
statement_20110126,statement,2011-01-26,Bernanke,statement,397,15
statement_20110126,statement,2011-01-26,Bernanke,statement_vote,44,1
statement_20110315,statement,2011-03-15,Bernanke,statement,427,16
statement_20110315,statement,2011-03-15,Bernanke,statement_vote,41,1
statement_20110427,statement,2011-04-27,Bernanke,statement,426,16
statement_20110427,statement,2011-04-27,Bernanke,statement_vote,41,1
statement_20110622,statement,2011-06-22,Bernanke,statement,421,17
statement_20110622,statement,2011-06-22,Bernanke,statement_vote,41,1
statement_20110809,statement,2011-08-09,Bernanke,statement,455,20
statement_20110809,statement,2011-08-09,Bernanke,statement_vote,73,2
statement_20110921,statement,2011-09-21,Bernanke,statement,541,25
statement_20110921,statement,2011-09-21,Bernanke,statement_vote,57,2
statement_20111102,statement,2011-11-02,Bernanke,statement,440,17
statement_20111102,statement,2011-11-02,Bernanke,statement_vote,54,2
statement_20111213,statement,2011-12-13,Bernanke,statement,384,15
statement_20111213,statement,2011-12-13,Bernanke,statement_vote,54,2
statement_20120125,statement,2012-01-25,Bernanke,statement,355,14
statement_20120125,statement,2012-01-25,Bernanke,statement_vote,72,2
statement_20120313,statement,2012-03-13,Bernanke,statement,369,16
statement_20120313,statement,2012-03-13,Bernanke,statement_vote,68,2
statement_20120425,statement,2012-04-25,Bernanke,statement,378,17
statement_20120425,statement,2012-04-25,Bernanke,statement_vote,68,2
statement_20120620,statement,2012-06-20,Bernanke,statement,449,22
statement_20120620,statement,2012-06-20,Bernanke,statement_vote,60,2
statement_20120801,statement,2012-08-01,Bernanke,statement,386,16
statement_20120801,statement,2012-08-01,Bernanke,statement_vote,79,2
statement_20120913,statement,2012-09-13,Bernanke,statement,493,20
statement_20120913,statement,2012-09-13,Bernanke,statement_vote,82,2
statement_20121024,statement,2012-10-24,Bernanke,statement,469,19
statement_20121024,statement,2012-10-24,Bernanke,statement_vote,92,2
statement_20121212,statement,2012-12-12,Bernanke,statement,630,23
statement_20121212,statement,2012-12-12,Bernanke,statement_vote,78,2
statement_20130130,statement,2013-01-30,Bernanke,statement,582,20
statement_20130130,statement,2013-01-30,Bernanke,statement_vote,84,2
statement_20130320,statement,2013-03-20,Bernanke,statement,579,20
statement_20130320,statement,2013-03-20,Bernanke,statement_vote,84,2
statement_20130501,statement,2013-05-01,Bernanke,statement,605,21
statement_20130501,statement,2013-05-01,Bernanke,statement_vote,84,2
statement_20130619,statement,2013-06-19,Bernanke,statement,609,20
statement_20130619,statement,2013-06-19,Bernanke,statement_vote,108,2
statement_20130731,statement,2013-07-31,Bernanke,statement,636,20
statement_20130731,statement,2013-07-31,Bernanke,statement_vote,84,2
statement_20130918,statement,2013-09-18,Bernanke,statement,745,21
statement_20130918,statement,2013-09-18,Bernanke,statement_vote,78,2
statement_20131030,statement,2013-10-30,Bernanke,statement,723,22
statement_20131030,statement,2013-10-30,Bernanke,statement_vote,78,2
statement_20131218,statement,2013-12-18,Bernanke,statement,822,24
statement_20131218,statement,2013-12-18,Bernanke,statement_vote,88,2
statement_20140129,statement,2014-01-29,Bernanke,statement,833,25
statement_20140129,statement,2014-01-29,Bernanke,statement_vote,40,1
statement_20140319,statement,2014-03-19,Yellen,statement,843,28
statement_20140319,statement,2014-03-19,Yellen,statement_vote,78,2
statement_20140430,statement,2014-04-30,Yellen,statement,814,27
statement_20140430,statement,2014-04-30,Yellen,statement_vote,37,1
statement_20140618,statement,2014-06-18,Yellen,statement,799,26
statement_20140618,statement,2014-06-18,Yellen,statement_vote,39,1
statement_20140730,statement,2014-07-30,Yellen,statement,795,27
statement_20140730,statement,2014-07-30,Yellen,statement_vote,98,2
statement_20140917,statement,2014-09-17,Yellen,statement,788,25
statement_20140917,statement,2014-09-17,Yellen,statement_vote,149,4
statement_20141029,statement,2014-10-29,Yellen,statement,641,26
statement_20141029,statement,2014-10-29,Yellen,statement_vote,111,2
statement_20141217,statement,2014-12-17,Yellen,statement,582,23
statement_20141217,statement,2014-12-17,Yellen,statement_vote,173,2
statement_20150128,statement,2015-01-28,Yellen,statement,544,23
statement_20150128,statement,2015-01-28,Yellen,statement_vote,40,1
statement_20150318,statement,2015-03-18,Yellen,statement,558,23
statement_20150318,statement,2015-03-18,Yellen,statement_vote,40,1
statement_20150429,statement,2015-04-29,Yellen,statement,535,21
statement_20150429,statement,2015-04-29,Yellen,statement_vote,40,1
statement_20150617,statement,2015-06-17,Yellen,statement,520,20
statement_20150617,statement,2015-06-17,Yellen,statement_vote,40,1
statement_20150729,statement,2015-07-29,Yellen,statement,513,20
statement_20150729,statement,2015-07-29,Yellen,statement_vote,40,1
statement_20150917,statement,2015-09-17,Yellen,statement,539,21
statement_20150917,statement,2015-09-17,Yellen,statement_vote,64,2
statement_20151028,statement,2015-10-28,Yellen,statement,530,20
statement_20151028,statement,2015-10-28,Yellen,statement_vote,64,2
statement_20151216,statement,2015-12-16,Yellen,statement,569,21
statement_20151216,statement,2015-12-16,Yellen,statement_vote,40,1
statement_20160127,statement,2016-01-27,Yellen,statement,530,18
statement_20160127,statement,2016-01-27,Yellen,statement_vote,38,1
statement_20160316,statement,2016-03-16,Yellen,statement,518,19
statement_20160316,statement,2016-03-16,Yellen,statement_vote,63,2
statement_20160427,statement,2016-04-27,Yellen,statement,523,19
statement_20160427,statement,2016-04-27,Yellen,statement_vote,63,2
statement_20160615,statement,2016-06-15,Yellen,statement,512,19
statement_20160615,statement,2016-06-15,Yellen,statement_vote,38,1
statement_20160727,statement,2016-07-27,Yellen,statement,513,20
statement_20160727,statement,2016-07-27,Yellen,statement_vote,63,2
statement_20160921,statement,2016-09-21,Yellen,statement,548,20
statement_20160921,statement,2016-09-21,Yellen,statement_vote,66,2
statement_20161102,statement,2016-11-02,Yellen,statement,542,20
statement_20161102,statement,2016-11-02,Yellen,statement_vote,66,2
statement_20161214,statement,2016-12-14,Yellen,statement,509,19
statement_20161214,statement,2016-12-14,Yellen,statement_vote,38,1
statement_20170201,statement,2017-02-01,Yellen,statement,471,19
statement_20170201,statement,2017-02-01,Yellen,statement_vote,38,1
statement_20170315,statement,2017-03-15,Yellen,statement,472,18
statement_20170315,statement,2017-03-15,Yellen,statement_vote,59,2
statement_20170503,statement,2017-05-03,Yellen,statement,493,20
statement_20170503,statement,2017-05-03,Yellen,statement_vote,35,1
statement_20170614,statement,2017-06-14,Yellen,statement,507,19
statement_20170614,statement,2017-06-14,Yellen,statement_vote,56,2
statement_20170726,statement,2017-07-26,Yellen,statement,482,18
statement_20170726,statement,2017-07-26,Yellen,statement_vote,35,1
statement_20170920,statement,2017-09-20,Yellen,statement,509,19
statement_20170920,statement,2017-09-20,Yellen,statement_vote,35,1
statement_20171101,statement,2017-11-01,Yellen,statement,486,19
statement_20171101,statement,2017-11-01,Yellen,statement_vote,36,1
statement_20171213,statement,2017-12-13,Yellen,statement,436,17
statement_20171213,statement,2017-12-13,Yellen,statement_vote,58,2
statement_20180131,statement,2018-01-31,Yellen,statement,389,15
statement_20180131,statement,2018-01-31,Yellen,statement_vote,38,1
statement_20180321,statement,2018-03-21,Powell,statement,421,17
statement_20180321,statement,2018-03-21,Powell,statement_vote,35,1
statement_20180502,statement,2018-05-02,Powell,statement,394,16
statement_20180502,statement,2018-05-02,Powell,statement_vote,35,1
statement_20180613,statement,2018-06-13,Powell,statement,289,12
statement_20180613,statement,2018-06-13,Powell,statement_vote,35,1
statement_20180801,statement,2018-08-01,Powell,statement,277,12
statement_20180801,statement,2018-08-01,Powell,statement_vote,35,1
statement_20180926,statement,2018-09-26,Powell,statement,256,11
statement_20180926,statement,2018-09-26,Powell,statement_vote,38,1
statement_20181108,statement,2018-11-08,Powell,statement,269,11
statement_20181108,statement,2018-11-08,Powell,statement_vote,38,1
statement_20181219,statement,2018-12-19,Powell,statement,293,11
statement_20181219,statement,2018-12-19,Powell,statement_vote,41,1
statement_20190130,statement,2019-01-30,Powell,statement,294,11
statement_20190130,statement,2019-01-30,Powell,statement_vote,40,1
statement_20190320,statement,2019-03-20,Powell,statement,310,11
statement_20190320,statement,2019-03-20,Powell,statement_vote,40,1
statement_20190501,statement,2019-05-01,Powell,statement,286,11
statement_20190501,statement,2019-05-01,Powell,statement_vote,40,1
statement_20190619,statement,2019-06-19,Powell,statement,300,11
statement_20190619,statement,2019-06-19,Powell,statement_vote,63,2
statement_20190731,statement,2019-07-31,Powell,statement,345,12
statement_20190731,statement,2019-07-31,Powell,statement_vote,67,2
statement_20190918,statement,2019-09-18,Powell,statement,316,11
statement_20190918,statement,2019-09-18,Powell,statement_vote,82,2
statement_20191011,statement,2019-10-11,Powell,statement,742,22
statement_20191030,statement,2019-10-30,Powell,statement,295,11
statement_20191030,statement,2019-10-30,Powell,statement_vote,62,2
statement_20191211,statement,2019-12-11,Powell,statement,277,11
statement_20191211,statement,2019-12-11,Powell,statement_vote,39,1
statement_20200129,statement,2020-01-29,Powell,statement,278,11
statement_20200129,statement,2020-01-29,Powell,statement_vote,38,1
statement_20200303,statement,2020-03-03,Powell,statement,93,5
statement_20200303,statement,2020-03-03,Powell,statement_vote,38,1
statement_20200315,statement,2020-03-15,Powell,statement,618,27
statement_20200315,statement,2020-03-15,Powell,statement_vote,89,2
statement_20200323,statement,2020-03-23,Powell,statement,619,22
statement_20200331,statement,2020-03-31,Powell,statement,272,10
statement_20200429,statement,2020-04-29,Powell,statement,386,14
statement_20200429,statement,2020-04-29,Powell,statement_vote,38,1
statement_20200610,statement,2020-06-10,Powell,statement,389,14
statement_20200610,statement,2020-06-10,Powell,statement_vote,38,1
statement_20200729,statement,2020-07-29,Powell,statement,410,15
statement_20200729,statement,2020-07-29,Powell,statement_vote,38,1
statement_20200827,statement,2020-08-27,Powell,statement,617,25
statement_20200916,statement,2020-09-16,Powell,statement,424,15
statement_20200916,statement,2020-09-16,Powell,statement_vote,129,2
statement_20201105,statement,2020-11-05,Powell,statement,421,15
statement_20201105,statement,2020-11-05,Powell,statement_vote,49,2
statement_20201216,statement,2020-12-16,Powell,statement,449,16
statement_20201216,statement,2020-12-16,Powell,statement_vote,38,1
statement_20210127,statement,2021-01-27,Powell,statement,449,16
statement_20210127,statement,2021-01-27,Powell,statement_vote,43,1
statement_20210317,statement,2021-03-17,Powell,statement,444,16
statement_20210317,statement,2021-03-17,Powell,statement_vote,43,1
statement_20210428,statement,2021-04-28,Powell,statement,440,17
statement_20210428,statement,2021-04-28,Powell,statement_vote,43,1
statement_20210616,statement,2021-06-16,Powell,statement,438,17
statement_20210616,statement,2021-06-16,Powell,statement_vote,43,1
statement_20210728,statement,2021-07-28,Powell,statement,451,17
statement_20210728,statement,2021-07-28,Powell,statement_vote,43,1
statement_20210922,statement,2021-09-22,Powell,statement,469,18
statement_20210922,statement,2021-09-22,Powell,statement_vote,43,1
statement_20211103,statement,2021-11-03,Powell,statement,586,21
statement_20211103,statement,2021-11-03,Powell,statement_vote,43,1
statement_20211215,statement,2021-12-15,Powell,statement,487,19
statement_20211215,statement,2021-12-15,Powell,statement_vote,43,1
statement_20220126,statement,2022-01-26,Powell,statement,390,17
statement_20220126,statement,2022-01-26,Powell,statement_vote,45,2
statement_20220316,statement,2022-03-16,Powell,statement,277,12
statement_20220316,statement,2022-03-16,Powell,statement_vote,74,3
statement_20220504,statement,2022-05-04,Powell,statement,338,16
statement_20220504,statement,2022-05-04,Powell,statement_vote,45,2
statement_20220615,statement,2022-06-15,Powell,statement,293,14
statement_20220615,statement,2022-06-15,Powell,statement_vote,83,3
statement_20220727,statement,2022-07-27,Powell,statement,275,13
statement_20220727,statement,2022-07-27,Powell,statement_vote,45,1
statement_20220921,statement,2022-09-21,Powell,statement,275,13
statement_20220921,statement,2022-09-21,Powell,statement_vote,45,1
statement_20221102,statement,2022-11-02,Powell,statement,348,16
statement_20221102,statement,2022-11-02,Powell,statement_vote,45,1
statement_20221214,statement,2022-12-14,Powell,statement,349,16
statement_20221214,statement,2022-12-14,Powell,statement_vote,45,1
statement_20230201,statement,2023-02-01,Powell,statement,307,15
statement_20230201,statement,2023-02-01,Powell,statement_vote,44,1
statement_20230322,statement,2023-03-22,Powell,statement,339,18
statement_20230322,statement,2023-03-22,Powell,statement_vote,42,1
statement_20230503,statement,2023-05-03,Powell,statement,305,17
statement_20230503,statement,2023-05-03,Powell,statement_vote,42,1
statement_20230614,statement,2023-06-14,Powell,statement,315,17
statement_20230614,statement,2023-06-14,Powell,statement_vote,42,1
statement_20230726,statement,2023-07-26,Powell,statement,308,17
statement_20230726,statement,2023-07-26,Powell,statement_vote,42,1
statement_20230920,statement,2023-09-20,Powell,statement,310,17
statement_20230920,statement,2023-09-20,Powell,statement_vote,45,1
statement_20231101,statement,2023-11-01,Powell,statement,316,17
statement_20231101,statement,2023-11-01,Powell,statement_vote,45,1
statement_20231213,statement,2023-12-13,Powell,statement,327,17
statement_20231213,statement,2023-12-13,Powell,statement_vote,45,1
statement_20240131,statement,2024-01-31,Powell,statement,304,15
statement_20240131,statement,2024-01-31,Powell,statement_vote,47,1
statement_20240320,statement,2024-03-20,Powell,statement,298,15
statement_20240320,statement,2024-03-20,Powell,statement_vote,47,1
statement_20240501,statement,2024-05-01,Powell,statement,379,18
statement_20240501,statement,2024-05-01,Powell,statement_vote,47,1
statement_20240612,statement,2024-06-12,Powell,statement,312,16
statement_20240612,statement,2024-06-12,Powell,statement_vote,47,1
statement_20240731,statement,2024-07-31,Powell,statement,318,16
statement_20240731,statement,2024-07-31,Powell,statement_vote,58,2
statement_20240918,statement,2024-09-18,Powell,statement,301,14
statement_20240918,statement,2024-09-18,Powell,statement_vote,71,2
statement_20241107,statement,2024-11-07,Powell,statement,288,14
statement_20241107,statement,2024-11-07,Powell,statement_vote,47,1
statement_20241218,statement,2024-12-18,Powell,statement,293,14
statement_20241218,statement,2024-12-18,Powell,statement_vote,71,2
statement_20250129,statement,2025-01-29,Powell,statement,275,14
statement_20250129,statement,2025-01-29,Powell,statement_vote,47,1
statement_20250319,statement,2025-03-19,Powell,statement,311,16
statement_20250319,statement,2025-03-19,Powell,statement_vote,74,2
statement_20250507,statement,2025-05-07,Powell,statement,282,14
statement_20250507,statement,2025-05-07,Powell,statement_vote,56,2
statement_20250618,statement,2025-06-18,Powell,statement,264,14
statement_20250618,statement,2025-06-18,Powell,statement_vote,47,1
statement_20250730,statement,2025-07-30,Powell,statement,264,14
statement_20250730,statement,2025-07-30,Powell,statement_vote,77,3
statement_20250822,statement,2025-08-22,Powell,statement,226,10
statement_20250917,statement,2025-09-17,Powell,statement,278,14
statement_20250917,statement,2025-09-17,Powell,statement_vote,71,2
statement_20251029,statement,2025-10-29,Powell,statement,293,14
statement_20251029,statement,2025-10-29,Powell,statement_vote,88,2
statement_20251210,statement,2025-12-10,Powell,statement,313,15
statement_20251210,statement,2025-12-10,Powell,statement_vote,89,2
statement_20260128,statement,2026-01-28,Powell,statement,236,13
statement_20260128,statement,2026-01-28,Powell,statement_vote,70,2
statement_20260318,statement,2026-03-18,Powell,statement,251,14
statement_20260318,statement,2026-03-18,Powell,statement_vote,69,2
statement_20260429,statement,2026-04-29,Powell,statement,258,13
statement_20260429,statement,2026-04-29,Powell,statement_vote,97,2
minutes_20100127,minutes,2010-01-27,Bernanke,min_front_matter,548,41
minutes_20100127,minutes,2010-01-27,Bernanke,min_boilerplate,3217,118
minutes_20100127,minutes,2010-01-27,Bernanke,min_staff_desk,1930,50
minutes_20100127,minutes,2010-01-27,Bernanke,min_staff,2638,114
minutes_20100127,minutes,2010-01-27,Bernanke,min_participants,1438,50
minutes_20100127,minutes,2010-01-27,Bernanke,min_committee,617,19
minutes_20100127,minutes,2010-01-27,Bernanke,min_directive_quote,254,9
minutes_20100127,minutes,2010-01-27,Bernanke,min_statement_quote,483,16
minutes_20100127,minutes,2010-01-27,Bernanke,min_vote,232,9
minutes_20100316,minutes,2010-03-16,Bernanke,min_front_matter,444,36
minutes_20100316,minutes,2010-03-16,Bernanke,min_staff_desk,796,25
minutes_20100316,minutes,2010-03-16,Bernanke,min_staff,2914,115
minutes_20100316,minutes,2010-03-16,Bernanke,min_participants,1169,40
minutes_20100316,minutes,2010-03-16,Bernanke,min_committee,546,14
minutes_20100316,minutes,2010-03-16,Bernanke,min_directive_quote,148,5
minutes_20100316,minutes,2010-03-16,Bernanke,min_statement_quote,359,12
minutes_20100316,minutes,2010-03-16,Bernanke,min_vote,218,9
minutes_20100316,minutes,2010-03-16,Bernanke,min_boilerplate,27,2
minutes_20100428,minutes,2010-04-28,Bernanke,min_front_matter,503,40
minutes_20100428,minutes,2010-04-28,Bernanke,min_staff_desk,1237,45
minutes_20100428,minutes,2010-04-28,Bernanke,min_staff,2643,108
minutes_20100428,minutes,2010-04-28,Bernanke,min_participants,1549,52
minutes_20100428,minutes,2010-04-28,Bernanke,min_committee,335,10
minutes_20100428,minutes,2010-04-28,Bernanke,min_directive_quote,112,4
minutes_20100428,minutes,2010-04-28,Bernanke,min_statement_quote,309,11
minutes_20100428,minutes,2010-04-28,Bernanke,min_vote,236,9
minutes_20100428,minutes,2010-04-28,Bernanke,min_boilerplate,26,2
minutes_20100623,minutes,2010-06-23,Bernanke,min_front_matter,552,40
minutes_20100623,minutes,2010-06-23,Bernanke,min_staff_desk,903,32
minutes_20100623,minutes,2010-06-23,Bernanke,min_staff,3471,140
minutes_20100623,minutes,2010-06-23,Bernanke,min_participants,1406,48
minutes_20100623,minutes,2010-06-23,Bernanke,min_committee,347,12
minutes_20100623,minutes,2010-06-23,Bernanke,min_directive_quote,115,4
minutes_20100623,minutes,2010-06-23,Bernanke,min_statement_quote,257,11
minutes_20100623,minutes,2010-06-23,Bernanke,min_vote,826,27
minutes_20100623,minutes,2010-06-23,Bernanke,min_boilerplate,26,2
minutes_20100810,minutes,2010-08-10,Bernanke,min_front_matter,499,39
minutes_20100810,minutes,2010-08-10,Bernanke,min_staff_desk,343,12
minutes_20100810,minutes,2010-08-10,Bernanke,min_staff,2724,125
minutes_20100810,minutes,2010-08-10,Bernanke,min_participants,1680,60
minutes_20100810,minutes,2010-08-10,Bernanke,min_committee,762,23
minutes_20100810,minutes,2010-08-10,Bernanke,min_directive_quote,158,5
minutes_20100810,minutes,2010-08-10,Bernanke,min_statement_quote,301,11
minutes_20100810,minutes,2010-08-10,Bernanke,min_vote,196,7
minutes_20100810,minutes,2010-08-10,Bernanke,min_boilerplate,27,2
minutes_20100921,minutes,2010-09-21,Bernanke,min_front_matter,454,35
minutes_20100921,minutes,2010-09-21,Bernanke,min_staff_desk,364,12
minutes_20100921,minutes,2010-09-21,Bernanke,min_staff,2897,123
minutes_20100921,minutes,2010-09-21,Bernanke,min_participants,1187,44
minutes_20100921,minutes,2010-09-21,Bernanke,min_committee,456,14
minutes_20100921,minutes,2010-09-21,Bernanke,min_directive_quote,131,4
minutes_20100921,minutes,2010-09-21,Bernanke,min_statement_quote,304,12
minutes_20100921,minutes,2010-09-21,Bernanke,min_vote,239,9
minutes_20100921,minutes,2010-09-21,Bernanke,min_boilerplate,26,2
minutes_20101103,minutes,2010-11-03,Bernanke,min_front_matter,526,40
minutes_20101103,minutes,2010-11-03,Bernanke,min_staff_desk,593,16
minutes_20101103,minutes,2010-11-03,Bernanke,min_staff,2734,116
minutes_20101103,minutes,2010-11-03,Bernanke,min_participants,1658,59
minutes_20101103,minutes,2010-11-03,Bernanke,min_committee,425,13
minutes_20101103,minutes,2010-11-03,Bernanke,min_directive_quote,153,5
minutes_20101103,minutes,2010-11-03,Bernanke,min_statement_quote,391,15
minutes_20101103,minutes,2010-11-03,Bernanke,min_vote,216,10
minutes_20101103,minutes,2010-11-03,Bernanke,min_boilerplate,425,14
minutes_20101214,minutes,2010-12-14,Bernanke,min_front_matter,407,36
minutes_20101214,minutes,2010-12-14,Bernanke,min_staff_desk,398,13
minutes_20101214,minutes,2010-12-14,Bernanke,min_staff,3384,140
minutes_20101214,minutes,2010-12-14,Bernanke,min_participants,1257,47
minutes_20101214,minutes,2010-12-14,Bernanke,min_committee,487,14
minutes_20101214,minutes,2010-12-14,Bernanke,min_directive_quote,153,5
minutes_20101214,minutes,2010-12-14,Bernanke,min_statement_quote,402,15
minutes_20101214,minutes,2010-12-14,Bernanke,min_vote,212,10
minutes_20101214,minutes,2010-12-14,Bernanke,min_boilerplate,27,2
minutes_20110126,minutes,2011-01-26,Bernanke,min_front_matter,506,47
minutes_20110126,minutes,2011-01-26,Bernanke,min_boilerplate,3012,115
minutes_20110126,minutes,2011-01-26,Bernanke,min_staff_desk,495,18
minutes_20110126,minutes,2011-01-26,Bernanke,min_staff,3452,141
minutes_20110126,minutes,2011-01-26,Bernanke,min_participants,1764,62
minutes_20110126,minutes,2011-01-26,Bernanke,min_committee,484,14
minutes_20110126,minutes,2011-01-26,Bernanke,min_directive_quote,153,5
minutes_20110126,minutes,2011-01-26,Bernanke,min_statement_quote,394,14
minutes_20110126,minutes,2011-01-26,Bernanke,min_vote,181,9
minutes_20110315,minutes,2011-03-15,Bernanke,min_front_matter,445,35
minutes_20110315,minutes,2011-03-15,Bernanke,min_staff_desk,377,12
minutes_20110315,minutes,2011-03-15,Bernanke,min_staff,2807,111
minutes_20110315,minutes,2011-03-15,Bernanke,min_participants,1763,67
minutes_20110315,minutes,2011-03-15,Bernanke,min_committee,547,17
minutes_20110315,minutes,2011-03-15,Bernanke,min_directive_quote,153,5
minutes_20110315,minutes,2011-03-15,Bernanke,min_statement_quote,424,15
minutes_20110315,minutes,2011-03-15,Bernanke,min_vote,257,10
minutes_20110315,minutes,2011-03-15,Bernanke,min_boilerplate,27,2
minutes_20110427,minutes,2011-04-27,Bernanke,min_front_matter,471,40
minutes_20110427,minutes,2011-04-27,Bernanke,min_staff_desk,1789,48
minutes_20110427,minutes,2011-04-27,Bernanke,min_staff,2445,101
minutes_20110427,minutes,2011-04-27,Bernanke,min_participants,1763,63
minutes_20110427,minutes,2011-04-27,Bernanke,min_committee,643,21
minutes_20110427,minutes,2011-04-27,Bernanke,min_directive_quote,153,6
minutes_20110427,minutes,2011-04-27,Bernanke,min_statement_quote,423,15
minutes_20110427,minutes,2011-04-27,Bernanke,min_vote,67,4
minutes_20110427,minutes,2011-04-27,Bernanke,min_boilerplate,26,2
minutes_20110622,minutes,2011-06-22,Bernanke,min_front_matter,542,43
minutes_20110622,minutes,2011-06-22,Bernanke,min_staff_desk,1072,34
minutes_20110622,minutes,2011-06-22,Bernanke,min_staff,2722,109
minutes_20110622,minutes,2011-06-22,Bernanke,min_participants,1759,54
minutes_20110622,minutes,2011-06-22,Bernanke,min_committee,554,16
minutes_20110622,minutes,2011-06-22,Bernanke,min_directive_quote,155,5
minutes_20110622,minutes,2011-06-22,Bernanke,min_statement_quote,418,16
minutes_20110622,minutes,2011-06-22,Bernanke,min_vote,194,8
minutes_20110622,minutes,2011-06-22,Bernanke,min_boilerplate,27,2
minutes_20110809,minutes,2011-08-09,Bernanke,min_front_matter,507,40
minutes_20110809,minutes,2011-08-09,Bernanke,min_staff_desk,104,4
minutes_20110809,minutes,2011-08-09,Bernanke,min_staff,2685,111
minutes_20110809,minutes,2011-08-09,Bernanke,min_participants,1402,51
minutes_20110809,minutes,2011-08-09,Bernanke,min_committee,757,22
minutes_20110809,minutes,2011-08-09,Bernanke,min_directive_quote,132,4
minutes_20110809,minutes,2011-08-09,Bernanke,min_statement_quote,452,19
minutes_20110809,minutes,2011-08-09,Bernanke,min_vote,576,19
minutes_20110809,minutes,2011-08-09,Bernanke,min_boilerplate,26,2
minutes_20110921,minutes,2011-09-21,Bernanke,min_front_matter,486,39
minutes_20110921,minutes,2011-09-21,Bernanke,min_staff_desk,1323,40
minutes_20110921,minutes,2011-09-21,Bernanke,min_staff,2701,107
minutes_20110921,minutes,2011-09-21,Bernanke,min_participants,1718,61
minutes_20110921,minutes,2011-09-21,Bernanke,min_committee,948,28
minutes_20110921,minutes,2011-09-21,Bernanke,min_directive_quote,229,6
minutes_20110921,minutes,2011-09-21,Bernanke,min_statement_quote,502,21
minutes_20110921,minutes,2011-09-21,Bernanke,min_vote,572,22
minutes_20111102,minutes,2011-11-02,Bernanke,min_front_matter,570,47
minutes_20111102,minutes,2011-11-02,Bernanke,min_staff_desk,165,6
minutes_20111102,minutes,2011-11-02,Bernanke,min_special,866,24
minutes_20111102,minutes,2011-11-02,Bernanke,min_staff,2825,111
minutes_20111102,minutes,2011-11-02,Bernanke,min_participants,1824,58
minutes_20111102,minutes,2011-11-02,Bernanke,min_committee,542,17
minutes_20111102,minutes,2011-11-02,Bernanke,min_directive_quote,239,9
minutes_20111102,minutes,2011-11-02,Bernanke,min_statement_quote,437,16
minutes_20111102,minutes,2011-11-02,Bernanke,min_vote,193,8
minutes_20111102,minutes,2011-11-02,Bernanke,min_boilerplate,27,2
minutes_20111213,minutes,2011-12-13,Bernanke,min_front_matter,487,40
minutes_20111213,minutes,2011-12-13,Bernanke,min_staff_desk,127,5
minutes_20111213,minutes,2011-12-13,Bernanke,min_staff,2619,105
minutes_20111213,minutes,2011-12-13,Bernanke,min_participants,1409,51
minutes_20111213,minutes,2011-12-13,Bernanke,min_committee,605,21
minutes_20111213,minutes,2011-12-13,Bernanke,min_directive_quote,239,6
minutes_20111213,minutes,2011-12-13,Bernanke,min_statement_quote,381,14
minutes_20111213,minutes,2011-12-13,Bernanke,min_vote,1758,54
minutes_20111213,minutes,2011-12-13,Bernanke,min_boilerplate,27,2
minutes_20120125,minutes,2012-01-25,Bernanke,min_front_matter,850,55
minutes_20120125,minutes,2012-01-25,Bernanke,min_boilerplate,3897,150
minutes_20120125,minutes,2012-01-25,Bernanke,min_staff_desk,127,5
minutes_20120125,minutes,2012-01-25,Bernanke,min_staff,2445,101
minutes_20120125,minutes,2012-01-25,Bernanke,min_participants,1918,68
minutes_20120125,minutes,2012-01-25,Bernanke,min_committee,712,21
minutes_20120125,minutes,2012-01-25,Bernanke,min_directive_quote,239,6
minutes_20120125,minutes,2012-01-25,Bernanke,min_statement_quote,352,13
minutes_20120125,minutes,2012-01-25,Bernanke,min_vote,156,7
minutes_20120313,minutes,2012-03-13,Bernanke,min_front_matter,395,35
minutes_20120313,minutes,2012-03-13,Bernanke,min_staff_desk,128,5
minutes_20120313,minutes,2012-03-13,Bernanke,min_staff,2459,101
minutes_20120313,minutes,2012-03-13,Bernanke,min_participants,1618,52
minutes_20120313,minutes,2012-03-13,Bernanke,min_committee,694,19
minutes_20120313,minutes,2012-03-13,Bernanke,min_directive_quote,239,6
minutes_20120313,minutes,2012-03-13,Bernanke,min_statement_quote,366,15
minutes_20120313,minutes,2012-03-13,Bernanke,min_vote,468,16
minutes_20120313,minutes,2012-03-13,Bernanke,min_boilerplate,27,2
minutes_20120425,minutes,2012-04-25,Bernanke,min_front_matter,445,37
minutes_20120425,minutes,2012-04-25,Bernanke,min_special,158,7
minutes_20120425,minutes,2012-04-25,Bernanke,min_staff_desk,297,9
minutes_20120425,minutes,2012-04-25,Bernanke,min_staff,2132,86
minutes_20120425,minutes,2012-04-25,Bernanke,min_participants,2203,74
minutes_20120425,minutes,2012-04-25,Bernanke,min_committee,1047,29
minutes_20120425,minutes,2012-04-25,Bernanke,min_directive_quote,239,6
minutes_20120425,minutes,2012-04-25,Bernanke,min_statement_quote,374,16
minutes_20120425,minutes,2012-04-25,Bernanke,min_vote,159,7
minutes_20120425,minutes,2012-04-25,Bernanke,min_boilerplate,26,2
minutes_20120620,minutes,2012-06-20,Bernanke,min_front_matter,603,45
minutes_20120620,minutes,2012-06-20,Bernanke,min_special,361,10
minutes_20120620,minutes,2012-06-20,Bernanke,min_staff_desk,184,7
minutes_20120620,minutes,2012-06-20,Bernanke,min_staff,2614,107
minutes_20120620,minutes,2012-06-20,Bernanke,min_participants,2285,69
minutes_20120620,minutes,2012-06-20,Bernanke,min_committee,1013,30
minutes_20120620,minutes,2012-06-20,Bernanke,min_directive_quote,318,9
minutes_20120620,minutes,2012-06-20,Bernanke,min_statement_quote,429,18
minutes_20120620,minutes,2012-06-20,Bernanke,min_vote,177,8
minutes_20120620,minutes,2012-06-20,Bernanke,min_boilerplate,27,2
minutes_20120801,minutes,2012-08-01,Bernanke,min_front_matter,828,52
minutes_20120801,minutes,2012-08-01,Bernanke,min_staff_desk,207,7
minutes_20120801,minutes,2012-08-01,Bernanke,min_staff,2439,97
minutes_20120801,minutes,2012-08-01,Bernanke,min_participants,1949,65
minutes_20120801,minutes,2012-08-01,Bernanke,min_committee,849,24
minutes_20120801,minutes,2012-08-01,Bernanke,min_directive_quote,257,8
minutes_20120801,minutes,2012-08-01,Bernanke,min_statement_quote,384,15
minutes_20120801,minutes,2012-08-01,Bernanke,min_vote,252,10
minutes_20120801,minutes,2012-08-01,Bernanke,min_boilerplate,27,2
minutes_20120913,minutes,2012-09-13,Bernanke,min_front_matter,703,51
minutes_20120913,minutes,2012-09-13,Bernanke,min_staff_desk,131,5
minutes_20120913,minutes,2012-09-13,Bernanke,min_staff,2592,105
minutes_20120913,minutes,2012-09-13,Bernanke,min_participants,2328,84
minutes_20120913,minutes,2012-09-13,Bernanke,min_committee,718,20
minutes_20120913,minutes,2012-09-13,Bernanke,min_directive_quote,265,9
minutes_20120913,minutes,2012-09-13,Bernanke,min_statement_quote,479,18
minutes_20120913,minutes,2012-09-13,Bernanke,min_vote,265,11
minutes_20120913,minutes,2012-09-13,Bernanke,min_boilerplate,28,2
minutes_20121023,minutes,2012-10-23,Bernanke,min_front_matter,6903,271
minutes_20121024,minutes,2012-10-24,Bernanke,min_front_matter,1034,57
minutes_20121024,minutes,2012-10-24,Bernanke,min_staff_desk,123,5
minutes_20121024,minutes,2012-10-24,Bernanke,min_staff,2129,102
minutes_20121024,minutes,2012-10-24,Bernanke,min_participants,1733,64
minutes_20121024,minutes,2012-10-24,Bernanke,min_committee,459,16
minutes_20121024,minutes,2012-10-24,Bernanke,min_directive_quote,265,8
minutes_20121024,minutes,2012-10-24,Bernanke,min_statement_quote,466,18
minutes_20121024,minutes,2012-10-24,Bernanke,min_vote,122,4
minutes_20121024,minutes,2012-10-24,Bernanke,min_special,269,10
minutes_20121024,minutes,2012-10-24,Bernanke,min_boilerplate,27,2
minutes_20121212,minutes,2012-12-12,Bernanke,min_front_matter,472,38
minutes_20121212,minutes,2012-12-12,Bernanke,min_staff_desk,298,10
minutes_20121212,minutes,2012-12-12,Bernanke,min_special,145,4
minutes_20121212,minutes,2012-12-12,Bernanke,min_staff,2560,110
minutes_20121212,minutes,2012-12-12,Bernanke,min_participants,2263,73
minutes_20121212,minutes,2012-12-12,Bernanke,min_committee,783,24
minutes_20121212,minutes,2012-12-12,Bernanke,min_directive_quote,290,9
minutes_20121212,minutes,2012-12-12,Bernanke,min_statement_quote,616,21
minutes_20121212,minutes,2012-12-12,Bernanke,min_vote,180,7
minutes_20121212,minutes,2012-12-12,Bernanke,min_boilerplate,27,2
minutes_20130130,minutes,2013-01-30,Bernanke,min_front_matter,497,42
minutes_20130130,minutes,2013-01-30,Bernanke,min_boilerplate,4269,161
minutes_20130130,minutes,2013-01-30,Bernanke,min_staff_desk,83,4
minutes_20130130,minutes,2013-01-30,Bernanke,min_staff,2321,95
minutes_20130130,minutes,2013-01-30,Bernanke,min_participants,2077,69
minutes_20130130,minutes,2013-01-30,Bernanke,min_committee,536,17
minutes_20130130,minutes,2013-01-30,Bernanke,min_directive_quote,208,7
minutes_20130130,minutes,2013-01-30,Bernanke,min_statement_quote,579,19
minutes_20130130,minutes,2013-01-30,Bernanke,min_vote,144,5
minutes_20130130,minutes,2013-01-30,Bernanke,min_special,267,10
minutes_20130320,minutes,2013-03-20,Bernanke,min_front_matter,465,41
minutes_20130320,minutes,2013-03-20,Bernanke,min_staff_desk,111,5
minutes_20130320,minutes,2013-03-20,Bernanke,min_staff,2518,101
minutes_20130320,minutes,2013-03-20,Bernanke,min_participants,1259,47
minutes_20130320,minutes,2013-03-20,Bernanke,min_special,1361,43
minutes_20130320,minutes,2013-03-20,Bernanke,min_committee,572,19
minutes_20130320,minutes,2013-03-20,Bernanke,min_directive_quote,210,7
minutes_20130320,minutes,2013-03-20,Bernanke,min_statement_quote,576,19
minutes_20130320,minutes,2013-03-20,Bernanke,min_vote,166,7
minutes_20130320,minutes,2013-03-20,Bernanke,min_boilerplate,27,2
minutes_20130501,minutes,2013-05-01,Bernanke,min_front_matter,459,40
minutes_20130501,minutes,2013-05-01,Bernanke,min_staff_desk,214,7
minutes_20130501,minutes,2013-05-01,Bernanke,min_staff,2343,94
minutes_20130501,minutes,2013-05-01,Bernanke,min_participants,1792,55
minutes_20130501,minutes,2013-05-01,Bernanke,min_committee,532,16
minutes_20130501,minutes,2013-05-01,Bernanke,min_directive_quote,210,7
minutes_20130501,minutes,2013-05-01,Bernanke,min_statement_quote,602,20
minutes_20130501,minutes,2013-05-01,Bernanke,min_vote,140,5
minutes_20130501,minutes,2013-05-01,Bernanke,min_special,597,17
minutes_20130501,minutes,2013-05-01,Bernanke,min_boilerplate,27,2
minutes_20130619,minutes,2013-06-19,Bernanke,min_front_matter,520,43
minutes_20130619,minutes,2013-06-19,Bernanke,min_special,288,9
minutes_20130619,minutes,2013-06-19,Bernanke,min_staff_desk,131,5
minutes_20130619,minutes,2013-06-19,Bernanke,min_staff,2915,109
minutes_20130619,minutes,2013-06-19,Bernanke,min_participants,2423,82
minutes_20130619,minutes,2013-06-19,Bernanke,min_committee,835,23
minutes_20130619,minutes,2013-06-19,Bernanke,min_directive_quote,210,7
minutes_20130619,minutes,2013-06-19,Bernanke,min_statement_quote,606,19
minutes_20130619,minutes,2013-06-19,Bernanke,min_vote,229,9
minutes_20130619,minutes,2013-06-19,Bernanke,min_boilerplate,28,2
minutes_20130731,minutes,2013-07-31,Bernanke,min_front_matter,442,39
minutes_20130731,minutes,2013-07-31,Bernanke,min_staff_desk,312,9
minutes_20130731,minutes,2013-07-31,Bernanke,min_staff,2482,99
minutes_20130731,minutes,2013-07-31,Bernanke,min_participants,2029,59
minutes_20130731,minutes,2013-07-31,Bernanke,min_committee,850,24
minutes_20130731,minutes,2013-07-31,Bernanke,min_directive_quote,210,7
minutes_20130731,minutes,2013-07-31,Bernanke,min_statement_quote,633,19
minutes_20130731,minutes,2013-07-31,Bernanke,min_vote,148,6
minutes_20130731,minutes,2013-07-31,Bernanke,min_boilerplate,27,2
minutes_20130918,minutes,2013-09-18,Bernanke,min_front_matter,431,36
minutes_20130918,minutes,2013-09-18,Bernanke,min_staff_desk,570,17
minutes_20130918,minutes,2013-09-18,Bernanke,min_staff,2434,92
minutes_20130918,minutes,2013-09-18,Bernanke,min_participants,2857,72
minutes_20130918,minutes,2013-09-18,Bernanke,min_committee,844,24
minutes_20130918,minutes,2013-09-18,Bernanke,min_directive_quote,210,7
minutes_20130918,minutes,2013-09-18,Bernanke,min_statement_quote,742,20
minutes_20130918,minutes,2013-09-18,Bernanke,min_vote,173,7
minutes_20130918,minutes,2013-09-18,Bernanke,min_boilerplate,27,2
minutes_20131030,minutes,2013-10-30,Bernanke,min_front_matter,473,41
minutes_20131030,minutes,2013-10-30,Bernanke,min_staff_desk,441,14
minutes_20131030,minutes,2013-10-30,Bernanke,min_staff,2091,84
minutes_20131030,minutes,2013-10-30,Bernanke,min_participants,2456,72
minutes_20131030,minutes,2013-10-30,Bernanke,min_committee,775,23
minutes_20131030,minutes,2013-10-30,Bernanke,min_directive_quote,210,7
minutes_20131030,minutes,2013-10-30,Bernanke,min_statement_quote,720,21
minutes_20131030,minutes,2013-10-30,Bernanke,min_vote,148,7
minutes_20131030,minutes,2013-10-30,Bernanke,min_boilerplate,365,13
minutes_20131218,minutes,2013-12-18,Bernanke,min_front_matter,479,38
minutes_20131218,minutes,2013-12-18,Bernanke,min_staff_desk,898,27
minutes_20131218,minutes,2013-12-18,Bernanke,min_staff,2830,104
minutes_20131218,minutes,2013-12-18,Bernanke,min_participants,2476,75
minutes_20131218,minutes,2013-12-18,Bernanke,min_committee,997,28
minutes_20131218,minutes,2013-12-18,Bernanke,min_directive_quote,211,7
minutes_20131218,minutes,2013-12-18,Bernanke,min_statement_quote,808,22
minutes_20131218,minutes,2013-12-18,Bernanke,min_vote,175,7
minutes_20131218,minutes,2013-12-18,Bernanke,min_boilerplate,27,2
minutes_20140129,minutes,2014-01-29,Bernanke,min_front_matter,509,43
minutes_20140129,minutes,2014-01-29,Bernanke,min_boilerplate,4630,184
minutes_20140129,minutes,2014-01-29,Bernanke,min_staff_desk,660,23
minutes_20140129,minutes,2014-01-29,Bernanke,min_staff,2683,99
minutes_20140129,minutes,2014-01-29,Bernanke,min_participants,1710,49
minutes_20140129,minutes,2014-01-29,Bernanke,min_committee,767,24
minutes_20140129,minutes,2014-01-29,Bernanke,min_directive_quote,211,7
minutes_20140129,minutes,2014-01-29,Bernanke,min_statement_quote,819,23
minutes_20140129,minutes,2014-01-29,Bernanke,min_vote,67,4
minutes_20140319,minutes,2014-03-19,Yellen,min_front_matter,463,36
minutes_20140319,minutes,2014-03-19,Yellen,min_staff_desk,87,4
minutes_20140319,minutes,2014-03-19,Yellen,min_staff,2837,110
minutes_20140319,minutes,2014-03-19,Yellen,min_participants,1914,60
minutes_20140319,minutes,2014-03-19,Yellen,min_committee,1000,29
minutes_20140319,minutes,2014-03-19,Yellen,min_directive_quote,211,7
minutes_20140319,minutes,2014-03-19,Yellen,min_statement_quote,829,26
minutes_20140319,minutes,2014-03-19,Yellen,min_vote,227,8
minutes_20140319,minutes,2014-03-19,Yellen,min_boilerplate,843,26
minutes_20140430,minutes,2014-04-30,Yellen,min_front_matter,1056,68
minutes_20140430,minutes,2014-04-30,Yellen,min_staff_desk,202,7
minutes_20140430,minutes,2014-04-30,Yellen,min_staff,2660,107
minutes_20140430,minutes,2014-04-30,Yellen,min_participants,1224,38
minutes_20140430,minutes,2014-04-30,Yellen,min_committee,535,17
minutes_20140430,minutes,2014-04-30,Yellen,min_directive_quote,211,7
minutes_20140430,minutes,2014-04-30,Yellen,min_statement_quote,800,25
minutes_20140430,minutes,2014-04-30,Yellen,min_vote,65,5
minutes_20140430,minutes,2014-04-30,Yellen,min_boilerplate,27,2
minutes_20140618,minutes,2014-06-18,Yellen,min_front_matter,636,51
minutes_20140618,minutes,2014-06-18,Yellen,min_staff_desk,1340,40
minutes_20140618,minutes,2014-06-18,Yellen,min_staff,2780,108
minutes_20140618,minutes,2014-06-18,Yellen,min_participants,2063,63
minutes_20140618,minutes,2014-06-18,Yellen,min_committee,676,20
minutes_20140618,minutes,2014-06-18,Yellen,min_directive_quote,211,7
minutes_20140618,minutes,2014-06-18,Yellen,min_statement_quote,785,24
minutes_20140618,minutes,2014-06-18,Yellen,min_vote,66,5
minutes_20140618,minutes,2014-06-18,Yellen,min_boilerplate,27,2
minutes_20140730,minutes,2014-07-30,Yellen,min_front_matter,626,53
minutes_20140730,minutes,2014-07-30,Yellen,min_staff_desk,1134,36
minutes_20140730,minutes,2014-07-30,Yellen,min_staff,2657,102
minutes_20140730,minutes,2014-07-30,Yellen,min_participants,1608,55
minutes_20140730,minutes,2014-07-30,Yellen,min_committee,786,22
minutes_20140730,minutes,2014-07-30,Yellen,min_directive_quote,211,7
minutes_20140730,minutes,2014-07-30,Yellen,min_statement_quote,770,24
minutes_20140730,minutes,2014-07-30,Yellen,min_vote,178,8
minutes_20140730,minutes,2014-07-30,Yellen,min_boilerplate,27,2
minutes_20140917,minutes,2014-09-17,Yellen,min_front_matter,572,49
minutes_20140917,minutes,2014-09-17,Yellen,min_staff_desk,1045,25
minutes_20140917,minutes,2014-09-17,Yellen,min_special,539,19
minutes_20140917,minutes,2014-09-17,Yellen,min_staff,2277,88
minutes_20140917,minutes,2014-09-17,Yellen,min_participants,2672,80
minutes_20140917,minutes,2014-09-17,Yellen,min_committee,792,24
minutes_20140917,minutes,2014-09-17,Yellen,min_directive_quote,211,7
minutes_20140917,minutes,2014-09-17,Yellen,min_statement_quote,774,23
minutes_20140917,minutes,2014-09-17,Yellen,min_vote,230,9
minutes_20140917,minutes,2014-09-17,Yellen,min_boilerplate,27,2
minutes_20141029,minutes,2014-10-29,Yellen,min_front_matter,570,51
minutes_20141029,minutes,2014-10-29,Yellen,min_staff_desk,980,30
minutes_20141029,minutes,2014-10-29,Yellen,min_staff,2553,104
minutes_20141029,minutes,2014-10-29,Yellen,min_participants,1822,54
minutes_20141029,minutes,2014-10-29,Yellen,min_committee,836,25
minutes_20141029,minutes,2014-10-29,Yellen,min_directive_quote,197,7
minutes_20141029,minutes,2014-10-29,Yellen,min_statement_quote,616,23
minutes_20141029,minutes,2014-10-29,Yellen,min_vote,158,5
minutes_20141029,minutes,2014-10-29,Yellen,min_special,551,18
minutes_20141029,minutes,2014-10-29,Yellen,min_boilerplate,27,2
minutes_20141217,minutes,2014-12-17,Yellen,min_front_matter,532,42
minutes_20141217,minutes,2014-12-17,Yellen,min_staff_desk,926,26
minutes_20141217,minutes,2014-12-17,Yellen,min_staff,2155,90
minutes_20141217,minutes,2014-12-17,Yellen,min_participants,2141,60
minutes_20141217,minutes,2014-12-17,Yellen,min_committee,794,22
minutes_20141217,minutes,2014-12-17,Yellen,min_directive_quote,171,6
minutes_20141217,minutes,2014-12-17,Yellen,min_statement_quote,579,22
minutes_20141217,minutes,2014-12-17,Yellen,min_vote,289,13
minutes_20141217,minutes,2014-12-17,Yellen,min_boilerplate,45,4
minutes_20150128,minutes,2015-01-28,Yellen,min_front_matter,658,54
minutes_20150128,minutes,2015-01-28,Yellen,min_boilerplate,4597,198
minutes_20150128,minutes,2015-01-28,Yellen,min_staff_desk,170,8
minutes_20150128,minutes,2015-01-28,Yellen,min_special,1913,52
minutes_20150128,minutes,2015-01-28,Yellen,min_staff,2770,107
minutes_20150128,minutes,2015-01-28,Yellen,min_participants,2657,80
minutes_20150128,minutes,2015-01-28,Yellen,min_committee,743,23
minutes_20150128,minutes,2015-01-28,Yellen,min_directive_quote,171,6
minutes_20150128,minutes,2015-01-28,Yellen,min_statement_quote,541,22
minutes_20150128,minutes,2015-01-28,Yellen,min_vote,68,5
minutes_20150318,minutes,2015-03-18,Yellen,min_front_matter,563,49
minutes_20150318,minutes,2015-03-18,Yellen,min_staff_desk,1838,50
minutes_20150318,minutes,2015-03-18,Yellen,min_staff,2467,96
minutes_20150318,minutes,2015-03-18,Yellen,min_participants,1947,53
minutes_20150318,minutes,2015-03-18,Yellen,min_committee,851,24
minutes_20150318,minutes,2015-03-18,Yellen,min_directive_quote,171,6
minutes_20150318,minutes,2015-03-18,Yellen,min_statement_quote,555,22
minutes_20150318,minutes,2015-03-18,Yellen,min_vote,68,5
minutes_20150318,minutes,2015-03-18,Yellen,min_boilerplate,24,1
minutes_20150429,minutes,2015-04-29,Yellen,min_front_matter,610,53
minutes_20150429,minutes,2015-04-29,Yellen,min_staff_desk,645,22
minutes_20150429,minutes,2015-04-29,Yellen,min_staff,2459,101
minutes_20150429,minutes,2015-04-29,Yellen,min_participants,2217,71
minutes_20150429,minutes,2015-04-29,Yellen,min_committee,889,26
minutes_20150429,minutes,2015-04-29,Yellen,min_directive_quote,171,6
minutes_20150429,minutes,2015-04-29,Yellen,min_statement_quote,532,20
minutes_20150429,minutes,2015-04-29,Yellen,min_vote,68,5
minutes_20150429,minutes,2015-04-29,Yellen,min_boilerplate,24,1
minutes_20150617,minutes,2015-06-17,Yellen,min_front_matter,612,53
minutes_20150617,minutes,2015-06-17,Yellen,min_staff_desk,550,20
minutes_20150617,minutes,2015-06-17,Yellen,min_staff,2257,90
minutes_20150617,minutes,2015-06-17,Yellen,min_participants,2650,82
minutes_20150617,minutes,2015-06-17,Yellen,min_committee,1098,34
minutes_20150617,minutes,2015-06-17,Yellen,min_directive_quote,171,6
minutes_20150617,minutes,2015-06-17,Yellen,min_statement_quote,517,19
minutes_20150617,minutes,2015-06-17,Yellen,min_vote,68,5
minutes_20150617,minutes,2015-06-17,Yellen,min_boilerplate,70,3
minutes_20150729,minutes,2015-07-29,Yellen,min_front_matter,637,57
minutes_20150729,minutes,2015-07-29,Yellen,min_staff_desk,325,13
minutes_20150729,minutes,2015-07-29,Yellen,min_special,1083,36
minutes_20150729,minutes,2015-07-29,Yellen,min_staff,2423,100
minutes_20150729,minutes,2015-07-29,Yellen,min_participants,2144,68
minutes_20150729,minutes,2015-07-29,Yellen,min_committee,1083,32
minutes_20150729,minutes,2015-07-29,Yellen,min_directive_quote,171,6
minutes_20150729,minutes,2015-07-29,Yellen,min_statement_quote,511,19
minutes_20150729,minutes,2015-07-29,Yellen,min_vote,38,3
minutes_20150729,minutes,2015-07-29,Yellen,min_boilerplate,27,2
minutes_20150917,minutes,2015-09-17,Yellen,min_front_matter,551,45
minutes_20150917,minutes,2015-09-17,Yellen,min_staff_desk,158,7
minutes_20150917,minutes,2015-09-17,Yellen,min_special,368,12
minutes_20150917,minutes,2015-09-17,Yellen,min_staff,2335,93
minutes_20150917,minutes,2015-09-17,Yellen,min_participants,2101,75
minutes_20150917,minutes,2015-09-17,Yellen,min_committee,1111,32
minutes_20150917,minutes,2015-09-17,Yellen,min_directive_quote,171,6
minutes_20150917,minutes,2015-09-17,Yellen,min_statement_quote,536,20
minutes_20150917,minutes,2015-09-17,Yellen,min_vote,143,8
minutes_20150917,minutes,2015-09-17,Yellen,min_boilerplate,27,2
minutes_20151028,minutes,2015-10-28,Yellen,min_front_matter,1289,77
minutes_20151028,minutes,2015-10-28,Yellen,min_staff_desk,325,10
minutes_20151028,minutes,2015-10-28,Yellen,min_staff,2338,100
minutes_20151028,minutes,2015-10-28,Yellen,min_participants,2103,75
minutes_20151028,minutes,2015-10-28,Yellen,min_committee,1135,33
minutes_20151028,minutes,2015-10-28,Yellen,min_directive_quote,171,6
minutes_20151028,minutes,2015-10-28,Yellen,min_statement_quote,527,19
minutes_20151028,minutes,2015-10-28,Yellen,min_vote,150,8
minutes_20151028,minutes,2015-10-28,Yellen,min_boilerplate,27,2
minutes_20151216,minutes,2015-12-16,Yellen,min_front_matter,574,47
minutes_20151216,minutes,2015-12-16,Yellen,min_staff_desk,241,8
minutes_20151216,minutes,2015-12-16,Yellen,min_staff,2256,98
minutes_20151216,minutes,2015-12-16,Yellen,min_participants,2407,81
minutes_20151216,minutes,2015-12-16,Yellen,min_committee,1045,34
minutes_20151216,minutes,2015-12-16,Yellen,min_directive_quote,196,3
minutes_20151216,minutes,2015-12-16,Yellen,min_statement_quote,566,20
minutes_20151216,minutes,2015-12-16,Yellen,min_vote,164,8
minutes_20151216,minutes,2015-12-16,Yellen,min_boilerplate,27,2
minutes_20160127,minutes,2016-01-27,Yellen,min_front_matter,617,50
minutes_20160127,minutes,2016-01-27,Yellen,min_boilerplate,5037,208
minutes_20160127,minutes,2016-01-27,Yellen,min_staff_desk,694,21
minutes_20160127,minutes,2016-01-27,Yellen,min_staff,2632,102
minutes_20160127,minutes,2016-01-27,Yellen,min_participants,2624,85
minutes_20160127,minutes,2016-01-27,Yellen,min_committee,669,20
minutes_20160127,minutes,2016-01-27,Yellen,min_directive_quote,167,3
minutes_20160127,minutes,2016-01-27,Yellen,min_statement_quote,530,18
minutes_20160127,minutes,2016-01-27,Yellen,min_vote,70,3
minutes_20160127,minutes,2016-01-27,Yellen,min_special,579,16
minutes_20160316,minutes,2016-03-16,Yellen,min_front_matter,519,43
minutes_20160316,minutes,2016-03-16,Yellen,min_staff_desk,409,12
minutes_20160316,minutes,2016-03-16,Yellen,min_staff,2601,101
minutes_20160316,minutes,2016-03-16,Yellen,min_participants,2502,87
minutes_20160316,minutes,2016-03-16,Yellen,min_committee,787,26
minutes_20160316,minutes,2016-03-16,Yellen,min_directive_quote,167,3
minutes_20160316,minutes,2016-03-16,Yellen,min_statement_quote,518,19
minutes_20160316,minutes,2016-03-16,Yellen,min_vote,232,11
minutes_20160316,minutes,2016-03-16,Yellen,min_boilerplate,26,2
minutes_20160427,minutes,2016-04-27,Yellen,min_front_matter,1070,65
minutes_20160427,minutes,2016-04-27,Yellen,min_staff_desk,271,10
minutes_20160427,minutes,2016-04-27,Yellen,min_staff,2864,114
minutes_20160427,minutes,2016-04-27,Yellen,min_participants,3294,103
minutes_20160427,minutes,2016-04-27,Yellen,min_committee,903,27
minutes_20160427,minutes,2016-04-27,Yellen,min_directive_quote,167,3
minutes_20160427,minutes,2016-04-27,Yellen,min_statement_quote,523,19
minutes_20160427,minutes,2016-04-27,Yellen,min_vote,211,9
minutes_20160427,minutes,2016-04-27,Yellen,min_boilerplate,26,2
minutes_20160615,minutes,2016-06-15,Yellen,min_front_matter,603,45
minutes_20160615,minutes,2016-06-15,Yellen,min_staff_desk,345,14
minutes_20160615,minutes,2016-06-15,Yellen,min_staff,2870,108
minutes_20160615,minutes,2016-06-15,Yellen,min_participants,2597,86
minutes_20160615,minutes,2016-06-15,Yellen,min_committee,1163,34
minutes_20160615,minutes,2016-06-15,Yellen,min_directive_quote,167,3
minutes_20160615,minutes,2016-06-15,Yellen,min_statement_quote,512,19
minutes_20160615,minutes,2016-06-15,Yellen,min_vote,66,4
minutes_20160615,minutes,2016-06-15,Yellen,min_boilerplate,27,2
minutes_20160727,minutes,2016-07-27,Yellen,min_front_matter,599,49
minutes_20160727,minutes,2016-07-27,Yellen,min_special,838,26
minutes_20160727,minutes,2016-07-27,Yellen,min_staff_desk,335,13
minutes_20160727,minutes,2016-07-27,Yellen,min_staff,3343,131
minutes_20160727,minutes,2016-07-27,Yellen,min_participants,3068,95
minutes_20160727,minutes,2016-07-27,Yellen,min_committee,1153,35
minutes_20160727,minutes,2016-07-27,Yellen,min_directive_quote,167,3
minutes_20160727,minutes,2016-07-27,Yellen,min_statement_quote,513,20
minutes_20160727,minutes,2016-07-27,Yellen,min_vote,274,12
minutes_20160727,minutes,2016-07-27,Yellen,min_boilerplate,27,2
minutes_20160921,minutes,2016-09-21,Yellen,min_front_matter,585,49
minutes_20160921,minutes,2016-09-21,Yellen,min_boilerplate,2359,105
minutes_20160921,minutes,2016-09-21,Yellen,min_staff_desk,256,12
minutes_20160921,minutes,2016-09-21,Yellen,min_staff,2798,115
minutes_20160921,minutes,2016-09-21,Yellen,min_participants,2387,77
minutes_20160921,minutes,2016-09-21,Yellen,min_committee,1195,36
minutes_20160921,minutes,2016-09-21,Yellen,min_directive_quote,167,3
minutes_20160921,minutes,2016-09-21,Yellen,min_statement_quote,548,20
minutes_20160921,minutes,2016-09-21,Yellen,min_vote,440,16
minutes_20161102,minutes,2016-11-02,Yellen,min_front_matter,653,56
minutes_20161102,minutes,2016-11-02,Yellen,min_special,980,31
minutes_20161102,minutes,2016-11-02,Yellen,min_staff_desk,236,9
minutes_20161102,minutes,2016-11-02,Yellen,min_staff,3178,127
minutes_20161102,minutes,2016-11-02,Yellen,min_participants,2179,65
minutes_20161102,minutes,2016-11-02,Yellen,min_committee,926,28
minutes_20161102,minutes,2016-11-02,Yellen,min_directive_quote,167,3
minutes_20161102,minutes,2016-11-02,Yellen,min_statement_quote,542,20
minutes_20161102,minutes,2016-11-02,Yellen,min_vote,385,16
minutes_20161102,minutes,2016-11-02,Yellen,min_boilerplate,27,2
minutes_20161214,minutes,2016-12-14,Yellen,min_front_matter,564,43
minutes_20161214,minutes,2016-12-14,Yellen,min_boilerplate,134,7
minutes_20161214,minutes,2016-12-14,Yellen,min_staff_desk,370,14
minutes_20161214,minutes,2016-12-14,Yellen,min_staff,2955,123
minutes_20161214,minutes,2016-12-14,Yellen,min_participants,2489,82
minutes_20161214,minutes,2016-12-14,Yellen,min_committee,869,27
minutes_20161214,minutes,2016-12-14,Yellen,min_directive_quote,167,3
minutes_20161214,minutes,2016-12-14,Yellen,min_statement_quote,509,19
minutes_20161214,minutes,2016-12-14,Yellen,min_vote,139,6
minutes_20170201,minutes,2017-02-01,Yellen,min_front_matter,580,46
minutes_20170201,minutes,2017-02-01,Yellen,min_boilerplate,4419,194
minutes_20170201,minutes,2017-02-01,Yellen,min_staff_desk,359,15
minutes_20170201,minutes,2017-02-01,Yellen,min_staff,2778,115
minutes_20170201,minutes,2017-02-01,Yellen,min_participants,2639,84
minutes_20170201,minutes,2017-02-01,Yellen,min_committee,778,26
minutes_20170201,minutes,2017-02-01,Yellen,min_directive_quote,167,3
minutes_20170201,minutes,2017-02-01,Yellen,min_statement_quote,471,19
minutes_20170201,minutes,2017-02-01,Yellen,min_vote,124,6
minutes_20170315,minutes,2017-03-15,Yellen,min_front_matter,590,45
minutes_20170315,minutes,2017-03-15,Yellen,min_staff_desk,386,15
minutes_20170315,minutes,2017-03-15,Yellen,min_special,782,25
minutes_20170315,minutes,2017-03-15,Yellen,min_staff,2681,105
minutes_20170315,minutes,2017-03-15,Yellen,min_participants,2490,86
minutes_20170315,minutes,2017-03-15,Yellen,min_committee,965,32
minutes_20170315,minutes,2017-03-15,Yellen,min_directive_quote,167,3
minutes_20170315,minutes,2017-03-15,Yellen,min_statement_quote,472,18
minutes_20170315,minutes,2017-03-15,Yellen,min_vote,267,11
minutes_20170315,minutes,2017-03-15,Yellen,min_boilerplate,28,2
minutes_20170503,minutes,2017-05-03,Yellen,min_front_matter,576,47
minutes_20170503,minutes,2017-05-03,Yellen,min_staff_desk,533,20
minutes_20170503,minutes,2017-05-03,Yellen,min_staff,3231,120
minutes_20170503,minutes,2017-05-03,Yellen,min_participants,2280,76
minutes_20170503,minutes,2017-05-03,Yellen,min_committee,707,25
minutes_20170503,minutes,2017-05-03,Yellen,min_directive_quote,167,3
minutes_20170503,minutes,2017-05-03,Yellen,min_statement_quote,493,20
minutes_20170503,minutes,2017-05-03,Yellen,min_vote,92,4
minutes_20170503,minutes,2017-05-03,Yellen,min_special,445,17
minutes_20170503,minutes,2017-05-03,Yellen,min_boilerplate,27,2
minutes_20170614,minutes,2017-06-14,Yellen,min_front_matter,653,47
minutes_20170614,minutes,2017-06-14,Yellen,min_boilerplate,66,4
minutes_20170614,minutes,2017-06-14,Yellen,min_staff_desk,290,13
minutes_20170614,minutes,2017-06-14,Yellen,min_special,654,20
minutes_20170614,minutes,2017-06-14,Yellen,min_staff,2768,112
minutes_20170614,minutes,2017-06-14,Yellen,min_participants,2582,83
minutes_20170614,minutes,2017-06-14,Yellen,min_committee,650,22
minutes_20170614,minutes,2017-06-14,Yellen,min_directive_quote,168,3
minutes_20170614,minutes,2017-06-14,Yellen,min_statement_quote,507,19
minutes_20170614,minutes,2017-06-14,Yellen,min_vote,260,11
minutes_20170726,minutes,2017-07-26,Yellen,min_front_matter,511,38
minutes_20170726,minutes,2017-07-26,Yellen,min_boilerplate,76,5
minutes_20170726,minutes,2017-07-26,Yellen,min_staff_desk,331,16
minutes_20170726,minutes,2017-07-26,Yellen,min_staff,2706,109
minutes_20170726,minutes,2017-07-26,Yellen,min_participants,2467,83
minutes_20170726,minutes,2017-07-26,Yellen,min_committee,649,22
minutes_20170726,minutes,2017-07-26,Yellen,min_directive_quote,168,3
minutes_20170726,minutes,2017-07-26,Yellen,min_statement_quote,480,18
minutes_20170726,minutes,2017-07-26,Yellen,min_vote,123,6
minutes_20170920,minutes,2017-09-20,Yellen,min_front_matter,721,48
minutes_20170920,minutes,2017-09-20,Yellen,min_staff_desk,362,13
minutes_20170920,minutes,2017-09-20,Yellen,min_staff,3170,122
minutes_20170920,minutes,2017-09-20,Yellen,min_participants,2754,87
minutes_20170920,minutes,2017-09-20,Yellen,min_committee,671,23
minutes_20170920,minutes,2017-09-20,Yellen,min_directive_quote,264,5
minutes_20170920,minutes,2017-09-20,Yellen,min_statement_quote,509,19
minutes_20170920,minutes,2017-09-20,Yellen,min_vote,124,6
minutes_20170920,minutes,2017-09-20,Yellen,min_boilerplate,27,2
minutes_20171101,minutes,2017-11-01,Yellen,min_front_matter,547,42
minutes_20171101,minutes,2017-11-01,Yellen,min_boilerplate,69,5
minutes_20171101,minutes,2017-11-01,Yellen,min_staff_desk,237,11
minutes_20171101,minutes,2017-11-01,Yellen,min_staff,2880,118
minutes_20171101,minutes,2017-11-01,Yellen,min_participants,2263,74
minutes_20171101,minutes,2017-11-01,Yellen,min_committee,767,25
minutes_20171101,minutes,2017-11-01,Yellen,min_directive_quote,217,4
minutes_20171101,minutes,2017-11-01,Yellen,min_statement_quote,486,19
minutes_20171101,minutes,2017-11-01,Yellen,min_vote,124,6
minutes_20171213,minutes,2017-12-13,Yellen,min_front_matter,553,42
minutes_20171213,minutes,2017-12-13,Yellen,min_staff_desk,302,12
minutes_20171213,minutes,2017-12-13,Yellen,min_staff,2273,94
minutes_20171213,minutes,2017-12-13,Yellen,min_participants,2399,76
minutes_20171213,minutes,2017-12-13,Yellen,min_committee,633,21
minutes_20171213,minutes,2017-12-13,Yellen,min_directive_quote,288,5
minutes_20171213,minutes,2017-12-13,Yellen,min_statement_quote,438,17
minutes_20171213,minutes,2017-12-13,Yellen,min_vote,389,15
minutes_20171213,minutes,2017-12-13,Yellen,min_boilerplate,28,2
minutes_20180131,minutes,2018-01-31,Yellen,min_front_matter,554,44
minutes_20180131,minutes,2018-01-31,Yellen,min_boilerplate,4147,189
minutes_20180131,minutes,2018-01-31,Yellen,min_staff_desk,1372,46
minutes_20180131,minutes,2018-01-31,Yellen,min_staff,2681,105
minutes_20180131,minutes,2018-01-31,Yellen,min_participants,1902,60
minutes_20180131,minutes,2018-01-31,Yellen,min_committee,729,25
minutes_20180131,minutes,2018-01-31,Yellen,min_directive_quote,217,4
minutes_20180131,minutes,2018-01-31,Yellen,min_statement_quote,391,15
minutes_20180131,minutes,2018-01-31,Yellen,min_vote,125,6
minutes_20180321,minutes,2018-03-21,Powell,min_front_matter,560,47
minutes_20180321,minutes,2018-03-21,Powell,min_staff_desk,382,16
minutes_20180321,minutes,2018-03-21,Powell,min_staff,2582,108
minutes_20180321,minutes,2018-03-21,Powell,min_participants,2197,64
minutes_20180321,minutes,2018-03-21,Powell,min_committee,657,24
minutes_20180321,minutes,2018-03-21,Powell,min_directive_quote,288,5
minutes_20180321,minutes,2018-03-21,Powell,min_statement_quote,421,17
minutes_20180321,minutes,2018-03-21,Powell,min_vote,136,6
minutes_20180321,minutes,2018-03-21,Powell,min_boilerplate,27,2
minutes_20180502,minutes,2018-05-02,Powell,min_front_matter,560,44
minutes_20180502,minutes,2018-05-02,Powell,min_staff_desk,1057,32
minutes_20180502,minutes,2018-05-02,Powell,min_staff,2782,113
minutes_20180502,minutes,2018-05-02,Powell,min_participants,2297,78
minutes_20180502,minutes,2018-05-02,Powell,min_committee,588,22
minutes_20180502,minutes,2018-05-02,Powell,min_directive_quote,217,4
minutes_20180502,minutes,2018-05-02,Powell,min_statement_quote,394,16
minutes_20180502,minutes,2018-05-02,Powell,min_vote,123,5
minutes_20180502,minutes,2018-05-02,Powell,min_boilerplate,27,2
minutes_20180613,minutes,2018-06-13,Powell,min_front_matter,626,51
minutes_20180613,minutes,2018-06-13,Powell,min_staff_desk,501,21
minutes_20180613,minutes,2018-06-13,Powell,min_staff,2451,93
minutes_20180613,minutes,2018-06-13,Powell,min_participants,2176,65
minutes_20180613,minutes,2018-06-13,Powell,min_committee,579,20
minutes_20180613,minutes,2018-06-13,Powell,min_directive_quote,287,5
minutes_20180613,minutes,2018-06-13,Powell,min_statement_quote,289,12
minutes_20180613,minutes,2018-06-13,Powell,min_vote,173,8
minutes_20180613,minutes,2018-06-13,Powell,min_boilerplate,27,2
minutes_20180801,minutes,2018-08-01,Powell,min_front_matter,623,54
minutes_20180801,minutes,2018-08-01,Powell,min_special,1067,32
minutes_20180801,minutes,2018-08-01,Powell,min_staff_desk,579,23
minutes_20180801,minutes,2018-08-01,Powell,min_staff,2766,112
minutes_20180801,minutes,2018-08-01,Powell,min_participants,2236,84
minutes_20180801,minutes,2018-08-01,Powell,min_committee,375,15
minutes_20180801,minutes,2018-08-01,Powell,min_directive_quote,216,4
minutes_20180801,minutes,2018-08-01,Powell,min_statement_quote,277,12
minutes_20180801,minutes,2018-08-01,Powell,min_vote,135,6
minutes_20180801,minutes,2018-08-01,Powell,min_boilerplate,27,2
minutes_20180926,minutes,2018-09-26,Powell,min_front_matter,604,48
minutes_20180926,minutes,2018-09-26,Powell,min_staff_desk,601,22
minutes_20180926,minutes,2018-09-26,Powell,min_staff,2496,100
minutes_20180926,minutes,2018-09-26,Powell,min_participants,2107,66
minutes_20180926,minutes,2018-09-26,Powell,min_committee,482,17
minutes_20180926,minutes,2018-09-26,Powell,min_directive_quote,287,5
minutes_20180926,minutes,2018-09-26,Powell,min_statement_quote,256,11
minutes_20180926,minutes,2018-09-26,Powell,min_vote,197,10
minutes_20180926,minutes,2018-09-26,Powell,min_boilerplate,49,4
minutes_20181108,minutes,2018-11-08,Powell,min_front_matter,745,66
minutes_20181108,minutes,2018-11-08,Powell,min_special,1417,41
minutes_20181108,minutes,2018-11-08,Powell,min_staff_desk,944,33
minutes_20181108,minutes,2018-11-08,Powell,min_staff,2489,103
minutes_20181108,minutes,2018-11-08,Powell,min_participants,1696,60
minutes_20181108,minutes,2018-11-08,Powell,min_committee,430,16
minutes_20181108,minutes,2018-11-08,Powell,min_directive_quote,217,4
minutes_20181108,minutes,2018-11-08,Powell,min_statement_quote,269,11
minutes_20181108,minutes,2018-11-08,Powell,min_vote,96,3
minutes_20181108,minutes,2018-11-08,Powell,min_boilerplate,27,2
minutes_20181219,minutes,2018-12-19,Powell,min_front_matter,718,65
minutes_20181219,minutes,2018-12-19,Powell,min_special,1246,38
minutes_20181219,minutes,2018-12-19,Powell,min_staff_desk,643,24
minutes_20181219,minutes,2018-12-19,Powell,min_staff,2298,99
minutes_20181219,minutes,2018-12-19,Powell,min_participants,2190,69
minutes_20181219,minutes,2018-12-19,Powell,min_committee,533,18
minutes_20181219,minutes,2018-12-19,Powell,min_directive_quote,218,4
minutes_20181219,minutes,2018-12-19,Powell,min_statement_quote,294,11
minutes_20181219,minutes,2018-12-19,Powell,min_vote,137,6
minutes_20181219,minutes,2018-12-19,Powell,min_boilerplate,27,2
minutes_20190130,minutes,2019-01-30,Powell,min_front_matter,689,56
minutes_20190130,minutes,2019-01-30,Powell,min_boilerplate,4096,188
minutes_20190130,minutes,2019-01-30,Powell,min_staff_desk,911,26
minutes_20190130,minutes,2019-01-30,Powell,min_special,1756,52
minutes_20190130,minutes,2019-01-30,Powell,min_staff,2905,116
minutes_20190130,minutes,2019-01-30,Powell,min_participants,2283,79
minutes_20190130,minutes,2019-01-30,Powell,min_committee,710,22
minutes_20190130,minutes,2019-01-30,Powell,min_directive_quote,218,4
minutes_20190130,minutes,2019-01-30,Powell,min_statement_quote,294,11
minutes_20190130,minutes,2019-01-30,Powell,min_vote,127,5
minutes_20190320,minutes,2019-03-20,Powell,min_front_matter,1719,89
minutes_20190320,minutes,2019-03-20,Powell,min_special,631,18
minutes_20190320,minutes,2019-03-20,Powell,min_staff_desk,830,30
minutes_20190320,minutes,2019-03-20,Powell,min_staff,2844,110
minutes_20190320,minutes,2019-03-20,Powell,min_participants,2401,74
minutes_20190320,minutes,2019-03-20,Powell,min_committee,604,20
minutes_20190320,minutes,2019-03-20,Powell,min_directive_quote,217,4
minutes_20190320,minutes,2019-03-20,Powell,min_statement_quote,310,11
minutes_20190320,minutes,2019-03-20,Powell,min_vote,128,5
minutes_20190320,minutes,2019-03-20,Powell,min_boilerplate,27,2
minutes_20190501,minutes,2019-05-01,Powell,min_front_matter,717,63
minutes_20190501,minutes,2019-05-01,Powell,min_boilerplate,1488,45
minutes_20190501,minutes,2019-05-01,Powell,min_staff_desk,1157,42
minutes_20190501,minutes,2019-05-01,Powell,min_staff,2947,116
minutes_20190501,minutes,2019-05-01,Powell,min_participants,1769,56
minutes_20190501,minutes,2019-05-01,Powell,min_committee,594,20
minutes_20190501,minutes,2019-05-01,Powell,min_directive_quote,225,5
minutes_20190501,minutes,2019-05-01,Powell,min_statement_quote,286,11
minutes_20190501,minutes,2019-05-01,Powell,min_vote,155,5
minutes_20190501,minutes,2019-05-01,Powell,min_special,137,7
minutes_20190619,minutes,2019-06-19,Powell,min_front_matter,182,21
minutes_20190619,minutes,2019-06-19,Powell,min_special,1500,74
minutes_20190619,minutes,2019-06-19,Powell,min_staff_desk,523,21
minutes_20190619,minutes,2019-06-19,Powell,min_staff,2656,110
minutes_20190619,minutes,2019-06-19,Powell,min_participants,2078,72
minutes_20190619,minutes,2019-06-19,Powell,min_committee,534,15
minutes_20190619,minutes,2019-06-19,Powell,min_directive_quote,218,4
minutes_20190619,minutes,2019-06-19,Powell,min_statement_quote,300,11
minutes_20190619,minutes,2019-06-19,Powell,min_vote,201,5
minutes_20190619,minutes,2019-06-19,Powell,min_boilerplate,28,2
minutes_20190731,minutes,2019-07-31,Powell,min_front_matter,696,58
minutes_20190731,minutes,2019-07-31,Powell,min_special,1697,44
minutes_20190731,minutes,2019-07-31,Powell,min_staff_desk,738,26
minutes_20190731,minutes,2019-07-31,Powell,min_staff,2888,119
minutes_20190731,minutes,2019-07-31,Powell,min_participants,2741,90
minutes_20190731,minutes,2019-07-31,Powell,min_committee,783,24
minutes_20190731,minutes,2019-07-31,Powell,min_directive_quote,248,5
minutes_20190731,minutes,2019-07-31,Powell,min_statement_quote,345,12
minutes_20190731,minutes,2019-07-31,Powell,min_vote,476,15
minutes_20190731,minutes,2019-07-31,Powell,min_boilerplate,26,2
minutes_20190918,minutes,2019-09-18,Powell,min_front_matter,716,60
minutes_20190918,minutes,2019-09-18,Powell,min_special,1606,48
minutes_20190918,minutes,2019-09-18,Powell,min_staff_desk,689,28
minutes_20190918,minutes,2019-09-18,Powell,min_staff,3141,112
minutes_20190918,minutes,2019-09-18,Powell,min_participants,3043,99
minutes_20190918,minutes,2019-09-18,Powell,min_committee,615,21
minutes_20190918,minutes,2019-09-18,Powell,min_directive_quote,248,5
minutes_20190918,minutes,2019-09-18,Powell,min_statement_quote,314,11
minutes_20190918,minutes,2019-09-18,Powell,min_vote,313,11
minutes_20190918,minutes,2019-09-18,Powell,min_boilerplate,26,2
minutes_20191030,minutes,2019-10-30,Powell,min_front_matter,789,67
minutes_20191030,minutes,2019-10-30,Powell,min_special,2802,79
minutes_20191030,minutes,2019-10-30,Powell,min_staff_desk,696,26
minutes_20191030,minutes,2019-10-30,Powell,min_staff,2958,119
minutes_20191030,minutes,2019-10-30,Powell,min_participants,2198,79
minutes_20191030,minutes,2019-10-30,Powell,min_committee,554,19
minutes_20191030,minutes,2019-10-30,Powell,min_directive_quote,363,8
minutes_20191030,minutes,2019-10-30,Powell,min_statement_quote,294,11
minutes_20191030,minutes,2019-10-30,Powell,min_vote,255,9
minutes_20191030,minutes,2019-10-30,Powell,min_boilerplate,1666,51
minutes_20191211,minutes,2019-12-11,Powell,min_front_matter,716,57
minutes_20191211,minutes,2019-12-11,Powell,min_special,1517,53
minutes_20191211,minutes,2019-12-11,Powell,min_staff_desk,831,33
minutes_20191211,minutes,2019-12-11,Powell,min_staff,2440,104
minutes_20191211,minutes,2019-12-11,Powell,min_participants,1585,60
minutes_20191211,minutes,2019-12-11,Powell,min_committee,500,19
minutes_20191211,minutes,2019-12-11,Powell,min_directive_quote,362,8
minutes_20191211,minutes,2019-12-11,Powell,min_statement_quote,278,11
minutes_20191211,minutes,2019-12-11,Powell,min_vote,193,7
minutes_20191211,minutes,2019-12-11,Powell,min_boilerplate,26,2
minutes_20200129,minutes,2020-01-29,Powell,min_front_matter,781,60
minutes_20200129,minutes,2020-01-29,Powell,min_boilerplate,3549,163
minutes_20200129,minutes,2020-01-29,Powell,min_special,1531,45
minutes_20200129,minutes,2020-01-29,Powell,min_staff_desk,932,31
minutes_20200129,minutes,2020-01-29,Powell,min_staff,2911,114
minutes_20200129,minutes,2020-01-29,Powell,min_participants,2078,67
minutes_20200129,minutes,2020-01-29,Powell,min_committee,412,15
minutes_20200129,minutes,2020-01-29,Powell,min_directive_quote,362,8
minutes_20200129,minutes,2020-01-29,Powell,min_statement_quote,279,11
minutes_20200129,minutes,2020-01-29,Powell,min_vote,175,7
minutes_20200315,minutes,2020-03-15,Powell,min_front_matter,483,38
minutes_20200315,minutes,2020-03-15,Powell,min_staff_desk,721,30
minutes_20200315,minutes,2020-03-15,Powell,min_staff,2651,112
minutes_20200315,minutes,2020-03-15,Powell,min_participants,3041,99
minutes_20200315,minutes,2020-03-15,Powell,min_committee,645,21
minutes_20200315,minutes,2020-03-15,Powell,min_directive_quote,306,8
minutes_20200315,minutes,2020-03-15,Powell,min_statement_quote,526,22
minutes_20200315,minutes,2020-03-15,Powell,min_vote,350,11
minutes_20200315,minutes,2020-03-15,Powell,min_boilerplate,1392,42
minutes_20200429,minutes,2020-04-29,Powell,min_front_matter,618,45
minutes_20200429,minutes,2020-04-29,Powell,min_staff_desk,951,36
minutes_20200429,minutes,2020-04-29,Powell,min_staff,3401,136
minutes_20200429,minutes,2020-04-29,Powell,min_participants,2715,90
minutes_20200429,minutes,2020-04-29,Powell,min_committee,478,17
minutes_20200429,minutes,2020-04-29,Powell,min_directive_quote,201,7
minutes_20200429,minutes,2020-04-29,Powell,min_statement_quote,386,14
minutes_20200429,minutes,2020-04-29,Powell,min_vote,129,6
minutes_20200429,minutes,2020-04-29,Powell,min_boilerplate,506,15
minutes_20200610,minutes,2020-06-10,Powell,min_front_matter,1141,76
minutes_20200610,minutes,2020-06-10,Powell,min_special,1716,38
minutes_20200610,minutes,2020-06-10,Powell,min_staff_desk,700,28
minutes_20200610,minutes,2020-06-10,Powell,min_staff,3015,121
minutes_20200610,minutes,2020-06-10,Powell,min_participants,2250,66
minutes_20200610,minutes,2020-06-10,Powell,min_committee,487,17
minutes_20200610,minutes,2020-06-10,Powell,min_directive_quote,228,8
minutes_20200610,minutes,2020-06-10,Powell,min_statement_quote,389,14
minutes_20200610,minutes,2020-06-10,Powell,min_vote,129,6
minutes_20200610,minutes,2020-06-10,Powell,min_boilerplate,26,2
minutes_20200729,minutes,2020-07-29,Powell,min_front_matter,673,51
minutes_20200729,minutes,2020-07-29,Powell,min_special,178,6
minutes_20200729,minutes,2020-07-29,Powell,min_staff_desk,828,36
minutes_20200729,minutes,2020-07-29,Powell,min_staff,3588,141
minutes_20200729,minutes,2020-07-29,Powell,min_participants,2371,76
minutes_20200729,minutes,2020-07-29,Powell,min_committee,513,18
minutes_20200729,minutes,2020-07-29,Powell,min_directive_quote,228,8
minutes_20200729,minutes,2020-07-29,Powell,min_statement_quote,410,15
minutes_20200729,minutes,2020-07-29,Powell,min_vote,129,6
minutes_20200729,minutes,2020-07-29,Powell,min_boilerplate,27,2
minutes_20200916,minutes,2020-09-16,Powell,min_front_matter,1740,97
minutes_20200916,minutes,2020-09-16,Powell,min_staff_desk,644,29
minutes_20200916,minutes,2020-09-16,Powell,min_staff,3060,130
minutes_20200916,minutes,2020-09-16,Powell,min_participants,2685,86
minutes_20200916,minutes,2020-09-16,Powell,min_committee,1032,31
minutes_20200916,minutes,2020-09-16,Powell,min_directive_quote,218,9
minutes_20200916,minutes,2020-09-16,Powell,min_statement_quote,424,15
minutes_20200916,minutes,2020-09-16,Powell,min_vote,222,8
minutes_20200916,minutes,2020-09-16,Powell,min_boilerplate,67,4
minutes_20201105,minutes,2020-11-05,Powell,min_front_matter,682,58
minutes_20201105,minutes,2020-11-05,Powell,min_staff_desk,530,22
minutes_20201105,minutes,2020-11-05,Powell,min_special,1402,46
minutes_20201105,minutes,2020-11-05,Powell,min_staff,3367,134
minutes_20201105,minutes,2020-11-05,Powell,min_participants,2141,72
minutes_20201105,minutes,2020-11-05,Powell,min_committee,540,15
minutes_20201105,minutes,2020-11-05,Powell,min_directive_quote,218,9
minutes_20201105,minutes,2020-11-05,Powell,min_statement_quote,421,15
minutes_20201105,minutes,2020-11-05,Powell,min_vote,139,7
minutes_20201105,minutes,2020-11-05,Powell,min_boilerplate,60,3
minutes_20201216,minutes,2020-12-16,Powell,min_front_matter,667,57
minutes_20201216,minutes,2020-12-16,Powell,min_staff_desk,832,30
minutes_20201216,minutes,2020-12-16,Powell,min_staff,2746,114
minutes_20201216,minutes,2020-12-16,Powell,min_participants,2546,80
minutes_20201216,minutes,2020-12-16,Powell,min_committee,575,17
minutes_20201216,minutes,2020-12-16,Powell,min_directive_quote,227,9
minutes_20201216,minutes,2020-12-16,Powell,min_statement_quote,449,16
minutes_20201216,minutes,2020-12-16,Powell,min_vote,129,6
minutes_20201216,minutes,2020-12-16,Powell,min_boilerplate,26,2
minutes_20210127,minutes,2021-01-27,Powell,min_front_matter,645,48
minutes_20210127,minutes,2021-01-27,Powell,min_boilerplate,4236,198
minutes_20210127,minutes,2021-01-27,Powell,min_staff_desk,645,29
minutes_20210127,minutes,2021-01-27,Powell,min_staff,3294,133
minutes_20210127,minutes,2021-01-27,Powell,min_participants,2259,72
minutes_20210127,minutes,2021-01-27,Powell,min_committee,638,19
minutes_20210127,minutes,2021-01-27,Powell,min_directive_quote,224,9
minutes_20210127,minutes,2021-01-27,Powell,min_statement_quote,451,16
minutes_20210127,minutes,2021-01-27,Powell,min_vote,134,6
minutes_20210317,minutes,2021-03-17,Powell,min_front_matter,759,63
minutes_20210317,minutes,2021-03-17,Powell,min_staff_desk,1275,45
minutes_20210317,minutes,2021-03-17,Powell,min_staff,3187,128
minutes_20210317,minutes,2021-03-17,Powell,min_participants,2049,69
minutes_20210317,minutes,2021-03-17,Powell,min_committee,692,20
minutes_20210317,minutes,2021-03-17,Powell,min_directive_quote,224,9
minutes_20210317,minutes,2021-03-17,Powell,min_statement_quote,444,16
minutes_20210317,minutes,2021-03-17,Powell,min_vote,134,6
minutes_20210317,minutes,2021-03-17,Powell,min_boilerplate,26,2
minutes_20210428,minutes,2021-04-28,Powell,min_front_matter,741,62
minutes_20210428,minutes,2021-04-28,Powell,min_staff_desk,912,34
minutes_20210428,minutes,2021-04-28,Powell,min_special,911,26
minutes_20210428,minutes,2021-04-28,Powell,min_staff,2879,120
minutes_20210428,minutes,2021-04-28,Powell,min_participants,1761,67
minutes_20210428,minutes,2021-04-28,Powell,min_committee,781,25
minutes_20210428,minutes,2021-04-28,Powell,min_directive_quote,224,10
minutes_20210428,minutes,2021-04-28,Powell,min_statement_quote,440,17
minutes_20210428,minutes,2021-04-28,Powell,min_vote,134,6
minutes_20210428,minutes,2021-04-28,Powell,min_boilerplate,26,2
minutes_20210616,minutes,2021-06-16,Powell,min_front_matter,792,64
minutes_20210616,minutes,2021-06-16,Powell,min_special,1144,35
minutes_20210616,minutes,2021-06-16,Powell,min_staff_desk,891,37
minutes_20210616,minutes,2021-06-16,Powell,min_staff,3051,127
minutes_20210616,minutes,2021-06-16,Powell,min_participants,2189,73
minutes_20210616,minutes,2021-06-16,Powell,min_committee,647,21
minutes_20210616,minutes,2021-06-16,Powell,min_directive_quote,224,9
minutes_20210616,minutes,2021-06-16,Powell,min_statement_quote,438,17
minutes_20210616,minutes,2021-06-16,Powell,min_vote,193,7
minutes_20210616,minutes,2021-06-16,Powell,min_boilerplate,26,2
minutes_20210728,minutes,2021-07-28,Powell,min_front_matter,651,62
minutes_20210728,minutes,2021-07-28,Powell,min_staff_desk,1265,41
minutes_20210728,minutes,2021-07-28,Powell,min_special,1209,35
minutes_20210728,minutes,2021-07-28,Powell,min_staff,3363,132
minutes_20210728,minutes,2021-07-28,Powell,min_participants,2418,74
minutes_20210728,minutes,2021-07-28,Powell,min_committee,749,23
minutes_20210728,minutes,2021-07-28,Powell,min_directive_quote,241,9
minutes_20210728,minutes,2021-07-28,Powell,min_statement_quote,451,17
minutes_20210728,minutes,2021-07-28,Powell,min_vote,132,6
minutes_20210728,minutes,2021-07-28,Powell,min_boilerplate,26,2
minutes_20210922,minutes,2021-09-22,Powell,min_front_matter,603,52
minutes_20210922,minutes,2021-09-22,Powell,min_staff_desk,781,33
minutes_20210922,minutes,2021-09-22,Powell,min_staff,2679,114
minutes_20210922,minutes,2021-09-22,Powell,min_participants,3020,95
minutes_20210922,minutes,2021-09-22,Powell,min_committee,786,23
minutes_20210922,minutes,2021-09-22,Powell,min_directive_quote,241,10
minutes_20210922,minutes,2021-09-22,Powell,min_statement_quote,469,18
minutes_20210922,minutes,2021-09-22,Powell,min_vote,229,9
minutes_20210922,minutes,2021-09-22,Powell,min_boilerplate,26,2
minutes_20211103,minutes,2021-11-03,Powell,min_front_matter,610,54
minutes_20211103,minutes,2021-11-03,Powell,min_staff_desk,963,36
minutes_20211103,minutes,2021-11-03,Powell,min_staff,2488,103
minutes_20211103,minutes,2021-11-03,Powell,min_participants,2235,72
minutes_20211103,minutes,2021-11-03,Powell,min_committee,994,30
minutes_20211103,minutes,2021-11-03,Powell,min_directive_quote,299,11
minutes_20211103,minutes,2021-11-03,Powell,min_statement_quote,588,21
minutes_20211103,minutes,2021-11-03,Powell,min_vote,193,8
minutes_20211103,minutes,2021-11-03,Powell,min_boilerplate,26,2
minutes_20211215,minutes,2021-12-15,Powell,min_front_matter,674,64
minutes_20211215,minutes,2021-12-15,Powell,min_staff_desk,814,32
minutes_20211215,minutes,2021-12-15,Powell,min_special,1464,47
minutes_20211215,minutes,2021-12-15,Powell,min_staff,2544,108
minutes_20211215,minutes,2021-12-15,Powell,min_participants,2204,73
minutes_20211215,minutes,2021-12-15,Powell,min_committee,785,23
minutes_20211215,minutes,2021-12-15,Powell,min_directive_quote,271,10
minutes_20211215,minutes,2021-12-15,Powell,min_statement_quote,487,19
minutes_20211215,minutes,2021-12-15,Powell,min_vote,170,7
minutes_20211215,minutes,2021-12-15,Powell,min_boilerplate,26,2
minutes_20220126,minutes,2022-01-26,Powell,min_front_matter,627,54
minutes_20220126,minutes,2022-01-26,Powell,min_boilerplate,4850,210
minutes_20220126,minutes,2022-01-26,Powell,min_staff_desk,789,30
minutes_20220126,minutes,2022-01-26,Powell,min_special,939,31
minutes_20220126,minutes,2022-01-26,Powell,min_staff,2553,105
minutes_20220126,minutes,2022-01-26,Powell,min_participants,2236,73
minutes_20220126,minutes,2022-01-26,Powell,min_committee,602,20
minutes_20220126,minutes,2022-01-26,Powell,min_directive_quote,271,10
minutes_20220126,minutes,2022-01-26,Powell,min_statement_quote,390,17
minutes_20220126,minutes,2022-01-26,Powell,min_vote,134,7
minutes_20220316,minutes,2022-03-16,Powell,min_front_matter,664,59
minutes_20220316,minutes,2022-03-16,Powell,min_staff_desk,1097,44
minutes_20220316,minutes,2022-03-16,Powell,min_special,1055,30
minutes_20220316,minutes,2022-03-16,Powell,min_staff,2440,100
minutes_20220316,minutes,2022-03-16,Powell,min_participants,2033,66
minutes_20220316,minutes,2022-03-16,Powell,min_committee,482,16
minutes_20220316,minutes,2022-03-16,Powell,min_directive_quote,183,7
minutes_20220316,minutes,2022-03-16,Powell,min_statement_quote,277,12
minutes_20220316,minutes,2022-03-16,Powell,min_vote,176,8
minutes_20220316,minutes,2022-03-16,Powell,min_boilerplate,78,4
minutes_20220504,minutes,2022-05-04,Powell,min_front_matter,579,45
minutes_20220504,minutes,2022-05-04,Powell,min_staff_desk,1134,47
minutes_20220504,minutes,2022-05-04,Powell,min_staff,2366,97
minutes_20220504,minutes,2022-05-04,Powell,min_participants,2144,76
minutes_20220504,minutes,2022-05-04,Powell,min_committee,517,18
minutes_20220504,minutes,2022-05-04,Powell,min_directive_quote,589,22
minutes_20220504,minutes,2022-05-04,Powell,min_statement_quote,326,15
minutes_20220504,minutes,2022-05-04,Powell,min_vote,141,6
minutes_20220504,minutes,2022-05-04,Powell,min_boilerplate,26,2
minutes_20220615,minutes,2022-06-15,Powell,min_front_matter,618,52
minutes_20220615,minutes,2022-06-15,Powell,min_staff_desk,947,34
minutes_20220615,minutes,2022-06-15,Powell,min_staff,2418,99
minutes_20220615,minutes,2022-06-15,Powell,min_participants,2557,87
minutes_20220615,minutes,2022-06-15,Powell,min_committee,556,18
minutes_20220615,minutes,2022-06-15,Powell,min_directive_quote,251,10
minutes_20220615,minutes,2022-06-15,Powell,min_statement_quote,294,14
minutes_20220615,minutes,2022-06-15,Powell,min_vote,210,8
minutes_20220615,minutes,2022-06-15,Powell,min_boilerplate,26,2
minutes_20220727,minutes,2022-07-27,Powell,min_front_matter,603,54
minutes_20220727,minutes,2022-07-27,Powell,min_staff_desk,889,39
minutes_20220727,minutes,2022-07-27,Powell,min_staff,2480,103
minutes_20220727,minutes,2022-07-27,Powell,min_participants,3210,103
minutes_20220727,minutes,2022-07-27,Powell,min_committee,461,16
minutes_20220727,minutes,2022-07-27,Powell,min_directive_quote,359,12
minutes_20220727,minutes,2022-07-27,Powell,min_statement_quote,275,13
minutes_20220727,minutes,2022-07-27,Powell,min_vote,146,6
minutes_20220727,minutes,2022-07-27,Powell,min_boilerplate,26,2
minutes_20220921,minutes,2022-09-21,Powell,min_front_matter,787,83
minutes_20220921,minutes,2022-09-21,Powell,min_staff_desk,753,31
minutes_20220921,minutes,2022-09-21,Powell,min_staff,2392,96
minutes_20220921,minutes,2022-09-21,Powell,min_participants,2707,86
minutes_20220921,minutes,2022-09-21,Powell,min_committee,366,14
minutes_20220921,minutes,2022-09-21,Powell,min_directive_quote,242,9
minutes_20220921,minutes,2022-09-21,Powell,min_statement_quote,275,13
minutes_20220921,minutes,2022-09-21,Powell,min_vote,146,6
minutes_20220921,minutes,2022-09-21,Powell,min_boilerplate,26,2
minutes_20221102,minutes,2022-11-02,Powell,min_front_matter,827,80
minutes_20221102,minutes,2022-11-02,Powell,min_staff_desk,755,32
minutes_20221102,minutes,2022-11-02,Powell,min_staff,2235,94
minutes_20221102,minutes,2022-11-02,Powell,min_participants,2869,91
minutes_20221102,minutes,2022-11-02,Powell,min_committee,503,20
minutes_20221102,minutes,2022-11-02,Powell,min_directive_quote,242,9
minutes_20221102,minutes,2022-11-02,Powell,min_statement_quote,336,15
minutes_20221102,minutes,2022-11-02,Powell,min_vote,146,6
minutes_20221102,minutes,2022-11-02,Powell,min_boilerplate,26,2
minutes_20221214,minutes,2022-12-14,Powell,min_front_matter,834,86
minutes_20221214,minutes,2022-12-14,Powell,min_boilerplate,59,4
minutes_20221214,minutes,2022-12-14,Powell,min_staff_desk,648,29
minutes_20221214,minutes,2022-12-14,Powell,min_staff,2493,104
minutes_20221214,minutes,2022-12-14,Powell,min_participants,2527,81
minutes_20221214,minutes,2022-12-14,Powell,min_committee,439,18
minutes_20221214,minutes,2022-12-14,Powell,min_directive_quote,243,9
minutes_20221214,minutes,2022-12-14,Powell,min_statement_quote,337,15
minutes_20221214,minutes,2022-12-14,Powell,min_vote,148,6
minutes_20230201,minutes,2023-02-01,Powell,min_front_matter,842,84
minutes_20230201,minutes,2023-02-01,Powell,min_boilerplate,699,36
minutes_20230201,minutes,2023-02-01,Powell,min_staff_desk,645,25
minutes_20230201,minutes,2023-02-01,Powell,min_staff,2706,112
minutes_20230201,minutes,2023-02-01,Powell,min_participants,2598,83
minutes_20230201,minutes,2023-02-01,Powell,min_committee,389,17
minutes_20230201,minutes,2023-02-01,Powell,min_directive_quote,243,9
minutes_20230201,minutes,2023-02-01,Powell,min_statement_quote,295,14
minutes_20230201,minutes,2023-02-01,Powell,min_vote,145,6
minutes_20230322,minutes,2023-03-22,Powell,min_front_matter,868,87
minutes_20230322,minutes,2023-03-22,Powell,min_staff_desk,589,26
minutes_20230322,minutes,2023-03-22,Powell,min_staff,2258,93
minutes_20230322,minutes,2023-03-22,Powell,min_participants,2489,84
minutes_20230322,minutes,2023-03-22,Powell,min_committee,434,18
minutes_20230322,minutes,2023-03-22,Powell,min_directive_quote,216,9
minutes_20230322,minutes,2023-03-22,Powell,min_statement_quote,327,17
minutes_20230322,minutes,2023-03-22,Powell,min_vote,143,6
minutes_20230322,minutes,2023-03-22,Powell,min_boilerplate,25,1
minutes_20230503,minutes,2023-05-03,Powell,min_front_matter,818,89
minutes_20230503,minutes,2023-05-03,Powell,min_staff_desk,697,30
minutes_20230503,minutes,2023-05-03,Powell,min_staff,3029,113
minutes_20230503,minutes,2023-05-03,Powell,min_participants,2538,92
minutes_20230503,minutes,2023-05-03,Powell,min_committee,399,18
minutes_20230503,minutes,2023-05-03,Powell,min_directive_quote,216,9
minutes_20230503,minutes,2023-05-03,Powell,min_statement_quote,293,16
minutes_20230503,minutes,2023-05-03,Powell,min_vote,143,6
minutes_20230503,minutes,2023-05-03,Powell,min_boilerplate,23,1
minutes_20230614,minutes,2023-06-14,Powell,min_front_matter,764,81
minutes_20230614,minutes,2023-06-14,Powell,min_staff_desk,667,28
minutes_20230614,minutes,2023-06-14,Powell,min_staff,2313,96
minutes_20230614,minutes,2023-06-14,Powell,min_participants,2260,75
minutes_20230614,minutes,2023-06-14,Powell,min_committee,409,18
minutes_20230614,minutes,2023-06-14,Powell,min_directive_quote,216,9
minutes_20230614,minutes,2023-06-14,Powell,min_statement_quote,303,16
minutes_20230614,minutes,2023-06-14,Powell,min_vote,128,6
minutes_20230614,minutes,2023-06-14,Powell,min_boilerplate,23,1
minutes_20230726,minutes,2023-07-26,Powell,min_front_matter,723,76
minutes_20230726,minutes,2023-07-26,Powell,min_staff_desk,630,22
minutes_20230726,minutes,2023-07-26,Powell,min_staff,2475,106
minutes_20230726,minutes,2023-07-26,Powell,min_participants,1916,64
minutes_20230726,minutes,2023-07-26,Powell,min_committee,394,17
minutes_20230726,minutes,2023-07-26,Powell,min_directive_quote,217,9
minutes_20230726,minutes,2023-07-26,Powell,min_statement_quote,296,16
minutes_20230726,minutes,2023-07-26,Powell,min_vote,143,6
minutes_20230726,minutes,2023-07-26,Powell,min_boilerplate,23,1
minutes_20230920,minutes,2023-09-20,Powell,min_front_matter,744,81
minutes_20230920,minutes,2023-09-20,Powell,min_staff_desk,663,26
minutes_20230920,minutes,2023-09-20,Powell,min_staff,1862,82
minutes_20230920,minutes,2023-09-20,Powell,min_participants,2260,79
minutes_20230920,minutes,2023-09-20,Powell,min_committee,412,17
minutes_20230920,minutes,2023-09-20,Powell,min_directive_quote,217,9
minutes_20230920,minutes,2023-09-20,Powell,min_statement_quote,298,16
minutes_20230920,minutes,2023-09-20,Powell,min_vote,150,6
minutes_20230920,minutes,2023-09-20,Powell,min_boilerplate,24,1
minutes_20231101,minutes,2023-11-01,Powell,min_front_matter,799,84
minutes_20231101,minutes,2023-11-01,Powell,min_staff_desk,622,24
minutes_20231101,minutes,2023-11-01,Powell,min_staff,2120,98
minutes_20231101,minutes,2023-11-01,Powell,min_participants,2299,80
minutes_20231101,minutes,2023-11-01,Powell,min_committee,395,16
minutes_20231101,minutes,2023-11-01,Powell,min_directive_quote,217,9
minutes_20231101,minutes,2023-11-01,Powell,min_statement_quote,304,16
minutes_20231101,minutes,2023-11-01,Powell,min_vote,148,6
minutes_20231101,minutes,2023-11-01,Powell,min_boilerplate,23,1
minutes_20231213,minutes,2023-12-13,Powell,min_front_matter,726,76
minutes_20231213,minutes,2023-12-13,Powell,min_staff_desk,661,26
minutes_20231213,minutes,2023-12-13,Powell,min_staff,2010,82
minutes_20231213,minutes,2023-12-13,Powell,min_participants,2236,77
minutes_20231213,minutes,2023-12-13,Powell,min_committee,561,20
minutes_20231213,minutes,2023-12-13,Powell,min_directive_quote,217,9
minutes_20231213,minutes,2023-12-13,Powell,min_statement_quote,315,16
minutes_20231213,minutes,2023-12-13,Powell,min_vote,148,6
minutes_20231213,minutes,2023-12-13,Powell,min_boilerplate,25,1
minutes_20240131,minutes,2024-01-31,Powell,min_front_matter,777,82
minutes_20240131,minutes,2024-01-31,Powell,min_boilerplate,639,37
minutes_20240131,minutes,2024-01-31,Powell,min_staff_desk,579,25
minutes_20240131,minutes,2024-01-31,Powell,min_staff,2024,91
minutes_20240131,minutes,2024-01-31,Powell,min_participants,2262,79
minutes_20240131,minutes,2024-01-31,Powell,min_committee,598,21
minutes_20240131,minutes,2024-01-31,Powell,min_directive_quote,217,9
minutes_20240131,minutes,2024-01-31,Powell,min_statement_quote,292,14
minutes_20240131,minutes,2024-01-31,Powell,min_vote,150,6
minutes_20240320,minutes,2024-03-20,Powell,min_front_matter,876,95
minutes_20240320,minutes,2024-03-20,Powell,min_staff_desk,792,34
minutes_20240320,minutes,2024-03-20,Powell,min_special,904,30
minutes_20240320,minutes,2024-03-20,Powell,min_staff,2004,92
minutes_20240320,minutes,2024-03-20,Powell,min_participants,1741,58
minutes_20240320,minutes,2024-03-20,Powell,min_committee,366,16
minutes_20240320,minutes,2024-03-20,Powell,min_directive_quote,217,9
minutes_20240320,minutes,2024-03-20,Powell,min_statement_quote,286,14
minutes_20240320,minutes,2024-03-20,Powell,min_vote,152,6
minutes_20240320,minutes,2024-03-20,Powell,min_boilerplate,23,1
minutes_20240501,minutes,2024-05-01,Powell,min_front_matter,796,86
minutes_20240501,minutes,2024-05-01,Powell,min_staff_desk,749,34
minutes_20240501,minutes,2024-05-01,Powell,min_staff,1934,80
minutes_20240501,minutes,2024-05-01,Powell,min_participants,2406,84
minutes_20240501,minutes,2024-05-01,Powell,min_committee,467,19
minutes_20240501,minutes,2024-05-01,Powell,min_directive_quote,300,11
minutes_20240501,minutes,2024-05-01,Powell,min_statement_quote,367,17
minutes_20240501,minutes,2024-05-01,Powell,min_vote,150,6
minutes_20240501,minutes,2024-05-01,Powell,min_boilerplate,23,1
minutes_20240612,minutes,2024-06-12,Powell,min_front_matter,801,85
minutes_20240612,minutes,2024-06-12,Powell,min_staff_desk,768,33
minutes_20240612,minutes,2024-06-12,Powell,min_staff,1889,81
minutes_20240612,minutes,2024-06-12,Powell,min_participants,2032,70
minutes_20240612,minutes,2024-06-12,Powell,min_committee,391,17
minutes_20240612,minutes,2024-06-12,Powell,min_directive_quote,227,9
minutes_20240612,minutes,2024-06-12,Powell,min_statement_quote,300,15
minutes_20240612,minutes,2024-06-12,Powell,min_vote,150,6
minutes_20240612,minutes,2024-06-12,Powell,min_boilerplate,25,1
minutes_20240731,minutes,2024-07-31,Powell,min_front_matter,47,1
minutes_20240731,minutes,2024-07-31,Powell,min_staff_desk,597,24
minutes_20240731,minutes,2024-07-31,Powell,min_staff,1943,88
minutes_20240731,minutes,2024-07-31,Powell,min_participants,2165,78
minutes_20240731,minutes,2024-07-31,Powell,min_committee,512,20
minutes_20240731,minutes,2024-07-31,Powell,min_directive_quote,227,9
minutes_20240731,minutes,2024-07-31,Powell,min_statement_quote,306,15
minutes_20240731,minutes,2024-07-31,Powell,min_vote,161,8
minutes_20240731,minutes,2024-07-31,Powell,min_boilerplate,780,87
minutes_20240918,minutes,2024-09-18,Powell,min_front_matter,47,1
minutes_20240918,minutes,2024-09-18,Powell,min_staff_desk,851,29
minutes_20240918,minutes,2024-09-18,Powell,min_staff,1755,78
minutes_20240918,minutes,2024-09-18,Powell,min_participants,2102,71
minutes_20240918,minutes,2024-09-18,Powell,min_committee,412,16
minutes_20240918,minutes,2024-09-18,Powell,min_directive_quote,225,9
minutes_20240918,minutes,2024-09-18,Powell,min_statement_quote,289,13
minutes_20240918,minutes,2024-09-18,Powell,min_vote,233,9
minutes_20240918,minutes,2024-09-18,Powell,min_boilerplate,730,82
minutes_20241107,minutes,2024-11-07,Powell,min_front_matter,47,1
minutes_20241107,minutes,2024-11-07,Powell,min_staff_desk,1117,41
minutes_20241107,minutes,2024-11-07,Powell,min_staff,2152,92
minutes_20241107,minutes,2024-11-07,Powell,min_participants,1946,63
minutes_20241107,minutes,2024-11-07,Powell,min_committee,410,16
minutes_20241107,minutes,2024-11-07,Powell,min_directive_quote,226,9
minutes_20241107,minutes,2024-11-07,Powell,min_statement_quote,276,13
minutes_20241107,minutes,2024-11-07,Powell,min_vote,155,7
minutes_20241107,minutes,2024-11-07,Powell,min_boilerplate,853,94
minutes_20241218,minutes,2024-12-18,Powell,min_front_matter,47,1
minutes_20241218,minutes,2024-12-18,Powell,min_staff_desk,912,35
minutes_20241218,minutes,2024-12-18,Powell,min_staff,1787,78
minutes_20241218,minutes,2024-12-18,Powell,min_participants,2004,69
minutes_20241218,minutes,2024-12-18,Powell,min_committee,477,17
minutes_20241218,minutes,2024-12-18,Powell,min_directive_quote,257,10
minutes_20241218,minutes,2024-12-18,Powell,min_statement_quote,281,13
minutes_20241218,minutes,2024-12-18,Powell,min_vote,242,8
minutes_20241218,minutes,2024-12-18,Powell,min_boilerplate,766,85
minutes_20250129,minutes,2025-01-29,Powell,min_front_matter,46,1
minutes_20250129,minutes,2025-01-29,Powell,min_boilerplate,1267,123
minutes_20250129,minutes,2025-01-29,Powell,min_special,778,24
minutes_20250129,minutes,2025-01-29,Powell,min_staff_desk,970,38
minutes_20250129,minutes,2025-01-29,Powell,min_staff,2002,89
minutes_20250129,minutes,2025-01-29,Powell,min_participants,2001,68
minutes_20250129,minutes,2025-01-29,Powell,min_committee,346,15
minutes_20250129,minutes,2025-01-29,Powell,min_directive_quote,225,9
minutes_20250129,minutes,2025-01-29,Powell,min_statement_quote,263,13
minutes_20250129,minutes,2025-01-29,Powell,min_vote,150,6
minutes_20250319,minutes,2025-03-19,Powell,min_front_matter,47,1
minutes_20250319,minutes,2025-03-19,Powell,min_special,407,14
minutes_20250319,minutes,2025-03-19,Powell,min_staff_desk,1021,37
minutes_20250319,minutes,2025-03-19,Powell,min_staff,1796,80
minutes_20250319,minutes,2025-03-19,Powell,min_participants,1849,64
minutes_20250319,minutes,2025-03-19,Powell,min_committee,410,15
minutes_20250319,minutes,2025-03-19,Powell,min_directive_quote,241,9
minutes_20250319,minutes,2025-03-19,Powell,min_statement_quote,299,15
minutes_20250319,minutes,2025-03-19,Powell,min_vote,252,9
minutes_20250319,minutes,2025-03-19,Powell,min_boilerplate,929,106
minutes_20250507,minutes,2025-05-07,Powell,min_front_matter,47,1
minutes_20250507,minutes,2025-05-07,Powell,min_special,591,18
minutes_20250507,minutes,2025-05-07,Powell,min_staff_desk,1133,42
minutes_20250507,minutes,2025-05-07,Powell,min_staff,1916,89
minutes_20250507,minutes,2025-05-07,Powell,min_participants,1854,67
minutes_20250507,minutes,2025-05-07,Powell,min_committee,369,14
minutes_20250507,minutes,2025-05-07,Powell,min_directive_quote,206,8
minutes_20250507,minutes,2025-05-07,Powell,min_statement_quote,270,13
minutes_20250507,minutes,2025-05-07,Powell,min_vote,155,7
minutes_20250507,minutes,2025-05-07,Powell,min_boilerplate,974,115
minutes_20250618,minutes,2025-06-18,Powell,min_front_matter,47,1
minutes_20250618,minutes,2025-06-18,Powell,min_special,405,13
minutes_20250618,minutes,2025-06-18,Powell,min_staff_desk,1010,37
minutes_20250618,minutes,2025-06-18,Powell,min_staff,1574,77
minutes_20250618,minutes,2025-06-18,Powell,min_participants,2041,71
minutes_20250618,minutes,2025-06-18,Powell,min_committee,356,14
minutes_20250618,minutes,2025-06-18,Powell,min_directive_quote,206,8
minutes_20250618,minutes,2025-06-18,Powell,min_statement_quote,252,13
minutes_20250618,minutes,2025-06-18,Powell,min_vote,146,7
minutes_20250618,minutes,2025-06-18,Powell,min_boilerplate,995,112
minutes_20250730,minutes,2025-07-30,Powell,min_front_matter,47,1
minutes_20250730,minutes,2025-07-30,Powell,min_special,112,6
minutes_20250730,minutes,2025-07-30,Powell,min_staff_desk,806,31
minutes_20250730,minutes,2025-07-30,Powell,min_staff,1948,83
minutes_20250730,minutes,2025-07-30,Powell,min_participants,2191,77
minutes_20250730,minutes,2025-07-30,Powell,min_committee,439,16
minutes_20250730,minutes,2025-07-30,Powell,min_directive_quote,206,8
minutes_20250730,minutes,2025-07-30,Powell,min_statement_quote,253,13
minutes_20250730,minutes,2025-07-30,Powell,min_vote,276,11
minutes_20250730,minutes,2025-07-30,Powell,min_boilerplate,769,84
minutes_20250917,minutes,2025-09-17,Powell,min_front_matter,47,1
minutes_20250917,minutes,2025-09-17,Powell,min_staff_desk,818,32
minutes_20250917,minutes,2025-09-17,Powell,min_staff,1709,73
minutes_20250917,minutes,2025-09-17,Powell,min_participants,1751,64
minutes_20250917,minutes,2025-09-17,Powell,min_committee,375,14
minutes_20250917,minutes,2025-09-17,Powell,min_directive_quote,205,8
minutes_20250917,minutes,2025-09-17,Powell,min_statement_quote,268,13
minutes_20250917,minutes,2025-09-17,Powell,min_vote,253,9
minutes_20250917,minutes,2025-09-17,Powell,min_boilerplate,834,89
minutes_20251029,minutes,2025-10-29,Powell,min_front_matter,47,1
minutes_20251029,minutes,2025-10-29,Powell,min_staff_desk,928,40
minutes_20251029,minutes,2025-10-29,Powell,min_special,936,34
minutes_20251029,minutes,2025-10-29,Powell,min_staff,1798,81
minutes_20251029,minutes,2025-10-29,Powell,min_participants,2251,70
minutes_20251029,minutes,2025-10-29,Powell,min_committee,412,18
minutes_20251029,minutes,2025-10-29,Powell,min_directive_quote,245,10
minutes_20251029,minutes,2025-10-29,Powell,min_statement_quote,281,13
minutes_20251029,minutes,2025-10-29,Powell,min_vote,192,7
minutes_20251029,minutes,2025-10-29,Powell,min_boilerplate,1002,115
minutes_20251210,minutes,2025-12-10,Powell,min_front_matter,47,1
minutes_20251210,minutes,2025-12-10,Powell,min_staff_desk,1089,39
minutes_20251210,minutes,2025-12-10,Powell,min_special,987,31
minutes_20251210,minutes,2025-12-10,Powell,min_staff,1379,58
minutes_20251210,minutes,2025-12-10,Powell,min_participants,2021,66
minutes_20251210,minutes,2025-12-10,Powell,min_committee,444,17
minutes_20251210,minutes,2025-12-10,Powell,min_directive_quote,141,7
minutes_20251210,minutes,2025-12-10,Powell,min_statement_quote,302,14
minutes_20251210,minutes,2025-12-10,Powell,min_vote,194,6
minutes_20251210,minutes,2025-12-10,Powell,min_boilerplate,874,97
minutes_20260128,minutes,2026-01-28,Powell,min_front_matter,47,1
minutes_20260128,minutes,2026-01-28,Powell,min_boilerplate,1344,120
minutes_20260128,minutes,2026-01-28,Powell,min_staff_desk,884,32
minutes_20260128,minutes,2026-01-28,Powell,min_staff,1732,73
minutes_20260128,minutes,2026-01-28,Powell,min_participants,1550,54
minutes_20260128,minutes,2026-01-28,Powell,min_committee,370,14
minutes_20260128,minutes,2026-01-28,Powell,min_directive_quote,141,7
minutes_20260128,minutes,2026-01-28,Powell,min_statement_quote,226,12
minutes_20260128,minutes,2026-01-28,Powell,min_vote,169,7
minutes_20260318,minutes,2026-03-18,Powell,min_front_matter,47,1
minutes_20260318,minutes,2026-03-18,Powell,min_staff_desk,1057,43
minutes_20260318,minutes,2026-03-18,Powell,min_staff,1459,64
minutes_20260318,minutes,2026-03-18,Powell,min_participants,1839,57
minutes_20260318,minutes,2026-03-18,Powell,min_committee,342,16
minutes_20260318,minutes,2026-03-18,Powell,min_directive_quote,141,7
minutes_20260318,minutes,2026-03-18,Powell,min_statement_quote,241,13
minutes_20260318,minutes,2026-03-18,Powell,min_vote,164,8
minutes_20260318,minutes,2026-03-18,Powell,min_boilerplate,807,82
minutes_20260429,minutes,2026-04-29,Powell,min_front_matter,47,1
minutes_20260429,minutes,2026-04-29,Powell,min_staff_desk,1195,49
minutes_20260429,minutes,2026-04-29,Powell,min_staff,1751,76
minutes_20260429,minutes,2026-04-29,Powell,min_participants,1852,68
minutes_20260429,minutes,2026-04-29,Powell,min_committee,371,15
minutes_20260429,minutes,2026-04-29,Powell,min_directive_quote,141,7
minutes_20260429,minutes,2026-04-29,Powell,min_statement_quote,248,12
minutes_20260429,minutes,2026-04-29,Powell,min_vote,190,7
minutes_20260429,minutes,2026-04-29,Powell,min_boilerplate,890,94
transcript_20110427,press_conf,2011-04-27,Bernanke,pc_pre,3,1
transcript_20110427,press_conf,2011-04-27,Bernanke,pc_chair,7536,316
transcript_20110427,press_conf,2011-04-27,Bernanke,pc_journalist,1166,69
transcript_20110622,press_conf,2011-06-22,Bernanke,pc_pre,3,1
transcript_20110622,press_conf,2011-06-22,Bernanke,pc_chair,6002,256
transcript_20110622,press_conf,2011-06-22,Bernanke,pc_journalist,1317,78
transcript_20111102,press_conf,2011-11-02,Bernanke,pc_pre,3,1
transcript_20111102,press_conf,2011-11-02,Bernanke,pc_chair,6000,248
transcript_20111102,press_conf,2011-11-02,Bernanke,pc_journalist,1337,82
transcript_20120125,press_conf,2012-01-25,Bernanke,pc_pre,3,1
transcript_20120125,press_conf,2012-01-25,Bernanke,pc_chair,7921,260
transcript_20120125,press_conf,2012-01-25,Bernanke,pc_journalist,2150,92
transcript_20120425,press_conf,2012-04-25,Bernanke,pc_pre,3,1
transcript_20120425,press_conf,2012-04-25,Bernanke,pc_chair,5905,230
transcript_20120425,press_conf,2012-04-25,Bernanke,pc_journalist,1689,94
transcript_20120620,press_conf,2012-06-20,Bernanke,pc_pre,3,1
transcript_20120620,press_conf,2012-06-20,Bernanke,pc_chair,5281,224
transcript_20120620,press_conf,2012-06-20,Bernanke,pc_journalist,1880,110
transcript_20120913,press_conf,2012-09-13,Bernanke,pc_pre,3,1
transcript_20120913,press_conf,2012-09-13,Bernanke,pc_chair,6347,261
transcript_20120913,press_conf,2012-09-13,Bernanke,pc_journalist,2108,100
transcript_20121212,press_conf,2012-12-12,Bernanke,pc_pre,3,1
transcript_20121212,press_conf,2012-12-12,Bernanke,pc_chair,9261,359
transcript_20121212,press_conf,2012-12-12,Bernanke,pc_journalist,2312,126
transcript_20130320,press_conf,2013-03-20,Bernanke,pc_pre,3,1
transcript_20130320,press_conf,2013-03-20,Bernanke,pc_chair,7042,319
transcript_20130320,press_conf,2013-03-20,Bernanke,pc_journalist,1879,104
transcript_20130619,press_conf,2013-06-19,Bernanke,pc_pre,3,1
transcript_20130619,press_conf,2013-06-19,Bernanke,pc_chair,7101,278
transcript_20130619,press_conf,2013-06-19,Bernanke,pc_journalist,2328,127
transcript_20130918,press_conf,2013-09-18,Bernanke,pc_chair,7309,275
transcript_20130918,press_conf,2013-09-18,Bernanke,pc_journalist,1589,86
transcript_20131218,press_conf,2013-12-18,Bernanke,pc_chair,8457,355
transcript_20131218,press_conf,2013-12-18,Bernanke,pc_journalist,1959,107
transcript_20140319,press_conf,2014-03-19,Yellen,pc_chair,6380,235
transcript_20140319,press_conf,2014-03-19,Yellen,pc_journalist,1337,64
transcript_20140618,press_conf,2014-06-18,Yellen,pc_chair,5297,180
transcript_20140618,press_conf,2014-06-18,Yellen,pc_journalist,1636,98
transcript_20140917,press_conf,2014-09-17,Yellen,pc_chair,5834,215
transcript_20140917,press_conf,2014-09-17,Yellen,pc_journalist,1324,72
transcript_20141217,press_conf,2014-12-17,Yellen,pc_chair,5911,239
transcript_20141217,press_conf,2014-12-17,Yellen,pc_journalist,1481,97
transcript_20150318,press_conf,2015-03-18,Yellen,pc_chair,5183,215
transcript_20150318,press_conf,2015-03-18,Yellen,pc_journalist,1803,89
transcript_20150617,press_conf,2015-06-17,Yellen,pc_chair,5707,213
transcript_20150617,press_conf,2015-06-17,Yellen,pc_journalist,1695,89
transcript_20150917,press_conf,2015-09-17,Yellen,pc_chair,6060,239
transcript_20150917,press_conf,2015-09-17,Yellen,pc_journalist,1391,78
transcript_20151216,press_conf,2015-12-16,Yellen,pc_chair,6959,283
transcript_20151216,press_conf,2015-12-16,Yellen,pc_journalist,1600,97
transcript_20160316,press_conf,2016-03-16,Yellen,pc_chair,6034,243
transcript_20160316,press_conf,2016-03-16,Yellen,pc_journalist,1393,76
transcript_20160615,press_conf,2016-06-15,Yellen,pc_chair,5691,217
transcript_20160615,press_conf,2016-06-15,Yellen,pc_journalist,1234,58
transcript_20160921,press_conf,2016-09-21,Yellen,pc_chair,6339,264
transcript_20160921,press_conf,2016-09-21,Yellen,pc_journalist,1724,89
transcript_20161214,press_conf,2016-12-14,Yellen,pc_chair,5023,213
transcript_20161214,press_conf,2016-12-14,Yellen,pc_journalist,1447,79
transcript_20170315,press_conf,2017-03-15,Yellen,pc_chair,5268,232
transcript_20170315,press_conf,2017-03-15,Yellen,pc_journalist,1622,108
transcript_20170614,press_conf,2017-06-14,Yellen,pc_chair,6050,235
transcript_20170614,press_conf,2017-06-14,Yellen,pc_journalist,1508,90
transcript_20170920,press_conf,2017-09-20,Yellen,pc_pre,4,1
transcript_20170920,press_conf,2017-09-20,Yellen,pc_chair,6973,240
transcript_20170920,press_conf,2017-09-20,Yellen,pc_journalist,1482,75
transcript_20171213,press_conf,2017-12-13,Yellen,pc_chair,6891,273
transcript_20171213,press_conf,2017-12-13,Yellen,pc_journalist,1883,101
transcript_20180321,press_conf,2018-03-21,Powell,pc_chair,5213,263
transcript_20180321,press_conf,2018-03-21,Powell,pc_journalist,2004,104
transcript_20180613,press_conf,2018-06-13,Powell,pc_chair,7146,383
transcript_20180613,press_conf,2018-06-13,Powell,pc_journalist,1838,102
transcript_20180926,press_conf,2018-09-26,Powell,pc_chair,7808,387
transcript_20180926,press_conf,2018-09-26,Powell,pc_journalist,2043,119
transcript_20181219,press_conf,2018-12-19,Powell,pc_chair,5773,292
transcript_20181219,press_conf,2018-12-19,Powell,pc_journalist,1526,92
transcript_20190130,press_conf,2019-01-30,Powell,pc_chair,5776,287
transcript_20190130,press_conf,2019-01-30,Powell,pc_journalist,2022,111
transcript_20190320,press_conf,2019-03-20,Powell,pc_chair,5668,283
transcript_20190320,press_conf,2019-03-20,Powell,pc_journalist,1783,101
transcript_20190501,press_conf,2019-05-01,Powell,pc_chair,5070,254
transcript_20190501,press_conf,2019-05-01,Powell,pc_journalist,1560,85
transcript_20190619,press_conf,2019-06-19,Powell,pc_chair,5539,276
transcript_20190619,press_conf,2019-06-19,Powell,pc_journalist,1643,96
transcript_20190731,press_conf,2019-07-31,Powell,pc_chair,5942,297
transcript_20190731,press_conf,2019-07-31,Powell,pc_journalist,1827,107
transcript_20190918,press_conf,2019-09-18,Powell,pc_chair,6698,321
transcript_20190918,press_conf,2019-09-18,Powell,pc_journalist,1967,113
transcript_20191030,press_conf,2019-10-30,Powell,pc_chair,5862,299
transcript_20191030,press_conf,2019-10-30,Powell,pc_journalist,1985,112
transcript_20191211,press_conf,2019-12-11,Powell,pc_chair,7129,343
transcript_20191211,press_conf,2019-12-11,Powell,pc_journalist,1913,102
transcript_20200129,press_conf,2020-01-29,Powell,pc_chair,7338,353
transcript_20200129,press_conf,2020-01-29,Powell,pc_journalist,2053,119
transcript_20200303,press_conf,2020-03-03,Powell,pc_chair,1692,96
transcript_20200303,press_conf,2020-03-03,Powell,pc_journalist,609,41
transcript_20200315,press_conf,2020-03-15,Powell,pc_pre,14,1
transcript_20200315,press_conf,2020-03-15,Powell,pc_chair,5697,259
transcript_20200315,press_conf,2020-03-15,Powell,pc_moderator,156,20
transcript_20200315,press_conf,2020-03-15,Powell,pc_journalist,1375,91
transcript_20200429,press_conf,2020-04-29,Powell,pc_chair,6576,326
transcript_20200429,press_conf,2020-04-29,Powell,pc_journalist,1362,70
transcript_20200429,press_conf,2020-04-29,Powell,pc_moderator,36,8
transcript_20200610,press_conf,2020-06-10,Powell,pc_chair,8452,399
transcript_20200610,press_conf,2020-06-10,Powell,pc_moderator,40,8
transcript_20200610,press_conf,2020-06-10,Powell,pc_journalist,1804,86
transcript_20200729,press_conf,2020-07-29,Powell,pc_chair,8253,415
transcript_20200729,press_conf,2020-07-29,Powell,pc_journalist,1549,98
transcript_20200729,press_conf,2020-07-29,Powell,pc_moderator,52,11
transcript_20200916,press_conf,2020-09-16,Powell,pc_chair,8805,436
transcript_20200916,press_conf,2020-09-16,Powell,pc_journalist,1863,103
transcript_20200916,press_conf,2020-09-16,Powell,pc_moderator,14,2
transcript_20201105,press_conf,2020-11-05,Powell,pc_chair,6684,314
transcript_20201105,press_conf,2020-11-05,Powell,pc_journalist,1569,71
transcript_20201105,press_conf,2020-11-05,Powell,pc_moderator,33,9
transcript_20201216,press_conf,2020-12-16,Powell,pc_chair,8306,430
transcript_20201216,press_conf,2020-12-16,Powell,pc_journalist,1660,102
transcript_20201216,press_conf,2020-12-16,Powell,pc_moderator,29,6
transcript_20210127,press_conf,2021-01-27,Powell,pc_chair,7757,393
transcript_20210127,press_conf,2021-01-27,Powell,pc_journalist,1480,80
transcript_20210127,press_conf,2021-01-27,Powell,pc_moderator,21,4
transcript_20210317,press_conf,2021-03-17,Powell,pc_chair,8215,460
transcript_20210317,press_conf,2021-03-17,Powell,pc_journalist,1913,110
transcript_20210317,press_conf,2021-03-17,Powell,pc_moderator,39,8
transcript_20210428,press_conf,2021-04-28,Powell,pc_chair,7806,387
transcript_20210428,press_conf,2021-04-28,Powell,pc_moderator,46,9
transcript_20210428,press_conf,2021-04-28,Powell,pc_journalist,1878,106
transcript_20210616,press_conf,2021-06-16,Powell,pc_chair,8445,425
transcript_20210616,press_conf,2021-06-16,Powell,pc_moderator,129,17
transcript_20210616,press_conf,2021-06-16,Powell,pc_journalist,1893,102
transcript_20210728,press_conf,2021-07-28,Powell,pc_chair,7613,400
transcript_20210728,press_conf,2021-07-28,Powell,pc_moderator,142,19
transcript_20210728,press_conf,2021-07-28,Powell,pc_journalist,1828,105
transcript_20210922,press_conf,2021-09-22,Powell,pc_chair,7063,361
transcript_20210922,press_conf,2021-09-22,Powell,pc_moderator,132,21
transcript_20210922,press_conf,2021-09-22,Powell,pc_journalist,1785,105
transcript_20211103,press_conf,2021-11-03,Powell,pc_chair,7076,364
transcript_20211103,press_conf,2021-11-03,Powell,pc_moderator,131,15
transcript_20211103,press_conf,2021-11-03,Powell,pc_journalist,2311,120
transcript_20211215,press_conf,2021-12-15,Powell,pc_chair,8572,418
transcript_20211215,press_conf,2021-12-15,Powell,pc_moderator,152,20
transcript_20211215,press_conf,2021-12-15,Powell,pc_journalist,1823,103
transcript_20220126,press_conf,2022-01-26,Powell,pc_chair,7543,413
transcript_20220126,press_conf,2022-01-26,Powell,pc_moderator,124,18
transcript_20220126,press_conf,2022-01-26,Powell,pc_journalist,1771,105
transcript_20220316,press_conf,2022-03-16,Powell,pc_chair,6851,376
transcript_20220316,press_conf,2022-03-16,Powell,pc_moderator,240,29
transcript_20220316,press_conf,2022-03-16,Powell,pc_journalist,1820,111
transcript_20220504,press_conf,2022-05-04,Powell,pc_chair,6696,390
transcript_20220504,press_conf,2022-05-04,Powell,pc_journalist,1319,83
transcript_20220504,press_conf,2022-05-04,Powell,pc_moderator,17,3
transcript_20220615,press_conf,2022-06-15,Powell,pc_chair,7789,387
transcript_20220615,press_conf,2022-06-15,Powell,pc_journalist,1606,87
transcript_20220615,press_conf,2022-06-15,Powell,pc_moderator,10,1
transcript_20220727,press_conf,2022-07-27,Powell,pc_chair,7756,434
transcript_20220727,press_conf,2022-07-27,Powell,pc_moderator,18,3
transcript_20220727,press_conf,2022-07-27,Powell,pc_journalist,1858,121
transcript_20220921,press_conf,2022-09-21,Powell,pc_chair,5697,257
transcript_20220921,press_conf,2022-09-21,Powell,pc_journalist,1421,86
transcript_20220921,press_conf,2022-09-21,Powell,pc_moderator,18,3
transcript_20221102,press_conf,2022-11-02,Powell,pc_chair,6506,328
transcript_20221102,press_conf,2022-11-02,Powell,pc_journalist,1240,74
transcript_20221102,press_conf,2022-11-02,Powell,pc_moderator,9,1
transcript_20221214,press_conf,2022-12-14,Powell,pc_chair,6342,360
transcript_20221214,press_conf,2022-12-14,Powell,pc_journalist,1365,93
transcript_20221214,press_conf,2022-12-14,Powell,pc_moderator,9,1
transcript_20230201,press_conf,2023-02-01,Powell,pc_chair,6028,336
transcript_20230201,press_conf,2023-02-01,Powell,pc_journalist,1656,104
transcript_20230201,press_conf,2023-02-01,Powell,pc_moderator,13,3
transcript_20230322,press_conf,2023-03-22,Powell,pc_chair,5599,260
transcript_20230322,press_conf,2023-03-22,Powell,pc_journalist,1844,99
transcript_20230322,press_conf,2023-03-22,Powell,pc_moderator,37,6
transcript_20230503,press_conf,2023-05-03,Powell,pc_chair,6888,372
transcript_20230503,press_conf,2023-05-03,Powell,pc_journalist,1719,106
transcript_20230503,press_conf,2023-05-03,Powell,pc_moderator,28,5
transcript_20230614,press_conf,2023-06-14,Powell,pc_chair,7056,350
transcript_20230614,press_conf,2023-06-14,Powell,pc_journalist,1823,111
transcript_20230614,press_conf,2023-06-14,Powell,pc_moderator,30,5
transcript_20230726,press_conf,2023-07-26,Powell,pc_chair,6886,327
transcript_20230726,press_conf,2023-07-26,Powell,pc_journalist,2230,119
transcript_20230726,press_conf,2023-07-26,Powell,pc_moderator,31,5
transcript_20230920,press_conf,2023-09-20,Powell,pc_chair,7487,374
transcript_20230920,press_conf,2023-09-20,Powell,pc_journalist,2154,113
transcript_20230920,press_conf,2023-09-20,Powell,pc_moderator,35,6
transcript_20231101,press_conf,2023-11-01,Powell,pc_chair,7204,373
transcript_20231101,press_conf,2023-11-01,Powell,pc_moderator,14,2
transcript_20231101,press_conf,2023-11-01,Powell,pc_journalist,1859,100
transcript_20231213,press_conf,2023-12-13,Powell,pc_chair,6352,319
transcript_20231213,press_conf,2023-12-13,Powell,pc_moderator,41,7
transcript_20231213,press_conf,2023-12-13,Powell,pc_journalist,1455,85
transcript_20240131,press_conf,2024-01-31,Powell,pc_chair,6973,391
transcript_20240131,press_conf,2024-01-31,Powell,pc_journalist,2202,124
transcript_20240131,press_conf,2024-01-31,Powell,pc_moderator,10,1
transcript_20240320,press_conf,2024-03-20,Powell,pc_chair,5981,296
transcript_20240320,press_conf,2024-03-20,Powell,pc_journalist,1898,112
transcript_20240320,press_conf,2024-03-20,Powell,pc_moderator,22,4
transcript_20240501,press_conf,2024-05-01,Powell,pc_chair,6590,360
transcript_20240501,press_conf,2024-05-01,Powell,pc_journalist,1858,108
transcript_20240501,press_conf,2024-05-01,Powell,pc_moderator,9,1
transcript_20240612,press_conf,2024-06-12,Powell,pc_chair,7563,397
transcript_20240612,press_conf,2024-06-12,Powell,pc_journalist,1949,115
transcript_20240612,press_conf,2024-06-12,Powell,pc_moderator,7,1
transcript_20240731,press_conf,2024-07-31,Powell,pc_chair,6792,368
transcript_20240731,press_conf,2024-07-31,Powell,pc_journalist,1698,100
transcript_20240731,press_conf,2024-07-31,Powell,pc_moderator,7,1
transcript_20240918,press_conf,2024-09-18,Powell,pc_chair,6607,356
transcript_20240918,press_conf,2024-09-18,Powell,pc_journalist,2015,121
transcript_20240918,press_conf,2024-09-18,Powell,pc_moderator,10,2
transcript_20241107,press_conf,2024-11-07,Powell,pc_chair,5844,328
transcript_20241107,press_conf,2024-11-07,Powell,pc_journalist,1564,93
transcript_20241107,press_conf,2024-11-07,Powell,pc_moderator,9,1
transcript_20241218,press_conf,2024-12-18,Powell,pc_chair,7962,408
transcript_20241218,press_conf,2024-12-18,Powell,pc_journalist,1710,100
transcript_20241218,press_conf,2024-12-18,Powell,pc_moderator,7,1
transcript_20250129,press_conf,2025-01-29,Powell,pc_chair,6854,346
transcript_20250129,press_conf,2025-01-29,Powell,pc_journalist,2018,128
transcript_20250129,press_conf,2025-01-29,Powell,pc_moderator,13,2
transcript_20250319,press_conf,2025-03-19,Powell,pc_chair,7321,396
transcript_20250319,press_conf,2025-03-19,Powell,pc_journalist,1872,119
transcript_20250319,press_conf,2025-03-19,Powell,pc_moderator,5,1
transcript_20250507,press_conf,2025-05-07,Powell,pc_chair,6527,376
transcript_20250507,press_conf,2025-05-07,Powell,pc_journalist,1994,123
transcript_20250507,press_conf,2025-05-07,Powell,pc_moderator,9,1
transcript_20250618,press_conf,2025-06-18,Powell,pc_chair,7486,409
transcript_20250618,press_conf,2025-06-18,Powell,pc_journalist,1956,98
transcript_20250618,press_conf,2025-06-18,Powell,pc_moderator,7,1
transcript_20250730,press_conf,2025-07-30,Powell,pc_chair,6140,341
transcript_20250730,press_conf,2025-07-30,Powell,pc_journalist,1797,99
transcript_20250730,press_conf,2025-07-30,Powell,pc_moderator,6,1
transcript_20250917,press_conf,2025-09-17,Powell,pc_chair,6971,389
transcript_20250917,press_conf,2025-09-17,Powell,pc_journalist,2009,125
transcript_20251029,press_conf,2025-10-29,Powell,pc_chair,7701,384
transcript_20251029,press_conf,2025-10-29,Powell,pc_journalist,1713,100
transcript_20251029,press_conf,2025-10-29,Powell,pc_moderator,9,1
transcript_20251210,press_conf,2025-12-10,Powell,pc_chair,7238,415
transcript_20251210,press_conf,2025-12-10,Powell,pc_journalist,1747,107
transcript_20251210,press_conf,2025-12-10,Powell,pc_moderator,5,1
transcript_20260128,press_conf,2026-01-28,Powell,pc_chair,5927,332
transcript_20260128,press_conf,2026-01-28,Powell,pc_journalist,1819,115
transcript_20260128,press_conf,2026-01-28,Powell,pc_moderator,5,1
transcript_20260318,press_conf,2026-03-18,Powell,pc_chair,6559,328
transcript_20260318,press_conf,2026-03-18,Powell,pc_journalist,1989,108
transcript_20260318,press_conf,2026-03-18,Powell,pc_moderator,5,1
transcript_20260429,press_conf,2026-04-29,Powell,pc_chair,7816,438
transcript_20260429,press_conf,2026-04-29,Powell,pc_journalist,1999,128
transcript_20260429,press_conf,2026-04-29,Powell,pc_moderator,10,1
speech_bernanke_20110203a,speech,2011-02-03,Bernanke,speech_chair,2977,102
speech_bernanke_20110210a,speech,2011-02-10,Bernanke,speech_chair,3293,140
speech_bernanke_20110218a,speech,2011-02-18,Bernanke,speech_chair,1916,62
speech_bernanke_20110302a,speech,2011-03-02,Bernanke,speech_chair,2710,106
speech_bernanke_20110323a,speech,2011-03-23,Bernanke,speech_chair,2889,98
speech_bernanke_20110404a,speech,2011-04-04,Bernanke,speech_chair,3286,115
speech_bernanke_20110429a,speech,2011-04-29,Bernanke,speech_chair,2524,109
speech_bernanke_20110505a,speech,2011-05-05,Bernanke,speech_chair,3551,122
speech_bernanke_20110512a,speech,2011-05-12,Bernanke,speech_chair,576,30
speech_bernanke_20110516a,speech,2011-05-16,Bernanke,speech_chair,3044,111
speech_bernanke_20110607a,speech,2011-06-07,Bernanke,speech_chair,4143,150
speech_bernanke_20110614a,speech,2011-06-14,Bernanke,speech_chair,1957,73
speech_bernanke_20110826a,speech,2011-08-26,Bernanke,speech_chair,3570,124
speech_bernanke_20110908a,speech,2011-09-08,Bernanke,speech_chair,2773,95
speech_bernanke_20110915a,speech,2011-09-15,Bernanke,speech_chair,366,16
speech_bernanke_20110928a,speech,2011-09-28,Bernanke,speech_chair,3623,141
speech_bernanke_20111018a,speech,2011-10-18,Bernanke,speech_chair,3709,115
speech_bernanke_20111109a,speech,2011-11-09,Bernanke,speech_chair,1152,52
speech_bernanke_20111110a,speech,2011-11-10,Bernanke,speech_chair,2185,88
speech_bernanke_20120216a,speech,2012-02-16,Bernanke,speech_chair,3275,125
speech_bernanke_20120314a,speech,2012-03-14,Bernanke,speech_chair,1316,60
speech_bernanke_20120323a,speech,2012-03-23,Bernanke,speech_chair,519,19
speech_bernanke_20120326a,speech,2012-03-26,Bernanke,speech_chair,4262,151
speech_bernanke_20120409a,speech,2012-04-09,Bernanke,speech_chair,3541,126
speech_bernanke_20120413a,speech,2012-04-13,Bernanke,speech_chair,4331,143
speech_bernanke_20120510a,speech,2012-05-10,Bernanke,speech_chair,3021,114
speech_bernanke_20120724a,speech,2012-07-24,Bernanke,speech_chair,746,32
speech_bernanke_20120806a,speech,2012-08-06,Bernanke,speech_chair,1376,47
speech_bernanke_20120807a,speech,2012-08-07,Bernanke,speech_chair,1165,53
speech_bernanke_20120831a,speech,2012-08-31,Bernanke,speech_chair,4630,159
speech_bernanke_20121001a,speech,2012-10-01,Bernanke,speech_chair,4449,180
speech_bernanke_20121014a,speech,2012-10-14,Bernanke,speech_chair,1670,62
speech_bernanke_20121115a,speech,2012-11-15,Bernanke,speech_chair,3558,133
speech_bernanke_20121120a,speech,2012-11-20,Bernanke,speech_chair,3857,131
speech_bernanke_20130301a,speech,2013-03-01,Bernanke,speech_chair,4322,147
speech_bernanke_20130325a,speech,2013-03-25,Bernanke,speech_chair,2063,76
speech_bernanke_20130408a,speech,2013-04-08,Bernanke,speech_chair,3879,140
speech_bernanke_20130412a,speech,2013-04-12,Bernanke,speech_chair,3221,137
speech_bernanke_20130510a,speech,2013-05-10,Bernanke,speech_chair,3819,137
speech_bernanke_20130518a,speech,2013-05-18,Bernanke,speech_chair,2486,98
speech_bernanke_20130602a,speech,2013-06-02,Bernanke,speech_chair,1835,91
speech_bernanke_20130710a,speech,2013-07-10,Bernanke,speech_chair,4094,146
speech_bernanke_20131002a,speech,2013-10-02,Bernanke,speech_chair,1119,44
speech_bernanke_20131014a,speech,2013-10-14,Bernanke,speech_chair,1371,48
speech_bernanke_20131108a,speech,2013-11-08,Bernanke,speech_chair,2034,72
speech_bernanke_20131113a,speech,2013-11-13,Bernanke,speech_chair,1244,50
speech_bernanke_20131114a,speech,2013-11-14,Bernanke,speech_chair,543,22
speech_bernanke_20131119a,speech,2013-11-19,Bernanke,speech_chair,4851,157
speech_bernanke_20131216a,speech,2013-12-16,Bernanke,speech_chair,1293,45
speech_bernanke_20131216b,speech,2013-12-16,Bernanke,speech_chair,815,27
speech_bernanke_20140103a,speech,2014-01-03,Bernanke,speech_chair,5507,195
speech_powell_20180213a,speech,2018-02-13,Powell,speech_chair,699,36
speech_powell_20180406a,speech,2018-04-06,Powell,speech_chair,3685,157
speech_powell_20180508a,speech,2018-05-08,Powell,speech_chair,1254,52
speech_powell_20180525a,speech,2018-05-25,Powell,speech_chair,1685,75
speech_powell_20180620a,speech,2018-06-20,Powell,speech_chair,1388,70
speech_powell_20180824a,speech,2018-08-24,Powell,speech_chair,3523,151
speech_powell_20180927a,speech,2018-09-27,Powell,speech_chair,508,29
speech_powell_20181002a,speech,2018-10-02,Powell,speech_chair,3449,152
speech_powell_20181128a,speech,2018-11-28,Powell,speech_chair,3679,170
speech_powell_20181203a,speech,2018-12-03,Powell,speech_chair,834,39
speech_powell_20181206a,speech,2018-12-06,Powell,speech_chair,1151,46
speech_powell_20190206a,speech,2019-02-06,Powell,speech_chair,930,45
speech_powell_20190212a,speech,2019-02-12,Powell,speech_chair,2099,104
speech_powell_20190228b,speech,2019-02-28,Powell,speech_chair,2387,112
speech_powell_20190308a,speech,2019-03-08,Powell,speech_chair,3444,152
speech_powell_20190311a,speech,2019-03-11,Powell,speech_chair,631,22
speech_powell_20190509a,speech,2019-05-09,Powell,speech_chair,777,33
speech_powell_20190520a,speech,2019-05-20,Powell,speech_chair,3017,148
speech_powell_20190604a,speech,2019-06-04,Powell,speech_chair,2186,96
speech_powell_20190625a,speech,2019-06-25,Powell,speech_chair,1376,66
speech_powell_20190709a,speech,2019-07-09,Powell,speech_chair,607,27
speech_powell_20190716a,speech,2019-07-16,Powell,speech_chair,2219,91
speech_powell_20190823a,speech,2019-08-23,Powell,speech_chair,3148,147
speech_powell_20191004a,speech,2019-10-04,Powell,speech_chair,855,42
speech_powell_20191007a,speech,2019-10-07,Powell,speech_chair,754,36
speech_powell_20191008a,speech,2019-10-08,Powell,speech_chair,3219,138
speech_powell_20191009a,speech,2019-10-09,Powell,speech_chair,677,33
speech_powell_20191125a,speech,2019-11-25,Powell,speech_chair,2334,106
speech_powell_20200409a,speech,2020-04-09,Powell,speech_chair,928,39
speech_powell_20200513a,speech,2020-05-13,Powell,speech_chair,1225,57
speech_powell_20200521a,speech,2020-05-21,Powell,speech_chair,508,27
speech_powell_20200619a,speech,2020-06-19,Powell,speech_chair,528,29
speech_powell_20200827a,speech,2020-08-27,Powell,speech_chair,3247,136
speech_powell_20201006a,speech,2020-10-06,Powell,speech_chair,2119,97
speech_powell_20210210a,speech,2021-02-10,Powell,speech_chair,2338,101
speech_powell_20210318a,speech,2021-03-18,Powell,speech_chair,773,29
speech_powell_20210503a,speech,2021-05-03,Powell,speech_chair,1168,60
speech_powell_20210817a,speech,2021-08-17,Powell,speech_chair,654,36
speech_powell_20210827a,speech,2021-08-27,Powell,speech_chair,2843,129
speech_powell_20210924a,speech,2021-09-24,Powell,speech_chair,401,18
speech_powell_20211108a,speech,2021-11-08,Powell,speech_chair,636,31
speech_powell_20211109a,speech,2021-11-09,Powell,speech_chair,1001,41
speech_powell_20211129a,speech,2021-11-29,Powell,speech_chair,457,13
speech_powell_20220321a,speech,2022-03-21,Powell,speech_chair,2575,120
speech_powell_20220524a,speech,2022-05-24,Powell,speech_chair,611,25
speech_powell_20220617a,speech,2022-06-17,Powell,speech_chair,854,40
speech_powell_20220826a,speech,2022-08-26,Powell,speech_chair,1315,63
speech_powell_20220928a,speech,2022-09-28,Powell,speech_chair,413,19
speech_powell_20221130a,speech,2022-11-30,Powell,speech_chair,2405,112
speech_powell_20230110a,speech,2023-01-10,Powell,speech_chair,613,28
speech_powell_20230629a,speech,2023-06-29,Powell,speech_chair,1650,81
speech_powell_20230825a,speech,2023-08-25,Powell,speech_chair,2114,104
speech_powell_20230928a,speech,2023-09-28,Powell,speech_chair,716,34
speech_powell_20231019a,speech,2023-10-19,Powell,speech_chair,990,46
speech_powell_20231025a,speech,2023-10-25,Powell,speech_chair,892,46
speech_powell_20231108a,speech,2023-11-08,Powell,speech_chair,905,42
speech_powell_20231109a,speech,2023-11-09,Powell,speech_chair,1682,72
speech_powell_20231201a,speech,2023-12-01,Powell,speech_chair,1263,51
speech_powell_20240403a,speech,2024-04-03,Powell,speech_chair,1357,69
speech_powell_20240519a,speech,2024-05-19,Powell,speech_chair,1785,103
speech_powell_20240823a,speech,2024-08-23,Powell,speech_chair,2361,124
speech_powell_20240926a,speech,2024-09-26,Powell,speech_chair,448,20
speech_powell_20240930a,speech,2024-09-30,Powell,speech_chair,872,51
speech_powell_20241114a,speech,2024-11-14,Powell,speech_chair,952,49
speech_powell_20250307a,speech,2025-03-07,Powell,speech_chair,931,51
speech_powell_20250404a,speech,2025-04-04,Powell,speech_chair,903,50
speech_powell_20250416a,speech,2025-04-16,Powell,speech_chair,846,44
speech_powell_20250515a,speech,2025-05-15,Powell,speech_chair,1941,91
speech_powell_20250525a,speech,2025-05-25,Powell,speech_chair,1697,109
speech_powell_20250602a,speech,2025-06-02,Powell,speech_chair,1303,61
speech_powell_20250722a,speech,2025-07-22,Powell,speech_chair,465,27
speech_powell_20250822a,speech,2025-08-22,Powell,speech_chair,3257,146
speech_powell_20250923a,speech,2025-09-23,Powell,speech_chair,1198,65
speech_powell_20251009a,speech,2025-10-09,Powell,speech_chair,259,15
speech_powell_20251014a,speech,2025-10-14,Powell,speech_chair,2608,125
speech_powell_20251201a,speech,2025-12-01,Powell,speech_chair,644,35
speech_powell_20260111a,speech,2026-01-11,Powell,speech_chair,307,15
speech_powell_20260321a,speech,2026-03-21,Powell,speech_chair,436,19
speech_powell_20260531a,speech,2026-05-31,Powell,speech_chair,1097,62
speech_yellen_20140305a,speech,2014-03-05,Yellen,speech_chair,844,39
speech_yellen_20140325a,speech,2014-03-25,Yellen,speech_chair,576,23
speech_yellen_20140331a,speech,2014-03-31,Yellen,speech_chair,3838,159
speech_yellen_20140415a,speech,2014-04-15,Yellen,speech_chair,1023,38
speech_yellen_20140416a,speech,2014-04-16,Yellen,speech_chair,3886,146
speech_yellen_20140501a,speech,2014-05-01,Yellen,speech_chair,2593,95
speech_yellen_20140515a,speech,2014-05-15,Yellen,speech_chair,531,18
speech_yellen_20140521a,speech,2014-05-21,Yellen,speech_chair,950,51
speech_yellen_20140702a,speech,2014-07-02,Yellen,speech_chair,3870,127
speech_yellen_20140822a,speech,2014-08-22,Yellen,speech_chair,3679,122
speech_yellen_20140918a,speech,2014-09-18,Yellen,speech_chair,681,28
speech_yellen_20141017a,speech,2014-10-17,Yellen,speech_chair,4393,164
speech_yellen_20141030a,speech,2014-10-30,Yellen,speech_chair,986,34
speech_yellen_20141107a,speech,2014-11-07,Yellen,speech_chair,1377,56
speech_yellen_20150303a,speech,2015-03-03,Yellen,speech_chair,3638,139
speech_yellen_20150327a,speech,2015-03-27,Yellen,speech_chair,4357,137
speech_yellen_20150402a,speech,2015-04-02,Yellen,speech_chair,1260,46
speech_yellen_20150506a,speech,2015-05-06,Yellen,speech_chair,1966,91
speech_yellen_20150522a,speech,2015-05-22,Yellen,speech_chair,3253,136
speech_yellen_20150710a,speech,2015-07-10,Yellen,speech_chair,3827,147
speech_yellen_20150924a,speech,2015-09-24,Yellen,speech_chair,5620,180
speech_yellen_20150930a,speech,2015-09-30,Yellen,speech_chair,1135,39
speech_yellen_20151020a,speech,2015-10-20,Yellen,speech_chair,819,30
speech_yellen_20151112a,speech,2015-11-12,Yellen,speech_chair,617,26
speech_yellen_20151202a,speech,2015-12-02,Yellen,speech_chair,3732,128
speech_yellen_20160329a,speech,2016-03-29,Yellen,speech_chair,3643,128
speech_yellen_20160606a,speech,2016-06-06,Yellen,speech_chair,4020,166
speech_yellen_20160826a,speech,2016-08-26,Yellen,speech_chair,4029,152
speech_yellen_20160929a,speech,2016-09-29,Yellen,speech_chair,832,31
speech_yellen_20161014a,speech,2016-10-14,Yellen,speech_chair,3205,109
speech_yellen_20161219a,speech,2016-12-19,Yellen,speech_chair,1781,84
speech_yellen_20170112a,speech,2017-01-12,Yellen,speech_chair,1127,47
speech_yellen_20170118a,speech,2017-01-18,Yellen,speech_chair,2996,141
speech_yellen_20170119a,speech,2017-01-19,Yellen,speech_chair,4117,144
speech_yellen_20170303a,speech,2017-03-03,Yellen,speech_chair,3930,126
speech_yellen_20170323a,speech,2017-03-23,Yellen,speech_chair,1474,57
speech_yellen_20170328a,speech,2017-03-28,Yellen,speech_chair,2507,98
speech_yellen_20170505a,speech,2017-05-05,Yellen,speech_chair,4759,174
speech_yellen_20170825a,speech,2017-08-25,Yellen,speech_chair,3987,140
speech_yellen_20170926a,speech,2017-09-26,Yellen,speech_chair,5133,176
speech_yellen_20171004a,speech,2017-10-04,Yellen,speech_chair,580,18
speech_yellen_20171015a,speech,2017-10-15,Yellen,speech_chair,1669,66
speech_yellen_20171020a,speech,2017-10-20,Yellen,speech_chair,3236,104
speech_yellen_20171107a,speech,2017-11-07,Yellen,speech_chair,864,32
