genre,feature,target,k_months,n,r,p
statement,will_per1k,CFNAI_MA3,-9,101,-0.05,0.6214
statement,will_per1k,CFNAI_MA3,-8,101,-0.089,0.3786
statement,will_per1k,CFNAI_MA3,-7,101,-0.12,0.2335
statement,will_per1k,CFNAI_MA3,-6,101,-0.123,0.2204
statement,will_per1k,CFNAI_MA3,-5,101,-0.055,0.5853
statement,will_per1k,CFNAI_MA3,-4,101,-0.042,0.6731
statement,will_per1k,CFNAI_MA3,-3,101,-0.194,0.0524
statement,will_per1k,CFNAI_MA3,-2,101,-0.222,0.0258
statement,will_per1k,CFNAI_MA3,-1,101,-0.173,0.0842
statement,will_per1k,CFNAI_MA3,0,101,0.007,0.9474
statement,will_per1k,CFNAI_MA3,1,101,0.231,0.0199
statement,will_per1k,CFNAI_MA3,2,101,0.27,0.0063
statement,will_per1k,CFNAI_MA3,3,101,0.362,0.0002
statement,will_per1k,CFNAI_MA3,4,100,0.109,0.2804
statement,will_per1k,CFNAI_MA3,5,99,0.121,0.2312
statement,will_per1k,CFNAI_MA3,6,99,0.153,0.1313
statement,will_per1k,CFNAI_MA3,7,98,0.102,0.3186
statement,will_per1k,CFNAI_MA3,8,97,0.122,0.2352
statement,will_per1k,CFNAI_MA3,9,97,0.017,0.8681
statement,will_per1k,VIX_M,-9,101,-0.057,0.5738
statement,will_per1k,VIX_M,-8,101,-0.012,0.9063
statement,will_per1k,VIX_M,-7,101,-0.077,0.4428
statement,will_per1k,VIX_M,-6,101,-0.088,0.3795
statement,will_per1k,VIX_M,-5,101,-0.105,0.2956
statement,will_per1k,VIX_M,-4,101,0.062,0.5374
statement,will_per1k,VIX_M,-3,101,0.11,0.2745
statement,will_per1k,VIX_M,-2,101,0.005,0.9626
statement,will_per1k,VIX_M,-1,101,0.063,0.5343
statement,will_per1k,VIX_M,0,101,-0.193,0.053
statement,will_per1k,VIX_M,1,101,-0.151,0.1309
statement,will_per1k,VIX_M,2,101,-0.207,0.0383
statement,will_per1k,VIX_M,3,101,-0.211,0.0346
statement,will_per1k,VIX_M,4,100,-0.303,0.0022
statement,will_per1k,VIX_M,5,99,-0.292,0.0034
statement,will_per1k,VIX_M,6,99,-0.29,0.0036
statement,will_per1k,VIX_M,7,98,-0.261,0.0095
statement,will_per1k,VIX_M,8,97,-0.251,0.0131
statement,will_per1k,VIX_M,9,97,-0.222,0.0287
statement,would_per1k,CFNAI_MA3,-9,101,-0.003,0.9767
statement,would_per1k,CFNAI_MA3,-8,101,-0.005,0.9575
statement,would_per1k,CFNAI_MA3,-7,101,-0.054,0.5888
statement,would_per1k,CFNAI_MA3,-6,101,0.008,0.9384
statement,would_per1k,CFNAI_MA3,-5,101,0.005,0.9602
statement,would_per1k,CFNAI_MA3,-4,101,0.084,0.406
statement,would_per1k,CFNAI_MA3,-3,101,0.12,0.231
statement,would_per1k,CFNAI_MA3,-2,101,0.155,0.1212
statement,would_per1k,CFNAI_MA3,-1,101,0.144,0.1522
statement,would_per1k,CFNAI_MA3,0,101,0.097,0.3365
statement,would_per1k,CFNAI_MA3,1,101,0.121,0.2275
statement,would_per1k,CFNAI_MA3,2,101,0.137,0.1715
statement,would_per1k,CFNAI_MA3,3,101,0.079,0.4311
statement,would_per1k,CFNAI_MA3,4,100,-0.031,0.7564
statement,would_per1k,CFNAI_MA3,5,99,-0.036,0.7211
statement,would_per1k,CFNAI_MA3,6,99,-0.001,0.9932
statement,would_per1k,CFNAI_MA3,7,98,0.003,0.9744
statement,would_per1k,CFNAI_MA3,8,97,0.017,0.8651
statement,would_per1k,CFNAI_MA3,9,97,-0.005,0.9602
statement,would_per1k,VIX_M,-9,101,0.432,0.0
statement,would_per1k,VIX_M,-8,101,0.447,0.0
statement,would_per1k,VIX_M,-7,101,0.434,0.0
statement,would_per1k,VIX_M,-6,101,0.377,0.0001
statement,would_per1k,VIX_M,-5,101,0.435,0.0
statement,would_per1k,VIX_M,-4,101,0.313,0.0014
statement,would_per1k,VIX_M,-3,101,0.244,0.0141
statement,would_per1k,VIX_M,-2,101,0.377,0.0001
statement,would_per1k,VIX_M,-1,101,0.204,0.0409
statement,would_per1k,VIX_M,0,101,0.034,0.7355
statement,would_per1k,VIX_M,1,101,0.133,0.185
statement,would_per1k,VIX_M,2,101,0.103,0.3069
statement,would_per1k,VIX_M,3,101,0.077,0.4414
statement,would_per1k,VIX_M,4,100,0.166,0.0982
statement,would_per1k,VIX_M,5,99,0.12,0.2377
statement,would_per1k,VIX_M,6,99,0.038,0.7061
statement,would_per1k,VIX_M,7,98,0.074,0.4685
statement,would_per1k,VIX_M,8,97,0.107,0.2988
statement,would_per1k,VIX_M,9,97,0.052,0.6128
statement,could_per1k,CFNAI_MA3,-9,101,-0.031,0.755
statement,could_per1k,CFNAI_MA3,-8,101,-0.023,0.8213
statement,could_per1k,CFNAI_MA3,-7,101,-0.066,0.5132
statement,could_per1k,CFNAI_MA3,-6,101,-0.012,0.9046
statement,could_per1k,CFNAI_MA3,-5,101,0.003,0.9801
statement,could_per1k,CFNAI_MA3,-4,101,0.063,0.5296
statement,could_per1k,CFNAI_MA3,-3,101,0.12,0.2323
statement,could_per1k,CFNAI_MA3,-2,101,0.144,0.1507
statement,could_per1k,CFNAI_MA3,-1,101,0.139,0.1643
statement,could_per1k,CFNAI_MA3,0,101,0.092,0.3621
statement,could_per1k,CFNAI_MA3,1,101,0.124,0.2178
statement,could_per1k,CFNAI_MA3,2,101,0.138,0.1698
statement,could_per1k,CFNAI_MA3,3,101,0.075,0.454
statement,could_per1k,CFNAI_MA3,4,100,-0.041,0.6823
statement,could_per1k,CFNAI_MA3,5,99,-0.053,0.6016
statement,could_per1k,CFNAI_MA3,6,99,-0.011,0.9103
statement,could_per1k,CFNAI_MA3,7,98,-0.003,0.9768
statement,could_per1k,CFNAI_MA3,8,97,0.01,0.9233
statement,could_per1k,CFNAI_MA3,9,97,-0.01,0.9191
statement,could_per1k,VIX_M,-9,101,0.412,0.0
statement,could_per1k,VIX_M,-8,101,0.427,0.0
statement,could_per1k,VIX_M,-7,101,0.415,0.0
statement,could_per1k,VIX_M,-6,101,0.365,0.0002
statement,could_per1k,VIX_M,-5,101,0.437,0.0
statement,could_per1k,VIX_M,-4,101,0.309,0.0017
statement,could_per1k,VIX_M,-3,101,0.255,0.01
statement,could_per1k,VIX_M,-2,101,0.381,0.0001
statement,could_per1k,VIX_M,-1,101,0.213,0.0324
statement,could_per1k,VIX_M,0,101,0.028,0.7783
statement,could_per1k,VIX_M,1,101,0.134,0.1813
statement,could_per1k,VIX_M,2,101,0.089,0.3765
statement,could_per1k,VIX_M,3,101,0.065,0.5199
statement,could_per1k,VIX_M,4,100,0.155,0.123
statement,could_per1k,VIX_M,5,99,0.088,0.386
statement,could_per1k,VIX_M,6,99,0.009,0.9256
statement,could_per1k,VIX_M,7,98,0.043,0.6715
statement,could_per1k,VIX_M,8,97,0.033,0.7496
statement,could_per1k,VIX_M,9,97,0.01,0.9234
statement,can_per1k,CFNAI_MA3,-9,101,0.022,0.8299
statement,can_per1k,CFNAI_MA3,-8,101,0.027,0.7866
statement,can_per1k,CFNAI_MA3,-7,101,0.033,0.7403
statement,can_per1k,CFNAI_MA3,-6,101,0.004,0.9676
statement,can_per1k,CFNAI_MA3,-5,101,-0.014,0.8862
statement,can_per1k,CFNAI_MA3,-4,101,-0.031,0.7552
statement,can_per1k,CFNAI_MA3,-3,101,-0.018,0.861
statement,can_per1k,CFNAI_MA3,-2,101,0.008,0.9369
statement,can_per1k,CFNAI_MA3,-1,101,0.011,0.9133
statement,can_per1k,CFNAI_MA3,0,101,-0.129,0.1996
statement,can_per1k,CFNAI_MA3,1,101,-0.472,0.0
statement,can_per1k,CFNAI_MA3,2,101,-0.517,0.0
statement,can_per1k,CFNAI_MA3,3,101,-0.237,0.0172
statement,can_per1k,CFNAI_MA3,4,100,0.338,0.0006
statement,can_per1k,CFNAI_MA3,5,99,0.358,0.0003
statement,can_per1k,CFNAI_MA3,6,99,0.149,0.1399
statement,can_per1k,CFNAI_MA3,7,98,0.091,0.3751
statement,can_per1k,CFNAI_MA3,8,97,0.089,0.3842
statement,can_per1k,CFNAI_MA3,9,97,0.066,0.5179
statement,can_per1k,VIX_M,-9,101,-0.092,0.3602
statement,can_per1k,VIX_M,-8,101,-0.137,0.171
statement,can_per1k,VIX_M,-7,101,-0.082,0.4148
statement,can_per1k,VIX_M,-6,101,-0.125,0.2113
statement,can_per1k,VIX_M,-5,101,-0.126,0.2098
statement,can_per1k,VIX_M,-4,101,-0.15,0.1355
statement,can_per1k,VIX_M,-3,101,-0.094,0.3516
statement,can_per1k,VIX_M,-2,101,-0.111,0.2677
statement,can_per1k,VIX_M,-1,101,-0.027,0.788
statement,can_per1k,VIX_M,0,101,0.443,0.0
statement,can_per1k,VIX_M,1,101,0.354,0.0003
statement,can_per1k,VIX_M,2,101,0.151,0.1311
statement,can_per1k,VIX_M,3,101,0.111,0.2696
statement,can_per1k,VIX_M,4,100,0.072,0.477
statement,can_per1k,VIX_M,5,99,0.001,0.9911
statement,can_per1k,VIX_M,6,99,0.078,0.441
statement,can_per1k,VIX_M,7,98,0.189,0.0624
statement,can_per1k,VIX_M,8,97,0.174,0.0892
statement,can_per1k,VIX_M,9,97,0.071,0.4874
statement,should_per1k,CFNAI_MA3,-9,101,0.011,0.9125
statement,should_per1k,CFNAI_MA3,-8,101,0.019,0.8494
statement,should_per1k,CFNAI_MA3,-7,101,0.047,0.6409
statement,should_per1k,CFNAI_MA3,-6,101,0.012,0.904
statement,should_per1k,CFNAI_MA3,-5,101,0.014,0.8888
statement,should_per1k,CFNAI_MA3,-4,101,-0.017,0.8699
statement,should_per1k,CFNAI_MA3,-3,101,0.038,0.7049
statement,should_per1k,CFNAI_MA3,-2,101,0.025,0.8009
statement,should_per1k,CFNAI_MA3,-1,101,0.03,0.7676
statement,should_per1k,CFNAI_MA3,0,101,0.042,0.68
statement,should_per1k,CFNAI_MA3,1,101,0.071,0.4834
statement,should_per1k,CFNAI_MA3,2,101,0.075,0.4547
statement,should_per1k,CFNAI_MA3,3,101,0.043,0.6696
statement,should_per1k,CFNAI_MA3,4,100,-0.035,0.7325
statement,should_per1k,CFNAI_MA3,5,99,-0.026,0.7982
statement,should_per1k,CFNAI_MA3,6,99,-0.004,0.968
statement,should_per1k,CFNAI_MA3,7,98,0.011,0.9159
statement,should_per1k,CFNAI_MA3,8,97,0.011,0.9139
statement,should_per1k,CFNAI_MA3,9,97,0.011,0.9118
statement,should_per1k,VIX_M,-9,101,-0.223,0.0248
statement,should_per1k,VIX_M,-8,101,-0.226,0.0229
statement,should_per1k,VIX_M,-7,101,-0.27,0.0063
statement,should_per1k,VIX_M,-6,101,-0.216,0.0298
statement,should_per1k,VIX_M,-5,101,-0.258,0.0092
statement,should_per1k,VIX_M,-4,101,-0.244,0.0141
statement,should_per1k,VIX_M,-3,101,-0.241,0.015
statement,should_per1k,VIX_M,-2,101,-0.262,0.0082
statement,should_per1k,VIX_M,-1,101,-0.283,0.0042
statement,should_per1k,VIX_M,0,101,-0.221,0.0261
statement,should_per1k,VIX_M,1,101,-0.28,0.0046
statement,should_per1k,VIX_M,2,101,-0.29,0.0033
statement,should_per1k,VIX_M,3,101,-0.292,0.0031
statement,should_per1k,VIX_M,4,100,-0.341,0.0005
statement,should_per1k,VIX_M,5,99,-0.332,0.0008
statement,should_per1k,VIX_M,6,99,-0.294,0.0031
statement,should_per1k,VIX_M,7,98,-0.357,0.0003
statement,should_per1k,VIX_M,8,97,-0.313,0.0018
statement,should_per1k,VIX_M,9,97,-0.265,0.0086
statement,may_per1k,CFNAI_MA3,-9,101,0.065,0.518
statement,may_per1k,CFNAI_MA3,-8,101,0.038,0.7036
statement,may_per1k,CFNAI_MA3,-7,101,0.043,0.6706
statement,may_per1k,CFNAI_MA3,-6,101,0.005,0.9617
statement,may_per1k,CFNAI_MA3,-5,101,-0.01,0.9226
statement,may_per1k,CFNAI_MA3,-4,101,-0.022,0.8298
statement,may_per1k,CFNAI_MA3,-3,101,-0.003,0.9727
statement,may_per1k,CFNAI_MA3,-2,101,0.005,0.9603
statement,may_per1k,CFNAI_MA3,-1,101,-0.026,0.796
statement,may_per1k,CFNAI_MA3,0,101,-0.017,0.8692
statement,may_per1k,CFNAI_MA3,1,101,-0.049,0.6261
statement,may_per1k,CFNAI_MA3,2,101,-0.047,0.6428
statement,may_per1k,CFNAI_MA3,3,101,-0.039,0.6993
statement,may_per1k,CFNAI_MA3,4,100,-0.005,0.9623
statement,may_per1k,CFNAI_MA3,5,99,-0.012,0.9088
statement,may_per1k,CFNAI_MA3,6,99,-0.03,0.7687
statement,may_per1k,CFNAI_MA3,7,98,-0.033,0.7503
statement,may_per1k,CFNAI_MA3,8,97,-0.067,0.5151
statement,may_per1k,CFNAI_MA3,9,97,-0.061,0.5519
statement,may_per1k,VIX_M,-9,101,0.034,0.7323
statement,may_per1k,VIX_M,-8,101,0.025,0.8025
statement,may_per1k,VIX_M,-7,101,0.003,0.9768
statement,may_per1k,VIX_M,-6,101,-0.04,0.6897
statement,may_per1k,VIX_M,-5,101,-0.038,0.7062
statement,may_per1k,VIX_M,-4,101,-0.094,0.3481
statement,may_per1k,VIX_M,-3,101,-0.096,0.3419
statement,may_per1k,VIX_M,-2,101,-0.117,0.2434
statement,may_per1k,VIX_M,-1,101,-0.128,0.2017
statement,may_per1k,VIX_M,0,101,-0.073,0.4679
statement,may_per1k,VIX_M,1,101,-0.186,0.0628
statement,may_per1k,VIX_M,2,101,-0.2,0.0445
statement,may_per1k,VIX_M,3,101,-0.165,0.099
statement,may_per1k,VIX_M,4,100,-0.14,0.1658
statement,may_per1k,VIX_M,5,99,-0.13,0.1996
statement,may_per1k,VIX_M,6,99,-0.194,0.0542
statement,may_per1k,VIX_M,7,98,-0.15,0.1398
statement,may_per1k,VIX_M,8,97,-0.174,0.0879
statement,may_per1k,VIX_M,9,97,-0.172,0.0929
statement,six_per1k,CFNAI_MA3,-9,101,-0.033,0.7442
statement,six_per1k,CFNAI_MA3,-8,101,-0.069,0.4925
statement,six_per1k,CFNAI_MA3,-7,101,-0.122,0.2256
statement,six_per1k,CFNAI_MA3,-6,101,-0.103,0.3041
statement,six_per1k,CFNAI_MA3,-5,101,-0.045,0.6562
statement,six_per1k,CFNAI_MA3,-4,101,0.006,0.9529
statement,six_per1k,CFNAI_MA3,-3,101,-0.068,0.499
statement,six_per1k,CFNAI_MA3,-2,101,-0.069,0.4933
statement,six_per1k,CFNAI_MA3,-1,101,-0.04,0.6935
statement,six_per1k,CFNAI_MA3,0,101,0.074,0.4606
statement,six_per1k,CFNAI_MA3,1,101,0.261,0.0083
statement,six_per1k,CFNAI_MA3,2,101,0.305,0.0019
statement,six_per1k,CFNAI_MA3,3,101,0.355,0.0003
statement,six_per1k,CFNAI_MA3,4,100,0.084,0.4063
statement,six_per1k,CFNAI_MA3,5,99,0.09,0.3735
statement,six_per1k,CFNAI_MA3,6,99,0.13,0.2008
statement,six_per1k,CFNAI_MA3,7,98,0.089,0.3845
statement,six_per1k,CFNAI_MA3,8,97,0.106,0.3023
statement,six_per1k,CFNAI_MA3,9,97,0.001,0.9951
statement,six_per1k,VIX_M,-9,101,0.212,0.0336
statement,six_per1k,VIX_M,-8,101,0.255,0.0101
statement,six_per1k,VIX_M,-7,101,0.174,0.0818
statement,six_per1k,VIX_M,-6,101,0.123,0.22
statement,six_per1k,VIX_M,-5,101,0.147,0.143
statement,six_per1k,VIX_M,-4,101,0.183,0.0671
statement,six_per1k,VIX_M,-3,101,0.182,0.0681
statement,six_per1k,VIX_M,-2,101,0.177,0.0771
statement,six_per1k,VIX_M,-1,101,0.094,0.3475
statement,six_per1k,VIX_M,0,101,-0.191,0.0562
statement,six_per1k,VIX_M,1,101,-0.132,0.1886
statement,six_per1k,VIX_M,2,101,-0.233,0.019
statement,six_per1k,VIX_M,3,101,-0.249,0.0119
statement,six_per1k,VIX_M,4,100,-0.27,0.0065
statement,six_per1k,VIX_M,5,99,-0.304,0.0022
statement,six_per1k,VIX_M,6,99,-0.363,0.0002
statement,six_per1k,VIX_M,7,98,-0.307,0.0021
statement,six_per1k,VIX_M,8,97,-0.285,0.0047
statement,six_per1k,VIX_M,9,97,-0.284,0.0049
minutes,will_per1k,CFNAI_MA3,-9,99,0.001,0.9938
minutes,will_per1k,CFNAI_MA3,-8,99,-0.018,0.8617
minutes,will_per1k,CFNAI_MA3,-7,99,-0.037,0.7165
minutes,will_per1k,CFNAI_MA3,-6,99,-0.09,0.3781
minutes,will_per1k,CFNAI_MA3,-5,99,-0.14,0.1668
minutes,will_per1k,CFNAI_MA3,-4,99,-0.1,0.3252
minutes,will_per1k,CFNAI_MA3,-3,99,-0.033,0.7481
minutes,will_per1k,CFNAI_MA3,-2,99,0.049,0.6277
minutes,will_per1k,CFNAI_MA3,-1,99,0.048,0.6392
minutes,will_per1k,CFNAI_MA3,0,99,-0.03,0.7682
minutes,will_per1k,CFNAI_MA3,1,99,-0.02,0.8423
minutes,will_per1k,CFNAI_MA3,2,99,0.013,0.8947
minutes,will_per1k,CFNAI_MA3,3,99,0.107,0.2937
minutes,will_per1k,CFNAI_MA3,4,98,0.09,0.3773
minutes,will_per1k,CFNAI_MA3,5,97,0.07,0.4976
minutes,will_per1k,CFNAI_MA3,6,97,0.045,0.6589
minutes,will_per1k,CFNAI_MA3,7,96,0.066,0.5256
minutes,will_per1k,CFNAI_MA3,8,95,0.086,0.4099
minutes,will_per1k,CFNAI_MA3,9,95,0.018,0.8592
minutes,will_per1k,VIX_M,-9,99,-0.216,0.0318
minutes,will_per1k,VIX_M,-8,99,-0.18,0.0746
minutes,will_per1k,VIX_M,-7,99,-0.209,0.0375
minutes,will_per1k,VIX_M,-6,99,-0.135,0.1813
minutes,will_per1k,VIX_M,-5,99,-0.196,0.0524
minutes,will_per1k,VIX_M,-4,99,-0.209,0.0375
minutes,will_per1k,VIX_M,-3,99,-0.182,0.0714
minutes,will_per1k,VIX_M,-2,99,-0.205,0.0419
minutes,will_per1k,VIX_M,-1,99,-0.17,0.0916
minutes,will_per1k,VIX_M,0,99,-0.141,0.1639
minutes,will_per1k,VIX_M,1,99,-0.16,0.1127
minutes,will_per1k,VIX_M,2,99,-0.178,0.0786
minutes,will_per1k,VIX_M,3,99,-0.152,0.1337
minutes,will_per1k,VIX_M,4,98,-0.163,0.1082
minutes,will_per1k,VIX_M,5,97,-0.16,0.1166
minutes,will_per1k,VIX_M,6,97,-0.136,0.1831
minutes,will_per1k,VIX_M,7,96,-0.169,0.1001
minutes,will_per1k,VIX_M,8,95,-0.132,0.2012
minutes,will_per1k,VIX_M,9,95,-0.179,0.0828
minutes,would_per1k,CFNAI_MA3,-9,99,0.15,0.1386
minutes,would_per1k,CFNAI_MA3,-8,99,0.082,0.421
minutes,would_per1k,CFNAI_MA3,-7,99,0.066,0.5169
minutes,would_per1k,CFNAI_MA3,-6,99,-0.02,0.8465
minutes,would_per1k,CFNAI_MA3,-5,99,-0.097,0.3385
minutes,would_per1k,CFNAI_MA3,-4,99,-0.074,0.4659
minutes,would_per1k,CFNAI_MA3,-3,99,-0.113,0.2639
minutes,would_per1k,CFNAI_MA3,-2,99,-0.065,0.5248
minutes,would_per1k,CFNAI_MA3,-1,99,-0.06,0.5581
minutes,would_per1k,CFNAI_MA3,0,99,-0.005,0.9599
minutes,would_per1k,CFNAI_MA3,1,99,-0.01,0.9234
minutes,would_per1k,CFNAI_MA3,2,99,-0.002,0.9816
minutes,would_per1k,CFNAI_MA3,3,99,0.159,0.1163
minutes,would_per1k,CFNAI_MA3,4,98,0.301,0.0026
minutes,would_per1k,CFNAI_MA3,5,97,0.321,0.0014
minutes,would_per1k,CFNAI_MA3,6,97,0.098,0.3379
minutes,would_per1k,CFNAI_MA3,7,96,-0.05,0.6289
minutes,would_per1k,CFNAI_MA3,8,95,-0.008,0.9371
minutes,would_per1k,CFNAI_MA3,9,95,0.05,0.6308
minutes,would_per1k,VIX_M,-9,99,-0.049,0.6303
minutes,would_per1k,VIX_M,-8,99,-0.004,0.9721
minutes,would_per1k,VIX_M,-7,99,0.016,0.8747
minutes,would_per1k,VIX_M,-6,99,0.179,0.0765
minutes,would_per1k,VIX_M,-5,99,0.149,0.1416
minutes,would_per1k,VIX_M,-4,99,0.162,0.1091
minutes,would_per1k,VIX_M,-3,99,0.178,0.0773
minutes,would_per1k,VIX_M,-2,99,0.178,0.0779
minutes,would_per1k,VIX_M,-1,99,0.149,0.1399
minutes,would_per1k,VIX_M,0,99,0.242,0.016
minutes,would_per1k,VIX_M,1,99,0.136,0.1804
minutes,would_per1k,VIX_M,2,99,0.088,0.3878
minutes,would_per1k,VIX_M,3,99,0.027,0.7904
minutes,would_per1k,VIX_M,4,98,0.043,0.6716
minutes,would_per1k,VIX_M,5,97,0.045,0.6623
minutes,would_per1k,VIX_M,6,97,0.081,0.4328
minutes,would_per1k,VIX_M,7,96,0.135,0.191
minutes,would_per1k,VIX_M,8,95,0.055,0.5974
minutes,would_per1k,VIX_M,9,95,-0.036,0.7327
minutes,could_per1k,CFNAI_MA3,-9,99,0.171,0.0911
minutes,could_per1k,CFNAI_MA3,-8,99,0.135,0.1827
minutes,could_per1k,CFNAI_MA3,-7,99,-0.014,0.8932
minutes,could_per1k,CFNAI_MA3,-6,99,-0.154,0.1278
minutes,could_per1k,CFNAI_MA3,-5,99,-0.107,0.2937
minutes,could_per1k,CFNAI_MA3,-4,99,0.028,0.7833
minutes,could_per1k,CFNAI_MA3,-3,99,0.097,0.3406
minutes,could_per1k,CFNAI_MA3,-2,99,0.034,0.7419
minutes,could_per1k,CFNAI_MA3,-1,99,-0.027,0.789
minutes,could_per1k,CFNAI_MA3,0,99,-0.144,0.155
minutes,could_per1k,CFNAI_MA3,1,99,-0.043,0.6753
minutes,could_per1k,CFNAI_MA3,2,99,-0.063,0.5387
minutes,could_per1k,CFNAI_MA3,3,99,-0.144,0.1558
minutes,could_per1k,CFNAI_MA3,4,98,-0.182,0.0736
minutes,could_per1k,CFNAI_MA3,5,97,-0.254,0.012
minutes,could_per1k,CFNAI_MA3,6,97,-0.246,0.0151
minutes,could_per1k,CFNAI_MA3,7,96,-0.133,0.1948
minutes,could_per1k,CFNAI_MA3,8,95,-0.058,0.5737
minutes,could_per1k,CFNAI_MA3,9,95,0.205,0.0468
minutes,could_per1k,VIX_M,-9,99,0.031,0.7618
minutes,could_per1k,VIX_M,-8,99,0.091,0.3695
minutes,could_per1k,VIX_M,-7,99,0.084,0.4075
minutes,could_per1k,VIX_M,-6,99,0.101,0.3212
minutes,could_per1k,VIX_M,-5,99,0.116,0.2547
minutes,could_per1k,VIX_M,-4,99,-0.027,0.7933
minutes,could_per1k,VIX_M,-3,99,-0.029,0.7745
minutes,could_per1k,VIX_M,-2,99,0.044,0.6643
minutes,could_per1k,VIX_M,-1,99,0.131,0.1978
minutes,could_per1k,VIX_M,0,99,0.083,0.4154
minutes,could_per1k,VIX_M,1,99,0.031,0.7596
minutes,could_per1k,VIX_M,2,99,0.127,0.2099
minutes,could_per1k,VIX_M,3,99,0.162,0.1101
minutes,could_per1k,VIX_M,4,98,0.193,0.0575
minutes,could_per1k,VIX_M,5,97,0.413,0.0
minutes,could_per1k,VIX_M,6,97,0.293,0.0036
minutes,could_per1k,VIX_M,7,96,0.236,0.0205
minutes,could_per1k,VIX_M,8,95,0.198,0.054
minutes,could_per1k,VIX_M,9,95,0.319,0.0016
minutes,can_per1k,CFNAI_MA3,-9,99,0.104,0.3068
minutes,can_per1k,CFNAI_MA3,-8,99,0.135,0.1827
minutes,can_per1k,CFNAI_MA3,-7,99,0.1,0.3232
minutes,can_per1k,CFNAI_MA3,-6,99,0.086,0.3997
minutes,can_per1k,CFNAI_MA3,-5,99,0.016,0.8757
minutes,can_per1k,CFNAI_MA3,-4,99,0.05,0.62
minutes,can_per1k,CFNAI_MA3,-3,99,0.001,0.9919
minutes,can_per1k,CFNAI_MA3,-2,99,-0.125,0.218
minutes,can_per1k,CFNAI_MA3,-1,99,-0.17,0.0934
minutes,can_per1k,CFNAI_MA3,0,99,-0.138,0.172
minutes,can_per1k,CFNAI_MA3,1,99,0.127,0.2092
minutes,can_per1k,CFNAI_MA3,2,99,0.182,0.0709
minutes,can_per1k,CFNAI_MA3,3,99,0.156,0.1223
minutes,can_per1k,CFNAI_MA3,4,98,-0.048,0.6362
minutes,can_per1k,CFNAI_MA3,5,97,-0.097,0.3452
minutes,can_per1k,CFNAI_MA3,6,97,0.031,0.7596
minutes,can_per1k,CFNAI_MA3,7,96,0.143,0.1642
minutes,can_per1k,CFNAI_MA3,8,95,0.157,0.1296
minutes,can_per1k,CFNAI_MA3,9,95,0.068,0.5135
minutes,can_per1k,VIX_M,-9,99,0.144,0.1541
minutes,can_per1k,VIX_M,-8,99,0.166,0.0997
minutes,can_per1k,VIX_M,-7,99,0.17,0.092
minutes,can_per1k,VIX_M,-6,99,0.249,0.013
minutes,can_per1k,VIX_M,-5,99,0.254,0.0113
minutes,can_per1k,VIX_M,-4,99,0.312,0.0017
minutes,can_per1k,VIX_M,-3,99,0.429,0.0
minutes,can_per1k,VIX_M,-2,99,0.569,0.0
minutes,can_per1k,VIX_M,-1,99,0.465,0.0
minutes,can_per1k,VIX_M,0,99,0.369,0.0002
minutes,can_per1k,VIX_M,1,99,0.381,0.0001
minutes,can_per1k,VIX_M,2,99,0.309,0.0018
minutes,can_per1k,VIX_M,3,99,0.379,0.0001
minutes,can_per1k,VIX_M,4,98,0.453,0.0
minutes,can_per1k,VIX_M,5,97,0.255,0.0115
minutes,can_per1k,VIX_M,6,97,0.286,0.0046
minutes,can_per1k,VIX_M,7,96,0.248,0.015
minutes,can_per1k,VIX_M,8,95,0.259,0.0113
minutes,can_per1k,VIX_M,9,95,0.301,0.003
minutes,should_per1k,CFNAI_MA3,-9,99,0.169,0.0951
minutes,should_per1k,CFNAI_MA3,-8,99,0.183,0.0691
minutes,should_per1k,CFNAI_MA3,-7,99,0.094,0.3527
minutes,should_per1k,CFNAI_MA3,-6,99,-0.021,0.84
minutes,should_per1k,CFNAI_MA3,-5,99,-0.043,0.6749
minutes,should_per1k,CFNAI_MA3,-4,99,0.026,0.8006
minutes,should_per1k,CFNAI_MA3,-3,99,0.064,0.5271
minutes,should_per1k,CFNAI_MA3,-2,99,-0.0,0.9986
minutes,should_per1k,CFNAI_MA3,-1,99,-0.012,0.9098
minutes,should_per1k,CFNAI_MA3,0,99,-0.068,0.5026
minutes,should_per1k,CFNAI_MA3,1,99,-0.006,0.9494
minutes,should_per1k,CFNAI_MA3,2,99,0.009,0.9265
minutes,should_per1k,CFNAI_MA3,3,99,0.045,0.6597
minutes,should_per1k,CFNAI_MA3,4,98,0.051,0.6191
minutes,should_per1k,CFNAI_MA3,5,97,0.052,0.6106
minutes,should_per1k,CFNAI_MA3,6,97,-0.007,0.9454
minutes,should_per1k,CFNAI_MA3,7,96,-0.082,0.4272
minutes,should_per1k,CFNAI_MA3,8,95,-0.081,0.4354
minutes,should_per1k,CFNAI_MA3,9,95,0.015,0.8838
minutes,should_per1k,VIX_M,-9,99,-0.217,0.0309
minutes,should_per1k,VIX_M,-8,99,-0.168,0.0968
minutes,should_per1k,VIX_M,-7,99,-0.199,0.0484
minutes,should_per1k,VIX_M,-6,99,-0.187,0.0644
minutes,should_per1k,VIX_M,-5,99,-0.24,0.0167
minutes,should_per1k,VIX_M,-4,99,-0.235,0.0192
minutes,should_per1k,VIX_M,-3,99,-0.248,0.0134
minutes,should_per1k,VIX_M,-2,99,-0.26,0.0094
minutes,should_per1k,VIX_M,-1,99,-0.16,0.114
minutes,should_per1k,VIX_M,0,99,-0.2,0.047
minutes,should_per1k,VIX_M,1,99,-0.234,0.0196
minutes,should_per1k,VIX_M,2,99,-0.149,0.1404
minutes,should_per1k,VIX_M,3,99,-0.2,0.0468
minutes,should_per1k,VIX_M,4,98,-0.229,0.0232
minutes,should_per1k,VIX_M,5,97,-0.029,0.7767
minutes,should_per1k,VIX_M,6,97,0.034,0.7442
minutes,should_per1k,VIX_M,7,96,-0.007,0.9484
minutes,should_per1k,VIX_M,8,95,-0.041,0.6898
minutes,should_per1k,VIX_M,9,95,-0.085,0.4123
minutes,may_per1k,CFNAI_MA3,-9,99,-0.093,0.3595
minutes,may_per1k,CFNAI_MA3,-8,99,-0.026,0.796
minutes,may_per1k,CFNAI_MA3,-7,99,0.062,0.539
minutes,may_per1k,CFNAI_MA3,-6,99,0.167,0.0984
minutes,may_per1k,CFNAI_MA3,-5,99,0.093,0.3591
minutes,may_per1k,CFNAI_MA3,-4,99,0.013,0.9
minutes,may_per1k,CFNAI_MA3,-3,99,0.057,0.5772
minutes,may_per1k,CFNAI_MA3,-2,99,0.019,0.8509
minutes,may_per1k,CFNAI_MA3,-1,99,-0.015,0.8791
minutes,may_per1k,CFNAI_MA3,0,99,-0.118,0.2461
minutes,may_per1k,CFNAI_MA3,1,99,-0.077,0.4498
minutes,may_per1k,CFNAI_MA3,2,99,-0.056,0.5821
minutes,may_per1k,CFNAI_MA3,3,99,-0.114,0.2618
minutes,may_per1k,CFNAI_MA3,4,98,-0.137,0.1793
minutes,may_per1k,CFNAI_MA3,5,97,-0.149,0.1465
minutes,may_per1k,CFNAI_MA3,6,97,0.009,0.9321
minutes,may_per1k,CFNAI_MA3,7,96,0.069,0.5067
minutes,may_per1k,CFNAI_MA3,8,95,0.071,0.497
minutes,may_per1k,CFNAI_MA3,9,95,0.158,0.1267
minutes,may_per1k,VIX_M,-9,99,-0.114,0.261
minutes,may_per1k,VIX_M,-8,99,-0.137,0.1771
minutes,may_per1k,VIX_M,-7,99,-0.162,0.11
minutes,may_per1k,VIX_M,-6,99,-0.243,0.0154
minutes,may_per1k,VIX_M,-5,99,-0.229,0.0227
minutes,may_per1k,VIX_M,-4,99,-0.191,0.0582
minutes,may_per1k,VIX_M,-3,99,-0.141,0.164
minutes,may_per1k,VIX_M,-2,99,-0.221,0.028
minutes,may_per1k,VIX_M,-1,99,-0.168,0.0964
minutes,may_per1k,VIX_M,0,99,-0.149,0.1409
minutes,may_per1k,VIX_M,1,99,-0.144,0.1555
minutes,may_per1k,VIX_M,2,99,0.023,0.8222
minutes,may_per1k,VIX_M,3,99,-0.063,0.5331
minutes,may_per1k,VIX_M,4,98,-0.058,0.5698
minutes,may_per1k,VIX_M,5,97,-0.011,0.9137
minutes,may_per1k,VIX_M,6,97,-0.155,0.1288
minutes,may_per1k,VIX_M,7,96,-0.166,0.1061
minutes,may_per1k,VIX_M,8,95,-0.107,0.3022
minutes,may_per1k,VIX_M,9,95,-0.112,0.281
minutes,six_per1k,CFNAI_MA3,-9,99,0.217,0.0309
minutes,six_per1k,CFNAI_MA3,-8,99,0.175,0.0839
minutes,six_per1k,CFNAI_MA3,-7,99,0.082,0.4218
minutes,six_per1k,CFNAI_MA3,-6,99,-0.067,0.5082
minutes,six_per1k,CFNAI_MA3,-5,99,-0.154,0.127
minutes,six_per1k,CFNAI_MA3,-4,99,-0.058,0.566
minutes,six_per1k,CFNAI_MA3,-3,99,-0.002,0.9822
minutes,six_per1k,CFNAI_MA3,-2,99,-0.014,0.8909
minutes,six_per1k,CFNAI_MA3,-1,99,-0.063,0.5339
minutes,six_per1k,CFNAI_MA3,0,99,-0.166,0.1011
minutes,six_per1k,CFNAI_MA3,1,99,-0.053,0.6003
minutes,six_per1k,CFNAI_MA3,2,99,-0.029,0.7794
minutes,six_per1k,CFNAI_MA3,3,99,0.062,0.5431
minutes,six_per1k,CFNAI_MA3,4,98,0.106,0.2983
minutes,six_per1k,CFNAI_MA3,5,97,0.063,0.5385
minutes,six_per1k,CFNAI_MA3,6,97,-0.042,0.6797
minutes,six_per1k,CFNAI_MA3,7,96,-0.064,0.5326
minutes,six_per1k,CFNAI_MA3,8,95,0.016,0.8803
minutes,six_per1k,CFNAI_MA3,9,95,0.222,0.0307
minutes,six_per1k,VIX_M,-9,99,-0.184,0.0683
minutes,six_per1k,VIX_M,-8,99,-0.099,0.3276
minutes,six_per1k,VIX_M,-7,99,-0.118,0.2465
minutes,six_per1k,VIX_M,-6,99,0.015,0.8845
minutes,six_per1k,VIX_M,-5,99,-0.03,0.7687
minutes,six_per1k,VIX_M,-4,99,-0.081,0.4255
minutes,six_per1k,VIX_M,-3,99,-0.034,0.7378
minutes,six_per1k,VIX_M,-2,99,-0.021,0.8332
minutes,six_per1k,VIX_M,-1,99,0.053,0.6051
minutes,six_per1k,VIX_M,0,99,0.089,0.3824
minutes,six_per1k,VIX_M,1,99,-0.026,0.8015
minutes,six_per1k,VIX_M,2,99,0.06,0.5538
minutes,six_per1k,VIX_M,3,99,0.009,0.9266
minutes,six_per1k,VIX_M,4,98,0.035,0.7342
minutes,six_per1k,VIX_M,5,97,0.207,0.0421
minutes,six_per1k,VIX_M,6,97,0.144,0.1586
minutes,six_per1k,VIX_M,7,96,0.121,0.2413
minutes,six_per1k,VIX_M,8,95,0.072,0.4892
minutes,six_per1k,VIX_M,9,95,0.047,0.6494
minutes,neg_can_per1k,CFNAI_MA3,-9,99,-0.034,0.7371
minutes,neg_can_per1k,CFNAI_MA3,-8,99,-0.021,0.8355
minutes,neg_can_per1k,CFNAI_MA3,-7,99,-0.008,0.9343
minutes,neg_can_per1k,CFNAI_MA3,-6,99,-0.122,0.2276
minutes,neg_can_per1k,CFNAI_MA3,-5,99,-0.494,0.0
minutes,neg_can_per1k,CFNAI_MA3,-4,99,-0.446,0.0
minutes,neg_can_per1k,CFNAI_MA3,-3,99,-0.178,0.0784
minutes,neg_can_per1k,CFNAI_MA3,-2,99,0.259,0.0097
minutes,neg_can_per1k,CFNAI_MA3,-1,99,0.264,0.0083
minutes,neg_can_per1k,CFNAI_MA3,0,99,0.086,0.3986
minutes,neg_can_per1k,CFNAI_MA3,1,99,0.053,0.6038
minutes,neg_can_per1k,CFNAI_MA3,2,99,0.046,0.6506
minutes,neg_can_per1k,CFNAI_MA3,3,99,-0.066,0.5152
minutes,neg_can_per1k,CFNAI_MA3,4,98,-0.465,0.0
minutes,neg_can_per1k,CFNAI_MA3,5,97,-0.576,0.0
minutes,neg_can_per1k,CFNAI_MA3,6,97,-0.15,0.143
minutes,neg_can_per1k,CFNAI_MA3,7,96,0.333,0.0009
minutes,neg_can_per1k,CFNAI_MA3,8,95,0.422,0.0
minutes,neg_can_per1k,CFNAI_MA3,9,95,0.143,0.1663
minutes,neg_can_per1k,VIX_M,-9,99,-0.086,0.3948
minutes,neg_can_per1k,VIX_M,-8,99,-0.096,0.3457
minutes,neg_can_per1k,VIX_M,-7,99,0.013,0.9
minutes,neg_can_per1k,VIX_M,-6,99,0.371,0.0002
minutes,neg_can_per1k,VIX_M,-5,99,0.22,0.029
minutes,neg_can_per1k,VIX_M,-4,99,0.155,0.1246
minutes,neg_can_per1k,VIX_M,-3,99,0.098,0.3369
minutes,neg_can_per1k,VIX_M,-2,99,0.072,0.4758
minutes,neg_can_per1k,VIX_M,-1,99,-0.019,0.8488
minutes,neg_can_per1k,VIX_M,0,99,0.046,0.6482
minutes,neg_can_per1k,VIX_M,1,99,0.086,0.3984
minutes,neg_can_per1k,VIX_M,2,99,0.094,0.356
minutes,neg_can_per1k,VIX_M,3,99,0.481,0.0
minutes,neg_can_per1k,VIX_M,4,98,0.411,0.0
minutes,neg_can_per1k,VIX_M,5,97,0.204,0.0449
minutes,neg_can_per1k,VIX_M,6,97,0.185,0.0702
minutes,neg_can_per1k,VIX_M,7,96,0.123,0.2307
minutes,neg_can_per1k,VIX_M,8,95,0.076,0.4618
minutes,neg_can_per1k,VIX_M,9,95,0.084,0.4182
minutes,neg_would_per1k,CFNAI_MA3,-9,99,-0.081,0.4263
minutes,neg_would_per1k,CFNAI_MA3,-8,99,-0.228,0.0231
minutes,neg_would_per1k,CFNAI_MA3,-7,99,-0.175,0.0836
minutes,neg_would_per1k,CFNAI_MA3,-6,99,-0.036,0.7202
minutes,neg_would_per1k,CFNAI_MA3,-5,99,0.133,0.1878
minutes,neg_would_per1k,CFNAI_MA3,-4,99,0.133,0.1885
minutes,neg_would_per1k,CFNAI_MA3,-3,99,0.145,0.1518
minutes,neg_would_per1k,CFNAI_MA3,-2,99,0.137,0.1766
minutes,neg_would_per1k,CFNAI_MA3,-1,99,0.108,0.2863
minutes,neg_would_per1k,CFNAI_MA3,0,99,-0.029,0.7787
minutes,neg_would_per1k,CFNAI_MA3,1,99,-0.065,0.5197
minutes,neg_would_per1k,CFNAI_MA3,2,99,-0.077,0.4517
minutes,neg_would_per1k,CFNAI_MA3,3,99,-0.084,0.4094
minutes,neg_would_per1k,CFNAI_MA3,4,98,-0.181,0.0741
minutes,neg_would_per1k,CFNAI_MA3,5,97,-0.16,0.1165
minutes,neg_would_per1k,CFNAI_MA3,6,97,0.063,0.5418
minutes,neg_would_per1k,CFNAI_MA3,7,96,0.225,0.0272
minutes,neg_would_per1k,CFNAI_MA3,8,95,0.245,0.0166
minutes,neg_would_per1k,CFNAI_MA3,9,95,0.106,0.3062
minutes,neg_would_per1k,VIX_M,-9,99,0.071,0.4824
minutes,neg_would_per1k,VIX_M,-8,99,0.024,0.8158
minutes,neg_would_per1k,VIX_M,-7,99,0.069,0.4977
minutes,neg_would_per1k,VIX_M,-6,99,0.048,0.6364
minutes,neg_would_per1k,VIX_M,-5,99,0.145,0.1526
minutes,neg_would_per1k,VIX_M,-4,99,-0.018,0.8588
minutes,neg_would_per1k,VIX_M,-3,99,-0.083,0.4154
minutes,neg_would_per1k,VIX_M,-2,99,-0.062,0.5447
minutes,neg_would_per1k,VIX_M,-1,99,-0.069,0.4946
minutes,neg_would_per1k,VIX_M,0,99,-0.013,0.8968
minutes,neg_would_per1k,VIX_M,1,99,0.053,0.6035
minutes,neg_would_per1k,VIX_M,2,99,0.077,0.4468
minutes,neg_would_per1k,VIX_M,3,99,0.144,0.1552
minutes,neg_would_per1k,VIX_M,4,98,0.027,0.7944
minutes,neg_would_per1k,VIX_M,5,97,-0.034,0.7425
minutes,neg_would_per1k,VIX_M,6,97,-0.019,0.851
minutes,neg_would_per1k,VIX_M,7,96,-0.072,0.4845
minutes,neg_would_per1k,VIX_M,8,95,-0.07,0.4978
minutes,neg_would_per1k,VIX_M,9,95,-0.045,0.6639
minutes,neg_will_per1k,CFNAI_MA3,-9,99,0.005,0.9607
minutes,neg_will_per1k,CFNAI_MA3,-8,99,-0.015,0.8859
minutes,neg_will_per1k,CFNAI_MA3,-7,99,-0.001,0.9908
minutes,neg_will_per1k,CFNAI_MA3,-6,99,-0.014,0.8929
minutes,neg_will_per1k,CFNAI_MA3,-5,99,-0.028,0.7798
minutes,neg_will_per1k,CFNAI_MA3,-4,99,-0.032,0.7562
minutes,neg_will_per1k,CFNAI_MA3,-3,99,-0.022,0.83
minutes,neg_will_per1k,CFNAI_MA3,-2,99,0.001,0.9933
minutes,neg_will_per1k,CFNAI_MA3,-1,99,-0.006,0.9519
minutes,neg_will_per1k,CFNAI_MA3,0,99,-0.008,0.9376
minutes,neg_will_per1k,CFNAI_MA3,1,99,-0.007,0.9438
minutes,neg_will_per1k,CFNAI_MA3,2,99,-0.02,0.8477
minutes,neg_will_per1k,CFNAI_MA3,3,99,-0.019,0.8547
minutes,neg_will_per1k,CFNAI_MA3,4,98,-0.021,0.8348
minutes,neg_will_per1k,CFNAI_MA3,5,97,-0.028,0.7847
minutes,neg_will_per1k,CFNAI_MA3,6,97,-0.002,0.9874
minutes,neg_will_per1k,CFNAI_MA3,7,96,0.001,0.9912
minutes,neg_will_per1k,CFNAI_MA3,8,95,0.018,0.8597
minutes,neg_will_per1k,CFNAI_MA3,9,95,0.008,0.9364
minutes,neg_will_per1k,VIX_M,-9,99,-0.046,0.6508
minutes,neg_will_per1k,VIX_M,-8,99,0.014,0.8924
minutes,neg_will_per1k,VIX_M,-7,99,-0.067,0.5081
minutes,neg_will_per1k,VIX_M,-6,99,-0.079,0.4384
minutes,neg_will_per1k,VIX_M,-5,99,-0.078,0.4414
minutes,neg_will_per1k,VIX_M,-4,99,-0.06,0.5531
minutes,neg_will_per1k,VIX_M,-3,99,-0.065,0.525
minutes,neg_will_per1k,VIX_M,-2,99,-0.031,0.7626
minutes,neg_will_per1k,VIX_M,-1,99,-0.079,0.4347
minutes,neg_will_per1k,VIX_M,0,99,-0.079,0.4376
minutes,neg_will_per1k,VIX_M,1,99,-0.063,0.5354
minutes,neg_will_per1k,VIX_M,2,99,0.021,0.8351
minutes,neg_will_per1k,VIX_M,3,99,-0.012,0.9053
minutes,neg_will_per1k,VIX_M,4,98,0.037,0.7174
minutes,neg_will_per1k,VIX_M,5,97,-0.036,0.7292
minutes,neg_will_per1k,VIX_M,6,97,-0.034,0.7395
minutes,neg_will_per1k,VIX_M,7,96,-0.02,0.8429
minutes,neg_will_per1k,VIX_M,8,95,-0.02,0.8499
minutes,neg_will_per1k,VIX_M,9,95,0.046,0.6602
press_conf,will_per1k,CFNAI_MA3,-9,80,0.077,0.495
press_conf,will_per1k,CFNAI_MA3,-8,80,0.118,0.2966
press_conf,will_per1k,CFNAI_MA3,-7,80,0.111,0.3288
press_conf,will_per1k,CFNAI_MA3,-6,80,0.115,0.3085
press_conf,will_per1k,CFNAI_MA3,-5,80,-0.005,0.9621
press_conf,will_per1k,CFNAI_MA3,-4,80,-0.048,0.671
press_conf,will_per1k,CFNAI_MA3,-3,80,0.051,0.6554
press_conf,will_per1k,CFNAI_MA3,-2,80,0.145,0.1992
press_conf,will_per1k,CFNAI_MA3,-1,80,0.104,0.3595
press_conf,will_per1k,CFNAI_MA3,0,80,-0.268,0.0162
press_conf,will_per1k,CFNAI_MA3,1,80,-0.406,0.0002
press_conf,will_per1k,CFNAI_MA3,2,80,-0.395,0.0003
press_conf,will_per1k,CFNAI_MA3,3,80,-0.045,0.6932
press_conf,will_per1k,CFNAI_MA3,4,79,0.28,0.0126
press_conf,will_per1k,CFNAI_MA3,5,78,0.326,0.0035
press_conf,will_per1k,CFNAI_MA3,6,78,0.328,0.0034
press_conf,will_per1k,CFNAI_MA3,7,77,0.199,0.0825
press_conf,will_per1k,CFNAI_MA3,8,76,0.16,0.1668
press_conf,will_per1k,CFNAI_MA3,9,76,-0.026,0.8259
press_conf,will_per1k,VIX_M,-9,80,0.207,0.0653
press_conf,will_per1k,VIX_M,-8,80,0.184,0.1019
press_conf,will_per1k,VIX_M,-7,80,0.238,0.0333
press_conf,will_per1k,VIX_M,-6,80,0.253,0.0234
press_conf,will_per1k,VIX_M,-5,80,0.244,0.0292
press_conf,will_per1k,VIX_M,-4,80,0.146,0.1969
press_conf,will_per1k,VIX_M,-3,80,0.102,0.368
press_conf,will_per1k,VIX_M,-2,80,0.169,0.1343
press_conf,will_per1k,VIX_M,-1,80,0.345,0.0017
press_conf,will_per1k,VIX_M,0,80,0.539,0.0
press_conf,will_per1k,VIX_M,1,80,0.541,0.0
press_conf,will_per1k,VIX_M,2,80,0.382,0.0005
press_conf,will_per1k,VIX_M,3,80,0.226,0.0437
press_conf,will_per1k,VIX_M,4,79,0.243,0.0306
press_conf,will_per1k,VIX_M,5,78,0.173,0.1294
press_conf,will_per1k,VIX_M,6,78,0.236,0.0372
press_conf,will_per1k,VIX_M,7,77,0.331,0.0033
press_conf,will_per1k,VIX_M,8,76,0.326,0.004
press_conf,will_per1k,VIX_M,9,76,0.133,0.2513
press_conf,would_per1k,CFNAI_MA3,-9,80,0.212,0.0595
press_conf,would_per1k,CFNAI_MA3,-8,80,0.098,0.3854
press_conf,would_per1k,CFNAI_MA3,-7,80,0.091,0.4243
press_conf,would_per1k,CFNAI_MA3,-6,80,-0.029,0.7982
press_conf,would_per1k,CFNAI_MA3,-5,80,-0.015,0.8945
press_conf,would_per1k,CFNAI_MA3,-4,80,-0.012,0.916
press_conf,would_per1k,CFNAI_MA3,-3,80,0.132,0.2429
press_conf,would_per1k,CFNAI_MA3,-2,80,0.163,0.1497
press_conf,would_per1k,CFNAI_MA3,-1,80,0.183,0.1036
press_conf,would_per1k,CFNAI_MA3,0,80,0.095,0.4036
press_conf,would_per1k,CFNAI_MA3,1,80,0.073,0.5213
press_conf,would_per1k,CFNAI_MA3,2,80,0.064,0.5745
press_conf,would_per1k,CFNAI_MA3,3,80,-0.025,0.8248
press_conf,would_per1k,CFNAI_MA3,4,79,-0.042,0.7122
press_conf,would_per1k,CFNAI_MA3,5,78,-0.045,0.6973
press_conf,would_per1k,CFNAI_MA3,6,78,-0.077,0.5048
press_conf,would_per1k,CFNAI_MA3,7,77,0.064,0.5825
press_conf,would_per1k,CFNAI_MA3,8,76,0.13,0.2632
press_conf,would_per1k,CFNAI_MA3,9,76,0.206,0.0739
press_conf,would_per1k,VIX_M,-9,80,0.03,0.7884
press_conf,would_per1k,VIX_M,-8,80,-0.09,0.4251
press_conf,would_per1k,VIX_M,-7,80,0.003,0.9812
press_conf,would_per1k,VIX_M,-6,80,0.047,0.6766
press_conf,would_per1k,VIX_M,-5,80,0.019,0.8679
press_conf,would_per1k,VIX_M,-4,80,-0.12,0.2885
press_conf,would_per1k,VIX_M,-3,80,-0.093,0.412
press_conf,would_per1k,VIX_M,-2,80,-0.127,0.2628
press_conf,would_per1k,VIX_M,-1,80,-0.117,0.3008
press_conf,would_per1k,VIX_M,0,80,-0.131,0.2478
press_conf,would_per1k,VIX_M,1,80,-0.185,0.1009
press_conf,would_per1k,VIX_M,2,80,-0.129,0.2536
press_conf,would_per1k,VIX_M,3,80,-0.087,0.4455
press_conf,would_per1k,VIX_M,4,79,-0.087,0.4468
press_conf,would_per1k,VIX_M,5,78,0.018,0.8748
press_conf,would_per1k,VIX_M,6,78,-0.18,0.115
press_conf,would_per1k,VIX_M,7,77,-0.176,0.126
press_conf,would_per1k,VIX_M,8,76,-0.259,0.0241
press_conf,would_per1k,VIX_M,9,76,-0.065,0.5754
press_conf,could_per1k,CFNAI_MA3,-9,80,0.007,0.951
press_conf,could_per1k,CFNAI_MA3,-8,80,0.045,0.6913
press_conf,could_per1k,CFNAI_MA3,-7,80,0.014,0.9022
press_conf,could_per1k,CFNAI_MA3,-6,80,-0.1,0.3776
press_conf,could_per1k,CFNAI_MA3,-5,80,-0.108,0.3401
press_conf,could_per1k,CFNAI_MA3,-4,80,-0.055,0.6296
press_conf,could_per1k,CFNAI_MA3,-3,80,-0.022,0.8454
press_conf,could_per1k,CFNAI_MA3,-2,80,-0.085,0.4538
press_conf,could_per1k,CFNAI_MA3,-1,80,-0.133,0.2408
press_conf,could_per1k,CFNAI_MA3,0,80,0.035,0.7572
press_conf,could_per1k,CFNAI_MA3,1,80,0.297,0.0075
press_conf,could_per1k,CFNAI_MA3,2,80,0.333,0.0025
press_conf,could_per1k,CFNAI_MA3,3,80,0.142,0.2093
press_conf,could_per1k,CFNAI_MA3,4,79,-0.057,0.6179
press_conf,could_per1k,CFNAI_MA3,5,78,-0.081,0.4817
press_conf,could_per1k,CFNAI_MA3,6,78,-0.113,0.3262
press_conf,could_per1k,CFNAI_MA3,7,77,-0.084,0.4679
press_conf,could_per1k,CFNAI_MA3,8,76,-0.029,0.8055
press_conf,could_per1k,CFNAI_MA3,9,76,0.107,0.3556
press_conf,could_per1k,VIX_M,-9,80,-0.129,0.2544
press_conf,could_per1k,VIX_M,-8,80,-0.121,0.2831
press_conf,could_per1k,VIX_M,-7,80,-0.209,0.0627
press_conf,could_per1k,VIX_M,-6,80,-0.067,0.5539
press_conf,could_per1k,VIX_M,-5,80,-0.113,0.3176
press_conf,could_per1k,VIX_M,-4,80,-0.174,0.1236
press_conf,could_per1k,VIX_M,-3,80,-0.078,0.4913
press_conf,could_per1k,VIX_M,-2,80,-0.119,0.2927
press_conf,could_per1k,VIX_M,-1,80,-0.165,0.1442
press_conf,could_per1k,VIX_M,0,80,-0.339,0.0021
press_conf,could_per1k,VIX_M,1,80,-0.401,0.0002
press_conf,could_per1k,VIX_M,2,80,-0.267,0.0165
press_conf,could_per1k,VIX_M,3,80,-0.227,0.0433
press_conf,could_per1k,VIX_M,4,79,-0.225,0.0461
press_conf,could_per1k,VIX_M,5,78,-0.098,0.3913
press_conf,could_per1k,VIX_M,6,78,-0.208,0.0672
press_conf,could_per1k,VIX_M,7,77,-0.266,0.0193
press_conf,could_per1k,VIX_M,8,76,-0.232,0.0441
press_conf,could_per1k,VIX_M,9,76,-0.081,0.4859
press_conf,can_per1k,CFNAI_MA3,-9,80,-0.154,0.1715
press_conf,can_per1k,CFNAI_MA3,-8,80,-0.115,0.3115
press_conf,can_per1k,CFNAI_MA3,-7,80,-0.112,0.3211
press_conf,can_per1k,CFNAI_MA3,-6,80,-0.012,0.9124
press_conf,can_per1k,CFNAI_MA3,-5,80,-0.047,0.6796
press_conf,can_per1k,CFNAI_MA3,-4,80,-0.065,0.565
press_conf,can_per1k,CFNAI_MA3,-3,80,-0.236,0.0351
press_conf,can_per1k,CFNAI_MA3,-2,80,-0.199,0.0763
press_conf,can_per1k,CFNAI_MA3,-1,80,-0.204,0.07
press_conf,can_per1k,CFNAI_MA3,0,80,-0.168,0.1372
press_conf,can_per1k,CFNAI_MA3,1,80,-0.113,0.318
press_conf,can_per1k,CFNAI_MA3,2,80,-0.077,0.4961
press_conf,can_per1k,CFNAI_MA3,3,80,0.2,0.0755
press_conf,can_per1k,CFNAI_MA3,4,79,0.237,0.0355
press_conf,can_per1k,CFNAI_MA3,5,78,0.212,0.062
press_conf,can_per1k,CFNAI_MA3,6,78,0.109,0.3401
press_conf,can_per1k,CFNAI_MA3,7,77,-0.068,0.5571
press_conf,can_per1k,CFNAI_MA3,8,76,-0.057,0.6274
press_conf,can_per1k,CFNAI_MA3,9,76,0.048,0.6775
press_conf,can_per1k,VIX_M,-9,80,0.093,0.4111
press_conf,can_per1k,VIX_M,-8,80,0.143,0.2067
press_conf,can_per1k,VIX_M,-7,80,0.113,0.3182
press_conf,can_per1k,VIX_M,-6,80,0.102,0.3662
press_conf,can_per1k,VIX_M,-5,80,0.166,0.1422
press_conf,can_per1k,VIX_M,-4,80,0.316,0.0043
press_conf,can_per1k,VIX_M,-3,80,0.344,0.0018
press_conf,can_per1k,VIX_M,-2,80,0.376,0.0006
press_conf,can_per1k,VIX_M,-1,80,0.498,0.0
press_conf,can_per1k,VIX_M,0,80,0.435,0.0001
press_conf,can_per1k,VIX_M,1,80,0.443,0.0
press_conf,can_per1k,VIX_M,2,80,0.312,0.0048
press_conf,can_per1k,VIX_M,3,80,0.276,0.0131
press_conf,can_per1k,VIX_M,4,79,0.364,0.001
press_conf,can_per1k,VIX_M,5,78,0.31,0.0057
press_conf,can_per1k,VIX_M,6,78,0.422,0.0001
press_conf,can_per1k,VIX_M,7,77,0.491,0.0
press_conf,can_per1k,VIX_M,8,76,0.211,0.0677
press_conf,can_per1k,VIX_M,9,76,0.068,0.56
press_conf,should_per1k,CFNAI_MA3,-9,80,0.049,0.6654
press_conf,should_per1k,CFNAI_MA3,-8,80,-0.0,0.9968
press_conf,should_per1k,CFNAI_MA3,-7,80,-0.071,0.5294
press_conf,should_per1k,CFNAI_MA3,-6,80,-0.123,0.2785
press_conf,should_per1k,CFNAI_MA3,-5,80,-0.123,0.2785
press_conf,should_per1k,CFNAI_MA3,-4,80,-0.061,0.5888
press_conf,should_per1k,CFNAI_MA3,-3,80,-0.032,0.7801
press_conf,should_per1k,CFNAI_MA3,-2,80,0.145,0.1988
press_conf,should_per1k,CFNAI_MA3,-1,80,0.194,0.0845
press_conf,should_per1k,CFNAI_MA3,0,80,0.1,0.3797
press_conf,should_per1k,CFNAI_MA3,1,80,0.032,0.7756
press_conf,should_per1k,CFNAI_MA3,2,80,0.05,0.66
press_conf,should_per1k,CFNAI_MA3,3,80,0.122,0.2805
press_conf,should_per1k,CFNAI_MA3,4,79,0.054,0.6386
press_conf,should_per1k,CFNAI_MA3,5,78,0.053,0.6474
press_conf,should_per1k,CFNAI_MA3,6,78,-0.009,0.9395
press_conf,should_per1k,CFNAI_MA3,7,77,-0.022,0.846
press_conf,should_per1k,CFNAI_MA3,8,76,0.048,0.6817
press_conf,should_per1k,CFNAI_MA3,9,76,0.126,0.28
press_conf,should_per1k,VIX_M,-9,80,-0.161,0.1532
press_conf,should_per1k,VIX_M,-8,80,-0.037,0.7449
press_conf,should_per1k,VIX_M,-7,80,-0.13,0.2511
press_conf,should_per1k,VIX_M,-6,80,-0.002,0.9891
press_conf,should_per1k,VIX_M,-5,80,-0.045,0.6907
press_conf,should_per1k,VIX_M,-4,80,0.003,0.978
press_conf,should_per1k,VIX_M,-3,80,-0.12,0.2901
press_conf,should_per1k,VIX_M,-2,80,-0.125,0.2695
press_conf,should_per1k,VIX_M,-1,80,-0.002,0.9869
press_conf,should_per1k,VIX_M,0,80,0.008,0.9457
press_conf,should_per1k,VIX_M,1,80,-0.065,0.5686
press_conf,should_per1k,VIX_M,2,80,-0.067,0.5558
press_conf,should_per1k,VIX_M,3,80,-0.037,0.7443
press_conf,should_per1k,VIX_M,4,79,-0.053,0.6449
press_conf,should_per1k,VIX_M,5,78,0.013,0.9124
press_conf,should_per1k,VIX_M,6,78,0.055,0.6326
press_conf,should_per1k,VIX_M,7,77,0.021,0.8549
press_conf,should_per1k,VIX_M,8,76,-0.044,0.7055
press_conf,should_per1k,VIX_M,9,76,-0.072,0.5383
press_conf,may_per1k,CFNAI_MA3,-9,80,0.204,0.07
press_conf,may_per1k,CFNAI_MA3,-8,80,-0.013,0.9082
press_conf,may_per1k,CFNAI_MA3,-7,80,-0.088,0.4357
press_conf,may_per1k,CFNAI_MA3,-6,80,-0.152,0.1773
press_conf,may_per1k,CFNAI_MA3,-5,80,-0.053,0.6424
press_conf,may_per1k,CFNAI_MA3,-4,80,0.038,0.7398
press_conf,may_per1k,CFNAI_MA3,-3,80,0.095,0.4032
press_conf,may_per1k,CFNAI_MA3,-2,80,0.059,0.6022
press_conf,may_per1k,CFNAI_MA3,-1,80,0.034,0.7653
press_conf,may_per1k,CFNAI_MA3,0,80,-0.075,0.5113
press_conf,may_per1k,CFNAI_MA3,1,80,0.05,0.6621
press_conf,may_per1k,CFNAI_MA3,2,80,0.062,0.5874
press_conf,may_per1k,CFNAI_MA3,3,80,0.099,0.3817
press_conf,may_per1k,CFNAI_MA3,4,79,-0.021,0.8543
press_conf,may_per1k,CFNAI_MA3,5,78,-0.028,0.81
press_conf,may_per1k,CFNAI_MA3,6,78,0.052,0.651
press_conf,may_per1k,CFNAI_MA3,7,77,0.188,0.1016
press_conf,may_per1k,CFNAI_MA3,8,76,0.236,0.0406
press_conf,may_per1k,CFNAI_MA3,9,76,0.144,0.2154
press_conf,may_per1k,VIX_M,-9,80,0.118,0.2971
press_conf,may_per1k,VIX_M,-8,80,0.15,0.1828
press_conf,may_per1k,VIX_M,-7,80,0.101,0.3706
press_conf,may_per1k,VIX_M,-6,80,0.132,0.2442
press_conf,may_per1k,VIX_M,-5,80,0.02,0.8575
press_conf,may_per1k,VIX_M,-4,80,-0.069,0.541
press_conf,may_per1k,VIX_M,-3,80,-0.016,0.8906
press_conf,may_per1k,VIX_M,-2,80,0.065,0.5672
press_conf,may_per1k,VIX_M,-1,80,0.008,0.9465
press_conf,may_per1k,VIX_M,0,80,-0.115,0.3081
press_conf,may_per1k,VIX_M,1,80,-0.107,0.3459
press_conf,may_per1k,VIX_M,2,80,-0.012,0.9134
press_conf,may_per1k,VIX_M,3,80,-0.056,0.6191
press_conf,may_per1k,VIX_M,4,79,-0.142,0.2115
press_conf,may_per1k,VIX_M,5,78,-0.105,0.3616
press_conf,may_per1k,VIX_M,6,78,-0.222,0.0505
press_conf,may_per1k,VIX_M,7,77,-0.291,0.0102
press_conf,may_per1k,VIX_M,8,76,-0.221,0.0548
press_conf,may_per1k,VIX_M,9,76,-0.138,0.233
press_conf,six_per1k,CFNAI_MA3,-9,80,0.156,0.167
press_conf,six_per1k,CFNAI_MA3,-8,80,0.113,0.3196
press_conf,six_per1k,CFNAI_MA3,-7,80,0.072,0.5235
press_conf,six_per1k,CFNAI_MA3,-6,80,0.005,0.9622
press_conf,six_per1k,CFNAI_MA3,-5,80,-0.085,0.4518
press_conf,six_per1k,CFNAI_MA3,-4,80,-0.089,0.4338
press_conf,six_per1k,CFNAI_MA3,-3,80,0.024,0.8321
press_conf,six_per1k,CFNAI_MA3,-2,80,0.144,0.2033
press_conf,six_per1k,CFNAI_MA3,-1,80,0.114,0.3119
press_conf,six_per1k,CFNAI_MA3,0,80,-0.213,0.0581
press_conf,six_per1k,CFNAI_MA3,1,80,-0.25,0.0256
press_conf,six_per1k,CFNAI_MA3,2,80,-0.218,0.0516
press_conf,six_per1k,CFNAI_MA3,3,80,0.096,0.3988
press_conf,six_per1k,CFNAI_MA3,4,79,0.286,0.0106
press_conf,six_per1k,CFNAI_MA3,5,78,0.306,0.0064
press_conf,six_per1k,CFNAI_MA3,6,78,0.244,0.0311
press_conf,six_per1k,CFNAI_MA3,7,77,0.169,0.1406
press_conf,six_per1k,CFNAI_MA3,8,76,0.211,0.0676
press_conf,six_per1k,CFNAI_MA3,9,76,0.175,0.1304
press_conf,six_per1k,VIX_M,-9,80,0.175,0.1204
press_conf,six_per1k,VIX_M,-8,80,0.14,0.2145
press_conf,six_per1k,VIX_M,-7,80,0.178,0.1144
press_conf,six_per1k,VIX_M,-6,80,0.271,0.0152
press_conf,six_per1k,VIX_M,-5,80,0.238,0.0338
press_conf,six_per1k,VIX_M,-4,80,0.124,0.2743
press_conf,six_per1k,VIX_M,-3,80,0.12,0.2871
press_conf,six_per1k,VIX_M,-2,80,0.169,0.1337
press_conf,six_per1k,VIX_M,-1,80,0.367,0.0008
press_conf,six_per1k,VIX_M,0,80,0.436,0.0001
press_conf,six_per1k,VIX_M,1,80,0.385,0.0004
press_conf,six_per1k,VIX_M,2,80,0.281,0.0116
press_conf,six_per1k,VIX_M,3,80,0.174,0.1236
press_conf,six_per1k,VIX_M,4,79,0.206,0.0691
press_conf,six_per1k,VIX_M,5,78,0.231,0.0416
press_conf,six_per1k,VIX_M,6,78,0.185,0.105
press_conf,six_per1k,VIX_M,7,77,0.262,0.0213
press_conf,six_per1k,VIX_M,8,76,0.116,0.3193
press_conf,six_per1k,VIX_M,9,76,0.049,0.6758
press_conf,neg_can_per1k,CFNAI_MA3,-9,80,0.091,0.4196
press_conf,neg_can_per1k,CFNAI_MA3,-8,80,-0.001,0.9961
press_conf,neg_can_per1k,CFNAI_MA3,-7,80,0.032,0.7786
press_conf,neg_can_per1k,CFNAI_MA3,-6,80,0.06,0.594
press_conf,neg_can_per1k,CFNAI_MA3,-5,80,-0.065,0.5672
press_conf,neg_can_per1k,CFNAI_MA3,-4,80,-0.182,0.1055
press_conf,neg_can_per1k,CFNAI_MA3,-3,80,-0.307,0.0057
press_conf,neg_can_per1k,CFNAI_MA3,-2,80,-0.046,0.6828
press_conf,neg_can_per1k,CFNAI_MA3,-1,80,0.074,0.5154
press_conf,neg_can_per1k,CFNAI_MA3,0,80,0.195,0.0833
press_conf,neg_can_per1k,CFNAI_MA3,1,80,0.127,0.26
press_conf,neg_can_per1k,CFNAI_MA3,2,80,0.106,0.3496
press_conf,neg_can_per1k,CFNAI_MA3,3,80,0.205,0.0676
press_conf,neg_can_per1k,CFNAI_MA3,4,79,0.066,0.5632
press_conf,neg_can_per1k,CFNAI_MA3,5,78,0.053,0.6439
press_conf,neg_can_per1k,CFNAI_MA3,6,78,-0.037,0.7474
press_conf,neg_can_per1k,CFNAI_MA3,7,77,-0.098,0.3965
press_conf,neg_can_per1k,CFNAI_MA3,8,76,-0.031,0.7902
press_conf,neg_can_per1k,CFNAI_MA3,9,76,0.011,0.9246
press_conf,neg_can_per1k,VIX_M,-9,80,-0.041,0.7198
press_conf,neg_can_per1k,VIX_M,-8,80,-0.053,0.6388
press_conf,neg_can_per1k,VIX_M,-7,80,-0.069,0.541
press_conf,neg_can_per1k,VIX_M,-6,80,0.061,0.5889
press_conf,neg_can_per1k,VIX_M,-5,80,0.05,0.6622
press_conf,neg_can_per1k,VIX_M,-4,80,0.305,0.0059
press_conf,neg_can_per1k,VIX_M,-3,80,0.217,0.0533
press_conf,neg_can_per1k,VIX_M,-2,80,0.206,0.0668
press_conf,neg_can_per1k,VIX_M,-1,80,0.221,0.0485
press_conf,neg_can_per1k,VIX_M,0,80,0.105,0.353
press_conf,neg_can_per1k,VIX_M,1,80,0.188,0.0957
press_conf,neg_can_per1k,VIX_M,2,80,0.134,0.2364
press_conf,neg_can_per1k,VIX_M,3,80,0.119,0.2932
press_conf,neg_can_per1k,VIX_M,4,79,0.269,0.0167
press_conf,neg_can_per1k,VIX_M,5,78,0.243,0.0324
press_conf,neg_can_per1k,VIX_M,6,78,0.266,0.0188
press_conf,neg_can_per1k,VIX_M,7,77,0.257,0.0242
press_conf,neg_can_per1k,VIX_M,8,76,0.185,0.109
press_conf,neg_can_per1k,VIX_M,9,76,0.064,0.5839
press_conf,neg_would_per1k,CFNAI_MA3,-9,80,0.024,0.8317
press_conf,neg_would_per1k,CFNAI_MA3,-8,80,0.109,0.3351
press_conf,neg_would_per1k,CFNAI_MA3,-7,80,0.138,0.2238
press_conf,neg_would_per1k,CFNAI_MA3,-6,80,0.056,0.6227
press_conf,neg_would_per1k,CFNAI_MA3,-5,80,0.023,0.8387
press_conf,neg_would_per1k,CFNAI_MA3,-4,80,-0.02,0.8572
press_conf,neg_would_per1k,CFNAI_MA3,-3,80,-0.004,0.9714
press_conf,neg_would_per1k,CFNAI_MA3,-2,80,-0.029,0.8
press_conf,neg_would_per1k,CFNAI_MA3,-1,80,-0.029,0.8002
press_conf,neg_would_per1k,CFNAI_MA3,0,80,0.078,0.4891
press_conf,neg_would_per1k,CFNAI_MA3,1,80,0.152,0.1783
press_conf,neg_would_per1k,CFNAI_MA3,2,80,0.176,0.1176
press_conf,neg_would_per1k,CFNAI_MA3,3,80,0.069,0.5457
press_conf,neg_would_per1k,CFNAI_MA3,4,79,-0.082,0.4727
press_conf,neg_would_per1k,CFNAI_MA3,5,78,-0.07,0.5406
press_conf,neg_would_per1k,CFNAI_MA3,6,78,0.001,0.9922
press_conf,neg_would_per1k,CFNAI_MA3,7,77,0.075,0.516
press_conf,neg_would_per1k,CFNAI_MA3,8,76,0.009,0.9381
press_conf,neg_would_per1k,CFNAI_MA3,9,76,-0.214,0.0632
press_conf,neg_would_per1k,VIX_M,-9,80,0.033,0.7698
press_conf,neg_would_per1k,VIX_M,-8,80,-0.052,0.6487
press_conf,neg_would_per1k,VIX_M,-7,80,-0.01,0.9264
press_conf,neg_would_per1k,VIX_M,-6,80,-0.077,0.4958
press_conf,neg_would_per1k,VIX_M,-5,80,-0.118,0.2956
press_conf,neg_would_per1k,VIX_M,-4,80,-0.084,0.4602
press_conf,neg_would_per1k,VIX_M,-3,80,-0.04,0.7265
press_conf,neg_would_per1k,VIX_M,-2,80,-0.092,0.4176
press_conf,neg_would_per1k,VIX_M,-1,80,-0.1,0.3798
press_conf,neg_would_per1k,VIX_M,0,80,-0.201,0.0743
press_conf,neg_would_per1k,VIX_M,1,80,-0.206,0.0664
press_conf,neg_would_per1k,VIX_M,2,80,-0.231,0.0388
press_conf,neg_would_per1k,VIX_M,3,80,-0.113,0.3179
press_conf,neg_would_per1k,VIX_M,4,79,-0.186,0.1007
press_conf,neg_would_per1k,VIX_M,5,78,-0.148,0.196
press_conf,neg_would_per1k,VIX_M,6,78,-0.232,0.0414
press_conf,neg_would_per1k,VIX_M,7,77,-0.183,0.1121
press_conf,neg_would_per1k,VIX_M,8,76,0.073,0.5297
press_conf,neg_would_per1k,VIX_M,9,76,0.077,0.5083
press_conf,neg_will_per1k,CFNAI_MA3,-9,80,0.04,0.7224
press_conf,neg_will_per1k,CFNAI_MA3,-8,80,0.102,0.3674
press_conf,neg_will_per1k,CFNAI_MA3,-7,80,0.09,0.4252
press_conf,neg_will_per1k,CFNAI_MA3,-6,80,0.032,0.7751
press_conf,neg_will_per1k,CFNAI_MA3,-5,80,-0.151,0.1817
press_conf,neg_will_per1k,CFNAI_MA3,-4,80,-0.159,0.1589
press_conf,neg_will_per1k,CFNAI_MA3,-3,80,-0.119,0.2937
press_conf,neg_will_per1k,CFNAI_MA3,-2,80,-0.044,0.6955
press_conf,neg_will_per1k,CFNAI_MA3,-1,80,-0.104,0.3568
press_conf,neg_will_per1k,CFNAI_MA3,0,80,-0.253,0.0234
press_conf,neg_will_per1k,CFNAI_MA3,1,80,-0.297,0.0074
press_conf,neg_will_per1k,CFNAI_MA3,2,80,-0.281,0.0117
press_conf,neg_will_per1k,CFNAI_MA3,3,80,0.036,0.7485
press_conf,neg_will_per1k,CFNAI_MA3,4,79,0.3,0.0072
press_conf,neg_will_per1k,CFNAI_MA3,5,78,0.306,0.0065
press_conf,neg_will_per1k,CFNAI_MA3,6,78,0.259,0.0223
press_conf,neg_will_per1k,CFNAI_MA3,7,77,0.205,0.0731
press_conf,neg_will_per1k,CFNAI_MA3,8,76,0.212,0.0654
press_conf,neg_will_per1k,CFNAI_MA3,9,76,0.057,0.6234
press_conf,neg_will_per1k,VIX_M,-9,80,0.128,0.2567
press_conf,neg_will_per1k,VIX_M,-8,80,0.093,0.4142
press_conf,neg_will_per1k,VIX_M,-7,80,0.144,0.203
press_conf,neg_will_per1k,VIX_M,-6,80,0.225,0.0445
press_conf,neg_will_per1k,VIX_M,-5,80,0.166,0.1408
press_conf,neg_will_per1k,VIX_M,-4,80,0.174,0.1223
press_conf,neg_will_per1k,VIX_M,-3,80,0.286,0.0102
press_conf,neg_will_per1k,VIX_M,-2,80,0.272,0.0147
press_conf,neg_will_per1k,VIX_M,-1,80,0.394,0.0003
press_conf,neg_will_per1k,VIX_M,0,80,0.54,0.0
press_conf,neg_will_per1k,VIX_M,1,80,0.484,0.0
press_conf,neg_will_per1k,VIX_M,2,80,0.376,0.0006
press_conf,neg_will_per1k,VIX_M,3,80,0.337,0.0022
press_conf,neg_will_per1k,VIX_M,4,79,0.417,0.0001
press_conf,neg_will_per1k,VIX_M,5,78,0.257,0.0231
press_conf,neg_will_per1k,VIX_M,6,78,0.204,0.0726
press_conf,neg_will_per1k,VIX_M,7,77,0.29,0.0104
press_conf,neg_will_per1k,VIX_M,8,76,0.231,0.0444
press_conf,neg_will_per1k,VIX_M,9,76,0.074,0.5225
statement,novel_modal_per1k,CFNAI_MA3,-9,101,0.039,0.6985
statement,novel_modal_per1k,CFNAI_MA3,-8,101,0.037,0.7148
statement,novel_modal_per1k,CFNAI_MA3,-7,101,0.02,0.8438
statement,novel_modal_per1k,CFNAI_MA3,-6,101,-0.072,0.4715
statement,novel_modal_per1k,CFNAI_MA3,-5,101,-0.146,0.1461
statement,novel_modal_per1k,CFNAI_MA3,-4,101,-0.109,0.2793
statement,novel_modal_per1k,CFNAI_MA3,-3,101,-0.068,0.4964
statement,novel_modal_per1k,CFNAI_MA3,-2,101,0.006,0.9502
statement,novel_modal_per1k,CFNAI_MA3,-1,101,0.011,0.9149
statement,novel_modal_per1k,CFNAI_MA3,0,101,-0.112,0.2657
statement,novel_modal_per1k,CFNAI_MA3,1,101,-0.352,0.0003
statement,novel_modal_per1k,CFNAI_MA3,2,101,-0.386,0.0001
statement,novel_modal_per1k,CFNAI_MA3,3,101,-0.193,0.0534
statement,novel_modal_per1k,CFNAI_MA3,4,100,0.221,0.0272
statement,novel_modal_per1k,CFNAI_MA3,5,99,0.224,0.0256
statement,novel_modal_per1k,CFNAI_MA3,6,99,0.098,0.3348
statement,novel_modal_per1k,CFNAI_MA3,7,98,0.015,0.8798
statement,novel_modal_per1k,CFNAI_MA3,8,97,-0.028,0.7836
statement,novel_modal_per1k,CFNAI_MA3,9,97,-0.109,0.2897
statement,novel_modal_per1k,VIX_M,-9,101,-0.103,0.3063
statement,novel_modal_per1k,VIX_M,-8,101,-0.049,0.6275
statement,novel_modal_per1k,VIX_M,-7,101,0.048,0.6305
statement,novel_modal_per1k,VIX_M,-6,101,-0.045,0.6584
statement,novel_modal_per1k,VIX_M,-5,101,-0.119,0.2371
statement,novel_modal_per1k,VIX_M,-4,101,-0.157,0.1164
statement,novel_modal_per1k,VIX_M,-3,101,-0.157,0.117
statement,novel_modal_per1k,VIX_M,-2,101,-0.146,0.145
statement,novel_modal_per1k,VIX_M,-1,101,-0.031,0.7576
statement,novel_modal_per1k,VIX_M,0,101,0.329,0.0008
statement,novel_modal_per1k,VIX_M,1,101,0.245,0.0134
statement,novel_modal_per1k,VIX_M,2,101,0.096,0.3374
statement,novel_modal_per1k,VIX_M,3,101,0.1,0.3186
statement,novel_modal_per1k,VIX_M,4,100,0.012,0.9029
statement,novel_modal_per1k,VIX_M,5,99,0.053,0.6017
statement,novel_modal_per1k,VIX_M,6,99,0.139,0.1705
statement,novel_modal_per1k,VIX_M,7,98,0.168,0.0976
statement,novel_modal_per1k,VIX_M,8,97,0.266,0.0085
statement,novel_modal_per1k,VIX_M,9,97,0.236,0.02
minutes,would+expand,CFNAI_MA3,-9,99,0.025,0.804
minutes,would+expand,CFNAI_MA3,-8,99,0.023,0.8229
minutes,would+expand,CFNAI_MA3,-7,99,0.066,0.5159
minutes,would+expand,CFNAI_MA3,-6,99,0.012,0.9091
minutes,would+expand,CFNAI_MA3,-5,99,0.022,0.8299
minutes,would+expand,CFNAI_MA3,-4,99,-0.007,0.9437
minutes,would+expand,CFNAI_MA3,-3,99,0.063,0.5328
minutes,would+expand,CFNAI_MA3,-2,99,0.046,0.6504
minutes,would+expand,CFNAI_MA3,-1,99,0.047,0.644
minutes,would+expand,CFNAI_MA3,0,99,-0.009,0.9306
minutes,would+expand,CFNAI_MA3,1,99,0.011,0.9107
minutes,would+expand,CFNAI_MA3,2,99,0.051,0.616
minutes,would+expand,CFNAI_MA3,3,99,0.119,0.2425
minutes,would+expand,CFNAI_MA3,4,98,0.084,0.4117
minutes,would+expand,CFNAI_MA3,5,97,0.13,0.2029
minutes,would+expand,CFNAI_MA3,6,97,0.076,0.4589
minutes,would+expand,CFNAI_MA3,7,96,0.064,0.5357
minutes,would+expand,CFNAI_MA3,8,95,0.067,0.5169
minutes,would+expand,CFNAI_MA3,9,95,0.062,0.5486
minutes,would+expand,VIX_M,-9,99,-0.353,0.0003
minutes,would+expand,VIX_M,-8,99,-0.333,0.0008
minutes,would+expand,VIX_M,-7,99,-0.379,0.0001
minutes,would+expand,VIX_M,-6,99,-0.319,0.0013
minutes,would+expand,VIX_M,-5,99,-0.366,0.0002
minutes,would+expand,VIX_M,-4,99,-0.336,0.0007
minutes,would+expand,VIX_M,-3,99,-0.328,0.0009
minutes,would+expand,VIX_M,-2,99,-0.392,0.0001
minutes,would+expand,VIX_M,-1,99,-0.327,0.001
minutes,would+expand,VIX_M,0,99,-0.364,0.0002
minutes,would+expand,VIX_M,1,99,-0.463,0.0
minutes,would+expand,VIX_M,2,99,-0.412,0.0
minutes,would+expand,VIX_M,3,99,-0.383,0.0001
minutes,would+expand,VIX_M,4,98,-0.438,0.0
minutes,would+expand,VIX_M,5,97,-0.352,0.0004
minutes,would+expand,VIX_M,6,97,-0.366,0.0002
minutes,would+expand,VIX_M,7,96,-0.392,0.0001
minutes,would+expand,VIX_M,8,95,-0.379,0.0002
minutes,would+expand,VIX_M,9,95,-0.333,0.001
press_conf,can+do,CFNAI_MA3,-9,80,-0.31,0.0051
press_conf,can+do,CFNAI_MA3,-8,80,-0.271,0.0152
press_conf,can+do,CFNAI_MA3,-7,80,-0.325,0.0033
press_conf,can+do,CFNAI_MA3,-6,80,-0.113,0.3167
press_conf,can+do,CFNAI_MA3,-5,80,-0.04,0.7248
press_conf,can+do,CFNAI_MA3,-4,80,0.084,0.4585
press_conf,can+do,CFNAI_MA3,-3,80,-0.027,0.8107
press_conf,can+do,CFNAI_MA3,-2,80,-0.002,0.9852
press_conf,can+do,CFNAI_MA3,-1,80,-0.073,0.5182
press_conf,can+do,CFNAI_MA3,0,80,-0.282,0.0111
press_conf,can+do,CFNAI_MA3,1,80,-0.321,0.0037
press_conf,can+do,CFNAI_MA3,2,80,-0.254,0.0231
press_conf,can+do,CFNAI_MA3,3,80,0.165,0.1424
press_conf,can+do,CFNAI_MA3,4,79,0.359,0.0012
press_conf,can+do,CFNAI_MA3,5,78,0.311,0.0055
press_conf,can+do,CFNAI_MA3,6,78,0.118,0.3042
press_conf,can+do,CFNAI_MA3,7,77,-0.029,0.8021
press_conf,can+do,CFNAI_MA3,8,76,0.021,0.858
press_conf,can+do,CFNAI_MA3,9,76,0.103,0.3739
press_conf,can+do,VIX_M,-9,80,0.195,0.0826
press_conf,can+do,VIX_M,-8,80,0.304,0.0062
press_conf,can+do,VIX_M,-7,80,0.21,0.0612
press_conf,can+do,VIX_M,-6,80,0.205,0.0684
press_conf,can+do,VIX_M,-5,80,0.141,0.2131
press_conf,can+do,VIX_M,-4,80,0.201,0.0732
press_conf,can+do,VIX_M,-3,80,0.194,0.0844
press_conf,can+do,VIX_M,-2,80,0.339,0.0021
press_conf,can+do,VIX_M,-1,80,0.492,0.0
press_conf,can+do,VIX_M,0,80,0.478,0.0
press_conf,can+do,VIX_M,1,80,0.379,0.0005
press_conf,can+do,VIX_M,2,80,0.272,0.0145
press_conf,can+do,VIX_M,3,80,0.196,0.081
press_conf,can+do,VIX_M,4,79,0.219,0.0526
press_conf,can+do,VIX_M,5,78,0.177,0.1212
press_conf,can+do,VIX_M,6,78,0.268,0.0176
press_conf,can+do,VIX_M,7,77,0.304,0.0072
press_conf,can+do,VIX_M,8,76,0.207,0.0725
press_conf,can+do,VIX_M,9,76,0.122,0.2944
statement,will+expand,CFNAI_MA3,-9,101,0.028,0.7802
statement,will+expand,CFNAI_MA3,-8,101,0.021,0.8318
statement,will+expand,CFNAI_MA3,-7,101,0.067,0.5055
statement,will+expand,CFNAI_MA3,-6,101,0.023,0.8198
statement,will+expand,CFNAI_MA3,-5,101,0.025,0.807
statement,will+expand,CFNAI_MA3,-4,101,-0.016,0.8747
statement,will+expand,CFNAI_MA3,-3,101,0.06,0.5505
statement,will+expand,CFNAI_MA3,-2,101,0.054,0.5951
statement,will+expand,CFNAI_MA3,-1,101,0.084,0.4039
statement,will+expand,CFNAI_MA3,0,101,0.076,0.4511
statement,will+expand,CFNAI_MA3,1,101,0.104,0.3027
statement,will+expand,CFNAI_MA3,2,101,0.114,0.256
statement,will+expand,CFNAI_MA3,3,101,0.097,0.3365
statement,will+expand,CFNAI_MA3,4,100,-0.008,0.9334
statement,will+expand,CFNAI_MA3,5,99,0.027,0.7942
statement,will+expand,CFNAI_MA3,6,99,0.031,0.762
statement,will+expand,CFNAI_MA3,7,98,0.04,0.6942
statement,will+expand,CFNAI_MA3,8,97,0.043,0.6724
statement,will+expand,CFNAI_MA3,9,97,0.037,0.7195
statement,will+expand,VIX_M,-9,101,-0.347,0.0004
statement,will+expand,VIX_M,-8,101,-0.348,0.0004
statement,will+expand,VIX_M,-7,101,-0.422,0.0
statement,will+expand,VIX_M,-6,101,-0.355,0.0003
statement,will+expand,VIX_M,-5,101,-0.412,0.0
statement,will+expand,VIX_M,-4,101,-0.404,0.0
statement,will+expand,VIX_M,-3,101,-0.361,0.0002
statement,will+expand,VIX_M,-2,101,-0.436,0.0
statement,will+expand,VIX_M,-1,101,-0.372,0.0001
statement,will+expand,VIX_M,0,101,-0.352,0.0003
statement,will+expand,VIX_M,1,101,-0.427,0.0
statement,will+expand,VIX_M,2,101,-0.398,0.0
statement,will+expand,VIX_M,3,101,-0.385,0.0001
statement,will+expand,VIX_M,4,100,-0.459,0.0
statement,will+expand,VIX_M,5,99,-0.383,0.0001
statement,will+expand,VIX_M,6,99,-0.394,0.0001
statement,will+expand,VIX_M,7,98,-0.36,0.0003
statement,will+expand,VIX_M,8,97,-0.358,0.0003
statement,will+expand,VIX_M,9,97,-0.347,0.0005
minutes,would+be+appropriate,CFNAI_MA3,-9,99,0.051,0.6186
minutes,would+be+appropriate,CFNAI_MA3,-8,99,0.032,0.7538
minutes,would+be+appropriate,CFNAI_MA3,-7,99,0.025,0.8042
minutes,would+be+appropriate,CFNAI_MA3,-6,99,-0.037,0.7162
minutes,would+be+appropriate,CFNAI_MA3,-5,99,-0.275,0.0059
minutes,would+be+appropriate,CFNAI_MA3,-4,99,-0.219,0.0295
minutes,would+be+appropriate,CFNAI_MA3,-3,99,-0.103,0.3089
minutes,would+be+appropriate,CFNAI_MA3,-2,99,0.157,0.1196
minutes,would+be+appropriate,CFNAI_MA3,-1,99,0.192,0.0569
minutes,would+be+appropriate,CFNAI_MA3,0,99,0.145,0.1514
minutes,would+be+appropriate,CFNAI_MA3,1,99,0.12,0.2364
minutes,would+be+appropriate,CFNAI_MA3,2,99,0.109,0.2851
minutes,would+be+appropriate,CFNAI_MA3,3,99,0.104,0.3078
minutes,would+be+appropriate,CFNAI_MA3,4,98,0.114,0.2618
minutes,would+be+appropriate,CFNAI_MA3,5,97,0.095,0.3527
minutes,would+be+appropriate,CFNAI_MA3,6,97,0.081,0.4326
minutes,would+be+appropriate,CFNAI_MA3,7,96,0.05,0.6278
minutes,would+be+appropriate,CFNAI_MA3,8,95,0.108,0.296
minutes,would+be+appropriate,CFNAI_MA3,9,95,0.057,0.5825
minutes,would+be+appropriate,VIX_M,-9,99,0.06,0.5526
minutes,would+be+appropriate,VIX_M,-8,99,0.065,0.5223
minutes,would+be+appropriate,VIX_M,-7,99,0.102,0.3147
minutes,would+be+appropriate,VIX_M,-6,99,0.39,0.0001
minutes,would+be+appropriate,VIX_M,-5,99,0.342,0.0005
minutes,would+be+appropriate,VIX_M,-4,99,0.337,0.0006
minutes,would+be+appropriate,VIX_M,-3,99,0.354,0.0003
minutes,would+be+appropriate,VIX_M,-2,99,0.395,0.0001
minutes,would+be+appropriate,VIX_M,-1,99,0.247,0.0138
minutes,would+be+appropriate,VIX_M,0,99,0.332,0.0008
minutes,would+be+appropriate,VIX_M,1,99,0.398,0.0
minutes,would+be+appropriate,VIX_M,2,99,0.272,0.0065
minutes,would+be+appropriate,VIX_M,3,99,0.205,0.0418
minutes,would+be+appropriate,VIX_M,4,98,0.355,0.0003
minutes,would+be+appropriate,VIX_M,5,97,0.235,0.0207
minutes,would+be+appropriate,VIX_M,6,97,0.177,0.0823
minutes,would+be+appropriate,VIX_M,7,96,0.155,0.1311
minutes,would+be+appropriate,VIX_M,8,95,0.063,0.5443
minutes,would+be+appropriate,VIX_M,9,95,0.034,0.7434
minutes,would+take,CFNAI_MA3,-9,99,-0.005,0.9586
minutes,would+take,CFNAI_MA3,-8,99,0.007,0.9415
minutes,would+take,CFNAI_MA3,-7,99,0.048,0.6401
minutes,would+take,CFNAI_MA3,-6,99,0.044,0.6644
minutes,would+take,CFNAI_MA3,-5,99,0.012,0.9042
minutes,would+take,CFNAI_MA3,-4,99,-0.04,0.6916
minutes,would+take,CFNAI_MA3,-3,99,-0.111,0.2749
minutes,would+take,CFNAI_MA3,-2,99,-0.178,0.0783
minutes,would+take,CFNAI_MA3,-1,99,-0.206,0.0407
minutes,would+take,CFNAI_MA3,0,99,-0.114,0.2599
minutes,would+take,CFNAI_MA3,1,99,-0.094,0.3533
minutes,would+take,CFNAI_MA3,2,99,-0.091,0.368
minutes,would+take,CFNAI_MA3,3,99,0.03,0.7696
minutes,would+take,CFNAI_MA3,4,98,0.114,0.2637
minutes,would+take,CFNAI_MA3,5,97,0.07,0.4937
minutes,would+take,CFNAI_MA3,6,97,-0.047,0.6502
minutes,would+take,CFNAI_MA3,7,96,-0.067,0.5135
minutes,would+take,CFNAI_MA3,8,95,-0.084,0.4168
minutes,would+take,CFNAI_MA3,9,95,-0.119,0.2513
minutes,would+take,VIX_M,-9,99,0.062,0.5401
minutes,would+take,VIX_M,-8,99,0.032,0.755
minutes,would+take,VIX_M,-7,99,0.138,0.1731
minutes,would+take,VIX_M,-6,99,0.14,0.1666
minutes,would+take,VIX_M,-5,99,0.148,0.1439
minutes,would+take,VIX_M,-4,99,0.208,0.0387
minutes,would+take,VIX_M,-3,99,0.263,0.0084
minutes,would+take,VIX_M,-2,99,0.364,0.0002
minutes,would+take,VIX_M,-1,99,0.339,0.0006
minutes,would+take,VIX_M,0,99,0.332,0.0008
minutes,would+take,VIX_M,1,99,0.289,0.0037
minutes,would+take,VIX_M,2,99,0.24,0.0166
minutes,would+take,VIX_M,3,99,0.242,0.0157
minutes,would+take,VIX_M,4,98,0.293,0.0035
minutes,would+take,VIX_M,5,97,0.221,0.0293
minutes,would+take,VIX_M,6,97,0.181,0.0752
minutes,would+take,VIX_M,7,96,0.185,0.0707
minutes,would+take,VIX_M,8,95,0.245,0.0169
minutes,would+take,VIX_M,9,95,0.232,0.0235
statement,will+continue,CFNAI_MA3,-9,101,-0.049,0.6254
statement,will+continue,CFNAI_MA3,-8,101,-0.086,0.3911
statement,will+continue,CFNAI_MA3,-7,101,-0.115,0.252
statement,will+continue,CFNAI_MA3,-6,101,-0.058,0.5635
statement,will+continue,CFNAI_MA3,-5,101,0.012,0.9038
statement,will+continue,CFNAI_MA3,-4,101,0.035,0.7282
statement,will+continue,CFNAI_MA3,-3,101,-0.047,0.6442
statement,will+continue,CFNAI_MA3,-2,101,-0.066,0.5142
statement,will+continue,CFNAI_MA3,-1,101,-0.102,0.3115
statement,will+continue,CFNAI_MA3,0,101,-0.115,0.254
statement,will+continue,CFNAI_MA3,1,101,-0.013,0.8951
statement,will+continue,CFNAI_MA3,2,101,0.002,0.982
statement,will+continue,CFNAI_MA3,3,101,0.069,0.4907
statement,will+continue,CFNAI_MA3,4,100,0.012,0.9095
statement,will+continue,CFNAI_MA3,5,99,-0.005,0.9603
statement,will+continue,CFNAI_MA3,6,99,0.012,0.9029
statement,will+continue,CFNAI_MA3,7,98,0.019,0.8543
statement,will+continue,CFNAI_MA3,8,97,0.03,0.7718
statement,will+continue,CFNAI_MA3,9,97,0.038,0.7151
statement,will+continue,VIX_M,-9,101,0.426,0.0
statement,will+continue,VIX_M,-8,101,0.415,0.0
statement,will+continue,VIX_M,-7,101,0.41,0.0
statement,will+continue,VIX_M,-6,101,0.299,0.0024
statement,will+continue,VIX_M,-5,101,0.364,0.0002
statement,will+continue,VIX_M,-4,101,0.382,0.0001
statement,will+continue,VIX_M,-3,101,0.358,0.0002
statement,will+continue,VIX_M,-2,101,0.45,0.0
statement,will+continue,VIX_M,-1,101,0.385,0.0001
statement,will+continue,VIX_M,0,101,0.195,0.0503
statement,will+continue,VIX_M,1,101,0.276,0.0053
statement,will+continue,VIX_M,2,101,0.225,0.0239
statement,will+continue,VIX_M,3,101,0.228,0.0219
statement,will+continue,VIX_M,4,100,0.256,0.0102
statement,will+continue,VIX_M,5,99,0.213,0.0339
statement,will+continue,VIX_M,6,99,0.181,0.0731
statement,will+continue,VIX_M,7,98,0.191,0.0597
statement,will+continue,VIX_M,8,97,0.189,0.0636
statement,will+continue,VIX_M,9,97,0.105,0.308
minutes,will+assess,CFNAI_MA3,-9,99,0.001,0.9898
minutes,will+assess,CFNAI_MA3,-8,99,0.001,0.9913
minutes,will+assess,CFNAI_MA3,-7,99,0.079,0.4391
minutes,will+assess,CFNAI_MA3,-6,99,-0.049,0.628
minutes,will+assess,CFNAI_MA3,-5,99,-0.049,0.6292
minutes,will+assess,CFNAI_MA3,-4,99,-0.162,0.1082
minutes,will+assess,CFNAI_MA3,-3,99,-0.177,0.0792
minutes,will+assess,CFNAI_MA3,-2,99,-0.203,0.0443
minutes,will+assess,CFNAI_MA3,-1,99,-0.211,0.0361
minutes,will+assess,CFNAI_MA3,0,99,-0.116,0.2535
minutes,will+assess,CFNAI_MA3,1,99,-0.072,0.4801
minutes,will+assess,CFNAI_MA3,2,99,-0.096,0.3442
minutes,will+assess,CFNAI_MA3,3,99,-0.032,0.7568
minutes,will+assess,CFNAI_MA3,4,98,-0.064,0.5292
minutes,will+assess,CFNAI_MA3,5,97,-0.069,0.5017
minutes,will+assess,CFNAI_MA3,6,97,-0.058,0.5696
minutes,will+assess,CFNAI_MA3,7,96,-0.01,0.9201
minutes,will+assess,CFNAI_MA3,8,95,-0.04,0.7033
minutes,will+assess,CFNAI_MA3,9,95,-0.039,0.7107
minutes,will+assess,VIX_M,-9,99,-0.534,0.0
minutes,will+assess,VIX_M,-8,99,-0.551,0.0
minutes,will+assess,VIX_M,-7,99,-0.608,0.0
minutes,will+assess,VIX_M,-6,99,-0.542,0.0
minutes,will+assess,VIX_M,-5,99,-0.528,0.0
minutes,will+assess,VIX_M,-4,99,-0.433,0.0
minutes,will+assess,VIX_M,-3,99,-0.328,0.0009
minutes,will+assess,VIX_M,-2,99,-0.423,0.0
minutes,will+assess,VIX_M,-1,99,-0.293,0.0032
minutes,will+assess,VIX_M,0,99,-0.284,0.0044
minutes,will+assess,VIX_M,1,99,-0.322,0.0011
minutes,will+assess,VIX_M,2,99,-0.26,0.0093
minutes,will+assess,VIX_M,3,99,-0.15,0.1391
minutes,will+assess,VIX_M,4,98,-0.207,0.0409
minutes,will+assess,VIX_M,5,97,-0.17,0.0952
minutes,will+assess,VIX_M,6,97,-0.132,0.1963
minutes,will+assess,VIX_M,7,96,-0.106,0.3052
minutes,will+assess,VIX_M,8,95,-0.147,0.1555
minutes,will+assess,VIX_M,9,95,-0.048,0.6456
statement,will+warrant,CFNAI_MA3,-9,101,-0.003,0.9747
statement,will+warrant,CFNAI_MA3,-8,101,-0.003,0.9788
statement,will+warrant,CFNAI_MA3,-7,101,0.038,0.7058
statement,will+warrant,CFNAI_MA3,-6,101,0.004,0.965
statement,will+warrant,CFNAI_MA3,-5,101,0.019,0.8501
statement,will+warrant,CFNAI_MA3,-4,101,-0.012,0.9034
statement,will+warrant,CFNAI_MA3,-3,101,0.044,0.6612
statement,will+warrant,CFNAI_MA3,-2,101,0.037,0.7108
statement,will+warrant,CFNAI_MA3,-1,101,0.071,0.4822
statement,will+warrant,CFNAI_MA3,0,101,0.06,0.553
statement,will+warrant,CFNAI_MA3,1,101,0.082,0.4132
statement,will+warrant,CFNAI_MA3,2,101,0.096,0.3393
statement,will+warrant,CFNAI_MA3,3,101,0.092,0.3584
statement,will+warrant,CFNAI_MA3,4,100,0.008,0.9354
statement,will+warrant,CFNAI_MA3,5,99,0.046,0.6485
statement,will+warrant,CFNAI_MA3,6,99,0.048,0.6366
statement,will+warrant,CFNAI_MA3,7,98,0.058,0.5711
statement,will+warrant,CFNAI_MA3,8,97,0.071,0.4876
statement,will+warrant,CFNAI_MA3,9,97,0.06,0.5592
statement,will+warrant,VIX_M,-9,101,-0.257,0.0094
statement,will+warrant,VIX_M,-8,101,-0.266,0.0073
statement,will+warrant,VIX_M,-7,101,-0.304,0.002
statement,will+warrant,VIX_M,-6,101,-0.274,0.0056
statement,will+warrant,VIX_M,-5,101,-0.315,0.0013
statement,will+warrant,VIX_M,-4,101,-0.287,0.0036
statement,will+warrant,VIX_M,-3,101,-0.254,0.0103
statement,will+warrant,VIX_M,-2,101,-0.35,0.0003
statement,will+warrant,VIX_M,-1,101,-0.299,0.0024
statement,will+warrant,VIX_M,0,101,-0.294,0.0028
statement,will+warrant,VIX_M,1,101,-0.314,0.0014
statement,will+warrant,VIX_M,2,101,-0.323,0.001
statement,will+warrant,VIX_M,3,101,-0.347,0.0004
statement,will+warrant,VIX_M,4,100,-0.434,0.0
statement,will+warrant,VIX_M,5,99,-0.355,0.0003
statement,will+warrant,VIX_M,6,99,-0.376,0.0001
statement,will+warrant,VIX_M,7,98,-0.361,0.0003
statement,will+warrant,VIX_M,8,97,-0.363,0.0003
statement,will+warrant,VIX_M,9,97,-0.321,0.0014
statement,will+evolve,CFNAI_MA3,-9,101,-0.005,0.9608
statement,will+evolve,CFNAI_MA3,-8,101,-0.001,0.9891
statement,will+evolve,CFNAI_MA3,-7,101,0.038,0.7036
statement,will+evolve,CFNAI_MA3,-6,101,0.002,0.9813
statement,will+evolve,CFNAI_MA3,-5,101,0.014,0.8893
statement,will+evolve,CFNAI_MA3,-4,101,-0.016,0.8746
statement,will+evolve,CFNAI_MA3,-3,101,0.041,0.6809
statement,will+evolve,CFNAI_MA3,-2,101,0.034,0.7367
statement,will+evolve,CFNAI_MA3,-1,101,0.068,0.4971
statement,will+evolve,CFNAI_MA3,0,101,0.058,0.5644
statement,will+evolve,CFNAI_MA3,1,101,0.081,0.42
statement,will+evolve,CFNAI_MA3,2,101,0.093,0.3571
statement,will+evolve,CFNAI_MA3,3,101,0.089,0.3744
statement,will+evolve,CFNAI_MA3,4,100,0.008,0.9347
statement,will+evolve,CFNAI_MA3,5,99,0.05,0.624
statement,will+evolve,CFNAI_MA3,6,99,0.051,0.6161
statement,will+evolve,CFNAI_MA3,7,98,0.059,0.5621
statement,will+evolve,CFNAI_MA3,8,97,0.072,0.4811
statement,will+evolve,CFNAI_MA3,9,97,0.062,0.5482
statement,will+evolve,VIX_M,-9,101,-0.25,0.0118
statement,will+evolve,VIX_M,-8,101,-0.259,0.009
statement,will+evolve,VIX_M,-7,101,-0.299,0.0024
statement,will+evolve,VIX_M,-6,101,-0.268,0.0067
statement,will+evolve,VIX_M,-5,101,-0.307,0.0018
statement,will+evolve,VIX_M,-4,101,-0.277,0.0051
statement,will+evolve,VIX_M,-3,101,-0.241,0.015
statement,will+evolve,VIX_M,-2,101,-0.337,0.0006
statement,will+evolve,VIX_M,-1,101,-0.29,0.0033
statement,will+evolve,VIX_M,0,101,-0.287,0.0036
statement,will+evolve,VIX_M,1,101,-0.314,0.0014
statement,will+evolve,VIX_M,2,101,-0.314,0.0014
statement,will+evolve,VIX_M,3,101,-0.344,0.0004
statement,will+evolve,VIX_M,4,100,-0.437,0.0
statement,will+evolve,VIX_M,5,99,-0.351,0.0004
statement,will+evolve,VIX_M,6,99,-0.37,0.0002
statement,will+evolve,VIX_M,7,98,-0.35,0.0004
statement,will+evolve,VIX_M,8,97,-0.352,0.0004
statement,will+evolve,VIX_M,9,97,-0.312,0.0019
minutes,would+be+important,CFNAI_MA3,-9,99,-0.016,0.8746
minutes,would+be+important,CFNAI_MA3,-8,99,-0.027,0.7873
minutes,would+be+important,CFNAI_MA3,-7,99,-0.027,0.7907
minutes,would+be+important,CFNAI_MA3,-6,99,0.036,0.7234
minutes,would+be+important,CFNAI_MA3,-5,99,0.04,0.6921
minutes,would+be+important,CFNAI_MA3,-4,99,-0.005,0.9612
minutes,would+be+important,CFNAI_MA3,-3,99,-0.257,0.0103
minutes,would+be+important,CFNAI_MA3,-2,99,-0.312,0.0017
minutes,would+be+important,CFNAI_MA3,-1,99,-0.258,0.01
minutes,would+be+important,CFNAI_MA3,0,99,-0.041,0.6849
minutes,would+be+important,CFNAI_MA3,1,99,-0.038,0.707
minutes,would+be+important,CFNAI_MA3,2,99,-0.045,0.6614
minutes,would+be+important,CFNAI_MA3,3,99,0.095,0.3492
minutes,would+be+important,CFNAI_MA3,4,98,0.193,0.0571
minutes,would+be+important,CFNAI_MA3,5,97,0.199,0.0513
minutes,would+be+important,CFNAI_MA3,6,97,0.084,0.4112
minutes,would+be+important,CFNAI_MA3,7,96,-0.033,0.7492
minutes,would+be+important,CFNAI_MA3,8,95,-0.016,0.8758
minutes,would+be+important,CFNAI_MA3,9,95,0.029,0.7795
minutes,would+be+important,VIX_M,-9,99,-0.043,0.6753
minutes,would+be+important,VIX_M,-8,99,0.035,0.7299
minutes,would+be+important,VIX_M,-7,99,0.088,0.3876
minutes,would+be+important,VIX_M,-6,99,-0.014,0.8944
minutes,would+be+important,VIX_M,-5,99,-0.064,0.531
minutes,would+be+important,VIX_M,-4,99,0.187,0.0639
minutes,would+be+important,VIX_M,-3,99,0.216,0.0315
minutes,would+be+important,VIX_M,-2,99,0.091,0.3713
minutes,would+be+important,VIX_M,-1,99,0.247,0.0137
minutes,would+be+important,VIX_M,0,99,0.232,0.0206
minutes,would+be+important,VIX_M,1,99,0.184,0.0676
minutes,would+be+important,VIX_M,2,99,0.236,0.0185
minutes,would+be+important,VIX_M,3,99,0.108,0.2865
minutes,would+be+important,VIX_M,4,98,0.159,0.1179
minutes,would+be+important,VIX_M,5,97,0.176,0.0848
minutes,would+be+important,VIX_M,6,97,0.167,0.1027
minutes,would+be+important,VIX_M,7,96,0.211,0.0393
minutes,would+be+important,VIX_M,8,95,0.034,0.7447
minutes,would+be+important,VIX_M,9,95,0.22,0.0325
minutes,could+impede,CFNAI_MA3,-9,99,-0.029,0.7749
minutes,could+impede,CFNAI_MA3,-8,99,-0.027,0.7905
minutes,could+impede,CFNAI_MA3,-7,99,-0.058,0.5698
minutes,could+impede,CFNAI_MA3,-6,99,0.0,0.9968
minutes,could+impede,CFNAI_MA3,-5,99,-0.035,0.7307
minutes,could+impede,CFNAI_MA3,-4,99,0.017,0.8644
minutes,could+impede,CFNAI_MA3,-3,99,0.11,0.2804
minutes,could+impede,CFNAI_MA3,-2,99,0.2,0.0466
minutes,could+impede,CFNAI_MA3,-1,99,0.206,0.0404
minutes,could+impede,CFNAI_MA3,0,99,0.086,0.3981
minutes,could+impede,CFNAI_MA3,1,99,0.007,0.945
minutes,could+impede,CFNAI_MA3,2,99,0.017,0.8669
minutes,could+impede,CFNAI_MA3,3,99,0.031,0.7584
minutes,could+impede,CFNAI_MA3,4,98,0.078,0.4425
minutes,could+impede,CFNAI_MA3,5,97,0.077,0.4549
minutes,could+impede,CFNAI_MA3,6,97,0.045,0.6648
minutes,could+impede,CFNAI_MA3,7,96,0.03,0.7722
minutes,could+impede,CFNAI_MA3,8,95,0.058,0.574
minutes,could+impede,CFNAI_MA3,9,95,0.027,0.7953
minutes,could+impede,VIX_M,-9,99,0.439,0.0
minutes,could+impede,VIX_M,-8,99,0.431,0.0
minutes,could+impede,VIX_M,-7,99,0.43,0.0
minutes,could+impede,VIX_M,-6,99,0.406,0.0
minutes,could+impede,VIX_M,-5,99,0.469,0.0
minutes,could+impede,VIX_M,-4,99,0.305,0.0021
minutes,could+impede,VIX_M,-3,99,0.254,0.0111
minutes,could+impede,VIX_M,-2,99,0.363,0.0002
minutes,could+impede,VIX_M,-1,99,0.219,0.0292
minutes,could+impede,VIX_M,0,99,0.218,0.0302
minutes,could+impede,VIX_M,1,99,0.327,0.0009
minutes,could+impede,VIX_M,2,99,0.178,0.0776
minutes,could+impede,VIX_M,3,99,0.125,0.217
minutes,could+impede,VIX_M,4,98,0.233,0.0209
minutes,could+impede,VIX_M,5,97,0.15,0.1434
minutes,could+impede,VIX_M,6,97,0.077,0.4543
minutes,could+impede,VIX_M,7,96,0.139,0.1783
minutes,could+impede,VIX_M,8,95,0.102,0.3244
minutes,could+impede,VIX_M,9,95,0.06,0.5653
press_conf,will+need,CFNAI_MA3,-9,80,0.035,0.7605
press_conf,will+need,CFNAI_MA3,-8,80,0.064,0.5734
press_conf,will+need,CFNAI_MA3,-7,80,0.041,0.7174
press_conf,will+need,CFNAI_MA3,-6,80,0.142,0.2076
press_conf,will+need,CFNAI_MA3,-5,80,0.121,0.2869
press_conf,will+need,CFNAI_MA3,-4,80,0.067,0.5557
press_conf,will+need,CFNAI_MA3,-3,80,-0.144,0.2012
press_conf,will+need,CFNAI_MA3,-2,80,-0.287,0.01
press_conf,will+need,CFNAI_MA3,-1,80,-0.248,0.0265
press_conf,will+need,CFNAI_MA3,0,80,-0.068,0.5462
press_conf,will+need,CFNAI_MA3,1,80,0.062,0.5834
press_conf,will+need,CFNAI_MA3,2,80,0.028,0.8036
press_conf,will+need,CFNAI_MA3,3,80,-0.051,0.6529
press_conf,will+need,CFNAI_MA3,4,79,0.01,0.9333
press_conf,will+need,CFNAI_MA3,5,78,0.049,0.6685
press_conf,will+need,CFNAI_MA3,6,78,0.207,0.0692
press_conf,will+need,CFNAI_MA3,7,77,-0.011,0.9254
press_conf,will+need,CFNAI_MA3,8,76,-0.051,0.6632
press_conf,will+need,CFNAI_MA3,9,76,0.034,0.7684
press_conf,will+need,VIX_M,-9,80,-0.004,0.9743
press_conf,will+need,VIX_M,-8,80,0.047,0.6816
press_conf,will+need,VIX_M,-7,80,0.162,0.1503
press_conf,will+need,VIX_M,-6,80,0.047,0.677
press_conf,will+need,VIX_M,-5,80,0.071,0.5303
press_conf,will+need,VIX_M,-4,80,0.319,0.004
press_conf,will+need,VIX_M,-3,80,0.412,0.0001
press_conf,will+need,VIX_M,-2,80,0.369,0.0008
press_conf,will+need,VIX_M,-1,80,0.334,0.0025
press_conf,will+need,VIX_M,0,80,0.253,0.0238
press_conf,will+need,VIX_M,1,80,0.365,0.0009
press_conf,will+need,VIX_M,2,80,0.384,0.0004
press_conf,will+need,VIX_M,3,80,0.218,0.0515
press_conf,will+need,VIX_M,4,79,0.234,0.0379
press_conf,will+need,VIX_M,5,78,0.159,0.1651
press_conf,will+need,VIX_M,6,78,0.233,0.0402
press_conf,will+need,VIX_M,7,77,0.173,0.1319
press_conf,will+need,VIX_M,8,76,0.083,0.4761
press_conf,will+need,VIX_M,9,76,-0.014,0.9026
minutes,would+help,CFNAI_MA3,-9,99,-0.067,0.5126
minutes,would+help,CFNAI_MA3,-8,99,0.008,0.9385
minutes,would+help,CFNAI_MA3,-7,99,0.011,0.9173
minutes,would+help,CFNAI_MA3,-6,99,0.042,0.6763
minutes,would+help,CFNAI_MA3,-5,99,0.093,0.3608
minutes,would+help,CFNAI_MA3,-4,99,0.064,0.5268
minutes,would+help,CFNAI_MA3,-3,99,-0.058,0.5654
minutes,would+help,CFNAI_MA3,-2,99,-0.094,0.3555
minutes,would+help,CFNAI_MA3,-1,99,-0.109,0.2837
minutes,would+help,CFNAI_MA3,0,99,0.022,0.8262
minutes,would+help,CFNAI_MA3,1,99,-0.001,0.9937
minutes,would+help,CFNAI_MA3,2,99,-0.004,0.9672
minutes,would+help,CFNAI_MA3,3,99,-0.077,0.4506
minutes,would+help,CFNAI_MA3,4,98,0.065,0.5267
minutes,would+help,CFNAI_MA3,5,97,0.09,0.3794
minutes,would+help,CFNAI_MA3,6,97,0.023,0.824
minutes,would+help,CFNAI_MA3,7,96,-0.232,0.0229
minutes,would+help,CFNAI_MA3,8,95,-0.265,0.0094
minutes,would+help,CFNAI_MA3,9,95,0.017,0.8734
minutes,would+help,VIX_M,-9,99,0.314,0.0015
minutes,would+help,VIX_M,-8,99,0.295,0.003
minutes,would+help,VIX_M,-7,99,0.301,0.0025
minutes,would+help,VIX_M,-6,99,0.27,0.0069
minutes,would+help,VIX_M,-5,99,0.287,0.004
minutes,would+help,VIX_M,-4,99,0.33,0.0009
minutes,would+help,VIX_M,-3,99,0.241,0.0162
minutes,would+help,VIX_M,-2,99,0.273,0.0062
minutes,would+help,VIX_M,-1,99,0.269,0.0071
minutes,would+help,VIX_M,0,99,0.245,0.0144
minutes,would+help,VIX_M,1,99,0.259,0.0098
minutes,would+help,VIX_M,2,99,0.218,0.0302
minutes,would+help,VIX_M,3,99,0.152,0.1342
minutes,would+help,VIX_M,4,98,0.206,0.0414
minutes,would+help,VIX_M,5,97,0.23,0.0235
minutes,would+help,VIX_M,6,97,0.44,0.0
minutes,would+help,VIX_M,7,96,0.355,0.0004
minutes,would+help,VIX_M,8,95,0.178,0.0848
minutes,would+help,VIX_M,9,95,0.109,0.2944
minutes,will+continue,CFNAI_MA3,-9,99,-0.03,0.7674
minutes,will+continue,CFNAI_MA3,-8,99,-0.098,0.3351
minutes,will+continue,CFNAI_MA3,-7,99,-0.159,0.1161
minutes,will+continue,CFNAI_MA3,-6,99,-0.149,0.14
minutes,will+continue,CFNAI_MA3,-5,99,-0.031,0.7581
minutes,will+continue,CFNAI_MA3,-4,99,0.044,0.6687
minutes,will+continue,CFNAI_MA3,-3,99,-0.017,0.8655
minutes,will+continue,CFNAI_MA3,-2,99,-0.023,0.8185
minutes,will+continue,CFNAI_MA3,-1,99,-0.072,0.4806
minutes,will+continue,CFNAI_MA3,0,99,-0.164,0.1042
minutes,will+continue,CFNAI_MA3,1,99,-0.19,0.0601
minutes,will+continue,CFNAI_MA3,2,99,-0.198,0.0491
minutes,will+continue,CFNAI_MA3,3,99,-0.032,0.7559
minutes,will+continue,CFNAI_MA3,4,98,-0.042,0.6779
minutes,will+continue,CFNAI_MA3,5,97,-0.093,0.3628
minutes,will+continue,CFNAI_MA3,6,97,-0.16,0.1181
minutes,will+continue,CFNAI_MA3,7,96,-0.045,0.6643
minutes,will+continue,CFNAI_MA3,8,95,-0.004,0.9705
minutes,will+continue,CFNAI_MA3,9,95,0.103,0.3227
minutes,will+continue,VIX_M,-9,99,0.382,0.0001
minutes,will+continue,VIX_M,-8,99,0.371,0.0002
minutes,will+continue,VIX_M,-7,99,0.373,0.0001
minutes,will+continue,VIX_M,-6,99,0.22,0.0284
minutes,will+continue,VIX_M,-5,99,0.263,0.0086
minutes,will+continue,VIX_M,-4,99,0.269,0.0071
minutes,will+continue,VIX_M,-3,99,0.208,0.0387
minutes,will+continue,VIX_M,-2,99,0.328,0.0009
minutes,will+continue,VIX_M,-1,99,0.294,0.0031
minutes,will+continue,VIX_M,0,99,0.275,0.0059
minutes,will+continue,VIX_M,1,99,0.279,0.0052
minutes,will+continue,VIX_M,2,99,0.203,0.044
minutes,will+continue,VIX_M,3,99,0.297,0.0028
minutes,will+continue,VIX_M,4,98,0.314,0.0017
minutes,will+continue,VIX_M,5,97,0.344,0.0005
minutes,will+continue,VIX_M,6,97,0.339,0.0007
minutes,will+continue,VIX_M,7,96,0.322,0.0014
minutes,will+continue,VIX_M,8,95,0.314,0.002
minutes,will+continue,VIX_M,9,95,0.178,0.0843
press_conf,will+go,CFNAI_MA3,-9,80,0.256,0.0221
press_conf,will+go,CFNAI_MA3,-8,80,0.2,0.0755
press_conf,will+go,CFNAI_MA3,-7,80,0.146,0.1958
press_conf,will+go,CFNAI_MA3,-6,80,0.185,0.1005
press_conf,will+go,CFNAI_MA3,-5,80,0.086,0.4501
press_conf,will+go,CFNAI_MA3,-4,80,0.097,0.391
press_conf,will+go,CFNAI_MA3,-3,80,0.037,0.7429
press_conf,will+go,CFNAI_MA3,-2,80,-0.01,0.9277
press_conf,will+go,CFNAI_MA3,-1,80,0.001,0.9942
press_conf,will+go,CFNAI_MA3,0,80,-0.159,0.1583
press_conf,will+go,CFNAI_MA3,1,80,-0.175,0.1207
press_conf,will+go,CFNAI_MA3,2,80,-0.142,0.2103
press_conf,will+go,CFNAI_MA3,3,80,0.112,0.3207
press_conf,will+go,CFNAI_MA3,4,79,0.259,0.0212
press_conf,will+go,CFNAI_MA3,5,78,0.29,0.0101
press_conf,will+go,CFNAI_MA3,6,78,0.238,0.0356
press_conf,will+go,CFNAI_MA3,7,77,0.172,0.1342
press_conf,will+go,CFNAI_MA3,8,76,0.175,0.1295
press_conf,will+go,CFNAI_MA3,9,76,0.088,0.4479
press_conf,will+go,VIX_M,-9,80,0.143,0.206
press_conf,will+go,VIX_M,-8,80,0.149,0.1857
press_conf,will+go,VIX_M,-7,80,0.188,0.0953
press_conf,will+go,VIX_M,-6,80,0.124,0.2726
press_conf,will+go,VIX_M,-5,80,0.106,0.3492
press_conf,will+go,VIX_M,-4,80,0.115,0.311
press_conf,will+go,VIX_M,-3,80,0.09,0.4282
press_conf,will+go,VIX_M,-2,80,0.074,0.5164
press_conf,will+go,VIX_M,-1,80,0.226,0.0439
press_conf,will+go,VIX_M,0,80,0.328,0.003
press_conf,will+go,VIX_M,1,80,0.311,0.005
press_conf,will+go,VIX_M,2,80,0.286,0.01
press_conf,will+go,VIX_M,3,80,0.26,0.02
press_conf,will+go,VIX_M,4,79,0.316,0.0046
press_conf,will+go,VIX_M,5,78,0.238,0.0361
press_conf,will+go,VIX_M,6,78,0.271,0.0164
press_conf,will+go,VIX_M,7,77,0.374,0.0008
press_conf,will+go,VIX_M,8,76,0.323,0.0045
press_conf,will+go,VIX_M,9,76,0.248,0.031
minutes,would+continue,CFNAI_MA3,-9,99,0.037,0.7133
minutes,would+continue,CFNAI_MA3,-8,99,-0.031,0.7596
minutes,would+continue,CFNAI_MA3,-7,99,-0.144,0.1553
minutes,would+continue,CFNAI_MA3,-6,99,-0.128,0.2069
minutes,would+continue,CFNAI_MA3,-5,99,-0.083,0.416
minutes,would+continue,CFNAI_MA3,-4,99,0.035,0.7278
minutes,would+continue,CFNAI_MA3,-3,99,-0.011,0.9167
minutes,would+continue,CFNAI_MA3,-2,99,0.008,0.9337
minutes,would+continue,CFNAI_MA3,-1,99,-0.025,0.8053
minutes,would+continue,CFNAI_MA3,0,99,-0.131,0.1946
minutes,would+continue,CFNAI_MA3,1,99,-0.003,0.9798
minutes,would+continue,CFNAI_MA3,2,99,0.056,0.5816
minutes,would+continue,CFNAI_MA3,3,99,0.215,0.0327
minutes,would+continue,CFNAI_MA3,4,98,0.174,0.0868
minutes,would+continue,CFNAI_MA3,5,97,0.183,0.0728
minutes,would+continue,CFNAI_MA3,6,97,0.104,0.3109
minutes,would+continue,CFNAI_MA3,7,96,0.038,0.7118
minutes,would+continue,CFNAI_MA3,8,95,0.075,0.4722
minutes,would+continue,CFNAI_MA3,9,95,0.043,0.676
minutes,would+continue,VIX_M,-9,99,0.345,0.0005
minutes,would+continue,VIX_M,-8,99,0.403,0.0
minutes,would+continue,VIX_M,-7,99,0.418,0.0
minutes,would+continue,VIX_M,-6,99,0.43,0.0
minutes,would+continue,VIX_M,-5,99,0.344,0.0005
minutes,would+continue,VIX_M,-4,99,0.329,0.0009
minutes,would+continue,VIX_M,-3,99,0.322,0.0011
minutes,would+continue,VIX_M,-2,99,0.385,0.0001
minutes,would+continue,VIX_M,-1,99,0.341,0.0006
minutes,would+continue,VIX_M,0,99,0.212,0.035
minutes,would+continue,VIX_M,1,99,0.231,0.0217
minutes,would+continue,VIX_M,2,99,0.153,0.1311
minutes,would+continue,VIX_M,3,99,0.117,0.2491
minutes,would+continue,VIX_M,4,98,0.06,0.554
minutes,would+continue,VIX_M,5,97,0.106,0.303
minutes,would+continue,VIX_M,6,97,0.107,0.2957
minutes,would+continue,VIX_M,7,96,0.068,0.5109
minutes,would+continue,VIX_M,8,95,0.18,0.081
minutes,would+continue,VIX_M,9,95,0.091,0.3805
press_conf,will+see,CFNAI_MA3,-9,80,-0.015,0.8946
press_conf,will+see,CFNAI_MA3,-8,80,0.099,0.3843
press_conf,will+see,CFNAI_MA3,-7,80,0.114,0.3139
press_conf,will+see,CFNAI_MA3,-6,80,0.136,0.2303
press_conf,will+see,CFNAI_MA3,-5,80,0.127,0.2598
press_conf,will+see,CFNAI_MA3,-4,80,0.019,0.8665
press_conf,will+see,CFNAI_MA3,-3,80,0.018,0.8741
press_conf,will+see,CFNAI_MA3,-2,80,-0.014,0.9013
press_conf,will+see,CFNAI_MA3,-1,80,0.013,0.9066
press_conf,will+see,CFNAI_MA3,0,80,-0.056,0.6209
press_conf,will+see,CFNAI_MA3,1,80,-0.131,0.2468
press_conf,will+see,CFNAI_MA3,2,80,-0.12,0.289
press_conf,will+see,CFNAI_MA3,3,80,0.023,0.841
press_conf,will+see,CFNAI_MA3,4,79,0.135,0.2367
press_conf,will+see,CFNAI_MA3,5,78,0.166,0.1455
press_conf,will+see,CFNAI_MA3,6,78,0.139,0.2234
press_conf,will+see,CFNAI_MA3,7,77,0.144,0.2129
press_conf,will+see,CFNAI_MA3,8,76,0.091,0.4339
press_conf,will+see,CFNAI_MA3,9,76,-0.129,0.2682
press_conf,will+see,VIX_M,-9,80,0.257,0.0213
press_conf,will+see,VIX_M,-8,80,0.306,0.0058
press_conf,will+see,VIX_M,-7,80,0.343,0.0019
press_conf,will+see,VIX_M,-6,80,0.132,0.2438
press_conf,will+see,VIX_M,-5,80,0.188,0.0957
press_conf,will+see,VIX_M,-4,80,0.187,0.0963
press_conf,will+see,VIX_M,-3,80,0.119,0.2944
press_conf,will+see,VIX_M,-2,80,0.224,0.0461
press_conf,will+see,VIX_M,-1,80,0.202,0.073
press_conf,will+see,VIX_M,0,80,0.191,0.0892
press_conf,will+see,VIX_M,1,80,0.153,0.1752
press_conf,will+see,VIX_M,2,80,0.04,0.7245
press_conf,will+see,VIX_M,3,80,0.038,0.7392
press_conf,will+see,VIX_M,4,79,-0.003,0.9819
press_conf,will+see,VIX_M,5,78,-0.096,0.4038
press_conf,will+see,VIX_M,6,78,-0.042,0.7121
press_conf,will+see,VIX_M,7,77,0.022,0.8474
press_conf,will+see,VIX_M,8,76,0.169,0.1449
press_conf,will+see,VIX_M,9,76,0.062,0.5967
press_conf,will+take,CFNAI_MA3,-9,80,0.067,0.5535
press_conf,will+take,CFNAI_MA3,-8,80,-0.026,0.8184
press_conf,will+take,CFNAI_MA3,-7,80,-0.094,0.4084
press_conf,will+take,CFNAI_MA3,-6,80,-0.116,0.3041
press_conf,will+take,CFNAI_MA3,-5,80,0.001,0.9952
press_conf,will+take,CFNAI_MA3,-4,80,0.082,0.4678
press_conf,will+take,CFNAI_MA3,-3,80,0.016,0.8866
press_conf,will+take,CFNAI_MA3,-2,80,0.025,0.8287
press_conf,will+take,CFNAI_MA3,-1,80,-0.011,0.9197
press_conf,will+take,CFNAI_MA3,0,80,-0.036,0.7489
press_conf,will+take,CFNAI_MA3,1,80,0.001,0.9905
press_conf,will+take,CFNAI_MA3,2,80,0.002,0.9881
press_conf,will+take,CFNAI_MA3,3,80,-0.034,0.767
press_conf,will+take,CFNAI_MA3,4,79,-0.266,0.0178
press_conf,will+take,CFNAI_MA3,5,78,-0.298,0.0081
press_conf,will+take,CFNAI_MA3,6,78,-0.038,0.7433
press_conf,will+take,CFNAI_MA3,7,77,0.249,0.0289
press_conf,will+take,CFNAI_MA3,8,76,0.264,0.0213
press_conf,will+take,CFNAI_MA3,9,76,0.1,0.3899
press_conf,will+take,VIX_M,-9,80,0.222,0.0474
press_conf,will+take,VIX_M,-8,80,0.296,0.0078
press_conf,will+take,VIX_M,-7,80,0.386,0.0004
press_conf,will+take,VIX_M,-6,80,0.242,0.0302
press_conf,will+take,VIX_M,-5,80,0.223,0.0464
press_conf,will+take,VIX_M,-4,80,0.29,0.009
press_conf,will+take,VIX_M,-3,80,0.195,0.0837
press_conf,will+take,VIX_M,-2,80,0.277,0.013
press_conf,will+take,VIX_M,-1,80,0.23,0.0404
press_conf,will+take,VIX_M,0,80,0.055,0.6272
press_conf,will+take,VIX_M,1,80,0.032,0.7787
press_conf,will+take,VIX_M,2,80,0.089,0.433
press_conf,will+take,VIX_M,3,80,0.336,0.0023
press_conf,will+take,VIX_M,4,79,0.318,0.0043
press_conf,will+take,VIX_M,5,78,0.138,0.2284
press_conf,will+take,VIX_M,6,78,-0.016,0.8884
press_conf,will+take,VIX_M,7,77,-0.068,0.5576
press_conf,will+take,VIX_M,8,76,-0.017,0.8817
press_conf,will+take,VIX_M,9,76,-0.014,0.9016
press_conf,would+like,CFNAI_MA3,-9,80,0.077,0.4973
press_conf,would+like,CFNAI_MA3,-8,80,0.25,0.025
press_conf,would+like,CFNAI_MA3,-7,80,0.238,0.0334
press_conf,would+like,CFNAI_MA3,-6,80,0.143,0.2072
press_conf,would+like,CFNAI_MA3,-5,80,-0.05,0.6574
press_conf,would+like,CFNAI_MA3,-4,80,-0.07,0.5395
press_conf,would+like,CFNAI_MA3,-3,80,0.094,0.4076
press_conf,would+like,CFNAI_MA3,-2,80,0.168,0.137
press_conf,would+like,CFNAI_MA3,-1,80,0.155,0.1686
press_conf,would+like,CFNAI_MA3,0,80,0.037,0.7476
press_conf,would+like,CFNAI_MA3,1,80,-0.013,0.9113
press_conf,would+like,CFNAI_MA3,2,80,0.008,0.9409
press_conf,would+like,CFNAI_MA3,3,80,-0.039,0.7317
press_conf,would+like,CFNAI_MA3,4,79,-0.025,0.8246
press_conf,would+like,CFNAI_MA3,5,78,-0.016,0.892
press_conf,would+like,CFNAI_MA3,6,78,0.054,0.6357
press_conf,would+like,CFNAI_MA3,7,77,0.111,0.3386
press_conf,would+like,CFNAI_MA3,8,76,0.138,0.2346
press_conf,would+like,CFNAI_MA3,9,76,0.032,0.7806
press_conf,would+like,VIX_M,-9,80,-0.211,0.0597
press_conf,would+like,VIX_M,-8,80,-0.169,0.1328
press_conf,would+like,VIX_M,-7,80,-0.178,0.1152
press_conf,would+like,VIX_M,-6,80,0.013,0.911
press_conf,would+like,VIX_M,-5,80,-0.045,0.6909
press_conf,would+like,VIX_M,-4,80,-0.163,0.1483
press_conf,would+like,VIX_M,-3,80,-0.126,0.2636
press_conf,would+like,VIX_M,-2,80,-0.236,0.035
press_conf,would+like,VIX_M,-1,80,-0.185,0.1
press_conf,would+like,VIX_M,0,80,-0.062,0.5851
press_conf,would+like,VIX_M,1,80,-0.109,0.3363
press_conf,would+like,VIX_M,2,80,-0.036,0.7537
press_conf,would+like,VIX_M,3,80,-0.068,0.5477
press_conf,would+like,VIX_M,4,79,-0.048,0.6736
press_conf,would+like,VIX_M,5,78,-0.123,0.2835
press_conf,would+like,VIX_M,6,78,-0.119,0.2988
press_conf,would+like,VIX_M,7,77,-0.154,0.1809
press_conf,would+like,VIX_M,8,76,-0.15,0.1954
press_conf,would+like,VIX_M,9,76,0.078,0.5044
press_conf,would+say,CFNAI_MA3,-9,80,0.13,0.2487
press_conf,would+say,CFNAI_MA3,-8,80,0.077,0.4992
press_conf,would+say,CFNAI_MA3,-7,80,0.049,0.6673
press_conf,would+say,CFNAI_MA3,-6,80,-0.077,0.4998
press_conf,would+say,CFNAI_MA3,-5,80,-0.182,0.1063
press_conf,would+say,CFNAI_MA3,-4,80,-0.181,0.1074
press_conf,would+say,CFNAI_MA3,-3,80,-0.079,0.4836
press_conf,would+say,CFNAI_MA3,-2,80,-0.024,0.8338
press_conf,would+say,CFNAI_MA3,-1,80,-0.058,0.6102
press_conf,would+say,CFNAI_MA3,0,80,-0.121,0.2841
press_conf,would+say,CFNAI_MA3,1,80,-0.041,0.717
press_conf,would+say,CFNAI_MA3,2,80,-0.038,0.7402
press_conf,would+say,CFNAI_MA3,3,80,0.053,0.6378
press_conf,would+say,CFNAI_MA3,4,79,0.118,0.2999
press_conf,would+say,CFNAI_MA3,5,78,0.098,0.391
press_conf,would+say,CFNAI_MA3,6,78,0.016,0.8878
press_conf,would+say,CFNAI_MA3,7,77,-0.056,0.6307
press_conf,would+say,CFNAI_MA3,8,76,-0.047,0.6891
press_conf,would+say,CFNAI_MA3,9,76,0.04,0.7283
press_conf,would+say,VIX_M,-9,80,0.116,0.3039
press_conf,would+say,VIX_M,-8,80,0.086,0.4493
press_conf,would+say,VIX_M,-7,80,0.141,0.2119
press_conf,would+say,VIX_M,-6,80,0.283,0.0109
press_conf,would+say,VIX_M,-5,80,0.252,0.024
press_conf,would+say,VIX_M,-4,80,0.132,0.2414
press_conf,would+say,VIX_M,-3,80,0.195,0.0827
press_conf,would+say,VIX_M,-2,80,0.21,0.0615
press_conf,would+say,VIX_M,-1,80,0.159,0.1585
press_conf,would+say,VIX_M,0,80,0.142,0.2093
press_conf,would+say,VIX_M,1,80,0.166,0.141
press_conf,would+say,VIX_M,2,80,0.184,0.1027
press_conf,would+say,VIX_M,3,80,0.126,0.2662
press_conf,would+say,VIX_M,4,79,0.15,0.1877
press_conf,would+say,VIX_M,5,78,0.183,0.1097
press_conf,would+say,VIX_M,6,78,0.117,0.3091
press_conf,would+say,VIX_M,7,77,0.085,0.4606
press_conf,would+say,VIX_M,8,76,0.003,0.9789
press_conf,would+say,VIX_M,9,76,0.131,0.2579
press_conf,will+do,CFNAI_MA3,-9,80,0.139,0.2177
press_conf,will+do,CFNAI_MA3,-8,80,0.064,0.5708
press_conf,will+do,CFNAI_MA3,-7,80,0.007,0.9486
press_conf,will+do,CFNAI_MA3,-6,80,0.093,0.4129
press_conf,will+do,CFNAI_MA3,-5,80,0.066,0.5583
press_conf,will+do,CFNAI_MA3,-4,80,0.094,0.4048
press_conf,will+do,CFNAI_MA3,-3,80,0.119,0.2949
press_conf,will+do,CFNAI_MA3,-2,80,0.107,0.3459
press_conf,will+do,CFNAI_MA3,-1,80,0.121,0.2866
press_conf,will+do,CFNAI_MA3,0,80,-0.072,0.5283
press_conf,will+do,CFNAI_MA3,1,80,-0.202,0.0727
press_conf,will+do,CFNAI_MA3,2,80,-0.227,0.0425
press_conf,will+do,CFNAI_MA3,3,80,-0.021,0.8517
press_conf,will+do,CFNAI_MA3,4,79,0.191,0.0913
press_conf,will+do,CFNAI_MA3,5,78,0.219,0.0545
press_conf,will+do,CFNAI_MA3,6,78,0.106,0.3544
press_conf,will+do,CFNAI_MA3,7,77,0.007,0.9542
press_conf,will+do,CFNAI_MA3,8,76,-0.013,0.9134
press_conf,will+do,CFNAI_MA3,9,76,0.02,0.8636
press_conf,will+do,VIX_M,-9,80,0.263,0.0184
press_conf,will+do,VIX_M,-8,80,0.24,0.0318
press_conf,will+do,VIX_M,-7,80,0.319,0.004
press_conf,will+do,VIX_M,-6,80,0.234,0.037
press_conf,will+do,VIX_M,-5,80,0.28,0.0118
press_conf,will+do,VIX_M,-4,80,0.123,0.2787
press_conf,will+do,VIX_M,-3,80,0.043,0.7066
press_conf,will+do,VIX_M,-2,80,0.128,0.2583
press_conf,will+do,VIX_M,-1,80,0.143,0.2051
press_conf,will+do,VIX_M,0,80,0.238,0.0338
press_conf,will+do,VIX_M,1,80,0.313,0.0047
press_conf,will+do,VIX_M,2,80,0.176,0.1188
press_conf,will+do,VIX_M,3,80,0.087,0.4405
press_conf,will+do,VIX_M,4,79,0.156,0.169
press_conf,will+do,VIX_M,5,78,0.112,0.3281
press_conf,will+do,VIX_M,6,78,0.198,0.0824
press_conf,will+do,VIX_M,7,77,0.254,0.0257
press_conf,will+do,VIX_M,8,76,0.151,0.1936
press_conf,will+do,VIX_M,9,76,0.013,0.9131
press_conf,will+have,CFNAI_MA3,-9,80,0.192,0.0879
press_conf,will+have,CFNAI_MA3,-8,80,0.194,0.085
press_conf,will+have,CFNAI_MA3,-7,80,0.184,0.1014
press_conf,will+have,CFNAI_MA3,-6,80,0.076,0.502
press_conf,will+have,CFNAI_MA3,-5,80,0.031,0.7824
press_conf,will+have,CFNAI_MA3,-4,80,-0.036,0.7501
press_conf,will+have,CFNAI_MA3,-3,80,0.098,0.3861
press_conf,will+have,CFNAI_MA3,-2,80,0.016,0.8869
press_conf,will+have,CFNAI_MA3,-1,80,0.013,0.906
press_conf,will+have,CFNAI_MA3,0,80,-0.079,0.4859
press_conf,will+have,CFNAI_MA3,1,80,0.089,0.4301
press_conf,will+have,CFNAI_MA3,2,80,0.102,0.3663
press_conf,will+have,CFNAI_MA3,3,80,-0.022,0.8486
press_conf,will+have,CFNAI_MA3,4,79,-0.253,0.0242
press_conf,will+have,CFNAI_MA3,5,78,-0.243,0.0318
press_conf,will+have,CFNAI_MA3,6,78,0.032,0.7789
press_conf,will+have,CFNAI_MA3,7,77,0.122,0.2892
press_conf,will+have,CFNAI_MA3,8,76,0.031,0.7925
press_conf,will+have,CFNAI_MA3,9,76,-0.233,0.0424
press_conf,will+have,VIX_M,-9,80,0.109,0.3377
press_conf,will+have,VIX_M,-8,80,0.067,0.5559
press_conf,will+have,VIX_M,-7,80,0.135,0.2314
press_conf,will+have,VIX_M,-6,80,0.037,0.742
press_conf,will+have,VIX_M,-5,80,0.012,0.9148
press_conf,will+have,VIX_M,-4,80,-0.08,0.479
press_conf,will+have,VIX_M,-3,80,-0.025,0.8244
press_conf,will+have,VIX_M,-2,80,-0.039,0.7329
press_conf,will+have,VIX_M,-1,80,-0.055,0.6306
press_conf,will+have,VIX_M,0,80,-0.219,0.051
press_conf,will+have,VIX_M,1,80,-0.126,0.2654
press_conf,will+have,VIX_M,2,80,-0.083,0.4668
press_conf,will+have,VIX_M,3,80,0.021,0.8534
press_conf,will+have,VIX_M,4,79,-0.047,0.6797
press_conf,will+have,VIX_M,5,78,-0.069,0.5469
press_conf,will+have,VIX_M,6,78,-0.111,0.3344
press_conf,will+have,VIX_M,7,77,-0.127,0.2699
press_conf,will+have,VIX_M,8,76,0.088,0.4516
press_conf,will+have,VIX_M,9,76,-0.028,0.8084
statement,will+take,CFNAI_MA3,-9,101,0.058,0.5645
statement,will+take,CFNAI_MA3,-8,101,0.033,0.746
statement,will+take,CFNAI_MA3,-7,101,0.043,0.6671
statement,will+take,CFNAI_MA3,-6,101,-0.009,0.9252
statement,will+take,CFNAI_MA3,-5,101,0.0,0.9983
statement,will+take,CFNAI_MA3,-4,101,-0.025,0.8066
statement,will+take,CFNAI_MA3,-3,101,-0.009,0.9255
statement,will+take,CFNAI_MA3,-2,101,-0.044,0.6601
statement,will+take,CFNAI_MA3,-1,101,-0.08,0.4289
statement,will+take,CFNAI_MA3,0,101,0.019,0.8477
statement,will+take,CFNAI_MA3,1,101,0.226,0.0231
statement,will+take,CFNAI_MA3,2,101,0.228,0.0216
statement,will+take,CFNAI_MA3,3,101,-0.001,0.9933
statement,will+take,CFNAI_MA3,4,100,-0.336,0.0006
statement,will+take,CFNAI_MA3,5,99,-0.366,0.0002
statement,will+take,CFNAI_MA3,6,99,-0.18,0.0739
statement,will+take,CFNAI_MA3,7,98,-0.088,0.3896
statement,will+take,CFNAI_MA3,8,97,-0.129,0.2091
statement,will+take,CFNAI_MA3,9,97,-0.094,0.3619
statement,will+take,VIX_M,-9,101,0.221,0.0265
statement,will+take,VIX_M,-8,101,0.223,0.0253
statement,will+take,VIX_M,-7,101,0.186,0.0628
statement,will+take,VIX_M,-6,101,0.134,0.1818
statement,will+take,VIX_M,-5,101,0.19,0.0571
statement,will+take,VIX_M,-4,101,0.16,0.1091
statement,will+take,VIX_M,-3,101,0.088,0.3796
statement,will+take,VIX_M,-2,101,0.166,0.0962
statement,will+take,VIX_M,-1,101,0.038,0.7056
statement,will+take,VIX_M,0,101,-0.266,0.0072
statement,will+take,VIX_M,1,101,-0.229,0.0214
statement,will+take,VIX_M,2,101,-0.111,0.2698
statement,will+take,VIX_M,3,101,-0.072,0.4728
statement,will+take,VIX_M,4,100,-0.072,0.4784
statement,will+take,VIX_M,5,99,-0.058,0.5657
statement,will+take,VIX_M,6,99,-0.158,0.1176
statement,will+take,VIX_M,7,98,-0.201,0.0473
statement,will+take,VIX_M,8,97,-0.136,0.1841
statement,will+take,VIX_M,9,97,-0.117,0.2537
minutes,will+take,CFNAI_MA3,-9,99,0.052,0.608
minutes,will+take,CFNAI_MA3,-8,99,0.027,0.7942
minutes,will+take,CFNAI_MA3,-7,99,0.033,0.7435
minutes,will+take,CFNAI_MA3,-6,99,-0.045,0.6584
minutes,will+take,CFNAI_MA3,-5,99,-0.027,0.7877
minutes,will+take,CFNAI_MA3,-4,99,-0.045,0.6578
minutes,will+take,CFNAI_MA3,-3,99,-0.02,0.8415
minutes,will+take,CFNAI_MA3,-2,99,-0.072,0.4762
minutes,will+take,CFNAI_MA3,-1,99,-0.101,0.3195
minutes,will+take,CFNAI_MA3,0,99,-0.032,0.7499
minutes,will+take,CFNAI_MA3,1,99,0.021,0.8369
minutes,will+take,CFNAI_MA3,2,99,0.026,0.7969
minutes,will+take,CFNAI_MA3,3,99,0.011,0.9156
minutes,will+take,CFNAI_MA3,4,98,-0.02,0.8421
minutes,will+take,CFNAI_MA3,5,97,-0.032,0.7587
minutes,will+take,CFNAI_MA3,6,97,-0.034,0.7395
minutes,will+take,CFNAI_MA3,7,96,-0.015,0.8882
minutes,will+take,CFNAI_MA3,8,95,-0.051,0.6227
minutes,will+take,CFNAI_MA3,9,95,-0.04,0.6978
minutes,will+take,VIX_M,-9,99,0.226,0.0242
minutes,will+take,VIX_M,-8,99,0.2,0.0471
minutes,will+take,VIX_M,-7,99,0.187,0.0632
minutes,will+take,VIX_M,-6,99,0.119,0.2408
minutes,will+take,VIX_M,-5,99,0.123,0.2264
minutes,will+take,VIX_M,-4,99,0.059,0.5603
minutes,will+take,VIX_M,-3,99,0.03,0.7689
minutes,will+take,VIX_M,-2,99,0.067,0.5068
minutes,will+take,VIX_M,-1,99,-0.048,0.6338
minutes,will+take,VIX_M,0,99,-0.1,0.3247
minutes,will+take,VIX_M,1,99,-0.146,0.1487
minutes,will+take,VIX_M,2,99,-0.194,0.054
minutes,will+take,VIX_M,3,99,-0.136,0.1781
minutes,will+take,VIX_M,4,98,-0.135,0.1863
minutes,will+take,VIX_M,5,97,-0.205,0.0439
minutes,will+take,VIX_M,6,97,-0.234,0.0209
minutes,will+take,VIX_M,7,96,-0.243,0.0168
minutes,will+take,VIX_M,8,95,-0.252,0.0139
minutes,will+take,VIX_M,9,95,-0.248,0.0152
press_conf,will+look,CFNAI_MA3,-9,80,0.056,0.6243
press_conf,will+look,CFNAI_MA3,-8,80,0.069,0.5431
press_conf,will+look,CFNAI_MA3,-7,80,0.104,0.3588
press_conf,will+look,CFNAI_MA3,-6,80,0.067,0.5538
press_conf,will+look,CFNAI_MA3,-5,80,0.065,0.5663
press_conf,will+look,CFNAI_MA3,-4,80,0.005,0.9624
press_conf,will+look,CFNAI_MA3,-3,80,0.01,0.9332
press_conf,will+look,CFNAI_MA3,-2,80,-0.016,0.8874
press_conf,will+look,CFNAI_MA3,-1,80,-0.01,0.9269
press_conf,will+look,CFNAI_MA3,0,80,0.056,0.6197
press_conf,will+look,CFNAI_MA3,1,80,-0.006,0.9547
press_conf,will+look,CFNAI_MA3,2,80,-0.053,0.6407
press_conf,will+look,CFNAI_MA3,3,80,-0.126,0.264
press_conf,will+look,CFNAI_MA3,4,79,-0.085,0.4549
press_conf,will+look,CFNAI_MA3,5,78,-0.055,0.6319
press_conf,will+look,CFNAI_MA3,6,78,-0.058,0.6163
press_conf,will+look,CFNAI_MA3,7,77,-0.203,0.0761
press_conf,will+look,CFNAI_MA3,8,76,-0.312,0.0061
press_conf,will+look,CFNAI_MA3,9,76,-0.305,0.0074
press_conf,will+look,VIX_M,-9,80,0.118,0.2966
press_conf,will+look,VIX_M,-8,80,-0.045,0.6896
press_conf,will+look,VIX_M,-7,80,-0.021,0.8551
press_conf,will+look,VIX_M,-6,80,-0.122,0.2824
press_conf,will+look,VIX_M,-5,80,-0.066,0.5599
press_conf,will+look,VIX_M,-4,80,-0.018,0.8746
press_conf,will+look,VIX_M,-3,80,-0.088,0.4358
press_conf,will+look,VIX_M,-2,80,-0.03,0.789
press_conf,will+look,VIX_M,-1,80,-0.097,0.3938
press_conf,will+look,VIX_M,0,80,-0.072,0.5275
press_conf,will+look,VIX_M,1,80,-0.018,0.874
press_conf,will+look,VIX_M,2,80,-0.063,0.5774
press_conf,will+look,VIX_M,3,80,-0.076,0.5019
press_conf,will+look,VIX_M,4,79,-0.16,0.158
press_conf,will+look,VIX_M,5,78,-0.128,0.2629
press_conf,will+look,VIX_M,6,78,0.136,0.234
press_conf,will+look,VIX_M,7,77,0.183,0.1108
press_conf,will+look,VIX_M,8,76,0.229,0.0471
press_conf,will+look,VIX_M,9,76,0.121,0.2961
press_conf,will+say,CFNAI_MA3,-9,80,0.092,0.4157
press_conf,will+say,CFNAI_MA3,-8,80,0.016,0.888
press_conf,will+say,CFNAI_MA3,-7,80,-0.025,0.8251
press_conf,will+say,CFNAI_MA3,-6,80,-0.042,0.7107
press_conf,will+say,CFNAI_MA3,-5,80,0.147,0.1942
press_conf,will+say,CFNAI_MA3,-4,80,0.126,0.2666
press_conf,will+say,CFNAI_MA3,-3,80,-0.014,0.9044
press_conf,will+say,CFNAI_MA3,-2,80,-0.016,0.8872
press_conf,will+say,CFNAI_MA3,-1,80,0.035,0.7546
press_conf,will+say,CFNAI_MA3,0,80,0.156,0.1666
press_conf,will+say,CFNAI_MA3,1,80,0.13,0.2497
press_conf,will+say,CFNAI_MA3,2,80,0.102,0.368
press_conf,will+say,CFNAI_MA3,3,80,-0.025,0.8273
press_conf,will+say,CFNAI_MA3,4,79,-0.226,0.045
press_conf,will+say,CFNAI_MA3,5,78,-0.2,0.0798
press_conf,will+say,CFNAI_MA3,6,78,-0.056,0.6254
press_conf,will+say,CFNAI_MA3,7,77,0.068,0.555
press_conf,will+say,CFNAI_MA3,8,76,0.102,0.381
press_conf,will+say,CFNAI_MA3,9,76,0.123,0.2898
press_conf,will+say,VIX_M,-9,80,0.249,0.0259
press_conf,will+say,VIX_M,-8,80,0.189,0.0927
press_conf,will+say,VIX_M,-7,80,0.14,0.2159
press_conf,will+say,VIX_M,-6,80,0.097,0.3933
press_conf,will+say,VIX_M,-5,80,0.179,0.1116
press_conf,will+say,VIX_M,-4,80,0.296,0.0077
press_conf,will+say,VIX_M,-3,80,0.235,0.036
press_conf,will+say,VIX_M,-2,80,0.126,0.2663
press_conf,will+say,VIX_M,-1,80,0.082,0.4688
press_conf,will+say,VIX_M,0,80,-0.064,0.5705
press_conf,will+say,VIX_M,1,80,-0.011,0.9239
press_conf,will+say,VIX_M,2,80,0.095,0.4013
press_conf,will+say,VIX_M,3,80,0.225,0.0448
press_conf,will+say,VIX_M,4,79,0.262,0.0196
press_conf,will+say,VIX_M,5,78,0.19,0.0955
press_conf,will+say,VIX_M,6,78,0.255,0.0243
press_conf,will+say,VIX_M,7,77,0.261,0.0218
press_conf,will+say,VIX_M,8,76,0.085,0.4632
press_conf,will+say,VIX_M,9,76,0.085,0.4631
press_conf,will+continue,CFNAI_MA3,-9,80,-0.038,0.7378
press_conf,will+continue,CFNAI_MA3,-8,80,-0.027,0.8109
press_conf,will+continue,CFNAI_MA3,-7,80,-0.033,0.7695
press_conf,will+continue,CFNAI_MA3,-6,80,-0.054,0.6355
press_conf,will+continue,CFNAI_MA3,-5,80,-0.123,0.2785
press_conf,will+continue,CFNAI_MA3,-4,80,-0.082,0.472
press_conf,will+continue,CFNAI_MA3,-3,80,-0.001,0.9965
press_conf,will+continue,CFNAI_MA3,-2,80,0.063,0.578
press_conf,will+continue,CFNAI_MA3,-1,80,0.039,0.7327
press_conf,will+continue,CFNAI_MA3,0,80,-0.08,0.4828
press_conf,will+continue,CFNAI_MA3,1,80,-0.168,0.1374
press_conf,will+continue,CFNAI_MA3,2,80,-0.183,0.1043
press_conf,will+continue,CFNAI_MA3,3,80,-0.056,0.6187
press_conf,will+continue,CFNAI_MA3,4,79,0.23,0.0418
press_conf,will+continue,CFNAI_MA3,5,78,0.282,0.0123
press_conf,will+continue,CFNAI_MA3,6,78,0.203,0.0744
press_conf,will+continue,CFNAI_MA3,7,77,-0.018,0.8743
press_conf,will+continue,CFNAI_MA3,8,76,-0.06,0.6039
press_conf,will+continue,CFNAI_MA3,9,76,-0.071,0.5447
press_conf,will+continue,VIX_M,-9,80,-0.049,0.6673
press_conf,will+continue,VIX_M,-8,80,-0.054,0.6326
press_conf,will+continue,VIX_M,-7,80,-0.055,0.6295
press_conf,will+continue,VIX_M,-6,80,0.067,0.5525
press_conf,will+continue,VIX_M,-5,80,-0.0,0.9997
press_conf,will+continue,VIX_M,-4,80,-0.065,0.5653
press_conf,will+continue,VIX_M,-3,80,-0.012,0.919
press_conf,will+continue,VIX_M,-2,80,-0.06,0.5997
press_conf,will+continue,VIX_M,-1,80,0.061,0.5902
press_conf,will+continue,VIX_M,0,80,0.226,0.0435
press_conf,will+continue,VIX_M,1,80,0.142,0.2101
press_conf,will+continue,VIX_M,2,80,0.037,0.7467
press_conf,will+continue,VIX_M,3,80,-0.12,0.2908
press_conf,will+continue,VIX_M,4,79,-0.063,0.579
press_conf,will+continue,VIX_M,5,78,-0.029,0.8032
press_conf,will+continue,VIX_M,6,78,0.055,0.6322
press_conf,will+continue,VIX_M,7,77,0.088,0.4471
press_conf,will+continue,VIX_M,8,76,-0.002,0.9893
press_conf,will+continue,VIX_M,9,76,-0.133,0.2514
