doc_id,doc_type,date,cfnai_lag2,cfnai_ma3_lag2,cfnai_ma3_lag1,vix_pre28,vix_intermeeting,unrate_gap_lag1,corepce_gap_lag2,cfnai_ma3_lead1,cfnai_ma3_lead3,cfnai_ma3_lead6,vix_post28,d_cfnai_ma3_3m,d_vix_28
statement_20100127,statement,2010-01-27,0.06,-0.15,-0.17,20.131666666666668,20.23148148148148,4.85921476296861,-0.6265235583045241,-0.16,0.18,0.09,23.00052631578947,0.32999999999999996,2.868859649122804
statement_20100316,statement,2010-03-16,0.16,-0.02,-0.16,19.3505,21.24121212121212,4.76325890255012,-0.30909628820465596,0.18,0.18,-0.06,16.920526315789473,0.19999999999999998,-2.429973684210527
statement_20100428,statement,2010-04-28,-0.35,-0.16,0.1,16.943684210526317,17.059333333333335,4.86325890255012,-0.3013461888302631,0.39,0.09,-0.15,30.866500000000002,0.25,13.922815789473685
statement_20100623,statement,2010-06-23,0.41,0.18,0.39,30.109473684210528,30.140256410256416,4.56826198731979,-0.3970253143032103,0.09,-0.06,-0.07,27.732105263157898,-0.24,-2.37736842105263
statement_20100810,statement,2010-08-10,-0.17,0.18,0.09,23.7555,25.834848484848486,4.3742842128497905,-0.44442936012309797,-0.06,-0.16,-0.09,25.336842105263155,-0.33999999999999997,1.581342105263154
statement_20100921,statement,2010-09-21,0.15,0.09,-0.06,23.662105263157898,24.20413793103448,4.47428421284979,-0.5294117647058876,-0.15,-0.07,0.02,21.366,-0.16,-2.296105263157898
statement_20101103,statement,2010-11-03,-0.19,-0.06,-0.15,20.1725,21.089354838709685,4.381376122174831,-0.7031716523012692,-0.07,-0.09,-0.14,20.021578947368422,-0.03,-0.15092105263157762
statement_20101214,statement,2010-12-14,-0.12,-0.15,-0.16,19.573684210526316,19.411785714285713,4.781376122174831,-0.9212186524774717,-0.03,0.02,-0.27,17.104210526315786,0.16999999999999998,-2.4694736842105307
statement_20110126,statement,2011-01-26,-0.19,-0.16,-0.07,17.184210526315788,17.08827586206896,4.281376122174831,-0.8784208165096379,-0.09,-0.15,-0.06,17.263157894736842,0.010000000000000009,0.07894736842105488
statement_20110315,statement,2011-03-15,0.02,-0.03,-0.09,19.531052631578945,18.384545454545453,3.98957744654573,-0.8765553665741592,-0.15,-0.27,-0.03,19.3435,-0.24000000000000002,-0.18755263157894575
statement_20110427,statement,2011-04-27,-0.38,-0.09,0.02,16.611052631578946,18.454666666666665,3.98957744654573,-0.7880956107595631,-0.14,-0.06,-0.03,16.8495,0.03,0.23844736842105263
statement_20110622,statement,2011-06-22,-0.48,-0.15,-0.14,18.60684210526316,17.661538461538463,3.9989160952288705,-0.6052998605299935,-0.06,-0.03,0.03,18.517368421052627,0.12,-0.0894736842105317
statement_20110809,statement,2011-08-09,0.01,-0.27,-0.06,23.474,21.226363636363633,4.00940731748662,-0.4136709481212346,-0.03,-0.15,0.21,36.30842105263159,0.12000000000000002,12.834421052631587
statement_20110921,statement,2011-09-21,0.17,-0.06,0.06,34.50736842105263,35.65933333333333,4.00940731748662,-0.2655482404839242,-0.03,0.03,-0.01,36.7115,0.09,2.2041315789473686
statement_20111102,statement,2011-11-02,-0.27,-0.03,-0.03,31.895500000000006,34.79033333333334,3.8210530567678322,-0.14917803038731847,0.03,0.21,-0.17,31.751052631578947,0.24,-0.14444736842105854
statement_20111213,statement,2011-12-13,0.16,-0.03,-0.15,30.38684210526316,30.650714285714283,3.621053056767831,-0.25527803382827496,0.1,-0.01,-0.14,22.635555555555552,0.019999999999999997,-7.751286549707608
statement_20120125,statement,2012-01-25,-0.35,-0.15,0.03,21.104444444444443,21.932142857142853,3.5210530567678315,-0.17213842058560846,0.21,-0.11,-0.26,18.718947368421052,0.039999999999999994,-2.385497076023391
statement_20120313,statement,2012-03-13,0.37,0.1,0.21,18.209999999999997,18.36060606060606,3.3338415135847406,0.06147921922719135,-0.11,-0.14,-0.28,15.856842105263157,-0.24000000000000002,-2.3531578947368406
statement_20120425,statement,2012-04-25,0.0,0.21,-0.01,17.70421052631579,16.74566666666667,3.233841513584739,0.025847785264556222,-0.17,-0.26,-0.28,19.961,-0.47,2.256789473684208
statement_20120620,statement,2012-06-20,0.06,-0.11,-0.17,22.465263157894736,21.039743589743587,3.2477469296249692,-0.03466299862448885,-0.26,-0.28,0.05,18.00315789473684,-0.17000000000000004,-4.462105263157895
statement_20120801,statement,2012-08-01,-0.33,-0.14,-0.26,17.653157894736843,17.95310344827586,3.2627296014266793,-0.18074152054478976,-0.28,-0.03,0.01,15.330000000000002,0.11000000000000001,-2.323157894736841
statement_20120913,statement,2012-09-13,-0.28,-0.26,-0.35,15.916842105263163,15.835000000000003,3.1627296014266797,-0.2261349451415855,-0.28,0.05,-0.12,15.0935,0.31,-0.823342105263162
statement_20121024,statement,2012-10-24,-0.45,-0.35,-0.28,15.815999999999997,15.350344827586206,2.86272960142668,-0.36407745770860966,-0.03,0.03,-0.11,17.348333333333333,0.38,1.5323333333333355
statement_20121212,statement,2012-12-12,-0.26,-0.28,-0.03,16.066842105263156,16.810000000000002,2.7787361275186306,-0.11055078918069494,0.03,-0.12,-0.1,16.675555555555558,0.16000000000000003,0.6087134502924023
statement_20130130,statement,2013-01-30,0.28,-0.03,0.05,13.42157894736842,15.213437500000001,2.978736127518631,-0.2169309864064255,0.01,-0.11,-0.17,14.007894736842108,-0.08,0.5863157894736872
statement_20130320,statement,2013-03-20,-0.33,0.03,0.01,13.910500000000003,13.647647058823528,2.7956998883873103,-0.4084132921342114,-0.11,-0.1,-0.04,13.617368421052632,-0.13,-0.29313157894737074
statement_20130501,statement,2013-05-01,-0.26,-0.12,-0.11,14.045999999999998,13.78862068965517,2.71354175407503,-0.5192550880340523,-0.1,-0.12,0.14,13.238947368421053,0.0,-0.8070526315789444
statement_20130619,statement,2013-06-19,-0.29,-0.11,-0.13,15.889999999999999,14.61029411764706,2.6135417540750305,-0.6229373738681803,-0.17,-0.04,0.05,16.10421052631579,0.07,0.21421052631579052
statement_20130731,statement,2013-07-31,0.14,-0.13,-0.1,13.746315789473684,15.156206896551724,2.6135417540750305,-0.6070831761091116,-0.12,0.14,-0.18,13.940000000000001,0.27,0.19368421052631746
statement_20130918,statement,2013-09-18,-0.52,-0.17,-0.12,15.378947368421052,14.456470588235293,2.3321710097311,-0.5120392485959728,0.14,0.05,0.08,16.116999999999997,0.22000000000000003,0.7380526315789453
statement_20131030,statement,2013-10-30,0.3,-0.12,-0.04,15.572,15.179,2.3321710097311,-0.46674909951078636,0.14,-0.18,0.32,12.926499999999999,-0.06,-2.6455
statement_20131218,statement,2013-12-18,0.01,0.14,0.14,14.17421052631579,13.664411764705882,2.051486485126752,-0.5451818522684597,-0.18,0.08,0.1,13.09611111111111,-0.06000000000000001,-1.0780994152046794
statement_20140129,statement,2014-01-29,0.3,0.14,0.05,13.667222222222222,13.531111111111112,1.8514864851267516,-0.4857402750280775,-0.14,0.32,0.19,15.873157894736844,0.18,2.205935672514622
statement_20140319,statement,2014-03-19,-0.7,-0.18,-0.14,14.762,15.498823529411766,1.8713778700934718,-0.5475384993010017,0.32,0.1,0.03,14.654499999999999,0.28,-0.1075000000000017
statement_20140430,statement,2014-04-30,0.44,-0.14,0.08,14.29736842105263,14.35655172413793,1.8713778700934718,-0.6098822024412458,0.22,0.19,-0.06,12.579473684210527,0.33,-1.7178947368421031
statement_20140618,statement,2014-06-18,0.05,0.32,0.22,11.715263157894737,12.250588235294115,1.4917271941382602,-0.4287341516122627,0.19,0.03,0.12,11.438421052631579,-0.29000000000000004,-0.27684210526315844
statement_20140730,statement,2014-07-30,0.12,0.22,0.1,12.057368421052631,11.775172413793102,1.29172719413826,-0.37634374302210993,0.07,-0.06,0.02,13.812499999999996,-0.28,1.7551315789473652
statement_20140917,statement,2014-09-17,0.3,0.19,0.07,12.394210526315788,13.380882352941178,1.3124104452052192,-0.3896786778191146,-0.06,0.12,-0.24,16.884,-0.07,4.489789473684212
statement_20141029,statement,2014-10-29,-0.23,0.07,0.03,18.582500000000003,17.103666666666665,1.11241044520522,-0.46025140049348146,0.11,0.02,-0.16,13.503499999999999,-0.05,-5.079000000000004
statement_20141217,statement,2014-12-17,0.04,-0.06,0.11,15.121052631578948,14.562941176470588,1.03329929975986,-0.5290856678246785,0.02,-0.24,-0.16,17.596666666666668,-0.18,2.4756140350877196
statement_20150128,statement,2015-01-28,0.27,0.11,0.12,18.967777777777776,17.92814814814815,0.8332992997598598,-0.607421463208933,-0.23,-0.16,-0.04,16.561052631578946,-0.27,-2.4067251461988306
statement_20150318,statement,2015-03-18,-0.26,0.02,-0.23,14.803,16.000882352941176,0.7542629341271399,-0.7902886476478947,-0.16,-0.16,-0.02,14.191052631578946,-0.18,-0.6119473684210543
statement_20150429,statement,2015-04-29,-0.48,-0.23,-0.24,13.444736842105264,13.781034482758622,0.6542629341271402,-0.7225183736554879,-0.11,-0.04,-0.22,13.377368421052632,0.19,-0.06736842105263285
statement_20150617,statement,2015-06-17,0.0,-0.16,-0.11,13.799999999999999,13.685588235294118,0.8751698853643193,-0.7056271158018195,-0.04,-0.02,-0.31,15.437368421052632,0.14,1.6373684210526331
statement_20150729,statement,2015-07-29,-0.34,-0.11,-0.16,14.684736842105263,14.616551724137933,0.5751698853643195,-0.7527988783560406,-0.02,-0.22,-0.19,17.583,-0.11,2.8982631578947355
statement_20150917,statement,2015-09-17,0.35,-0.04,-0.02,26.977368421052635,20.642285714285713,0.39588992892743047,-0.8210499958267263,-0.22,-0.31,-0.16,20.814500000000002,-0.27,-6.162868421052632
statement_20151028,statement,2015-10-28,-0.28,-0.02,-0.02,17.493000000000002,19.29448275862069,0.2958899289274308,-0.7787453720602837,-0.25,-0.19,-0.22,16.131500000000003,-0.17,-1.3614999999999995
statement_20151216,statement,2015-12-16,-0.26,-0.22,-0.25,17.434736842105263,16.82852941176471,0.41629594001719017,-0.8220113220113383,-0.19,-0.16,-0.11,19.964444444444446,0.06,2.529707602339183
statement_20160127,statement,2016-01-27,-0.37,-0.25,-0.31,23.356111111111108,21.38925925925926,0.3162959400171905,-0.8032979486592966,-0.14,-0.22,-0.06,22.815263157894737,0.03,-0.540847953216371
statement_20160316,statement,2016-03-16,0.09,-0.19,-0.14,18.802500000000002,20.79676470588235,0.23626570577234052,-0.5937597439042301,-0.22,-0.11,-0.09,14.519473684210526,0.08,-4.283026315789476
statement_20160427,statement,2016-04-27,-0.23,-0.14,-0.16,14.1565,14.25103448275862,0.33626570577234016,-0.5341140318092945,-0.26,-0.06,-0.12,15.104499999999998,0.08000000000000002,0.9479999999999986
statement_20160615,statement,2016-06-15,-0.1,-0.22,-0.26,15.188421052631577,15.08294117647059,0.1556836564089199,-0.48005132025494657,-0.06,-0.09,0.03,17.267368421052637,0.13,2.07894736842106
statement_20160727,statement,2016-07-27,-0.35,-0.26,-0.11,13.579999999999998,15.881724137931034,0.25568365640892043,-0.43126718062129576,-0.02,-0.12,0.02,12.151,0.14,-1.4289999999999985
statement_20160921,statement,2016-09-21,0.05,-0.06,-0.02,14.416315789473686,13.23871794871795,0.2744424849626901,-0.4006681927859894,-0.12,0.03,-0.06,14.074000000000002,0.09,-0.3423157894736839
statement_20161102,statement,2016-11-02,-0.09,-0.09,-0.12,14.882500000000002,14.325333333333333,0.2924446274443602,-0.31474546277623183,0.03,0.06,0.13,14.846315789473683,0.15,-0.036184210526318594
statement_20161214,statement,2016-12-14,-0.07,-0.12,-0.12,12.788947368421052,14.327241379310346,0.09244462744436,-0.2175916402682203,0.02,-0.06,0.17,12.035555555555554,0.06,-0.7533918128654982
statement_20170201,statement,2017-02-01,0.38,0.03,0.02,11.543157894736844,11.875,0.10960357791821007,-0.22990677235203805,-0.06,0.13,0.0,11.568947368421052,0.1,0.02578947368420792
statement_20170315,statement,2017-03-15,-0.11,0.02,0.06,11.799473684210525,11.605172413793108,0.009603577918209538,-0.13666506093248199,0.09,0.17,0.01,12.588000000000001,0.15000000000000002,0.7885263157894755
statement_20170503,statement,2017-05-03,0.02,-0.06,0.09,12.953684210526317,12.543235294117647,-0.17415498379363026,-0.32134537578161027,0.17,0.0,0.32,10.92578947368421,0.06,-2.027894736842107
statement_20170614,statement,2017-06-14,0.34,0.09,0.13,10.93894736842105,10.743448275862068,-0.17415498379363026,-0.3631786540558828,0.01,0.01,0.33,10.82578947368421,-0.08,-0.11315789473684035
statement_20170726,statement,2017-07-26,0.02,0.13,0.17,10.40421052631579,10.449655172413793,-0.2741549837936308,-0.45447885718938696,0.0,0.25,0.07,11.888,0.12,1.4837894736842099
statement_20170920,statement,2017-09-20,-0.16,0.01,0.0,11.105263157894736,11.43871794871795,-0.1588922704630793,-0.4968892407311447,0.25,0.33,0.12,9.803500000000001,0.32,-1.3017631578947348
statement_20171101,statement,2017-11-01,0.18,0.01,0.25,10.190000000000001,10.037,-0.3446556865827395,-0.5774126312807475,0.33,0.15,0.12,10.519473684210526,0.13999999999999999,0.3294736842105248
statement_20171213,statement,2017-12-13,0.54,0.25,0.32,10.66263157894737,10.545172413793104,-0.3446556865827395,-0.45898889461504044,0.07,0.12,0.16,9.857222222222223,-0.13,-0.8054093567251464
statement_20180131,statement,2018-01-31,0.23,0.32,0.33,11.000000000000002,10.6125,-0.44465568658274,-0.45462350386344763,0.15,0.32,0.04,22.464736842105264,0.0,11.464736842105262
statement_20180321,statement,2018-03-21,-0.23,0.07,0.15,17.8265,20.218529411764706,-0.4314783587561104,-0.36796297227952124,0.32,0.16,0.12,20.29368421052632,0.09,2.4671842105263195
statement_20180502,statement,2018-05-02,0.11,0.12,0.32,17.719500000000004,19.018965517241377,-0.5193789034331804,-0.09081682894724707,0.16,0.19,-0.06,13.88684210526316,0.07,-3.832657894736844
statement_20180613,statement,2018-06-13,0.4,0.32,0.12,13.23842105263158,13.603103448275862,-0.7193789034331806,-0.11578071257383016,0.04,0.12,-0.11,14.426315789473682,-0.2,1.187894736842102
statement_20180801,statement,2018-08-01,0.22,0.16,0.04,12.861052631578948,13.649999999999999,-0.7083614335785597,-0.06378018151435949,0.12,-0.06,-0.3,12.452,-0.22,-0.4090526315789482
statement_20180926,statement,2018-09-26,0.05,0.04,0.19,12.974736842105262,12.72974358974359,-0.7083614335785597,-0.004199580042006268,0.03,-0.11,-0.29,17.598499999999998,-0.15,4.623763157894736
statement_20181108,statement,2018-11-08,0.02,0.12,0.03,21.044,18.63225806451613,-0.69841580136913,-0.0397047086991158,-0.11,-0.3,-0.2,19.65222222222222,-0.42,-1.3917777777777793
statement_20181219,statement,2018-12-19,-0.21,0.03,-0.06,20.85722222222222,20.441851851851855,-0.69841580136913,-0.1290926099158245,-0.16,-0.29,-0.15,24.166111111111114,-0.31999999999999995,3.3088888888888945
statement_20190130,statement,2019-01-30,0.01,-0.06,-0.11,19.83105263157895,22.63185185185185,-0.5984158013691299,0.010245188242909542,-0.3,-0.34,-0.1,15.328947368421053,-0.28,-4.502105263157896
statement_20190320,statement,2019-03-20,-0.36,-0.16,-0.3,14.368,14.987058823529411,-0.6895180696244001,-0.1555733761026561,-0.34,-0.15,-0.21,13.709999999999999,0.010000000000000009,-0.6580000000000013
statement_20190501,statement,2019-05-01,-0.1,-0.29,-0.34,12.903684210526313,13.456896551724139,-0.7816312004623907,-0.3839320048511601,-0.15,-0.05,-0.34,16.6878947368421,0.24,3.7842105263157872
statement_20190619,statement,2019-06-19,-0.51,-0.34,-0.2,16.448421052631577,16.513823529411766,-0.8816312004623907,-0.3632211964331482,-0.1,-0.21,-0.31,14.081578947368424,0.13000000000000003,-2.366842105263153
statement_20190731,statement,2019-07-31,0.02,-0.2,-0.15,13.137894736842105,13.784137931034483,-0.8816312004623907,-0.43682452348203604,-0.05,-0.35,-0.13,19.034,-0.14999999999999997,5.896105263157894
statement_20190918,statement,2019-09-18,-0.36,-0.1,-0.05,16.76842105263158,17.766764705882355,-0.8747059457322499,-0.36088073250592867,-0.35,-0.31,-1.52,16.691000000000003,-0.21,-0.07742105263157839
statement_20191030,statement,2019-10-30,0.17,-0.05,-0.21,15.581,15.698333333333329,-0.97470594573225,-0.2541954203262291,-0.34,-0.13,-7.55,12.5535,-0.08,-3.0275
statement_20191211,statement,2019-12-11,-0.78,-0.35,-0.34,13.410526315789474,13.150689655172414,-0.8686819201788096,-0.3764140437254575,-0.13,-1.52,-2.42,13.118333333333332,-1.17,-0.29219298245614134
statement_20200129,statement,2020-01-29,0.2,-0.34,-0.31,13.446666666666665,13.299375000000001,-0.8686819201788096,-0.5022816802527457,-0.18,-7.55,4.58,17.263684210526318,-7.21,3.8170175438596523
statement_20200303,statement,2020-03-03,-0.25,-0.13,-0.18,20.442105263157895,19.873478260869568,-0.9634888351134308,-0.4086711383299395,-7.55,-2.42,1.47,59.99849999999999,-2.29,39.556394736842094
statement_20200315,statement,2020-03-15,-0.25,-0.13,-0.18,36.54263157894737,48.81444444444444,-0.9634888351134308,-0.4086711383299395,-7.55,-2.42,1.47,59.43105263157895,-2.29,22.88842105263158
statement_20200323,statement,2020-03-23,-0.25,-0.13,-0.18,50.27749999999999,74.61800000000001,-0.9634888351134308,-0.4086711383299395,-7.55,-2.42,1.47,49.28263157894737,-2.29,-0.9948684210526224
statement_20200429,statement,2020-04-29,0.07,-0.18,-1.52,42.376315789473686,47.28923076923076,-0.0634888351134304,-0.3023027689558404,-5.98,4.58,0.93,31.367894736842107,4.76,-11.00842105263158
statement_20200610,statement,2020-06-10,-18.34,-7.55,-5.98,28.497894736842106,29.922758620689653,8.740952132338979,-1.0045029777756103,4.58,1.47,0.66,32.335263157894744,9.02,3.8373684210526378
statement_20200729,statement,2020-07-29,4.76,-5.98,-2.42,27.219473684210524,29.922352941176474,6.54095213233898,-1.0026216250205593,3.41,0.93,0.61,22.803000000000004,6.91,-4.416473684210519
statement_20200916,statement,2020-09-16,2.64,4.58,3.41,26.033684210526317,24.686176470588236,3.9447268615262496,-0.7856633036902743,0.93,0.66,0.47,26.897999999999996,-3.92,0.8643157894736788
statement_20201105,statement,2020-11-05,0.5,1.47,0.93,30.503500000000003,29.032500000000002,2.4479267308128003,-0.5203084535923646,0.66,-0.1,0.92,22.80526315789474,-1.57,-7.698236842105263
statement_20201216,statement,2020-12-16,1.01,0.93,0.6,22.06894736842105,22.83428571428571,2.2479267308128,-0.5782673895489792,0.61,0.47,0.23,23.275555555555552,-0.4600000000000001,1.2066081871345027
statement_20210127,statement,2021-01-27,0.28,0.6,0.66,23.23888888888889,23.08555555555556,2.2479267308128,-0.546478115513203,-0.1,0.23,0.44,23.480526315789472,-0.37,0.24163742690058143
statement_20210317,statement,2021-03-17,0.86,0.61,-0.1,23.630500000000005,24.176764705882352,1.7471470101301207,-0.30250605222616844,0.23,0.23,0.19,18.738947368421055,-0.38,-4.89155263157895
statement_20210428,statement,2021-04-28,-1.85,-0.1,0.47,17.454736842105262,18.372413793103444,1.6471470101301202,-0.2905329908032588,0.92,0.44,0.25,19.896499999999996,0.54,2.4417631578947336
statement_20210616,statement,2021-06-16,0.12,0.23,0.92,17.762105263157892,18.679117647058824,1.35021023370372,1.1306032044336574,0.44,0.19,0.59,16.658421052631578,-0.04000000000000001,-1.103684210526314
statement_20210728,statement,2021-07-28,0.23,0.92,0.23,17.43421052631579,17.31344827586207,1.4502102337037206,1.5411199019175887,0.35,0.25,0.26,17.622,-0.67,0.18778947368420873
statement_20210922,statement,2021-09-22,0.75,0.44,0.35,18.739473684210527,18.205384615384617,0.6529895829426504,1.9271181756673101,0.25,0.59,0.26,19.398000000000003,0.14999999999999997,0.6585263157894765
statement_20211103,statement,2021-11-03,-0.13,0.19,0.25,17.116500000000002,18.423333333333332,0.055582308701040084,2.0138506783037764,0.59,0.18,0.01,19.583684210526314,-0.010000000000000009,2.4671842105263124
statement_20211215,statement,2021-12-15,0.93,0.25,0.48,22.615263157894734,20.594827586206897,-0.34441769129896027,2.436672448273571,0.26,0.26,-0.22,18.756315789473685,0.010000000000000009,-3.858947368421049
statement_20220126,statement,2022-01-26,0.66,0.48,0.59,21.062105263157896,20.61785714285714,-0.54441769129896,2.8908669097107005,0.18,0.28,-0.15,25.481052631578947,-0.19999999999999996,4.418947368421051
statement_20220316,statement,2022-03-16,-0.04,0.26,0.18,30.58789473684211,28.15558823529412,-0.5419167792237407,3.3584365973221804,0.28,-0.22,0.08,21.7485,-0.48,-8.83939473684211
statement_20220504,statement,2022-05-04,0.43,0.26,0.28,25.78052631578947,24.006176470588237,-0.7404667293697802,3.5932219240084846,-0.22,0.0,-0.19,29.17900000000001,-0.26,3.39847368421054
statement_20220615,statement,2022-06-15,0.0,0.28,0.01,27.539499999999997,28.403666666666663,-0.8404667293697803,3.3450231503002987,-0.15,0.08,-0.34,28.110500000000002,-0.2,0.5710000000000051
statement_20220727,statement,2022-07-27,-0.41,0.01,-0.22,25.7435,27.011000000000003,-0.8404667293697803,3.184136763522318,0.0,0.03,-0.17,21.396500000000003,0.019999999999999997,-4.346999999999998
statement_20220921,statement,2022-09-21,0.2,-0.15,0.0,25.3105,23.363999999999997,-0.8389317490436095,3.1073740578407856,0.03,-0.34,-0.09,31.0805,-0.19000000000000003,5.77
statement_20221102,statement,2022-11-02,0.0,0.08,0.03,29.838,29.989666666666665,-0.8372323670789199,3.6064793279886116,-0.34,-0.11,-0.18,23.045499999999997,-0.19,-6.792500000000004
statement_20221214,statement,2022-12-14,0.04,0.03,-0.19,21.8965,22.798,-0.8372323670789199,3.459759683450094,-0.17,-0.09,-0.19,21.738888888888887,-0.12,-0.15761111111111248
statement_20230201,statement,2023-02-01,-0.46,-0.34,-0.17,20.0325,20.722727272727273,-0.9352964412522198,2.9668814733705435,-0.09,-0.18,-0.15,20.256,0.16000000000000003,0.22350000000000136
statement_20230322,statement,2023-03-22,0.57,-0.17,-0.11,22.027499999999996,21.03457142857143,-0.8352964412522197,2.9376652139744293,-0.27,-0.19,-0.02,18.8978947368421,-0.01999999999999999,-3.1296052631578952
statement_20230503,statement,2023-05-03,-0.41,-0.09,-0.27,17.623684210526317,18.497241379310342,-1.03350999614073,2.783286394955444,-0.19,-0.15,-0.14,17.671499999999998,-0.06,0.047815789473681036
statement_20230614,statement,2023-06-14,0.04,-0.27,-0.18,16.2715,16.724999999999998,-0.8335099961407297,2.7896422992401044,-0.15,-0.02,-0.16,13.969,0.25,-2.3025
statement_20230726,statement,2023-07-26,-0.18,-0.18,-0.19,13.929000000000002,13.870333333333337,-0.8335099961407297,2.731625374880166,-0.15,-0.24,-0.32,15.8075,-0.06,1.8784999999999972
statement_20230920,statement,2023-09-20,0.13,-0.15,-0.15,14.284,14.975999999999999,-0.7313678808796293,2.2991241232508637,-0.24,-0.16,-0.28,17.835499999999996,-0.010000000000000009,3.5514999999999954
statement_20231101,statement,2023-11-01,-0.03,-0.02,-0.24,18.907,18.477666666666664,-0.5288242400857901,1.6877742080353881,-0.16,-0.28,-0.12,13.931500000000003,-0.26,-4.975499999999997
statement_20231213,statement,2023-12-13,-0.51,-0.24,-0.14,13.004499999999998,13.668666666666669,-0.7288242400857898,1.4740628549791763,-0.32,-0.28,-0.15,12.988333333333332,-0.040000000000000036,-0.016166666666666885
statement_20240131,statement,2024-01-31,0.14,-0.14,-0.16,13.349999999999998,13.11909090909091,-0.6288242400857902,1.2907438711504255,-0.28,-0.08,-0.15,14.0095,0.06000000000000001,0.6595000000000013
statement_20240320,statement,2024-03-20,-0.98,-0.32,-0.28,14.127500000000001,14.07,-0.5256796571856897,1.1590145100208522,-0.08,-0.15,-0.25,15.11578947368421,0.17,0.9882894736842083
statement_20240501,statement,2024-05-01,-0.13,-0.28,-0.08,16.3385,15.388620689655173,-0.5221570752654201,1.1221738579216618,-0.15,-0.23,-0.3,12.878499999999999,0.05000000000000002,-3.460000000000001
statement_20240612,statement,2024-06-12,-0.38,-0.08,-0.12,12.705,12.988000000000003,-0.5221570752654201,1.006720905553606,-0.15,-0.25,-0.09,12.541,-0.16999999999999998,-0.1639999999999997
statement_20240731,statement,2024-07-31,0.16,-0.12,-0.15,14.499500000000001,13.665428571428572,-0.32215707526542037,0.7711764063720334,-0.23,-0.31,-0.07,19.711,-0.19,5.211499999999997
statement_20240918,statement,2024-09-18,-0.39,-0.15,-0.23,17.674500000000002,19.02,-0.2181849562262368,0.8062163337682744,-0.31,-0.09,0.01,18.615999999999996,0.06,0.9414999999999942
statement_20241107,statement,2024-11-07,-0.29,-0.25,-0.31,19.847,19.060555555555553,-0.3137372661012021,0.838627996468368,-0.09,0.07,-0.17,14.7065,0.32,-5.140500000000001
statement_20241218,statement,2024-12-18,-0.56,-0.31,-0.3,14.306000000000001,14.56344827586207,-0.21373726610120158,0.9865021082658982,-0.07,0.01,-0.25,17.565555555555555,0.32,3.259555555555554
statement_20250129,statement,2025-01-29,-0.05,-0.3,-0.09,16.840526315789475,17.375714285714288,-0.3137372661012021,0.9807101201256181,0.07,0.06,-0.13,16.5435,0.36,-0.29702631578947347
statement_20250319,statement,2025-03-19,-0.5,-0.07,0.07,21.576,19.20857142857143,-0.20904868088453998,0.7801380994415092,0.06,-0.25,-0.22,28.9065,-0.18,7.330500000000001
statement_20250507,statement,2025-05-07,0.16,0.01,0.06,28.897368421052636,27.69205882352941,-0.20690622022856964,0.6702948143169758,-0.25,-0.14,-0.37,19.23,-0.15000000000000002,-9.667368421052636
statement_20250618,statement,2025-06-18,-0.36,0.06,-0.17,18.993,19.144000000000002,-0.10690622022856999,0.6147959183673519,-0.13,-0.22,-0.29,17.414499999999997,-0.28,-1.5785000000000018
statement_20250730,statement,2025-07-30,-0.31,-0.17,-0.25,16.387,17.040333333333333,-0.30690622022857017,0.783883382495933,-0.14,-0.39,-0.15,15.884000000000004,-0.22,-0.5029999999999966
statement_20250917,statement,2025-09-17,0.02,-0.13,-0.14,15.385,15.716857142857144,-0.1041997082688404,0.8630472455679401,-0.39,-0.29,0.01,17.1275,-0.15999999999999998,1.7425000000000015
statement_20251029,statement,2025-10-29,-0.35,-0.14,-0.22,18.236000000000004,17.498,-0.0041997082688398635,0.912416347215907,-0.37,-0.15,0.07,19.808999999999997,-0.009999999999999981,1.5729999999999933
statement_20251210,statement,2025-12-10,-0.5,-0.39,-0.37,19.122,18.71166666666666,0.0981587873589298,0.7545384068738299,-0.15,0.01,0.01,15.063333333333336,0.4,-4.058666666666664
statement_20260128,statement,2026-01-28,-0.31,-0.37,-0.29,16.002105263157894,15.650303030303032,-0.0018412126410698448,0.8290927864990767,0.03,0.07,-0.04,18.9985,0.44,2.996394736842106
statement_20260318,statement,2026-03-18,-0.07,-0.15,0.03,22.517000000000003,20.83514285714286,0.0009094357963119748,1.104657789335974,0.07,0.01,,24.073157894736845,0.16,1.5561578947368417
statement_20260429,statement,2026-04-29,0.22,0.03,0.01,20.018421052631577,22.381379310344826,-0.09909056420368856,1.0492628550881085,-0.04,-0.04,,17.3905,-0.07,-2.627921052631578
minutes_20100127,minutes,2010-01-27,0.06,-0.15,-0.17,20.131666666666668,20.23148148148148,4.85921476296861,-0.6265235583045241,-0.16,0.18,0.09,23.00052631578947,0.32999999999999996,2.868859649122804
minutes_20100316,minutes,2010-03-16,0.16,-0.02,-0.16,19.3505,21.24121212121212,4.76325890255012,-0.30909628820465596,0.18,0.18,-0.06,16.920526315789473,0.19999999999999998,-2.429973684210527
minutes_20100428,minutes,2010-04-28,-0.35,-0.16,0.1,16.943684210526317,17.059333333333335,4.86325890255012,-0.3013461888302631,0.39,0.09,-0.15,30.866500000000002,0.25,13.922815789473685
minutes_20100623,minutes,2010-06-23,0.41,0.18,0.39,30.109473684210528,30.140256410256416,4.56826198731979,-0.3970253143032103,0.09,-0.06,-0.07,27.732105263157898,-0.24,-2.37736842105263
minutes_20100810,minutes,2010-08-10,-0.17,0.18,0.09,23.7555,25.834848484848486,4.3742842128497905,-0.44442936012309797,-0.06,-0.16,-0.09,25.336842105263155,-0.33999999999999997,1.581342105263154
minutes_20100921,minutes,2010-09-21,0.15,0.09,-0.06,23.662105263157898,24.20413793103448,4.47428421284979,-0.5294117647058876,-0.15,-0.07,0.02,21.366,-0.16,-2.296105263157898
minutes_20101103,minutes,2010-11-03,-0.19,-0.06,-0.15,20.1725,21.089354838709685,4.381376122174831,-0.7031716523012692,-0.07,-0.09,-0.14,20.021578947368422,-0.03,-0.15092105263157762
minutes_20101214,minutes,2010-12-14,-0.12,-0.15,-0.16,19.573684210526316,19.411785714285713,4.781376122174831,-0.9212186524774717,-0.03,0.02,-0.27,17.104210526315786,0.16999999999999998,-2.4694736842105307
minutes_20110126,minutes,2011-01-26,-0.19,-0.16,-0.07,17.184210526315788,17.08827586206896,4.281376122174831,-0.8784208165096379,-0.09,-0.15,-0.06,17.263157894736842,0.010000000000000009,0.07894736842105488
minutes_20110315,minutes,2011-03-15,0.02,-0.03,-0.09,19.531052631578945,18.384545454545453,3.98957744654573,-0.8765553665741592,-0.15,-0.27,-0.03,19.3435,-0.24000000000000002,-0.18755263157894575
minutes_20110427,minutes,2011-04-27,-0.38,-0.09,0.02,16.611052631578946,18.454666666666665,3.98957744654573,-0.7880956107595631,-0.14,-0.06,-0.03,16.8495,0.03,0.23844736842105263
minutes_20110622,minutes,2011-06-22,-0.48,-0.15,-0.14,18.60684210526316,17.661538461538463,3.9989160952288705,-0.6052998605299935,-0.06,-0.03,0.03,18.517368421052627,0.12,-0.0894736842105317
minutes_20110809,minutes,2011-08-09,0.01,-0.27,-0.06,23.474,21.226363636363633,4.00940731748662,-0.4136709481212346,-0.03,-0.15,0.21,36.30842105263159,0.12000000000000002,12.834421052631587
minutes_20110921,minutes,2011-09-21,0.17,-0.06,0.06,34.50736842105263,35.65933333333333,4.00940731748662,-0.2655482404839242,-0.03,0.03,-0.01,36.7115,0.09,2.2041315789473686
minutes_20111102,minutes,2011-11-02,-0.27,-0.03,-0.03,31.895500000000006,34.79033333333334,3.8210530567678322,-0.14917803038731847,0.03,0.21,-0.17,31.751052631578947,0.24,-0.14444736842105854
minutes_20111213,minutes,2011-12-13,0.16,-0.03,-0.15,30.38684210526316,30.650714285714283,3.621053056767831,-0.25527803382827496,0.1,-0.01,-0.14,22.635555555555552,0.019999999999999997,-7.751286549707608
minutes_20120125,minutes,2012-01-25,-0.35,-0.15,0.03,21.104444444444443,21.932142857142853,3.5210530567678315,-0.17213842058560846,0.21,-0.11,-0.26,18.718947368421052,0.039999999999999994,-2.385497076023391
minutes_20120313,minutes,2012-03-13,0.37,0.1,0.21,18.209999999999997,18.36060606060606,3.3338415135847406,0.06147921922719135,-0.11,-0.14,-0.28,15.856842105263157,-0.24000000000000002,-2.3531578947368406
minutes_20120425,minutes,2012-04-25,0.0,0.21,-0.01,17.70421052631579,16.74566666666667,3.233841513584739,0.025847785264556222,-0.17,-0.26,-0.28,19.961,-0.47,2.256789473684208
minutes_20120620,minutes,2012-06-20,0.06,-0.11,-0.17,22.465263157894736,21.039743589743587,3.2477469296249692,-0.03466299862448885,-0.26,-0.28,0.05,18.00315789473684,-0.17000000000000004,-4.462105263157895
minutes_20120801,minutes,2012-08-01,-0.33,-0.14,-0.26,17.653157894736843,17.95310344827586,3.2627296014266793,-0.18074152054478976,-0.28,-0.03,0.01,15.330000000000002,0.11000000000000001,-2.323157894736841
minutes_20120913,minutes,2012-09-13,-0.28,-0.26,-0.35,15.916842105263163,15.835000000000003,3.1627296014266797,-0.2261349451415855,-0.28,0.05,-0.12,15.0935,0.31,-0.823342105263162
minutes_20121023,minutes,2012-10-23,-0.45,-0.35,-0.28,15.645999999999997,15.226071428571428,2.86272960142668,-0.36407745770860966,-0.03,0.03,-0.11,17.516111111111112,0.38,1.8701111111111146
minutes_20121024,minutes,2012-10-24,-0.45,-0.35,-0.28,15.815999999999997,15.350344827586206,2.86272960142668,-0.36407745770860966,-0.03,0.03,-0.11,17.348333333333333,0.38,1.5323333333333355
minutes_20121212,minutes,2012-12-12,-0.26,-0.28,-0.03,16.066842105263156,16.810000000000002,2.7787361275186306,-0.11055078918069494,0.03,-0.12,-0.1,16.675555555555558,0.16000000000000003,0.6087134502924023
minutes_20130130,minutes,2013-01-30,0.28,-0.03,0.05,13.42157894736842,15.213437500000001,2.978736127518631,-0.2169309864064255,0.01,-0.11,-0.17,14.007894736842108,-0.08,0.5863157894736872
minutes_20130320,minutes,2013-03-20,-0.33,0.03,0.01,13.910500000000003,13.647647058823528,2.7956998883873103,-0.4084132921342114,-0.11,-0.1,-0.04,13.617368421052632,-0.13,-0.29313157894737074
minutes_20130501,minutes,2013-05-01,-0.26,-0.12,-0.11,14.045999999999998,13.78862068965517,2.71354175407503,-0.5192550880340523,-0.1,-0.12,0.14,13.238947368421053,0.0,-0.8070526315789444
minutes_20130619,minutes,2013-06-19,-0.29,-0.11,-0.13,15.889999999999999,14.61029411764706,2.6135417540750305,-0.6229373738681803,-0.17,-0.04,0.05,16.10421052631579,0.07,0.21421052631579052
minutes_20130731,minutes,2013-07-31,0.14,-0.13,-0.1,13.746315789473684,15.156206896551724,2.6135417540750305,-0.6070831761091116,-0.12,0.14,-0.18,13.940000000000001,0.27,0.19368421052631746
minutes_20130918,minutes,2013-09-18,-0.52,-0.17,-0.12,15.378947368421052,14.456470588235293,2.3321710097311,-0.5120392485959728,0.14,0.05,0.08,16.116999999999997,0.22000000000000003,0.7380526315789453
minutes_20131030,minutes,2013-10-30,0.3,-0.12,-0.04,15.572,15.179,2.3321710097311,-0.46674909951078636,0.14,-0.18,0.32,12.926499999999999,-0.06,-2.6455
minutes_20131218,minutes,2013-12-18,0.01,0.14,0.14,14.17421052631579,13.664411764705882,2.051486485126752,-0.5451818522684597,-0.18,0.08,0.1,13.09611111111111,-0.06000000000000001,-1.0780994152046794
minutes_20140129,minutes,2014-01-29,0.3,0.14,0.05,13.667222222222222,13.531111111111112,1.8514864851267516,-0.4857402750280775,-0.14,0.32,0.19,15.873157894736844,0.18,2.205935672514622
minutes_20140319,minutes,2014-03-19,-0.7,-0.18,-0.14,14.762,15.498823529411766,1.8713778700934718,-0.5475384993010017,0.32,0.1,0.03,14.654499999999999,0.28,-0.1075000000000017
minutes_20140430,minutes,2014-04-30,0.44,-0.14,0.08,14.29736842105263,14.35655172413793,1.8713778700934718,-0.6098822024412458,0.22,0.19,-0.06,12.579473684210527,0.33,-1.7178947368421031
minutes_20140618,minutes,2014-06-18,0.05,0.32,0.22,11.715263157894737,12.250588235294115,1.4917271941382602,-0.4287341516122627,0.19,0.03,0.12,11.438421052631579,-0.29000000000000004,-0.27684210526315844
minutes_20140730,minutes,2014-07-30,0.12,0.22,0.1,12.057368421052631,11.775172413793102,1.29172719413826,-0.37634374302210993,0.07,-0.06,0.02,13.812499999999996,-0.28,1.7551315789473652
minutes_20140917,minutes,2014-09-17,0.3,0.19,0.07,12.394210526315788,13.380882352941178,1.3124104452052192,-0.3896786778191146,-0.06,0.12,-0.24,16.884,-0.07,4.489789473684212
minutes_20141029,minutes,2014-10-29,-0.23,0.07,0.03,18.582500000000003,17.103666666666665,1.11241044520522,-0.46025140049348146,0.11,0.02,-0.16,13.503499999999999,-0.05,-5.079000000000004
minutes_20141217,minutes,2014-12-17,0.04,-0.06,0.11,15.121052631578948,14.562941176470588,1.03329929975986,-0.5290856678246785,0.02,-0.24,-0.16,17.596666666666668,-0.18,2.4756140350877196
minutes_20150128,minutes,2015-01-28,0.27,0.11,0.12,18.967777777777776,17.92814814814815,0.8332992997598598,-0.607421463208933,-0.23,-0.16,-0.04,16.561052631578946,-0.27,-2.4067251461988306
minutes_20150318,minutes,2015-03-18,-0.26,0.02,-0.23,14.803,16.000882352941176,0.7542629341271399,-0.7902886476478947,-0.16,-0.16,-0.02,14.191052631578946,-0.18,-0.6119473684210543
minutes_20150429,minutes,2015-04-29,-0.48,-0.23,-0.24,13.444736842105264,13.781034482758622,0.6542629341271402,-0.7225183736554879,-0.11,-0.04,-0.22,13.377368421052632,0.19,-0.06736842105263285
minutes_20150617,minutes,2015-06-17,0.0,-0.16,-0.11,13.799999999999999,13.685588235294118,0.8751698853643193,-0.7056271158018195,-0.04,-0.02,-0.31,15.437368421052632,0.14,1.6373684210526331
minutes_20150729,minutes,2015-07-29,-0.34,-0.11,-0.16,14.684736842105263,14.616551724137933,0.5751698853643195,-0.7527988783560406,-0.02,-0.22,-0.19,17.583,-0.11,2.8982631578947355
minutes_20150917,minutes,2015-09-17,0.35,-0.04,-0.02,26.977368421052635,20.642285714285713,0.39588992892743047,-0.8210499958267263,-0.22,-0.31,-0.16,20.814500000000002,-0.27,-6.162868421052632
minutes_20151028,minutes,2015-10-28,-0.28,-0.02,-0.02,17.493000000000002,19.29448275862069,0.2958899289274308,-0.7787453720602837,-0.25,-0.19,-0.22,16.131500000000003,-0.17,-1.3614999999999995
minutes_20151216,minutes,2015-12-16,-0.26,-0.22,-0.25,17.434736842105263,16.82852941176471,0.41629594001719017,-0.8220113220113383,-0.19,-0.16,-0.11,19.964444444444446,0.06,2.529707602339183
minutes_20160127,minutes,2016-01-27,-0.37,-0.25,-0.31,23.356111111111108,21.38925925925926,0.3162959400171905,-0.8032979486592966,-0.14,-0.22,-0.06,22.815263157894737,0.03,-0.540847953216371
minutes_20160316,minutes,2016-03-16,0.09,-0.19,-0.14,18.802500000000002,20.79676470588235,0.23626570577234052,-0.5937597439042301,-0.22,-0.11,-0.09,14.519473684210526,0.08,-4.283026315789476
minutes_20160427,minutes,2016-04-27,-0.23,-0.14,-0.16,14.1565,14.25103448275862,0.33626570577234016,-0.5341140318092945,-0.26,-0.06,-0.12,15.104499999999998,0.08000000000000002,0.9479999999999986
minutes_20160615,minutes,2016-06-15,-0.1,-0.22,-0.26,15.188421052631577,15.08294117647059,0.1556836564089199,-0.48005132025494657,-0.06,-0.09,0.03,17.267368421052637,0.13,2.07894736842106
minutes_20160727,minutes,2016-07-27,-0.35,-0.26,-0.11,13.579999999999998,15.881724137931034,0.25568365640892043,-0.43126718062129576,-0.02,-0.12,0.02,12.151,0.14,-1.4289999999999985
minutes_20160921,minutes,2016-09-21,0.05,-0.06,-0.02,14.416315789473686,13.23871794871795,0.2744424849626901,-0.4006681927859894,-0.12,0.03,-0.06,14.074000000000002,0.09,-0.3423157894736839
minutes_20161102,minutes,2016-11-02,-0.09,-0.09,-0.12,14.882500000000002,14.325333333333333,0.2924446274443602,-0.31474546277623183,0.03,0.06,0.13,14.846315789473683,0.15,-0.036184210526318594
minutes_20161214,minutes,2016-12-14,-0.07,-0.12,-0.12,12.788947368421052,14.327241379310346,0.09244462744436,-0.2175916402682203,0.02,-0.06,0.17,12.035555555555554,0.06,-0.7533918128654982
minutes_20170201,minutes,2017-02-01,0.38,0.03,0.02,11.543157894736844,11.875,0.10960357791821007,-0.22990677235203805,-0.06,0.13,0.0,11.568947368421052,0.1,0.02578947368420792
minutes_20170315,minutes,2017-03-15,-0.11,0.02,0.06,11.799473684210525,11.605172413793108,0.009603577918209538,-0.13666506093248199,0.09,0.17,0.01,12.588000000000001,0.15000000000000002,0.7885263157894755
minutes_20170503,minutes,2017-05-03,0.02,-0.06,0.09,12.953684210526317,12.543235294117647,-0.17415498379363026,-0.32134537578161027,0.17,0.0,0.32,10.92578947368421,0.06,-2.027894736842107
minutes_20170614,minutes,2017-06-14,0.34,0.09,0.13,10.93894736842105,10.743448275862068,-0.17415498379363026,-0.3631786540558828,0.01,0.01,0.33,10.82578947368421,-0.08,-0.11315789473684035
minutes_20170726,minutes,2017-07-26,0.02,0.13,0.17,10.40421052631579,10.449655172413793,-0.2741549837936308,-0.45447885718938696,0.0,0.25,0.07,11.888,0.12,1.4837894736842099
minutes_20170920,minutes,2017-09-20,-0.16,0.01,0.0,11.105263157894736,11.43871794871795,-0.1588922704630793,-0.4968892407311447,0.25,0.33,0.12,9.803500000000001,0.32,-1.3017631578947348
minutes_20171101,minutes,2017-11-01,0.18,0.01,0.25,10.190000000000001,10.037,-0.3446556865827395,-0.5774126312807475,0.33,0.15,0.12,10.519473684210526,0.13999999999999999,0.3294736842105248
minutes_20171213,minutes,2017-12-13,0.54,0.25,0.32,10.66263157894737,10.545172413793104,-0.3446556865827395,-0.45898889461504044,0.07,0.12,0.16,9.857222222222223,-0.13,-0.8054093567251464
minutes_20180131,minutes,2018-01-31,0.23,0.32,0.33,11.000000000000002,10.6125,-0.44465568658274,-0.45462350386344763,0.15,0.32,0.04,22.464736842105264,0.0,11.464736842105262
minutes_20180321,minutes,2018-03-21,-0.23,0.07,0.15,17.8265,20.218529411764706,-0.4314783587561104,-0.36796297227952124,0.32,0.16,0.12,20.29368421052632,0.09,2.4671842105263195
minutes_20180502,minutes,2018-05-02,0.11,0.12,0.32,17.719500000000004,19.018965517241377,-0.5193789034331804,-0.09081682894724707,0.16,0.19,-0.06,13.88684210526316,0.07,-3.832657894736844
minutes_20180613,minutes,2018-06-13,0.4,0.32,0.12,13.23842105263158,13.603103448275862,-0.7193789034331806,-0.11578071257383016,0.04,0.12,-0.11,14.426315789473682,-0.2,1.187894736842102
minutes_20180801,minutes,2018-08-01,0.22,0.16,0.04,12.861052631578948,13.649999999999999,-0.7083614335785597,-0.06378018151435949,0.12,-0.06,-0.3,12.452,-0.22,-0.4090526315789482
minutes_20180926,minutes,2018-09-26,0.05,0.04,0.19,12.974736842105262,12.72974358974359,-0.7083614335785597,-0.004199580042006268,0.03,-0.11,-0.29,17.598499999999998,-0.15,4.623763157894736
minutes_20181108,minutes,2018-11-08,0.02,0.12,0.03,21.044,18.63225806451613,-0.69841580136913,-0.0397047086991158,-0.11,-0.3,-0.2,19.65222222222222,-0.42,-1.3917777777777793
minutes_20181219,minutes,2018-12-19,-0.21,0.03,-0.06,20.85722222222222,20.441851851851855,-0.69841580136913,-0.1290926099158245,-0.16,-0.29,-0.15,24.166111111111114,-0.31999999999999995,3.3088888888888945
minutes_20190130,minutes,2019-01-30,0.01,-0.06,-0.11,19.83105263157895,22.63185185185185,-0.5984158013691299,0.010245188242909542,-0.3,-0.34,-0.1,15.328947368421053,-0.28,-4.502105263157896
minutes_20190320,minutes,2019-03-20,-0.36,-0.16,-0.3,14.368,14.987058823529411,-0.6895180696244001,-0.1555733761026561,-0.34,-0.15,-0.21,13.709999999999999,0.010000000000000009,-0.6580000000000013
minutes_20190501,minutes,2019-05-01,-0.1,-0.29,-0.34,12.903684210526313,13.456896551724139,-0.7816312004623907,-0.3839320048511601,-0.15,-0.05,-0.34,16.6878947368421,0.24,3.7842105263157872
minutes_20190619,minutes,2019-06-19,-0.51,-0.34,-0.2,16.448421052631577,16.513823529411766,-0.8816312004623907,-0.3632211964331482,-0.1,-0.21,-0.31,14.081578947368424,0.13000000000000003,-2.366842105263153
minutes_20190731,minutes,2019-07-31,0.02,-0.2,-0.15,13.137894736842105,13.784137931034483,-0.8816312004623907,-0.43682452348203604,-0.05,-0.35,-0.13,19.034,-0.14999999999999997,5.896105263157894
minutes_20190918,minutes,2019-09-18,-0.36,-0.1,-0.05,16.76842105263158,17.766764705882355,-0.8747059457322499,-0.36088073250592867,-0.35,-0.31,-1.52,16.691000000000003,-0.21,-0.07742105263157839
minutes_20191030,minutes,2019-10-30,0.17,-0.05,-0.21,15.581,15.698333333333329,-0.97470594573225,-0.2541954203262291,-0.34,-0.13,-7.55,12.5535,-0.08,-3.0275
minutes_20191211,minutes,2019-12-11,-0.78,-0.35,-0.34,13.410526315789474,13.150689655172414,-0.8686819201788096,-0.3764140437254575,-0.13,-1.52,-2.42,13.118333333333332,-1.17,-0.29219298245614134
minutes_20200129,minutes,2020-01-29,0.2,-0.34,-0.31,13.446666666666665,13.299375000000001,-0.8686819201788096,-0.5022816802527457,-0.18,-7.55,4.58,17.263684210526318,-7.21,3.8170175438596523
minutes_20200315,minutes,2020-03-15,-0.25,-0.13,-0.18,36.54263157894737,48.81444444444444,-0.9634888351134308,-0.4086711383299395,-7.55,-2.42,1.47,59.43105263157895,-2.29,22.88842105263158
minutes_20200429,minutes,2020-04-29,0.07,-0.18,-1.52,42.376315789473686,47.28923076923076,-0.0634888351134304,-0.3023027689558404,-5.98,4.58,0.93,31.367894736842107,4.76,-11.00842105263158
minutes_20200610,minutes,2020-06-10,-18.34,-7.55,-5.98,28.497894736842106,29.922758620689653,8.740952132338979,-1.0045029777756103,4.58,1.47,0.66,32.335263157894744,9.02,3.8373684210526378
minutes_20200729,minutes,2020-07-29,4.76,-5.98,-2.42,27.219473684210524,29.922352941176474,6.54095213233898,-1.0026216250205593,3.41,0.93,0.61,22.803000000000004,6.91,-4.416473684210519
minutes_20200916,minutes,2020-09-16,2.64,4.58,3.41,26.033684210526317,24.686176470588236,3.9447268615262496,-0.7856633036902743,0.93,0.66,0.47,26.897999999999996,-3.92,0.8643157894736788
minutes_20201105,minutes,2020-11-05,0.5,1.47,0.93,30.503500000000003,29.032500000000002,2.4479267308128003,-0.5203084535923646,0.66,-0.1,0.92,22.80526315789474,-1.57,-7.698236842105263
minutes_20201216,minutes,2020-12-16,1.01,0.93,0.6,22.06894736842105,22.83428571428571,2.2479267308128,-0.5782673895489792,0.61,0.47,0.23,23.275555555555552,-0.4600000000000001,1.2066081871345027
minutes_20210127,minutes,2021-01-27,0.28,0.6,0.66,23.23888888888889,23.08555555555556,2.2479267308128,-0.546478115513203,-0.1,0.23,0.44,23.480526315789472,-0.37,0.24163742690058143
minutes_20210317,minutes,2021-03-17,0.86,0.61,-0.1,23.630500000000005,24.176764705882352,1.7471470101301207,-0.30250605222616844,0.23,0.23,0.19,18.738947368421055,-0.38,-4.89155263157895
minutes_20210428,minutes,2021-04-28,-1.85,-0.1,0.47,17.454736842105262,18.372413793103444,1.6471470101301202,-0.2905329908032588,0.92,0.44,0.25,19.896499999999996,0.54,2.4417631578947336
minutes_20210616,minutes,2021-06-16,0.12,0.23,0.92,17.762105263157892,18.679117647058824,1.35021023370372,1.1306032044336574,0.44,0.19,0.59,16.658421052631578,-0.04000000000000001,-1.103684210526314
minutes_20210728,minutes,2021-07-28,0.23,0.92,0.23,17.43421052631579,17.31344827586207,1.4502102337037206,1.5411199019175887,0.35,0.25,0.26,17.622,-0.67,0.18778947368420873
minutes_20210922,minutes,2021-09-22,0.75,0.44,0.35,18.739473684210527,18.205384615384617,0.6529895829426504,1.9271181756673101,0.25,0.59,0.26,19.398000000000003,0.14999999999999997,0.6585263157894765
minutes_20211103,minutes,2021-11-03,-0.13,0.19,0.25,17.116500000000002,18.423333333333332,0.055582308701040084,2.0138506783037764,0.59,0.18,0.01,19.583684210526314,-0.010000000000000009,2.4671842105263124
minutes_20211215,minutes,2021-12-15,0.93,0.25,0.48,22.615263157894734,20.594827586206897,-0.34441769129896027,2.436672448273571,0.26,0.26,-0.22,18.756315789473685,0.010000000000000009,-3.858947368421049
minutes_20220126,minutes,2022-01-26,0.66,0.48,0.59,21.062105263157896,20.61785714285714,-0.54441769129896,2.8908669097107005,0.18,0.28,-0.15,25.481052631578947,-0.19999999999999996,4.418947368421051
minutes_20220316,minutes,2022-03-16,-0.04,0.26,0.18,30.58789473684211,28.15558823529412,-0.5419167792237407,3.3584365973221804,0.28,-0.22,0.08,21.7485,-0.48,-8.83939473684211
minutes_20220504,minutes,2022-05-04,0.43,0.26,0.28,25.78052631578947,24.006176470588237,-0.7404667293697802,3.5932219240084846,-0.22,0.0,-0.19,29.17900000000001,-0.26,3.39847368421054
minutes_20220615,minutes,2022-06-15,0.0,0.28,0.01,27.539499999999997,28.403666666666663,-0.8404667293697803,3.3450231503002987,-0.15,0.08,-0.34,28.110500000000002,-0.2,0.5710000000000051
minutes_20220727,minutes,2022-07-27,-0.41,0.01,-0.22,25.7435,27.011000000000003,-0.8404667293697803,3.184136763522318,0.0,0.03,-0.17,21.396500000000003,0.019999999999999997,-4.346999999999998
minutes_20220921,minutes,2022-09-21,0.2,-0.15,0.0,25.3105,23.363999999999997,-0.8389317490436095,3.1073740578407856,0.03,-0.34,-0.09,31.0805,-0.19000000000000003,5.77
minutes_20221102,minutes,2022-11-02,0.0,0.08,0.03,29.838,29.989666666666665,-0.8372323670789199,3.6064793279886116,-0.34,-0.11,-0.18,23.045499999999997,-0.19,-6.792500000000004
minutes_20221214,minutes,2022-12-14,0.04,0.03,-0.19,21.8965,22.798,-0.8372323670789199,3.459759683450094,-0.17,-0.09,-0.19,21.738888888888887,-0.12,-0.15761111111111248
minutes_20230201,minutes,2023-02-01,-0.46,-0.34,-0.17,20.0325,20.722727272727273,-0.9352964412522198,2.9668814733705435,-0.09,-0.18,-0.15,20.256,0.16000000000000003,0.22350000000000136
minutes_20230322,minutes,2023-03-22,0.57,-0.17,-0.11,22.027499999999996,21.03457142857143,-0.8352964412522197,2.9376652139744293,-0.27,-0.19,-0.02,18.8978947368421,-0.01999999999999999,-3.1296052631578952
minutes_20230503,minutes,2023-05-03,-0.41,-0.09,-0.27,17.623684210526317,18.497241379310342,-1.03350999614073,2.783286394955444,-0.19,-0.15,-0.14,17.671499999999998,-0.06,0.047815789473681036
minutes_20230614,minutes,2023-06-14,0.04,-0.27,-0.18,16.2715,16.724999999999998,-0.8335099961407297,2.7896422992401044,-0.15,-0.02,-0.16,13.969,0.25,-2.3025
minutes_20230726,minutes,2023-07-26,-0.18,-0.18,-0.19,13.929000000000002,13.870333333333337,-0.8335099961407297,2.731625374880166,-0.15,-0.24,-0.32,15.8075,-0.06,1.8784999999999972
minutes_20230920,minutes,2023-09-20,0.13,-0.15,-0.15,14.284,14.975999999999999,-0.7313678808796293,2.2991241232508637,-0.24,-0.16,-0.28,17.835499999999996,-0.010000000000000009,3.5514999999999954
minutes_20231101,minutes,2023-11-01,-0.03,-0.02,-0.24,18.907,18.477666666666664,-0.5288242400857901,1.6877742080353881,-0.16,-0.28,-0.12,13.931500000000003,-0.26,-4.975499999999997
minutes_20231213,minutes,2023-12-13,-0.51,-0.24,-0.14,13.004499999999998,13.668666666666669,-0.7288242400857898,1.4740628549791763,-0.32,-0.28,-0.15,12.988333333333332,-0.040000000000000036,-0.016166666666666885
minutes_20240131,minutes,2024-01-31,0.14,-0.14,-0.16,13.349999999999998,13.11909090909091,-0.6288242400857902,1.2907438711504255,-0.28,-0.08,-0.15,14.0095,0.06000000000000001,0.6595000000000013
minutes_20240320,minutes,2024-03-20,-0.98,-0.32,-0.28,14.127500000000001,14.07,-0.5256796571856897,1.1590145100208522,-0.08,-0.15,-0.25,15.11578947368421,0.17,0.9882894736842083
minutes_20240501,minutes,2024-05-01,-0.13,-0.28,-0.08,16.3385,15.388620689655173,-0.5221570752654201,1.1221738579216618,-0.15,-0.23,-0.3,12.878499999999999,0.05000000000000002,-3.460000000000001
minutes_20240612,minutes,2024-06-12,-0.38,-0.08,-0.12,12.705,12.988000000000003,-0.5221570752654201,1.006720905553606,-0.15,-0.25,-0.09,12.541,-0.16999999999999998,-0.1639999999999997
minutes_20240731,minutes,2024-07-31,0.16,-0.12,-0.15,14.499500000000001,13.665428571428572,-0.32215707526542037,0.7711764063720334,-0.23,-0.31,-0.07,19.711,-0.19,5.211499999999997
minutes_20240918,minutes,2024-09-18,-0.39,-0.15,-0.23,17.674500000000002,19.02,-0.2181849562262368,0.8062163337682744,-0.31,-0.09,0.01,18.615999999999996,0.06,0.9414999999999942
minutes_20241107,minutes,2024-11-07,-0.29,-0.25,-0.31,19.847,19.060555555555553,-0.3137372661012021,0.838627996468368,-0.09,0.07,-0.17,14.7065,0.32,-5.140500000000001
minutes_20241218,minutes,2024-12-18,-0.56,-0.31,-0.3,14.306000000000001,14.56344827586207,-0.21373726610120158,0.9865021082658982,-0.07,0.01,-0.25,17.565555555555555,0.32,3.259555555555554
minutes_20250129,minutes,2025-01-29,-0.05,-0.3,-0.09,16.840526315789475,17.375714285714288,-0.3137372661012021,0.9807101201256181,0.07,0.06,-0.13,16.5435,0.36,-0.29702631578947347
minutes_20250319,minutes,2025-03-19,-0.5,-0.07,0.07,21.576,19.20857142857143,-0.20904868088453998,0.7801380994415092,0.06,-0.25,-0.22,28.9065,-0.18,7.330500000000001
minutes_20250507,minutes,2025-05-07,0.16,0.01,0.06,28.897368421052636,27.69205882352941,-0.20690622022856964,0.6702948143169758,-0.25,-0.14,-0.37,19.23,-0.15000000000000002,-9.667368421052636
minutes_20250618,minutes,2025-06-18,-0.36,0.06,-0.17,18.993,19.144000000000002,-0.10690622022856999,0.6147959183673519,-0.13,-0.22,-0.29,17.414499999999997,-0.28,-1.5785000000000018
minutes_20250730,minutes,2025-07-30,-0.31,-0.17,-0.25,16.387,17.040333333333333,-0.30690622022857017,0.783883382495933,-0.14,-0.39,-0.15,15.884000000000004,-0.22,-0.5029999999999966
minutes_20250917,minutes,2025-09-17,0.02,-0.13,-0.14,15.385,15.716857142857144,-0.1041997082688404,0.8630472455679401,-0.39,-0.29,0.01,17.1275,-0.15999999999999998,1.7425000000000015
minutes_20251029,minutes,2025-10-29,-0.35,-0.14,-0.22,18.236000000000004,17.498,-0.0041997082688398635,0.912416347215907,-0.37,-0.15,0.07,19.808999999999997,-0.009999999999999981,1.5729999999999933
minutes_20251210,minutes,2025-12-10,-0.5,-0.39,-0.37,19.122,18.71166666666666,0.0981587873589298,0.7545384068738299,-0.15,0.01,0.01,15.063333333333336,0.4,-4.058666666666664
minutes_20260128,minutes,2026-01-28,-0.31,-0.37,-0.29,16.002105263157894,15.650303030303032,-0.0018412126410698448,0.8290927864990767,0.03,0.07,-0.04,18.9985,0.44,2.996394736842106
minutes_20260318,minutes,2026-03-18,-0.07,-0.15,0.03,22.517000000000003,20.83514285714286,0.0009094357963119748,1.104657789335974,0.07,0.01,,24.073157894736845,0.16,1.5561578947368417
minutes_20260429,minutes,2026-04-29,0.22,0.03,0.01,20.018421052631577,22.381379310344826,-0.09909056420368856,1.0492628550881085,-0.04,-0.04,,17.3905,-0.07,-2.627921052631578
transcript_20110427,press_conf,2011-04-27,-0.38,-0.09,0.02,16.611052631578946,18.454666666666665,3.98957744654573,-0.7880956107595631,-0.14,-0.06,-0.03,16.8495,0.03,0.23844736842105263
transcript_20110622,press_conf,2011-06-22,-0.48,-0.15,-0.14,18.60684210526316,17.661538461538463,3.9989160952288705,-0.6052998605299935,-0.06,-0.03,0.03,18.517368421052627,0.12,-0.0894736842105317
transcript_20111102,press_conf,2011-11-02,-0.27,-0.03,-0.03,31.895500000000006,34.79033333333334,3.8210530567678322,-0.14917803038731847,0.03,0.21,-0.17,31.751052631578947,0.24,-0.14444736842105854
transcript_20120125,press_conf,2012-01-25,-0.35,-0.15,0.03,21.104444444444443,21.932142857142853,3.5210530567678315,-0.17213842058560846,0.21,-0.11,-0.26,18.718947368421052,0.039999999999999994,-2.385497076023391
transcript_20120425,press_conf,2012-04-25,0.0,0.21,-0.01,17.70421052631579,16.74566666666667,3.233841513584739,0.025847785264556222,-0.17,-0.26,-0.28,19.961,-0.47,2.256789473684208
transcript_20120620,press_conf,2012-06-20,0.06,-0.11,-0.17,22.465263157894736,21.039743589743587,3.2477469296249692,-0.03466299862448885,-0.26,-0.28,0.05,18.00315789473684,-0.17000000000000004,-4.462105263157895
transcript_20120913,press_conf,2012-09-13,-0.28,-0.26,-0.35,15.916842105263163,15.835000000000003,3.1627296014266797,-0.2261349451415855,-0.28,0.05,-0.12,15.0935,0.31,-0.823342105263162
transcript_20121212,press_conf,2012-12-12,-0.26,-0.28,-0.03,16.066842105263156,16.810000000000002,2.7787361275186306,-0.11055078918069494,0.03,-0.12,-0.1,16.675555555555558,0.16000000000000003,0.6087134502924023
transcript_20130320,press_conf,2013-03-20,-0.33,0.03,0.01,13.910500000000003,13.647647058823528,2.7956998883873103,-0.4084132921342114,-0.11,-0.1,-0.04,13.617368421052632,-0.13,-0.29313157894737074
transcript_20130619,press_conf,2013-06-19,-0.29,-0.11,-0.13,15.889999999999999,14.61029411764706,2.6135417540750305,-0.6229373738681803,-0.17,-0.04,0.05,16.10421052631579,0.07,0.21421052631579052
transcript_20130918,press_conf,2013-09-18,-0.52,-0.17,-0.12,15.378947368421052,14.456470588235293,2.3321710097311,-0.5120392485959728,0.14,0.05,0.08,16.116999999999997,0.22000000000000003,0.7380526315789453
transcript_20131218,press_conf,2013-12-18,0.01,0.14,0.14,14.17421052631579,13.664411764705882,2.051486485126752,-0.5451818522684597,-0.18,0.08,0.1,13.09611111111111,-0.06000000000000001,-1.0780994152046794
transcript_20140319,press_conf,2014-03-19,-0.7,-0.18,-0.14,14.762,15.498823529411766,1.8713778700934718,-0.5475384993010017,0.32,0.1,0.03,14.654499999999999,0.28,-0.1075000000000017
transcript_20140618,press_conf,2014-06-18,0.05,0.32,0.22,11.715263157894737,12.250588235294115,1.4917271941382602,-0.4287341516122627,0.19,0.03,0.12,11.438421052631579,-0.29000000000000004,-0.27684210526315844
transcript_20140917,press_conf,2014-09-17,0.3,0.19,0.07,12.394210526315788,13.380882352941178,1.3124104452052192,-0.3896786778191146,-0.06,0.12,-0.24,16.884,-0.07,4.489789473684212
transcript_20141217,press_conf,2014-12-17,0.04,-0.06,0.11,15.121052631578948,14.562941176470588,1.03329929975986,-0.5290856678246785,0.02,-0.24,-0.16,17.596666666666668,-0.18,2.4756140350877196
transcript_20150318,press_conf,2015-03-18,-0.26,0.02,-0.23,14.803,16.000882352941176,0.7542629341271399,-0.7902886476478947,-0.16,-0.16,-0.02,14.191052631578946,-0.18,-0.6119473684210543
transcript_20150617,press_conf,2015-06-17,0.0,-0.16,-0.11,13.799999999999999,13.685588235294118,0.8751698853643193,-0.7056271158018195,-0.04,-0.02,-0.31,15.437368421052632,0.14,1.6373684210526331
transcript_20150917,press_conf,2015-09-17,0.35,-0.04,-0.02,26.977368421052635,20.642285714285713,0.39588992892743047,-0.8210499958267263,-0.22,-0.31,-0.16,20.814500000000002,-0.27,-6.162868421052632
transcript_20151216,press_conf,2015-12-16,-0.26,-0.22,-0.25,17.434736842105263,16.82852941176471,0.41629594001719017,-0.8220113220113383,-0.19,-0.16,-0.11,19.964444444444446,0.06,2.529707602339183
transcript_20160316,press_conf,2016-03-16,0.09,-0.19,-0.14,18.802500000000002,20.79676470588235,0.23626570577234052,-0.5937597439042301,-0.22,-0.11,-0.09,14.519473684210526,0.08,-4.283026315789476
transcript_20160615,press_conf,2016-06-15,-0.1,-0.22,-0.26,15.188421052631577,15.08294117647059,0.1556836564089199,-0.48005132025494657,-0.06,-0.09,0.03,17.267368421052637,0.13,2.07894736842106
transcript_20160921,press_conf,2016-09-21,0.05,-0.06,-0.02,14.416315789473686,13.23871794871795,0.2744424849626901,-0.4006681927859894,-0.12,0.03,-0.06,14.074000000000002,0.09,-0.3423157894736839
transcript_20161214,press_conf,2016-12-14,-0.07,-0.12,-0.12,12.788947368421052,14.327241379310346,0.09244462744436,-0.2175916402682203,0.02,-0.06,0.17,12.035555555555554,0.06,-0.7533918128654982
transcript_20170315,press_conf,2017-03-15,-0.11,0.02,0.06,11.799473684210525,11.605172413793108,0.009603577918209538,-0.13666506093248199,0.09,0.17,0.01,12.588000000000001,0.15000000000000002,0.7885263157894755
transcript_20170614,press_conf,2017-06-14,0.34,0.09,0.13,10.93894736842105,10.743448275862068,-0.17415498379363026,-0.3631786540558828,0.01,0.01,0.33,10.82578947368421,-0.08,-0.11315789473684035
transcript_20170920,press_conf,2017-09-20,-0.16,0.01,0.0,11.105263157894736,11.43871794871795,-0.1588922704630793,-0.4968892407311447,0.25,0.33,0.12,9.803500000000001,0.32,-1.3017631578947348
transcript_20171213,press_conf,2017-12-13,0.54,0.25,0.32,10.66263157894737,10.545172413793104,-0.3446556865827395,-0.45898889461504044,0.07,0.12,0.16,9.857222222222223,-0.13,-0.8054093567251464
transcript_20180321,press_conf,2018-03-21,-0.23,0.07,0.15,17.8265,20.218529411764706,-0.4314783587561104,-0.36796297227952124,0.32,0.16,0.12,20.29368421052632,0.09,2.4671842105263195
transcript_20180613,press_conf,2018-06-13,0.4,0.32,0.12,13.23842105263158,13.603103448275862,-0.7193789034331806,-0.11578071257383016,0.04,0.12,-0.11,14.426315789473682,-0.2,1.187894736842102
transcript_20180926,press_conf,2018-09-26,0.05,0.04,0.19,12.974736842105262,12.72974358974359,-0.7083614335785597,-0.004199580042006268,0.03,-0.11,-0.29,17.598499999999998,-0.15,4.623763157894736
transcript_20181219,press_conf,2018-12-19,-0.21,0.03,-0.06,20.85722222222222,20.441851851851855,-0.69841580136913,-0.1290926099158245,-0.16,-0.29,-0.15,24.166111111111114,-0.31999999999999995,3.3088888888888945
transcript_20190130,press_conf,2019-01-30,0.01,-0.06,-0.11,19.83105263157895,22.63185185185185,-0.5984158013691299,0.010245188242909542,-0.3,-0.34,-0.1,15.328947368421053,-0.28,-4.502105263157896
transcript_20190320,press_conf,2019-03-20,-0.36,-0.16,-0.3,14.368,14.987058823529411,-0.6895180696244001,-0.1555733761026561,-0.34,-0.15,-0.21,13.709999999999999,0.010000000000000009,-0.6580000000000013
transcript_20190501,press_conf,2019-05-01,-0.1,-0.29,-0.34,12.903684210526313,13.456896551724139,-0.7816312004623907,-0.3839320048511601,-0.15,-0.05,-0.34,16.6878947368421,0.24,3.7842105263157872
transcript_20190619,press_conf,2019-06-19,-0.51,-0.34,-0.2,16.448421052631577,16.513823529411766,-0.8816312004623907,-0.3632211964331482,-0.1,-0.21,-0.31,14.081578947368424,0.13000000000000003,-2.366842105263153
transcript_20190731,press_conf,2019-07-31,0.02,-0.2,-0.15,13.137894736842105,13.784137931034483,-0.8816312004623907,-0.43682452348203604,-0.05,-0.35,-0.13,19.034,-0.14999999999999997,5.896105263157894
transcript_20190918,press_conf,2019-09-18,-0.36,-0.1,-0.05,16.76842105263158,17.766764705882355,-0.8747059457322499,-0.36088073250592867,-0.35,-0.31,-1.52,16.691000000000003,-0.21,-0.07742105263157839
transcript_20191030,press_conf,2019-10-30,0.17,-0.05,-0.21,15.581,15.698333333333329,-0.97470594573225,-0.2541954203262291,-0.34,-0.13,-7.55,12.5535,-0.08,-3.0275
transcript_20191211,press_conf,2019-12-11,-0.78,-0.35,-0.34,13.410526315789474,13.150689655172414,-0.8686819201788096,-0.3764140437254575,-0.13,-1.52,-2.42,13.118333333333332,-1.17,-0.29219298245614134
transcript_20200129,press_conf,2020-01-29,0.2,-0.34,-0.31,13.446666666666665,13.299375000000001,-0.8686819201788096,-0.5022816802527457,-0.18,-7.55,4.58,17.263684210526318,-7.21,3.8170175438596523
transcript_20200303,press_conf,2020-03-03,-0.25,-0.13,-0.18,20.442105263157895,19.873478260869568,-0.9634888351134308,-0.4086711383299395,-7.55,-2.42,1.47,59.99849999999999,-2.29,39.556394736842094
transcript_20200315,press_conf,2020-03-15,-0.25,-0.13,-0.18,36.54263157894737,48.81444444444444,-0.9634888351134308,-0.4086711383299395,-7.55,-2.42,1.47,59.43105263157895,-2.29,22.88842105263158
transcript_20200429,press_conf,2020-04-29,0.07,-0.18,-1.52,42.376315789473686,47.28923076923076,-0.0634888351134304,-0.3023027689558404,-5.98,4.58,0.93,31.367894736842107,4.76,-11.00842105263158
transcript_20200610,press_conf,2020-06-10,-18.34,-7.55,-5.98,28.497894736842106,29.922758620689653,8.740952132338979,-1.0045029777756103,4.58,1.47,0.66,32.335263157894744,9.02,3.8373684210526378
transcript_20200729,press_conf,2020-07-29,4.76,-5.98,-2.42,27.219473684210524,29.922352941176474,6.54095213233898,-1.0026216250205593,3.41,0.93,0.61,22.803000000000004,6.91,-4.416473684210519
transcript_20200916,press_conf,2020-09-16,2.64,4.58,3.41,26.033684210526317,24.686176470588236,3.9447268615262496,-0.7856633036902743,0.93,0.66,0.47,26.897999999999996,-3.92,0.8643157894736788
transcript_20201105,press_conf,2020-11-05,0.5,1.47,0.93,30.503500000000003,29.032500000000002,2.4479267308128003,-0.5203084535923646,0.66,-0.1,0.92,22.80526315789474,-1.57,-7.698236842105263
transcript_20201216,press_conf,2020-12-16,1.01,0.93,0.6,22.06894736842105,22.83428571428571,2.2479267308128,-0.5782673895489792,0.61,0.47,0.23,23.275555555555552,-0.4600000000000001,1.2066081871345027
transcript_20210127,press_conf,2021-01-27,0.28,0.6,0.66,23.23888888888889,23.08555555555556,2.2479267308128,-0.546478115513203,-0.1,0.23,0.44,23.480526315789472,-0.37,0.24163742690058143
transcript_20210317,press_conf,2021-03-17,0.86,0.61,-0.1,23.630500000000005,24.176764705882352,1.7471470101301207,-0.30250605222616844,0.23,0.23,0.19,18.738947368421055,-0.38,-4.89155263157895
transcript_20210428,press_conf,2021-04-28,-1.85,-0.1,0.47,17.454736842105262,18.372413793103444,1.6471470101301202,-0.2905329908032588,0.92,0.44,0.25,19.896499999999996,0.54,2.4417631578947336
transcript_20210616,press_conf,2021-06-16,0.12,0.23,0.92,17.762105263157892,18.679117647058824,1.35021023370372,1.1306032044336574,0.44,0.19,0.59,16.658421052631578,-0.04000000000000001,-1.103684210526314
transcript_20210728,press_conf,2021-07-28,0.23,0.92,0.23,17.43421052631579,17.31344827586207,1.4502102337037206,1.5411199019175887,0.35,0.25,0.26,17.622,-0.67,0.18778947368420873
transcript_20210922,press_conf,2021-09-22,0.75,0.44,0.35,18.739473684210527,18.205384615384617,0.6529895829426504,1.9271181756673101,0.25,0.59,0.26,19.398000000000003,0.14999999999999997,0.6585263157894765
transcript_20211103,press_conf,2021-11-03,-0.13,0.19,0.25,17.116500000000002,18.423333333333332,0.055582308701040084,2.0138506783037764,0.59,0.18,0.01,19.583684210526314,-0.010000000000000009,2.4671842105263124
transcript_20211215,press_conf,2021-12-15,0.93,0.25,0.48,22.615263157894734,20.594827586206897,-0.34441769129896027,2.436672448273571,0.26,0.26,-0.22,18.756315789473685,0.010000000000000009,-3.858947368421049
transcript_20220126,press_conf,2022-01-26,0.66,0.48,0.59,21.062105263157896,20.61785714285714,-0.54441769129896,2.8908669097107005,0.18,0.28,-0.15,25.481052631578947,-0.19999999999999996,4.418947368421051
transcript_20220316,press_conf,2022-03-16,-0.04,0.26,0.18,30.58789473684211,28.15558823529412,-0.5419167792237407,3.3584365973221804,0.28,-0.22,0.08,21.7485,-0.48,-8.83939473684211
transcript_20220504,press_conf,2022-05-04,0.43,0.26,0.28,25.78052631578947,24.006176470588237,-0.7404667293697802,3.5932219240084846,-0.22,0.0,-0.19,29.17900000000001,-0.26,3.39847368421054
transcript_20220615,press_conf,2022-06-15,0.0,0.28,0.01,27.539499999999997,28.403666666666663,-0.8404667293697803,3.3450231503002987,-0.15,0.08,-0.34,28.110500000000002,-0.2,0.5710000000000051
transcript_20220727,press_conf,2022-07-27,-0.41,0.01,-0.22,25.7435,27.011000000000003,-0.8404667293697803,3.184136763522318,0.0,0.03,-0.17,21.396500000000003,0.019999999999999997,-4.346999999999998
transcript_20220921,press_conf,2022-09-21,0.2,-0.15,0.0,25.3105,23.363999999999997,-0.8389317490436095,3.1073740578407856,0.03,-0.34,-0.09,31.0805,-0.19000000000000003,5.77
transcript_20221102,press_conf,2022-11-02,0.0,0.08,0.03,29.838,29.989666666666665,-0.8372323670789199,3.6064793279886116,-0.34,-0.11,-0.18,23.045499999999997,-0.19,-6.792500000000004
transcript_20221214,press_conf,2022-12-14,0.04,0.03,-0.19,21.8965,22.798,-0.8372323670789199,3.459759683450094,-0.17,-0.09,-0.19,21.738888888888887,-0.12,-0.15761111111111248
transcript_20230201,press_conf,2023-02-01,-0.46,-0.34,-0.17,20.0325,20.722727272727273,-0.9352964412522198,2.9668814733705435,-0.09,-0.18,-0.15,20.256,0.16000000000000003,0.22350000000000136
transcript_20230322,press_conf,2023-03-22,0.57,-0.17,-0.11,22.027499999999996,21.03457142857143,-0.8352964412522197,2.9376652139744293,-0.27,-0.19,-0.02,18.8978947368421,-0.01999999999999999,-3.1296052631578952
transcript_20230503,press_conf,2023-05-03,-0.41,-0.09,-0.27,17.623684210526317,18.497241379310342,-1.03350999614073,2.783286394955444,-0.19,-0.15,-0.14,17.671499999999998,-0.06,0.047815789473681036
transcript_20230614,press_conf,2023-06-14,0.04,-0.27,-0.18,16.2715,16.724999999999998,-0.8335099961407297,2.7896422992401044,-0.15,-0.02,-0.16,13.969,0.25,-2.3025
transcript_20230726,press_conf,2023-07-26,-0.18,-0.18,-0.19,13.929000000000002,13.870333333333337,-0.8335099961407297,2.731625374880166,-0.15,-0.24,-0.32,15.8075,-0.06,1.8784999999999972
transcript_20230920,press_conf,2023-09-20,0.13,-0.15,-0.15,14.284,14.975999999999999,-0.7313678808796293,2.2991241232508637,-0.24,-0.16,-0.28,17.835499999999996,-0.010000000000000009,3.5514999999999954
transcript_20231101,press_conf,2023-11-01,-0.03,-0.02,-0.24,18.907,18.477666666666664,-0.5288242400857901,1.6877742080353881,-0.16,-0.28,-0.12,13.931500000000003,-0.26,-4.975499999999997
transcript_20231213,press_conf,2023-12-13,-0.51,-0.24,-0.14,13.004499999999998,13.668666666666669,-0.7288242400857898,1.4740628549791763,-0.32,-0.28,-0.15,12.988333333333332,-0.040000000000000036,-0.016166666666666885
transcript_20240131,press_conf,2024-01-31,0.14,-0.14,-0.16,13.349999999999998,13.11909090909091,-0.6288242400857902,1.2907438711504255,-0.28,-0.08,-0.15,14.0095,0.06000000000000001,0.6595000000000013
transcript_20240320,press_conf,2024-03-20,-0.98,-0.32,-0.28,14.127500000000001,14.07,-0.5256796571856897,1.1590145100208522,-0.08,-0.15,-0.25,15.11578947368421,0.17,0.9882894736842083
transcript_20240501,press_conf,2024-05-01,-0.13,-0.28,-0.08,16.3385,15.388620689655173,-0.5221570752654201,1.1221738579216618,-0.15,-0.23,-0.3,12.878499999999999,0.05000000000000002,-3.460000000000001
transcript_20240612,press_conf,2024-06-12,-0.38,-0.08,-0.12,12.705,12.988000000000003,-0.5221570752654201,1.006720905553606,-0.15,-0.25,-0.09,12.541,-0.16999999999999998,-0.1639999999999997
transcript_20240731,press_conf,2024-07-31,0.16,-0.12,-0.15,14.499500000000001,13.665428571428572,-0.32215707526542037,0.7711764063720334,-0.23,-0.31,-0.07,19.711,-0.19,5.211499999999997
transcript_20240918,press_conf,2024-09-18,-0.39,-0.15,-0.23,17.674500000000002,19.02,-0.2181849562262368,0.8062163337682744,-0.31,-0.09,0.01,18.615999999999996,0.06,0.9414999999999942
transcript_20241107,press_conf,2024-11-07,-0.29,-0.25,-0.31,19.847,19.060555555555553,-0.3137372661012021,0.838627996468368,-0.09,0.07,-0.17,14.7065,0.32,-5.140500000000001
transcript_20241218,press_conf,2024-12-18,-0.56,-0.31,-0.3,14.306000000000001,14.56344827586207,-0.21373726610120158,0.9865021082658982,-0.07,0.01,-0.25,17.565555555555555,0.32,3.259555555555554
transcript_20250129,press_conf,2025-01-29,-0.05,-0.3,-0.09,16.840526315789475,17.375714285714288,-0.3137372661012021,0.9807101201256181,0.07,0.06,-0.13,16.5435,0.36,-0.29702631578947347
transcript_20250319,press_conf,2025-03-19,-0.5,-0.07,0.07,21.576,19.20857142857143,-0.20904868088453998,0.7801380994415092,0.06,-0.25,-0.22,28.9065,-0.18,7.330500000000001
transcript_20250507,press_conf,2025-05-07,0.16,0.01,0.06,28.897368421052636,27.69205882352941,-0.20690622022856964,0.6702948143169758,-0.25,-0.14,-0.37,19.23,-0.15000000000000002,-9.667368421052636
transcript_20250618,press_conf,2025-06-18,-0.36,0.06,-0.17,18.993,19.144000000000002,-0.10690622022856999,0.6147959183673519,-0.13,-0.22,-0.29,17.414499999999997,-0.28,-1.5785000000000018
transcript_20250730,press_conf,2025-07-30,-0.31,-0.17,-0.25,16.387,17.040333333333333,-0.30690622022857017,0.783883382495933,-0.14,-0.39,-0.15,15.884000000000004,-0.22,-0.5029999999999966
transcript_20250917,press_conf,2025-09-17,0.02,-0.13,-0.14,15.385,15.716857142857144,-0.1041997082688404,0.8630472455679401,-0.39,-0.29,0.01,17.1275,-0.15999999999999998,1.7425000000000015
transcript_20251029,press_conf,2025-10-29,-0.35,-0.14,-0.22,18.236000000000004,17.498,-0.0041997082688398635,0.912416347215907,-0.37,-0.15,0.07,19.808999999999997,-0.009999999999999981,1.5729999999999933
transcript_20251210,press_conf,2025-12-10,-0.5,-0.39,-0.37,19.122,18.71166666666666,0.0981587873589298,0.7545384068738299,-0.15,0.01,0.01,15.063333333333336,0.4,-4.058666666666664
transcript_20260128,press_conf,2026-01-28,-0.31,-0.37,-0.29,16.002105263157894,15.650303030303032,-0.0018412126410698448,0.8290927864990767,0.03,0.07,-0.04,18.9985,0.44,2.996394736842106
transcript_20260318,press_conf,2026-03-18,-0.07,-0.15,0.03,22.517000000000003,20.83514285714286,0.0009094357963119748,1.104657789335974,0.07,0.01,,24.073157894736845,0.16,1.5561578947368417
transcript_20260429,press_conf,2026-04-29,0.22,0.03,0.01,20.018421052631577,22.381379310344826,-0.09909056420368856,1.0492628550881085,-0.04,-0.04,,17.3905,-0.07,-2.627921052631578
speech_bernanke_20110203a,speech,2011-02-03,0.09,-0.07,-0.03,17.327894736842104,17.881666666666664,4.0895774465457295,-0.9432516024922659,0.02,-0.14,0.06,17.88736842105263,-0.07,0.559473684210527
speech_bernanke_20110210a,speech,2011-02-10,0.09,-0.07,-0.03,17.084210526315786,17.07909090909091,4.0895774465457295,-0.9432516024922659,0.02,-0.14,0.06,19.027368421052632,-0.07,1.9431578947368457
speech_bernanke_20110218a,speech,2011-02-18,0.09,-0.07,-0.03,16.949499999999997,16.781176470588235,4.0895774465457295,-0.9432516024922659,0.02,-0.14,0.06,21.55315789473684,-0.07,4.603657894736845
speech_bernanke_20110302a,speech,2011-03-02,0.02,-0.03,-0.09,17.60789473684211,17.68916666666667,3.98957744654573,-0.8765553665741592,-0.15,-0.27,-0.03,20.859500000000004,-0.24000000000000002,3.251605263157895
speech_bernanke_20110323a,speech,2011-03-23,0.02,-0.03,-0.09,21.4765,24.224999999999998,3.98957744654573,-0.8765553665741592,-0.15,-0.27,-0.03,17.151999999999997,-0.24000000000000002,-4.324500000000004
speech_bernanke_20110404a,speech,2011-04-04,-0.38,-0.09,0.02,20.7335,20.777142857142856,3.98957744654573,-0.7880956107595631,-0.14,-0.06,-0.03,16.103684210526318,0.03,-4.629815789473682
speech_bernanke_20110429a,speech,2011-04-29,-0.38,-0.09,0.02,16.32263157894737,14.985,3.98957744654573,-0.7880956107595631,-0.14,-0.06,-0.03,16.9845,0.03,0.6618684210526311
speech_bernanke_20110505a,speech,2011-05-05,0.41,0.02,-0.15,16.084210526315786,15.748333333333333,4.09891609522887,-0.7854296207816507,-0.27,0.06,-0.15,17.029473684210526,0.039999999999999994,0.9452631578947397
speech_bernanke_20110512a,speech,2011-05-12,0.41,0.02,-0.15,16.138947368421054,16.464545454545455,4.09891609522887,-0.7854296207816507,-0.27,0.06,-0.15,17.377894736842105,0.039999999999999994,1.2389473684210515
speech_bernanke_20110516a,speech,2011-05-16,0.41,0.02,-0.15,16.21842105263158,16.477692307692305,4.09891609522887,-0.7854296207816507,-0.27,0.06,-0.15,17.54421052631579,0.039999999999999994,1.3257894736842104
speech_bernanke_20110607a,speech,2011-06-07,-0.48,-0.15,-0.14,17.07578947368421,16.881785714285716,3.9989160952288705,-0.6052998605299935,-0.06,-0.03,0.03,19.073684210526313,0.12,1.9978947368421025
speech_bernanke_20110614a,speech,2011-06-14,-0.48,-0.15,-0.14,17.54421052631579,17.145151515151515,3.9989160952288705,-0.6052998605299935,-0.06,-0.03,0.03,18.716315789473683,0.12,1.172105263157892
speech_bernanke_20110826a,speech,2011-08-26,0.01,-0.27,-0.06,34.92700000000001,37.676923076923075,4.00940731748662,-0.4136709481212346,-0.03,-0.15,0.21,34.963684210526324,0.12000000000000002,0.03668421052631743
speech_bernanke_20110908a,speech,2011-09-08,0.17,-0.06,0.06,35.80263157894737,36.109523809523814,4.00940731748662,-0.2655482404839242,-0.03,0.03,-0.01,37.85200000000001,0.09,2.049368421052641
speech_bernanke_20110915a,speech,2011-09-15,0.17,-0.06,0.06,36.39631578947369,36.20153846153846,4.00940731748662,-0.2655482404839242,-0.03,0.03,-0.01,37.0245,0.09,0.6281842105263138
speech_bernanke_20110928a,speech,2011-09-28,0.17,-0.06,0.06,35.5721052631579,39.33,4.00940731748662,-0.2655482404839242,-0.03,0.03,-0.01,34.563,0.09,-1.009105263157899
speech_bernanke_20111018a,speech,2011-10-18,0.01,0.06,-0.03,36.920500000000004,37.13421052631579,4.00940731748662,-0.16036948416895225,-0.15,0.1,-0.11,30.934499999999996,0.04000000000000001,-5.986000000000008
speech_bernanke_20111109a,speech,2011-11-09,-0.27,-0.03,-0.03,30.624000000000002,30.145999999999997,3.8210530567678322,-0.14917803038731847,0.03,0.21,-0.17,30.983684210526313,0.24,0.3596842105263107
speech_bernanke_20111110a,speech,2011-11-10,-0.27,-0.03,-0.03,30.869,31.14833333333333,3.8210530567678322,-0.14917803038731847,0.03,0.21,-0.17,30.86684210526316,0.24,-0.002157894736839694
speech_bernanke_20120216a,speech,2012-02-16,0.28,0.03,0.1,18.816000000000003,18.786875,3.3338415135847406,-0.025039088923149322,-0.01,-0.17,-0.35,17.45368421052632,-0.2,-1.3623157894736835
speech_bernanke_20120314a,speech,2012-03-14,0.37,0.1,0.21,17.960526315789476,14.8,3.3338415135847406,0.06147921922719135,-0.11,-0.14,-0.28,16.10473684210526,-0.24000000000000002,-1.855789473684215
speech_bernanke_20120323a,speech,2012-03-23,0.37,0.1,0.21,16.822499999999998,15.165,3.3338415135847406,0.06147921922719135,-0.11,-0.14,-0.28,17.32421052631579,-0.24000000000000002,0.5017105263157937
speech_bernanke_20120326a,speech,2012-03-26,0.37,0.1,0.21,16.698,15.126666666666665,3.3338415135847406,0.06147921922719135,-0.11,-0.14,-0.28,17.572105263157894,-0.24000000000000002,0.8741052631578938
speech_bernanke_20120409a,speech,2012-04-09,0.0,0.21,-0.01,15.395789473684209,15.382222222222222,3.233841513584739,0.025847785264556222,-0.17,-0.26,-0.28,18.1175,-0.47,2.721710526315791
speech_bernanke_20120413a,speech,2012-04-13,0.0,0.21,-0.01,16.198421052631577,16.05909090909091,3.233841513584739,0.025847785264556222,-0.17,-0.26,-0.28,18.151999999999997,-0.47,1.9535789473684204
speech_bernanke_20120510a,speech,2012-05-10,-0.39,-0.01,-0.11,18.053500000000003,17.70909090909091,3.2477469296249692,0.04484542336240693,-0.14,-0.35,-0.03,22.9621052631579,-0.33999999999999997,4.908605263157895
speech_bernanke_20120724a,speech,2012-07-24,-0.17,-0.17,-0.14,17.57,17.8104347826087,3.2477469296249692,-0.17325531611245104,-0.35,-0.28,0.03,15.996999999999996,-0.11000000000000001,-1.573000000000004
speech_bernanke_20120806a,speech,2012-08-06,-0.33,-0.14,-0.26,17.648999999999997,17.39,3.2627296014266793,-0.18074152054478976,-0.28,-0.03,0.01,15.407368421052633,0.11000000000000001,-2.2416315789473646
speech_bernanke_20120807a,speech,2012-08-07,-0.33,-0.14,-0.26,17.547499999999996,17.03,3.2627296014266793,-0.18074152054478976,-0.28,-0.03,0.01,15.512105263157896,0.11000000000000001,-2.0353947368421004
speech_bernanke_20120831a,speech,2012-08-31,-0.33,-0.14,-0.26,15.342999999999998,15.608636363636366,3.2627296014266793,-0.18074152054478976,-0.28,-0.03,0.01,15.284736842105264,0.11000000000000001,-0.05826315789473391
speech_bernanke_20121001a,speech,2012-10-01,-0.45,-0.35,-0.28,15.284736842105264,14.685,2.86272960142668,-0.36407745770860966,-0.03,0.03,-0.11,16.15157894736842,0.38,0.8668421052631565
speech_bernanke_20121014a,speech,2012-10-14,-0.45,-0.35,-0.28,15.175,15.093636363636364,2.86272960142668,-0.36407745770860966,-0.03,0.03,-0.11,17.35666666666667,0.38,2.1816666666666684
speech_bernanke_20121115a,speech,2012-11-15,-0.11,-0.28,-0.28,17.672777777777775,17.89785714285714,2.8787361275186303,-0.30839794692585176,0.05,0.01,-0.13,15.887894736842105,0.29000000000000004,-1.7848830409356697
speech_bernanke_20121120a,speech,2012-11-20,-0.11,-0.28,-0.28,17.724444444444444,17.659411764705883,2.8787361275186303,-0.30839794692585176,0.05,0.01,-0.13,16.002631578947366,0.29000000000000004,-1.7218128654970783
speech_bernanke_20130301a,speech,2013-03-01,-0.33,0.03,0.01,14.072631578947368,14.094285714285713,2.7956998883873103,-0.4084132921342114,-0.11,-0.1,-0.04,12.908947368421053,-0.13,-1.1636842105263145
speech_bernanke_20130325a,speech,2013-03-25,-0.33,0.03,0.01,13.718499999999997,13.410000000000002,2.7956998883873103,-0.4084132921342114,-0.11,-0.1,-0.04,13.913157894736843,-0.13,0.1946578947368458
speech_bernanke_20130408a,speech,2013-04-08,0.23,0.01,-0.12,12.998947368421051,13.414166666666667,2.59569988838731,-0.4398683469750013,-0.13,-0.17,0.14,13.965,-0.18000000000000002,0.9660526315789486
speech_bernanke_20130412a,speech,2013-04-12,0.23,0.01,-0.12,13.192105263157897,13.225000000000001,2.59569988838731,-0.4398683469750013,-0.13,-0.17,0.14,14.0505,-0.18000000000000002,0.8583947368421025
speech_bernanke_20130510a,speech,2013-05-10,-0.26,-0.12,-0.11,14.024000000000001,13.172857142857142,2.71354175407503,-0.5192550880340523,-0.1,-0.12,0.14,14.414736842105263,0.0,0.3907368421052624
speech_bernanke_20130518a,speech,2013-05-18,-0.26,-0.12,-0.11,13.2195,12.957692307692307,2.71354175407503,-0.5192550880340523,-0.1,-0.12,0.14,15.520526315789473,0.0,2.301026315789473
speech_bernanke_20130602a,speech,2013-06-02,-0.29,-0.11,-0.13,13.47,13.493636363636362,2.6135417540750305,-0.6229373738681803,-0.17,-0.04,0.05,17.2715,0.07,3.801499999999999
speech_bernanke_20130710a,speech,2013-07-10,0.14,-0.13,-0.1,17.059473684210527,17.040714285714284,2.6135417540750305,-0.6070831761091116,-0.12,0.14,-0.18,13.133,0.27,-3.926473684210528
speech_bernanke_20131002a,speech,2013-10-02,0.3,-0.12,-0.04,14.638500000000002,14.392999999999997,2.3321710097311,-0.46674909951078636,0.14,-0.18,0.32,15.4245,-0.06,0.7859999999999978
speech_bernanke_20131014a,speech,2013-10-14,0.3,-0.12,-0.04,15.770000000000005,15.916111111111114,2.3321710097311,-0.46674909951078636,0.14,-0.18,0.32,13.584999999999997,-0.06,-2.1850000000000076
speech_bernanke_20131108a,speech,2013-11-08,0.1,-0.04,0.14,13.903000000000002,13.35142857142857,2.3514864851267516,-0.4707739559058659,0.05,-0.14,0.22,13.256315789473684,-0.1,-0.6466842105263186
speech_bernanke_20131113a,speech,2013-11-13,0.1,-0.04,0.14,13.293000000000001,13.171000000000001,2.3514864851267516,-0.4707739559058659,0.05,-0.14,0.22,13.516842105263157,-0.1,0.22384210526315584
speech_bernanke_20131114a,speech,2013-11-14,0.1,-0.04,0.14,13.183499999999999,13.111818181818183,2.3514864851267516,-0.4707739559058659,0.05,-0.14,0.22,13.683684210526316,-0.1,0.5001842105263172
speech_bernanke_20131119a,speech,2013-11-19,0.1,-0.04,0.14,13.082500000000001,12.992142857142857,2.3514864851267516,-0.4707739559058659,0.05,-0.14,0.22,14.17421052631579,-0.1,1.0917105263157882
speech_bernanke_20131216a,speech,2013-12-16,0.01,0.14,0.14,13.871578947368421,13.5109375,2.051486485126752,-0.5451818522684597,-0.18,0.08,0.1,13.398888888888887,-0.06000000000000001,-0.47269005847953416
speech_bernanke_20131216b,speech,2013-12-16,0.01,0.14,0.14,13.871578947368421,13.5109375,2.051486485126752,-0.5451818522684597,-0.18,0.08,0.1,13.398888888888887,-0.06000000000000001,-0.47269005847953416
speech_bernanke_20140103a,speech,2014-01-03,0.3,0.14,0.05,14.094999999999999,13.356,1.8514864851267516,-0.4857402750280775,-0.14,0.32,0.19,14.266842105263157,0.18,0.17184210526315802
speech_powell_20180213a,speech,2018-02-13,0.2,0.33,0.07,17.9715,25.275555555555552,-0.53147835875611,-0.4231234866828064,0.12,0.12,0.19,18.32315789473684,-0.21000000000000002,0.3516578947368423
speech_powell_20180406a,speech,2018-04-06,0.47,0.15,0.12,19.461578947368423,21.46909090909091,-0.53147835875611,-0.35578188246403286,0.12,0.04,0.03,17.027,-0.10999999999999999,-2.434578947368422
speech_powell_20180508a,speech,2018-05-08,0.11,0.12,0.32,16.676,15.3475,-0.5193789034331804,-0.09081682894724707,0.16,0.19,-0.06,13.56578947368421,0.07,-3.1102105263157878
speech_powell_20180525a,speech,2018-05-25,0.11,0.12,0.32,14.0735,13.802352941176471,-0.5193789034331804,-0.09081682894724707,0.16,0.19,-0.06,13.18578947368421,0.07,-0.8877105263157894
speech_powell_20180620a,speech,2018-06-20,0.4,0.32,0.12,13.03473684210526,12.540000000000001,-0.7193789034331806,-0.11578071257383016,0.04,0.12,-0.11,14.38421052631579,-0.2,1.3494736842105297
speech_powell_20180824a,speech,2018-08-24,0.22,0.16,0.04,12.6705,12.546470588235294,-0.7083614335785597,-0.06378018151435949,0.12,-0.06,-0.3,12.976842105263158,-0.22,0.3063421052631572
speech_powell_20180927a,speech,2018-09-27,0.05,0.04,0.19,13.008421052631578,12.89,-0.7083614335785597,-0.004199580042006268,0.03,-0.11,-0.29,18.189,-0.15,5.1805789473684225
speech_powell_20181002a,speech,2018-10-02,0.3,0.19,0.12,12.864999999999998,12.355,-0.8083614335785594,-0.10423700033958916,-0.06,-0.16,-0.34,19.991000000000003,-0.35,7.126000000000005
speech_powell_20181128a,speech,2018-11-28,0.02,0.12,0.03,19.634210526315787,19.74923076923077,-0.69841580136913,-0.0397047086991158,-0.11,-0.3,-0.2,23.73611111111111,-0.42,4.101900584795324
speech_powell_20181203a,speech,2018-12-03,-0.21,0.03,-0.06,19.385263157894737,19.505625,-0.69841580136913,-0.1290926099158245,-0.16,-0.29,-0.15,25.426111111111112,-0.31999999999999995,6.040847953216375
speech_powell_20181206a,speech,2018-12-06,-0.21,0.03,-0.06,19.403888888888886,19.403888888888886,-0.69841580136913,-0.1290926099158245,-0.16,-0.29,-0.15,25.800555555555558,-0.31999999999999995,6.396666666666672
speech_powell_20190206a,speech,2019-02-06,-0.13,-0.11,-0.16,18.238947368421055,16.334000000000003,-0.4895180696243999,0.03807991418609724,-0.29,-0.2,-0.05,15.016842105263157,-0.09000000000000001,-3.222105263157898
speech_powell_20190212a,speech,2019-02-12,-0.13,-0.11,-0.16,17.538947368421056,16.123333333333335,-0.4895180696243999,0.03807991418609724,-0.29,-0.2,-0.05,14.872105263157895,-0.09000000000000001,-2.666842105263161
speech_powell_20190228b,speech,2019-02-28,-0.13,-0.11,-0.16,15.328947368421053,15.445500000000001,-0.4895180696243999,0.03807991418609724,-0.29,-0.2,-0.05,14.523999999999997,-0.09000000000000001,-0.8049473684210557
speech_powell_20190308a,speech,2019-03-08,-0.36,-0.16,-0.3,15.028421052631577,15.344615384615384,-0.6895180696244001,-0.1555733761026561,-0.34,-0.15,-0.21,13.988499999999998,0.010000000000000009,-1.0399210526315787
speech_powell_20190311a,speech,2019-03-11,-0.36,-0.16,-0.3,15.045789473684211,15.370740740740741,-0.6895180696244001,-0.1555733761026561,-0.34,-0.15,-0.21,13.931000000000003,0.010000000000000009,-1.1147894736842083
speech_powell_20190509a,speech,2019-05-09,-0.1,-0.29,-0.34,13.71157894736842,16.041666666666668,-0.7816312004623907,-0.3839320048511601,-0.15,-0.05,-0.34,16.862105263157893,0.24,3.150526315789474
speech_powell_20190520a,speech,2019-05-20,-0.1,-0.29,-0.34,15.386999999999997,16.745384615384616,-0.7816312004623907,-0.3839320048511601,-0.15,-0.05,-0.34,16.437894736842104,0.24,1.0508947368421069
speech_powell_20190604a,speech,2019-06-04,-0.51,-0.34,-0.2,17.326842105263157,16.81478260869565,-0.8816312004623907,-0.3632211964331482,-0.1,-0.21,-0.31,15.394,0.13000000000000003,-1.9328421052631573
speech_powell_20190625a,speech,2019-06-25,-0.51,-0.34,-0.2,16.237,14.934999999999999,-0.8816312004623907,-0.3632211964331482,-0.1,-0.21,-0.31,13.683157894736842,0.13000000000000003,-2.553842105263156
speech_powell_20190709a,speech,2019-07-09,0.02,-0.2,-0.15,14.917368421052629,14.610000000000001,-0.8816312004623907,-0.43682452348203604,-0.05,-0.35,-0.13,14.604,-0.14999999999999997,-0.31336842105262974
speech_powell_20190716a,speech,2019-07-16,0.02,-0.2,-0.15,14.22105263157895,14.169444444444444,-0.8816312004623907,-0.43682452348203604,-0.05,-0.35,-0.13,16.058500000000002,-0.14999999999999997,1.8374473684210528
speech_powell_20190823a,speech,2019-08-23,0.04,-0.15,-0.1,17.844,18.70294117647059,-0.7747059457322498,-0.34301869012094244,-0.21,-0.34,-0.18,16.29315789473684,-0.19000000000000003,-1.5508421052631611
speech_powell_20191004a,speech,2019-10-04,0.17,-0.05,-0.21,15.808000000000002,16.58416666666667,-0.97470594573225,-0.2541954203262291,-0.34,-0.13,-7.55,14.637500000000003,-0.08,-1.1704999999999988
speech_powell_20191007a,speech,2019-10-07,0.17,-0.05,-0.21,15.910000000000002,16.61923076923077,-0.97470594573225,-0.2541954203262291,-0.34,-0.13,-7.55,14.386000000000001,-0.08,-1.524000000000001
speech_powell_20191008a,speech,2019-10-08,0.17,-0.05,-0.21,16.0395,16.707857142857144,-0.97470594573225,-0.2541954203262291,-0.34,-0.13,-7.55,14.027000000000001,-0.08,-2.0124999999999993
speech_powell_20191009a,speech,2019-10-09,0.17,-0.05,-0.21,16.2935,16.946,-0.97470594573225,-0.2541954203262291,-0.34,-0.13,-7.55,13.726000000000003,-0.08,-2.567499999999999
speech_powell_20191125a,speech,2019-11-25,-0.43,-0.21,-0.35,12.727500000000001,12.68,-0.8686819201788096,-0.36798591066973074,-0.31,-0.18,-5.98,13.549999999999999,0.03,0.822499999999998
speech_powell_20200409a,speech,2020-04-09,0.07,-0.18,-1.52,61.041,54.95615384615385,-0.0634888351134304,-0.3023027689558404,-5.98,4.58,0.93,37.42789473684211,4.76,-23.613105263157884
speech_powell_20200513a,speech,2020-05-13,-4.38,-1.52,-7.55,36.039500000000004,32.63,10.34095213233898,-0.4727046905625958,-2.42,3.41,0.6,28.092105263157894,4.93,-7.94739473684211
speech_powell_20200521a,speech,2020-05-21,-4.38,-1.52,-7.55,32.9035,32.118750000000006,10.34095213233898,-0.4727046905625958,-2.42,3.41,0.6,29.645263157894735,4.93,-3.2582368421052657
speech_powell_20200619a,speech,2020-06-19,-18.34,-7.55,-5.98,29.645263157894735,34.13285714285714,8.740952132338979,-1.0045029777756103,4.58,1.47,0.66,29.87315789473684,9.02,0.22789473684210293
speech_powell_20200827a,speech,2020-08-27,6.33,-2.42,4.58,22.803000000000004,22.86476190476191,5.744726861526249,-1.0295480880649004,1.47,0.6,-0.1,27.61894736842105,3.02,4.815947368421046
speech_powell_20201006a,speech,2020-10-06,1.26,3.41,1.47,27.292500000000008,26.968571428571426,3.344726861526249,-0.6068961530680133,0.6,0.61,0.23,30.427999999999997,-2.8000000000000003,3.1354999999999897
speech_powell_20210210a,speech,2021-02-10,0.68,0.66,0.61,24.67315789473684,26.473000000000003,1.947147010130121,-0.4912099077855041,0.47,0.92,0.35,23.835263157894733,0.26,-0.8378947368421059
speech_powell_20210318a,speech,2021-03-18,0.86,0.61,-0.1,23.517000000000003,19.23,1.7471470101301207,-0.30250605222616844,0.23,0.23,0.19,18.475263157894734,-0.38,-5.041736842105269
speech_powell_20210503a,speech,2021-05-03,2.4,0.47,0.23,17.420500000000004,17.833333333333332,1.6502102337037199,0.19913601957335558,0.23,0.35,0.48,19.836842105263155,-0.12,2.4163421052631513
speech_powell_20210817a,speech,2021-08-17,0.33,0.23,0.44,17.467499999999998,17.134285714285713,0.9529895829426511,1.8617128102137466,0.19,0.48,0.18,18.130000000000003,0.24999999999999997,0.662500000000005
speech_powell_20210827a,speech,2021-08-27,0.33,0.23,0.44,17.678999999999995,17.708636363636366,0.9529895829426511,1.8617128102137466,0.19,0.48,0.18,19.01473684210526,0.24999999999999997,1.3357368421052662
speech_powell_20210924a,speech,2021-09-24,0.75,0.44,0.35,18.943157894736842,19.75,0.6529895829426504,1.9271181756673101,0.25,0.59,0.26,19.101,0.14999999999999997,0.1578421052631569
speech_powell_20211108a,speech,2021-11-08,-0.13,0.19,0.25,16.502000000000002,15.673333333333332,0.055582308701040084,2.0138506783037764,0.59,0.18,0.01,21.513157894736842,-0.010000000000000009,5.01115789473684
speech_powell_20211109a,speech,2021-11-09,-0.13,0.19,0.25,16.363,16.06,0.055582308701040084,2.0138506783037764,0.59,0.18,0.01,21.72947368421053,-0.010000000000000009,5.366473684210529
speech_powell_20211129a,speech,2021-11-29,-0.13,0.19,0.25,17.808421052631576,17.99529411764706,0.055582308701040084,2.0138506783037764,0.59,0.18,0.01,22.523684210526316,-0.010000000000000009,4.715263157894739
speech_powell_20220321a,speech,2022-03-21,-0.04,0.26,0.18,30.380526315789467,25.403333333333336,-0.5419167792237407,3.3584365973221804,0.28,-0.22,0.08,21.408947368421053,-0.48,-8.971578947368414
speech_powell_20220524a,speech,2022-05-24,0.43,0.26,0.28,30.482,29.967142857142864,-0.7404667293697802,3.5932219240084846,-0.22,0.0,-0.19,27.902000000000005,-0.26,-2.5799999999999947
speech_powell_20220617a,speech,2022-06-17,0.0,0.28,0.01,27.652499999999996,31.285000000000004,-0.8404667293697803,3.3450231503002987,-0.15,0.08,-0.34,27.438,-0.2,-0.21449999999999747
speech_powell_20220826a,speech,2022-08-26,-0.25,-0.22,-0.15,21.369,21.497727272727275,-0.9389317490436095,3.31569109508947,0.08,-0.19,-0.11,26.065500000000004,0.03,4.696500000000004
speech_powell_20220928a,speech,2022-09-28,0.2,-0.15,0.0,26.6875,30.024,-0.8389317490436095,3.1073740578407856,0.03,-0.34,-0.09,30.728,-0.19000000000000003,4.0405000000000015
speech_powell_20221130a,speech,2022-11-30,0.0,0.08,0.03,23.3095,23.3095,-0.8372323670789199,3.6064793279886116,-0.34,-0.11,-0.18,21.80842105263158,-0.19,-1.5010789473684198
speech_powell_20230110a,speech,2023-01-10,-0.6,-0.19,-0.34,21.851111111111113,21.81,-0.93723236707892,3.20808883271644,-0.11,-0.27,-0.15,19.276000000000003,-0.08000000000000002,-2.5751111111111094
speech_powell_20230629a,speech,2023-06-29,0.04,-0.27,-0.18,14.047,13.723636363636365,-0.8335099961407297,2.7896422992401044,-0.15,-0.02,-0.16,13.960500000000001,0.25,-0.08649999999999913
speech_powell_20230825a,speech,2023-08-25,-0.41,-0.19,-0.15,15.947,15.751818181818182,-0.9313678808796295,2.3837868084213527,-0.02,-0.14,-0.28,14.334999999999999,0.04999999999999999,-1.612
speech_powell_20230928a,speech,2023-09-28,0.13,-0.15,-0.15,14.867500000000001,17.323333333333334,-0.7313678808796293,2.2991241232508637,-0.24,-0.16,-0.28,18.694499999999998,-0.010000000000000009,3.8269999999999964
speech_powell_20231019a,speech,2023-10-19,-0.17,-0.15,-0.02,17.835499999999996,17.70714285714286,-0.7313678808796293,1.8282036156702226,-0.14,-0.32,-0.08,16.9775,-0.17,-0.857999999999997
speech_powell_20231025a,speech,2023-10-25,-0.17,-0.15,-0.02,18.428999999999995,18.171999999999997,-0.7313678808796293,1.8282036156702226,-0.14,-0.32,-0.08,15.586000000000004,-0.17,-2.842999999999991
speech_powell_20231108a,speech,2023-11-08,-0.03,-0.02,-0.24,18.3015,15.428,-0.5288242400857901,1.6877742080353881,-0.16,-0.28,-0.12,13.418000000000001,-0.26,-4.8835
speech_powell_20231109a,speech,2023-11-09,-0.03,-0.02,-0.24,18.2195,15.265,-0.5288242400857901,1.6877742080353881,-0.16,-0.28,-0.12,13.3065,-0.26,-4.913
speech_powell_20231201a,speech,2023-12-01,-0.51,-0.24,-0.14,13.794500000000003,14.01909090909091,-0.7288242400857898,1.4740628549791763,-0.32,-0.28,-0.15,12.723157894736842,-0.040000000000000036,-1.0713421052631613
speech_powell_20240403a,speech,2024-04-03,0.26,-0.28,-0.28,13.839473684210526,13.277777777777779,-0.5256796571856897,1.059467984974007,-0.12,-0.15,-0.31,16.3915,0.13000000000000003,2.5520263157894743
speech_powell_20240519a,speech,2024-05-19,-0.13,-0.28,-0.08,14.086000000000002,13.26153846153846,-0.5221570752654201,1.1221738579216618,-0.15,-0.23,-0.3,12.693999999999999,0.05000000000000002,-1.392000000000003
speech_powell_20240823a,speech,2024-08-23,-0.22,-0.15,-0.15,19.8355,20.354705882352942,-0.2181849562262368,0.7531619063573265,-0.25,-0.3,0.07,17.726,-0.15,-2.1095000000000006
speech_powell_20240926a,speech,2024-09-26,-0.39,-0.15,-0.23,17.625999999999998,16.23333333333333,-0.2181849562262368,0.8062163337682744,-0.31,-0.09,0.01,19.490499999999997,0.06,1.8644999999999996
speech_powell_20240930a,speech,2024-09-30,-0.39,-0.15,-0.23,17.71,16.21625,-0.2181849562262368,0.8062163337682744,-0.31,-0.09,0.01,19.812499999999996,0.06,2.1024999999999956
speech_powell_20241114a,speech,2024-11-14,-0.29,-0.25,-0.31,18.473499999999998,14.768,-0.3137372661012021,0.838627996468368,-0.09,0.07,-0.17,14.491,0.32,-3.982499999999998
speech_powell_20250307a,speech,2025-03-07,-0.5,-0.07,0.07,18.2675,17.825185185185187,-0.20904868088453998,0.7801380994415092,0.06,-0.25,-0.22,23.040999999999997,-0.18,4.7734999999999985
speech_powell_20250404a,speech,2025-04-04,0.39,0.07,0.01,21.943999999999996,20.655,-0.20904868088453998,0.9686432938117457,-0.17,-0.13,-0.39,31.57684210526316,-0.2,9.632842105263165
speech_powell_20250416a,speech,2025-04-16,0.39,0.07,0.01,28.269500000000004,28.269500000000004,-0.20904868088453998,0.9686432938117457,-0.17,-0.13,-0.39,24.561052631578946,-0.2,-3.7084473684210586
speech_powell_20250515a,speech,2025-05-15,0.16,0.01,0.06,24.561052631578946,20.526666666666667,-0.20690622022856964,0.6702948143169758,-0.25,-0.14,-0.37,18.589999999999996,-0.15000000000000002,-5.971052631578949
speech_powell_20250525a,speech,2025-05-25,0.16,0.01,0.06,21.38,19.83846153846154,-0.20690622022856964,0.6702948143169758,-0.25,-0.14,-0.37,18.9675,-0.15000000000000002,-2.412499999999998
speech_powell_20250602a,speech,2025-06-02,-0.36,0.06,-0.17,20.1445,19.69388888888889,-0.10690622022856999,0.6147959183673519,-0.13,-0.22,-0.29,18.4055,-0.28,-1.7390000000000008
speech_powell_20250722a,speech,2025-07-22,-0.31,-0.17,-0.25,16.7625,17.417083333333334,-0.30690622022857017,0.783883382495933,-0.14,-0.39,-0.15,15.9545,-0.22,-0.8079999999999998
speech_powell_20250822a,speech,2025-08-22,-0.09,-0.25,-0.13,16.031,16.157647058823528,-0.1041997082688404,0.8073722050588001,-0.22,-0.37,0.03,15.403,-0.12,-0.6279999999999983
speech_powell_20250923a,speech,2025-09-23,0.02,-0.13,-0.14,15.4685,15.742500000000001,-0.1041997082688404,0.8630472455679401,-0.39,-0.29,0.01,18.0425,-0.15999999999999998,2.574
speech_powell_20251009a,speech,2025-10-09,-0.35,-0.14,-0.22,16.061,16.231250000000003,-0.0041997082688398635,0.912416347215907,-0.37,-0.15,0.07,18.688,-0.009999999999999981,2.626999999999999
speech_powell_20251014a,speech,2025-10-14,-0.35,-0.14,-0.22,16.659000000000002,16.674736842105265,-0.0041997082688398635,0.912416347215907,-0.37,-0.15,0.07,18.311,-0.009999999999999981,1.6519999999999975
speech_powell_20251201a,speech,2025-12-01,-0.5,-0.39,-0.37,19.7695,19.42,0.0981587873589298,0.7545384068738299,-0.15,0.01,0.01,15.554736842105264,0.4,-4.214763157894737
speech_powell_20260111a,speech,2026-01-11,-0.31,-0.37,-0.29,15.027222222222223,15.088095238095237,-0.0018412126410698448,0.8290927864990767,0.03,0.07,-0.04,17.139499999999998,0.44,2.1122777777777753
speech_powell_20260321a,speech,2026-03-21,-0.07,-0.15,0.03,23.366500000000002,25.310000000000002,0.0009094357963119748,1.104657789335974,0.07,0.01,,23.261578947368424,0.16,-0.10492105263157825
speech_powell_20260531a,speech,2026-05-31,-0.11,0.01,0.07,17.2495,17.290434782608692,-0.09593247642493008,1.253849776876594,0.01,,,17.9925,,0.7429999999999986
speech_yellen_20140305a,speech,2014-03-05,-0.7,-0.18,-0.14,14.920000000000002,15.711666666666666,1.8713778700934718,-0.5475384993010017,0.32,0.1,0.03,14.6885,0.28,-0.23150000000000226
speech_yellen_20140325a,speech,2014-03-25,-0.7,-0.18,-0.14,14.788499999999999,14.932500000000001,1.8713778700934718,-0.5475384993010017,0.32,0.1,0.03,14.434736842105263,0.28,-0.3537631578947362
speech_yellen_20140331a,speech,2014-03-31,-0.7,-0.18,-0.14,14.884500000000003,14.713750000000001,1.8713778700934718,-0.5475384993010017,0.32,0.1,0.03,14.265263157894738,0.28,-0.6192368421052645
speech_yellen_20140415a,speech,2014-04-15,0.44,-0.14,0.08,14.646999999999997,14.653684210526313,1.8713778700934718,-0.6098822024412458,0.22,0.19,-0.06,13.319999999999999,0.33,-1.3269999999999982
speech_yellen_20140416a,speech,2014-04-16,0.44,-0.14,0.08,14.7015,14.7015,1.8713778700934718,-0.6098822024412458,0.22,0.19,-0.06,13.214210526315787,0.33,-1.4872894736842124
speech_yellen_20140501a,speech,2014-05-01,0.48,0.08,0.32,14.31421052631579,13.41,1.3917271941382605,-0.5525769243058569,0.1,0.07,0.11,12.491052631578947,-0.009999999999999995,-1.823157894736843
speech_yellen_20140515a,speech,2014-05-15,0.48,0.08,0.32,13.214210526315787,12.994545454545454,1.3917271941382605,-0.5525769243058569,0.1,0.07,0.11,11.76421052631579,-0.009999999999999995,-1.4499999999999975
speech_yellen_20140521a,speech,2014-05-21,0.48,0.08,0.32,13.112999999999996,12.928666666666665,1.3917271941382605,-0.5525769243058569,0.1,0.07,0.11,11.64684210526316,-0.009999999999999995,-1.4661578947368366
speech_yellen_20140702a,speech,2014-07-02,0.12,0.22,0.1,11.503499999999999,11.238999999999999,1.29172719413826,-0.37634374302210993,0.07,-0.06,0.02,12.189473684210528,-0.28,0.6859736842105288
speech_yellen_20140822a,speech,2014-08-22,0.14,0.1,0.19,14.076499999999996,14.294117647058824,1.4124104452052197,-0.4364551157532741,0.03,0.11,-0.23,12.487894736842104,0.009999999999999995,-1.5886052631578913
speech_yellen_20140918a,speech,2014-09-18,0.3,0.19,0.07,12.440000000000001,12.65,1.3124104452052192,-0.3896786778191146,-0.06,0.12,-0.24,17.5425,-0.07,5.102499999999999
speech_yellen_20141017a,speech,2014-10-17,-0.23,0.07,0.03,17.5425,17.06954545454545,1.11241044520522,-0.46025140049348146,0.11,0.02,-0.16,14.779000000000002,-0.05,-2.7634999999999987
speech_yellen_20141030a,speech,2014-10-30,-0.23,0.07,0.03,18.5045,15.15,1.11241044520522,-0.46025140049348146,0.11,0.02,-0.16,13.450000000000001,-0.05,-5.054499999999999
speech_yellen_20141107a,speech,2014-11-07,0.01,0.03,-0.06,17.943,14.451428571428574,0.9332992997598604,-0.44515194144463077,0.12,-0.23,-0.11,13.056842105263158,-0.26,-4.886157894736844
speech_yellen_20150303a,speech,2015-03-03,-0.26,0.02,-0.23,15.567894736842103,16.321304347826086,0.7542629341271399,-0.7902886476478947,-0.16,-0.16,-0.02,14.949000000000002,-0.18,-0.6188947368421012
speech_yellen_20150327a,speech,2015-03-27,-0.26,0.02,-0.23,14.717500000000001,14.19,0.7542629341271399,-0.7902886476478947,-0.16,-0.16,-0.02,13.669473684210528,-0.18,-1.048026315789473
speech_yellen_20150402a,speech,2015-04-02,-0.48,-0.23,-0.24,14.993,14.482727272727272,0.6542629341271402,-0.7225183736554879,-0.11,-0.04,-0.22,13.347894736842106,0.19,-1.6451052631578946
speech_yellen_20150506a,speech,2015-05-06,0.01,-0.24,-0.16,13.1975,13.559999999999999,0.67516988536432,-0.7191601049868694,-0.16,-0.02,-0.25,13.348947368421053,0.22,0.15144736842105289
speech_yellen_20150522a,speech,2015-05-22,0.01,-0.24,-0.16,13.296000000000001,13.417647058823531,0.67516988536432,-0.7191601049868694,-0.16,-0.02,-0.25,14.03842105263158,0.22,0.7424210526315793
speech_yellen_20150710a,speech,2015-07-10,-0.34,-0.11,-0.16,15.497894736842108,15.655000000000001,0.5751698853643195,-0.7527988783560406,-0.02,-0.22,-0.19,12.9275,-0.11,-2.5703947368421076
speech_yellen_20150924a,speech,2015-09-24,0.35,-0.04,-0.02,24.55,21.625999999999998,0.39588992892743047,-0.8210499958267263,-0.22,-0.31,-0.16,19.137999999999998,-0.27,-5.412000000000003
speech_yellen_20150930a,speech,2015-09-30,0.35,-0.04,-0.02,24.00105263157895,23.297777777777778,0.39588992892743047,-0.8210499958267263,-0.22,-0.31,-0.16,16.9845,-0.27,-7.01655263157895
speech_yellen_20151020a,speech,2015-10-20,-0.28,-0.02,-0.02,20.195,20.324347826086957,0.2958899289274308,-0.7787453720602837,-0.25,-0.19,-0.22,15.862,-0.17,-4.333
speech_yellen_20151112a,speech,2015-11-12,-0.12,-0.02,-0.22,15.181000000000003,15.041818181818183,0.3162959400171905,-0.7678751835689095,-0.31,-0.14,-0.26,16.856315789473687,-0.12000000000000001,1.675315789473684
speech_yellen_20151202a,speech,2015-12-02,-0.26,-0.22,-0.25,16.32526315789474,15.953333333333333,0.41629594001719017,-0.8220113220113383,-0.19,-0.16,-0.11,18.303684210526317,0.06,1.9784210526315782
speech_yellen_20160329a,speech,2016-03-29,0.09,-0.19,-0.14,16.176315789473687,14.54125,0.23626570577234052,-0.5937597439042301,-0.22,-0.11,-0.09,14.1565,0.08,-2.0198157894736877
speech_yellen_20160606a,speech,2016-06-06,-0.1,-0.22,-0.26,14.539473684210526,14.73703703703704,0.1556836564089199,-0.48005132025494657,-0.06,-0.09,0.03,18.466315789473686,0.13,3.9268421052631606
speech_yellen_20160826a,speech,2016-08-26,0.13,-0.11,-0.06,12.196499999999999,12.24909090909091,0.17444248496268955,-0.4475960446729026,-0.09,-0.12,0.06,14.252105263157896,-0.009999999999999995,2.055605263157897
speech_yellen_20160929a,speech,2016-09-29,0.05,-0.06,-0.02,14.278947368421052,12.933333333333332,0.2744424849626901,-0.4006681927859894,-0.12,0.03,-0.06,14.316500000000001,0.09,0.03755263157894895
speech_yellen_20161014a,speech,2016-10-14,-0.22,-0.02,-0.09,13.979,13.691764705882353,0.3744424849626897,-0.3030415430266924,-0.12,0.02,0.09,16.276500000000002,0.04,2.297500000000003
speech_yellen_20161219a,speech,2016-12-19,-0.07,-0.12,-0.12,12.69736842105263,12.726666666666665,0.09244462744436,-0.2175916402682203,0.02,-0.06,0.17,11.924117647058821,0.06,-0.7732507739938086
speech_yellen_20170112a,speech,2017-01-12,-0.22,-0.12,0.03,12.035555555555554,12.096315789473685,0.09244462744436,-0.28114083754571073,0.06,0.09,0.01,11.491052631578945,0.21,-0.5445029239766086
speech_yellen_20170118a,speech,2017-01-18,-0.22,-0.12,0.03,11.948823529411765,12.021363636363635,0.09244462744436,-0.28114083754571073,0.06,0.09,0.01,11.369,0.21,-0.5798235294117653
speech_yellen_20170119a,speech,2017-01-19,-0.22,-0.12,0.03,12.019999999999998,12.041304347826086,0.09244462744436,-0.28114083754571073,0.06,0.09,0.01,11.318,0.21,-0.7019999999999982
speech_yellen_20170303a,speech,2017-03-03,-0.11,0.02,0.06,11.562631578947368,11.591904761904763,0.009603577918209538,-0.13666506093248199,0.09,0.17,0.01,11.917,0.15000000000000002,0.3543684210526319
speech_yellen_20170323a,speech,2017-03-23,-0.11,0.02,0.06,11.82,11.790000000000001,0.009603577918209538,-0.13666506093248199,0.09,0.17,0.01,13.35,0.15000000000000002,1.5299999999999994
speech_yellen_20170328a,speech,2017-03-28,-0.11,0.02,0.06,11.9855,12.146666666666667,0.009603577918209538,-0.13666506093248199,0.09,0.17,0.01,13.31,0.15000000000000002,1.3245000000000005
speech_yellen_20170505a,speech,2017-05-05,0.02,-0.06,0.09,12.735789473684212,10.57,-0.17415498379363026,-0.32134537578161027,0.17,0.0,0.32,10.852631578947367,0.06,-1.8831578947368453
speech_yellen_20170825a,speech,2017-08-25,0.16,0.17,0.01,11.994,11.799545454545454,-0.25889227046307983,-0.4235561970199013,0.01,0.32,0.15,10.75157894736842,0.15,-1.2424210526315793
speech_yellen_20170926a,speech,2017-09-26,-0.16,0.01,0.0,10.693157894736842,9.8125,-0.1588922704630793,-0.4968892407311447,0.25,0.33,0.12,9.934000000000001,0.32,-0.7591578947368411
speech_yellen_20171004a,speech,2017-10-04,0.01,0.0,0.01,10.267999999999999,9.731,-0.25889227046307983,-0.5664062895758031,0.32,0.07,0.32,10.2185,0.07,-0.04949999999999832
speech_yellen_20171015a,speech,2017-10-15,0.01,0.0,0.01,9.7945,9.753333333333334,-0.25889227046307983,-0.5664062895758031,0.32,0.07,0.32,10.284,0.07,0.4895000000000014
speech_yellen_20171020a,speech,2017-10-20,0.01,0.0,0.01,9.8225,9.813636363636364,-0.25889227046307983,-0.5664062895758031,0.32,0.07,0.32,10.739,0.07,0.916500000000001
speech_yellen_20171107a,speech,2017-11-07,0.18,0.01,0.25,10.183499999999999,9.6675,-0.3446556865827395,-0.5774126312807475,0.33,0.15,0.12,10.906842105263161,0.13999999999999999,0.7233421052631623
