level,key,unit,period,macro,n_tokens,zero_share,n,r,p_r,rho,p_rho,q_rho,eligible,unit_level
genre,minutes,ALL,T1,cfnai,7072,0.0,99,-0.0203,0.8417,0.0994,0.3278,0.9353,True,modal
genre,minutes,ALL,T1,vix,7072,0.0,99,0.0494,0.6273,-0.0258,0.8,0.8666,True,modal
genre,minutes,ALL,T2,cfnai,6346,0.0,91,0.1362,0.1979,0.1575,0.1359,0.6405,True,modal
genre,minutes,ALL,T2,vix,6346,0.0,91,-0.1358,0.1993,-0.1247,0.2389,0.3654,True,modal
genre,minutes,ALL,T3,cfnai,9097,0.0,132,-0.0163,0.8529,0.0954,0.2764,0.7805,True,modal
genre,minutes,ALL,T3,vix,9097,0.0,132,-0.0133,0.8793,-0.1036,0.2372,0.3628,True,modal
genre,minutes,ALL,H1,cfnai,3736,0.0,48,0.0209,0.8877,0.0798,0.5899,0.8154,True,modal
genre,minutes,ALL,H1,vix,3736,0.0,48,0.066,0.6558,0.132,0.3711,0.5613,True,modal
genre,minutes,ALL,H2,cfnai,2610,0.0,43,0.2661,0.0845,0.1757,0.2597,0.5237,True,modal
genre,minutes,ALL,H2,vix,2610,0.0,43,0.06,0.7025,0.0267,0.8649,0.975,True,modal
genre,minutes,can,T1,cfnai,84,0.566,99,-0.1251,0.2172,0.2668,0.0076,0.1974,True,modal
genre,minutes,can,T1,vix,84,0.566,99,0.4435,0.0,0.4609,0.0,0.0,True,modal
genre,minutes,can,T2,cfnai,70,0.604,91,0.3099,0.0028,0.338,0.001,0.0273,False,modal
genre,minutes,can,T2,vix,70,0.604,91,0.4479,0.0,0.4383,0.0,0.0002,False,modal
genre,minutes,can,T3,cfnai,92,0.621,132,-0.1151,0.1889,0.2689,0.0018,0.0475,False,modal
genre,minutes,can,T3,vix,92,0.621,132,0.3452,0.0001,0.3522,0.0,0.0004,False,modal
genre,minutes,can,H1,cfnai,26,0.688,48,-0.1031,0.4858,0.0109,0.9414,0.9414,False,modal
genre,minutes,can,H1,vix,26,0.688,48,0.0525,0.7229,0.2234,0.1269,0.3656,False,modal
genre,minutes,can,H2,cfnai,44,0.512,43,0.5356,0.0002,0.5938,0.0,0.0007,True,modal
genre,minutes,can,H2,vix,44,0.512,43,0.6286,0.0,0.6237,0.0,0.0002,True,modal
genre,minutes,could,T1,cfnai,1659,0.0,99,0.0312,0.7589,-0.093,0.3597,0.9353,True,modal
genre,minutes,could,T1,vix,1659,0.0,99,0.1493,0.1403,0.2136,0.0338,0.0627,True,modal
genre,minutes,could,T2,cfnai,1476,0.0,91,-0.1068,0.3137,-0.1166,0.271,0.6405,True,modal
genre,minutes,could,T2,vix,1476,0.0,91,0.1398,0.1863,0.2121,0.0435,0.0871,True,modal
genre,minutes,could,T3,cfnai,2085,0.0,132,0.0301,0.7322,-0.0232,0.7921,0.846,True,modal
genre,minutes,could,T3,vix,2085,0.0,132,0.1494,0.0874,0.1426,0.1028,0.1783,True,modal
genre,minutes,could,H1,cfnai,806,0.0,48,-0.1702,0.2474,-0.087,0.5565,0.8154,True,modal
genre,minutes,could,H1,vix,806,0.0,48,0.2187,0.1353,0.3156,0.0289,0.1633,True,modal
genre,minutes,could,H2,cfnai,670,0.0,43,-0.0789,0.6149,-0.0621,0.6924,0.8611,True,modal
genre,minutes,could,H2,vix,670,0.0,43,-0.0246,0.8758,0.0056,0.9716,0.975,True,modal
genre,minutes,may,T1,cfnai,502,0.081,99,0.0192,0.8501,-0.0141,0.8902,0.9681,True,modal
genre,minutes,may,T1,vix,502,0.081,99,-0.1795,0.0755,-0.2464,0.014,0.0363,True,modal
genre,minutes,may,T2,cfnai,469,0.066,91,0.1305,0.2174,0.0697,0.5113,0.7385,True,modal
genre,minutes,may,T2,vix,469,0.066,91,-0.1301,0.2192,-0.1656,0.1168,0.2024,True,modal
genre,minutes,may,T3,cfnai,617,0.121,132,0.0185,0.8331,0.0128,0.8838,0.8838,True,modal
genre,minutes,may,T3,vix,617,0.121,132,-0.2307,0.0078,-0.3237,0.0002,0.001,True,modal
genre,minutes,may,H1,cfnai,299,0.042,48,0.2016,0.1694,0.1475,0.3171,0.753,True,modal
genre,minutes,may,H1,vix,299,0.042,48,0.2468,0.0909,0.197,0.1795,0.3789,True,modal
genre,minutes,may,H2,cfnai,170,0.093,43,0.1047,0.5041,-0.0016,0.9917,0.9917,True,modal
genre,minutes,may,H2,vix,170,0.093,43,-0.3552,0.0194,-0.4202,0.005,0.0419,True,modal
genre,minutes,should,T1,cfnai,393,0.091,99,-0.0007,0.9942,-0.0444,0.6628,0.9681,True,modal
genre,minutes,should,T1,vix,393,0.091,99,-0.1943,0.054,-0.1632,0.1065,0.1639,True,modal
genre,minutes,should,T2,cfnai,365,0.088,91,0.0146,0.8905,0.0017,0.9872,0.9872,True,modal
genre,minutes,should,T2,vix,365,0.088,91,-0.2275,0.0301,-0.144,0.1731,0.2813,True,modal
genre,minutes,should,T3,cfnai,506,0.098,132,-0.0005,0.9955,-0.0402,0.6472,0.846,True,modal
genre,minutes,should,T3,vix,506,0.098,132,-0.1964,0.024,-0.1817,0.0371,0.0742,True,modal
genre,minutes,should,H1,cfnai,248,0.062,48,-0.0482,0.745,-0.1534,0.2978,0.753,True,modal
genre,minutes,should,H1,vix,248,0.062,48,-0.0018,0.9906,0.1544,0.2948,0.5409,True,modal
genre,minutes,should,H2,cfnai,117,0.116,43,0.1156,0.4605,0.0854,0.5863,0.8611,True,modal
genre,minutes,should,H2,vix,117,0.116,43,-0.1743,0.2635,-0.1552,0.3203,0.572,True,modal
genre,minutes,will,T1,cfnai,885,0.0,99,0.0461,0.6503,0.0234,0.8183,0.9681,True,modal
genre,minutes,will,T1,vix,885,0.0,99,-0.2007,0.0464,-0.2884,0.0038,0.0141,True,modal
genre,minutes,will,T2,cfnai,794,0.0,91,0.0392,0.7122,0.0148,0.889,0.963,True,modal
genre,minutes,will,T2,vix,794,0.0,91,-0.3651,0.0004,-0.426,0.0,0.0002,True,modal
genre,minutes,will,T3,cfnai,1232,0.0,132,0.0331,0.7067,-0.0231,0.793,0.846,True,modal
genre,minutes,will,T3,vix,1232,0.0,132,-0.2117,0.0148,-0.2698,0.0018,0.0075,True,modal
genre,minutes,will,H1,cfnai,521,0.0,48,0.1674,0.2555,0.0774,0.6008,0.8154,True,modal
genre,minutes,will,H1,vix,521,0.0,48,-0.2462,0.0916,-0.2146,0.143,0.3656,True,modal
genre,minutes,will,H2,cfnai,273,0.0,43,-0.0617,0.6943,-0.0417,0.7906,0.8611,True,modal
genre,minutes,will,H2,vix,273,0.0,43,-0.2051,0.1869,-0.2785,0.0706,0.2401,True,modal
genre,minutes,would,T1,cfnai,3549,0.0,99,-0.0691,0.4969,0.111,0.2739,0.9353,True,modal
genre,minutes,would,T1,vix,3549,0.0,99,0.1661,0.1003,0.102,0.3149,0.3898,True,modal
genre,minutes,would,T2,cfnai,3172,0.0,91,0.1358,0.1992,0.1482,0.1609,0.6405,True,modal
genre,minutes,would,T2,vix,3172,0.0,91,-0.0009,0.9931,-0.0329,0.7568,0.7871,True,modal
genre,minutes,would,T3,cfnai,4565,0.0,132,-0.0579,0.5099,0.0959,0.2738,0.7805,True,modal
genre,minutes,would,T3,vix,4565,0.0,132,0.1254,0.1521,0.0589,0.5022,0.5677,True,modal
genre,minutes,would,H1,cfnai,1836,0.0,48,-0.0158,0.9149,-0.0478,0.7467,0.8346,True,modal
genre,minutes,would,H1,vix,1836,0.0,48,-0.0948,0.5216,-0.0754,0.6103,0.773,True,modal
genre,minutes,would,H2,cfnai,1336,0.0,43,0.2234,0.1498,0.1712,0.2723,0.5237,True,modal
genre,minutes,would,H2,vix,1336,0.0,43,0.2411,0.1194,0.2285,0.1406,0.3514,True,modal
genre,press_conf,ALL,T1,cfnai,13221,0.0,80,0.1478,0.1909,0.2331,0.0374,0.4865,True,modal
genre,press_conf,ALL,T1,vix,13221,0.0,80,0.3352,0.0024,0.315,0.0044,0.0144,True,modal
genre,press_conf,ALL,T2,cfnai,11549,0.0,71,0.3486,0.0029,0.2701,0.0227,0.2957,True,modal
genre,press_conf,ALL,T2,vix,11549,0.0,71,0.2435,0.0407,0.2761,0.0198,0.0467,True,modal
genre,press_conf,ALL,T3,cfnai,15200,0.0,92,0.1341,0.2025,0.1536,0.1438,0.7805,True,modal
genre,press_conf,ALL,T3,vix,15200,0.0,92,0.3294,0.0013,0.318,0.002,0.0075,True,modal
genre,press_conf,ALL,H2,cfnai,7555,0.0,43,0.4501,0.0025,0.3916,0.0094,0.0783,True,modal
genre,press_conf,ALL,H2,vix,7555,0.0,43,0.1871,0.2296,0.2439,0.115,0.3195,True,modal
genre,press_conf,can,T1,cfnai,1992,0.0,80,-0.1966,0.0804,0.0875,0.4403,0.9541,True,modal
genre,press_conf,can,T1,vix,1992,0.0,80,0.453,0.0,0.4118,0.0001,0.0019,True,modal
genre,press_conf,can,T2,cfnai,1677,0.0,71,0.1645,0.1705,0.1369,0.255,0.6405,True,modal
genre,press_conf,can,T2,vix,1677,0.0,71,0.2462,0.0385,0.2919,0.0135,0.0352,True,modal
genre,press_conf,can,T3,cfnai,2328,0.0,92,-0.184,0.0792,0.0601,0.5692,0.846,True,modal
genre,press_conf,can,T3,vix,2328,0.0,92,0.4605,0.0,0.3985,0.0001,0.0007,True,modal
genre,press_conf,can,H2,cfnai,1198,0.0,43,0.2317,0.1349,0.25,0.1059,0.331,True,modal
genre,press_conf,can,H2,vix,1198,0.0,43,0.1111,0.4783,0.1188,0.4478,0.6586,True,modal
genre,press_conf,could,T1,cfnai,1212,0.0,80,-0.0828,0.4654,0.0654,0.5646,0.9681,True,modal
genre,press_conf,could,T1,vix,1212,0.0,80,-0.2388,0.0329,-0.2801,0.0119,0.0343,True,modal
genre,press_conf,could,T2,cfnai,1076,0.0,71,0.0474,0.6945,0.0564,0.6402,0.8323,True,modal
genre,press_conf,could,T2,vix,1076,0.0,71,-0.289,0.0145,-0.3126,0.0079,0.0258,True,modal
genre,press_conf,could,T3,cfnai,1396,0.0,92,-0.0812,0.4417,0.034,0.7474,0.846,True,modal
genre,press_conf,could,T3,vix,1396,0.0,92,-0.2386,0.022,-0.2836,0.0061,0.0145,True,modal
genre,press_conf,could,H2,cfnai,644,0.0,43,0.1292,0.409,0.0702,0.6547,0.8611,True,modal
genre,press_conf,could,H2,vix,644,0.0,43,-0.2018,0.1944,-0.2727,0.0768,0.2401,True,modal
genre,press_conf,may,T1,cfnai,582,0.0,80,0.0604,0.5945,0.0325,0.7751,0.9681,True,modal
genre,press_conf,may,T1,vix,582,0.0,80,-0.0011,0.9922,-0.0062,0.9564,0.9564,True,modal
genre,press_conf,may,T2,cfnai,512,0.0,71,-0.067,0.5789,-0.0452,0.7084,0.8372,True,modal
genre,press_conf,may,T2,vix,512,0.0,71,-0.0681,0.5726,-0.0652,0.5891,0.6382,True,modal
genre,press_conf,may,T3,cfnai,680,0.0,92,0.0598,0.5713,0.031,0.7692,0.846,True,modal
genre,press_conf,may,T3,vix,680,0.0,92,-0.0186,0.86,-0.014,0.8946,0.9209,True,modal
genre,press_conf,may,H2,cfnai,325,0.0,43,-0.1159,0.4592,-0.072,0.6464,0.8611,True,modal
genre,press_conf,may,H2,vix,325,0.0,43,-0.0468,0.7656,-0.0203,0.8971,0.975,True,modal
genre,press_conf,should,T1,cfnai,692,0.0,80,0.1462,0.1955,0.1768,0.1166,0.8616,True,modal
genre,press_conf,should,T1,vix,692,0.0,80,-0.0177,0.8761,0.0363,0.7493,0.8631,True,modal
genre,press_conf,should,T2,cfnai,610,0.0,71,0.0748,0.5354,0.1165,0.3333,0.6623,True,modal
genre,press_conf,should,T2,vix,610,0.0,71,-0.042,0.7279,-0.0125,0.9175,0.9175,True,modal
genre,press_conf,should,T3,cfnai,805,0.0,92,0.141,0.18,0.1675,0.1105,0.7805,True,modal
genre,press_conf,should,T3,vix,805,0.0,92,0.0302,0.7751,0.1047,0.3206,0.4175,True,modal
genre,press_conf,should,H2,cfnai,349,0.0,43,0.0685,0.6624,0.0752,0.6315,0.8611,True,modal
genre,press_conf,should,H2,vix,349,0.0,43,0.0522,0.7394,0.1311,0.4021,0.6586,True,modal
genre,press_conf,will,T1,cfnai,4832,0.0,80,0.1467,0.194,0.1565,0.1657,0.8616,True,modal
genre,press_conf,will,T1,vix,4832,0.0,80,0.3895,0.0004,0.3591,0.0011,0.006,True,modal
genre,press_conf,will,T2,cfnai,4171,0.0,71,0.3085,0.0089,0.1898,0.1128,0.6405,True,modal
genre,press_conf,will,T2,vix,4171,0.0,71,0.3248,0.0057,0.3703,0.0015,0.0064,True,modal
genre,press_conf,will,T3,cfnai,5497,0.0,92,0.1333,0.2051,0.1092,0.3002,0.7805,True,modal
genre,press_conf,will,T3,vix,5497,0.0,92,0.3314,0.0013,0.2894,0.0051,0.0145,True,modal
genre,press_conf,will,H2,cfnai,2839,0.0,43,0.4073,0.0067,0.3124,0.0414,0.207,True,modal
genre,press_conf,will,H2,vix,2839,0.0,43,0.2283,0.1408,0.3129,0.0411,0.2053,True,modal
genre,press_conf,would,T1,cfnai,3911,0.0,80,0.1645,0.1449,0.1668,0.1392,0.8616,True,modal
genre,press_conf,would,T1,vix,3911,0.0,80,-0.1718,0.1276,-0.1352,0.2319,0.3173,True,modal
genre,press_conf,would,T2,cfnai,3503,0.0,71,0.0332,0.7832,0.0976,0.418,0.6623,True,modal
genre,press_conf,would,T2,vix,3503,0.0,71,-0.0311,0.7968,-0.0819,0.497,0.5618,True,modal
genre,press_conf,would,T3,cfnai,4494,0.0,92,0.1487,0.1571,0.1352,0.1988,0.7805,True,modal
genre,press_conf,would,T3,vix,4494,0.0,92,-0.1195,0.2564,-0.0656,0.5342,0.5787,True,modal
genre,press_conf,would,H2,cfnai,2200,0.0,43,0.0736,0.6388,0.1593,0.3075,0.549,True,modal
genre,press_conf,would,H2,vix,2200,0.0,43,0.0275,0.8611,-0.0201,0.8983,0.975,True,modal
genre,speech,ALL,T1,cfnai,3203,0.0,124,-0.0885,0.3286,-0.0957,0.2906,0.9353,True,modal
genre,speech,ALL,T1,vix,3203,0.0,124,0.0939,0.2997,-0.0171,0.8507,0.8848,True,modal
genre,speech,ALL,T2,cfnai,3075,0.0,118,-0.0931,0.3159,-0.0742,0.4246,0.6623,True,modal
genre,speech,ALL,T2,vix,3075,0.0,118,-0.0617,0.5066,-0.0742,0.4242,0.5487,True,modal
genre,speech,ALL,T3,cfnai,4720,0.0,174,-0.096,0.2076,-0.1314,0.084,0.7805,True,modal
genre,speech,ALL,T3,vix,4720,0.0,174,0.076,0.3189,-0.0076,0.9209,0.9209,True,modal
genre,speech,ALL,H1,cfnai,2348,0.0,73,-0.1166,0.3257,-0.1561,0.1872,0.753,True,modal
genre,speech,ALL,H1,vix,2348,0.0,73,-0.0759,0.5231,-0.1034,0.3841,0.5613,True,modal
genre,speech,ALL,H2,cfnai,727,0.0,45,-0.073,0.6336,-0.0404,0.7922,0.8611,True,modal
genre,speech,ALL,H2,vix,727,0.0,45,-0.0328,0.8307,0.031,0.84,0.975,True,modal
genre,speech,can,T1,cfnai,514,0.121,124,-0.3423,0.0001,-0.0302,0.7393,0.9681,True,modal
genre,speech,can,T1,vix,514,0.121,124,0.2549,0.0043,0.1454,0.1072,0.1639,True,modal
genre,speech,can,T2,cfnai,483,0.127,118,0.0929,0.3172,0.0728,0.4331,0.6623,True,modal
genre,speech,can,T2,vix,483,0.127,118,0.0601,0.5182,0.0767,0.4089,0.5487,True,modal
genre,speech,can,T3,cfnai,810,0.103,174,-0.3114,0.0,-0.0794,0.2978,0.7805,True,modal
genre,speech,can,T3,vix,810,0.103,174,0.2252,0.0028,0.1213,0.1108,0.1801,True,modal
genre,speech,can,H1,cfnai,373,0.096,73,0.0461,0.6983,-0.0124,0.9174,0.9414,True,modal
genre,speech,can,H1,vix,373,0.096,73,0.1931,0.1016,0.1197,0.3131,0.5409,True,modal
genre,speech,can,H2,cfnai,110,0.178,45,0.2136,0.1588,0.2182,0.15,0.3852,True,modal
genre,speech,can,H2,vix,110,0.178,45,0.1627,0.2857,0.2771,0.0654,0.2401,True,modal
genre,speech,could,T1,cfnai,355,0.355,124,0.1104,0.2223,-0.0114,0.9002,0.9681,True,modal
genre,speech,could,T1,vix,355,0.355,124,-0.1496,0.0971,-0.153,0.0898,0.1556,True,modal
genre,speech,could,T2,cfnai,341,0.347,118,0.0136,0.8834,-0.0473,0.6111,0.8323,True,modal
genre,speech,could,T2,vix,341,0.347,118,-0.1683,0.0685,-0.1631,0.0777,0.1442,True,modal
genre,speech,could,T3,cfnai,496,0.339,174,0.0882,0.247,-0.0434,0.5699,0.846,True,modal
genre,speech,could,T3,vix,496,0.339,174,-0.1081,0.1558,-0.0869,0.254,0.3669,True,modal
genre,speech,could,H1,cfnai,279,0.315,73,-0.0241,0.8393,-0.1033,0.3846,0.7829,True,modal
genre,speech,could,H1,vix,279,0.315,73,-0.1793,0.129,-0.1686,0.154,0.3656,True,modal
genre,speech,could,H2,cfnai,62,0.4,45,0.0721,0.638,0.0572,0.7089,0.8611,True,modal
genre,speech,could,H2,vix,62,0.4,45,-0.0947,0.5363,-0.0519,0.7347,0.975,True,modal
genre,speech,may,T1,cfnai,382,0.266,124,0.0428,0.6371,-0.06,0.508,0.9681,True,modal
genre,speech,may,T1,vix,382,0.266,124,-0.1209,0.181,-0.11,0.2238,0.3173,True,modal
genre,speech,may,T2,cfnai,375,0.254,118,-0.1688,0.0676,-0.103,0.2672,0.6405,True,modal
genre,speech,may,T2,vix,375,0.254,118,-0.0567,0.5416,-0.0718,0.4399,0.5487,True,modal
genre,speech,may,T3,cfnai,562,0.253,174,0.0368,0.6293,-0.0402,0.5987,0.846,True,modal
genre,speech,may,T3,vix,562,0.253,174,-0.0968,0.2037,-0.0621,0.4154,0.5143,True,modal
genre,speech,may,H1,cfnai,308,0.219,73,-0.0996,0.4016,-0.0498,0.6754,0.8346,True,modal
genre,speech,may,H1,vix,308,0.219,73,-0.0373,0.7542,0.0158,0.8943,0.9263,True,modal
genre,speech,may,H2,cfnai,67,0.311,45,-0.2899,0.0534,-0.216,0.1541,0.3852,True,modal
genre,speech,may,H2,vix,67,0.311,45,0.0798,0.6022,-0.0048,0.975,0.975,True,modal
genre,speech,should,T1,cfnai,210,0.452,124,0.0593,0.5127,-0.0079,0.9309,0.9681,True,modal
genre,speech,should,T1,vix,210,0.452,124,0.0166,0.8545,-0.1926,0.0321,0.0627,True,modal
genre,speech,should,T2,cfnai,205,0.449,118,-0.0761,0.4129,-0.0355,0.7024,0.8372,True,modal
genre,speech,should,T2,vix,205,0.449,118,-0.1192,0.1985,-0.1906,0.0387,0.0839,True,modal
genre,speech,should,T3,cfnai,343,0.408,174,0.0399,0.6013,-0.0676,0.3756,0.8139,True,modal
genre,speech,should,T3,vix,343,0.408,174,0.0773,0.3106,-0.0594,0.4361,0.5154,True,modal
genre,speech,should,H1,cfnai,174,0.329,73,0.2,0.0898,0.1381,0.2441,0.753,True,modal
genre,speech,should,H1,vix,174,0.329,73,-0.0755,0.5257,-0.0389,0.7436,0.8455,True,modal
genre,speech,should,H2,cfnai,31,0.644,45,-0.2388,0.1142,-0.2822,0.0604,0.2516,False,modal
genre,speech,should,H2,vix,31,0.644,45,-0.0612,0.6899,-0.1546,0.3107,0.572,False,modal
genre,speech,will,T1,cfnai,1169,0.04,124,-0.0772,0.3943,-0.099,0.274,0.9353,True,modal
genre,speech,will,T1,vix,1169,0.04,124,0.1667,0.0643,0.1022,0.2587,0.3363,True,modal
genre,speech,will,T2,cfnai,1118,0.042,118,-0.0331,0.7221,-0.0767,0.4094,0.6623,True,modal
genre,speech,will,T2,vix,1118,0.042,118,0.0921,0.321,0.0686,0.4606,0.5487,True,modal
genre,speech,will,T3,cfnai,1669,0.046,174,-0.0781,0.3056,-0.091,0.2325,0.7805,True,modal
genre,speech,will,T3,vix,1669,0.046,174,0.1206,0.1131,0.0757,0.3211,0.4175,True,modal
genre,speech,will,H1,cfnai,776,0.027,73,-0.1613,0.1727,-0.1487,0.2093,0.753,True,modal
genre,speech,will,H1,vix,776,0.027,73,0.0197,0.8687,0.0369,0.7565,0.8455,True,modal
genre,speech,will,H2,cfnai,342,0.067,45,0.0157,0.9182,-0.0029,0.9849,0.9917,True,modal
genre,speech,will,H2,vix,342,0.067,45,-0.1083,0.4787,-0.1531,0.3153,0.572,True,modal
genre,speech,would,T1,cfnai,573,0.202,124,0.1196,0.186,-0.0527,0.5609,0.9681,True,modal
genre,speech,would,T1,vix,573,0.202,124,-0.1138,0.2082,-0.2088,0.0199,0.0471,True,modal
genre,speech,would,T2,cfnai,553,0.203,118,-0.1242,0.1803,-0.1034,0.2652,0.6405,True,modal
genre,speech,would,T2,vix,553,0.203,118,-0.1623,0.0792,-0.2268,0.0135,0.0352,True,modal
genre,speech,would,T3,cfnai,840,0.161,174,0.0942,0.2164,-0.068,0.3725,0.8139,True,modal
genre,speech,would,T3,vix,840,0.161,174,-0.1375,0.0705,-0.2162,0.0042,0.0135,True,modal
genre,speech,would,H1,cfnai,438,0.151,73,-0.1391,0.2405,-0.1803,0.127,0.753,True,modal
genre,speech,would,H1,vix,438,0.151,73,-0.2694,0.0212,-0.248,0.0344,0.1633,True,modal
genre,speech,would,H2,cfnai,115,0.289,45,-0.099,0.5177,-0.0442,0.773,0.8611,True,modal
genre,speech,would,H2,vix,115,0.289,45,0.0707,0.6444,0.0212,0.89,0.975,True,modal
genre,statement,ALL,T1,cfnai,780,0.0,101,-0.0689,0.4935,-0.0472,0.6392,0.9681,True,modal
genre,statement,ALL,T1,vix,780,0.0,101,-0.0247,0.8062,-0.0303,0.7635,0.8631,True,modal
genre,statement,ALL,T2,cfnai,706,0.0,91,-0.0545,0.6077,-0.0859,0.4183,0.6623,True,modal
genre,statement,ALL,T2,vix,706,0.0,91,-0.0273,0.7976,-0.0777,0.4643,0.5487,True,modal
genre,statement,ALL,T3,cfnai,1037,0.0,133,-0.0672,0.442,-0.067,0.4435,0.846,True,modal
genre,statement,ALL,T3,vix,1037,0.0,133,-0.151,0.0828,-0.1884,0.0299,0.0647,True,modal
genre,statement,ALL,H1,cfnai,406,0.0,48,0.1945,0.1854,0.1968,0.18,0.753,True,modal
genre,statement,ALL,H1,vix,406,0.0,48,-0.2769,0.0567,-0.3738,0.0089,0.0842,True,modal
genre,statement,ALL,H2,cfnai,300,0.0,43,-0.3211,0.0358,-0.3581,0.0184,0.1149,True,modal
genre,statement,ALL,H2,vix,300,0.0,43,-0.4137,0.0058,-0.4325,0.0038,0.0419,True,modal
genre,statement,could,T1,cfnai,50,0.505,101,0.1441,0.1507,-0.0778,0.4393,0.9541,True,modal
genre,statement,could,T1,vix,50,0.505,101,0.1768,0.077,0.312,0.0015,0.0065,True,modal
genre,statement,could,T2,cfnai,47,0.484,91,-0.057,0.5914,-0.1859,0.0778,0.6405,True,modal
genre,statement,could,T2,vix,47,0.484,91,0.4562,0.0,0.4278,0.0,0.0002,True,modal
genre,statement,could,T3,cfnai,67,0.526,133,0.1289,0.1392,-0.0365,0.6769,0.846,True,modal
genre,statement,could,T3,vix,67,0.526,133,0.0812,0.3528,0.1707,0.0495,0.0919,True,modal
genre,statement,could,H1,cfnai,4,0.917,48,0.1177,0.4255,0.0935,0.5272,0.8154,False,modal
genre,statement,could,H1,vix,4,0.917,48,-0.1172,0.4277,-0.0829,0.5755,0.773,False,modal
genre,statement,could,H2,cfnai,43,0.0,43,-0.6231,0.0,-0.5067,0.0005,0.0066,True,modal
genre,statement,could,H2,vix,43,0.0,43,-0.0262,0.8675,-0.1202,0.4427,0.6586,True,modal
genre,statement,should,T1,cfnai,38,0.733,101,0.0254,0.8009,-0.0028,0.9779,0.9779,False,modal
genre,statement,should,T1,vix,38,0.733,101,-0.2563,0.0097,-0.3224,0.001,0.006,False,modal
genre,statement,should,T2,cfnai,38,0.703,91,-0.0548,0.6059,-0.017,0.8732,0.963,False,modal
genre,statement,should,T2,vix,38,0.703,91,-0.2331,0.0262,-0.2861,0.006,0.0222,False,modal
genre,statement,should,T3,cfnai,55,0.699,133,0.0147,0.8665,-0.048,0.5834,0.846,False,modal
genre,statement,should,T3,vix,55,0.699,133,-0.2714,0.0016,-0.355,0.0,0.0004,False,modal
genre,statement,should,H1,cfnai,38,0.438,48,-0.0725,0.6243,-0.0564,0.7034,0.8346,False,modal
genre,statement,should,H1,vix,38,0.438,48,0.0917,0.5351,0.0137,0.9263,0.9263,False,modal
genre,statement,should,H2,cfnai,0,1.0,43,,,,,,False,modal
genre,statement,should,H2,vix,0,1.0,43,,,,,,False,modal
genre,statement,will,T1,cfnai,612,0.0,101,-0.2218,0.0258,0.016,0.8735,0.9681,True,modal
genre,statement,will,T1,vix,612,0.0,101,-0.1151,0.2518,-0.2212,0.0262,0.0569,True,modal
genre,statement,will,T2,cfnai,547,0.0,91,0.0128,0.9039,0.0072,0.9459,0.9837,True,modal
genre,statement,will,T2,vix,547,0.0,91,-0.3565,0.0005,-0.3779,0.0002,0.0012,True,modal
genre,statement,will,T3,cfnai,828,0.0,133,-0.1996,0.0213,-0.0207,0.8135,0.846,True,modal
genre,statement,will,T3,vix,828,0.0,133,-0.1881,0.0302,-0.3044,0.0004,0.0019,True,modal
genre,statement,will,H1,cfnai,343,0.0,48,0.229,0.1174,0.1958,0.1822,0.753,True,modal
genre,statement,will,H1,vix,343,0.0,48,-0.379,0.0079,-0.4478,0.0014,0.0269,True,modal
genre,statement,will,H2,cfnai,204,0.0,43,-0.1932,0.2146,-0.1716,0.2713,0.5237,True,modal
genre,statement,will,H2,vix,204,0.0,43,-0.3478,0.0223,-0.3536,0.02,0.125,True,modal
genre,statement,would,T1,cfnai,49,0.535,101,0.1552,0.1211,-0.0337,0.7378,0.9681,True,modal
genre,statement,would,T1,vix,49,0.535,101,0.1762,0.0781,0.3188,0.0012,0.006,True,modal
genre,statement,would,T2,cfnai,46,0.516,91,0.0371,0.7271,-0.1251,0.2372,0.6405,True,modal
genre,statement,would,T2,vix,46,0.516,91,0.447,0.0,0.4318,0.0,0.0002,True,modal
genre,statement,would,T3,cfnai,55,0.609,133,0.1288,0.1396,-0.0444,0.6119,0.846,False,modal
genre,statement,would,T3,vix,55,0.609,133,0.1157,0.1847,0.2385,0.0057,0.0145,False,modal
genre,statement,would,H1,cfnai,1,0.979,48,0.0999,0.4994,0.1212,0.412,0.7829,False,modal
genre,statement,would,H1,vix,1,0.979,48,-0.1672,0.256,-0.2158,0.1406,0.3656,False,modal
genre,statement,would,H2,cfnai,45,0.0,43,-0.0505,0.7477,-0.2639,0.0873,0.3117,True,modal
genre,statement,would,H2,vix,45,0.0,43,-0.0852,0.5871,-0.1558,0.3183,0.572,True,modal
layer,min_boilerplate,ALL,T1,cfnai,376,0.818,99,0.0052,0.9591,-0.0487,0.632,0.9714,False,modal
layer,min_boilerplate,ALL,T1,vix,376,0.818,99,0.096,0.3445,-0.0201,0.8432,0.9008,False,modal
layer,min_boilerplate,ALL,T2,cfnai,335,0.835,91,-0.0412,0.698,0.0227,0.8308,0.8928,False,modal
layer,min_boilerplate,ALL,T2,vix,335,0.835,91,-0.1207,0.2546,-0.0612,0.5643,0.7138,False,modal
layer,min_boilerplate,ALL,T3,cfnai,478,0.815,130,0.0011,0.9905,-0.0657,0.4574,0.9226,False,modal
layer,min_boilerplate,ALL,T3,vix,478,0.815,130,0.0459,0.6044,-0.0295,0.7386,0.8905,False,modal
layer,min_boilerplate,ALL,H1,cfnai,277,0.771,48,-0.1898,0.1963,-0.0995,0.501,0.6895,False,modal
layer,min_boilerplate,ALL,H1,vix,277,0.771,48,-0.0057,0.9692,0.052,0.7254,0.8913,False,modal
layer,min_boilerplate,ALL,H2,cfnai,58,0.907,43,0.3368,0.0272,0.1135,0.4687,0.6578,False,modal
layer,min_boilerplate,ALL,H2,vix,58,0.907,43,0.0469,0.7651,0.0503,0.7485,0.8875,False,modal
layer,min_boilerplate,could,T1,cfnai,60,0.859,99,-0.0046,0.9637,0.0412,0.6852,0.9714,False,modal
layer,min_boilerplate,could,T1,vix,60,0.859,99,-0.0361,0.7227,-0.0283,0.7809,0.8785,False,modal
layer,min_boilerplate,could,T2,cfnai,54,0.868,91,-0.0849,0.4234,0.1038,0.3274,0.637,False,modal
layer,min_boilerplate,could,T2,vix,54,0.868,91,-0.1034,0.3293,-0.0234,0.8259,0.8799,False,modal
layer,min_boilerplate,could,T3,cfnai,74,0.846,130,-0.0052,0.9532,0.001,0.9914,0.9914,False,modal
layer,min_boilerplate,could,T3,vix,74,0.846,130,-0.0471,0.595,-0.0304,0.7316,0.8905,False,modal
layer,min_boilerplate,could,H1,cfnai,48,0.792,48,-0.2044,0.1634,-0.0394,0.7905,0.8578,False,modal
layer,min_boilerplate,could,H1,vix,48,0.792,48,-0.0244,0.8691,0.0979,0.5081,0.8913,False,modal
layer,min_boilerplate,could,H2,cfnai,6,0.953,43,0.419,0.0052,0.3296,0.0309,0.1609,False,modal
layer,min_boilerplate,could,H2,vix,6,0.953,43,0.1294,0.4083,0.1792,0.2503,0.5312,False,modal
layer,min_boilerplate,may,T1,cfnai,159,0.879,99,0.053,0.6023,0.1067,0.293,0.7815,False,modal
layer,min_boilerplate,may,T1,vix,159,0.879,99,-0.0729,0.473,-0.0488,0.6314,0.7674,False,modal
layer,min_boilerplate,may,T2,cfnai,145,0.879,91,0.2081,0.0478,0.1802,0.0873,0.4142,False,modal
layer,min_boilerplate,may,T2,vix,145,0.879,91,0.0062,0.9533,0.0212,0.8418,0.8799,False,modal
layer,min_boilerplate,may,T3,cfnai,216,0.877,130,0.0396,0.6546,0.0481,0.5866,0.9914,False,modal
layer,min_boilerplate,may,T3,vix,216,0.877,130,-0.0754,0.3939,-0.0501,0.5716,0.7765,False,modal
layer,min_boilerplate,may,H1,cfnai,114,0.812,48,0.1303,0.3772,0.102,0.4903,0.6895,False,modal
layer,min_boilerplate,may,H1,vix,114,0.812,48,0.1453,0.3243,0.1462,0.3215,0.8198,False,modal
layer,min_boilerplate,may,H2,cfnai,31,0.953,43,0.4154,0.0056,0.3291,0.0311,0.1609,False,modal
layer,min_boilerplate,may,H2,vix,31,0.953,43,0.1246,0.4259,0.1767,0.257,0.5312,False,modal
layer,min_boilerplate,will,T1,cfnai,36,0.859,99,-0.0001,0.9996,0.0412,0.6859,0.9714,False,modal
layer,min_boilerplate,will,T1,vix,36,0.859,99,0.4418,0.0,0.1074,0.2898,0.4536,False,modal
layer,min_boilerplate,will,T2,cfnai,26,0.879,91,0.0589,0.5795,0.154,0.1451,0.4748,False,modal
layer,min_boilerplate,will,T2,vix,26,0.879,91,0.0243,0.8192,0.0734,0.4891,0.6645,False,modal
layer,min_boilerplate,will,T3,cfnai,40,0.862,130,-0.0011,0.9903,0.0089,0.92,0.9914,False,modal
layer,min_boilerplate,will,T3,vix,40,0.862,130,0.3901,0.0,0.0722,0.4142,0.6363,False,modal
layer,min_boilerplate,will,H1,cfnai,18,0.833,48,0.0378,0.7988,0.1427,0.3333,0.6632,False,modal
layer,min_boilerplate,will,H1,vix,18,0.833,48,0.0697,0.638,0.1247,0.3985,0.8837,False,modal
layer,min_boilerplate,will,H2,cfnai,8,0.93,43,0.1081,0.4901,0.1194,0.4458,0.6578,False,modal
layer,min_boilerplate,will,H2,vix,8,0.93,43,0.0887,0.5715,0.1887,0.2255,0.5179,False,modal
layer,min_boilerplate,would,T1,cfnai,107,0.828,99,-0.0092,0.9279,-0.0162,0.8738,0.9714,False,modal
layer,min_boilerplate,would,T1,vix,107,0.828,99,-0.0968,0.3408,-0.0573,0.5733,0.7237,False,modal
layer,min_boilerplate,would,T2,cfnai,100,0.846,91,-0.1192,0.2603,0.0569,0.5918,0.8302,False,modal
layer,min_boilerplate,would,T2,vix,100,0.846,91,-0.1576,0.1358,-0.1005,0.3431,0.6297,False,modal
layer,min_boilerplate,would,T3,cfnai,132,0.823,130,-0.0109,0.9017,-0.0433,0.6245,0.9914,False,modal
layer,min_boilerplate,would,T3,vix,132,0.823,130,-0.1039,0.2396,-0.0531,0.5482,0.7649,False,modal
layer,min_boilerplate,would,H1,cfnai,88,0.771,48,-0.2455,0.0926,-0.0947,0.522,0.6895,False,modal
layer,min_boilerplate,would,H1,vix,88,0.771,48,-0.078,0.5983,0.0345,0.8159,0.9247,False,modal
layer,min_boilerplate,would,H2,cfnai,12,0.93,43,0.1181,0.4507,0.2387,0.1232,0.3185,False,modal
layer,min_boilerplate,would,H2,vix,12,0.93,43,-0.1336,0.3929,-0.0036,0.9818,0.9818,False,modal
layer,min_committee,ALL,T1,cfnai,958,0.0,99,-0.0474,0.6416,0.0094,0.9261,0.9714,True,modal
layer,min_committee,ALL,T1,vix,958,0.0,99,0.1015,0.3176,0.1217,0.2303,0.4135,True,modal
layer,min_committee,ALL,T2,cfnai,886,0.0,91,-0.0122,0.9087,-0.0193,0.8556,0.8928,True,modal
layer,min_committee,ALL,T2,vix,886,0.0,91,0.07,0.5098,0.0982,0.3542,0.6297,True,modal
layer,min_committee,ALL,T3,cfnai,1254,0.0,131,-0.018,0.8386,0.1014,0.2492,0.8091,True,modal
layer,min_committee,ALL,T3,vix,1254,0.0,131,0.0817,0.3536,0.0972,0.2695,0.4975,True,modal
layer,min_committee,ALL,H1,cfnai,534,0.0,48,0.1202,0.4158,0.1794,0.2223,0.5658,True,modal
layer,min_committee,ALL,H1,vix,534,0.0,48,-0.124,0.401,-0.1138,0.4414,0.887,True,modal
layer,min_committee,ALL,H2,cfnai,352,0.0,43,-0.2005,0.1973,-0.2228,0.1509,0.3185,True,modal
layer,min_committee,ALL,H2,vix,352,0.0,43,-0.2227,0.1512,-0.18,0.2482,0.5312,True,modal
layer,min_committee,could,T1,cfnai,83,0.293,99,0.1048,0.3018,-0.2509,0.0122,0.1763,True,modal
layer,min_committee,could,T1,vix,83,0.293,99,0.1305,0.198,0.2454,0.0144,0.0646,True,modal
layer,min_committee,could,T2,cfnai,79,0.275,91,-0.2739,0.0086,-0.3701,0.0003,0.0073,True,modal
layer,min_committee,could,T2,vix,79,0.275,91,0.3032,0.0035,0.3368,0.0011,0.0113,True,modal
layer,min_committee,could,T3,cfnai,130,0.282,131,0.0942,0.2848,-0.1302,0.1383,0.6639,True,modal
layer,min_committee,could,T3,vix,130,0.282,131,0.2199,0.0116,0.255,0.0033,0.0215,True,modal
layer,min_committee,could,H1,cfnai,35,0.521,48,-0.3045,0.0353,-0.415,0.0034,0.1712,False,modal
layer,min_committee,could,H1,vix,35,0.521,48,0.0651,0.6604,0.19,0.1959,0.5912,False,modal
layer,min_committee,could,H2,cfnai,44,0.0,43,-0.6888,0.0,-0.5479,0.0001,0.0018,True,modal
layer,min_committee,could,H2,vix,44,0.0,43,-0.0958,0.5411,-0.1201,0.4431,0.654,True,modal
layer,min_committee,should,T1,cfnai,85,0.455,99,0.0622,0.5407,-0.136,0.1794,0.6798,True,modal
layer,min_committee,should,T1,vix,85,0.455,99,-0.1307,0.1972,-0.0218,0.8306,0.9008,True,modal
layer,min_committee,should,T2,cfnai,84,0.418,91,-0.11,0.2993,-0.1872,0.0755,0.4142,True,modal
layer,min_committee,should,T2,vix,84,0.418,91,-0.0095,0.9284,0.0868,0.4135,0.6645,True,modal
layer,min_committee,should,T3,cfnai,107,0.496,131,0.0588,0.5045,-0.075,0.3944,0.8874,True,modal
layer,min_committee,should,T3,vix,107,0.496,131,-0.1503,0.0865,-0.0791,0.369,0.5905,True,modal
layer,min_committee,should,H1,cfnai,49,0.417,48,-0.1531,0.2988,-0.2765,0.0571,0.5321,True,modal
layer,min_committee,should,H1,vix,49,0.417,48,0.1175,0.4264,0.1848,0.2087,0.5912,True,modal
layer,min_committee,should,H2,cfnai,35,0.419,43,-0.0976,0.5336,-0.1158,0.4595,0.6578,False,modal
layer,min_committee,should,H2,vix,35,0.419,43,-0.2356,0.1282,-0.1432,0.3595,0.6025,False,modal
layer,min_committee,will,T1,cfnai,37,0.778,99,0.043,0.6727,-0.1594,0.115,0.5521,False,modal
layer,min_committee,will,T1,vix,37,0.778,99,-0.0598,0.5563,-0.0034,0.9734,0.98,False,modal
layer,min_committee,will,T2,cfnai,35,0.769,91,-0.2151,0.0406,-0.2325,0.0266,0.1974,False,modal
layer,min_committee,will,T2,vix,35,0.769,91,-0.0206,0.8467,0.0203,0.8488,0.8799,False,modal
layer,min_committee,will,T3,cfnai,62,0.718,131,0.0317,0.7193,-0.1538,0.0795,0.6049,False,modal
layer,min_committee,will,T3,vix,62,0.718,131,-0.0405,0.646,-0.0109,0.9018,0.9327,False,modal
layer,min_committee,will,H1,cfnai,20,0.75,48,-0.218,0.1366,-0.2468,0.0908,0.5321,False,modal
layer,min_committee,will,H1,vix,20,0.75,48,0.1163,0.4312,0.2103,0.1513,0.5912,False,modal
layer,min_committee,will,H2,cfnai,15,0.791,43,-0.2246,0.1475,-0.2269,0.1434,0.3185,False,modal
layer,min_committee,will,H2,vix,15,0.791,43,-0.1804,0.2471,-0.1506,0.3349,0.5768,False,modal
layer,min_committee,would,T1,cfnai,719,0.0,99,-0.1311,0.1959,0.2568,0.0103,0.1763,True,modal
layer,min_committee,would,T1,vix,719,0.0,99,0.1841,0.0682,0.1155,0.2549,0.4234,True,modal
layer,min_committee,would,T2,cfnai,654,0.0,91,0.2716,0.0092,0.3039,0.0034,0.0504,True,modal
layer,min_committee,would,T2,vix,654,0.0,91,0.0071,0.9466,-0.0194,0.8554,0.8799,True,modal
layer,min_committee,would,T3,cfnai,918,0.008,131,-0.0939,0.2861,0.2704,0.0018,0.0428,True,modal
layer,min_committee,would,T3,vix,918,0.008,131,0.1199,0.1725,0.0951,0.2797,0.5035,True,modal
layer,min_committee,would,H1,cfnai,407,0.0,48,0.3306,0.0217,0.3273,0.0232,0.5321,True,modal
layer,min_committee,would,H1,vix,407,0.0,48,-0.2642,0.0696,-0.3114,0.0312,0.2922,True,modal
layer,min_committee,would,H2,cfnai,247,0.0,43,0.2661,0.0846,0.2778,0.0713,0.2263,True,modal
layer,min_committee,would,H2,vix,247,0.0,43,0.2613,0.0905,0.2775,0.0716,0.2612,True,modal
layer,min_directive_quote,ALL,T1,cfnai,102,0.566,99,0.0502,0.6217,0.2667,0.0076,0.1763,True,modal
layer,min_directive_quote,ALL,T1,vix,102,0.566,99,0.0882,0.3852,0.1869,0.064,0.165,True,modal
layer,min_directive_quote,ALL,T2,cfnai,93,0.604,91,0.2417,0.021,0.3031,0.0035,0.0504,False,modal
layer,min_directive_quote,ALL,T2,vix,93,0.604,91,0.1491,0.1584,0.182,0.0842,0.2165,False,modal
layer,min_directive_quote,ALL,T3,cfnai,202,0.427,131,0.0418,0.6357,0.1331,0.1297,0.6639,True,modal
layer,min_directive_quote,ALL,T3,vix,202,0.427,131,0.153,0.081,0.2121,0.015,0.0564,True,modal
layer,min_directive_quote,ALL,H1,cfnai,55,0.604,48,0.0333,0.8221,-0.0008,0.9957,0.9983,False,modal
layer,min_directive_quote,ALL,H1,vix,55,0.604,48,0.1402,0.3418,0.1952,0.1837,0.5912,False,modal
layer,min_directive_quote,ALL,H2,cfnai,38,0.605,43,0.6017,0.0,0.637,0.0,0.0003,False,modal
layer,min_directive_quote,ALL,H2,vix,38,0.605,43,0.5974,0.0,0.5779,0.0,0.0031,False,modal
layer,min_directive_quote,could,T1,cfnai,18,0.818,99,0.0279,0.784,0.0228,0.823,0.9714,False,modal
layer,min_directive_quote,could,T1,vix,18,0.818,99,-0.1912,0.058,-0.2046,0.0422,0.1265,False,modal
layer,min_directive_quote,could,T2,cfnai,17,0.813,91,0.0127,0.9048,0.0554,0.6021,0.8302,False,modal
layer,min_directive_quote,could,T2,vix,17,0.813,91,-0.1493,0.1577,-0.1554,0.1414,0.3181,False,modal
layer,min_directive_quote,could,T3,cfnai,50,0.618,131,0.0264,0.7643,-0.0031,0.9722,0.9914,False,modal
layer,min_directive_quote,could,T3,vix,50,0.618,131,-0.0044,0.9606,0.0074,0.9327,0.9327,False,modal
layer,min_directive_quote,could,H1,cfnai,17,0.646,48,0.0653,0.659,0.0404,0.7852,0.8578,False,modal
layer,min_directive_quote,could,H1,vix,17,0.646,48,0.1387,0.3471,0.1881,0.2005,0.5912,False,modal
layer,min_directive_quote,could,H2,cfnai,0,1.0,43,,,,,,False,modal
layer,min_directive_quote,could,H2,vix,0,1.0,43,,,,,,False,modal
layer,min_directive_quote,will,T1,cfnai,48,0.788,99,0.0345,0.7346,0.0372,0.715,0.9714,False,modal
layer,min_directive_quote,will,T1,vix,48,0.788,99,-0.1564,0.1221,-0.1765,0.0806,0.1934,False,modal
layer,min_directive_quote,will,T2,cfnai,46,0.78,91,0.03,0.7779,0.0689,0.5164,0.7746,False,modal
layer,min_directive_quote,will,T2,vix,46,0.78,91,-0.0945,0.3729,-0.1183,0.2641,0.5004,False,modal
layer,min_directive_quote,will,T3,cfnai,113,0.595,131,0.031,0.7249,0.0092,0.9165,0.9914,True,modal
layer,min_directive_quote,will,T3,vix,113,0.595,131,0.0083,0.9254,0.0276,0.7544,0.8905,True,modal
layer,min_directive_quote,will,H1,cfnai,38,0.604,48,0.0168,0.9098,-0.0003,0.9983,0.9983,False,modal
layer,min_directive_quote,will,H1,vix,38,0.604,48,0.1385,0.3478,0.1952,0.1837,0.5912,False,modal
layer,min_directive_quote,will,H2,cfnai,8,0.977,43,0.1424,0.3622,0.1804,0.247,0.4376,False,modal
layer,min_directive_quote,will,H2,vix,8,0.977,43,0.2091,0.1785,0.2114,0.1736,0.4305,False,modal
layer,min_front_matter,ALL,T1,cfnai,78,0.889,99,0.0389,0.7019,0.0417,0.6817,0.9714,False,modal
layer,min_front_matter,ALL,T1,vix,78,0.889,99,-0.0208,0.8383,0.0558,0.583,0.7237,False,modal
layer,min_front_matter,ALL,T2,cfnai,61,0.901,91,-0.0634,0.5508,0.0449,0.6729,0.8519,False,modal
layer,min_front_matter,ALL,T2,vix,61,0.901,91,-0.0865,0.4148,-0.0084,0.9369,0.9501,False,modal
layer,min_front_matter,ALL,T3,cfnai,150,0.879,132,0.0074,0.9331,-0.09,0.3049,0.8444,False,modal
layer,min_front_matter,ALL,T3,vix,150,0.879,132,-0.0624,0.477,0.0179,0.8383,0.9145,False,modal
layer,min_front_matter,ALL,H1,cfnai,57,0.875,48,-0.1313,0.3736,-0.0516,0.7276,0.8246,False,modal
layer,min_front_matter,ALL,H1,vix,57,0.875,48,-0.0375,0.8001,-0.0649,0.6612,0.8913,False,modal
layer,min_front_matter,ALL,H2,cfnai,4,0.93,43,0.1018,0.5158,0.1441,0.3566,0.5975,False,modal
layer,min_front_matter,ALL,H2,vix,4,0.93,43,0.277,0.0721,0.32,0.0364,0.1738,False,modal
layer,min_front_matter,would,T1,cfnai,40,0.939,99,0.0678,0.5048,0.0553,0.5869,0.9714,False,modal
layer,min_front_matter,would,T1,vix,40,0.939,99,-0.0697,0.4931,-0.0704,0.4885,0.6896,False,modal
layer,min_front_matter,would,T2,cfnai,36,0.945,91,-0.0626,0.5556,-0.0236,0.8244,0.8928,False,modal
layer,min_front_matter,would,T2,vix,36,0.945,91,-0.0849,0.4234,-0.1292,0.2222,0.4706,False,modal
layer,min_front_matter,would,T3,cfnai,80,0.924,132,0.0344,0.6957,-0.0977,0.2648,0.8091,False,modal
layer,min_front_matter,would,T3,vix,80,0.924,132,-0.0949,0.279,-0.0918,0.2949,0.5179,False,modal
layer,min_front_matter,would,H1,cfnai,36,0.896,48,-0.106,0.4735,-0.0646,0.6625,0.7829,False,modal
layer,min_front_matter,would,H1,vix,36,0.896,48,0.0083,0.9554,0.0119,0.9362,0.9539,False,modal
layer,min_front_matter,would,H2,cfnai,0,1.0,43,,,,,,False,modal
layer,min_front_matter,would,H2,vix,0,1.0,43,,,,,,False,modal
layer,min_participants,ALL,T1,cfnai,2756,0.0,99,-0.1318,0.1934,-0.0905,0.373,0.9194,True,modal
layer,min_participants,ALL,T1,vix,2756,0.0,99,0.2628,0.0086,0.1436,0.1562,0.3408,True,modal
layer,min_participants,ALL,T2,cfnai,2444,0.0,91,0.0339,0.7497,-0.0054,0.9595,0.9731,True,modal
layer,min_participants,ALL,T2,vix,2444,0.0,91,0.0495,0.6412,0.0637,0.5486,0.7138,True,modal
layer,min_participants,ALL,T3,cfnai,3359,0.0,131,-0.1152,0.1902,-0.0691,0.4331,0.9226,True,modal
layer,min_participants,ALL,T3,vix,3359,0.0,131,0.0834,0.3436,0.0249,0.7773,0.9027,True,modal
layer,min_participants,ALL,H1,cfnai,1264,0.0,48,0.0642,0.6649,0.098,0.5074,0.6895,True,modal
layer,min_participants,ALL,H1,vix,1264,0.0,48,-0.0271,0.855,-0.0086,0.9539,0.9539,True,modal
layer,min_participants,ALL,H2,cfnai,1180,0.0,43,0.0008,0.9958,-0.0736,0.6391,0.762,True,modal
layer,min_participants,ALL,H2,vix,1180,0.0,43,-0.0588,0.7082,-0.0453,0.773,0.8875,True,modal
layer,min_participants,could,T1,cfnai,875,0.0,99,0.0547,0.5905,-0.1749,0.0834,0.4617,True,modal
layer,min_participants,could,T1,vix,875,0.0,99,0.1699,0.0926,0.1243,0.2204,0.4132,True,modal
layer,min_participants,could,T2,cfnai,776,0.0,91,-0.1261,0.2336,-0.2275,0.0301,0.1974,True,modal
layer,min_participants,could,T2,vix,776,0.0,91,0.0915,0.3882,0.0753,0.4782,0.6645,True,modal
layer,min_participants,could,T3,cfnai,1060,0.0,131,0.0395,0.6539,-0.1741,0.0468,0.481,True,modal
layer,min_participants,could,T3,vix,1060,0.0,131,0.1084,0.2178,0.0585,0.5069,0.7299,True,modal
layer,min_participants,could,H1,cfnai,382,0.0,48,-0.2507,0.0856,-0.1824,0.2146,0.5658,True,modal
layer,min_participants,could,H1,vix,382,0.0,48,0.0251,0.8654,0.0583,0.6939,0.8913,True,modal
layer,min_participants,could,H2,cfnai,394,0.0,43,-0.0836,0.5943,-0.1876,0.2284,0.4164,True,modal
layer,min_participants,could,H2,vix,394,0.0,43,-0.065,0.6787,-0.1164,0.4572,0.6592,True,modal
layer,min_participants,may,T1,cfnai,157,0.323,99,0.0069,0.9459,-0.0308,0.7621,0.9714,True,modal
layer,min_participants,may,T1,vix,157,0.323,99,-0.037,0.7159,-0.1203,0.2355,0.4135,True,modal
layer,min_participants,may,T2,cfnai,147,0.297,91,-0.0394,0.7105,-0.0028,0.9787,0.9787,True,modal
layer,min_participants,may,T2,vix,147,0.297,91,-0.1258,0.2347,-0.0828,0.4351,0.6645,True,modal
layer,min_participants,may,T3,cfnai,182,0.389,131,0.015,0.8653,0.0273,0.7573,0.9914,True,modal
layer,min_participants,may,T3,vix,182,0.389,131,-0.1238,0.1589,-0.2071,0.0176,0.0564,True,modal
layer,min_participants,may,H1,cfnai,69,0.333,48,0.2373,0.1043,0.1905,0.1946,0.5658,True,modal
layer,min_participants,may,H1,vix,69,0.333,48,0.15,0.3087,0.1128,0.4454,0.887,True,modal
layer,min_participants,may,H2,cfnai,78,0.256,43,-0.1986,0.2016,-0.1408,0.3679,0.6002,True,modal
layer,min_participants,may,H2,vix,78,0.256,43,-0.4725,0.0014,-0.5373,0.0002,0.0063,True,modal
layer,min_participants,should,T1,cfnai,149,0.283,99,-0.0769,0.4494,0.0293,0.7734,0.9714,True,modal
layer,min_participants,should,T1,vix,149,0.283,99,-0.2067,0.0401,-0.2386,0.0174,0.0696,True,modal
layer,min_participants,should,T2,cfnai,138,0.275,91,0.1185,0.2633,0.1466,0.1655,0.5181,True,modal
layer,min_participants,should,T2,vix,138,0.275,91,-0.2659,0.0108,-0.2437,0.0199,0.0717,True,modal
layer,min_participants,should,T3,cfnai,170,0.382,131,-0.0713,0.4185,0.0234,0.7911,0.9914,True,modal
layer,min_participants,should,T3,vix,170,0.382,131,-0.2427,0.0052,-0.2917,0.0007,0.0087,True,modal
layer,min_participants,should,H1,cfnai,88,0.167,48,0.121,0.4125,0.13,0.3784,0.6632,True,modal
layer,min_participants,should,H1,vix,88,0.167,48,-0.1777,0.2268,-0.0855,0.5636,0.8913,True,modal
layer,min_participants,should,H2,cfnai,50,0.395,43,0.1462,0.3497,0.1348,0.3889,0.6182,True,modal
layer,min_participants,should,H2,vix,50,0.395,43,-0.1995,0.1995,-0.1551,0.3206,0.568,True,modal
layer,min_participants,would,T1,cfnai,1537,0.0,99,-0.1939,0.0545,0.0175,0.8637,0.9714,True,modal
layer,min_participants,would,T1,vix,1537,0.0,99,0.3016,0.0024,0.2402,0.0166,0.0696,True,modal
layer,min_participants,would,T2,cfnai,1346,0.0,91,0.1213,0.2521,0.1307,0.2167,0.5692,True,modal
layer,min_participants,would,T2,vix,1346,0.0,91,0.1287,0.2239,0.1746,0.0978,0.2343,True,modal
layer,min_participants,would,T3,cfnai,1903,0.0,131,-0.1727,0.0485,0.0121,0.8908,0.9914,True,modal
layer,min_participants,would,T3,vix,1903,0.0,131,0.1622,0.0642,0.1452,0.0979,0.2517,True,modal
layer,min_participants,would,H1,cfnai,700,0.0,48,0.123,0.4051,0.1375,0.3513,0.6632,True,modal
layer,min_participants,would,H1,vix,700,0.0,48,-0.0661,0.6554,-0.0442,0.7656,0.8913,True,modal
layer,min_participants,would,H2,cfnai,646,0.0,43,0.1215,0.4378,0.036,0.8185,0.832,True,modal
layer,min_participants,would,H2,vix,646,0.0,43,0.2432,0.1161,0.2821,0.0668,0.259,True,modal
layer,min_special,ALL,T1,cfnai,783,0.0,40,0.0972,0.5508,0.1964,0.2246,0.735,True,modal
layer,min_special,ALL,T1,vix,783,0.0,40,-0.0946,0.5614,-0.1612,0.3205,0.4807,True,modal
layer,min_special,ALL,T2,cfnai,675,0.0,36,0.1272,0.4599,0.2103,0.2182,0.5692,True,modal
layer,min_special,ALL,T2,vix,675,0.0,36,-0.0877,0.6111,-0.139,0.4188,0.6645,True,modal
layer,min_special,ALL,T3,cfnai,863,0.02,49,0.0862,0.556,0.2731,0.0576,0.5187,True,modal
layer,min_special,ALL,T3,vix,863,0.02,49,0.0543,0.711,-0.0327,0.8237,0.9125,True,modal
layer,min_special,could,T1,cfnai,283,0.2,40,-0.1277,0.4323,0.0533,0.7439,0.9714,True,modal
layer,min_special,could,T1,vix,283,0.2,40,0.223,0.1666,0.2931,0.0664,0.165,True,modal
layer,min_special,could,T2,cfnai,231,0.222,36,0.1102,0.5224,0.2041,0.2325,0.5692,True,modal
layer,min_special,could,T2,vix,231,0.222,36,0.226,0.185,0.2778,0.1009,0.2343,True,modal
layer,min_special,could,T3,cfnai,312,0.204,49,-0.1182,0.4186,0.1381,0.3441,0.8724,True,modal
layer,min_special,could,T3,vix,312,0.204,49,0.2834,0.0485,0.315,0.0275,0.0792,True,modal
layer,min_special,should,T1,cfnai,58,0.325,40,0.1709,0.2917,0.2804,0.0797,0.4617,True,modal
layer,min_special,should,T1,vix,58,0.325,40,0.1332,0.4124,0.3247,0.0409,0.1265,True,modal
layer,min_special,should,T2,cfnai,49,0.333,36,0.1406,0.4135,0.2594,0.1266,0.4342,True,modal
layer,min_special,should,T2,vix,49,0.333,36,0.2434,0.1525,0.4434,0.0068,0.0348,True,modal
layer,min_special,should,T3,cfnai,65,0.347,49,0.1614,0.2678,0.3178,0.0261,0.4536,True,modal
layer,min_special,should,T3,vix,65,0.347,49,0.1083,0.4587,0.3367,0.018,0.0564,True,modal
layer,min_special,will,T1,cfnai,49,0.625,40,0.083,0.6104,0.1137,0.4847,0.9714,False,modal
layer,min_special,will,T1,vix,49,0.625,40,-0.2752,0.0856,-0.0606,0.7102,0.8247,False,modal
layer,min_special,will,T2,cfnai,46,0.667,36,0.0789,0.6473,0.1082,0.5301,0.776,False,modal
layer,min_special,will,T2,vix,46,0.667,36,-0.2845,0.0927,-0.0966,0.575,0.7138,False,modal
layer,min_special,will,T3,cfnai,49,0.694,49,0.0693,0.636,0.1038,0.478,0.9226,False,modal
layer,min_special,will,T3,vix,49,0.694,49,-0.2361,0.1024,-0.0339,0.8172,0.9125,False,modal
layer,min_special,would,T1,cfnai,344,0.0,40,0.1301,0.4237,0.0485,0.7663,0.9714,True,modal
layer,min_special,would,T1,vix,344,0.0,40,-0.1362,0.4022,-0.1043,0.5218,0.6997,True,modal
layer,min_special,would,T2,cfnai,310,0.0,36,-0.0455,0.7922,-0.0806,0.6404,0.8433,True,modal
layer,min_special,would,T2,vix,310,0.0,36,-0.1486,0.3872,-0.1236,0.4728,0.6645,True,modal
layer,min_special,would,T3,cfnai,383,0.041,49,0.1045,0.4748,0.0113,0.9384,0.9914,True,modal
layer,min_special,would,T3,vix,383,0.041,49,-0.0312,0.8314,-0.0247,0.866,0.9169,True,modal
layer,min_staff,ALL,T1,cfnai,539,0.0,99,-0.0103,0.9197,0.0753,0.4586,0.9714,True,modal
layer,min_staff,ALL,T1,vix,539,0.0,99,-0.2493,0.0128,-0.3326,0.0008,0.0076,True,modal
layer,min_staff,ALL,T2,cfnai,498,0.0,91,0.0513,0.629,0.0919,0.3861,0.7086,True,modal
layer,min_staff,ALL,T2,vix,498,0.0,91,-0.2997,0.0039,-0.3607,0.0004,0.0064,True,modal
layer,min_staff,ALL,T3,cfnai,704,0.008,131,-0.0074,0.933,0.0583,0.5082,0.9382,True,modal
layer,min_staff,ALL,T3,vix,704,0.008,131,-0.301,0.0005,-0.3929,0.0,0.0002,True,modal
layer,min_staff,ALL,H1,cfnai,333,0.0,48,0.245,0.0933,0.2804,0.0535,0.5321,True,modal
layer,min_staff,ALL,H1,vix,333,0.0,48,-0.0849,0.5659,-0.197,0.1795,0.5912,True,modal
layer,min_staff,ALL,H2,cfnai,165,0.0,43,-0.0536,0.733,-0.0966,0.5376,0.7081,True,modal
layer,min_staff,ALL,H2,vix,165,0.0,43,-0.1601,0.3052,-0.2354,0.1286,0.3613,True,modal
layer,min_staff,could,T1,cfnai,132,0.364,99,0.0516,0.6118,-0.014,0.8903,0.9714,True,modal
layer,min_staff,could,T1,vix,132,0.364,99,-0.2303,0.0218,-0.2658,0.0078,0.0434,True,modal
layer,min_staff,could,T2,cfnai,128,0.341,91,-0.1203,0.2562,-0.041,0.6998,0.8571,True,modal
layer,min_staff,could,T2,vix,128,0.341,91,-0.1674,0.1128,-0.2039,0.0525,0.1454,True,modal
layer,min_staff,could,T3,cfnai,151,0.443,131,0.0468,0.5957,-0.0019,0.9832,0.9914,True,modal
layer,min_staff,could,T3,vix,151,0.443,131,-0.2572,0.003,-0.3046,0.0004,0.0058,True,modal
layer,min_staff,could,H1,cfnai,82,0.312,48,0.1363,0.3556,0.2379,0.1035,0.5321,True,modal
layer,min_staff,could,H1,vix,82,0.312,48,-0.0108,0.9419,-0.1082,0.4644,0.887,True,modal
layer,min_staff,could,H2,cfnai,46,0.372,43,-0.3327,0.0293,-0.2958,0.0542,0.2202,True,modal
layer,min_staff,could,H2,vix,46,0.372,43,-0.2589,0.0936,-0.3369,0.0272,0.1531,True,modal
layer,min_staff,may,T1,cfnai,57,0.535,99,-0.1131,0.2651,0.0125,0.9022,0.9714,True,modal
layer,min_staff,may,T1,vix,57,0.535,99,-0.2432,0.0153,-0.2549,0.0109,0.0522,True,modal
layer,min_staff,may,T2,cfnai,55,0.505,91,-0.0082,0.9385,0.0491,0.6442,0.8433,True,modal
layer,min_staff,may,T2,vix,55,0.505,91,-0.2245,0.0324,-0.2274,0.0302,0.1036,True,modal
layer,min_staff,may,T3,cfnai,75,0.534,131,-0.1014,0.249,-0.007,0.9365,0.9914,True,modal
layer,min_staff,may,T3,vix,75,0.534,131,-0.2518,0.0037,-0.2666,0.0021,0.0167,True,modal
layer,min_staff,may,H1,cfnai,42,0.292,48,0.099,0.5031,0.2515,0.0847,0.5321,True,modal
layer,min_staff,may,H1,vix,42,0.292,48,0.1061,0.4729,0.1069,0.4696,0.887,True,modal
layer,min_staff,may,H2,cfnai,13,0.744,43,-0.0533,0.7341,-0.0941,0.5482,0.7081,False,modal
layer,min_staff,may,H2,vix,13,0.744,43,-0.2245,0.1477,-0.2849,0.0641,0.259,False,modal
layer,min_staff,would,T1,cfnai,327,0.071,99,-0.027,0.7905,0.1278,0.2073,0.735,True,modal
layer,min_staff,would,T1,vix,327,0.071,99,-0.1086,0.2845,-0.2287,0.0228,0.082,True,modal
layer,min_staff,would,T2,cfnai,294,0.077,91,0.1911,0.0696,0.1773,0.0928,0.4142,True,modal
layer,min_staff,would,T2,vix,294,0.077,91,-0.2463,0.0186,-0.32,0.002,0.0159,True,modal
layer,min_staff,would,T3,cfnai,445,0.069,131,-0.0222,0.8009,0.1043,0.2359,0.8089,True,modal
layer,min_staff,would,T3,vix,445,0.069,131,-0.1626,0.0635,-0.2693,0.0019,0.0167,True,modal
layer,min_staff,would,H1,cfnai,196,0.021,48,0.2467,0.0909,0.2306,0.1148,0.5321,True,modal
layer,min_staff,would,H1,vix,196,0.021,48,-0.1629,0.2686,-0.2624,0.0716,0.5217,True,modal
layer,min_staff,would,H2,cfnai,98,0.14,43,0.2322,0.1341,0.1277,0.4146,0.6427,True,modal
layer,min_staff,would,H2,vix,98,0.14,43,0.0318,0.8396,-0.0138,0.9302,0.9712,True,modal
layer,min_staff_desk,ALL,T1,cfnai,553,0.152,99,0.0821,0.4192,0.139,0.17,0.6798,True,modal
layer,min_staff_desk,ALL,T1,vix,553,0.152,99,0.0851,0.4025,0.139,0.1699,0.3496,True,modal
layer,min_staff_desk,ALL,T2,cfnai,501,0.165,91,0.1994,0.058,0.1615,0.1262,0.4342,True,modal
layer,min_staff_desk,ALL,T2,vix,501,0.165,91,0.0627,0.5546,0.1195,0.2593,0.5004,True,modal
layer,min_staff_desk,ALL,T3,cfnai,774,0.237,131,0.0664,0.4512,0.1352,0.1235,0.6639,True,modal
layer,min_staff_desk,ALL,T3,vix,774,0.237,131,0.1122,0.2019,0.1127,0.1999,0.4112,True,modal
layer,min_staff_desk,ALL,H1,cfnai,258,0.271,48,0.2035,0.1655,0.1404,0.3411,0.6632,True,modal
layer,min_staff_desk,ALL,H1,vix,258,0.271,48,-0.0176,0.9055,0.0435,0.7689,0.8913,True,modal
layer,min_staff_desk,ALL,H2,cfnai,243,0.047,43,0.2347,0.1298,0.1999,0.1986,0.3848,True,modal
layer,min_staff_desk,ALL,H2,vix,243,0.047,43,0.186,0.2324,0.2357,0.1281,0.3613,True,modal
layer,min_staff_desk,could,T1,cfnai,138,0.434,99,0.1148,0.2579,0.2128,0.0344,0.3099,True,modal
layer,min_staff_desk,could,T1,vix,138,0.434,99,0.1656,0.1014,0.2113,0.0358,0.1171,True,modal
layer,min_staff_desk,could,T2,cfnai,126,0.451,91,0.2248,0.0321,0.2517,0.0161,0.1656,True,modal
layer,min_staff_desk,could,T2,vix,126,0.451,91,0.1545,0.1436,0.2217,0.0347,0.1135,True,modal
layer,min_staff_desk,could,T3,cfnai,187,0.481,131,0.095,0.2803,0.1817,0.0378,0.4536,True,modal
layer,min_staff_desk,could,T3,vix,187,0.481,131,0.1775,0.0425,0.1465,0.0949,0.2517,True,modal
layer,min_staff_desk,could,H1,cfnai,66,0.5,48,0.2078,0.1565,0.2405,0.0996,0.5321,True,modal
layer,min_staff_desk,could,H1,vix,66,0.5,48,0.0557,0.707,0.1251,0.3969,0.8837,True,modal
layer,min_staff_desk,could,H2,cfnai,60,0.395,43,0.2479,0.1089,0.2691,0.0809,0.239,True,modal
layer,min_staff_desk,could,H2,vix,60,0.395,43,0.2793,0.0697,0.4045,0.0071,0.0632,True,modal
layer,min_staff_desk,may,T1,cfnai,41,0.717,99,-0.0293,0.7731,-0.003,0.9764,0.9764,False,modal
layer,min_staff_desk,may,T1,vix,41,0.717,99,-0.0697,0.4933,-0.0026,0.98,0.98,False,modal
layer,min_staff_desk,may,T2,cfnai,40,0.703,91,0.0511,0.6305,0.0276,0.7954,0.8928,False,modal
layer,min_staff_desk,may,T2,vix,40,0.703,91,-0.0107,0.9196,0.041,0.6995,0.8239,False,modal
layer,min_staff_desk,may,T3,cfnai,46,0.771,131,-0.0294,0.7392,-0.0032,0.9713,0.9914,False,modal
layer,min_staff_desk,may,T3,vix,46,0.771,131,-0.1126,0.2003,-0.0685,0.4369,0.642,False,modal
layer,min_staff_desk,may,H1,cfnai,19,0.708,48,0.0792,0.5926,0.1554,0.2916,0.6196,False,modal
layer,min_staff_desk,may,H1,vix,19,0.708,48,0.0329,0.8245,0.057,0.7005,0.8913,False,modal
layer,min_staff_desk,may,H2,cfnai,21,0.698,43,0.0342,0.8278,-0.0551,0.7258,0.8142,False,modal
layer,min_staff_desk,may,H2,vix,21,0.698,43,-0.0898,0.5668,0.0218,0.8895,0.9514,False,modal
layer,min_staff_desk,should,T1,cfnai,27,0.838,99,0.0713,0.4832,0.0551,0.588,0.9714,False,modal
layer,min_staff_desk,should,T1,vix,27,0.838,99,-0.0123,0.9039,0.0457,0.6536,0.7714,False,modal
layer,min_staff_desk,should,T2,cfnai,25,0.846,91,0.1032,0.3304,0.0317,0.7655,0.8928,False,modal
layer,min_staff_desk,should,T2,vix,25,0.846,91,-0.089,0.4017,-0.003,0.9773,0.9773,False,modal
layer,min_staff_desk,should,T3,cfnai,49,0.824,131,0.059,0.5031,0.0399,0.6506,0.9914,False,modal
layer,min_staff_desk,should,T3,vix,49,0.824,131,0.0633,0.4724,0.1039,0.2376,0.4751,False,modal
layer,min_staff_desk,should,H1,cfnai,17,0.875,48,0.1515,0.304,-0.0171,0.9081,0.9548,False,modal
layer,min_staff_desk,should,H1,vix,17,0.875,48,-0.0397,0.7887,-0.0556,0.7072,0.8913,False,modal
layer,min_staff_desk,should,H2,cfnai,8,0.814,43,0.0996,0.5252,0.0806,0.6075,0.7533,False,modal
layer,min_staff_desk,should,H2,vix,8,0.814,43,-0.1324,0.3972,-0.0587,0.7084,0.8875,False,modal
layer,min_staff_desk,will,T1,cfnai,35,0.768,99,0.0737,0.4684,0.0265,0.7949,0.9714,False,modal
layer,min_staff_desk,will,T1,vix,35,0.768,99,-0.1056,0.2984,-0.1403,0.166,0.3496,False,modal
layer,min_staff_desk,will,T2,cfnai,31,0.769,91,-0.0323,0.7612,0.0118,0.9117,0.9377,False,modal
layer,min_staff_desk,will,T2,vix,31,0.769,91,-0.1583,0.134,-0.1313,0.2149,0.4688,False,modal
layer,min_staff_desk,will,T3,cfnai,50,0.786,131,0.0471,0.5932,0.0063,0.943,0.9914,False,modal
layer,min_staff_desk,will,T3,vix,50,0.786,131,-0.0841,0.3396,-0.1319,0.1332,0.3094,False,modal
layer,min_staff_desk,will,H1,cfnai,18,0.771,48,0.0526,0.7225,0.1115,0.4504,0.6895,False,modal
layer,min_staff_desk,will,H1,vix,18,0.771,48,-0.0462,0.7553,0.046,0.7562,0.8913,False,modal
layer,min_staff_desk,will,H2,cfnai,13,0.767,43,-0.0978,0.5327,-0.0531,0.7354,0.8142,False,modal
layer,min_staff_desk,will,H2,vix,13,0.767,43,-0.2654,0.0854,-0.2274,0.1425,0.3681,False,modal
layer,min_staff_desk,would,T1,cfnai,307,0.182,99,0.0274,0.7879,0.0886,0.3831,0.9194,True,modal
layer,min_staff_desk,would,T1,vix,307,0.182,99,0.0763,0.453,0.1262,0.2131,0.4132,True,modal
layer,min_staff_desk,would,T2,cfnai,275,0.198,91,0.1391,0.1886,0.1235,0.2436,0.5692,True,modal
layer,min_staff_desk,would,T2,vix,275,0.198,91,0.0754,0.4773,0.0974,0.3586,0.6297,True,modal
layer,min_staff_desk,would,T3,cfnai,435,0.267,131,0.0295,0.7382,0.1317,0.1337,0.6639,True,modal
layer,min_staff_desk,would,T3,vix,435,0.267,131,0.1113,0.2058,0.1337,0.128,0.3071,True,modal
layer,min_staff_desk,would,H1,cfnai,137,0.292,48,0.15,0.309,0.1201,0.4161,0.6632,True,modal
layer,min_staff_desk,would,H1,vix,137,0.292,48,-0.0465,0.7536,-0.0164,0.912,0.9539,True,modal
layer,min_staff_desk,would,H2,cfnai,138,0.093,43,0.1454,0.3523,0.1539,0.3244,0.5587,True,modal
layer,min_staff_desk,would,H2,vix,138,0.093,43,0.21,0.1765,0.2322,0.134,0.3613,True,modal
layer,min_statement_quote,ALL,T1,cfnai,761,0.0,99,-0.0599,0.5558,-0.1633,0.1063,0.5467,True,modal
layer,min_statement_quote,ALL,T1,vix,761,0.0,99,0.1159,0.2534,0.1089,0.2834,0.4534,True,modal
layer,min_statement_quote,ALL,T2,cfnai,697,0.0,91,-0.164,0.1203,-0.2047,0.0516,0.3098,True,modal
layer,min_statement_quote,ALL,T2,vix,697,0.0,91,0.0749,0.4807,0.06,0.5719,0.7138,True,modal
layer,min_statement_quote,ALL,T3,cfnai,998,0.0,131,-0.0573,0.5157,-0.1223,0.164,0.7056,True,modal
layer,min_statement_quote,ALL,T3,vix,998,0.0,131,-0.0599,0.497,-0.0842,0.3389,0.5545,True,modal
layer,min_statement_quote,ALL,H1,cfnai,397,0.0,48,0.166,0.2596,0.1803,0.2201,0.5658,True,modal
layer,min_statement_quote,ALL,H1,vix,397,0.0,48,-0.2798,0.0541,-0.3954,0.0054,0.0689,True,modal
layer,min_statement_quote,ALL,H2,cfnai,300,0.0,43,-0.5583,0.0001,-0.5613,0.0001,0.0014,True,modal
layer,min_statement_quote,ALL,H2,vix,300,0.0,43,-0.4434,0.0029,-0.4939,0.0008,0.0158,True,modal
layer,min_statement_quote,could,T1,cfnai,50,0.495,99,0.1363,0.1786,-0.0745,0.4634,0.9714,True,modal
layer,min_statement_quote,could,T1,vix,50,0.495,99,0.2538,0.0112,0.3597,0.0003,0.0061,True,modal
layer,min_statement_quote,could,T2,cfnai,47,0.484,91,-0.0919,0.3864,-0.1746,0.0978,0.4142,True,modal
layer,min_statement_quote,could,T2,vix,47,0.484,91,0.4489,0.0,0.4439,0.0,0.0002,True,modal
layer,min_statement_quote,could,T3,cfnai,55,0.588,131,0.1207,0.1695,-0.024,0.7853,0.9914,True,modal
layer,min_statement_quote,could,T3,vix,55,0.588,131,0.1326,0.1312,0.1979,0.0234,0.0703,True,modal
layer,min_statement_quote,could,H1,cfnai,4,0.917,48,0.1143,0.4392,0.0935,0.5272,0.6895,False,modal
layer,min_statement_quote,could,H1,vix,4,0.917,48,-0.1163,0.4311,-0.0829,0.5755,0.8913,False,modal
layer,min_statement_quote,could,H2,cfnai,43,0.0,43,-0.6316,0.0,-0.4635,0.0017,0.0155,True,modal
layer,min_statement_quote,could,H2,vix,43,0.0,43,-0.0411,0.7936,-0.0529,0.7364,0.8875,True,modal
layer,min_statement_quote,should,T1,cfnai,33,0.727,99,0.0255,0.8019,-0.016,0.8749,0.9714,False,modal
layer,min_statement_quote,should,T1,vix,33,0.727,99,-0.2977,0.0028,-0.3301,0.0008,0.0076,False,modal
layer,min_statement_quote,should,T2,cfnai,33,0.703,91,-0.0668,0.529,-0.0262,0.8053,0.8928,False,modal
layer,min_statement_quote,should,T2,vix,33,0.703,91,-0.2744,0.0085,-0.3059,0.0032,0.0212,False,modal
layer,min_statement_quote,should,T3,cfnai,49,0.695,131,0.0124,0.8884,-0.0634,0.4719,0.9226,False,modal
layer,min_statement_quote,should,T3,vix,49,0.695,131,-0.2952,0.0006,-0.3519,0.0,0.0009,False,modal
layer,min_statement_quote,should,H1,cfnai,33,0.438,48,-0.0997,0.5002,-0.0803,0.5876,0.7135,False,modal
layer,min_statement_quote,should,H1,vix,33,0.438,48,0.0515,0.728,-0.0604,0.6832,0.8913,False,modal
layer,min_statement_quote,should,H2,cfnai,0,1.0,43,,,,,,False,modal
layer,min_statement_quote,should,H2,vix,0,1.0,43,,,,,,False,modal
layer,min_statement_quote,will,T1,cfnai,601,0.0,99,-0.2394,0.017,-0.0923,0.3634,0.9194,True,modal
layer,min_statement_quote,will,T1,vix,601,0.0,99,0.0245,0.8097,-0.1335,0.1876,0.3752,True,modal
layer,min_statement_quote,will,T2,cfnai,543,0.0,91,-0.101,0.3406,-0.0902,0.3951,0.7086,True,modal
layer,min_statement_quote,will,T2,vix,543,0.0,91,-0.2821,0.0068,-0.3218,0.0019,0.0159,True,modal
layer,min_statement_quote,will,T3,cfnai,814,0.0,131,-0.2091,0.0165,-0.0835,0.3428,0.8724,True,modal
layer,min_statement_quote,will,T3,vix,814,0.0,131,-0.084,0.3403,-0.224,0.0101,0.0429,True,modal
layer,min_statement_quote,will,H1,cfnai,339,0.0,48,0.2043,0.1637,0.1849,0.2083,0.5658,True,modal
layer,min_statement_quote,will,H1,vix,339,0.0,48,-0.3678,0.0101,-0.4411,0.0017,0.0434,True,modal
layer,min_statement_quote,will,H2,cfnai,204,0.0,43,-0.4156,0.0056,-0.3768,0.0127,0.0878,True,modal
layer,min_statement_quote,will,H2,vix,204,0.0,43,-0.3967,0.0085,-0.4494,0.0025,0.031,True,modal
layer,min_statement_quote,would,T1,cfnai,49,0.525,99,0.1476,0.1448,-0.0303,0.7659,0.9714,True,modal
layer,min_statement_quote,would,T1,vix,49,0.525,99,0.252,0.0119,0.3645,0.0002,0.0061,True,modal
layer,min_statement_quote,would,T2,cfnai,46,0.516,91,-0.0058,0.9562,-0.1152,0.2767,0.5692,True,modal
layer,min_statement_quote,would,T2,vix,46,0.516,91,0.443,0.0,0.448,0.0,0.0002,True,modal
layer,min_statement_quote,would,T3,cfnai,51,0.626,131,0.1271,0.1478,-0.0173,0.8441,0.9914,False,modal
layer,min_statement_quote,would,T3,vix,51,0.626,131,0.1452,0.0979,0.235,0.0069,0.0311,False,modal
layer,min_statement_quote,would,H1,cfnai,1,0.979,48,0.0999,0.4994,0.1212,0.412,0.6632,False,modal
layer,min_statement_quote,would,H1,vix,1,0.979,48,-0.1672,0.256,-0.2158,0.1406,0.5912,False,modal
layer,min_statement_quote,would,H2,cfnai,45,0.0,43,-0.2431,0.1163,-0.2265,0.144,0.3185,True,modal
layer,min_statement_quote,would,H2,vix,45,0.0,43,-0.0914,0.5601,-0.0889,0.5709,0.7753,True,modal
layer,min_vote,ALL,T1,cfnai,166,0.051,99,0.0506,0.6191,0.2245,0.0255,0.3058,True,modal
layer,min_vote,ALL,T1,vix,166,0.051,99,-0.1485,0.1425,-0.1866,0.0644,0.165,True,modal
layer,min_vote,ALL,T2,cfnai,156,0.055,91,0.1114,0.2932,0.2285,0.0294,0.1974,True,modal
layer,min_vote,ALL,T2,vix,156,0.055,91,-0.1282,0.2258,-0.2134,0.0422,0.1267,True,modal
layer,min_vote,ALL,T3,cfnai,315,0.038,131,0.0371,0.674,0.1199,0.1724,0.7056,True,modal
layer,min_vote,ALL,T3,vix,315,0.038,131,0.0583,0.5084,0.0094,0.9152,0.9327,True,modal
layer,min_vote,ALL,H1,cfnai,104,0.104,48,0.0757,0.6093,0.0899,0.5436,0.6931,True,modal
layer,min_vote,ALL,H1,vix,104,0.104,48,0.0361,0.8077,0.0821,0.579,0.8913,True,modal
layer,min_vote,ALL,H2,cfnai,52,0.0,43,0.3291,0.0312,0.2914,0.058,0.2202,True,modal
layer,min_vote,ALL,H2,vix,52,0.0,43,0.2164,0.1634,0.1993,0.2002,0.4774,True,modal
layer,min_vote,could,T1,cfnai,13,0.909,99,0.0027,0.9787,-0.0805,0.4281,0.9714,False,modal
layer,min_vote,could,T1,vix,13,0.909,99,0.0811,0.4246,0.0952,0.3486,0.5123,False,modal
layer,min_vote,could,T2,cfnai,12,0.912,91,-0.068,0.5218,-0.085,0.4233,0.7086,False,modal
layer,min_vote,could,T2,vix,12,0.912,91,0.0928,0.3815,0.0781,0.4618,0.6645,False,modal
layer,min_vote,could,T3,cfnai,44,0.824,131,0.0222,0.8013,0.0243,0.7833,0.9914,False,modal
layer,min_vote,could,T3,vix,44,0.824,131,0.19,0.0297,0.2105,0.0158,0.0564,False,modal
layer,min_vote,could,H1,cfnai,9,0.875,48,-0.286,0.0488,-0.2555,0.0797,0.5321,False,modal
layer,min_vote,could,H1,vix,9,0.875,48,0.1114,0.4511,0.2532,0.0824,0.5255,False,modal
layer,min_vote,could,H2,cfnai,3,0.953,43,0.1095,0.4846,0.0892,0.5694,0.7204,False,modal
layer,min_vote,could,H2,vix,3,0.953,43,0.221,0.1545,0.1378,0.3782,0.6091,False,modal
layer,min_vote,would,T1,cfnai,119,0.051,99,-0.0222,0.8274,0.2077,0.0391,0.3131,True,modal
layer,min_vote,would,T1,vix,119,0.051,99,-0.0789,0.4376,-0.1036,0.3077,0.4714,True,modal
layer,min_vote,would,T2,cfnai,111,0.055,91,0.1064,0.3156,0.2583,0.0134,0.1612,True,modal
layer,min_vote,would,T2,vix,111,0.055,91,-0.0504,0.6349,-0.1207,0.2543,0.5004,True,modal
layer,min_vote,would,T3,cfnai,218,0.046,131,-0.0264,0.7649,0.0411,0.6415,0.9914,True,modal
layer,min_vote,would,T3,vix,218,0.046,131,0.0745,0.398,0.0405,0.646,0.8305,True,modal
layer,min_vote,would,H1,cfnai,65,0.104,48,0.1065,0.4712,0.1556,0.2908,0.6196,True,modal
layer,min_vote,would,H1,vix,65,0.104,48,0.0769,0.6034,-0.0155,0.9165,0.9539,True,modal
layer,min_vote,would,H2,cfnai,46,0.0,43,0.3529,0.0203,0.3048,0.0469,0.2077,True,modal
layer,min_vote,would,H2,vix,46,0.0,43,0.1911,0.2196,0.1693,0.2778,0.5555,True,modal
layer,pc_chair,ALL,T1,cfnai,10686,0.0,80,0.1105,0.3291,0.2165,0.0538,0.387,True,modal
layer,pc_chair,ALL,T1,vix,10686,0.0,80,0.3622,0.001,0.3188,0.004,0.0316,True,modal
layer,pc_chair,ALL,T2,cfnai,9293,0.0,71,0.2947,0.0126,0.2575,0.0302,0.1974,True,modal
layer,pc_chair,ALL,T2,vix,9293,0.0,71,0.2776,0.0191,0.2973,0.0118,0.0481,True,modal
layer,pc_chair,ALL,T3,cfnai,12233,0.0,92,0.0967,0.3594,0.1422,0.1764,0.7056,True,modal
layer,pc_chair,ALL,T3,vix,12233,0.0,92,0.3394,0.0009,0.2925,0.0047,0.0258,True,modal
layer,pc_chair,ALL,H2,cfnai,6097,0.0,43,0.3415,0.025,0.3167,0.0385,0.1838,True,modal
layer,pc_chair,ALL,H2,vix,6097,0.0,43,0.2372,0.1257,0.2523,0.1026,0.3347,True,modal
layer,pc_chair,can,T1,cfnai,1610,0.0,80,-0.2073,0.0651,0.0682,0.548,0.9714,True,modal
layer,pc_chair,can,T1,vix,1610,0.0,80,0.4569,0.0,0.4221,0.0001,0.0061,True,modal
layer,pc_chair,can,T2,cfnai,1356,0.0,71,0.152,0.2056,0.1341,0.265,0.5692,True,modal
layer,pc_chair,can,T2,vix,1356,0.0,71,0.2848,0.0161,0.3231,0.006,0.0343,True,modal
layer,pc_chair,can,T3,cfnai,1862,0.0,92,-0.2004,0.0555,0.0369,0.727,0.9914,True,modal
layer,pc_chair,can,T3,vix,1862,0.0,92,0.4599,0.0,0.4052,0.0001,0.0011,True,modal
layer,pc_chair,can,H2,cfnai,980,0.0,43,0.2193,0.1577,0.2762,0.073,0.2263,True,modal
layer,pc_chair,can,H2,vix,980,0.0,43,0.1467,0.3479,0.1577,0.3126,0.568,True,modal
layer,pc_chair,could,T1,cfnai,626,0.013,80,-0.1577,0.1623,0.0615,0.588,0.9714,True,modal
layer,pc_chair,could,T1,vix,626,0.013,80,-0.2411,0.0312,-0.2865,0.01,0.0513,True,modal
layer,pc_chair,could,T2,cfnai,554,0.0,71,0.0553,0.6471,0.0831,0.4906,0.7679,True,modal
layer,pc_chair,could,T2,vix,554,0.0,71,-0.3134,0.0078,-0.3219,0.0062,0.0343,True,modal
layer,pc_chair,could,T3,cfnai,719,0.011,92,-0.1447,0.1688,0.0406,0.7006,0.9914,True,modal
layer,pc_chair,could,T3,vix,719,0.011,92,-0.2668,0.0102,-0.3183,0.002,0.0167,True,modal
layer,pc_chair,could,H2,cfnai,321,0.0,43,-0.0398,0.8002,-0.0451,0.774,0.82,True,modal
layer,pc_chair,could,H2,vix,321,0.0,43,-0.1965,0.2066,-0.256,0.0976,0.3347,True,modal
layer,pc_chair,may,T1,cfnai,485,0.013,80,0.0239,0.8333,0.0192,0.866,0.9714,True,modal
layer,pc_chair,may,T1,vix,485,0.013,80,-0.0125,0.9125,-0.0236,0.8357,0.9008,True,modal
layer,pc_chair,may,T2,cfnai,424,0.0,71,-0.0533,0.659,-0.0507,0.6744,0.8519,True,modal
layer,pc_chair,may,T2,vix,424,0.0,71,-0.0643,0.5944,-0.0849,0.4816,0.6645,True,modal
layer,pc_chair,may,T3,cfnai,562,0.011,92,0.0243,0.8178,0.0318,0.7633,0.9914,True,modal
layer,pc_chair,may,T3,vix,562,0.011,92,-0.038,0.7193,-0.0487,0.6448,0.8305,True,modal
layer,pc_chair,may,H2,cfnai,266,0.0,43,-0.0626,0.69,-0.0597,0.7038,0.814,True,modal
layer,pc_chair,may,H2,vix,266,0.0,43,-0.0321,0.8379,-0.0612,0.6968,0.8875,True,modal
layer,pc_chair,should,T1,cfnai,497,0.013,80,0.0929,0.4123,0.1735,0.1238,0.5572,True,modal
layer,pc_chair,should,T1,vix,497,0.013,80,-0.0115,0.9192,0.0376,0.7404,0.8462,True,modal
layer,pc_chair,should,T2,cfnai,436,0.014,71,0.0375,0.7561,0.1019,0.3976,0.7086,True,modal
layer,pc_chair,should,T2,vix,436,0.014,71,-0.0036,0.9761,-0.0222,0.8542,0.8799,True,modal
layer,pc_chair,should,T3,cfnai,575,0.011,92,0.0867,0.4114,0.1349,0.1997,0.7567,True,modal
layer,pc_chair,should,T3,vix,575,0.011,92,0.0351,0.7396,0.1214,0.2491,0.4813,True,modal
layer,pc_chair,should,H2,cfnai,250,0.023,43,0.0563,0.7197,0.1113,0.4774,0.6578,True,modal
layer,pc_chair,should,H2,vix,250,0.023,43,0.054,0.7309,0.1276,0.4148,0.6273,True,modal
layer,pc_chair,will,T1,cfnai,4341,0.0,80,0.14,0.2156,0.1239,0.2736,0.7815,True,modal
layer,pc_chair,will,T1,vix,4341,0.0,80,0.3587,0.0011,0.3114,0.0049,0.0355,True,modal
layer,pc_chair,will,T2,cfnai,3725,0.0,71,0.2246,0.0597,0.1393,0.2466,0.5692,True,modal
layer,pc_chair,will,T2,vix,3725,0.0,71,0.277,0.0194,0.3134,0.0078,0.0373,True,modal
layer,pc_chair,will,T3,cfnai,4942,0.0,92,0.1285,0.2221,0.0766,0.4679,0.9226,True,modal
layer,pc_chair,will,T3,vix,4942,0.0,92,0.3096,0.0027,0.2483,0.017,0.0564,True,modal
layer,pc_chair,will,H2,cfnai,2524,0.0,43,0.2868,0.0622,0.2287,0.1402,0.3185,True,modal
layer,pc_chair,will,H2,vix,2524,0.0,43,0.1719,0.2703,0.2359,0.1278,0.3613,True,modal
layer,pc_chair,would,T1,cfnai,3127,0.0,80,0.149,0.1873,0.2001,0.0751,0.4617,True,modal
layer,pc_chair,would,T1,vix,3127,0.0,80,-0.1241,0.2727,-0.0986,0.3841,0.5532,True,modal
layer,pc_chair,would,T2,cfnai,2798,0.0,71,0.0558,0.644,0.1418,0.238,0.5692,True,modal
layer,pc_chair,would,T2,vix,2798,0.0,71,0.0275,0.8197,-0.0347,0.7738,0.8718,True,modal
layer,pc_chair,would,T3,cfnai,3573,0.0,92,0.1376,0.191,0.1697,0.1059,0.6639,True,modal
layer,pc_chair,would,T3,vix,3573,0.0,92,-0.0803,0.447,-0.0397,0.7074,0.8905,True,modal
layer,pc_chair,would,H2,cfnai,1756,0.0,43,0.0835,0.5944,0.2047,0.188,0.376,True,modal
layer,pc_chair,would,H2,vix,1756,0.0,43,0.1363,0.3836,0.0879,0.5752,0.7753,True,modal
layer,pc_journalist,ALL,T1,cfnai,2452,0.0,80,0.2237,0.046,0.1272,0.2607,0.7815,True,modal
layer,pc_journalist,ALL,T1,vix,2452,0.0,80,-0.0257,0.8207,-0.0143,0.9001,0.9393,True,modal
layer,pc_journalist,ALL,T2,cfnai,2190,0.0,71,0.2134,0.074,0.0888,0.4617,0.7387,True,modal
layer,pc_journalist,ALL,T2,vix,2190,0.0,71,-0.0474,0.6944,-0.0345,0.7749,0.8718,True,modal
layer,pc_journalist,ALL,T3,cfnai,2884,0.0,92,0.1989,0.0573,0.0941,0.3721,0.8724,True,modal
layer,pc_journalist,ALL,T3,vix,2884,0.0,92,0.0275,0.7945,0.0627,0.5524,0.7649,True,modal
layer,pc_journalist,ALL,H2,cfnai,1392,0.0,43,0.401,0.0077,0.281,0.068,0.2263,True,modal
layer,pc_journalist,ALL,H2,vix,1392,0.0,43,-0.1294,0.4081,-0.0385,0.8063,0.909,True,modal
layer,pc_journalist,can,T1,cfnai,380,0.025,80,-0.0208,0.8545,-0.0376,0.7408,0.9714,True,modal
layer,pc_journalist,can,T1,vix,380,0.025,80,0.1411,0.212,0.1308,0.2476,0.4234,True,modal
layer,pc_journalist,can,T2,cfnai,320,0.028,71,0.1049,0.384,-0.0741,0.5389,0.776,True,modal
layer,pc_journalist,can,T2,vix,320,0.028,71,-0.031,0.7975,-0.045,0.7095,0.8239,True,modal
layer,pc_journalist,can,T3,cfnai,464,0.022,92,-0.0124,0.9063,-0.0243,0.8184,0.9914,True,modal
layer,pc_journalist,can,T3,vix,464,0.022,92,0.1657,0.1145,0.1385,0.1879,0.398,True,modal
layer,pc_journalist,can,H2,cfnai,217,0.047,43,0.0869,0.5795,-0.1196,0.4451,0.6578,True,modal
layer,pc_journalist,can,H2,vix,217,0.047,43,-0.0919,0.5579,-0.1277,0.4145,0.6273,True,modal
layer,pc_journalist,could,T1,cfnai,586,0.0,80,0.0762,0.5017,0.0039,0.9728,0.9764,True,modal
layer,pc_journalist,could,T1,vix,586,0.0,80,0.0211,0.8523,0.0532,0.6395,0.7674,True,modal
layer,pc_journalist,could,T2,cfnai,522,0.0,71,0.0967,0.4226,-0.0286,0.8126,0.8928,True,modal
layer,pc_journalist,could,T2,vix,522,0.0,71,0.0132,0.9131,0.0266,0.826,0.8799,True,modal
layer,pc_journalist,could,T3,cfnai,677,0.0,92,0.0712,0.4997,-0.0123,0.9077,0.9914,True,modal
layer,pc_journalist,could,T3,vix,677,0.0,92,0.0681,0.5192,0.108,0.3055,0.5238,True,modal
layer,pc_journalist,could,H2,cfnai,323,0.0,43,0.3665,0.0157,0.2276,0.1422,0.3185,True,modal
layer,pc_journalist,could,H2,vix,323,0.0,43,-0.0216,0.8907,-0.0617,0.6943,0.8875,True,modal
layer,pc_journalist,may,T1,cfnai,96,0.338,80,0.1285,0.2561,-0.0323,0.7761,0.9714,True,modal
layer,pc_journalist,may,T1,vix,96,0.338,80,0.0035,0.9751,-0.0721,0.5248,0.6997,True,modal
layer,pc_journalist,may,T2,cfnai,87,0.324,71,-0.0708,0.5577,-0.0226,0.8515,0.8928,True,modal
layer,pc_journalist,may,T2,vix,87,0.324,71,-0.0753,0.5326,-0.0742,0.5385,0.7138,True,modal
layer,pc_journalist,may,T3,cfnai,117,0.304,92,0.1188,0.2594,-0.0523,0.6208,0.9914,True,modal
layer,pc_journalist,may,T3,vix,117,0.304,92,0.0298,0.7779,-0.0261,0.805,0.9125,True,modal
layer,pc_journalist,may,H2,cfnai,58,0.349,43,-0.1855,0.2336,-0.1072,0.4937,0.6655,True,modal
layer,pc_journalist,may,H2,vix,58,0.349,43,-0.0995,0.5257,-0.1049,0.5031,0.7089,True,modal
layer,pc_journalist,should,T1,cfnai,195,0.1,80,0.1642,0.1455,0.1682,0.136,0.5759,True,modal
layer,pc_journalist,should,T1,vix,195,0.1,80,0.0201,0.8598,0.0087,0.9386,0.9654,True,modal
layer,pc_journalist,should,T2,cfnai,174,0.099,71,0.137,0.2547,0.1597,0.1833,0.55,True,modal
layer,pc_journalist,should,T2,vix,174,0.099,71,-0.0642,0.5946,-0.054,0.6544,0.7986,True,modal
layer,pc_journalist,should,T3,cfnai,230,0.087,92,0.1656,0.1146,0.2195,0.0355,0.4536,True,modal
layer,pc_journalist,should,T3,vix,230,0.087,92,0.0376,0.722,0.0338,0.749,0.8905,True,modal
layer,pc_journalist,should,H2,cfnai,99,0.14,43,0.0914,0.5598,0.0746,0.6347,0.762,True,modal
layer,pc_journalist,should,H2,vix,99,0.14,43,0.0442,0.7785,0.1364,0.3831,0.6091,True,modal
layer,pc_journalist,will,T1,cfnai,411,0.013,80,0.116,0.3054,0.068,0.549,0.9714,True,modal
layer,pc_journalist,will,T1,vix,411,0.013,80,0.0349,0.7584,0.0722,0.5244,0.6997,True,modal
layer,pc_journalist,will,T2,cfnai,382,0.014,71,0.1711,0.1536,0.1326,0.2704,0.5692,True,modal
layer,pc_journalist,will,T2,vix,382,0.014,71,0.2549,0.0319,0.2321,0.0514,0.1454,True,modal
layer,pc_journalist,will,T3,cfnai,475,0.011,92,0.1001,0.3424,0.0303,0.7744,0.9914,True,modal
layer,pc_journalist,will,T3,vix,475,0.011,92,-0.009,0.932,0.0197,0.8524,0.916,True,modal
layer,pc_journalist,will,H2,cfnai,251,0.023,43,0.2649,0.086,0.2618,0.0899,0.2533,True,modal
layer,pc_journalist,will,H2,vix,251,0.023,43,0.2858,0.0632,0.327,0.0324,0.1672,True,modal
layer,pc_journalist,would,T1,cfnai,784,0.0,80,0.1085,0.338,-0.0046,0.9677,0.9764,True,modal
layer,pc_journalist,would,T1,vix,784,0.0,80,-0.2245,0.0452,-0.2139,0.0568,0.1635,True,modal
layer,pc_journalist,would,T2,cfnai,705,0.0,71,-0.018,0.8818,-0.0358,0.7667,0.8928,True,modal
layer,pc_journalist,would,T2,vix,705,0.0,71,-0.2282,0.0556,-0.2039,0.0881,0.2186,True,modal
layer,pc_journalist,would,T3,cfnai,921,0.0,92,0.0944,0.3707,-0.0256,0.8085,0.9914,True,modal
layer,pc_journalist,would,T3,vix,921,0.0,92,-0.18,0.0859,-0.1506,0.152,0.3419,True,modal
layer,pc_journalist,would,H2,cfnai,444,0.0,43,0.0511,0.7447,0.0411,0.7936,0.82,True,modal
layer,pc_journalist,would,H2,vix,444,0.0,43,-0.3874,0.0103,-0.3932,0.0091,0.0704,True,modal
layer,pc_moderator,ALL,T1,cfnai,83,0.449,49,0.0931,0.5248,0.4616,0.0008,0.0303,True,modal
layer,pc_moderator,ALL,T1,vix,83,0.449,49,0.2877,0.045,0.3859,0.0062,0.0404,True,modal
layer,pc_moderator,ALL,T2,cfnai,66,0.5,42,0.4933,0.0009,0.6075,0.0,0.0007,True,modal
layer,pc_moderator,ALL,T2,vix,66,0.5,42,0.3596,0.0193,0.3841,0.012,0.0481,True,modal
layer,pc_moderator,ALL,T3,cfnai,83,0.449,49,0.0931,0.5248,0.4616,0.0008,0.0303,True,modal
layer,pc_moderator,ALL,T3,vix,83,0.449,49,0.2877,0.045,0.3859,0.0062,0.0311,True,modal
layer,pc_moderator,ALL,H2,cfnai,66,0.5,42,0.4933,0.0009,0.6075,0.0,0.0004,True,modal
layer,pc_moderator,ALL,H2,vix,66,0.5,42,0.3596,0.0193,0.3841,0.012,0.0745,True,modal
layer,pc_moderator,will,T1,cfnai,80,0.449,49,0.0919,0.53,0.4647,0.0008,0.0303,True,modal
layer,pc_moderator,will,T1,vix,80,0.449,49,0.2718,0.0589,0.381,0.0069,0.0415,True,modal
layer,pc_moderator,will,T2,cfnai,64,0.5,42,0.4876,0.0011,0.6075,0.0,0.0007,True,modal
layer,pc_moderator,will,T2,vix,64,0.5,42,0.3464,0.0246,0.3841,0.012,0.0481,True,modal
layer,pc_moderator,will,T3,cfnai,80,0.449,49,0.0919,0.53,0.4647,0.0008,0.0303,True,modal
layer,pc_moderator,will,T3,vix,80,0.449,49,0.2718,0.0589,0.381,0.0069,0.0311,True,modal
layer,pc_moderator,will,H2,cfnai,64,0.5,42,0.4876,0.0011,0.6075,0.0,0.0004,True,modal
layer,pc_moderator,will,H2,vix,64,0.5,42,0.3464,0.0246,0.3841,0.012,0.0745,True,modal
layer,speech_chair,ALL,T1,cfnai,3203,0.0,124,-0.0885,0.3286,-0.0957,0.2906,0.7815,True,modal
layer,speech_chair,ALL,T1,vix,3203,0.0,124,0.0939,0.2997,-0.0171,0.8507,0.9008,True,modal
layer,speech_chair,ALL,T2,cfnai,3075,0.0,118,-0.0931,0.3159,-0.0742,0.4246,0.7086,True,modal
layer,speech_chair,ALL,T2,vix,3075,0.0,118,-0.0617,0.5066,-0.0742,0.4242,0.6645,True,modal
layer,speech_chair,ALL,T3,cfnai,4720,0.0,174,-0.096,0.2076,-0.1314,0.084,0.6049,True,modal
layer,speech_chair,ALL,T3,vix,4720,0.0,174,0.076,0.3189,-0.0076,0.9209,0.9327,True,modal
layer,speech_chair,ALL,H1,cfnai,2348,0.0,73,-0.1166,0.3257,-0.1561,0.1872,0.5658,True,modal
layer,speech_chair,ALL,H1,vix,2348,0.0,73,-0.0759,0.5231,-0.1034,0.3841,0.8837,True,modal
layer,speech_chair,ALL,H2,cfnai,727,0.0,45,-0.073,0.6336,-0.0404,0.7922,0.82,True,modal
layer,speech_chair,ALL,H2,vix,727,0.0,45,-0.0328,0.8307,0.031,0.84,0.93,True,modal
layer,speech_chair,can,T1,cfnai,514,0.121,124,-0.3423,0.0001,-0.0302,0.7393,0.9714,True,modal
layer,speech_chair,can,T1,vix,514,0.121,124,0.2549,0.0043,0.1454,0.1072,0.2412,True,modal
layer,speech_chair,can,T2,cfnai,483,0.127,118,0.0929,0.3172,0.0728,0.4331,0.7086,True,modal
layer,speech_chair,can,T2,vix,483,0.127,118,0.0601,0.5182,0.0767,0.4089,0.6645,True,modal
layer,speech_chair,can,T3,cfnai,810,0.103,174,-0.3114,0.0,-0.0794,0.2978,0.8444,True,modal
layer,speech_chair,can,T3,vix,810,0.103,174,0.2252,0.0028,0.1213,0.1108,0.2752,True,modal
layer,speech_chair,can,H1,cfnai,373,0.096,73,0.0461,0.6983,-0.0124,0.9174,0.9548,True,modal
layer,speech_chair,can,H1,vix,373,0.096,73,0.1931,0.1016,0.1197,0.3131,0.8198,True,modal
layer,speech_chair,can,H2,cfnai,110,0.178,45,0.2136,0.1588,0.2182,0.15,0.3185,True,modal
layer,speech_chair,can,H2,vix,110,0.178,45,0.1627,0.2857,0.2771,0.0654,0.259,True,modal
layer,speech_chair,could,T1,cfnai,355,0.355,124,0.1104,0.2223,-0.0114,0.9002,0.9714,True,modal
layer,speech_chair,could,T1,vix,355,0.355,124,-0.1496,0.0971,-0.153,0.0898,0.2085,True,modal
layer,speech_chair,could,T2,cfnai,341,0.347,118,0.0136,0.8834,-0.0473,0.6111,0.8302,True,modal
layer,speech_chair,could,T2,vix,341,0.347,118,-0.1683,0.0685,-0.1631,0.0777,0.2071,True,modal
layer,speech_chair,could,T3,cfnai,496,0.339,174,0.0882,0.247,-0.0434,0.5699,0.9914,True,modal
layer,speech_chair,could,T3,vix,496,0.339,174,-0.1081,0.1558,-0.0869,0.254,0.4813,True,modal
layer,speech_chair,could,H1,cfnai,279,0.315,73,-0.0241,0.8393,-0.1033,0.3846,0.6632,True,modal
layer,speech_chair,could,H1,vix,279,0.315,73,-0.1793,0.129,-0.1686,0.154,0.5912,True,modal
layer,speech_chair,could,H2,cfnai,62,0.4,45,0.0721,0.638,0.0572,0.7089,0.814,True,modal
layer,speech_chair,could,H2,vix,62,0.4,45,-0.0947,0.5363,-0.0519,0.7347,0.8875,True,modal
layer,speech_chair,may,T1,cfnai,382,0.266,124,0.0428,0.6371,-0.06,0.508,0.9714,True,modal
layer,speech_chair,may,T1,vix,382,0.266,124,-0.1209,0.181,-0.11,0.2238,0.4132,True,modal
layer,speech_chair,may,T2,cfnai,375,0.254,118,-0.1688,0.0676,-0.103,0.2672,0.5692,True,modal
layer,speech_chair,may,T2,vix,375,0.254,118,-0.0567,0.5416,-0.0718,0.4399,0.6645,True,modal
layer,speech_chair,may,T3,cfnai,562,0.253,174,0.0368,0.6293,-0.0402,0.5987,0.9914,True,modal
layer,speech_chair,may,T3,vix,562,0.253,174,-0.0968,0.2037,-0.0621,0.4154,0.6363,True,modal
layer,speech_chair,may,H1,cfnai,308,0.219,73,-0.0996,0.4016,-0.0498,0.6754,0.7829,True,modal
layer,speech_chair,may,H1,vix,308,0.219,73,-0.0373,0.7542,0.0158,0.8943,0.9539,True,modal
layer,speech_chair,may,H2,cfnai,67,0.311,45,-0.2899,0.0534,-0.216,0.1541,0.3185,True,modal
layer,speech_chair,may,H2,vix,67,0.311,45,0.0798,0.6022,-0.0048,0.975,0.9818,True,modal
layer,speech_chair,should,T1,cfnai,210,0.452,124,0.0593,0.5127,-0.0079,0.9309,0.9714,True,modal
layer,speech_chair,should,T1,vix,210,0.452,124,0.0166,0.8545,-0.1926,0.0321,0.11,True,modal
layer,speech_chair,should,T2,cfnai,205,0.449,118,-0.0761,0.4129,-0.0355,0.7024,0.8571,True,modal
layer,speech_chair,should,T2,vix,205,0.449,118,-0.1192,0.1985,-0.1906,0.0387,0.1212,True,modal
layer,speech_chair,should,T3,cfnai,343,0.408,174,0.0399,0.6013,-0.0676,0.3756,0.8724,True,modal
layer,speech_chair,should,T3,vix,343,0.408,174,0.0773,0.3106,-0.0594,0.4361,0.642,True,modal
layer,speech_chair,should,H1,cfnai,174,0.329,73,0.2,0.0898,0.1381,0.2441,0.5658,True,modal
layer,speech_chair,should,H1,vix,174,0.329,73,-0.0755,0.5257,-0.0389,0.7436,0.8913,True,modal
layer,speech_chair,should,H2,cfnai,31,0.644,45,-0.2388,0.1142,-0.2822,0.0604,0.2202,False,modal
layer,speech_chair,should,H2,vix,31,0.644,45,-0.0612,0.6899,-0.1546,0.3107,0.568,False,modal
layer,speech_chair,will,T1,cfnai,1169,0.04,124,-0.0772,0.3943,-0.099,0.274,0.7815,True,modal
layer,speech_chair,will,T1,vix,1169,0.04,124,0.1667,0.0643,0.1022,0.2587,0.4234,True,modal
layer,speech_chair,will,T2,cfnai,1118,0.042,118,-0.0331,0.7221,-0.0767,0.4094,0.7086,True,modal
layer,speech_chair,will,T2,vix,1118,0.042,118,0.0921,0.321,0.0686,0.4606,0.6645,True,modal
layer,speech_chair,will,T3,cfnai,1669,0.046,174,-0.0781,0.3056,-0.091,0.2325,0.8089,True,modal
layer,speech_chair,will,T3,vix,1669,0.046,174,0.1206,0.1131,0.0757,0.3211,0.5377,True,modal
layer,speech_chair,will,H1,cfnai,776,0.027,73,-0.1613,0.1727,-0.1487,0.2093,0.5658,True,modal
layer,speech_chair,will,H1,vix,776,0.027,73,0.0197,0.8687,0.0369,0.7565,0.8913,True,modal
layer,speech_chair,will,H2,cfnai,342,0.067,45,0.0157,0.9182,-0.0029,0.9849,0.9849,True,modal
layer,speech_chair,will,H2,vix,342,0.067,45,-0.1083,0.4787,-0.1531,0.3153,0.568,True,modal
layer,speech_chair,would,T1,cfnai,573,0.202,124,0.1196,0.186,-0.0527,0.5609,0.9714,True,modal
layer,speech_chair,would,T1,vix,573,0.202,124,-0.1138,0.2082,-0.2088,0.0199,0.0756,True,modal
layer,speech_chair,would,T2,cfnai,553,0.203,118,-0.1242,0.1803,-0.1034,0.2652,0.5692,True,modal
layer,speech_chair,would,T2,vix,553,0.203,118,-0.1623,0.0792,-0.2268,0.0135,0.0513,True,modal
layer,speech_chair,would,T3,cfnai,840,0.161,174,0.0942,0.2164,-0.068,0.3725,0.8724,True,modal
layer,speech_chair,would,T3,vix,840,0.161,174,-0.1375,0.0705,-0.2162,0.0042,0.025,True,modal
layer,speech_chair,would,H1,cfnai,438,0.151,73,-0.1391,0.2405,-0.1803,0.127,0.5397,True,modal
layer,speech_chair,would,H1,vix,438,0.151,73,-0.2694,0.0212,-0.248,0.0344,0.2922,True,modal
layer,speech_chair,would,H2,cfnai,115,0.289,45,-0.099,0.5177,-0.0442,0.773,0.82,True,modal
layer,speech_chair,would,H2,vix,115,0.289,45,0.0707,0.6444,0.0212,0.89,0.9514,True,modal
layer,statement,ALL,T1,cfnai,770,0.0,101,-0.0573,0.569,-0.1242,0.2158,0.735,True,modal
layer,statement,ALL,T1,vix,770,0.0,101,0.0086,0.9323,0.0613,0.5425,0.7026,True,modal
layer,statement,ALL,T2,cfnai,697,0.0,91,-0.1355,0.2004,-0.1783,0.0909,0.4142,True,modal
layer,statement,ALL,T2,vix,697,0.0,91,0.0699,0.5105,0.0449,0.6729,0.8074,True,modal
layer,statement,ALL,T3,cfnai,1007,0.0,133,-0.0555,0.5259,-0.0964,0.2697,0.8091,True,modal
layer,statement,ALL,T3,vix,1007,0.0,133,-0.1174,0.1785,-0.1156,0.185,0.398,True,modal
layer,statement,ALL,H1,cfnai,397,0.0,48,0.1574,0.2852,0.1747,0.2351,0.5658,True,modal
layer,statement,ALL,H1,vix,397,0.0,48,-0.2815,0.0526,-0.4048,0.0043,0.0689,True,modal
layer,statement,ALL,H2,cfnai,300,0.0,43,-0.5054,0.0005,-0.5183,0.0004,0.0038,True,modal
layer,statement,ALL,H2,vix,300,0.0,43,-0.4212,0.0049,-0.4722,0.0014,0.0215,True,modal
layer,statement,could,T1,cfnai,50,0.505,101,0.1416,0.1578,-0.0624,0.535,0.9714,True,modal
layer,statement,could,T1,vix,50,0.505,101,0.1793,0.0727,0.3319,0.0007,0.0076,True,modal
layer,statement,could,T2,cfnai,47,0.484,91,-0.079,0.4567,-0.1674,0.1127,0.4342,True,modal
layer,statement,could,T2,vix,47,0.484,91,0.4576,0.0,0.451,0.0,0.0002,True,modal
layer,statement,could,T3,cfnai,55,0.594,133,0.1259,0.1488,-0.0171,0.8452,0.9914,True,modal
layer,statement,could,T3,vix,55,0.594,133,0.093,0.2871,0.1823,0.0357,0.099,True,modal
layer,statement,could,H1,cfnai,4,0.917,48,0.1142,0.4395,0.0935,0.5272,0.6895,False,modal
layer,statement,could,H1,vix,4,0.917,48,-0.1163,0.4312,-0.0829,0.5755,0.8913,False,modal
layer,statement,could,H2,cfnai,43,0.0,43,-0.6024,0.0,-0.4384,0.0033,0.0254,True,modal
layer,statement,could,H2,vix,43,0.0,43,0.0006,0.9969,-0.0119,0.9398,0.9712,True,modal
layer,statement,should,T1,cfnai,33,0.733,101,0.0254,0.8009,-0.012,0.9054,0.9714,False,modal
layer,statement,should,T1,vix,33,0.733,101,-0.2908,0.0032,-0.3372,0.0006,0.0076,False,modal
layer,statement,should,T2,cfnai,33,0.703,91,-0.0694,0.5132,-0.0279,0.7928,0.8928,False,modal
layer,statement,should,T2,vix,33,0.703,91,-0.2741,0.0086,-0.3054,0.0032,0.0212,False,modal
layer,statement,should,T3,cfnai,49,0.699,133,0.0124,0.887,-0.0608,0.4869,0.9226,False,modal
layer,statement,should,T3,vix,49,0.699,133,-0.2949,0.0006,-0.3634,0.0,0.0006,False,modal
layer,statement,should,H1,cfnai,33,0.438,48,-0.1058,0.4741,-0.0857,0.5624,0.6995,False,modal
layer,statement,should,H1,vix,33,0.438,48,0.053,0.7205,-0.0589,0.6911,0.8913,False,modal
layer,statement,should,H2,cfnai,0,1.0,43,,,,,,False,modal
layer,statement,should,H2,vix,0,1.0,43,,,,,,False,modal
layer,statement,will,T1,cfnai,607,0.0,101,-0.2325,0.0193,-0.0492,0.6252,0.9714,True,modal
layer,statement,will,T1,vix,607,0.0,101,-0.0981,0.3289,-0.1864,0.062,0.165,True,modal
layer,statement,will,T2,cfnai,543,0.0,91,-0.0669,0.5284,-0.0701,0.509,0.7746,True,modal
layer,statement,will,T2,vix,543,0.0,91,-0.296,0.0044,-0.3391,0.001,0.0113,True,modal
layer,statement,will,T3,cfnai,820,0.0,133,-0.2045,0.0182,-0.0504,0.5647,0.9914,True,modal
layer,statement,will,T3,vix,820,0.0,133,-0.1674,0.0541,-0.2593,0.0026,0.0186,True,modal
layer,statement,will,H1,cfnai,339,0.0,48,0.1965,0.1807,0.1789,0.2237,0.5658,True,modal
layer,statement,will,H1,vix,339,0.0,48,-0.3656,0.0106,-0.4435,0.0016,0.0434,True,modal
layer,statement,will,H2,cfnai,204,0.0,43,-0.3503,0.0213,-0.3314,0.03,0.1609,True,modal
layer,statement,will,H2,vix,204,0.0,43,-0.3664,0.0157,-0.4157,0.0056,0.0576,True,modal
layer,statement,would,T1,cfnai,49,0.535,101,0.1529,0.1269,-0.0183,0.8561,0.9714,True,modal
layer,statement,would,T1,vix,49,0.535,101,0.1784,0.0742,0.3382,0.0005,0.0076,True,modal
layer,statement,would,T2,cfnai,46,0.516,91,0.0094,0.9296,-0.1064,0.3153,0.6306,True,modal
layer,statement,would,T2,vix,46,0.516,91,0.45,0.0,0.4553,0.0,0.0002,True,modal
layer,statement,would,T3,cfnai,51,0.632,133,0.1323,0.129,-0.01,0.9095,0.9914,False,modal
layer,statement,would,T3,vix,51,0.632,133,0.1056,0.2263,0.2206,0.0107,0.0429,False,modal
layer,statement,would,H1,cfnai,1,0.979,48,0.0999,0.4994,0.1212,0.412,0.6632,False,modal
layer,statement,would,H1,vix,1,0.979,48,-0.1672,0.256,-0.2158,0.1406,0.5912,False,modal
layer,statement,would,H2,cfnai,45,0.0,43,-0.1764,0.2577,-0.1957,0.2085,0.3917,True,modal
layer,statement,would,H2,vix,45,0.0,43,-0.0524,0.7388,-0.0475,0.7622,0.8875,True,modal
layer,statement_vote,ALL,T1,cfnai,10,0.95,100,0.125,0.2153,0.2128,0.0336,0.3099,False,modal
layer,statement_vote,ALL,T1,vix,10,0.95,100,-0.0661,0.5138,-0.061,0.5465,0.7026,False,modal
layer,statement_vote,ALL,T2,cfnai,9,0.956,91,0.0786,0.459,0.162,0.125,0.4342,False,modal
layer,statement_vote,ALL,T2,vix,9,0.956,91,-0.0904,0.3939,-0.1213,0.2521,0.5004,False,modal
layer,statement_vote,ALL,T3,cfnai,30,0.841,132,0.0569,0.5167,0.009,0.9184,0.9914,False,modal
layer,statement_vote,ALL,T3,vix,30,0.841,132,-0.0616,0.4829,-0.0443,0.6143,0.8191,False,modal
layer,statement_vote,ALL,H1,cfnai,9,0.917,48,0.1669,0.2568,0.2361,0.1062,0.5321,False,modal
layer,statement_vote,ALL,H1,vix,9,0.917,48,0.0082,0.9557,-0.0109,0.9415,0.9539,False,modal
layer,statement_vote,ALL,H2,cfnai,0,1.0,43,,,,,,False,modal
layer,statement_vote,ALL,H2,vix,0,1.0,43,,,,,,False,modal
genre,minutes,could+affect,T1,cfnai,59,0.586,99,0.0453,0.6562,0.0238,0.8148,0.9886,True,U2
genre,minutes,could+affect,T1,vix,59,0.586,99,-0.0765,0.452,-0.0922,0.3639,0.5684,True,U2
genre,minutes,could+affect,T2,cfnai,54,0.593,91,-0.032,0.7636,0.05,0.6382,0.8864,True,U2
genre,minutes,could+affect,T2,vix,54,0.593,91,-0.0882,0.4055,-0.077,0.4679,0.6787,True,U2
genre,minutes,could+affect,T3,cfnai,94,0.439,132,0.0405,0.6449,-0.0514,0.5581,0.9383,True,U2
genre,minutes,could+affect,T3,vix,94,0.439,132,-0.0341,0.6982,-0.0052,0.9531,0.9663,True,U2
genre,minutes,could+affect,H1,cfnai,36,0.479,48,0.0065,0.9652,0.0096,0.9483,0.9662,False,U2
genre,minutes,could+affect,H1,vix,36,0.479,48,0.0031,0.9832,0.0705,0.6338,0.836,False,U2
genre,minutes,could+affect,H2,cfnai,18,0.721,43,-0.0493,0.7534,0.0478,0.761,0.9235,False,U2
genre,minutes,could+affect,H2,vix,18,0.721,43,-0.0522,0.7398,0.0351,0.823,0.929,False,U2
genre,minutes,could+become,T1,cfnai,38,0.677,99,0.0379,0.7095,0.0701,0.4904,0.8245,False,U2
genre,minutes,could+become,T1,vix,38,0.677,99,0.0904,0.3738,0.0904,0.3733,0.5684,False,U2
genre,minutes,could+become,T2,cfnai,37,0.659,91,-0.0034,0.9747,0.0815,0.4422,0.7459,False,U2
genre,minutes,could+become,T2,vix,37,0.659,91,0.1682,0.1109,0.1435,0.1747,0.4202,False,U2
genre,minutes,could+become,T3,cfnai,41,0.735,132,0.0377,0.6675,0.1034,0.2379,0.69,False,U2
genre,minutes,could+become,T3,vix,41,0.735,132,0.0828,0.3452,0.0773,0.3785,0.5943,False,U2
genre,minutes,could+become,H1,cfnai,19,0.708,48,-0.039,0.7924,0.0418,0.7779,0.8751,False,U2
genre,minutes,could+become,H1,vix,19,0.708,48,0.1784,0.225,0.1472,0.3182,0.8017,False,U2
genre,minutes,could+become,H2,cfnai,18,0.605,43,0.0181,0.9082,0.1267,0.4181,0.7702,False,U2
genre,minutes,could+become,H2,vix,18,0.605,43,0.1539,0.3244,0.081,0.6056,0.8524,False,U2
genre,minutes,could+have,T1,cfnai,38,0.697,99,-0.046,0.651,-0.0864,0.3951,0.7509,False,U2
genre,minutes,could+have,T1,vix,38,0.697,99,-0.0124,0.9029,-0.0217,0.831,0.9624,False,U2
genre,minutes,could+have,T2,cfnai,33,0.714,91,-0.0697,0.5117,-0.0597,0.5743,0.8328,False,U2
genre,minutes,could+have,T2,vix,33,0.714,91,-0.0134,0.8997,-0.0205,0.8472,0.91,False,U2
genre,minutes,could+have,T3,cfnai,50,0.689,132,-0.0435,0.6208,-0.1265,0.1485,0.5158,False,U2
genre,minutes,could+have,T3,vix,50,0.689,132,-0.0521,0.5529,-0.0772,0.3791,0.5943,False,U2
genre,minutes,could+have,H1,cfnai,20,0.708,48,-0.3384,0.0186,-0.2974,0.0401,0.2705,False,U2
genre,minutes,could+have,H1,vix,20,0.708,48,0.017,0.909,0.018,0.9035,0.9382,False,U2
genre,minutes,could+have,H2,cfnai,13,0.721,43,0.1283,0.4122,0.1874,0.2288,0.6864,False,U2
genre,minutes,could+have,H2,vix,13,0.721,43,0.0022,0.989,-0.0477,0.7611,0.9231,False,U2
genre,minutes,could+help,T1,cfnai,54,0.586,99,-0.1006,0.322,-0.1137,0.2627,0.6483,True,U2
genre,minutes,could+help,T1,vix,54,0.586,99,0.1408,0.1644,0.0459,0.6517,0.84,True,U2
genre,minutes,could+help,T2,cfnai,46,0.615,91,-0.0164,0.8773,-0.0471,0.6577,0.8864,False,U2
genre,minutes,could+help,T2,vix,46,0.615,91,0.1413,0.1815,0.0298,0.7795,0.8923,False,U2
genre,minutes,could+help,T3,cfnai,68,0.614,132,-0.091,0.2995,-0.1344,0.1245,0.4979,False,U2
genre,minutes,could+help,T3,vix,68,0.614,132,0.1155,0.1874,0.0053,0.9518,0.9663,False,U2
genre,minutes,could+help,H1,cfnai,27,0.583,48,-0.1866,0.2041,-0.1841,0.2103,0.5863,False,U2
genre,minutes,could+help,H1,vix,27,0.583,48,0.1472,0.3179,0.0252,0.8652,0.9161,False,U2
genre,minutes,could+help,H2,cfnai,19,0.651,43,0.0932,0.552,0.053,0.7359,0.9235,False,U2
genre,minutes,could+help,H2,vix,19,0.651,43,0.2235,0.1497,0.0885,0.5727,0.8264,False,U2
genre,minutes,could+impede,T1,cfnai,106,0.465,99,0.1977,0.0498,0.0129,0.8989,0.9886,True,U2
genre,minutes,could+impede,T1,vix,106,0.465,99,0.295,0.003,0.3594,0.0003,0.0095,True,U2
genre,minutes,could+impede,T2,cfnai,98,0.462,91,0.0257,0.8091,-0.0912,0.3898,0.7383,True,U2
genre,minutes,could+impede,T2,vix,98,0.462,91,0.4601,0.0,0.413,0.0,0.0014,True,U2
genre,minutes,could+impede,T3,cfnai,108,0.583,132,0.1764,0.0431,0.0543,0.5363,0.9284,True,U2
genre,minutes,could+impede,T3,vix,108,0.583,132,0.183,0.0357,0.2375,0.0061,0.0528,True,U2
genre,minutes,could+impede,H1,cfnai,6,0.875,48,0.1817,0.2166,0.175,0.2343,0.5863,False,U2
genre,minutes,could+impede,H1,vix,6,0.875,48,0.1275,0.3876,0.0705,0.6341,0.836,False,U2
genre,minutes,could+impede,H2,cfnai,92,0.0,43,-0.1947,0.2109,-0.2282,0.141,0.4995,True,U2
genre,minutes,could+impede,H2,vix,92,0.0,43,-0.2339,0.1311,-0.3429,0.0244,0.2777,True,U2
genre,minutes,could+increase,T1,cfnai,48,0.596,99,0.0713,0.4829,0.1769,0.0799,0.3262,True,U2
genre,minutes,could+increase,T1,vix,48,0.596,99,-0.0704,0.4889,-0.1501,0.138,0.3202,True,U2
genre,minutes,could+increase,T2,cfnai,44,0.593,91,0.1704,0.1063,0.2435,0.02,0.1366,True,U2
genre,minutes,could+increase,T2,vix,44,0.593,91,-0.1545,0.1436,-0.148,0.1614,0.4202,True,U2
genre,minutes,could+increase,T3,cfnai,59,0.614,132,0.0615,0.4833,0.1216,0.1647,0.5459,False,U2
genre,minutes,could+increase,T3,vix,59,0.614,132,-0.1196,0.1718,-0.154,0.078,0.2261,False,U2
genre,minutes,could+increase,H1,cfnai,33,0.438,48,0.1686,0.2521,0.2219,0.1296,0.5008,False,U2
genre,minutes,could+increase,H1,vix,33,0.438,48,-0.1768,0.2292,-0.2198,0.1334,0.6114,False,U2
genre,minutes,could+increase,H2,cfnai,11,0.767,43,0.2567,0.0965,0.2719,0.0777,0.3692,False,U2
genre,minutes,could+increase,H2,vix,11,0.767,43,0.2116,0.1731,0.2703,0.0797,0.3948,False,U2
genre,minutes,could+lead,T1,cfnai,71,0.525,99,0.0944,0.3528,0.1188,0.2416,0.6246,True,U2
genre,minutes,could+lead,T1,vix,71,0.525,99,-0.0634,0.5332,-0.0281,0.7828,0.9364,True,U2
genre,minutes,could+lead,T2,cfnai,62,0.56,91,0.027,0.7995,0.0623,0.5572,0.8286,True,U2
genre,minutes,could+lead,T2,vix,62,0.56,91,-0.1427,0.1771,-0.0971,0.36,0.5966,True,U2
genre,minutes,could+lead,T3,cfnai,102,0.485,132,0.0811,0.3554,0.0603,0.4922,0.9284,True,U2
genre,minutes,could+lead,T3,vix,102,0.485,132,0.0087,0.9212,0.0341,0.6982,0.8709,True,U2
genre,minutes,could+lead,H1,cfnai,44,0.479,48,0.1642,0.2648,0.2014,0.1699,0.5312,True,U2
genre,minutes,could+lead,H1,vix,44,0.479,48,-0.1539,0.2964,-0.0763,0.6063,0.836,True,U2
genre,minutes,could+lead,H2,cfnai,18,0.651,43,-0.0821,0.6006,-0.1115,0.4767,0.7829,False,U2
genre,minutes,could+lead,H2,vix,18,0.651,43,0.1008,0.52,0.1266,0.4185,0.7618,False,U2
genre,minutes,could+pose,T1,cfnai,32,0.737,99,-0.1671,0.0983,0.0061,0.9522,0.9912,False,U2
genre,minutes,could+pose,T1,vix,32,0.737,99,-0.1672,0.098,-0.2122,0.035,0.1484,False,U2
genre,minutes,could+pose,T2,cfnai,29,0.736,91,0.0471,0.6574,0.0795,0.4536,0.7459,False,U2
genre,minutes,could+pose,T2,vix,29,0.736,91,-0.1847,0.0796,-0.2108,0.0449,0.1796,False,U2
genre,minutes,could+pose,T3,cfnai,48,0.727,132,-0.1195,0.1723,0.0013,0.9881,0.995,False,U2
genre,minutes,could+pose,T3,vix,48,0.727,132,-0.178,0.0412,-0.2366,0.0063,0.0528,False,U2
genre,minutes,could+pose,H1,cfnai,24,0.604,48,0.1048,0.4783,0.0968,0.5127,0.7663,False,U2
genre,minutes,could+pose,H1,vix,24,0.604,48,-0.1926,0.1897,-0.132,0.371,0.836,False,U2
genre,minutes,could+pose,H2,cfnai,5,0.884,43,0.0368,0.815,-0.0111,0.9439,0.9782,False,U2
genre,minutes,could+pose,H2,vix,5,0.884,43,0.2064,0.1842,0.1386,0.3754,0.7378,False,U2
genre,minutes,could+result,T1,cfnai,44,0.626,99,-0.1721,0.0886,-0.0855,0.4003,0.7509,False,U2
genre,minutes,could+result,T1,vix,44,0.626,99,-0.1291,0.203,-0.1469,0.1469,0.3341,False,U2
genre,minutes,could+result,T2,cfnai,39,0.637,91,-0.101,0.3408,-0.0829,0.4345,0.7459,False,U2
genre,minutes,could+result,T2,vix,39,0.637,91,-0.2154,0.0403,-0.2117,0.044,0.1796,False,U2
genre,minutes,could+result,T3,cfnai,50,0.682,132,-0.136,0.1198,0.0349,0.6908,0.9456,False,U2
genre,minutes,could+result,T3,vix,50,0.682,132,-0.0791,0.367,-0.1263,0.149,0.3323,False,U2
genre,minutes,could+result,H1,cfnai,25,0.583,48,-0.1846,0.2091,-0.066,0.6557,0.8087,False,U2
genre,minutes,could+result,H1,vix,25,0.583,48,-0.1297,0.3797,-0.1063,0.472,0.836,False,U2
genre,minutes,could+result,H2,cfnai,14,0.698,43,-0.0391,0.8036,-0.0518,0.7414,0.9235,False,U2
genre,minutes,could+result,H2,vix,14,0.698,43,-0.2621,0.0895,-0.2775,0.0716,0.3848,False,U2
genre,minutes,may+be+appropriate,T1,cfnai,41,0.828,99,-0.0067,0.9476,-0.1476,0.1449,0.5093,False,U2
genre,minutes,may+be+appropriate,T1,vix,41,0.828,99,-0.071,0.4847,-0.0046,0.9642,0.9812,False,U2
genre,minutes,may+be+appropriate,T2,cfnai,41,0.813,91,-0.1526,0.1487,-0.1713,0.1045,0.385,False,U2
genre,minutes,may+be+appropriate,T2,vix,41,0.813,91,-0.0174,0.8698,0.0488,0.6457,0.7968,False,U2
genre,minutes,may+be+appropriate,T3,cfnai,42,0.864,132,-0.0051,0.9541,-0.0963,0.2722,0.7518,False,U2
genre,minutes,may+be+appropriate,T3,vix,42,0.864,132,-0.0715,0.4149,-0.0154,0.8607,0.9384,False,U2
genre,minutes,may+be+appropriate,H1,cfnai,11,0.896,48,-0.2118,0.1483,-0.2557,0.0795,0.4659,False,U2
genre,minutes,may+be+appropriate,H1,vix,11,0.896,48,0.1556,0.291,0.1826,0.2141,0.7226,False,U2
genre,minutes,may+be+appropriate,H2,cfnai,30,0.721,43,-0.162,0.2992,-0.1136,0.4683,0.7829,False,U2
genre,minutes,may+be+appropriate,H2,vix,30,0.721,43,-0.2844,0.0645,-0.2872,0.0619,0.3848,False,U2
genre,minutes,should+help,T1,cfnai,48,0.758,99,-0.0082,0.9355,-0.1523,0.1323,0.4951,False,U2
genre,minutes,should+help,T1,vix,48,0.758,99,-0.0245,0.8101,-0.0839,0.4091,0.6007,False,U2
genre,minutes,should+help,T2,cfnai,45,0.747,91,-0.1959,0.0628,-0.1582,0.1342,0.4578,False,U2
genre,minutes,should+help,T2,vix,45,0.747,91,-0.1077,0.3094,-0.0931,0.3802,0.6159,False,U2
genre,minutes,should+help,T3,cfnai,48,0.818,132,-0.0086,0.9216,-0.1037,0.2369,0.69,False,U2
genre,minutes,should+help,T3,vix,48,0.818,132,-0.0491,0.5759,-0.1286,0.1416,0.3286,False,U2
genre,minutes,should+help,H1,cfnai,44,0.542,48,-0.418,0.0031,-0.4442,0.0016,0.0422,True,U2
genre,minutes,should+help,H1,vix,44,0.542,48,0.2235,0.1268,0.2822,0.052,0.5612,True,U2
genre,minutes,should+help,H2,cfnai,1,0.977,43,0.1424,0.3622,0.1804,0.247,0.7008,False,U2
genre,minutes,should+help,H2,vix,1,0.977,43,0.3692,0.0148,0.2611,0.0908,0.4034,False,U2
genre,minutes,will+assess,T1,cfnai,72,0.283,99,-0.2017,0.0452,-0.2925,0.0033,0.0522,True,U2
genre,minutes,will+assess,T1,vix,72,0.283,99,-0.3444,0.0005,-0.305,0.0021,0.0249,True,U2
genre,minutes,will+assess,T2,cfnai,67,0.275,91,-0.3733,0.0003,-0.2854,0.0061,0.0786,True,U2
genre,minutes,will+assess,T2,vix,67,0.275,91,-0.4194,0.0,-0.2521,0.0159,0.1044,True,U2
genre,minutes,will+assess,T3,cfnai,74,0.447,132,-0.1659,0.0573,-0.2003,0.0213,0.1927,True,U2
genre,minutes,will+assess,T3,vix,74,0.447,132,-0.3242,0.0001,-0.3529,0.0,0.0009,True,U2
genre,minutes,will+assess,H1,cfnai,47,0.021,48,-0.0179,0.904,0.094,0.5251,0.7663,True,U2
genre,minutes,will+assess,H1,vix,47,0.021,48,-0.0592,0.6895,-0.028,0.8501,0.9161,True,U2
genre,minutes,will+assess,H2,cfnai,20,0.558,43,-0.4789,0.0012,-0.4193,0.0051,0.0487,False,U2
genre,minutes,will+assess,H2,vix,20,0.558,43,-0.3738,0.0135,-0.3854,0.0107,0.2033,False,U2
genre,minutes,will+be+appropriate,T1,cfnai,58,0.596,99,0.2362,0.0186,0.3283,0.0009,0.021,True,U2
genre,minutes,will+be+appropriate,T1,vix,58,0.596,99,0.0502,0.6217,0.1233,0.2239,0.419,True,U2
genre,minutes,will+be+appropriate,T2,cfnai,53,0.593,91,0.2026,0.0541,0.2536,0.0153,0.1322,True,U2
genre,minutes,will+be+appropriate,T2,vix,53,0.593,91,0.1057,0.3186,0.1313,0.2149,0.4452,True,U2
genre,minutes,will+be+appropriate,T3,cfnai,74,0.621,132,0.2038,0.0191,0.255,0.0032,0.0737,False,U2
genre,minutes,will+be+appropriate,T3,vix,74,0.621,132,-0.0745,0.3959,-0.0514,0.5583,0.771,False,U2
genre,minutes,will+be+appropriate,H1,cfnai,27,0.688,48,0.0677,0.6477,0.0991,0.5029,0.7663,False,U2
genre,minutes,will+be+appropriate,H1,vix,27,0.688,48,0.0311,0.8336,0.1185,0.4224,0.836,False,U2
genre,minutes,will+be+appropriate,H2,cfnai,26,0.488,43,0.368,0.0152,0.3739,0.0135,0.0964,False,U2
genre,minutes,will+be+appropriate,H2,vix,26,0.488,43,0.21,0.1765,0.1475,0.3453,0.7378,False,U2
genre,minutes,will+continue,T1,cfnai,150,0.273,99,-0.031,0.7609,-0.2044,0.0424,0.2342,True,U2
genre,minutes,will+continue,T1,vix,150,0.273,99,0.2919,0.0034,0.2858,0.0041,0.032,True,U2
genre,minutes,will+continue,T2,cfnai,127,0.297,91,-0.1587,0.1329,-0.2571,0.0139,0.1322,True,U2
genre,minutes,will+continue,T2,vix,127,0.297,91,0.1802,0.0874,0.2311,0.0275,0.1227,True,U2
genre,minutes,will+continue,T3,cfnai,197,0.242,132,-0.0376,0.6684,-0.2185,0.0118,0.1372,True,U2
genre,minutes,will+continue,T3,vix,197,0.242,132,0.2344,0.0068,0.2075,0.017,0.1012,True,U2
genre,minutes,will+continue,H1,cfnai,37,0.562,48,-0.2702,0.0632,-0.2288,0.1178,0.5008,False,U2
genre,minutes,will+continue,H1,vix,37,0.562,48,-0.0337,0.8199,0.0256,0.8628,0.9161,False,U2
genre,minutes,will+continue,H2,cfnai,90,0.0,43,-0.2651,0.0857,-0.2742,0.0752,0.3692,True,U2
genre,minutes,will+continue,H2,vix,90,0.0,43,-0.4371,0.0034,-0.5076,0.0005,0.0585,True,U2
genre,minutes,will+depend,T1,cfnai,40,0.636,99,0.0929,0.3604,0.2195,0.0291,0.1909,False,U2
genre,minutes,will+depend,T1,vix,40,0.636,99,-0.0685,0.5005,-0.1632,0.1064,0.2627,False,U2
genre,minutes,will+depend,T2,cfnai,35,0.648,91,0.0832,0.4328,0.1542,0.1446,0.468,False,U2
genre,minutes,will+depend,T2,vix,35,0.648,91,-0.1493,0.1579,-0.2451,0.0192,0.1044,False,U2
genre,minutes,will+depend,T3,cfnai,40,0.727,132,0.0864,0.3245,0.2243,0.0097,0.1372,False,U2
genre,minutes,will+depend,T3,vix,40,0.727,132,-0.0934,0.2869,-0.1877,0.0311,0.1337,False,U2
genre,minutes,will+depend,H1,cfnai,29,0.458,48,0.0562,0.7042,0.1097,0.458,0.7663,False,U2
genre,minutes,will+depend,H1,vix,29,0.458,48,0.0635,0.6678,-0.0978,0.5084,0.836,False,U2
genre,minutes,will+depend,H2,cfnai,6,0.86,43,0.2013,0.1954,0.2206,0.1552,0.5092,False,U2
genre,minutes,will+depend,H2,vix,6,0.86,43,0.0819,0.6016,0.092,0.5574,0.8253,False,U2
genre,minutes,will+foster,T1,cfnai,15,0.848,99,0.0325,0.7493,0.0847,0.4045,0.7509,False,U2
genre,minutes,will+foster,T1,vix,15,0.848,99,-0.1747,0.0838,-0.1735,0.0859,0.2492,False,U2
genre,minutes,will+foster,T2,cfnai,15,0.835,91,0.0282,0.791,0.0849,0.4236,0.7459,False,U2
genre,minutes,will+foster,T2,vix,15,0.835,91,-0.1469,0.1646,-0.1454,0.1692,0.4202,False,U2
genre,minutes,will+foster,T3,cfnai,47,0.644,132,0.0272,0.7568,0.0032,0.9711,0.995,False,U2
genre,minutes,will+foster,T3,vix,47,0.644,132,0.0046,0.9583,0.0488,0.5785,0.7802,False,U2
genre,minutes,will+foster,H1,cfnai,15,0.688,48,0.094,0.5253,0.0642,0.6648,0.8087,False,U2
genre,minutes,will+foster,H1,vix,15,0.688,48,0.1126,0.4461,0.1447,0.3266,0.8017,False,U2
genre,minutes,will+foster,H2,cfnai,0,1.0,43,,,,,,False,U2
genre,minutes,will+foster,H2,vix,0,1.0,43,,,,,,False,U2
genre,minutes,will+keep,T1,cfnai,15,0.848,99,0.0325,0.7493,0.0847,0.4045,0.7509,False,U2
genre,minutes,will+keep,T1,vix,15,0.848,99,-0.1747,0.0838,-0.1735,0.0859,0.2492,False,U2
genre,minutes,will+keep,T2,cfnai,15,0.835,91,0.0282,0.791,0.0849,0.4236,0.7459,False,U2
genre,minutes,will+keep,T2,vix,15,0.835,91,-0.1469,0.1646,-0.1454,0.1692,0.4202,False,U2
genre,minutes,will+keep,T3,cfnai,49,0.636,132,0.026,0.7676,-0.0251,0.7751,0.9608,False,U2
genre,minutes,will+keep,T3,vix,49,0.636,132,0.0125,0.8871,0.0431,0.6233,0.8311,False,U2
genre,minutes,will+keep,H1,cfnai,15,0.688,48,0.094,0.5253,0.0642,0.6648,0.8087,False,U2
genre,minutes,will+keep,H1,vix,15,0.688,48,0.1126,0.4461,0.1447,0.3266,0.8017,False,U2
genre,minutes,will+keep,H2,cfnai,0,1.0,43,,,,,,False,U2
genre,minutes,will+keep,H2,vix,0,1.0,43,,,,,,False,U2
genre,minutes,will+monitor,T1,cfnai,32,0.677,99,-0.1979,0.0495,-0.0335,0.7422,0.9886,False,U2
genre,minutes,will+monitor,T1,vix,32,0.677,99,-0.2379,0.0177,-0.3349,0.0007,0.0117,False,U2
genre,minutes,will+monitor,T2,cfnai,29,0.681,91,-0.0129,0.9033,0.04,0.7065,0.9084,False,U2
genre,minutes,will+monitor,T2,vix,29,0.681,91,-0.3953,0.0001,-0.4004,0.0001,0.0016,False,U2
genre,minutes,will+monitor,T3,cfnai,48,0.636,132,-0.1741,0.0458,-0.1256,0.1512,0.5158,False,U2
genre,minutes,will+monitor,T3,vix,48,0.636,132,-0.3161,0.0002,-0.366,0.0,0.0009,False,U2
genre,minutes,will+monitor,H1,cfnai,27,0.438,48,0.0886,0.5494,0.0701,0.6361,0.8087,False,U2
genre,minutes,will+monitor,H1,vix,27,0.438,48,-0.3332,0.0206,-0.2977,0.0399,0.5612,False,U2
genre,minutes,will+monitor,H2,cfnai,2,0.953,43,-0.0944,0.5472,-0.0778,0.6198,0.8723,False,U2
genre,minutes,will+monitor,H2,vix,2,0.953,43,0.0208,0.8947,0.0563,0.72,0.902,False,U2
genre,minutes,will+take,T1,cfnai,136,0.0,99,-0.0727,0.4742,-0.2187,0.0296,0.1909,True,U2
genre,minutes,will+take,T1,vix,136,0.0,99,-0.0577,0.5705,-0.0478,0.6388,0.8326,True,U2
genre,minutes,will+take,T2,cfnai,127,0.0,91,-0.23,0.0283,-0.252,0.016,0.1322,True,U2
genre,minutes,will+take,T2,vix,127,0.0,91,0.0231,0.8283,0.0214,0.8402,0.91,True,U2
genre,minutes,will+take,T3,cfnai,150,0.159,132,-0.0705,0.422,-0.1892,0.0298,0.2466,True,U2
genre,minutes,will+take,T3,vix,150,0.159,132,-0.1873,0.0316,-0.2664,0.002,0.0303,True,U2
genre,minutes,will+take,H1,cfnai,63,0.0,48,0.0304,0.8373,0.1014,0.4929,0.7663,True,U2
genre,minutes,will+take,H1,vix,63,0.0,48,0.0764,0.6058,0.0789,0.5939,0.836,True,U2
genre,minutes,will+take,H2,cfnai,64,0.0,43,-0.3342,0.0285,-0.5515,0.0001,0.0036,True,U2
genre,minutes,will+take,H2,vix,64,0.0,43,-0.1674,0.2834,-0.3218,0.0353,0.3008,True,U2
genre,minutes,would+allow,T1,cfnai,38,0.677,99,0.0817,0.4217,-0.0843,0.4069,0.7509,False,U2
genre,minutes,would+allow,T1,vix,38,0.677,99,0.072,0.479,0.1316,0.1941,0.402,False,U2
genre,minutes,would+allow,T2,cfnai,34,0.681,91,-0.0693,0.5142,-0.0891,0.401,0.7383,False,U2
genre,minutes,would+allow,T2,vix,34,0.681,91,0.153,0.1477,0.1895,0.072,0.2388,False,U2
genre,minutes,would+allow,T3,cfnai,47,0.697,132,0.0724,0.4095,-0.0471,0.5915,0.9411,False,U2
genre,minutes,would+allow,T3,vix,47,0.697,132,0.0539,0.5397,0.0748,0.3938,0.6011,False,U2
genre,minutes,would+allow,H1,cfnai,19,0.667,48,-0.1764,0.2303,-0.1785,0.2248,0.5863,False,U2
genre,minutes,would+allow,H1,vix,19,0.667,48,0.2451,0.0932,0.2856,0.0491,0.5612,False,U2
genre,minutes,would+allow,H2,cfnai,15,0.698,43,-0.0094,0.9525,-0.0471,0.7641,0.9235,False,U2
genre,minutes,would+allow,H2,vix,15,0.698,43,0.1179,0.4514,0.1774,0.255,0.676,False,U2
genre,minutes,would+assess,T1,cfnai,52,0.505,99,-0.211,0.0361,-0.4416,0.0,0.0003,True,U2
genre,minutes,would+assess,T1,vix,52,0.505,99,-0.1317,0.1938,-0.1249,0.2182,0.419,True,U2
genre,minutes,would+assess,T2,cfnai,47,0.516,91,-0.3948,0.0001,-0.421,0.0,0.0019,True,U2
genre,minutes,would+assess,T2,vix,47,0.516,91,-0.2059,0.0503,-0.1223,0.2481,0.473,True,U2
genre,minutes,would+assess,T3,cfnai,53,0.621,132,-0.1935,0.0262,-0.3457,0.0,0.0028,False,U2
genre,minutes,would+assess,T3,vix,53,0.621,132,-0.1573,0.0717,-0.1908,0.0284,0.1337,False,U2
genre,minutes,would+assess,H1,cfnai,25,0.5,48,-0.3278,0.023,-0.3593,0.0121,0.131,False,U2
genre,minutes,would+assess,H1,vix,25,0.5,48,-0.1309,0.3752,-0.0616,0.6777,0.836,False,U2
genre,minutes,would+assess,H2,cfnai,22,0.535,43,-0.4417,0.003,-0.4204,0.005,0.0487,False,U2
genre,minutes,would+assess,H2,vix,22,0.535,43,-0.4013,0.0076,-0.413,0.0059,0.1687,False,U2
genre,minutes,would+be+appropriate,T1,cfnai,247,0.071,99,0.1542,0.1275,0.2356,0.0189,0.1909,True,U2
genre,minutes,would+be+appropriate,T1,vix,247,0.071,99,0.3742,0.0001,0.3538,0.0003,0.0095,True,U2
genre,minutes,would+be+appropriate,T2,cfnai,214,0.077,91,0.2258,0.0314,0.2343,0.0254,0.1472,True,U2
genre,minutes,would+be+appropriate,T2,vix,214,0.077,91,0.427,0.0,0.3138,0.0025,0.0316,True,U2
genre,minutes,would+be+appropriate,T3,cfnai,289,0.136,132,0.1397,0.1101,0.2212,0.0108,0.1372,True,U2
genre,minutes,would+be+appropriate,T3,vix,289,0.136,132,0.2361,0.0064,0.219,0.0116,0.0795,True,U2
genre,minutes,would+be+appropriate,H1,cfnai,94,0.083,48,0.2501,0.0864,0.3166,0.0283,0.2186,True,U2
genre,minutes,would+be+appropriate,H1,vix,94,0.083,48,0.1618,0.2719,0.2206,0.1318,0.6114,True,U2
genre,minutes,would+be+appropriate,H2,cfnai,120,0.07,43,0.2157,0.1647,0.2651,0.0857,0.3759,True,U2
genre,minutes,would+be+appropriate,H2,vix,120,0.07,43,0.3987,0.0081,0.275,0.0743,0.3848,True,U2
genre,minutes,would+be+consistent,T1,cfnai,41,0.737,99,0.0448,0.6598,-0.0328,0.747,0.9886,False,U2
genre,minutes,would+be+consistent,T1,vix,41,0.737,99,-0.117,0.2486,-0.0698,0.4927,0.6881,False,U2
genre,minutes,would+be+consistent,T2,cfnai,39,0.725,91,0.078,0.4622,-0.0053,0.9606,0.9606,False,U2
genre,minutes,would+be+consistent,T2,vix,39,0.725,91,-0.0339,0.7497,0.0131,0.9017,0.9509,False,U2
genre,minutes,would+be+consistent,T3,cfnai,47,0.758,132,0.0386,0.6605,-0.0551,0.5305,0.9284,False,U2
genre,minutes,would+be+consistent,T3,vix,47,0.758,132,-0.0772,0.379,-0.0392,0.6553,0.8541,False,U2
genre,minutes,would+be+consistent,H1,cfnai,27,0.688,48,0.1255,0.3953,0.0623,0.6739,0.8087,False,U2
genre,minutes,would+be+consistent,H1,vix,27,0.688,48,0.1622,0.2708,0.2124,0.1472,0.6114,False,U2
genre,minutes,would+be+consistent,H2,cfnai,12,0.767,43,0.0703,0.6542,-0.1006,0.5209,0.8025,False,U2
genre,minutes,would+be+consistent,H2,vix,12,0.767,43,-0.082,0.6013,-0.0889,0.5707,0.8264,False,U2
genre,minutes,would+be+important,T1,cfnai,52,0.586,99,-0.3109,0.0017,-0.0137,0.8928,0.9886,True,U2
genre,minutes,would+be+important,T1,vix,52,0.586,99,0.2447,0.0147,0.1917,0.0573,0.2064,True,U2
genre,minutes,would+be+important,T2,cfnai,41,0.615,91,0.0555,0.6015,0.1119,0.2908,0.6394,False,U2
genre,minutes,would+be+important,T2,vix,41,0.615,91,0.0485,0.6481,0.1084,0.3064,0.5554,False,U2
genre,minutes,would+be+important,T3,cfnai,55,0.667,132,-0.288,0.0008,0.0331,0.7065,0.9456,False,U2
genre,minutes,would+be+important,T3,vix,55,0.667,132,0.1828,0.0359,0.1273,0.1457,0.3314,False,U2
genre,minutes,would+be+important,H1,cfnai,20,0.646,48,0.1266,0.3914,0.2432,0.0958,0.4703,False,U2
genre,minutes,would+be+important,H1,vix,20,0.646,48,-0.0173,0.9071,0.0024,0.987,0.987,False,U2
genre,minutes,would+be+important,H2,cfnai,21,0.581,43,0.0068,0.9654,0.0163,0.9171,0.9759,False,U2
genre,minutes,would+be+important,H2,vix,21,0.581,43,0.0287,0.8552,0.0675,0.6669,0.864,False,U2
genre,minutes,would+be+prepared,T1,cfnai,97,0.485,99,0.1512,0.1352,-0.0914,0.3683,0.7509,True,U2
genre,minutes,would+be+prepared,T1,vix,97,0.485,99,0.269,0.0071,0.3311,0.0008,0.0118,True,U2
genre,minutes,would+be+prepared,T2,cfnai,90,0.484,91,-0.0704,0.5073,-0.195,0.064,0.2748,True,U2
genre,minutes,would+be+prepared,T2,vix,90,0.484,91,0.4288,0.0,0.3878,0.0001,0.0021,True,U2
genre,minutes,would+be+prepared,T3,cfnai,99,0.598,132,0.1346,0.1239,-0.016,0.8555,0.9762,True,U2
genre,minutes,would+be+prepared,T3,vix,99,0.598,132,0.1647,0.0591,0.229,0.0083,0.06,True,U2
genre,minutes,would+be+prepared,H1,cfnai,4,0.917,48,0.1337,0.3648,0.1409,0.3395,0.7052,False,U2
genre,minutes,would+be+prepared,H1,vix,4,0.917,48,0.0648,0.6618,0.1295,0.3803,0.836,False,U2
genre,minutes,would+be+prepared,H2,cfnai,86,0.0,43,-0.7045,0.0,-0.5617,0.0001,0.0034,True,U2
genre,minutes,would+be+prepared,H2,vix,86,0.0,43,-0.3513,0.0209,-0.4616,0.0018,0.1045,True,U2
genre,minutes,would+continue,T1,cfnai,261,0.081,99,0.0064,0.9498,-0.073,0.4728,0.8065,True,U2
genre,minutes,would+continue,T1,vix,261,0.081,99,0.2655,0.0079,0.214,0.0335,0.1484,True,U2
genre,minutes,would+continue,T2,cfnai,222,0.088,91,0.0786,0.4591,-0.1253,0.2366,0.584,True,U2
genre,minutes,would+continue,T2,vix,222,0.088,91,0.1182,0.2644,0.1181,0.265,0.4958,True,U2
genre,minutes,would+continue,T3,cfnai,301,0.159,132,0.0083,0.9248,-0.0114,0.8971,0.992,True,U2
genre,minutes,would+continue,T3,vix,301,0.159,132,0.2057,0.018,0.1637,0.0608,0.2014,True,U2
genre,minutes,would+continue,H1,cfnai,92,0.167,48,-0.2907,0.045,-0.379,0.0079,0.1067,True,U2
genre,minutes,would+continue,H1,vix,92,0.167,48,0.0058,0.9689,-0.0718,0.6277,0.836,True,U2
genre,minutes,would+continue,H2,cfnai,130,0.0,43,0.2637,0.0875,0.1785,0.2521,0.7008,True,U2
genre,minutes,would+continue,H2,vix,130,0.0,43,-0.1387,0.3752,-0.1886,0.2258,0.644,True,U2
genre,minutes,would+depend,T1,cfnai,117,0.404,99,0.1051,0.3004,0.4791,0.0,0.0001,True,U2
genre,minutes,would+depend,T1,vix,117,0.404,99,0.0221,0.8284,-0.0792,0.4358,0.6241,True,U2
genre,minutes,would+depend,T2,cfnai,97,0.429,91,0.4524,0.0,0.4847,0.0,0.0001,True,U2
genre,minutes,would+depend,T2,vix,97,0.429,91,-0.1445,0.1717,-0.2073,0.0487,0.1821,True,U2
genre,minutes,would+depend,T3,cfnai,131,0.477,132,0.094,0.2835,0.3973,0.0,0.0003,True,U2
genre,minutes,would+depend,T3,vix,131,0.477,132,-0.0435,0.6203,-0.1241,0.1563,0.3414,True,U2
genre,minutes,would+depend,H1,cfnai,69,0.208,48,0.5366,0.0001,0.5606,0.0,0.0018,True,U2
genre,minutes,would+depend,H1,vix,69,0.208,48,-0.2213,0.1306,-0.2171,0.1383,0.6114,True,U2
genre,minutes,would+depend,H2,cfnai,28,0.674,43,0.5014,0.0006,0.4697,0.0015,0.0212,False,U2
genre,minutes,would+depend,H2,vix,28,0.674,43,0.2443,0.1144,0.2374,0.1253,0.5189,False,U2
genre,minutes,would+expand,T1,cfnai,83,0.606,99,0.0464,0.6481,0.1045,0.3032,0.7033,False,U2
genre,minutes,would+expand,T1,vix,83,0.606,99,-0.4153,0.0,-0.4777,0.0,0.0001,False,U2
genre,minutes,would+expand,T2,cfnai,82,0.582,91,0.0083,0.9378,0.1145,0.2797,0.6361,True,U2
genre,minutes,would+expand,T2,vix,82,0.582,91,-0.4576,0.0,-0.4782,0.0,0.0002,True,U2
genre,minutes,would+expand,T3,cfnai,87,0.674,132,0.045,0.6083,0.1472,0.0921,0.3887,False,U2
genre,minutes,would+expand,T3,vix,87,0.674,132,-0.353,0.0,-0.4129,0.0,0.0001,False,U2
genre,minutes,would+expand,H1,cfnai,79,0.271,48,0.1019,0.4907,0.0424,0.7748,0.8751,True,U2
genre,minutes,would+expand,H1,vix,79,0.271,48,-0.4118,0.0036,-0.4023,0.0046,0.2479,True,U2
genre,minutes,would+expand,H2,cfnai,3,0.93,43,-0.0365,0.8161,-0.0164,0.9168,0.9759,False,U2
genre,minutes,would+expand,H2,vix,3,0.93,43,0.2315,0.1352,0.2602,0.092,0.4034,False,U2
genre,minutes,would+expect,T1,cfnai,49,0.566,99,0.0531,0.602,0.1107,0.2754,0.6655,True,U2
genre,minutes,would+expect,T1,vix,49,0.566,99,-0.1531,0.1304,-0.1455,0.1508,0.3365,True,U2
genre,minutes,would+expect,T2,cfnai,46,0.56,91,0.1197,0.2582,0.079,0.4566,0.7459,True,U2
genre,minutes,would+expect,T2,vix,46,0.56,91,-0.1239,0.2418,-0.1406,0.1838,0.4202,True,U2
genre,minutes,would+expect,T3,cfnai,75,0.515,132,0.0477,0.5873,0.0832,0.3429,0.8688,True,U2
genre,minutes,would+expect,T3,vix,75,0.515,132,-0.0251,0.7755,-0.0583,0.5066,0.7255,True,U2
genre,minutes,would+expect,H1,cfnai,30,0.458,48,0.0976,0.5092,0.0293,0.8434,0.8986,False,U2
genre,minutes,would+expect,H1,vix,30,0.458,48,-0.1249,0.3977,-0.0806,0.586,0.836,False,U2
genre,minutes,would+expect,H2,cfnai,16,0.674,43,0.1644,0.292,0.1094,0.4849,0.7829,False,U2
genre,minutes,would+expect,H2,vix,16,0.674,43,0.036,0.8187,0.0368,0.8147,0.9288,False,U2
genre,minutes,would+have,T1,cfnai,36,0.687,99,-0.0397,0.6963,0.0409,0.6878,0.973,False,U2
genre,minutes,would+have,T1,vix,36,0.687,99,0.0986,0.3314,0.118,0.2446,0.4234,False,U2
genre,minutes,would+have,T2,cfnai,33,0.692,91,0.0378,0.7223,0.046,0.6648,0.8864,False,U2
genre,minutes,would+have,T2,vix,33,0.692,91,0.0982,0.3544,0.1071,0.3122,0.5572,False,U2
genre,minutes,would+have,T3,cfnai,49,0.705,132,-0.0284,0.7465,0.0303,0.7304,0.9456,False,U2
genre,minutes,would+have,T3,vix,49,0.705,132,0.1278,0.1443,0.1601,0.0667,0.2106,False,U2
genre,minutes,would+have,H1,cfnai,19,0.688,48,-0.0988,0.5041,-0.0283,0.8486,0.8986,False,U2
genre,minutes,would+have,H1,vix,19,0.688,48,0.1757,0.2322,0.1972,0.179,0.6445,False,U2
genre,minutes,would+have,H2,cfnai,14,0.698,43,0.1312,0.4017,0.1061,0.4985,0.7853,False,U2
genre,minutes,would+have,H2,vix,14,0.698,43,0.0588,0.7081,0.026,0.8685,0.9429,False,U2
genre,minutes,would+help,T1,cfnai,89,0.424,99,-0.0944,0.3527,-0.0229,0.8222,0.9886,True,U2
genre,minutes,would+help,T1,vix,89,0.424,99,0.297,0.0028,0.3187,0.0013,0.0168,True,U2
genre,minutes,would+help,T2,cfnai,75,0.462,91,0.082,0.4396,0.029,0.7849,0.9084,True,U2
genre,minutes,would+help,T2,vix,75,0.462,91,0.3125,0.0026,0.2968,0.0043,0.0414,True,U2
genre,minutes,would+help,T3,cfnai,98,0.5,132,-0.0856,0.329,0.0217,0.8052,0.9608,True,U2
genre,minutes,would+help,T3,vix,98,0.5,132,0.2383,0.0059,0.2408,0.0054,0.0528,True,U2
genre,minutes,would+help,H1,cfnai,26,0.604,48,0.0526,0.7228,0.0472,0.7502,0.8751,False,U2
genre,minutes,would+help,H1,vix,26,0.604,48,0.1051,0.477,0.1741,0.2367,0.7517,False,U2
genre,minutes,would+help,H2,cfnai,49,0.302,43,0.0812,0.6047,0.016,0.9188,0.9759,True,U2
genre,minutes,would+help,H2,vix,49,0.302,43,0.1878,0.2278,0.06,0.7022,0.8894,True,U2
genre,minutes,would+hold,T1,cfnai,104,0.01,99,-0.0211,0.8354,-0.29,0.0036,0.0522,True,U2
genre,minutes,would+hold,T1,vix,104,0.01,99,0.042,0.6796,-0.0111,0.9132,0.97,True,U2
genre,minutes,would+hold,T2,cfnai,95,0.011,91,-0.2782,0.0076,-0.3538,0.0006,0.0225,True,U2
genre,minutes,would+hold,T2,vix,95,0.011,91,0.0039,0.9705,0.0431,0.6848,0.8275,True,U2
genre,minutes,would+hold,T3,cfnai,139,0.008,132,-0.0158,0.8572,-0.2379,0.006,0.0997,True,U2
genre,minutes,would+hold,T3,vix,139,0.008,132,0.0862,0.3255,0.0498,0.5708,0.779,True,U2
genre,minutes,would+hold,H1,cfnai,49,0.021,48,-0.0339,0.8193,0.0308,0.8354,0.8986,True,U2
genre,minutes,would+hold,H1,vix,49,0.021,48,-0.1243,0.3998,-0.0507,0.7322,0.8413,True,U2
genre,minutes,would+hold,H2,cfnai,46,0.0,43,-0.4855,0.001,-0.6101,0.0,0.0016,True,U2
genre,minutes,would+hold,H2,vix,46,0.0,43,-0.2216,0.1533,-0.4283,0.0042,0.1584,True,U2
genre,minutes,would+increase,T1,cfnai,55,0.586,99,0.0589,0.5627,0.1207,0.2342,0.6246,True,U2
genre,minutes,would+increase,T1,vix,55,0.586,99,-0.1074,0.2899,-0.1266,0.2117,0.4163,True,U2
genre,minutes,would+increase,T2,cfnai,53,0.571,91,0.078,0.4626,0.1478,0.162,0.4819,True,U2
genre,minutes,would+increase,T2,vix,53,0.571,91,-0.0369,0.7283,-0.0635,0.5499,0.7332,True,U2
genre,minutes,would+increase,T3,cfnai,71,0.606,132,0.0542,0.5367,0.1527,0.0806,0.3594,False,U2
genre,minutes,would+increase,T3,vix,71,0.606,132,0.0004,0.9967,-0.007,0.9361,0.9663,False,U2
genre,minutes,would+increase,H1,cfnai,40,0.396,48,0.0491,0.7403,0.0966,0.5139,0.7663,True,U2
genre,minutes,would+increase,H1,vix,40,0.396,48,0.0689,0.6419,0.0609,0.6811,0.836,True,U2
genre,minutes,would+increase,H2,cfnai,13,0.767,43,0.1418,0.3643,0.22,0.1563,0.5092,False,U2
genre,minutes,would+increase,H2,vix,13,0.767,43,0.2271,0.1431,0.3484,0.0221,0.2777,False,U2
genre,minutes,would+move,T1,cfnai,55,0.636,99,0.0945,0.3519,0.0831,0.4137,0.7509,False,U2
genre,minutes,would+move,T1,vix,55,0.636,99,-0.0953,0.3481,-0.1433,0.1571,0.3438,False,U2
genre,minutes,would+move,T2,cfnai,53,0.626,91,0.082,0.4395,0.0713,0.5017,0.7658,False,U2
genre,minutes,would+move,T2,vix,53,0.626,91,-0.0788,0.4579,-0.1331,0.2086,0.4399,False,U2
genre,minutes,would+move,T3,cfnai,67,0.652,132,0.077,0.3799,-0.0157,0.8584,0.9762,False,U2
genre,minutes,would+move,T3,vix,67,0.652,132,-0.1777,0.0415,-0.2504,0.0038,0.0488,False,U2
genre,minutes,would+move,H1,cfnai,41,0.521,48,0.0192,0.8972,0.0166,0.9106,0.9456,True,U2
genre,minutes,would+move,H1,vix,41,0.521,48,0.2024,0.1677,0.0811,0.5839,0.836,True,U2
genre,minutes,would+move,H2,cfnai,12,0.744,43,0.2566,0.0967,0.1612,0.3018,0.7373,False,U2
genre,minutes,would+move,H2,vix,12,0.744,43,-0.1039,0.5074,-0.0543,0.7297,0.9042,False,U2
genre,minutes,would+need,T1,cfnai,77,0.525,99,-0.1639,0.1051,-0.3088,0.0019,0.0362,True,U2
genre,minutes,would+need,T1,vix,77,0.525,99,-0.0352,0.7297,0.007,0.9449,0.97,True,U2
genre,minutes,would+need,T2,cfnai,72,0.527,91,-0.2395,0.0222,-0.272,0.0091,0.1055,True,U2
genre,minutes,would+need,T2,vix,72,0.527,91,0.0109,0.9186,0.037,0.728,0.8706,True,U2
genre,minutes,would+need,T3,cfnai,114,0.515,132,-0.1237,0.1577,-0.2622,0.0024,0.0693,True,U2
genre,minutes,would+need,T3,vix,114,0.515,132,-0.009,0.9188,-0.0067,0.9395,0.9663,True,U2
genre,minutes,would+need,H1,cfnai,38,0.583,48,-0.4117,0.0036,-0.4172,0.0032,0.0571,False,U2
genre,minutes,would+need,H1,vix,38,0.583,48,-0.036,0.8081,0.0847,0.5671,0.836,False,U2
genre,minutes,would+need,H2,cfnai,34,0.465,43,-0.1479,0.3438,-0.1505,0.3355,0.7373,False,U2
genre,minutes,would+need,H2,vix,34,0.465,43,-0.0307,0.845,-0.0722,0.6454,0.8556,False,U2
genre,minutes,would+provide,T1,cfnai,45,0.646,99,-0.0434,0.6694,-0.0132,0.8965,0.9886,False,U2
genre,minutes,would+provide,T1,vix,45,0.646,99,0.0486,0.633,0.0382,0.7076,0.8733,False,U2
genre,minutes,would+provide,T2,cfnai,38,0.681,91,0.0491,0.6438,0.0102,0.9235,0.9361,False,U2
genre,minutes,would+provide,T2,vix,38,0.681,91,-0.1177,0.2664,-0.0787,0.4583,0.6787,False,U2
genre,minutes,would+provide,T3,cfnai,61,0.652,132,-0.0404,0.6455,-0.0602,0.4929,0.9284,False,U2
genre,minutes,would+provide,T3,vix,61,0.652,132,0.0528,0.5479,0.0097,0.9123,0.9663,False,U2
genre,minutes,would+provide,H1,cfnai,30,0.542,48,-0.0144,0.9225,-0.0665,0.6533,0.8087,False,U2
genre,minutes,would+provide,H1,vix,30,0.542,48,0.0351,0.8126,0.1013,0.4932,0.836,False,U2
genre,minutes,would+provide,H2,cfnai,8,0.837,43,0.1925,0.2162,0.0479,0.7601,0.9235,False,U2
genre,minutes,would+provide,H2,vix,8,0.837,43,0.0366,0.8158,0.1253,0.4233,0.7618,False,U2
genre,minutes,would+reduce,T1,cfnai,25,0.778,99,-0.0108,0.9157,-0.2292,0.0225,0.1909,False,U2
genre,minutes,would+reduce,T1,vix,25,0.778,99,-0.179,0.0763,-0.1644,0.104,0.2624,False,U2
genre,minutes,would+reduce,T2,cfnai,25,0.758,91,-0.2168,0.039,-0.2611,0.0124,0.1311,False,U2
genre,minutes,would+reduce,T2,vix,25,0.758,91,-0.1338,0.2059,-0.1244,0.24,0.4726,False,U2
genre,minutes,would+reduce,T3,cfnai,40,0.758,132,-0.005,0.9548,-0.1633,0.0613,0.3259,False,U2
genre,minutes,would+reduce,T3,vix,40,0.758,132,-0.1524,0.081,-0.1358,0.1204,0.291,False,U2
genre,minutes,would+reduce,H1,cfnai,15,0.75,48,-0.1983,0.1766,-0.2184,0.136,0.5008,False,U2
genre,minutes,would+reduce,H1,vix,15,0.75,48,-0.1823,0.215,-0.1632,0.2676,0.8017,False,U2
genre,minutes,would+reduce,H2,cfnai,10,0.767,43,-0.2488,0.1076,-0.2478,0.1092,0.4465,False,U2
genre,minutes,would+reduce,H2,vix,10,0.767,43,-0.1026,0.5128,-0.1499,0.3373,0.7378,False,U2
genre,minutes,would+remain,T1,cfnai,116,0.394,99,0.1569,0.121,0.1235,0.2231,0.6246,True,U2
genre,minutes,would+remain,T1,vix,116,0.394,99,-0.1559,0.1233,-0.1909,0.0584,0.2064,True,U2
genre,minutes,would+remain,T2,cfnai,107,0.385,91,0.1043,0.325,0.1352,0.2013,0.5431,True,U2
genre,minutes,would+remain,T2,vix,107,0.385,91,-0.1168,0.2703,-0.1373,0.1943,0.4202,True,U2
genre,minutes,would+remain,T3,cfnai,151,0.356,132,0.1422,0.1038,0.0557,0.5262,0.9284,True,U2
genre,minutes,would+remain,T3,vix,151,0.356,132,-0.1529,0.08,-0.1779,0.0413,0.1596,True,U2
genre,minutes,would+remain,H1,cfnai,82,0.208,48,0.1863,0.2048,0.2118,0.1484,0.5008,True,U2
genre,minutes,would+remain,H1,vix,82,0.208,48,0.3179,0.0277,0.2041,0.1641,0.6331,True,U2
genre,minutes,would+remain,H2,cfnai,25,0.581,43,0.1193,0.4461,0.0661,0.6738,0.9144,False,U2
genre,minutes,would+remain,H2,vix,25,0.581,43,-0.1533,0.3262,-0.0777,0.6206,0.8524,False,U2
genre,minutes,would+require,T1,cfnai,32,0.747,99,0.0221,0.8285,-0.0107,0.9165,0.9909,False,U2
genre,minutes,would+require,T1,vix,32,0.747,99,-0.1605,0.1124,-0.1536,0.1292,0.3057,False,U2
genre,minutes,would+require,T2,cfnai,30,0.736,91,-0.0241,0.821,0.0255,0.8104,0.9084,False,U2
genre,minutes,would+require,T2,vix,30,0.736,91,-0.0921,0.3851,-0.0811,0.4446,0.6697,False,U2
genre,minutes,would+require,T3,cfnai,45,0.72,132,0.0164,0.8522,-0.0375,0.6696,0.9456,False,U2
genre,minutes,would+require,T3,vix,45,0.72,132,-0.1961,0.0242,-0.1701,0.0511,0.1913,False,U2
genre,minutes,would+require,H1,cfnai,23,0.646,48,0.1022,0.4894,0.1462,0.3215,0.7052,False,U2
genre,minutes,would+require,H1,vix,23,0.646,48,0.1289,0.3825,0.067,0.6507,0.836,False,U2
genre,minutes,would+require,H2,cfnai,7,0.837,43,-0.1609,0.3026,-0.1558,0.3184,0.7373,False,U2
genre,minutes,would+require,H2,vix,7,0.837,43,-0.1304,0.4046,-0.0698,0.6567,0.8605,False,U2
genre,minutes,would+result,T1,cfnai,41,0.747,99,-0.0048,0.9627,0.1292,0.2025,0.6246,False,U2
genre,minutes,would+result,T1,vix,41,0.747,99,0.0065,0.9488,0.0019,0.9851,0.9937,False,U2
genre,minutes,would+result,T2,cfnai,38,0.747,91,0.2471,0.0182,0.2185,0.0374,0.2068,False,U2
genre,minutes,would+result,T2,vix,38,0.747,91,0.1037,0.3281,0.06,0.5722,0.7445,False,U2
genre,minutes,would+result,T3,cfnai,59,0.742,132,-0.0095,0.9139,0.0607,0.4896,0.9284,False,U2
genre,minutes,would+result,T3,vix,59,0.742,132,0.0012,0.9888,0.0226,0.7968,0.9374,False,U2
genre,minutes,would+result,H1,cfnai,23,0.729,48,0.1717,0.2431,0.1733,0.2389,0.5863,False,U2
genre,minutes,would+result,H1,vix,23,0.729,48,0.0811,0.5835,0.0519,0.7262,0.8413,False,U2
genre,minutes,would+result,H2,cfnai,15,0.767,43,0.3107,0.0426,0.2079,0.1811,0.5734,False,U2
genre,minutes,would+result,H2,vix,15,0.767,43,0.1838,0.238,0.1389,0.3744,0.7378,False,U2
genre,minutes,would+rise,T1,cfnai,50,0.677,99,0.0266,0.7941,0.0254,0.8028,0.9886,False,U2
genre,minutes,would+rise,T1,vix,50,0.677,99,-0.1546,0.1266,-0.1346,0.1842,0.3885,False,U2
genre,minutes,would+rise,T2,cfnai,49,0.659,91,-0.1129,0.2868,-0.0204,0.8478,0.9106,False,U2
genre,minutes,would+rise,T2,vix,49,0.659,91,-0.0992,0.3497,-0.1008,0.3418,0.5866,False,U2
genre,minutes,would+rise,T3,cfnai,59,0.697,132,0.0307,0.7271,0.069,0.432,0.8925,False,U2
genre,minutes,would+rise,T3,vix,59,0.697,132,-0.1725,0.048,-0.1808,0.0381,0.1577,False,U2
genre,minutes,would+rise,H1,cfnai,46,0.417,48,-0.2546,0.0807,-0.2502,0.0863,0.4659,True,U2
genre,minutes,would+rise,H1,vix,46,0.417,48,0.2157,0.1408,0.2634,0.0704,0.6114,True,U2
genre,minutes,would+rise,H2,cfnai,3,0.93,43,0.1105,0.4805,0.1427,0.3612,0.7626,False,U2
genre,minutes,would+rise,H2,vix,3,0.93,43,0.3149,0.0397,0.2624,0.0892,0.4034,False,U2
genre,minutes,would+support,T1,cfnai,35,0.707,99,0.0685,0.5003,0.0517,0.6116,0.9096,False,U2
genre,minutes,would+support,T1,vix,35,0.707,99,-0.0453,0.6561,-0.0751,0.46,0.6507,False,U2
genre,minutes,would+support,T2,cfnai,33,0.703,91,0.0799,0.4513,0.0362,0.7334,0.9084,False,U2
genre,minutes,would+support,T2,vix,33,0.703,91,-0.0692,0.5143,-0.0845,0.4256,0.6561,False,U2
genre,minutes,would+support,T3,cfnai,41,0.735,132,0.0655,0.4553,0.0473,0.5899,0.9411,False,U2
genre,minutes,would+support,T3,vix,41,0.735,132,-0.0718,0.4136,-0.1143,0.192,0.3977,False,U2
genre,minutes,would+support,H1,cfnai,14,0.75,48,0.2115,0.1489,0.0978,0.5085,0.7663,False,U2
genre,minutes,would+support,H1,vix,14,0.75,48,-0.276,0.0576,-0.2213,0.1306,0.6114,False,U2
genre,minutes,would+support,H2,cfnai,19,0.651,43,0.0146,0.9258,-0.0216,0.8906,0.9759,False,U2
genre,minutes,would+support,H2,vix,19,0.651,43,-0.1074,0.4931,-0.1637,0.2942,0.7378,False,U2
genre,minutes,would+take,T1,cfnai,124,0.131,99,-0.1771,0.0795,-0.197,0.0506,0.2553,True,U2
genre,minutes,would+take,T1,vix,124,0.131,99,0.3624,0.0002,0.3001,0.0025,0.0252,True,U2
genre,minutes,would+take,T2,cfnai,110,0.143,91,-0.0455,0.6686,-0.1372,0.1947,0.5431,True,U2
genre,minutes,would+take,T2,vix,110,0.143,91,0.3577,0.0005,0.2713,0.0093,0.077,True,U2
genre,minutes,would+take,T3,cfnai,129,0.318,132,-0.1512,0.0836,-0.1323,0.1305,0.5044,True,U2
genre,minutes,would+take,T3,vix,129,0.318,132,0.1798,0.0391,0.0917,0.2955,0.5356,True,U2
genre,minutes,would+take,H1,cfnai,46,0.229,48,-0.3516,0.0143,-0.3216,0.0258,0.2186,True,U2
genre,minutes,would+take,H1,vix,46,0.229,48,-0.0002,0.9992,0.0767,0.6045,0.836,True,U2
genre,minutes,would+take,H2,cfnai,64,0.047,43,0.0534,0.734,0.1312,0.4016,0.7702,True,U2
genre,minutes,would+take,H2,vix,64,0.047,43,0.3073,0.045,0.1834,0.2391,0.6648,True,U2
genre,minutes,would+warrant,T1,cfnai,43,0.677,99,0.0527,0.6047,0.127,0.2104,0.6246,False,U2
genre,minutes,would+warrant,T1,vix,43,0.677,99,-0.1759,0.0816,-0.1788,0.0766,0.2403,False,U2
genre,minutes,would+warrant,T2,cfnai,43,0.648,91,0.0611,0.5652,0.1275,0.2284,0.576,False,U2
genre,minutes,would+warrant,T2,vix,43,0.648,91,-0.1064,0.3153,-0.1222,0.2487,0.473,False,U2
genre,minutes,would+warrant,T3,cfnai,58,0.659,132,0.0386,0.6601,0.0547,0.5337,0.9284,False,U2
genre,minutes,would+warrant,T3,vix,58,0.659,132,-0.1643,0.0598,-0.1456,0.0957,0.2575,False,U2
genre,minutes,would+warrant,H1,cfnai,32,0.5,48,-0.2043,0.1637,-0.1431,0.332,0.7052,False,U2
genre,minutes,would+warrant,H1,vix,32,0.5,48,-0.033,0.8238,-0.0085,0.9541,0.9721,False,U2
genre,minutes,would+warrant,H2,cfnai,11,0.814,43,0.3245,0.0338,0.3839,0.011,0.0839,False,U2
genre,minutes,would+warrant,H2,vix,11,0.814,43,0.1297,0.4071,0.1679,0.2817,0.7299,False,U2
genre,press_conf,can+affect,T1,cfnai,33,0.775,80,-0.0239,0.8331,0.0331,0.771,0.9886,False,U2
genre,press_conf,can+affect,T1,vix,33,0.775,80,-0.0534,0.638,-0.1225,0.2791,0.4693,False,U2
genre,press_conf,can+affect,T2,cfnai,31,0.775,71,0.0261,0.8289,0.1151,0.339,0.7023,False,U2
genre,press_conf,can+affect,T2,vix,31,0.775,71,0.0208,0.8631,-0.079,0.5124,0.696,False,U2
genre,press_conf,can+affect,T3,cfnai,40,0.75,92,-0.0263,0.8038,0.0021,0.9839,0.995,False,U2
genre,press_conf,can+affect,T3,vix,40,0.75,92,-0.0358,0.7351,-0.0904,0.3914,0.6011,False,U2
genre,press_conf,can+affect,H2,cfnai,22,0.814,43,0.0225,0.8859,0.0935,0.551,0.8213,False,U2
genre,press_conf,can+affect,H2,vix,22,0.814,43,0.0308,0.8444,0.1012,0.5184,0.8059,False,U2
genre,press_conf,can+do,T1,cfnai,179,0.175,80,0.0001,0.9991,0.1024,0.366,0.7509,True,U2
genre,press_conf,can+do,T1,vix,179,0.175,80,0.4542,0.0,0.2594,0.0201,0.0974,True,U2
genre,press_conf,can+do,T2,cfnai,132,0.197,71,0.1771,0.1396,0.1132,0.3475,0.7071,True,U2
genre,press_conf,can+do,T2,vix,132,0.197,71,0.1395,0.2461,0.0519,0.6675,0.815,True,U2
genre,press_conf,can+do,T3,cfnai,227,0.163,92,0.0059,0.9558,0.0985,0.3501,0.8688,True,U2
genre,press_conf,can+do,T3,vix,227,0.163,92,0.4269,0.0,0.2473,0.0174,0.1012,True,U2
genre,press_conf,can+do,H2,cfnai,100,0.116,43,0.1548,0.3216,0.0513,0.7437,0.9235,True,U2
genre,press_conf,can+do,H2,vix,100,0.116,43,0.067,0.6694,-0.0305,0.8463,0.9343,True,U2
genre,press_conf,can+everything,T1,cfnai,54,0.438,80,-0.0894,0.4305,-0.1151,0.3092,0.7033,True,U2
genre,press_conf,can+everything,T1,vix,54,0.438,80,0.2822,0.0112,0.2884,0.0095,0.0578,True,U2
genre,press_conf,can+everything,T2,cfnai,49,0.423,71,-0.0259,0.83,-0.1345,0.2636,0.6211,True,U2
genre,press_conf,can+everything,T2,vix,49,0.423,71,0.2955,0.0123,0.3356,0.0042,0.0414,True,U2
genre,press_conf,can+everything,T3,cfnai,55,0.5,92,-0.0881,0.4036,-0.0932,0.377,0.8688,True,U2
genre,press_conf,can+everything,T3,vix,55,0.5,92,0.2703,0.0092,0.2813,0.0066,0.0528,True,U2
genre,press_conf,can+everything,H2,cfnai,47,0.093,43,-0.138,0.3776,-0.2847,0.0643,0.333,True,U2
genre,press_conf,can+everything,H2,vix,47,0.093,43,-0.2009,0.1965,-0.1517,0.3316,0.7378,True,U2
genre,press_conf,can+get,T1,cfnai,36,0.713,80,-0.1554,0.1687,0.1322,0.2423,0.6246,False,U2
genre,press_conf,can+get,T1,vix,36,0.713,80,0.1394,0.2175,0.1441,0.2021,0.4113,False,U2
genre,press_conf,can+get,T2,cfnai,29,0.732,71,0.2718,0.0218,0.1708,0.1544,0.4713,False,U2
genre,press_conf,can+get,T2,vix,29,0.732,71,0.1555,0.1952,0.1574,0.1898,0.4202,False,U2
genre,press_conf,can+get,T3,cfnai,44,0.674,92,-0.1537,0.1435,0.067,0.5257,0.9284,False,U2
genre,press_conf,can+get,T3,vix,44,0.674,92,0.0878,0.4054,0.064,0.5445,0.7703,False,U2
genre,press_conf,can+get,H2,cfnai,22,0.674,43,0.3073,0.045,0.1369,0.3814,0.7702,False,U2
genre,press_conf,can+get,H2,vix,22,0.674,43,0.0772,0.6225,0.0372,0.8129,0.9288,False,U2
genre,press_conf,can+give,T1,cfnai,68,0.487,80,-0.0106,0.9257,0.0625,0.5816,0.8877,True,U2
genre,press_conf,can+give,T1,vix,68,0.487,80,-0.0156,0.8909,-0.1091,0.3352,0.5327,True,U2
genre,press_conf,can+give,T2,cfnai,60,0.479,71,0.0164,0.8922,0.0583,0.6291,0.8864,True,U2
genre,press_conf,can+give,T2,vix,60,0.479,71,-0.1313,0.2752,-0.1689,0.1592,0.4202,True,U2
genre,press_conf,can+give,T3,cfnai,76,0.478,92,-0.0134,0.8989,0.0365,0.7301,0.9456,True,U2
genre,press_conf,can+give,T3,vix,76,0.478,92,-0.0284,0.7884,-0.1109,0.2924,0.5356,True,U2
genre,press_conf,can+give,H2,cfnai,35,0.512,43,0.0574,0.7147,-0.0051,0.974,0.9827,False,U2
genre,press_conf,can+give,H2,vix,35,0.512,43,-0.0467,0.7663,-0.0938,0.5497,0.8246,False,U2
genre,press_conf,can+have,T1,cfnai,57,0.562,80,-0.0586,0.6056,0.12,0.2888,0.6838,True,U2
genre,press_conf,can+have,T1,vix,57,0.562,80,0.2468,0.0273,0.2575,0.0211,0.0981,True,U2
genre,press_conf,can+have,T2,cfnai,52,0.563,71,0.1335,0.2669,0.1864,0.1196,0.4206,True,U2
genre,press_conf,can+have,T2,vix,52,0.563,71,0.3612,0.002,0.281,0.0176,0.1044,True,U2
genre,press_conf,can+have,T3,cfnai,60,0.587,92,-0.0607,0.5654,0.0894,0.397,0.8688,True,U2
genre,press_conf,can+have,T3,vix,60,0.587,92,0.2348,0.0243,0.2398,0.0213,0.1179,True,U2
genre,press_conf,can+have,H2,cfnai,43,0.465,43,0.0763,0.6266,0.1273,0.4158,0.7702,True,U2
genre,press_conf,can+have,H2,vix,43,0.465,43,0.3765,0.0128,0.3962,0.0085,0.1946,True,U2
genre,press_conf,can+look,T1,cfnai,52,0.625,80,-0.0126,0.9114,-0.0355,0.7548,0.9886,False,U2
genre,press_conf,can+look,T1,vix,52,0.625,80,-0.0317,0.7803,0.0245,0.829,0.9624,False,U2
genre,press_conf,can+look,T2,cfnai,48,0.606,71,-0.1045,0.3856,-0.0848,0.4819,0.7554,False,U2
genre,press_conf,can+look,T2,vix,48,0.606,71,0.055,0.6487,0.0784,0.516,0.696,False,U2
genre,press_conf,can+look,T3,cfnai,54,0.652,92,-0.0135,0.8981,-0.016,0.8799,0.991,False,U2
genre,press_conf,can+look,T3,vix,54,0.652,92,0.0137,0.8966,0.0844,0.4235,0.6381,False,U2
genre,press_conf,can+look,H2,cfnai,44,0.419,43,-0.188,0.2274,-0.2299,0.1381,0.4995,True,U2
genre,press_conf,can+look,H2,vix,44,0.419,43,-0.1732,0.2667,-0.2162,0.1637,0.6021,True,U2
genre,press_conf,can+make,T1,cfnai,40,0.688,80,-0.1658,0.1415,-0.03,0.7914,0.9886,False,U2
genre,press_conf,can+make,T1,vix,40,0.688,80,0.2932,0.0083,0.2274,0.0425,0.1702,False,U2
genre,press_conf,can+make,T2,cfnai,31,0.69,71,-0.0319,0.7915,-0.0121,0.9204,0.9361,False,U2
genre,press_conf,can+make,T2,vix,31,0.69,71,0.1824,0.1279,0.2103,0.0783,0.2524,False,U2
genre,press_conf,can+make,T3,cfnai,48,0.652,92,-0.1629,0.1209,-0.0421,0.6902,0.9456,False,U2
genre,press_conf,can+make,T3,vix,48,0.652,92,0.2768,0.0076,0.1899,0.0698,0.2106,False,U2
genre,press_conf,can+make,H2,cfnai,23,0.605,43,-0.0141,0.9286,0.0421,0.7886,0.9235,False,U2
genre,press_conf,can+make,H2,vix,23,0.605,43,0.0434,0.7825,0.074,0.6372,0.8556,False,U2
genre,press_conf,can+say,T1,cfnai,82,0.487,80,-0.0654,0.5645,-0.0327,0.7733,0.9886,True,U2
genre,press_conf,can+say,T1,vix,82,0.487,80,0.2284,0.0415,0.0909,0.4228,0.613,True,U2
genre,press_conf,can+say,T2,cfnai,65,0.479,71,-0.0714,0.5541,-0.0766,0.5255,0.7917,True,U2
genre,press_conf,can+say,T2,vix,65,0.479,71,-0.0119,0.9216,0.024,0.8424,0.91,True,U2
genre,press_conf,can+say,T3,cfnai,88,0.5,92,-0.0616,0.5598,0.0127,0.9047,0.992,True,U2
genre,press_conf,can+say,T3,vix,88,0.5,92,0.2312,0.0266,0.1035,0.3262,0.5564,True,U2
genre,press_conf,can+say,H2,cfnai,49,0.465,43,-0.1425,0.3621,-0.1593,0.3075,0.7373,True,U2
genre,press_conf,can+say,H2,vix,49,0.465,43,-0.118,0.4511,-0.0426,0.7863,0.9288,True,U2
genre,press_conf,can+see,T1,cfnai,101,0.325,80,-0.1059,0.35,-0.0673,0.5528,0.8808,True,U2
genre,press_conf,can+see,T1,vix,101,0.325,80,0.0958,0.3979,-0.0309,0.7855,0.9364,True,U2
genre,press_conf,can+see,T2,cfnai,89,0.31,71,-0.0807,0.5037,-0.0569,0.6373,0.8864,True,U2
genre,press_conf,can+see,T2,vix,89,0.31,71,0.0384,0.7503,-0.0789,0.5129,0.696,True,U2
genre,press_conf,can+see,T3,cfnai,113,0.326,92,-0.1057,0.316,-0.0705,0.5043,0.9284,True,U2
genre,press_conf,can+see,T3,vix,113,0.326,92,0.0977,0.3543,-0.0097,0.9267,0.9663,True,U2
genre,press_conf,can+see,H2,cfnai,53,0.326,43,-0.0465,0.7673,-0.1093,0.4852,0.7829,True,U2
genre,press_conf,can+see,H2,vix,53,0.326,43,0.2173,0.1616,0.1445,0.3554,0.7378,True,U2
genre,press_conf,can+take,T1,cfnai,33,0.713,80,-0.1448,0.2,-0.137,0.2256,0.6246,False,U2
genre,press_conf,can+take,T1,vix,33,0.713,80,-0.1084,0.3387,-0.0955,0.3996,0.5942,False,U2
genre,press_conf,can+take,T2,cfnai,30,0.704,71,-0.1362,0.2575,-0.1052,0.3828,0.7383,False,U2
genre,press_conf,can+take,T2,vix,30,0.704,71,-0.1289,0.2842,-0.0984,0.4142,0.6493,False,U2
genre,press_conf,can+take,T3,cfnai,40,0.685,92,-0.1289,0.2207,-0.098,0.3528,0.8688,False,U2
genre,press_conf,can+take,T3,vix,40,0.685,92,-0.1214,0.2491,-0.1086,0.3028,0.5404,False,U2
genre,press_conf,can+take,H2,cfnai,21,0.698,43,-0.1905,0.2211,-0.1761,0.2588,0.7024,False,U2
genre,press_conf,can+take,H2,vix,21,0.698,43,-0.2204,0.1555,-0.2096,0.1774,0.6062,False,U2
genre,press_conf,can+tell,T1,cfnai,57,0.5,80,0.0177,0.8762,0.0484,0.6701,0.9716,True,U2
genre,press_conf,can+tell,T1,vix,57,0.5,80,-0.1532,0.1749,-0.2123,0.0587,0.2064,True,U2
genre,press_conf,can+tell,T2,cfnai,51,0.507,71,0.0631,0.6013,0.0824,0.4947,0.7651,True,U2
genre,press_conf,can+tell,T2,vix,51,0.507,71,-0.1648,0.1697,-0.2327,0.0508,0.1843,True,U2
genre,press_conf,can+tell,T3,cfnai,60,0.533,92,0.0162,0.878,0.0636,0.5469,0.9329,True,U2
genre,press_conf,can+tell,T3,vix,60,0.533,92,-0.1146,0.2765,-0.17,0.1052,0.2598,True,U2
genre,press_conf,can+tell,H2,cfnai,32,0.512,43,0.0082,0.9585,-0.0228,0.8846,0.9759,False,U2
genre,press_conf,can+tell,H2,vix,32,0.512,43,-0.1186,0.4486,-0.2025,0.1928,0.6062,False,U2
genre,press_conf,can+think,T1,cfnai,37,0.637,80,0.0182,0.8725,0.0012,0.9918,0.9918,False,U2
genre,press_conf,can+think,T1,vix,37,0.637,80,0.2701,0.0154,0.1874,0.0959,0.2588,False,U2
genre,press_conf,can+think,T2,cfnai,32,0.648,71,-0.0098,0.9351,0.0284,0.8144,0.9084,False,U2
genre,press_conf,can+think,T2,vix,32,0.648,71,0.1844,0.1238,0.1447,0.2286,0.4652,False,U2
genre,press_conf,can+think,T3,cfnai,40,0.663,92,0.022,0.8348,0.0513,0.6271,0.9456,False,U2
genre,press_conf,can+think,T3,vix,40,0.663,92,0.2736,0.0083,0.1814,0.0835,0.2362,False,U2
genre,press_conf,can+think,H2,cfnai,22,0.581,43,0.0056,0.9715,0.0492,0.754,0.9235,False,U2
genre,press_conf,can+think,H2,vix,22,0.581,43,0.2715,0.0783,0.223,0.1506,0.5721,False,U2
genre,press_conf,could+follow,T1,cfnai,80,0.487,80,0.2186,0.0514,0.1059,0.35,0.7509,True,U2
genre,press_conf,could+follow,T1,vix,80,0.487,80,0.0155,0.8913,0.0085,0.9407,0.97,True,U2
genre,press_conf,could+follow,T2,cfnai,73,0.465,71,0.0714,0.5542,0.0152,0.8997,0.9361,True,U2
genre,press_conf,could+follow,T2,vix,73,0.465,71,0.1104,0.3595,0.0668,0.58,0.7445,True,U2
genre,press_conf,could+follow,T3,cfnai,84,0.511,92,0.208,0.0466,0.0866,0.4119,0.8688,True,U2
genre,press_conf,could+follow,T3,vix,84,0.511,92,0.0229,0.8286,0.0224,0.8319,0.9374,True,U2
genre,press_conf,could+follow,H2,cfnai,57,0.349,43,0.0809,0.6059,-0.0212,0.8929,0.9759,True,U2
genre,press_conf,could+follow,H2,vix,57,0.349,43,0.0091,0.9541,-0.0731,0.6411,0.8556,True,U2
genre,press_conf,could+have,T1,cfnai,38,0.637,80,-0.3264,0.0031,-0.2351,0.0358,0.2077,False,U2
genre,press_conf,could+have,T1,vix,38,0.637,80,-0.1367,0.2266,-0.153,0.1755,0.3769,False,U2
genre,press_conf,could+have,T2,cfnai,34,0.62,71,-0.1942,0.1046,-0.1933,0.1062,0.385,False,U2
genre,press_conf,could+have,T2,vix,34,0.62,71,-0.1696,0.1574,-0.1554,0.1956,0.4202,False,U2
genre,press_conf,could+have,T3,cfnai,48,0.609,92,-0.2888,0.0052,-0.2182,0.0367,0.2837,False,U2
genre,press_conf,could+have,T3,vix,48,0.609,92,-0.1351,0.1992,-0.1174,0.2651,0.5041,False,U2
genre,press_conf,could+have,H2,cfnai,17,0.721,43,-0.084,0.5921,-0.105,0.5029,0.7853,False,U2
genre,press_conf,could+have,H2,vix,17,0.721,43,-0.0939,0.5492,-0.0109,0.9448,0.9616,False,U2
genre,press_conf,could+see,T1,cfnai,44,0.7,80,-0.1431,0.2056,0.0239,0.8335,0.9886,False,U2
genre,press_conf,could+see,T1,vix,44,0.7,80,0.0537,0.6362,0.0448,0.6931,0.8645,False,U2
genre,press_conf,could+see,T2,cfnai,37,0.704,71,0.1351,0.2614,0.1714,0.153,0.4713,False,U2
genre,press_conf,could+see,T2,vix,37,0.704,71,0.0964,0.4241,0.0855,0.4781,0.6787,False,U2
genre,press_conf,could+see,T3,cfnai,47,0.728,92,-0.1412,0.1795,-0.0025,0.9814,0.995,False,U2
genre,press_conf,could+see,T3,vix,47,0.728,92,0.0375,0.7227,0.0228,0.8291,0.9374,False,U2
genre,press_conf,could+see,H2,cfnai,24,0.698,43,0.1222,0.4349,0.1683,0.2806,0.7299,False,U2
genre,press_conf,could+see,H2,vix,24,0.698,43,0.2622,0.0894,0.3192,0.0369,0.3008,False,U2
genre,press_conf,could+talk,T1,cfnai,58,0.512,80,0.0437,0.7002,-0.0138,0.9034,0.9886,True,U2
genre,press_conf,could+talk,T1,vix,58,0.512,80,0.0528,0.6419,0.1209,0.2855,0.4726,True,U2
genre,press_conf,could+talk,T2,cfnai,54,0.507,71,0.175,0.1444,-0.0356,0.7682,0.9084,True,U2
genre,press_conf,could+talk,T2,vix,54,0.507,71,0.2047,0.0868,0.2184,0.0673,0.2297,True,U2
genre,press_conf,could+talk,T3,cfnai,64,0.522,92,0.0426,0.6867,-0.0113,0.9151,0.992,True,U2
genre,press_conf,could+talk,T3,vix,64,0.522,92,0.0367,0.7284,0.097,0.3577,0.5844,True,U2
genre,press_conf,could+talk,H2,cfnai,35,0.488,43,0.4219,0.0048,0.2347,0.1297,0.4929,False,U2
genre,press_conf,could+talk,H2,vix,35,0.488,43,0.2075,0.1817,0.2766,0.0725,0.3848,False,U2
genre,press_conf,may+be,T1,cfnai,40,0.662,80,0.1387,0.2198,-0.0653,0.565,0.8857,False,U2
genre,press_conf,may+be,T1,vix,40,0.662,80,-0.1546,0.1711,-0.1121,0.3224,0.5193,False,U2
genre,press_conf,may+be,T2,cfnai,37,0.648,71,-0.0737,0.5412,-0.1746,0.1453,0.468,False,U2
genre,press_conf,may+be,T2,vix,37,0.648,71,-0.1206,0.3165,-0.0868,0.4719,0.6787,False,U2
genre,press_conf,may+be,T3,cfnai,44,0.663,92,0.1316,0.211,-0.0817,0.4386,0.8925,False,U2
genre,press_conf,may+be,T3,vix,44,0.663,92,-0.1475,0.1606,-0.1064,0.3128,0.547,False,U2
genre,press_conf,may+be,H2,cfnai,26,0.605,43,-0.0824,0.5995,-0.1265,0.4189,0.7702,False,U2
genre,press_conf,may+be,H2,vix,26,0.605,43,-0.2884,0.0607,-0.3325,0.0294,0.3008,False,U2
genre,press_conf,will+be,T1,cfnai,109,0.312,80,0.1931,0.0861,0.2214,0.0484,0.2553,True,U2
genre,press_conf,will+be,T1,vix,109,0.312,80,0.2097,0.0619,0.2727,0.0144,0.0785,True,U2
genre,press_conf,will+be,T2,cfnai,88,0.324,71,0.4098,0.0004,0.2789,0.0185,0.1356,True,U2
genre,press_conf,will+be,T2,vix,88,0.324,71,0.1909,0.1109,0.2708,0.0224,0.1082,True,U2
genre,press_conf,will+be,T3,cfnai,112,0.37,92,0.1835,0.08,0.1994,0.0567,0.3259,True,U2
genre,press_conf,will+be,T3,vix,112,0.37,92,0.1904,0.069,0.2279,0.0289,0.1337,True,U2
genre,press_conf,will+be,H2,cfnai,70,0.163,43,0.487,0.0009,0.3316,0.0298,0.189,True,U2
genre,press_conf,will+be,H2,vix,70,0.163,43,-0.0602,0.7012,0.0645,0.6813,0.8727,True,U2
genre,press_conf,will+be+able,T1,cfnai,41,0.637,80,0.1268,0.2623,0.0202,0.859,0.9886,False,U2
genre,press_conf,will+be+able,T1,vix,41,0.637,80,0.0798,0.4819,0.0208,0.855,0.97,False,U2
genre,press_conf,will+be+able,T2,cfnai,33,0.648,71,0.1645,0.1703,0.0683,0.5715,0.8328,False,U2
genre,press_conf,will+be+able,T2,vix,33,0.648,71,0.121,0.3149,0.0291,0.8099,0.9033,False,U2
genre,press_conf,will+be+able,T3,cfnai,49,0.63,92,0.1119,0.2881,0.0017,0.9872,0.995,False,U2
genre,press_conf,will+be+able,T3,vix,49,0.63,92,0.0296,0.7792,-0.0168,0.8737,0.9384,False,U2
genre,press_conf,will+be+able,H2,cfnai,25,0.581,43,0.1202,0.4427,0.0436,0.7815,0.9235,False,U2
genre,press_conf,will+be+able,H2,vix,25,0.581,43,0.1892,0.2242,0.1538,0.3248,0.7378,False,U2
genre,press_conf,will+be+appropriate,T1,cfnai,107,0.412,80,0.127,0.2615,0.1959,0.0816,0.3262,True,U2
genre,press_conf,will+be+appropriate,T1,vix,107,0.412,80,-0.0752,0.5075,-0.0552,0.6265,0.8259,True,U2
genre,press_conf,will+be+appropriate,T2,cfnai,102,0.394,71,0.0272,0.8221,0.1333,0.2677,0.6211,True,U2
genre,press_conf,will+be+appropriate,T2,vix,102,0.394,71,0.063,0.6018,0.0248,0.8376,0.91,True,U2
genre,press_conf,will+be+appropriate,T3,cfnai,115,0.446,92,0.1208,0.2513,0.1955,0.0618,0.3259,True,U2
genre,press_conf,will+be+appropriate,T3,vix,115,0.446,92,-0.0934,0.376,-0.1057,0.3159,0.547,True,U2
genre,press_conf,will+be+appropriate,H2,cfnai,66,0.349,43,0.048,0.76,0.1979,0.2034,0.6268,True,U2
genre,press_conf,will+be+appropriate,H2,vix,66,0.349,43,0.162,0.2993,0.1159,0.4593,0.7618,True,U2
genre,press_conf,will+be+what,T1,cfnai,50,0.6,80,-0.0808,0.476,-0.0816,0.4718,0.8065,True,U2
genre,press_conf,will+be+what,T1,vix,50,0.6,80,-0.002,0.9857,-0.0715,0.5288,0.7133,True,U2
genre,press_conf,will+be+what,T2,cfnai,44,0.62,71,0.0009,0.9941,0.033,0.7848,0.9084,False,U2
genre,press_conf,will+be+what,T2,vix,44,0.62,71,-0.0074,0.9513,-0.0852,0.4798,0.6787,False,U2
genre,press_conf,will+be+what,T3,cfnai,51,0.641,92,-0.0824,0.4349,-0.0926,0.3799,0.8688,False,U2
genre,press_conf,will+be+what,T3,vix,51,0.641,92,-0.0007,0.9944,-0.0735,0.4861,0.723,False,U2
genre,press_conf,will+be+what,H2,cfnai,22,0.698,43,-0.033,0.8335,0.041,0.7939,0.9235,False,U2
genre,press_conf,will+be+what,H2,vix,22,0.698,43,0.254,0.1003,0.2088,0.179,0.6062,False,U2
genre,press_conf,will+come,T1,cfnai,87,0.412,80,0.0242,0.8315,-0.0585,0.6062,0.9096,True,U2
genre,press_conf,will+come,T1,vix,87,0.412,80,0.1712,0.1289,0.223,0.0468,0.181,True,U2
genre,press_conf,will+come,T2,cfnai,73,0.437,71,-0.1029,0.393,-0.0936,0.4377,0.7459,True,U2
genre,press_conf,will+come,T2,vix,73,0.437,71,0.1128,0.3491,0.1873,0.1178,0.3596,True,U2
genre,press_conf,will+come,T3,cfnai,95,0.435,92,0.0216,0.8379,-0.0477,0.6518,0.9456,True,U2
genre,press_conf,will+come,T3,vix,95,0.435,92,0.149,0.1562,0.1722,0.1007,0.2575,True,U2
genre,press_conf,will+come,H2,cfnai,58,0.326,43,-0.1119,0.4751,-0.0412,0.7932,0.9235,True,U2
genre,press_conf,will+come,H2,vix,58,0.326,43,-0.0931,0.5525,-0.0144,0.9267,0.9616,True,U2
genre,press_conf,will+continue,T1,cfnai,251,0.025,80,0.0644,0.5706,0.0272,0.8108,0.9886,True,U2
genre,press_conf,will+continue,T1,vix,251,0.025,80,0.0366,0.7469,0.2082,0.0639,0.2138,True,U2
genre,press_conf,will+continue,T2,cfnai,213,0.028,71,0.0563,0.6407,0.0354,0.7693,0.9084,True,U2
genre,press_conf,will+continue,T2,vix,213,0.028,71,-0.0225,0.8522,0.1776,0.1385,0.4016,True,U2
genre,press_conf,will+continue,T3,cfnai,303,0.022,92,0.0677,0.5211,0.0523,0.6204,0.9456,True,U2
genre,press_conf,will+continue,T3,vix,303,0.022,92,0.0908,0.3895,0.2142,0.0404,0.1596,True,U2
genre,press_conf,will+continue,H2,cfnai,114,0.023,43,0.0802,0.6093,0.1089,0.4871,0.7829,True,U2
genre,press_conf,will+continue,H2,vix,114,0.023,43,0.213,0.1703,0.3754,0.0131,0.2135,True,U2
genre,press_conf,will+depend,T1,cfnai,68,0.525,80,-0.0842,0.458,0.0838,0.4596,0.8065,True,U2
genre,press_conf,will+depend,T1,vix,68,0.525,80,0.2161,0.0542,0.267,0.0166,0.0839,True,U2
genre,press_conf,will+depend,T2,cfnai,54,0.563,71,0.0567,0.6384,0.1101,0.3607,0.7214,True,U2
genre,press_conf,will+depend,T2,vix,54,0.563,71,0.0461,0.7024,0.1296,0.2816,0.5185,True,U2
genre,press_conf,will+depend,T3,cfnai,75,0.511,92,-0.0864,0.413,0.0504,0.6334,0.9456,True,U2
genre,press_conf,will+depend,T3,vix,75,0.511,92,0.1923,0.0663,0.2358,0.0237,0.1194,True,U2
genre,press_conf,will+depend,H2,cfnai,29,0.558,43,0.1245,0.4263,0.1834,0.2392,0.6991,False,U2
genre,press_conf,will+depend,H2,vix,29,0.558,43,0.1198,0.4443,0.2008,0.1967,0.6062,False,U2
genre,press_conf,will+do,T1,cfnai,162,0.212,80,0.1064,0.3474,0.0169,0.8817,0.9886,True,U2
genre,press_conf,will+do,T1,vix,162,0.212,80,0.1465,0.1949,0.2901,0.009,0.0578,True,U2
genre,press_conf,will+do,T2,cfnai,146,0.225,71,0.012,0.921,-0.0367,0.7611,0.9084,True,U2
genre,press_conf,will+do,T2,vix,146,0.225,71,0.2227,0.0619,0.3408,0.0036,0.0414,True,U2
genre,press_conf,will+do,T3,cfnai,184,0.228,92,0.0911,0.3876,-0.036,0.7336,0.9456,True,U2
genre,press_conf,will+do,T3,vix,184,0.228,92,0.0848,0.4213,0.1892,0.0708,0.2106,True,U2
genre,press_conf,will+do,H2,cfnai,131,0.0,43,-0.0549,0.7265,-0.1112,0.4777,0.7829,True,U2
genre,press_conf,will+do,H2,vix,131,0.0,43,-0.1041,0.5064,-0.1136,0.4684,0.7628,True,U2
genre,press_conf,will+get,T1,cfnai,66,0.463,80,-0.2064,0.0663,-0.2031,0.0707,0.3155,True,U2
genre,press_conf,will+get,T1,vix,66,0.463,80,0.1798,0.1105,0.1957,0.0818,0.2492,True,U2
genre,press_conf,will+get,T2,cfnai,56,0.493,71,-0.1301,0.2797,-0.1212,0.314,0.6745,True,U2
genre,press_conf,will+get,T2,vix,56,0.493,71,0.1452,0.2271,0.1807,0.1316,0.3914,True,U2
genre,press_conf,will+get,T3,cfnai,71,0.489,92,-0.2032,0.0521,-0.2109,0.0436,0.3161,True,U2
genre,press_conf,will+get,T3,vix,71,0.489,92,0.1604,0.1267,0.1715,0.1021,0.2575,True,U2
genre,press_conf,will+get,H2,cfnai,45,0.372,43,-0.1613,0.3014,-0.1581,0.3113,0.7373,True,U2
genre,press_conf,will+get,H2,vix,45,0.372,43,-0.0283,0.8569,0.0298,0.8493,0.9343,True,U2
genre,press_conf,will+go,T1,cfnai,148,0.312,80,-0.0093,0.9344,0.1502,0.1835,0.5912,True,U2
genre,press_conf,will+go,T1,vix,148,0.312,80,0.3056,0.0058,0.2077,0.0645,0.2138,True,U2
genre,press_conf,will+go,T2,cfnai,119,0.338,71,0.5129,0.0,0.3323,0.0046,0.0747,True,U2
genre,press_conf,will+go,T2,vix,119,0.338,71,0.1065,0.3767,0.1586,0.1865,0.4202,True,U2
genre,press_conf,will+go,T3,cfnai,152,0.37,92,-0.011,0.9168,0.1385,0.188,0.5893,True,U2
genre,press_conf,will+go,T3,vix,152,0.37,92,0.292,0.0047,0.1993,0.0568,0.1997,True,U2
genre,press_conf,will+go,H2,cfnai,101,0.256,43,0.593,0.0,0.4497,0.0025,0.031,True,U2
genre,press_conf,will+go,H2,vix,101,0.256,43,-0.0148,0.9251,0.1154,0.4611,0.7618,True,U2
genre,press_conf,will+happen,T1,cfnai,60,0.55,80,0.1282,0.2571,0.0547,0.6297,0.9247,True,U2
genre,press_conf,will+happen,T1,vix,60,0.55,80,0.0457,0.6871,0.1831,0.1041,0.2624,True,U2
genre,press_conf,will+happen,T2,cfnai,58,0.521,71,0.2245,0.0598,0.035,0.7719,0.9084,True,U2
genre,press_conf,will+happen,T2,vix,58,0.521,71,0.1624,0.176,0.2744,0.0206,0.1044,True,U2
genre,press_conf,will+happen,T3,cfnai,66,0.543,92,0.127,0.2278,0.0659,0.5323,0.9284,True,U2
genre,press_conf,will+happen,T3,vix,66,0.543,92,0.0228,0.829,0.1402,0.1827,0.3853,True,U2
genre,press_conf,will+happen,H2,cfnai,46,0.372,43,0.3356,0.0278,0.0985,0.5299,0.8054,True,U2
genre,press_conf,will+happen,H2,vix,46,0.372,43,0.1194,0.4457,0.2357,0.1282,0.5189,True,U2
genre,press_conf,will+have,T1,cfnai,244,0.075,80,0.0173,0.8792,-0.2527,0.0237,0.1909,True,U2
genre,press_conf,will+have,T1,vix,244,0.075,80,-0.108,0.3402,-0.0725,0.5227,0.7133,True,U2
genre,press_conf,will+have,T2,cfnai,228,0.056,71,-0.2462,0.0385,-0.272,0.0218,0.1402,True,U2
genre,press_conf,will+have,T2,vix,228,0.056,71,0.0309,0.7978,0.0834,0.4891,0.6835,True,U2
genre,press_conf,will+have,T3,cfnai,281,0.076,92,0.02,0.8499,-0.1843,0.0787,0.3594,True,U2
genre,press_conf,will+have,T3,vix,281,0.076,92,-0.1088,0.302,-0.0705,0.5044,0.7255,True,U2
genre,press_conf,will+have,H2,cfnai,164,0.0,43,-0.3431,0.0243,-0.2454,0.1127,0.4465,True,U2
genre,press_conf,will+have,H2,vix,164,0.0,43,-0.125,0.4246,-0.0778,0.6201,0.8524,True,U2
genre,press_conf,will+help,T1,cfnai,47,0.625,80,0.283,0.011,0.1427,0.2068,0.6246,False,U2
genre,press_conf,will+help,T1,vix,47,0.625,80,0.1338,0.2365,0.1199,0.2893,0.4726,False,U2
genre,press_conf,will+help,T2,cfnai,37,0.648,71,0.1507,0.2097,0.0137,0.9095,0.9361,False,U2
genre,press_conf,will+help,T2,vix,37,0.648,71,0.0428,0.7232,0.0345,0.7751,0.8923,False,U2
genre,press_conf,will+help,T3,cfnai,58,0.587,92,0.2685,0.0096,0.1061,0.314,0.847,True,U2
genre,press_conf,will+help,T3,vix,58,0.587,92,0.1229,0.2433,0.1243,0.2378,0.4746,True,U2
genre,press_conf,will+help,H2,cfnai,31,0.535,43,0.1554,0.3197,-0.0053,0.9729,0.9827,False,U2
genre,press_conf,will+help,H2,vix,31,0.535,43,-0.1098,0.4834,-0.1194,0.4455,0.7618,False,U2
genre,press_conf,will+keep,T1,cfnai,37,0.725,80,-0.0768,0.4984,0.0019,0.9866,0.9918,False,U2
genre,press_conf,will+keep,T1,vix,37,0.725,80,0.3846,0.0004,0.1344,0.2347,0.4234,False,U2
genre,press_conf,will+keep,T2,cfnai,22,0.761,71,-0.0467,0.6988,0.015,0.9009,0.9361,False,U2
genre,press_conf,will+keep,T2,vix,22,0.761,71,0.01,0.934,-0.0086,0.9432,0.9641,False,U2
genre,press_conf,will+keep,T3,cfnai,41,0.717,92,-0.0783,0.4581,-0.0291,0.7831,0.9608,False,U2
genre,press_conf,will+keep,T3,vix,41,0.717,92,0.3539,0.0005,0.1015,0.3356,0.5642,False,U2
genre,press_conf,will+keep,H2,cfnai,14,0.744,43,-0.0287,0.8549,0.0116,0.941,0.9782,False,U2
genre,press_conf,will+keep,H2,vix,14,0.744,43,0.0342,0.8276,-0.0138,0.9301,0.9616,False,U2
genre,press_conf,will+know,T1,cfnai,60,0.613,80,-0.0693,0.5415,0.0895,0.4298,0.7671,False,U2
genre,press_conf,will+know,T1,vix,60,0.613,80,0.0967,0.3937,0.1423,0.2081,0.4163,False,U2
genre,press_conf,will+know,T2,cfnai,54,0.606,71,0.1653,0.1683,0.2275,0.0563,0.2573,False,U2
genre,press_conf,will+know,T2,vix,54,0.606,71,0.2524,0.0337,0.2531,0.0332,0.1428,False,U2
genre,press_conf,will+know,T3,cfnai,62,0.641,92,-0.0721,0.4945,0.0553,0.6004,0.9411,False,U2
genre,press_conf,will+know,T3,vix,62,0.641,92,0.0892,0.3979,0.1234,0.2414,0.4746,False,U2
genre,press_conf,will+know,H2,cfnai,45,0.465,43,0.0574,0.7146,0.1539,0.3245,0.7373,True,U2
genre,press_conf,will+know,H2,vix,45,0.465,43,0.2167,0.1627,0.1162,0.4579,0.7618,True,U2
genre,press_conf,will+look,T1,cfnai,149,0.263,80,-0.0143,0.8997,-0.1672,0.1382,0.5009,True,U2
genre,press_conf,will+look,T1,vix,149,0.263,80,-0.048,0.6727,-0.046,0.6854,0.8642,True,U2
genre,press_conf,will+look,T2,cfnai,141,0.225,71,-0.1628,0.175,-0.1538,0.2003,0.5431,True,U2
genre,press_conf,will+look,T2,vix,141,0.225,71,0.0591,0.6246,0.0661,0.5841,0.7445,True,U2
genre,press_conf,will+look,T3,cfnai,178,0.261,92,-0.0219,0.836,-0.1996,0.0564,0.3259,True,U2
genre,press_conf,will+look,T3,vix,178,0.261,92,-0.0952,0.3665,-0.0978,0.3537,0.5844,True,U2
genre,press_conf,will+look,H2,cfnai,90,0.233,43,-0.1829,0.2403,-0.1502,0.3363,0.7373,True,U2
genre,press_conf,will+look,H2,vix,90,0.233,43,0.031,0.8437,0.0022,0.9888,0.9888,True,U2
genre,press_conf,will+make,T1,cfnai,80,0.425,80,0.0517,0.6486,0.011,0.9225,0.9909,True,U2
genre,press_conf,will+make,T1,vix,80,0.425,80,0.1676,0.1373,0.1889,0.0934,0.258,True,U2
genre,press_conf,will+make,T2,cfnai,72,0.423,71,0.0134,0.9116,0.0265,0.8265,0.9106,True,U2
genre,press_conf,will+make,T2,vix,72,0.423,71,0.2818,0.0173,0.2741,0.0207,0.1044,True,U2
genre,press_conf,will+make,T3,cfnai,92,0.424,92,0.039,0.7121,0.0007,0.995,0.995,True,U2
genre,press_conf,will+make,T3,vix,92,0.424,92,0.1405,0.1815,0.1894,0.0705,0.2106,True,U2
genre,press_conf,will+make,H2,cfnai,58,0.326,43,0.016,0.9189,0.1087,0.4876,0.7829,True,U2
genre,press_conf,will+make,H2,vix,58,0.326,43,0.2322,0.134,0.3149,0.0397,0.3019,True,U2
genre,press_conf,will+move,T1,cfnai,70,0.512,80,0.0808,0.4763,0.0925,0.4143,0.7509,True,U2
genre,press_conf,will+move,T1,vix,70,0.512,80,-0.1609,0.1538,-0.1861,0.0984,0.2595,True,U2
genre,press_conf,will+move,T2,cfnai,66,0.479,71,0.0641,0.5954,0.1268,0.2922,0.6394,True,U2
genre,press_conf,will+move,T2,vix,66,0.479,71,-0.0471,0.6963,-0.06,0.6192,0.7723,True,U2
genre,press_conf,will+move,T3,cfnai,75,0.543,92,0.0781,0.4594,0.0903,0.3922,0.8688,True,U2
genre,press_conf,will+move,T3,vix,75,0.543,92,-0.1594,0.1291,-0.1963,0.0607,0.2014,True,U2
genre,press_conf,will+move,H2,cfnai,27,0.581,43,0.2405,0.1203,0.0743,0.6357,0.8784,False,U2
genre,press_conf,will+move,H2,vix,27,0.581,43,0.1447,0.3545,0.1324,0.3974,0.7618,False,U2
genre,press_conf,will+need,T1,cfnai,57,0.55,80,-0.2854,0.0103,-0.0224,0.8434,0.9886,True,U2
genre,press_conf,will+need,T1,vix,57,0.55,80,0.3286,0.0029,0.2714,0.0149,0.0785,True,U2
genre,press_conf,will+need,T2,cfnai,44,0.577,71,0.1152,0.3388,0.1354,0.2602,0.6211,True,U2
genre,press_conf,will+need,T2,vix,44,0.577,71,0.2847,0.0161,0.2352,0.0483,0.1821,True,U2
genre,press_conf,will+need,T3,cfnai,60,0.576,92,-0.2759,0.0078,0.0224,0.8322,0.9653,True,U2
genre,press_conf,will+need,T3,vix,60,0.576,92,0.2974,0.004,0.226,0.0303,0.1337,True,U2
genre,press_conf,will+need,H2,cfnai,31,0.512,43,0.1208,0.4402,0.1512,0.3332,0.7373,False,U2
genre,press_conf,will+need,H2,vix,31,0.512,43,0.2862,0.0628,0.2035,0.1905,0.6062,False,U2
genre,press_conf,will+remain,T1,cfnai,39,0.688,80,0.2333,0.0373,0.1968,0.0802,0.3262,False,U2
genre,press_conf,will+remain,T1,vix,39,0.688,80,-0.0175,0.8776,-0.0191,0.8667,0.97,False,U2
genre,press_conf,will+remain,T2,cfnai,31,0.69,71,0.208,0.0818,0.2446,0.0398,0.2101,False,U2
genre,press_conf,will+remain,T2,vix,31,0.69,71,0.0021,0.9859,0.0318,0.7923,0.8923,False,U2
genre,press_conf,will+remain,T3,cfnai,52,0.652,92,0.1809,0.0843,0.1189,0.2591,0.7332,False,U2
genre,press_conf,will+remain,T3,vix,52,0.652,92,-0.0721,0.4944,-0.0719,0.4958,0.7255,False,U2
genre,press_conf,will+remain,H2,cfnai,17,0.721,43,0.3018,0.0492,0.2448,0.1136,0.4465,False,U2
genre,press_conf,will+remain,H2,vix,17,0.721,43,-0.0255,0.8712,0.0777,0.6204,0.8524,False,U2
genre,press_conf,will+say,T1,cfnai,133,0.312,80,-0.0159,0.889,-0.0147,0.8969,0.9886,True,U2
genre,press_conf,will+say,T1,vix,133,0.312,80,0.0531,0.6399,0.1322,0.2423,0.4234,True,U2
genre,press_conf,will+say,T2,cfnai,116,0.338,71,0.1064,0.377,-0.0285,0.8136,0.9084,True,U2
genre,press_conf,will+say,T2,vix,116,0.338,71,0.0864,0.4736,0.1411,0.2404,0.4726,True,U2
genre,press_conf,will+say,T3,cfnai,137,0.359,92,-0.0167,0.8745,-0.0016,0.9881,0.995,True,U2
genre,press_conf,will+say,T3,vix,137,0.359,92,0.0746,0.4799,0.1578,0.1331,0.3152,True,U2
genre,press_conf,will+say,H2,cfnai,89,0.233,43,0.1542,0.3236,0.0601,0.702,0.9235,True,U2
genre,press_conf,will+say,H2,vix,89,0.233,43,-0.0262,0.8677,-0.0117,0.9406,0.9616,True,U2
genre,press_conf,will+see,T1,cfnai,182,0.2,80,-0.0138,0.9031,-0.0061,0.957,0.9912,True,U2
genre,press_conf,will+see,T1,vix,182,0.2,80,0.2308,0.0394,0.3229,0.0035,0.0288,True,U2
genre,press_conf,will+see,T2,cfnai,163,0.225,71,0.0696,0.5642,0.031,0.7975,0.9084,True,U2
genre,press_conf,will+see,T2,vix,163,0.225,71,0.2569,0.0306,0.3279,0.0053,0.0469,True,U2
genre,press_conf,will+see,T3,cfnai,200,0.217,92,-0.0138,0.8962,0.0041,0.9691,0.995,True,U2
genre,press_conf,will+see,T3,vix,200,0.217,92,0.183,0.0808,0.2363,0.0233,0.1194,True,U2
genre,press_conf,will+see,H2,cfnai,128,0.093,43,0.0202,0.8976,0.0258,0.8697,0.9759,True,U2
genre,press_conf,will+see,H2,vix,128,0.093,43,0.1634,0.295,0.303,0.0483,0.344,True,U2
genre,press_conf,will+take,T1,cfnai,158,0.2,80,0.0249,0.8265,-0.0672,0.5535,0.8808,True,U2
genre,press_conf,will+take,T1,vix,158,0.2,80,0.2313,0.039,0.2772,0.0128,0.0743,True,U2
genre,press_conf,will+take,T2,cfnai,137,0.211,71,-0.0483,0.6891,-0.1025,0.395,0.7383,True,U2
genre,press_conf,will+take,T2,vix,137,0.211,71,0.2563,0.0309,0.2837,0.0165,0.1044,True,U2
genre,press_conf,will+take,T3,cfnai,173,0.196,92,0.0249,0.8137,-0.0445,0.6735,0.9456,True,U2
genre,press_conf,will+take,T3,vix,173,0.196,92,0.2067,0.048,0.2484,0.0169,0.1012,True,U2
genre,press_conf,will+take,H2,cfnai,107,0.093,43,-0.0016,0.9918,-0.0428,0.7852,0.9235,True,U2
genre,press_conf,will+take,H2,vix,107,0.093,43,0.1863,0.2315,0.1402,0.3699,0.7378,True,U2
genre,press_conf,will+use,T1,cfnai,45,0.637,80,0.0178,0.8753,0.0942,0.4057,0.7509,False,U2
genre,press_conf,will+use,T1,vix,45,0.637,80,0.0099,0.9307,0.0083,0.9421,0.97,False,U2
genre,press_conf,will+use,T2,cfnai,36,0.662,71,0.1083,0.3686,0.1608,0.1805,0.5235,False,U2
genre,press_conf,will+use,T2,vix,36,0.662,71,0.011,0.9276,0.0001,0.9995,0.9995,False,U2
genre,press_conf,will+use,T3,cfnai,47,0.663,92,0.0154,0.8845,0.0945,0.3703,0.8688,False,U2
genre,press_conf,will+use,T3,vix,47,0.663,92,0.002,0.9847,-0.0175,0.8686,0.9384,False,U2
genre,press_conf,will+use,H2,cfnai,18,0.698,43,0.3822,0.0114,0.3943,0.0089,0.0779,False,U2
genre,press_conf,will+use,H2,vix,18,0.698,43,0.1613,0.3013,0.1556,0.3191,0.7378,False,U2
genre,press_conf,will+watch,T1,cfnai,54,0.575,80,0.0563,0.6197,0.047,0.6787,0.972,True,U2
genre,press_conf,will+watch,T1,vix,54,0.575,80,0.0293,0.7963,0.1005,0.3751,0.5684,True,U2
genre,press_conf,will+watch,T2,cfnai,51,0.563,71,0.0026,0.9831,0.0254,0.8333,0.9106,True,U2
genre,press_conf,will+watch,T2,vix,51,0.563,71,0.1274,0.2899,0.1586,0.1866,0.4202,True,U2
genre,press_conf,will+watch,T3,cfnai,56,0.62,92,0.0519,0.6231,0.058,0.5832,0.9411,False,U2
genre,press_conf,will+watch,T3,vix,56,0.62,92,0.0263,0.8037,0.0956,0.3644,0.5871,False,U2
genre,press_conf,will+watch,H2,cfnai,32,0.581,43,0.0472,0.7639,0.054,0.7308,0.9235,False,U2
genre,press_conf,will+watch,H2,vix,32,0.581,43,-0.0046,0.9768,0.0194,0.9019,0.9609,False,U2
genre,press_conf,would+be,T1,cfnai,105,0.388,80,0.1353,0.2316,0.1544,0.1714,0.568,True,U2
genre,press_conf,would+be,T1,vix,105,0.388,80,-0.0476,0.675,0.0117,0.9182,0.97,True,U2
genre,press_conf,would+be,T2,cfnai,95,0.38,71,0.0134,0.9119,0.0241,0.8419,0.9106,True,U2
genre,press_conf,would+be,T2,vix,95,0.38,71,-0.0214,0.8592,0.0044,0.9708,0.9793,True,U2
genre,press_conf,would+be,T3,cfnai,120,0.359,92,0.133,0.2064,0.14,0.1831,0.5893,True,U2
genre,press_conf,would+be,T3,vix,120,0.359,92,-0.0621,0.5567,-0.002,0.9846,0.9846,True,U2
genre,press_conf,would+be,H2,cfnai,73,0.279,43,-0.0091,0.9539,-0.0073,0.963,0.9827,True,U2
genre,press_conf,would+be,H2,vix,73,0.279,43,-0.2427,0.1168,-0.2812,0.0677,0.3848,True,U2
genre,press_conf,would+be+appropriate,T1,cfnai,44,0.637,80,0.0215,0.8497,-0.0704,0.5351,0.8808,False,U2
genre,press_conf,would+be+appropriate,T1,vix,44,0.637,80,-0.0878,0.4389,-0.1376,0.2236,0.419,False,U2
genre,press_conf,would+be+appropriate,T2,cfnai,41,0.634,71,-0.0873,0.4689,-0.0531,0.6604,0.8864,False,U2
genre,press_conf,would+be+appropriate,T2,vix,41,0.634,71,-0.0517,0.6686,-0.114,0.3439,0.5866,False,U2
genre,press_conf,would+be+appropriate,T3,cfnai,49,0.63,92,0.021,0.8424,-0.056,0.5963,0.9411,False,U2
genre,press_conf,would+be+appropriate,T3,vix,49,0.63,92,-0.0605,0.5668,-0.1203,0.2533,0.4898,False,U2
genre,press_conf,would+be+appropriate,H2,cfnai,23,0.674,43,-0.0391,0.8032,-0.0149,0.9246,0.9759,False,U2
genre,press_conf,would+be+appropriate,H2,vix,23,0.674,43,0.0832,0.5959,-0.0386,0.8057,0.9288,False,U2
genre,press_conf,would+be+what,T1,cfnai,40,0.6,80,0.0308,0.7862,-0.0259,0.8199,0.9886,True,U2
genre,press_conf,would+be+what,T1,vix,40,0.6,80,-0.0009,0.9939,0.0008,0.9942,0.9942,True,U2
genre,press_conf,would+be+what,T2,cfnai,35,0.62,71,-0.092,0.4452,-0.0464,0.7008,0.9084,False,U2
genre,press_conf,would+be+what,T2,vix,35,0.62,71,-0.0074,0.9509,-0.008,0.9475,0.9641,False,U2
genre,press_conf,would+be+what,T3,cfnai,46,0.609,92,0.0251,0.8123,-0.0335,0.7516,0.9581,False,U2
genre,press_conf,would+be+what,T3,vix,46,0.609,92,-0.0003,0.9974,0.0213,0.8404,0.9374,False,U2
genre,press_conf,would+be+what,H2,cfnai,19,0.651,43,-0.0548,0.727,0.0334,0.8317,0.9577,False,U2
genre,press_conf,would+be+what,H2,vix,19,0.651,43,0.0531,0.7353,0.039,0.8037,0.9288,False,U2
genre,press_conf,would+consider,T1,cfnai,42,0.637,80,0.02,0.8604,0.2996,0.0069,0.0893,False,U2
genre,press_conf,would+consider,T1,vix,42,0.637,80,0.1376,0.2234,-0.0119,0.9166,0.97,False,U2
genre,press_conf,would+consider,T2,cfnai,32,0.662,71,0.1774,0.1389,0.3381,0.0039,0.0747,False,U2
genre,press_conf,would+consider,T2,vix,32,0.662,71,-0.0054,0.9644,-0.1127,0.3494,0.5873,False,U2
genre,press_conf,would+consider,T3,cfnai,56,0.587,92,0.0198,0.8518,0.2485,0.0169,0.1784,True,U2
genre,press_conf,would+consider,T3,vix,56,0.587,92,0.1896,0.0702,0.0364,0.7303,0.8896,True,U2
genre,press_conf,would+consider,H2,cfnai,18,0.698,43,0.1461,0.3497,0.3106,0.0426,0.238,False,U2
genre,press_conf,would+consider,H2,vix,18,0.698,43,0.2812,0.0677,0.1784,0.2525,0.676,False,U2
genre,press_conf,would+do,T1,cfnai,57,0.5,80,-0.1169,0.3016,-0.0025,0.9826,0.9918,True,U2
genre,press_conf,would+do,T1,vix,57,0.5,80,-0.0225,0.8431,-0.0301,0.7911,0.9364,True,U2
genre,press_conf,would+do,T2,cfnai,50,0.507,71,-0.042,0.7282,-0.0325,0.788,0.9084,True,U2
genre,press_conf,would+do,T2,vix,50,0.507,71,-0.0057,0.9625,-0.0647,0.5918,0.7461,True,U2
genre,press_conf,would+do,T3,cfnai,68,0.467,92,-0.115,0.275,-0.0258,0.8069,0.9608,True,U2
genre,press_conf,would+do,T3,vix,68,0.467,92,-0.0392,0.7107,-0.0229,0.8283,0.9374,True,U2
genre,press_conf,would+do,H2,cfnai,35,0.488,43,0.028,0.8583,0.0783,0.6178,0.8723,False,U2
genre,press_conf,would+do,H2,vix,35,0.488,43,0.0175,0.9112,-0.0292,0.8524,0.9343,False,U2
genre,press_conf,would+expect,T1,cfnai,95,0.375,80,0.1886,0.0939,0.2472,0.0271,0.1909,True,U2
genre,press_conf,would+expect,T1,vix,95,0.375,80,0.0653,0.5648,0.0768,0.4983,0.6881,True,U2
genre,press_conf,would+expect,T2,cfnai,85,0.352,71,0.0483,0.6889,0.1165,0.3333,0.7023,True,U2
genre,press_conf,would+expect,T2,vix,85,0.352,71,0.1377,0.2522,0.1053,0.3823,0.6159,True,U2
genre,press_conf,would+expect,T3,cfnai,112,0.359,92,0.1812,0.0839,0.2393,0.0216,0.1927,True,U2
genre,press_conf,would+expect,T3,vix,112,0.359,92,0.014,0.8947,0.0217,0.8372,0.9374,True,U2
genre,press_conf,would+expect,H2,cfnai,50,0.372,43,0.0742,0.6363,0.1156,0.4603,0.7829,True,U2
genre,press_conf,would+expect,H2,vix,50,0.372,43,0.2809,0.0681,0.1885,0.226,0.644,True,U2
genre,press_conf,would+have,T1,cfnai,108,0.312,80,0.1644,0.145,0.2377,0.0337,0.206,True,U2
genre,press_conf,would+have,T1,vix,108,0.312,80,-0.0062,0.9564,-0.046,0.6851,0.8642,True,U2
genre,press_conf,would+have,T2,cfnai,95,0.31,71,0.1543,0.1988,0.2089,0.0804,0.333,True,U2
genre,press_conf,would+have,T2,vix,95,0.31,71,0.1124,0.3509,0.0122,0.9194,0.9608,True,U2
genre,press_conf,would+have,T3,cfnai,136,0.272,92,0.1536,0.1437,0.1984,0.058,0.3259,True,U2
genre,press_conf,would+have,T3,vix,136,0.272,92,-0.0317,0.7641,-0.0363,0.7315,0.8896,True,U2
genre,press_conf,would+have,H2,cfnai,62,0.326,43,0.1943,0.2119,0.2676,0.0827,0.3759,True,U2
genre,press_conf,would+have,H2,vix,62,0.326,43,0.0959,0.5409,-0.0407,0.7954,0.9288,True,U2
genre,press_conf,would+like,T1,cfnai,179,0.225,80,0.169,0.134,0.2475,0.0269,0.1909,True,U2
genre,press_conf,would+like,T1,vix,179,0.225,80,-0.1396,0.2167,-0.2049,0.0683,0.22,True,U2
genre,press_conf,would+like,T2,cfnai,166,0.225,71,0.1972,0.0993,0.2653,0.0254,0.1472,True,U2
genre,press_conf,would+like,T2,vix,166,0.225,71,-0.0633,0.6,-0.1667,0.1647,0.4202,True,U2
genre,press_conf,would+like,T3,cfnai,232,0.196,92,0.1507,0.1515,0.1757,0.0938,0.3887,True,U2
genre,press_conf,would+like,T3,vix,232,0.196,92,-0.0833,0.4298,-0.1481,0.1589,0.3414,True,U2
genre,press_conf,would+like,H2,cfnai,71,0.326,43,0.5974,0.0,0.5687,0.0001,0.0034,True,U2
genre,press_conf,would+like,H2,vix,71,0.326,43,0.2183,0.1596,0.1975,0.2042,0.6125,True,U2
genre,press_conf,would+look,T1,cfnai,109,0.412,80,0.1218,0.2817,0.0017,0.9878,0.9918,True,U2
genre,press_conf,would+look,T1,vix,109,0.412,80,0.0645,0.5697,0.0232,0.838,0.9624,True,U2
genre,press_conf,would+look,T2,cfnai,94,0.423,71,-0.091,0.4504,-0.091,0.4505,0.7459,True,U2
genre,press_conf,would+look,T2,vix,94,0.423,71,0.1084,0.3681,-0.0159,0.8956,0.9509,True,U2
genre,press_conf,would+look,T3,cfnai,112,0.457,92,0.1147,0.2764,-0.0097,0.9272,0.995,True,U2
genre,press_conf,would+look,T3,vix,112,0.457,92,0.0789,0.4549,0.041,0.6979,0.8709,True,U2
genre,press_conf,would+look,H2,cfnai,71,0.372,43,-0.1507,0.3346,-0.111,0.4787,0.7829,True,U2
genre,press_conf,would+look,H2,vix,71,0.372,43,0.0197,0.9004,-0.2021,0.1937,0.6062,True,U2
genre,press_conf,would+make,T1,cfnai,37,0.675,80,0.0521,0.6463,0.0355,0.7547,0.9886,False,U2
genre,press_conf,would+make,T1,vix,37,0.675,80,-0.0525,0.6437,-0.0086,0.9398,0.97,False,U2
genre,press_conf,would+make,T2,cfnai,37,0.634,71,0.0371,0.7589,0.0301,0.8033,0.9084,False,U2
genre,press_conf,would+make,T2,vix,37,0.634,71,0.0831,0.4907,0.0952,0.4299,0.6561,False,U2
genre,press_conf,would+make,T3,cfnai,45,0.652,92,0.0448,0.6714,0.0245,0.8165,0.9608,False,U2
genre,press_conf,would+make,T3,vix,45,0.652,92,-0.0048,0.9634,0.0489,0.6431,0.8478,False,U2
genre,press_conf,would+make,H2,cfnai,24,0.605,43,0.0917,0.5586,0.0926,0.5547,0.8213,False,U2
genre,press_conf,would+make,H2,vix,24,0.605,43,0.1516,0.332,0.1465,0.3484,0.7378,False,U2
genre,press_conf,would+need,T1,cfnai,57,0.562,80,0.0609,0.5917,-0.2681,0.0162,0.188,True,U2
genre,press_conf,would+need,T1,vix,57,0.562,80,-0.1989,0.077,-0.1295,0.2523,0.4303,True,U2
genre,press_conf,would+need,T2,cfnai,54,0.535,71,-0.341,0.0036,-0.3831,0.001,0.0283,True,U2
genre,press_conf,would+need,T2,vix,54,0.535,71,-0.1978,0.0983,-0.1038,0.389,0.6182,True,U2
genre,press_conf,would+need,T3,cfnai,63,0.576,92,0.0646,0.5407,-0.2006,0.0552,0.3259,True,U2
genre,press_conf,would+need,T3,vix,63,0.576,92,-0.2009,0.0549,-0.1295,0.2186,0.4449,True,U2
genre,press_conf,would+need,H2,cfnai,32,0.581,43,-0.3478,0.0223,-0.3847,0.0109,0.0839,False,U2
genre,press_conf,would+need,H2,vix,32,0.581,43,-0.3529,0.0203,-0.3197,0.0366,0.3008,False,U2
genre,press_conf,would+point,T1,cfnai,64,0.512,80,0.1148,0.3107,-0.0671,0.5543,0.8808,True,U2
genre,press_conf,would+point,T1,vix,64,0.512,80,0.0661,0.5601,-0.0143,0.8997,0.97,True,U2
genre,press_conf,would+point,T2,cfnai,54,0.521,71,-0.0602,0.6181,-0.0857,0.4771,0.7554,True,U2
genre,press_conf,would+point,T2,vix,54,0.521,71,-0.0872,0.4698,-0.0319,0.7916,0.8923,True,U2
genre,press_conf,would+point,T3,cfnai,67,0.543,92,0.1091,0.3003,-0.0482,0.6485,0.9456,True,U2
genre,press_conf,would+point,T3,vix,67,0.543,92,0.1011,0.3377,0.0335,0.7511,0.8982,True,U2
genre,press_conf,would+point,H2,cfnai,31,0.488,43,0.0018,0.9908,-0.0006,0.9971,0.9971,False,U2
genre,press_conf,would+point,H2,vix,31,0.488,43,-0.1556,0.3189,-0.1587,0.3094,0.7378,False,U2
genre,press_conf,would+say,T1,cfnai,688,0.0,80,-0.0217,0.8482,-0.1284,0.2564,0.6467,True,U2
genre,press_conf,would+say,T1,vix,688,0.0,80,0.153,0.1754,0.133,0.2396,0.4234,True,U2
genre,press_conf,would+say,T2,cfnai,591,0.0,71,-0.1282,0.2868,-0.1504,0.2105,0.555,True,U2
genre,press_conf,would+say,T2,vix,591,0.0,71,0.1141,0.3436,0.067,0.579,0.7445,True,U2
genre,press_conf,would+say,T3,cfnai,712,0.033,92,-0.0234,0.8251,-0.0899,0.3939,0.8688,True,U2
genre,press_conf,would+say,T3,vix,712,0.033,92,0.1416,0.1782,0.1143,0.2781,0.5203,True,U2
genre,press_conf,would+say,H2,cfnai,430,0.0,43,-0.1715,0.2715,-0.1454,0.3524,0.7579,True,U2
genre,press_conf,would+say,H2,vix,430,0.0,43,-0.0038,0.9808,-0.096,0.5401,0.821,True,U2
genre,press_conf,would+see,T1,cfnai,51,0.625,80,-0.0005,0.9965,0.031,0.7848,0.9886,False,U2
genre,press_conf,would+see,T1,vix,51,0.625,80,-0.0147,0.8973,0.0143,0.8998,0.97,False,U2
genre,press_conf,would+see,T2,cfnai,48,0.606,71,0.0833,0.49,0.0881,0.4652,0.7495,False,U2
genre,press_conf,would+see,T2,vix,48,0.606,71,-0.0288,0.8118,0.0404,0.7381,0.8737,False,U2
genre,press_conf,would+see,T3,cfnai,55,0.641,92,-0.0063,0.9521,-0.0251,0.8124,0.9608,False,U2
genre,press_conf,would+see,T3,vix,55,0.641,92,-0.0194,0.854,0.0056,0.958,0.9663,False,U2
genre,press_conf,would+see,H2,cfnai,25,0.605,43,0.1655,0.2888,0.1384,0.376,0.7702,False,U2
genre,press_conf,would+see,H2,vix,25,0.605,43,0.1256,0.4223,0.1001,0.5231,0.8059,False,U2
genre,press_conf,would+take,T1,cfnai,85,0.512,80,0.0035,0.9757,-0.2047,0.0685,0.3155,True,U2
genre,press_conf,would+take,T1,vix,85,0.512,80,-0.2806,0.0117,-0.2944,0.008,0.0549,True,U2
genre,press_conf,would+take,T2,cfnai,84,0.465,71,-0.2564,0.0309,-0.2333,0.0502,0.2534,True,U2
genre,press_conf,would+take,T2,vix,84,0.465,71,-0.1988,0.0964,-0.1989,0.0964,0.3022,True,U2
genre,press_conf,would+take,T3,cfnai,99,0.511,92,0.002,0.9852,-0.1846,0.0782,0.3594,True,U2
genre,press_conf,would+take,T3,vix,99,0.511,92,-0.2945,0.0044,-0.3168,0.0021,0.0303,True,U2
genre,press_conf,would+take,H2,cfnai,50,0.488,43,-0.3085,0.0441,-0.3089,0.0438,0.238,True,U2
genre,press_conf,would+take,H2,vix,50,0.488,43,-0.1783,0.2527,-0.1388,0.3747,0.7378,True,U2
genre,press_conf,would+think,T1,cfnai,63,0.525,80,-0.0191,0.8663,-0.0093,0.9348,0.9912,True,U2
genre,press_conf,would+think,T1,vix,63,0.525,80,0.1379,0.2226,0.1905,0.0905,0.2561,True,U2
genre,press_conf,would+think,T2,cfnai,55,0.549,71,0.1079,0.3703,0.038,0.7529,0.9084,True,U2
genre,press_conf,would+think,T2,vix,55,0.549,71,0.2304,0.0533,0.2309,0.0528,0.1854,True,U2
genre,press_conf,would+think,T3,cfnai,65,0.565,92,-0.0195,0.8534,-0.0123,0.9073,0.992,True,U2
genre,press_conf,would+think,T3,vix,65,0.565,92,0.1324,0.2083,0.1777,0.0902,0.2491,True,U2
genre,press_conf,would+think,H2,cfnai,46,0.419,43,0.1192,0.4464,0.0857,0.5846,0.8436,True,U2
genre,press_conf,would+think,H2,vix,46,0.419,43,0.11,0.4825,0.1076,0.4922,0.7903,True,U2
genre,press_conf,would+want,T1,cfnai,118,0.312,80,-0.1643,0.1454,-0.0368,0.7456,0.9886,True,U2
genre,press_conf,would+want,T1,vix,118,0.312,80,0.0156,0.8908,0.0366,0.747,0.9121,True,U2
genre,press_conf,would+want,T2,cfnai,106,0.296,71,-0.0376,0.7554,-0.0109,0.9281,0.9361,True,U2
genre,press_conf,would+want,T2,vix,106,0.296,71,0.0145,0.9043,0.0104,0.9312,0.9641,True,U2
genre,press_conf,would+want,T3,cfnai,121,0.37,92,-0.1606,0.1262,-0.0269,0.7988,0.9608,True,U2
genre,press_conf,would+want,T3,vix,121,0.37,92,0.0234,0.8245,0.0419,0.6916,0.8709,True,U2
genre,press_conf,would+want,H2,cfnai,66,0.209,43,0.003,0.9849,-0.0263,0.8673,0.9759,True,U2
genre,press_conf,would+want,H2,vix,66,0.209,43,-0.1014,0.5176,-0.1041,0.5066,0.8021,True,U2
genre,speech,can+help,T1,cfnai,22,0.863,124,0.0546,0.5469,0.1273,0.1588,0.5417,False,U2
genre,speech,can+help,T1,vix,22,0.863,124,-0.0405,0.6553,-0.1435,0.1117,0.27,False,U2
genre,speech,can+help,T2,cfnai,22,0.856,118,0.0992,0.2851,0.1149,0.2154,0.5553,False,U2
genre,speech,can+help,T2,vix,22,0.856,118,0.0105,0.9099,-0.1226,0.1861,0.4202,False,U2
genre,speech,can+help,T3,cfnai,40,0.828,174,0.0373,0.6255,0.0174,0.82,0.9608,False,U2
genre,speech,can+help,T3,vix,40,0.828,174,-0.0117,0.8781,-0.0449,0.5566,0.771,False,U2
genre,speech,can+help,H1,cfnai,19,0.808,73,0.0517,0.664,0.0969,0.4145,0.7663,False,U2
genre,speech,can+help,H1,vix,19,0.808,73,0.1374,0.2464,-0.076,0.5227,0.836,False,U2
genre,speech,can+help,H2,cfnai,3,0.933,45,0.3207,0.0317,0.1252,0.4126,0.7702,False,U2
genre,speech,can+help,H2,vix,3,0.933,45,0.1566,0.3043,0.1147,0.4531,0.7618,False,U2
genre,speech,will+continue,T1,cfnai,77,0.621,124,0.0248,0.7843,-0.0052,0.9539,0.9912,False,U2
genre,speech,will+continue,T1,vix,77,0.621,124,0.0421,0.6423,-0.0063,0.9446,0.97,False,U2
genre,speech,will+continue,T2,cfnai,74,0.627,118,0.0084,0.9277,0.0255,0.7844,0.9084,False,U2
genre,speech,will+continue,T2,vix,74,0.627,118,-0.0017,0.9856,-0.0252,0.7863,0.8923,False,U2
genre,speech,will+continue,T3,cfnai,112,0.621,174,0.0167,0.8266,-0.0319,0.6758,0.9456,False,U2
genre,speech,will+continue,T3,vix,112,0.621,174,0.0542,0.4778,0.0135,0.8599,0.9384,False,U2
genre,speech,will+continue,H1,cfnai,47,0.616,73,0.1429,0.2277,0.0965,0.4165,0.7663,False,U2
genre,speech,will+continue,H1,vix,47,0.616,73,-0.0314,0.7919,0.038,0.7498,0.8435,False,U2
genre,speech,will+continue,H2,cfnai,27,0.644,45,-0.1042,0.4959,-0.0878,0.5663,0.8276,False,U2
genre,speech,will+continue,H2,vix,27,0.644,45,-0.0845,0.5809,-0.1378,0.3668,0.7378,False,U2
genre,speech,will+discuss,T1,cfnai,55,0.694,124,-0.0202,0.8238,-0.0161,0.8592,0.9886,False,U2
genre,speech,will+discuss,T1,vix,55,0.694,124,-0.0025,0.978,-0.08,0.3773,0.5684,False,U2
genre,speech,will+discuss,T2,cfnai,53,0.695,118,-0.0862,0.3535,0.0109,0.9066,0.9361,False,U2
genre,speech,will+discuss,T2,vix,53,0.695,118,0.0182,0.8449,-0.0928,0.3178,0.5586,False,U2
genre,speech,will+discuss,T3,cfnai,89,0.644,174,-0.0182,0.8116,-0.0632,0.4071,0.8688,False,U2
genre,speech,will+discuss,T3,vix,89,0.644,174,0.0707,0.3541,0.0188,0.805,0.9374,False,U2
genre,speech,will+discuss,H1,cfnai,41,0.658,73,-0.201,0.0882,-0.1229,0.3001,0.7046,False,U2
genre,speech,will+discuss,H1,vix,41,0.658,73,-0.012,0.9197,-0.1212,0.3071,0.8017,False,U2
genre,speech,will+discuss,H2,cfnai,12,0.756,45,-0.0292,0.8491,0.1243,0.4161,0.7702,False,U2
genre,speech,will+discuss,H2,vix,12,0.756,45,-0.0297,0.8466,0.0193,0.8998,0.9609,False,U2
genre,speech,will+need,T1,cfnai,36,0.831,124,-0.036,0.6911,-0.1652,0.0667,0.3155,False,U2
genre,speech,will+need,T1,vix,36,0.831,124,-0.0089,0.9215,-0.1053,0.2443,0.4234,False,U2
genre,speech,will+need,T2,cfnai,34,0.831,118,-0.113,0.2231,-0.1596,0.0844,0.3375,False,U2
genre,speech,will+need,T2,vix,34,0.831,118,-0.0482,0.6039,-0.1237,0.1821,0.4202,False,U2
genre,speech,will+need,T3,cfnai,51,0.805,174,-0.0365,0.6328,-0.1106,0.1461,0.5158,False,U2
genre,speech,will+need,T3,vix,51,0.805,174,-0.0157,0.8372,-0.0257,0.7362,0.8896,False,U2
genre,speech,will+need,H1,cfnai,26,0.795,73,-0.1441,0.2238,-0.1728,0.1438,0.5008,False,U2
genre,speech,will+need,H1,vix,26,0.795,73,-0.0188,0.8742,-0.0865,0.4666,0.836,False,U2
genre,speech,will+need,H2,cfnai,8,0.889,45,-0.1334,0.3822,-0.164,0.2817,0.7299,False,U2
genre,speech,will+need,H2,vix,8,0.889,45,-0.0061,0.9683,-0.0043,0.9774,0.986,False,U2
genre,speech,would+like,T1,cfnai,54,0.677,124,0.0765,0.3987,0.1066,0.2389,0.6246,False,U2
genre,speech,would+like,T1,vix,54,0.677,124,-0.1666,0.0644,-0.2681,0.0026,0.0252,False,U2
genre,speech,would+like,T2,cfnai,54,0.661,118,0.1106,0.2332,0.0796,0.3914,0.7383,False,U2
genre,speech,would+like,T2,vix,54,0.661,118,-0.1409,0.128,-0.232,0.0115,0.0887,False,U2
genre,speech,would+like,T3,cfnai,84,0.649,174,0.0592,0.4375,0.0653,0.3917,0.8688,False,U2
genre,speech,would+like,T3,vix,84,0.649,174,-0.0413,0.5886,-0.1459,0.0547,0.1982,False,U2
genre,speech,would+like,H1,cfnai,47,0.534,73,-0.0346,0.7715,-0.0689,0.5624,0.7992,True,U2
genre,speech,would+like,H1,vix,47,0.534,73,-0.1246,0.2937,-0.1717,0.1463,0.6114,True,U2
genre,speech,would+like,H2,cfnai,7,0.867,45,0.2884,0.0547,0.3125,0.0366,0.2196,False,U2
genre,speech,would+like,H2,vix,7,0.867,45,-0.0099,0.9486,-0.0129,0.9328,0.9616,False,U2
genre,statement,could+impede,T1,cfnai,46,0.545,101,0.1376,0.17,-0.0928,0.3561,0.7509,True,U2
genre,statement,could+impede,T1,vix,46,0.545,101,0.1984,0.0467,0.3386,0.0005,0.0103,True,U2
genre,statement,could+impede,T2,cfnai,43,0.527,91,-0.0651,0.5398,-0.1997,0.0577,0.2573,True,U2
genre,statement,could+impede,T2,vix,43,0.527,91,0.4755,0.0,0.4503,0.0,0.0003,True,U2
genre,statement,could+impede,T3,cfnai,46,0.654,133,0.123,0.1585,-0.0309,0.7242,0.9456,False,U2
genre,statement,could+impede,T3,vix,46,0.654,133,0.1312,0.1323,0.2335,0.0068,0.0528,False,U2
genre,statement,could+impede,H1,cfnai,0,1.0,48,,,,,,False,U2
genre,statement,could+impede,H1,vix,0,1.0,48,,,,,,False,U2
genre,statement,could+impede,H2,cfnai,43,0.0,43,-0.6231,0.0,-0.5067,0.0005,0.0098,True,U2
genre,statement,could+impede,H2,vix,43,0.0,43,-0.0262,0.8675,-0.1202,0.4427,0.7618,True,U2
genre,statement,will+assess,T1,cfnai,72,0.287,101,-0.2368,0.0171,-0.3526,0.0003,0.0087,True,U2
genre,statement,will+assess,T1,vix,72,0.287,101,-0.2375,0.0168,-0.2792,0.0047,0.034,True,U2
genre,statement,will+assess,T2,cfnai,66,0.275,91,-0.3883,0.0001,-0.2924,0.0049,0.0747,True,U2
genre,statement,will+assess,T2,vix,66,0.275,91,-0.3245,0.0017,-0.2463,0.0186,0.1044,True,U2
genre,statement,will+assess,T3,cfnai,74,0.444,133,-0.2016,0.02,-0.2492,0.0038,0.0737,True,U2
genre,statement,will+assess,T3,vix,74,0.444,133,-0.2338,0.0068,-0.3294,0.0001,0.0021,True,U2
genre,statement,will+assess,H1,cfnai,47,0.021,48,-0.0938,0.5259,-0.0015,0.9921,0.9921,True,U2
genre,statement,will+assess,H1,vix,47,0.021,48,0.0992,0.5022,-0.057,0.7001,0.8402,True,U2
genre,statement,will+assess,H2,cfnai,19,0.558,43,-0.4965,0.0007,-0.4461,0.0027,0.031,False,U2
genre,statement,will+assess,H2,vix,19,0.558,43,-0.3307,0.0303,-0.2984,0.052,0.3485,False,U2
genre,statement,will+be+appropriate,T1,cfnai,47,0.614,101,0.2743,0.0055,0.3687,0.0001,0.0057,False,U2
genre,statement,will+be+appropriate,T1,vix,47,0.614,101,0.1549,0.1218,0.2091,0.0358,0.1484,False,U2
genre,statement,will+be+appropriate,T2,cfnai,43,0.604,91,0.3238,0.0017,0.2909,0.0052,0.0747,False,U2
genre,statement,will+be+appropriate,T2,vix,43,0.604,91,0.3315,0.0013,0.2526,0.0157,0.1044,False,U2
genre,statement,will+be+appropriate,T3,cfnai,58,0.639,133,0.2506,0.0036,0.3145,0.0002,0.0088,False,U2
genre,statement,will+be+appropriate,T3,vix,58,0.639,133,0.0426,0.6261,0.0374,0.669,0.8622,False,U2
genre,statement,will+be+appropriate,H1,cfnai,19,0.708,48,0.1208,0.4136,0.119,0.4205,0.7663,False,U2
genre,statement,will+be+appropriate,H1,vix,19,0.708,48,0.0594,0.6883,0.0656,0.6576,0.836,False,U2
genre,statement,will+be+appropriate,H2,cfnai,24,0.488,43,0.4225,0.0048,0.3605,0.0176,0.1179,False,U2
genre,statement,will+be+appropriate,H2,vix,24,0.488,43,0.2928,0.0567,0.2334,0.132,0.5189,False,U2
genre,statement,will+continue,T1,cfnai,125,0.327,101,-0.0656,0.5143,-0.1553,0.1209,0.4676,True,U2
genre,statement,will+continue,T1,vix,125,0.327,101,0.3508,0.0003,0.4056,0.0,0.0015,True,U2
genre,statement,will+continue,T2,cfnai,105,0.352,91,-0.0712,0.5026,-0.1732,0.1006,0.385,True,U2
genre,statement,will+continue,T2,vix,105,0.352,91,0.3408,0.0009,0.3898,0.0001,0.0021,True,U2
genre,statement,will+continue,T3,cfnai,166,0.286,133,-0.0672,0.4422,-0.154,0.0768,0.3594,True,U2
genre,statement,will+continue,T3,vix,166,0.286,133,0.3248,0.0001,0.3567,0.0,0.0009,True,U2
genre,statement,will+continue,H1,cfnai,20,0.667,48,-0.2237,0.1265,-0.1981,0.1771,0.5312,False,U2
genre,statement,will+continue,H1,vix,20,0.667,48,0.0943,0.5236,0.0902,0.5418,0.836,False,U2
genre,statement,will+continue,H2,cfnai,85,0.0,43,-0.2032,0.1913,-0.2263,0.1446,0.4995,True,U2
genre,statement,will+continue,H2,vix,85,0.0,43,-0.3418,0.0249,-0.3477,0.0223,0.2777,True,U2
genre,statement,will+monitor,T1,cfnai,32,0.683,101,-0.276,0.0052,-0.056,0.5782,0.8877,False,U2
genre,statement,will+monitor,T1,vix,32,0.683,101,-0.1588,0.1127,-0.2923,0.003,0.0269,False,U2
genre,statement,will+monitor,T2,cfnai,29,0.681,91,-0.0327,0.7586,0.048,0.6514,0.8864,False,U2
genre,statement,will+monitor,T2,vix,29,0.681,91,-0.3485,0.0007,-0.4053,0.0001,0.0016,False,U2
genre,statement,will+monitor,T3,cfnai,45,0.662,133,-0.259,0.0026,-0.1119,0.1997,0.6097,False,U2
genre,statement,will+monitor,T3,vix,45,0.662,133,-0.2342,0.0067,-0.3494,0.0,0.0009,False,U2
genre,statement,will+monitor,H1,cfnai,27,0.438,48,0.0553,0.7088,0.1036,0.4835,0.7663,False,U2
genre,statement,will+monitor,H1,vix,27,0.438,48,-0.2856,0.0491,-0.3572,0.0127,0.3426,False,U2
genre,statement,will+monitor,H2,cfnai,2,0.953,43,-0.0914,0.56,-0.0735,0.6396,0.8784,False,U2
genre,statement,will+monitor,H2,vix,2,0.953,43,0.0104,0.947,0.0505,0.7478,0.9167,False,U2
genre,statement,will+take,T1,cfnai,123,0.02,101,-0.0443,0.6604,-0.2303,0.0205,0.1909,True,U2
genre,statement,will+take,T1,vix,123,0.02,101,-0.1019,0.3108,0.0547,0.5869,0.7825,True,U2
genre,statement,will+take,T2,cfnai,115,0.0,91,-0.2738,0.0086,-0.2461,0.0187,0.1356,True,U2
genre,statement,will+take,T2,vix,115,0.0,91,0.1964,0.062,0.2319,0.0269,0.1227,True,U2
genre,statement,will+take,T3,cfnai,136,0.173,133,-0.0418,0.633,-0.1267,0.1461,0.5158,True,U2
genre,statement,will+take,T3,vix,136,0.173,133,-0.1911,0.0275,-0.1434,0.0996,0.2575,True,U2
genre,statement,will+take,H1,cfnai,62,0.0,48,-0.0129,0.9304,0.0656,0.6577,0.8087,True,U2
genre,statement,will+take,H1,vix,62,0.0,48,0.276,0.0576,0.2194,0.134,0.6114,True,U2
genre,statement,will+take,H2,cfnai,53,0.0,43,-0.4164,0.0055,-0.502,0.0006,0.0098,True,U2
genre,statement,will+take,H2,vix,53,0.0,43,-0.1016,0.5167,-0.1266,0.4186,0.7618,True,U2
genre,statement,would+be+prepared,T1,cfnai,46,0.545,101,0.1376,0.17,-0.0928,0.3561,0.7509,True,U2
genre,statement,would+be+prepared,T1,vix,46,0.545,101,0.1984,0.0467,0.3386,0.0005,0.0103,True,U2
genre,statement,would+be+prepared,T2,cfnai,43,0.527,91,-0.0651,0.5398,-0.1997,0.0577,0.2573,True,U2
genre,statement,would+be+prepared,T2,vix,43,0.527,91,0.4755,0.0,0.4503,0.0,0.0003,True,U2
genre,statement,would+be+prepared,T3,cfnai,46,0.654,133,0.123,0.1585,-0.0309,0.7242,0.9456,False,U2
genre,statement,would+be+prepared,T3,vix,46,0.654,133,0.1312,0.1323,0.2335,0.0068,0.0528,False,U2
genre,statement,would+be+prepared,H1,cfnai,0,1.0,48,,,,,,False,U2
genre,statement,would+be+prepared,H1,vix,0,1.0,48,,,,,,False,U2
genre,statement,would+be+prepared,H2,cfnai,43,0.0,43,-0.6231,0.0,-0.5067,0.0005,0.0098,True,U2
genre,statement,would+be+prepared,H2,vix,43,0.0,43,-0.0262,0.8675,-0.1202,0.4427,0.7618,True,U2
layer,min_boilerplate,may+be+appropriate,T1,cfnai,1,0.99,99,0.0036,0.9718,0.0141,0.8895,0.9525,False,U2
layer,min_boilerplate,may+be+appropriate,T1,vix,1,0.99,99,-0.0415,0.6836,-0.0212,0.8349,0.9177,False,U2
layer,min_boilerplate,may+be+appropriate,T2,cfnai,1,0.989,91,-0.0143,0.8932,0.012,0.9098,0.959,False,U2
layer,min_boilerplate,may+be+appropriate,T2,vix,1,0.989,91,-0.0342,0.7476,-0.012,0.9098,0.962,False,U2
layer,min_boilerplate,may+be+appropriate,T3,cfnai,1,0.992,130,0.0033,0.9704,0.0176,0.8424,0.9569,False,U2
layer,min_boilerplate,may+be+appropriate,T3,vix,1,0.992,130,-0.0417,0.6379,-0.034,0.7008,0.8552,False,U2
layer,min_boilerplate,may+be+appropriate,H1,cfnai,1,0.979,48,-0.0193,0.8962,-0.0053,0.9717,0.9717,False,U2
layer,min_boilerplate,may+be+appropriate,H1,vix,1,0.979,48,0.027,0.8556,0.1,0.4988,0.8251,False,U2
layer,min_boilerplate,may+be+appropriate,H2,cfnai,0,1.0,43,,,,,,False,U2
layer,min_boilerplate,may+be+appropriate,H2,vix,0,1.0,43,,,,,,False,U2
layer,min_boilerplate,would+be+appropriate,T1,cfnai,9,0.909,99,0.0346,0.7335,0.1504,0.1372,0.4369,False,U2
layer,min_boilerplate,would+be+appropriate,T1,vix,9,0.909,99,-0.0752,0.4593,-0.0288,0.7771,0.8789,False,U2
layer,min_boilerplate,would+be+appropriate,T2,cfnai,9,0.901,91,0.0825,0.437,0.1642,0.1199,0.3598,False,U2
layer,min_boilerplate,would+be+appropriate,T2,vix,9,0.901,91,-0.043,0.6859,0.0058,0.9563,0.9893,False,U2
layer,min_boilerplate,would+be+appropriate,T3,cfnai,11,0.915,130,0.0312,0.7245,0.1187,0.1785,0.5458,False,U2
layer,min_boilerplate,would+be+appropriate,T3,vix,11,0.915,130,-0.0809,0.3602,-0.0417,0.638,0.846,False,U2
layer,min_boilerplate,would+be+appropriate,H1,cfnai,7,0.854,48,-0.068,0.6459,0.0554,0.7085,0.8565,False,U2
layer,min_boilerplate,would+be+appropriate,H1,vix,7,0.854,48,0.0196,0.8951,0.0281,0.8496,0.9027,False,U2
layer,min_boilerplate,would+be+appropriate,H2,cfnai,2,0.953,43,0.419,0.0052,0.3296,0.0309,0.149,False,U2
layer,min_boilerplate,would+be+appropriate,H2,vix,2,0.953,43,0.1294,0.4083,0.1792,0.2503,0.6383,False,U2
layer,min_committee,could+impede,T1,cfnai,46,0.535,99,0.1034,0.3085,-0.1051,0.3003,0.658,True,U2
layer,min_committee,could+impede,T1,vix,46,0.535,99,0.2618,0.0088,0.3796,0.0001,0.0016,True,U2
layer,min_committee,could+impede,T2,cfnai,43,0.527,91,-0.1294,0.2215,-0.2108,0.0449,0.2567,True,U2
layer,min_committee,could+impede,T2,vix,43,0.527,91,0.4514,0.0,0.4601,0.0,0.0001,True,U2
layer,min_committee,could+impede,T3,cfnai,46,0.649,131,0.092,0.2962,-0.0375,0.6704,0.9569,False,U2
layer,min_committee,could+impede,T3,vix,46,0.649,131,0.1643,0.0608,0.2578,0.003,0.0257,False,U2
layer,min_committee,could+impede,H1,cfnai,0,1.0,48,,,,,,False,U2
layer,min_committee,could+impede,H1,vix,0,1.0,48,,,,,,False,U2
layer,min_committee,could+impede,H2,cfnai,43,0.0,43,-0.6488,0.0,-0.5441,0.0002,0.0052,True,U2
layer,min_committee,could+impede,H2,vix,43,0.0,43,-0.0669,0.67,-0.0994,0.526,0.8448,True,U2
layer,min_committee,may+be+appropriate,T1,cfnai,13,0.889,99,-0.0217,0.8314,-0.2225,0.0269,0.2036,False,U2
layer,min_committee,may+be+appropriate,T1,vix,13,0.889,99,-0.1071,0.2915,-0.0919,0.3658,0.5901,False,U2
layer,min_committee,may+be+appropriate,T2,cfnai,13,0.879,91,-0.216,0.0397,-0.2529,0.0156,0.1434,False,U2
layer,min_committee,may+be+appropriate,T2,vix,13,0.879,91,-0.0718,0.4989,-0.0584,0.5824,0.7941,False,U2
layer,min_committee,may+be+appropriate,T3,cfnai,14,0.908,131,-0.0173,0.8443,-0.1666,0.0571,0.3031,False,U2
layer,min_committee,may+be+appropriate,T3,vix,14,0.908,131,-0.0874,0.3211,-0.0781,0.3754,0.6106,False,U2
layer,min_committee,may+be+appropriate,H1,cfnai,4,0.938,48,-0.1782,0.2256,-0.2244,0.1251,0.4843,False,U2
layer,min_committee,may+be+appropriate,H1,vix,4,0.938,48,0.1094,0.4592,0.0698,0.6371,0.8251,False,U2
layer,min_committee,may+be+appropriate,H2,cfnai,9,0.814,43,-0.2482,0.1085,-0.2487,0.1078,0.3264,False,U2
layer,min_committee,may+be+appropriate,H2,vix,9,0.814,43,-0.3462,0.023,-0.3781,0.0124,0.3289,False,U2
layer,min_committee,will+be+appropriate,T1,cfnai,7,0.929,99,0.1321,0.1923,-0.0124,0.9034,0.9571,False,U2
layer,min_committee,will+be+appropriate,T1,vix,7,0.929,99,-0.1102,0.2775,-0.1022,0.3139,0.5524,False,U2
layer,min_committee,will+be+appropriate,T2,cfnai,6,0.934,91,-0.1036,0.3287,-0.0992,0.3495,0.6622,False,U2
layer,min_committee,will+be+appropriate,T2,vix,6,0.934,91,-0.1634,0.1217,-0.1549,0.1425,0.3607,False,U2
layer,min_committee,will+be+appropriate,T3,cfnai,11,0.916,131,0.0986,0.2624,-0.0544,0.5373,0.898,False,U2
layer,min_committee,will+be+appropriate,T3,vix,11,0.916,131,-0.1515,0.084,-0.1646,0.0603,0.2373,False,U2
layer,min_committee,will+be+appropriate,H1,cfnai,5,0.896,48,-0.1503,0.3079,-0.1707,0.2459,0.6968,False,U2
layer,min_committee,will+be+appropriate,H1,vix,5,0.896,48,-0.0515,0.7279,0.0557,0.707,0.8251,False,U2
layer,min_committee,will+be+appropriate,H2,cfnai,1,0.977,43,-0.0702,0.6545,-0.0435,0.7816,0.9104,False,U2
layer,min_committee,will+be+appropriate,H2,vix,1,0.977,43,-0.205,0.1874,-0.2362,0.1272,0.4994,False,U2
layer,min_committee,would+assess,T1,cfnai,49,0.515,99,-0.2767,0.0056,-0.4907,0.0,0.0,True,U2
layer,min_committee,would+assess,T1,vix,49,0.515,99,-0.0105,0.9181,-0.0446,0.6608,0.8159,True,U2
layer,min_committee,would+assess,T2,cfnai,44,0.527,91,-0.414,0.0,-0.4299,0.0,0.0008,True,U2
layer,min_committee,would+assess,T2,vix,44,0.527,91,-0.0977,0.3568,-0.0816,0.442,0.6713,True,U2
layer,min_committee,would+assess,T3,cfnai,50,0.626,131,-0.2566,0.0031,-0.3915,0.0,0.0002,False,U2
layer,min_committee,would+assess,T3,vix,50,0.626,131,-0.0601,0.4952,-0.137,0.1186,0.3911,False,U2
layer,min_committee,would+assess,H1,cfnai,24,0.521,48,-0.3854,0.0068,-0.3789,0.0079,0.1345,False,U2
layer,min_committee,would+assess,H1,vix,24,0.521,48,-0.1363,0.3555,-0.0697,0.6379,0.8251,False,U2
layer,min_committee,would+assess,H2,cfnai,20,0.535,43,-0.4544,0.0022,-0.3939,0.009,0.0559,False,U2
layer,min_committee,would+assess,H2,vix,20,0.535,43,-0.3028,0.0484,-0.2535,0.1009,0.4917,False,U2
layer,min_committee,would+be+appropriate,T1,cfnai,63,0.545,99,0.1601,0.1135,0.4065,0.0,0.0009,True,U2
layer,min_committee,would+be+appropriate,T1,vix,63,0.545,99,0.3883,0.0001,0.3728,0.0001,0.0018,True,U2
layer,min_committee,would+be+appropriate,T2,cfnai,52,0.56,91,0.4468,0.0,0.3914,0.0001,0.003,True,U2
layer,min_committee,would+be+appropriate,T2,vix,52,0.56,91,0.4488,0.0,0.3335,0.0012,0.0106,True,U2
layer,min_committee,would+be+appropriate,T3,cfnai,84,0.534,131,0.1471,0.0935,0.3998,0.0,0.0001,True,U2
layer,min_committee,would+be+appropriate,T3,vix,84,0.534,131,0.273,0.0016,0.2893,0.0008,0.0098,True,U2
layer,min_committee,would+be+appropriate,H1,cfnai,19,0.625,48,0.2389,0.1019,0.22,0.1329,0.4843,False,U2
layer,min_committee,would+be+appropriate,H1,vix,19,0.625,48,0.1877,0.2013,0.148,0.3154,0.8251,False,U2
layer,min_committee,would+be+appropriate,H2,cfnai,33,0.488,43,0.5388,0.0002,0.5383,0.0002,0.0052,False,U2
layer,min_committee,would+be+appropriate,H2,vix,33,0.488,43,0.4068,0.0068,0.3803,0.0119,0.3289,False,U2
layer,min_committee,would+be+prepared,T1,cfnai,46,0.535,99,0.1034,0.3085,-0.1051,0.3003,0.658,True,U2
layer,min_committee,would+be+prepared,T1,vix,46,0.535,99,0.2618,0.0088,0.3796,0.0001,0.0016,True,U2
layer,min_committee,would+be+prepared,T2,cfnai,43,0.527,91,-0.1294,0.2215,-0.2108,0.0449,0.2567,True,U2
layer,min_committee,would+be+prepared,T2,vix,43,0.527,91,0.4514,0.0,0.4601,0.0,0.0001,True,U2
layer,min_committee,would+be+prepared,T3,cfnai,46,0.649,131,0.092,0.2962,-0.0375,0.6704,0.9569,False,U2
layer,min_committee,would+be+prepared,T3,vix,46,0.649,131,0.1643,0.0608,0.2578,0.003,0.0257,False,U2
layer,min_committee,would+be+prepared,H1,cfnai,0,1.0,48,,,,,,False,U2
layer,min_committee,would+be+prepared,H1,vix,0,1.0,48,,,,,,False,U2
layer,min_committee,would+be+prepared,H2,cfnai,43,0.0,43,-0.6488,0.0,-0.5441,0.0002,0.0052,True,U2
layer,min_committee,would+be+prepared,H2,vix,43,0.0,43,-0.0669,0.67,-0.0994,0.526,0.8448,True,U2
layer,min_committee,would+continue,T1,cfnai,109,0.222,99,-0.1638,0.1052,-0.1054,0.2993,0.658,True,U2
layer,min_committee,would+continue,T1,vix,109,0.222,99,0.4664,0.0,0.4996,0.0,0.0,True,U2
layer,min_committee,would+continue,T2,cfnai,96,0.231,91,0.0249,0.8147,-0.1103,0.2979,0.5879,True,U2
layer,min_committee,would+continue,T2,vix,96,0.231,91,0.414,0.0,0.4505,0.0,0.0001,True,U2
layer,min_committee,would+continue,T3,cfnai,119,0.336,131,-0.1483,0.0909,-0.085,0.3342,0.7551,True,U2
layer,min_committee,would+continue,T3,vix,119,0.336,131,0.3225,0.0002,0.3216,0.0002,0.0027,True,U2
layer,min_committee,would+continue,H1,cfnai,32,0.438,48,-0.1545,0.2943,-0.1419,0.3359,0.7413,False,U2
layer,min_committee,would+continue,H1,vix,32,0.438,48,0.076,0.6078,0.0547,0.7119,0.8251,False,U2
layer,min_committee,would+continue,H2,cfnai,64,0.0,43,0.055,0.7262,-0.0283,0.8569,0.947,True,U2
layer,min_committee,would+continue,H2,vix,64,0.0,43,0.0814,0.604,0.0799,0.6106,0.8773,True,U2
layer,min_committee,would+depend,T1,cfnai,51,0.586,99,0.1246,0.219,0.4268,0.0,0.0004,True,U2
layer,min_committee,would+depend,T1,vix,51,0.586,99,-0.2331,0.0203,-0.2523,0.0118,0.0529,True,U2
layer,min_committee,would+depend,T2,cfnai,46,0.593,91,0.3124,0.0026,0.4025,0.0001,0.0023,True,U2
layer,min_committee,would+depend,T2,vix,46,0.593,91,-0.3354,0.0012,-0.3461,0.0008,0.0072,True,U2
layer,min_committee,would+depend,T3,cfnai,56,0.656,131,0.1121,0.2024,0.3651,0.0,0.0006,False,U2
layer,min_committee,would+depend,T3,vix,56,0.656,131,-0.2247,0.0099,-0.2427,0.0052,0.0371,False,U2
layer,min_committee,would+depend,H1,cfnai,42,0.312,48,0.5673,0.0,0.6013,0.0,0.0003,True,U2
layer,min_committee,would+depend,H1,vix,42,0.312,48,-0.197,0.1796,-0.2661,0.0675,0.6827,True,U2
layer,min_committee,would+depend,H2,cfnai,4,0.907,43,0.3948,0.0088,0.3361,0.0276,0.1391,False,U2
layer,min_committee,would+depend,H2,vix,4,0.907,43,0.0767,0.6247,0.1345,0.3897,0.7903,False,U2
layer,min_committee,would+take,T1,cfnai,86,0.172,99,-0.095,0.3497,-0.1742,0.0846,0.3295,True,U2
layer,min_committee,would+take,T1,vix,86,0.172,99,0.26,0.0093,0.2778,0.0054,0.0361,True,U2
layer,min_committee,would+take,T2,cfnai,78,0.187,91,-0.0944,0.3734,-0.1302,0.2188,0.4773,True,U2
layer,min_committee,would+take,T2,vix,78,0.187,91,0.3085,0.0029,0.2949,0.0045,0.0302,True,U2
layer,min_committee,would+take,T3,cfnai,87,0.366,131,-0.0805,0.3605,-0.0869,0.3234,0.7457,True,U2
layer,min_committee,would+take,T3,vix,87,0.366,131,0.1038,0.2382,0.0915,0.2984,0.5776,True,U2
layer,min_committee,would+take,H1,cfnai,35,0.292,48,0.0218,0.8831,0.0456,0.7582,0.8593,False,U2
layer,min_committee,would+take,H1,vix,35,0.292,48,-0.0572,0.6992,-0.0426,0.7738,0.8396,False,U2
layer,min_committee,would+take,H2,cfnai,43,0.07,43,-0.2288,0.14,-0.3457,0.0232,0.1227,True,U2
layer,min_committee,would+take,H2,vix,43,0.07,43,0.1581,0.3113,0.0585,0.7096,0.9262,True,U2
layer,min_directive_quote,could+affect,T1,cfnai,18,0.818,99,0.0279,0.784,0.0228,0.823,0.9432,False,U2
layer,min_directive_quote,could+affect,T1,vix,18,0.818,99,-0.1912,0.058,-0.2046,0.0422,0.1417,False,U2
layer,min_directive_quote,could+affect,T2,cfnai,17,0.813,91,0.0127,0.9048,0.0554,0.6021,0.8617,False,U2
layer,min_directive_quote,could+affect,T2,vix,17,0.813,91,-0.1493,0.1577,-0.1554,0.1414,0.3607,False,U2
layer,min_directive_quote,could+affect,T3,cfnai,50,0.618,131,0.0264,0.7643,-0.0031,0.9722,0.9928,False,U2
layer,min_directive_quote,could+affect,T3,vix,50,0.618,131,-0.0044,0.9606,0.0074,0.9327,0.9482,False,U2
layer,min_directive_quote,could+affect,H1,cfnai,17,0.646,48,0.0653,0.659,0.0404,0.7852,0.8705,False,U2
layer,min_directive_quote,could+affect,H1,vix,17,0.646,48,0.1387,0.3471,0.1881,0.2005,0.6827,False,U2
layer,min_directive_quote,could+affect,H2,cfnai,0,1.0,43,,,,,,False,U2
layer,min_directive_quote,could+affect,H2,vix,0,1.0,43,,,,,,False,U2
layer,min_directive_quote,will+foster,T1,cfnai,15,0.848,99,0.0344,0.7354,0.0924,0.3628,0.7258,False,U2
layer,min_directive_quote,will+foster,T1,vix,15,0.848,99,-0.1651,0.1025,-0.1648,0.1031,0.3042,False,U2
layer,min_directive_quote,will+foster,T2,cfnai,15,0.835,91,0.0363,0.7328,0.094,0.3752,0.6622,False,U2
layer,min_directive_quote,will+foster,T2,vix,15,0.835,91,-0.1335,0.2072,-0.1346,0.2033,0.4198,False,U2
layer,min_directive_quote,will+foster,T3,cfnai,47,0.641,131,0.0303,0.7315,0.0258,0.7697,0.9569,False,U2
layer,min_directive_quote,will+foster,T3,vix,47,0.641,131,0.0129,0.8838,0.0336,0.7033,0.8552,False,U2
layer,min_directive_quote,will+foster,H1,cfnai,15,0.688,48,0.1114,0.4512,0.0906,0.5403,0.7413,False,U2
layer,min_directive_quote,will+foster,H1,vix,15,0.688,48,0.1436,0.33,0.1826,0.2142,0.6827,False,U2
layer,min_directive_quote,will+foster,H2,cfnai,0,1.0,43,,,,,,False,U2
layer,min_directive_quote,will+foster,H2,vix,0,1.0,43,,,,,,False,U2
layer,min_directive_quote,will+keep,T1,cfnai,15,0.848,99,0.0344,0.7354,0.0924,0.3628,0.7258,False,U2
layer,min_directive_quote,will+keep,T1,vix,15,0.848,99,-0.1651,0.1025,-0.1648,0.1031,0.3042,False,U2
layer,min_directive_quote,will+keep,T2,cfnai,15,0.835,91,0.0363,0.7328,0.094,0.3752,0.6622,False,U2
layer,min_directive_quote,will+keep,T2,vix,15,0.835,91,-0.1335,0.2072,-0.1346,0.2033,0.4198,False,U2
layer,min_directive_quote,will+keep,T3,cfnai,47,0.641,131,0.0303,0.7315,0.0258,0.7697,0.9569,False,U2
layer,min_directive_quote,will+keep,T3,vix,47,0.641,131,0.0129,0.8838,0.0336,0.7033,0.8552,False,U2
layer,min_directive_quote,will+keep,H1,cfnai,15,0.688,48,0.1114,0.4512,0.0906,0.5403,0.7413,False,U2
layer,min_directive_quote,will+keep,H1,vix,15,0.688,48,0.1436,0.33,0.1826,0.2142,0.6827,False,U2
layer,min_directive_quote,will+keep,H2,cfnai,0,1.0,43,,,,,,False,U2
layer,min_directive_quote,will+keep,H2,vix,0,1.0,43,,,,,,False,U2
layer,min_front_matter,would+be+appropriate,T1,cfnai,0,1.0,99,,,,,,False,U2
layer,min_front_matter,would+be+appropriate,T1,vix,0,1.0,99,,,,,,False,U2
layer,min_front_matter,would+be+appropriate,T2,cfnai,0,1.0,91,,,,,,False,U2
layer,min_front_matter,would+be+appropriate,T2,vix,0,1.0,91,,,,,,False,U2
layer,min_front_matter,would+be+appropriate,T3,cfnai,2,0.985,132,-0.0076,0.9315,-0.1265,0.1485,0.5443,False,U2
layer,min_front_matter,would+be+appropriate,T3,vix,2,0.985,132,-0.0156,0.8591,-0.0128,0.8845,0.9284,False,U2
layer,min_front_matter,would+be+appropriate,H1,cfnai,0,1.0,48,,,,,,False,U2
layer,min_front_matter,would+be+appropriate,H1,vix,0,1.0,48,,,,,,False,U2
layer,min_front_matter,would+be+appropriate,H2,cfnai,0,1.0,43,,,,,,False,U2
layer,min_front_matter,would+be+appropriate,H2,vix,0,1.0,43,,,,,,False,U2
layer,min_participants,could+be+appropriate,T1,cfnai,7,0.929,99,0.0081,0.9367,-0.0223,0.8263,0.9432,False,U2
layer,min_participants,could+be+appropriate,T1,vix,7,0.929,99,0.1677,0.0971,0.2152,0.0324,0.1153,False,U2
layer,min_participants,could+be+appropriate,T2,cfnai,7,0.923,91,-0.0466,0.6611,-0.0251,0.8136,0.959,False,U2
layer,min_participants,could+be+appropriate,T2,vix,7,0.923,91,0.2774,0.0078,0.2621,0.0121,0.0537,False,U2
layer,min_participants,could+be+appropriate,T3,cfnai,8,0.939,131,0.0086,0.922,0.0,0.9996,0.9996,False,U2
layer,min_participants,could+be+appropriate,T3,vix,8,0.939,131,0.1274,0.1471,0.1789,0.0409,0.1719,False,U2
layer,min_participants,could+be+appropriate,H1,cfnai,1,0.979,48,-0.2663,0.0673,-0.237,0.1048,0.4843,False,U2
layer,min_participants,could+be+appropriate,H1,vix,1,0.979,48,0.0633,0.6693,0.1106,0.4544,0.8251,False,U2
layer,min_participants,could+be+appropriate,H2,cfnai,6,0.86,43,-0.0038,0.9809,0.0493,0.7537,0.9056,False,U2
layer,min_participants,could+be+appropriate,H2,vix,6,0.86,43,0.2543,0.0999,0.2509,0.1046,0.4917,False,U2
layer,min_participants,could+lead,T1,cfnai,57,0.586,99,0.0954,0.3477,0.1522,0.1327,0.4341,True,U2
layer,min_participants,could+lead,T1,vix,57,0.586,99,-0.0031,0.9754,-0.0315,0.7572,0.8726,True,U2
layer,min_participants,could+lead,T2,cfnai,49,0.615,91,0.0439,0.6792,0.0966,0.3625,0.6622,False,U2
layer,min_participants,could+lead,T2,vix,49,0.615,91,-0.1242,0.2408,-0.1442,0.1725,0.4198,False,U2
layer,min_participants,could+lead,T3,cfnai,79,0.565,131,0.0751,0.3942,0.089,0.3123,0.7457,True,U2
layer,min_participants,could+lead,T3,vix,79,0.565,131,0.0777,0.3778,0.0193,0.8265,0.916,True,U2
layer,min_participants,could+lead,H1,cfnai,33,0.542,48,0.1027,0.4871,0.127,0.3896,0.7413,False,U2
layer,min_participants,could+lead,H1,vix,33,0.542,48,-0.2355,0.1071,-0.2081,0.1559,0.6827,False,U2
layer,min_participants,could+lead,H2,cfnai,16,0.698,43,0.0161,0.9184,0.0397,0.8003,0.9221,False,U2
layer,min_participants,could+lead,H2,vix,16,0.698,43,0.1458,0.3509,0.1692,0.2782,0.6552,False,U2
layer,min_participants,may+be+appropriate,T1,cfnai,11,0.939,99,-0.0092,0.9283,-0.1542,0.1276,0.4341,False,U2
layer,min_participants,may+be+appropriate,T1,vix,11,0.939,99,-0.0272,0.7896,0.0218,0.8306,0.9177,False,U2
layer,min_participants,may+be+appropriate,T2,cfnai,11,0.934,91,-0.1165,0.2713,-0.1762,0.0948,0.3161,False,U2
layer,min_participants,may+be+appropriate,T2,vix,11,0.934,91,0.0101,0.9245,0.0549,0.6052,0.7994,False,U2
layer,min_participants,may+be+appropriate,T3,cfnai,11,0.954,131,-0.0098,0.9116,-0.1398,0.1112,0.4844,False,U2
layer,min_participants,may+be+appropriate,T3,vix,11,0.954,131,-0.0367,0.677,-0.0023,0.9792,0.9808,False,U2
layer,min_participants,may+be+appropriate,H1,cfnai,2,0.979,48,-0.0279,0.8509,-0.0316,0.8311,0.8831,False,U2
layer,min_participants,may+be+appropriate,H1,vix,2,0.979,48,0.2048,0.1627,0.2053,0.1615,0.6827,False,U2
layer,min_participants,may+be+appropriate,H2,cfnai,9,0.884,43,-0.154,0.3242,-0.2368,0.1263,0.3432,False,U2
layer,min_participants,may+be+appropriate,H2,vix,9,0.884,43,-0.1875,0.2286,-0.2197,0.1569,0.5364,False,U2
layer,min_participants,will+be+appropriate,T1,cfnai,2,0.98,99,0.0163,0.8724,0.0762,0.4535,0.7621,False,U2
layer,min_participants,will+be+appropriate,T1,vix,2,0.98,99,0.0034,0.9732,0.0575,0.5718,0.7604,False,U2
layer,min_participants,will+be+appropriate,T2,cfnai,2,0.978,91,0.0352,0.7408,0.0808,0.4465,0.7177,False,U2
layer,min_participants,will+be+appropriate,T2,vix,2,0.978,91,0.0335,0.7524,0.0824,0.4375,0.6713,False,U2
layer,min_participants,will+be+appropriate,T3,cfnai,2,0.985,131,0.0158,0.8577,0.0837,0.3417,0.758,False,U2
layer,min_participants,will+be+appropriate,T3,vix,2,0.985,131,-0.0052,0.9527,0.0377,0.6692,0.8552,False,U2
layer,min_participants,will+be+appropriate,H1,cfnai,2,0.958,48,0.0782,0.5971,0.1037,0.4832,0.7413,False,U2
layer,min_participants,will+be+appropriate,H1,vix,2,0.958,48,0.1905,0.1946,0.24,0.1004,0.6827,False,U2
layer,min_participants,will+be+appropriate,H2,cfnai,0,1.0,43,,,,,,False,U2
layer,min_participants,will+be+appropriate,H2,vix,0,1.0,43,,,,,,False,U2
layer,min_participants,would+be+appropriate,T1,cfnai,143,0.232,99,-0.0144,0.8874,-0.0527,0.6042,0.8709,True,U2
layer,min_participants,would+be+appropriate,T1,vix,143,0.232,99,0.2596,0.0095,0.21,0.037,0.1278,True,U2
layer,min_participants,would+be+appropriate,T2,cfnai,121,0.253,91,-0.0187,0.8601,0.0057,0.9575,0.9779,True,U2
layer,min_participants,would+be+appropriate,T2,vix,121,0.253,91,0.1994,0.0581,0.1543,0.1443,0.3607,True,U2
layer,min_participants,would+be+appropriate,T3,cfnai,151,0.366,131,-0.0192,0.8279,-0.0475,0.5897,0.9223,True,U2
layer,min_participants,would+be+appropriate,T3,vix,151,0.366,131,0.1324,0.1316,0.0552,0.5312,0.7617,True,U2
layer,min_participants,would+be+appropriate,H1,cfnai,49,0.25,48,0.1582,0.2827,0.1344,0.3623,0.7413,True,U2
layer,min_participants,would+be+appropriate,H1,vix,49,0.25,48,-0.0446,0.7633,-0.0469,0.7514,0.8331,True,U2
layer,min_participants,would+be+appropriate,H2,cfnai,72,0.256,43,-0.1201,0.443,-0.0149,0.9243,0.97,True,U2
layer,min_participants,would+be+appropriate,H2,vix,72,0.256,43,0.1188,0.4479,0.1254,0.423,0.7903,True,U2
layer,min_participants,would+be+important,T1,cfnai,41,0.677,99,-0.3335,0.0007,-0.0457,0.6534,0.8857,False,U2
layer,min_participants,would+be+important,T1,vix,41,0.677,99,0.217,0.031,0.1052,0.3,0.55,False,U2
layer,min_participants,would+be+important,T2,cfnai,32,0.703,91,0.0864,0.4157,0.1312,0.2152,0.4773,False,U2
layer,min_participants,would+be+important,T2,vix,32,0.703,91,0.032,0.7635,0.0263,0.8046,0.8858,False,U2
layer,min_participants,would+be+important,T3,cfnai,42,0.748,131,-0.3176,0.0002,-0.0261,0.767,0.9569,False,U2
layer,min_participants,would+be+important,T3,vix,42,0.748,131,0.1466,0.0947,0.049,0.5783,0.7839,False,U2
layer,min_participants,would+be+important,H1,cfnai,14,0.75,48,0.2402,0.1001,0.3018,0.0371,0.4732,False,U2
layer,min_participants,would+be+important,H1,vix,14,0.75,48,-0.1867,0.2039,-0.2144,0.1434,0.6827,False,U2
layer,min_participants,would+be+important,H2,cfnai,18,0.651,43,-0.0036,0.9817,0.0202,0.8977,0.9612,False,U2
layer,min_participants,would+be+important,H2,vix,18,0.651,43,0.0835,0.5944,0.1187,0.4483,0.7903,False,U2
layer,min_participants,would+continue,T1,cfnai,100,0.424,99,0.0439,0.666,0.0541,0.5951,0.8709,True,U2
layer,min_participants,would+continue,T1,vix,100,0.424,99,0.1633,0.1063,0.0983,0.333,0.5597,True,U2
layer,min_participants,would+continue,T2,cfnai,82,0.44,91,0.113,0.2863,-0.0004,0.9973,0.9973,True,U2
layer,min_participants,would+continue,T2,vix,82,0.44,91,-0.0583,0.5828,-0.032,0.7636,0.8753,True,U2
layer,min_participants,would+continue,T3,cfnai,120,0.473,131,0.0445,0.6135,0.0997,0.2571,0.6664,True,U2
layer,min_participants,would+continue,T3,vix,120,0.473,131,0.1569,0.0735,0.1034,0.2398,0.5737,True,U2
layer,min_participants,would+continue,H1,cfnai,39,0.458,48,-0.1715,0.2437,-0.2433,0.0957,0.4843,False,U2
layer,min_participants,would+continue,H1,vix,39,0.458,48,0.0013,0.9928,-0.0109,0.9414,0.9602,False,U2
layer,min_participants,would+continue,H2,cfnai,43,0.419,43,0.2894,0.0598,0.2522,0.1027,0.3203,True,U2
layer,min_participants,would+continue,H2,vix,43,0.419,43,-0.2141,0.168,-0.1824,0.2418,0.6383,True,U2
layer,min_participants,would+depend,T1,cfnai,59,0.606,99,0.1006,0.3217,0.4989,0.0,0.0,False,U2
layer,min_participants,would+depend,T1,vix,59,0.606,99,0.1286,0.2046,0.0263,0.7964,0.8923,False,U2
layer,min_participants,would+depend,T2,cfnai,47,0.615,91,0.4763,0.0,0.4915,0.0,0.0001,False,U2
layer,min_participants,would+depend,T2,vix,47,0.615,91,0.0533,0.616,-0.0551,0.6041,0.7994,False,U2
layer,min_participants,would+depend,T3,cfnai,63,0.672,131,0.0947,0.282,0.4414,0.0,0.0,False,U2
layer,min_participants,would+depend,T3,vix,63,0.672,131,0.056,0.525,-0.0641,0.4668,0.6945,False,U2
layer,min_participants,would+depend,H1,cfnai,25,0.562,48,0.4906,0.0004,0.5189,0.0002,0.004,False,U2
layer,min_participants,would+depend,H1,vix,25,0.562,48,-0.1589,0.2808,-0.1748,0.2347,0.7042,False,U2
layer,min_participants,would+depend,H2,cfnai,22,0.674,43,0.4732,0.0014,0.467,0.0016,0.0185,False,U2
layer,min_participants,would+depend,H2,vix,22,0.674,43,0.1988,0.2011,0.2267,0.1438,0.5268,False,U2
layer,min_participants,would+expect,T1,cfnai,44,0.586,99,0.017,0.8676,0.1072,0.2908,0.658,True,U2
layer,min_participants,would+expect,T1,vix,44,0.586,99,-0.1269,0.2105,-0.1194,0.239,0.4961,True,U2
layer,min_participants,would+expect,T2,cfnai,41,0.582,91,0.0674,0.5253,0.0952,0.3692,0.6622,True,U2
layer,min_participants,would+expect,T2,vix,41,0.582,91,-0.1061,0.3171,-0.1256,0.2354,0.4496,True,U2
layer,min_participants,would+expect,T3,cfnai,65,0.534,131,0.0149,0.8656,0.0383,0.6642,0.9569,True,U2
layer,min_participants,would+expect,T3,vix,65,0.534,131,-0.044,0.6179,-0.038,0.6669,0.8552,True,U2
layer,min_participants,would+expect,H1,cfnai,27,0.479,48,0.0781,0.5978,0.0332,0.8227,0.8831,False,U2
layer,min_participants,would+expect,H1,vix,27,0.479,48,-0.1062,0.4726,-0.0691,0.6405,0.8251,False,U2
layer,min_participants,would+expect,H2,cfnai,14,0.698,43,0.0839,0.5925,0.1061,0.4983,0.8003,False,U2
layer,min_participants,would+expect,H2,vix,14,0.698,43,0.086,0.5837,0.0956,0.542,0.8449,False,U2
layer,min_participants,would+help,T1,cfnai,55,0.596,99,-0.0583,0.5666,-0.036,0.7233,0.938,True,U2
layer,min_participants,would+help,T1,vix,55,0.596,99,0.3666,0.0002,0.42,0.0,0.0007,True,U2
layer,min_participants,would+help,T2,cfnai,46,0.637,91,0.0621,0.559,0.0316,0.7659,0.959,False,U2
layer,min_participants,would+help,T2,vix,46,0.637,91,0.4207,0.0,0.4255,0.0,0.0004,False,U2
layer,min_participants,would+help,T3,cfnai,60,0.656,131,-0.0528,0.5496,0.0008,0.9925,0.9996,False,U2
layer,min_participants,would+help,T3,vix,60,0.656,131,0.2682,0.002,0.3247,0.0002,0.0027,False,U2
layer,min_participants,would+help,H1,cfnai,9,0.875,48,0.0802,0.5878,0.1405,0.341,0.7413,False,U2
layer,min_participants,would+help,H1,vix,9,0.875,48,0.2095,0.1529,0.2396,0.1009,0.6827,False,U2
layer,min_participants,would+help,H2,cfnai,37,0.372,43,0.0352,0.8229,-0.0077,0.9608,0.9793,False,U2
layer,min_participants,would+help,H2,vix,37,0.372,43,0.2784,0.0706,0.2447,0.1137,0.4917,False,U2
layer,min_participants,would+need,T1,cfnai,47,0.657,99,-0.229,0.0226,-0.2812,0.0048,0.0528,False,U2
layer,min_participants,would+need,T1,vix,47,0.657,99,0.0702,0.4901,0.0431,0.6717,0.8209,False,U2
layer,min_participants,would+need,T2,cfnai,43,0.659,91,-0.1821,0.0841,-0.2372,0.0236,0.1663,False,U2
layer,min_participants,would+need,T2,vix,43,0.659,91,0.085,0.4233,0.0246,0.817,0.8913,False,U2
layer,min_participants,would+need,T3,cfnai,59,0.664,131,-0.212,0.0151,-0.2961,0.0006,0.0104,False,U2
layer,min_participants,would+need,T3,vix,59,0.664,131,-0.0046,0.9588,-0.0163,0.8532,0.9203,False,U2
layer,min_participants,would+need,H1,cfnai,17,0.708,48,-0.2474,0.09,-0.2581,0.0766,0.4843,False,U2
layer,min_participants,would+need,H1,vix,17,0.708,48,0.0603,0.6839,0.0667,0.6523,0.8251,False,U2
layer,min_participants,would+need,H2,cfnai,26,0.605,43,-0.1644,0.2921,-0.1937,0.2134,0.5027,False,U2
layer,min_participants,would+need,H2,vix,26,0.605,43,-0.0178,0.9096,-0.1096,0.4842,0.8147,False,U2
layer,min_participants,would+remain,T1,cfnai,56,0.596,99,0.1586,0.1168,0.004,0.9689,0.9852,True,U2
layer,min_participants,would+remain,T1,vix,56,0.596,99,-0.1355,0.1811,-0.1512,0.1351,0.3478,True,U2
layer,min_participants,would+remain,T2,cfnai,50,0.582,91,-0.0172,0.8715,-0.0104,0.9218,0.959,True,U2
layer,min_participants,would+remain,T2,vix,50,0.582,91,-0.0708,0.5047,-0.0941,0.3749,0.6079,True,U2
layer,min_participants,would+remain,T3,cfnai,78,0.55,131,0.1411,0.108,0.0125,0.8873,0.958,True,U2
layer,min_participants,would+remain,T3,vix,78,0.55,131,-0.0516,0.5585,-0.0671,0.4466,0.6811,True,U2
layer,min_participants,would+remain,H1,cfnai,37,0.458,48,0.1121,0.448,0.1116,0.4502,0.7413,False,U2
layer,min_participants,would+remain,H1,vix,37,0.458,48,0.2793,0.0545,0.1253,0.3963,0.8251,False,U2
layer,min_participants,would+remain,H2,cfnai,13,0.721,43,-0.1228,0.4327,-0.1489,0.3405,0.6224,False,U2
layer,min_participants,would+remain,H2,vix,13,0.721,43,-0.1478,0.3442,-0.117,0.4548,0.7903,False,U2
layer,min_special,could+be+appropriate,T1,cfnai,6,0.85,40,0.1693,0.2963,0.4602,0.0028,0.034,False,U2
layer,min_special,could+be+appropriate,T1,vix,6,0.85,40,0.1604,0.3229,0.1616,0.3193,0.5524,False,U2
layer,min_special,could+be+appropriate,T2,cfnai,6,0.833,36,0.5564,0.0004,0.5023,0.0018,0.036,False,U2
layer,min_special,could+be+appropriate,T2,vix,6,0.833,36,0.264,0.1198,0.2169,0.2039,0.4198,False,U2
layer,min_special,could+be+appropriate,T3,cfnai,6,0.878,49,0.1544,0.2893,0.4267,0.0022,0.0303,False,U2
layer,min_special,could+be+appropriate,T3,vix,6,0.878,49,0.1479,0.3105,0.1555,0.2859,0.5762,False,U2
layer,min_special,may+be+appropriate,T1,cfnai,4,0.95,40,0.1046,0.5207,0.3187,0.0451,0.2596,False,U2
layer,min_special,may+be+appropriate,T1,vix,4,0.95,40,0.049,0.7642,0.1214,0.4554,0.656,False,U2
layer,min_special,may+be+appropriate,T2,cfnai,4,0.944,36,0.3721,0.0254,0.3511,0.0358,0.2307,False,U2
layer,min_special,may+be+appropriate,T2,vix,4,0.944,36,0.0971,0.5733,0.1663,0.3324,0.5699,False,U2
layer,min_special,may+be+appropriate,T3,cfnai,4,0.959,49,0.0971,0.507,0.2995,0.0366,0.2393,False,U2
layer,min_special,may+be+appropriate,T3,vix,4,0.959,49,0.0472,0.7472,0.1253,0.391,0.6276,False,U2
layer,min_special,will+be+appropriate,T1,cfnai,1,0.975,40,0.0621,0.7035,0.2289,0.1554,0.4686,False,U2
layer,min_special,will+be+appropriate,T1,vix,1,0.975,40,0.3641,0.0209,0.2705,0.0914,0.2835,False,U2
layer,min_special,will+be+appropriate,T2,cfnai,1,0.972,36,0.1891,0.2693,0.2522,0.1378,0.4032,False,U2
layer,min_special,will+be+appropriate,T2,vix,1,0.972,36,0.4689,0.0039,0.2847,0.0923,0.2638,False,U2
layer,min_special,will+be+appropriate,T3,cfnai,1,0.98,49,0.0571,0.6969,0.2144,0.1391,0.5443,False,U2
layer,min_special,will+be+appropriate,T3,vix,1,0.98,49,0.3279,0.0214,0.2347,0.1045,0.354,False,U2
layer,min_special,would+be+appropriate,T1,cfnai,23,0.6,40,0.1588,0.3276,0.2886,0.0709,0.3295,False,U2
layer,min_special,would+be+appropriate,T1,vix,23,0.6,40,0.1937,0.2311,0.2169,0.1787,0.4241,False,U2
layer,min_special,would+be+appropriate,T2,cfnai,23,0.556,36,0.1919,0.2622,0.2658,0.1171,0.3598,False,U2
layer,min_special,would+be+appropriate,T2,vix,23,0.556,36,0.348,0.0375,0.325,0.0531,0.1749,False,U2
layer,min_special,would+be+appropriate,T3,cfnai,23,0.673,49,0.1346,0.3566,0.2773,0.0537,0.2979,False,U2
layer,min_special,would+be+appropriate,T3,vix,23,0.673,49,0.1771,0.2234,0.2031,0.1616,0.4481,False,U2
layer,min_staff,could+be+appropriate,T1,cfnai,1,0.99,99,-0.0174,0.8643,-0.1308,0.1968,0.5292,False,U2
layer,min_staff,could+be+appropriate,T1,vix,1,0.99,99,-0.0285,0.7795,-0.0106,0.917,0.9614,False,U2
layer,min_staff,could+be+appropriate,T2,cfnai,1,0.989,91,-0.1173,0.2681,-0.1445,0.1717,0.4264,False,U2
layer,min_staff,could+be+appropriate,T2,vix,1,0.989,91,-0.0171,0.8723,0.0,1.0,1.0,False,U2
layer,min_staff,could+be+appropriate,T3,cfnai,1,0.992,131,-0.0177,0.8413,-0.1195,0.174,0.5458,False,U2
layer,min_staff,could+be+appropriate,T3,vix,1,0.992,131,-0.0309,0.7262,-0.0186,0.8334,0.916,False,U2
layer,min_staff,could+be+appropriate,H1,cfnai,0,1.0,48,,,,,,False,U2
layer,min_staff,could+be+appropriate,H1,vix,0,1.0,48,,,,,,False,U2
layer,min_staff,could+be+appropriate,H2,cfnai,1,0.977,43,-0.1447,0.3547,-0.1866,0.2308,0.5206,False,U2
layer,min_staff,could+be+appropriate,H2,vix,1,0.977,43,-0.1054,0.5011,-0.1243,0.4269,0.7903,False,U2
layer,min_staff_desk,may+be+appropriate,T1,cfnai,2,0.98,99,0.005,0.9612,0.026,0.7984,0.938,False,U2
layer,min_staff_desk,may+be+appropriate,T1,vix,2,0.98,99,0.0776,0.4452,0.1425,0.1594,0.3936,False,U2
layer,min_staff_desk,may+be+appropriate,T2,cfnai,2,0.978,91,-0.0178,0.867,0.0294,0.7819,0.959,False,U2
layer,min_staff_desk,may+be+appropriate,T2,vix,2,0.978,91,0.1296,0.221,0.1704,0.1063,0.2898,False,U2
layer,min_staff_desk,may+be+appropriate,T3,cfnai,2,0.985,131,0.0045,0.9592,0.0235,0.7896,0.9569,False,U2
layer,min_staff_desk,may+be+appropriate,T3,vix,2,0.985,131,0.0604,0.493,0.1164,0.1854,0.5027,False,U2
layer,min_staff_desk,may+be+appropriate,H1,cfnai,1,0.979,48,-0.1386,0.3476,-0.1528,0.2999,0.7413,False,U2
layer,min_staff_desk,may+be+appropriate,H1,vix,1,0.979,48,0.1617,0.2721,0.1843,0.2099,0.6827,False,U2
layer,min_staff_desk,may+be+appropriate,H2,cfnai,1,0.977,43,0.1531,0.3271,0.1991,0.2006,0.4946,False,U2
layer,min_staff_desk,may+be+appropriate,H2,vix,1,0.977,43,0.2677,0.0827,0.2238,0.1491,0.5268,False,U2
layer,min_staff_desk,will+be+appropriate,T1,cfnai,1,0.99,99,0.01,0.9218,0.0442,0.664,0.8857,False,U2
layer,min_staff_desk,will+be+appropriate,T1,vix,1,0.99,99,-0.0548,0.5901,-0.0389,0.7024,0.8415,False,U2
layer,min_staff_desk,will+be+appropriate,T2,cfnai,1,0.989,91,0.0171,0.8723,0.0462,0.6639,0.8755,False,U2
layer,min_staff_desk,will+be+appropriate,T2,vix,1,0.989,91,-0.0518,0.6259,-0.0321,0.7626,0.8753,False,U2
layer,min_staff_desk,will+be+appropriate,T3,cfnai,3,0.985,131,-0.0007,0.9938,-0.0055,0.9501,0.9823,False,U2
layer,min_staff_desk,will+be+appropriate,T3,vix,3,0.985,131,-0.0019,0.9827,0.0122,0.8903,0.9284,False,U2
layer,min_staff_desk,will+be+appropriate,H1,cfnai,1,0.979,48,0.0403,0.7858,0.0527,0.7222,0.8565,False,U2
layer,min_staff_desk,will+be+appropriate,H1,vix,1,0.979,48,-0.0056,0.97,0.0579,0.6958,0.8251,False,U2
layer,min_staff_desk,will+be+appropriate,H2,cfnai,0,1.0,43,,,,,,False,U2
layer,min_staff_desk,will+be+appropriate,H2,vix,0,1.0,43,,,,,,False,U2
layer,min_staff_desk,would+be+appropriate,T1,cfnai,8,0.949,99,-0.0042,0.9668,-0.0152,0.8814,0.9525,False,U2
layer,min_staff_desk,would+be+appropriate,T1,vix,8,0.949,99,0.0505,0.6198,0.0537,0.5978,0.7729,False,U2
layer,min_staff_desk,would+be+appropriate,T2,cfnai,8,0.945,91,-0.0874,0.4101,-0.0185,0.8619,0.959,False,U2
layer,min_staff_desk,would+be+appropriate,T2,vix,8,0.945,91,0.1095,0.3013,0.0888,0.4028,0.644,False,U2
layer,min_staff_desk,would+be+appropriate,T3,cfnai,13,0.947,131,-0.0082,0.9257,-0.049,0.578,0.9159,False,U2
layer,min_staff_desk,would+be+appropriate,T3,vix,13,0.947,131,0.0363,0.6803,0.0501,0.5699,0.7813,False,U2
layer,min_staff_desk,would+be+appropriate,H1,cfnai,7,0.917,48,-0.0463,0.7544,0.089,0.5473,0.7413,False,U2
layer,min_staff_desk,would+be+appropriate,H1,vix,7,0.917,48,0.3343,0.0202,0.201,0.1708,0.6827,False,U2
layer,min_staff_desk,would+be+appropriate,H2,cfnai,1,0.977,43,-0.1766,0.2574,-0.2364,0.127,0.3432,False,U2
layer,min_staff_desk,would+be+appropriate,H2,vix,1,0.977,43,0.0176,0.9107,0.0746,0.6345,0.8958,False,U2
layer,min_statement_quote,could+impede,T1,cfnai,46,0.535,99,0.1305,0.1979,-0.0896,0.3779,0.7258,True,U2
layer,min_statement_quote,could+impede,T1,vix,46,0.535,99,0.2726,0.0063,0.3848,0.0001,0.0016,True,U2
layer,min_statement_quote,could+impede,T2,cfnai,43,0.527,91,-0.0979,0.3557,-0.1883,0.0739,0.2981,True,U2
layer,min_statement_quote,could+impede,T2,vix,43,0.527,91,0.4652,0.0,0.4667,0.0,0.0001,True,U2
layer,min_statement_quote,could+impede,T3,cfnai,46,0.649,131,0.1164,0.1855,-0.0277,0.7538,0.9569,False,U2
layer,min_statement_quote,could+impede,T3,vix,46,0.649,131,0.1716,0.05,0.2607,0.0026,0.0257,False,U2
layer,min_statement_quote,could+impede,H1,cfnai,0,1.0,48,,,,,,False,U2
layer,min_statement_quote,could+impede,H1,vix,0,1.0,48,,,,,,False,U2
layer,min_statement_quote,could+impede,H2,cfnai,43,0.0,43,-0.6316,0.0,-0.4635,0.0017,0.0185,True,U2
layer,min_statement_quote,could+impede,H2,vix,43,0.0,43,-0.0411,0.7936,-0.0529,0.7364,0.9262,True,U2
layer,min_statement_quote,may+be+appropriate,T1,cfnai,10,0.899,99,-0.0223,0.8269,-0.2179,0.0303,0.2036,False,U2
layer,min_statement_quote,may+be+appropriate,T1,vix,10,0.899,99,-0.0981,0.3341,-0.0685,0.5002,0.6957,False,U2
layer,min_statement_quote,may+be+appropriate,T2,cfnai,10,0.89,91,-0.216,0.0397,-0.2477,0.0179,0.1434,False,U2
layer,min_statement_quote,may+be+appropriate,T2,vix,10,0.89,91,-0.0617,0.5615,-0.0357,0.7369,0.8753,False,U2
layer,min_statement_quote,may+be+appropriate,T3,cfnai,10,0.924,131,-0.023,0.7947,-0.1928,0.0274,0.2287,False,U2
layer,min_statement_quote,may+be+appropriate,T3,vix,10,0.924,131,-0.1043,0.2359,-0.0893,0.3104,0.5781,False,U2
layer,min_statement_quote,may+be+appropriate,H1,cfnai,3,0.938,48,-0.217,0.1385,-0.2292,0.1171,0.4843,False,U2
layer,min_statement_quote,may+be+appropriate,H1,vix,3,0.938,48,0.0563,0.7036,0.0621,0.6751,0.8251,False,U2
layer,min_statement_quote,may+be+appropriate,H2,cfnai,7,0.837,43,-0.2297,0.1383,-0.2371,0.1257,0.3432,False,U2
layer,min_statement_quote,may+be+appropriate,H2,vix,7,0.837,43,-0.2828,0.0661,-0.3058,0.0461,0.4443,False,U2
layer,min_statement_quote,will+assess,T1,cfnai,71,0.283,99,-0.2208,0.028,-0.3722,0.0001,0.0036,True,U2
layer,min_statement_quote,will+assess,T1,vix,71,0.283,99,-0.2398,0.0168,-0.2372,0.0181,0.0729,True,U2
layer,min_statement_quote,will+assess,T2,cfnai,66,0.275,91,-0.4007,0.0001,-0.3051,0.0033,0.0561,True,U2
layer,min_statement_quote,will+assess,T2,vix,66,0.275,91,-0.2798,0.0072,-0.2231,0.0335,0.1255,True,U2
layer,min_statement_quote,will+assess,T3,cfnai,73,0.443,131,-0.1888,0.0308,-0.2595,0.0028,0.0337,True,U2
layer,min_statement_quote,will+assess,T3,vix,73,0.443,131,-0.2493,0.0041,-0.3124,0.0003,0.0038,True,U2
layer,min_statement_quote,will+assess,H1,cfnai,47,0.021,48,-0.1075,0.4669,0.0126,0.9324,0.9705,True,U2
layer,min_statement_quote,will+assess,H1,vix,47,0.021,48,0.113,0.4443,-0.074,0.617,0.8251,True,U2
layer,min_statement_quote,will+assess,H2,cfnai,19,0.558,43,-0.4934,0.0008,-0.4323,0.0038,0.0287,False,U2
layer,min_statement_quote,will+assess,H2,vix,19,0.558,43,-0.3202,0.0363,-0.2638,0.0874,0.4917,False,U2
layer,min_statement_quote,will+be+appropriate,T1,cfnai,43,0.606,99,0.2199,0.0287,0.3584,0.0003,0.0041,False,U2
layer,min_statement_quote,will+be+appropriate,T1,vix,43,0.606,99,0.2444,0.0148,0.2574,0.0101,0.0529,False,U2
layer,min_statement_quote,will+be+appropriate,T2,cfnai,40,0.604,91,0.3002,0.0038,0.2907,0.0052,0.0578,False,U2
layer,min_statement_quote,will+be+appropriate,T2,vix,40,0.604,91,0.3767,0.0002,0.2833,0.0065,0.039,False,U2
layer,min_statement_quote,will+be+appropriate,T3,cfnai,53,0.634,131,0.2041,0.0194,0.3163,0.0002,0.0047,False,U2
layer,min_statement_quote,will+be+appropriate,T3,vix,53,0.634,131,0.1003,0.2543,0.0708,0.4215,0.6593,False,U2
layer,min_statement_quote,will+be+appropriate,H1,cfnai,16,0.708,48,0.0705,0.6338,0.0817,0.5807,0.7413,False,U2
layer,min_statement_quote,will+be+appropriate,H1,vix,16,0.708,48,0.1164,0.4306,0.0996,0.5007,0.8251,False,U2
layer,min_statement_quote,will+be+appropriate,H2,cfnai,24,0.488,43,0.3968,0.0084,0.3707,0.0144,0.0804,False,U2
layer,min_statement_quote,will+be+appropriate,H2,vix,24,0.488,43,0.3015,0.0494,0.2613,0.0905,0.4917,False,U2
layer,min_statement_quote,will+continue,T1,cfnai,122,0.323,99,-0.0529,0.6033,-0.1789,0.0765,0.3295,True,U2
layer,min_statement_quote,will+continue,T1,vix,122,0.323,99,0.3583,0.0003,0.4172,0.0,0.0007,True,U2
layer,min_statement_quote,will+continue,T2,cfnai,105,0.352,91,-0.1041,0.3262,-0.1954,0.0634,0.2981,True,U2
layer,min_statement_quote,will+continue,T2,vix,105,0.352,91,0.3406,0.001,0.3886,0.0001,0.0014,True,U2
layer,min_statement_quote,will+continue,T3,cfnai,163,0.282,131,-0.0533,0.5455,-0.1599,0.0681,0.3461,True,U2
layer,min_statement_quote,will+continue,T3,vix,163,0.282,131,0.3275,0.0001,0.381,0.0,0.0005,True,U2
layer,min_statement_quote,will+continue,H1,cfnai,20,0.667,48,-0.2244,0.1252,-0.1969,0.1797,0.5417,False,U2
layer,min_statement_quote,will+continue,H1,vix,20,0.667,48,0.0943,0.5236,0.0806,0.586,0.8251,False,U2
layer,min_statement_quote,will+continue,H2,cfnai,85,0.0,43,-0.3077,0.0447,-0.3164,0.0387,0.1642,True,U2
layer,min_statement_quote,will+continue,H2,vix,85,0.0,43,-0.3566,0.0189,-0.3622,0.017,0.3606,True,U2
layer,min_statement_quote,will+monitor,T1,cfnai,32,0.677,99,-0.2731,0.0062,-0.0591,0.5612,0.8709,False,U2
layer,min_statement_quote,will+monitor,T1,vix,32,0.677,99,-0.1416,0.1622,-0.2857,0.0042,0.0305,False,U2
layer,min_statement_quote,will+monitor,T2,cfnai,29,0.681,91,-0.0373,0.7257,0.0532,0.6165,0.8617,False,U2
layer,min_statement_quote,will+monitor,T2,vix,29,0.681,91,-0.3409,0.0009,-0.4106,0.0001,0.0006,False,U2
layer,min_statement_quote,will+monitor,T3,cfnai,45,0.656,131,-0.2548,0.0033,-0.1214,0.1672,0.5458,False,U2
layer,min_statement_quote,will+monitor,T3,vix,45,0.656,131,-0.2294,0.0084,-0.3409,0.0001,0.0016,False,U2
layer,min_statement_quote,will+monitor,H1,cfnai,27,0.438,48,0.0471,0.7508,0.1225,0.407,0.7413,False,U2
layer,min_statement_quote,will+monitor,H1,vix,27,0.438,48,-0.2826,0.0516,-0.3749,0.0087,0.2212,False,U2
layer,min_statement_quote,will+monitor,H2,cfnai,2,0.953,43,-0.0911,0.5612,-0.0735,0.6396,0.8691,False,U2
layer,min_statement_quote,will+monitor,H2,vix,2,0.953,43,0.0096,0.9514,0.0505,0.7478,0.9262,False,U2
layer,min_statement_quote,will+take,T1,cfnai,123,0.0,99,-0.0347,0.7329,-0.2542,0.0111,0.1034,True,U2
layer,min_statement_quote,will+take,T1,vix,123,0.0,99,0.0549,0.5894,0.1541,0.1278,0.3422,True,U2
layer,min_statement_quote,will+take,T2,cfnai,115,0.0,91,-0.3094,0.0028,-0.2631,0.0118,0.1176,True,U2
layer,min_statement_quote,will+take,T2,vix,115,0.0,91,0.2275,0.0301,0.2726,0.0089,0.0476,True,U2
layer,min_statement_quote,will+take,T3,cfnai,136,0.16,131,-0.0347,0.6942,-0.146,0.0962,0.4348,True,U2
layer,min_statement_quote,will+take,T3,vix,136,0.16,131,-0.1254,0.1536,-0.0803,0.3616,0.6106,True,U2
layer,min_statement_quote,will+take,H1,cfnai,62,0.0,48,-0.027,0.8554,0.0921,0.5333,0.7413,True,U2
layer,min_statement_quote,will+take,H1,vix,62,0.0,48,0.2899,0.0456,0.193,0.1887,0.6827,True,U2
layer,min_statement_quote,will+take,H2,cfnai,53,0.0,43,-0.483,0.001,-0.4964,0.0007,0.0128,True,U2
layer,min_statement_quote,will+take,H2,vix,53,0.0,43,-0.1119,0.475,-0.1106,0.4803,0.8147,True,U2
layer,min_statement_quote,would+be+prepared,T1,cfnai,46,0.535,99,0.1305,0.1979,-0.0896,0.3779,0.7258,True,U2
layer,min_statement_quote,would+be+prepared,T1,vix,46,0.535,99,0.2726,0.0063,0.3848,0.0001,0.0016,True,U2
layer,min_statement_quote,would+be+prepared,T2,cfnai,43,0.527,91,-0.0979,0.3557,-0.1883,0.0739,0.2981,True,U2
layer,min_statement_quote,would+be+prepared,T2,vix,43,0.527,91,0.4652,0.0,0.4667,0.0,0.0001,True,U2
layer,min_statement_quote,would+be+prepared,T3,cfnai,46,0.649,131,0.1164,0.1855,-0.0277,0.7538,0.9569,False,U2
layer,min_statement_quote,would+be+prepared,T3,vix,46,0.649,131,0.1716,0.05,0.2607,0.0026,0.0257,False,U2
layer,min_statement_quote,would+be+prepared,H1,cfnai,0,1.0,48,,,,,,False,U2
layer,min_statement_quote,would+be+prepared,H1,vix,0,1.0,48,,,,,,False,U2
layer,min_statement_quote,would+be+prepared,H2,cfnai,43,0.0,43,-0.6316,0.0,-0.4635,0.0017,0.0185,True,U2
layer,min_statement_quote,would+be+prepared,H2,vix,43,0.0,43,-0.0411,0.7936,-0.0529,0.7364,0.9262,True,U2
layer,min_vote,will+be+appropriate,T1,cfnai,4,0.96,99,0.2454,0.0143,0.2048,0.042,0.2539,False,U2
layer,min_vote,will+be+appropriate,T1,vix,4,0.96,99,-0.0604,0.5529,-0.0882,0.3853,0.5901,False,U2
layer,min_vote,will+be+appropriate,T2,cfnai,3,0.967,91,0.1202,0.2564,0.1445,0.1717,0.4264,False,U2
layer,min_vote,will+be+appropriate,T2,vix,3,0.967,91,-0.1606,0.1283,-0.1819,0.0844,0.2469,False,U2
layer,min_vote,will+be+appropriate,T3,cfnai,4,0.969,131,0.243,0.0052,0.1926,0.0275,0.2287,False,U2
layer,min_vote,will+be+appropriate,T3,vix,4,0.969,131,-0.0645,0.4644,-0.0939,0.2862,0.5762,False,U2
layer,min_vote,will+be+appropriate,H1,cfnai,3,0.938,48,0.2443,0.0942,0.2233,0.1272,0.4843,False,U2
layer,min_vote,will+be+appropriate,H1,vix,3,0.938,48,-0.1437,0.33,-0.133,0.3676,0.8251,False,U2
layer,min_vote,will+be+appropriate,H2,cfnai,0,1.0,43,,,,,,False,U2
layer,min_vote,will+be+appropriate,H2,vix,0,1.0,43,,,,,,False,U2
layer,min_vote,would+be+appropriate,T1,cfnai,1,0.99,99,-0.0046,0.9638,-0.0477,0.639,0.8786,False,U2
layer,min_vote,would+be+appropriate,T1,vix,1,0.99,99,-0.0659,0.5172,-0.0707,0.4868,0.685,False,U2
layer,min_vote,would+be+appropriate,T2,cfnai,1,0.989,91,-0.0546,0.6073,-0.0542,0.6099,0.8617,False,U2
layer,min_vote,would+be+appropriate,T2,vix,1,0.989,91,-0.0664,0.5318,-0.0682,0.5205,0.7526,False,U2
layer,min_vote,would+be+appropriate,T3,cfnai,5,0.962,131,-0.0037,0.9666,-0.0214,0.8087,0.9569,False,U2
layer,min_vote,would+be+appropriate,T3,vix,5,0.962,131,-0.0176,0.8415,0.0587,0.5053,0.7427,False,U2
layer,min_vote,would+be+appropriate,H1,cfnai,1,0.979,48,-0.096,0.5164,-0.1054,0.4761,0.7413,False,U2
layer,min_vote,would+be+appropriate,H1,vix,1,0.979,48,-0.0326,0.8258,-0.0053,0.9717,0.9717,False,U2
layer,min_vote,would+be+appropriate,H2,cfnai,0,1.0,43,,,,,,False,U2
layer,min_vote,would+be+appropriate,H2,vix,0,1.0,43,,,,,,False,U2
layer,min_vote,would+hold,T1,cfnai,92,0.071,99,-0.0429,0.6734,0.1447,0.153,0.4686,True,U2
layer,min_vote,would+hold,T1,vix,92,0.071,99,-0.0412,0.6853,0.0288,0.7772,0.8789,True,U2
layer,min_vote,would+hold,T2,cfnai,84,0.077,91,0.1271,0.2299,0.1931,0.0666,0.2981,True,U2
layer,min_vote,would+hold,T2,vix,84,0.077,91,-0.0615,0.5626,-0.0043,0.9676,0.9924,True,U2
layer,min_vote,would+hold,T3,cfnai,121,0.076,131,-0.0379,0.6674,0.1327,0.1309,0.5322,True,U2
layer,min_vote,would+hold,T3,vix,121,0.076,131,-0.1075,0.2218,-0.0361,0.6825,0.8552,True,U2
layer,min_vote,would+hold,H1,cfnai,41,0.146,48,0.1872,0.2026,0.2476,0.0898,0.4843,True,U2
layer,min_vote,would+hold,H1,vix,41,0.146,48,-0.1228,0.4058,-0.1449,0.3259,0.8251,True,U2
layer,min_vote,would+hold,H2,cfnai,43,0.0,43,0.1669,0.2849,0.1603,0.3046,0.5978,True,U2
layer,min_vote,would+hold,H2,vix,43,0.0,43,0.0906,0.5636,0.1186,0.4487,0.7903,True,U2
layer,pc_chair,can+do,T1,cfnai,159,0.237,80,-0.0404,0.7217,0.049,0.6661,0.8857,True,U2
layer,pc_chair,can+do,T1,vix,159,0.237,80,0.4342,0.0001,0.2979,0.0073,0.0439,True,U2
layer,pc_chair,can+do,T2,cfnai,120,0.268,71,0.1249,0.2993,0.0789,0.5131,0.7894,True,U2
layer,pc_chair,can+do,T2,vix,120,0.268,71,0.1586,0.1866,0.1225,0.3087,0.5608,True,U2
layer,pc_chair,can+do,T3,cfnai,193,0.217,92,-0.0297,0.7783,0.0735,0.4865,0.8729,True,U2
layer,pc_chair,can+do,T3,vix,193,0.217,92,0.4273,0.0,0.2697,0.0093,0.0517,True,U2
layer,pc_chair,can+do,H2,cfnai,94,0.163,43,0.1166,0.4563,0.0973,0.5348,0.8099,True,U2
layer,pc_chair,can+do,H2,vix,94,0.163,43,0.0497,0.7518,-0.0003,0.9985,1.0,True,U2
layer,pc_chair,can+everything,T1,cfnai,52,0.463,80,0.0081,0.9429,-0.0894,0.4302,0.7544,True,U2
layer,pc_chair,can+everything,T1,vix,52,0.463,80,0.26,0.0198,0.2811,0.0116,0.0529,True,U2
layer,pc_chair,can+everything,T2,cfnai,48,0.437,71,-0.0223,0.8535,-0.125,0.2988,0.5879,True,U2
layer,pc_chair,can+everything,T2,vix,48,0.437,71,0.3055,0.0096,0.3436,0.0033,0.0251,True,U2
layer,pc_chair,can+everything,T3,cfnai,53,0.522,92,0.0041,0.9694,-0.0665,0.5289,0.898,True,U2
layer,pc_chair,can+everything,T3,vix,53,0.522,92,0.2509,0.0158,0.2775,0.0074,0.0443,True,U2
layer,pc_chair,can+everything,H2,cfnai,47,0.093,43,-0.1565,0.3164,-0.3127,0.0412,0.1678,True,U2
layer,pc_chair,can+everything,H2,vix,47,0.093,43,-0.2228,0.1511,-0.2399,0.1213,0.4944,True,U2
layer,pc_chair,can+have,T1,cfnai,51,0.6,80,-0.06,0.5972,0.1525,0.1769,0.4978,True,U2
layer,pc_chair,can+have,T1,vix,51,0.6,80,0.2798,0.0119,0.2803,0.0118,0.0529,True,U2
layer,pc_chair,can+have,T2,cfnai,46,0.606,71,0.1609,0.18,0.2262,0.0579,0.2894,False,U2
layer,pc_chair,can+have,T2,vix,46,0.606,71,0.3926,0.0007,0.2913,0.0137,0.0574,False,U2
layer,pc_chair,can+have,T3,cfnai,53,0.63,92,-0.0616,0.5595,0.1281,0.2237,0.5934,False,U2
layer,pc_chair,can+have,T3,vix,53,0.63,92,0.2614,0.0118,0.249,0.0167,0.0849,False,U2
layer,pc_chair,can+have,H2,cfnai,39,0.512,43,0.1307,0.4034,0.2349,0.1295,0.3432,False,U2
layer,pc_chair,can+have,H2,vix,39,0.512,43,0.4076,0.0067,0.3974,0.0083,0.3289,False,U2
layer,pc_chair,can+look,T1,cfnai,50,0.637,80,-0.0135,0.9057,-0.0428,0.7062,0.9288,False,U2
layer,pc_chair,can+look,T1,vix,50,0.637,80,-0.0209,0.8538,0.0624,0.5825,0.7661,False,U2
layer,pc_chair,can+look,T2,cfnai,46,0.62,71,-0.1048,0.3845,-0.0929,0.4411,0.7177,False,U2
layer,pc_chair,can+look,T2,vix,46,0.62,71,0.0663,0.5825,0.1208,0.3156,0.5608,False,U2
layer,pc_chair,can+look,T3,cfnai,51,0.674,92,-0.0143,0.8924,-0.0205,0.8459,0.9569,False,U2
layer,pc_chair,can+look,T3,vix,51,0.674,92,0.0144,0.8915,0.1008,0.3391,0.5924,False,U2
layer,pc_chair,can+look,H2,cfnai,43,0.419,43,-0.1832,0.2398,-0.2219,0.1527,0.3854,True,U2
layer,pc_chair,can+look,H2,vix,43,0.419,43,-0.1802,0.2474,-0.2169,0.1625,0.5382,True,U2
layer,pc_chair,can+make,T1,cfnai,38,0.688,80,-0.1779,0.1143,-0.0305,0.7884,0.938,False,U2
layer,pc_chair,can+make,T1,vix,38,0.688,80,0.2999,0.0069,0.2241,0.0457,0.1493,False,U2
layer,pc_chair,can+make,T2,cfnai,30,0.69,71,-0.0068,0.9553,-0.0032,0.9788,0.987,False,U2
layer,pc_chair,can+make,T2,vix,30,0.69,71,0.1923,0.1082,0.2078,0.0821,0.2469,False,U2
layer,pc_chair,can+make,T3,cfnai,46,0.652,92,-0.1739,0.0973,-0.0429,0.6845,0.9569,False,U2
layer,pc_chair,can+make,T3,vix,46,0.652,92,0.28,0.0069,0.1837,0.0796,0.2776,False,U2
layer,pc_chair,can+make,H2,cfnai,22,0.605,43,0.0298,0.8494,0.0609,0.6979,0.8779,False,U2
layer,pc_chair,can+make,H2,vix,22,0.605,43,0.0737,0.6384,0.0795,0.6125,0.8773,False,U2
layer,pc_chair,can+say,T1,cfnai,74,0.525,80,-0.0745,0.5114,-0.0353,0.7561,0.938,True,U2
layer,pc_chair,can+say,T1,vix,74,0.525,80,0.2433,0.0297,0.1211,0.2846,0.5463,True,U2
layer,pc_chair,can+say,T2,cfnai,58,0.521,71,-0.0538,0.6559,-0.0572,0.6359,0.8671,True,U2
layer,pc_chair,can+say,T2,vix,58,0.521,71,0.0361,0.7653,0.078,0.5178,0.7526,True,U2
layer,pc_chair,can+say,T3,cfnai,80,0.533,92,-0.0703,0.5056,0.0104,0.9215,0.9737,True,U2
layer,pc_chair,can+say,T3,vix,80,0.533,92,0.2453,0.0184,0.1313,0.2123,0.5355,True,U2
layer,pc_chair,can+say,H2,cfnai,43,0.512,43,-0.084,0.5925,-0.0887,0.5716,0.8415,True,U2
layer,pc_chair,can+say,H2,vix,43,0.512,43,-0.0398,0.7998,0.0267,0.8651,0.9653,True,U2
layer,pc_chair,can+see,T1,cfnai,100,0.338,80,-0.1015,0.3703,-0.0698,0.5384,0.8572,True,U2
layer,pc_chair,can+see,T1,vix,100,0.338,80,0.0934,0.4101,-0.0227,0.8419,0.9177,True,U2
layer,pc_chair,can+see,T2,cfnai,88,0.324,71,-0.0892,0.4595,-0.0623,0.6059,0.8617,True,U2
layer,pc_chair,can+see,T2,vix,88,0.324,71,0.0389,0.7477,-0.0719,0.5515,0.7696,True,U2
layer,pc_chair,can+see,T3,cfnai,111,0.337,92,-0.1012,0.3372,-0.0633,0.5486,0.9045,True,U2
layer,pc_chair,can+see,T3,vix,111,0.337,92,0.0998,0.3441,0.0025,0.9808,0.9808,True,U2
layer,pc_chair,can+see,H2,cfnai,53,0.326,43,-0.0556,0.7233,-0.1013,0.5179,0.8074,True,U2
layer,pc_chair,can+see,H2,vix,53,0.326,43,0.2117,0.173,0.1392,0.3735,0.7763,True,U2
layer,pc_chair,could+be+appropriate,T1,cfnai,5,0.95,80,0.0045,0.9687,-0.0315,0.7818,0.938,False,U2
layer,pc_chair,could+be+appropriate,T1,vix,5,0.95,80,0.0239,0.8335,0.0078,0.9455,0.9614,False,U2
layer,pc_chair,could+be+appropriate,T2,cfnai,5,0.944,71,-0.0603,0.6174,-0.0465,0.7002,0.9034,False,U2
layer,pc_chair,could+be+appropriate,T2,vix,5,0.944,71,0.0871,0.4704,0.0452,0.708,0.8753,False,U2
layer,pc_chair,could+be+appropriate,T3,cfnai,5,0.957,92,0.0037,0.9723,-0.0243,0.8178,0.9569,False,U2
layer,pc_chair,could+be+appropriate,T3,vix,5,0.957,92,0.0251,0.8124,0.0102,0.9234,0.9467,False,U2
layer,pc_chair,could+be+appropriate,H2,cfnai,3,0.953,43,-0.0659,0.6748,-0.0803,0.6087,0.8602,False,U2
layer,pc_chair,could+be+appropriate,H2,vix,3,0.953,43,0.127,0.4171,0.0588,0.7082,0.9262,False,U2
layer,pc_chair,may+be,T1,cfnai,38,0.662,80,0.0853,0.452,-0.0942,0.4059,0.7544,False,U2
layer,pc_chair,may+be,T1,vix,38,0.662,80,-0.1697,0.1324,-0.1262,0.2646,0.5163,False,U2
layer,pc_chair,may+be,T2,cfnai,36,0.648,71,-0.0875,0.4682,-0.1877,0.117,0.3598,False,U2
layer,pc_chair,may+be,T2,vix,36,0.648,71,-0.1182,0.3263,-0.0865,0.4733,0.71,False,U2
layer,pc_chair,may+be,T3,cfnai,41,0.674,92,0.0817,0.439,-0.08,0.4485,0.8291,False,U2
layer,pc_chair,may+be,T3,vix,41,0.674,92,-0.1536,0.1438,-0.1097,0.2978,0.5776,False,U2
layer,pc_chair,may+be,H2,cfnai,25,0.605,43,-0.1025,0.513,-0.1408,0.3678,0.6609,False,U2
layer,pc_chair,may+be,H2,vix,25,0.605,43,-0.2807,0.0683,-0.3274,0.0321,0.4348,False,U2
layer,pc_chair,may+be+appropriate,T1,cfnai,21,0.887,80,-0.0042,0.9704,-0.1223,0.2799,0.658,False,U2
layer,pc_chair,may+be+appropriate,T1,vix,21,0.887,80,-0.1036,0.3606,-0.0905,0.4249,0.6347,False,U2
layer,pc_chair,may+be+appropriate,T2,cfnai,21,0.873,71,-0.143,0.2343,-0.1497,0.2129,0.4773,False,U2
layer,pc_chair,may+be+appropriate,T2,vix,21,0.873,71,-0.0622,0.6061,-0.044,0.7154,0.8753,False,U2
layer,pc_chair,may+be+appropriate,T3,cfnai,21,0.902,92,-0.0053,0.96,-0.1109,0.2928,0.7236,False,U2
layer,pc_chair,may+be+appropriate,T3,vix,21,0.902,92,-0.095,0.3677,-0.0837,0.4277,0.6605,False,U2
layer,pc_chair,may+be+appropriate,H2,cfnai,19,0.837,43,-0.193,0.215,-0.2321,0.1342,0.3471,False,U2
layer,pc_chair,may+be+appropriate,H2,vix,19,0.837,43,-0.2368,0.1263,-0.2828,0.0661,0.4917,False,U2
layer,pc_chair,should+be+appropriate,T1,cfnai,1,0.988,80,0.4303,0.0001,0.1925,0.0871,0.3295,False,U2
layer,pc_chair,should+be+appropriate,T1,vix,1,0.988,80,0.1335,0.2377,0.1437,0.2034,0.4733,False,U2
layer,pc_chair,should+be+appropriate,T2,cfnai,0,1.0,71,,,,,,False,U2
layer,pc_chair,should+be+appropriate,T2,vix,0,1.0,71,,,,,,False,U2
layer,pc_chair,should+be+appropriate,T3,cfnai,1,0.989,92,0.4292,0.0,0.1797,0.0866,0.4226,False,U2
layer,pc_chair,should+be+appropriate,T3,vix,1,0.989,92,0.1287,0.2213,0.1362,0.1955,0.5186,False,U2
layer,pc_chair,should+be+appropriate,H2,cfnai,0,1.0,43,,,,,,False,U2
layer,pc_chair,should+be+appropriate,H2,vix,0,1.0,43,,,,,,False,U2
layer,pc_chair,will+be,T1,cfnai,105,0.338,80,0.1767,0.1169,0.1813,0.1076,0.3828,True,U2
layer,pc_chair,will+be,T1,vix,105,0.338,80,0.2073,0.065,0.2934,0.0083,0.0455,True,U2
layer,pc_chair,will+be,T2,cfnai,84,0.352,71,0.3906,0.0008,0.2313,0.0523,0.2729,True,U2
layer,pc_chair,will+be,T2,vix,84,0.352,71,0.2018,0.0915,0.2908,0.0139,0.0574,True,U2
layer,pc_chair,will+be,T3,cfnai,108,0.391,92,0.1688,0.1078,0.1654,0.1151,0.4844,True,U2
layer,pc_chair,will+be,T3,vix,108,0.391,92,0.1891,0.071,0.2456,0.0183,0.0891,True,U2
layer,pc_chair,will+be,H2,cfnai,69,0.186,43,0.4713,0.0014,0.321,0.0358,0.1617,True,U2
layer,pc_chair,will+be,H2,vix,69,0.186,43,-0.0453,0.7728,0.0563,0.72,0.9262,True,U2
layer,pc_chair,will+be+able,T1,cfnai,38,0.675,80,0.1291,0.2537,0.0982,0.386,0.7298,False,U2
layer,pc_chair,will+be+able,T1,vix,38,0.675,80,0.0924,0.415,0.0649,0.5674,0.7604,False,U2
layer,pc_chair,will+be+able,T2,cfnai,30,0.69,71,0.2128,0.0748,0.1685,0.1601,0.4264,False,U2
layer,pc_chair,will+be+able,T2,vix,30,0.69,71,0.1341,0.2648,0.0703,0.5601,0.7726,False,U2
layer,pc_chair,will+be+able,T3,cfnai,46,0.663,92,0.114,0.2791,0.0695,0.5105,0.8898,False,U2
layer,pc_chair,will+be+able,T3,vix,46,0.663,92,0.0405,0.7018,0.0212,0.8413,0.9164,False,U2
layer,pc_chair,will+be+able,H2,cfnai,23,0.628,43,0.162,0.2993,0.1658,0.288,0.5978,False,U2
layer,pc_chair,will+be+able,H2,vix,23,0.628,43,0.2037,0.1901,0.1918,0.2178,0.6342,False,U2
layer,pc_chair,will+be+appropriate,T1,cfnai,105,0.425,80,0.1225,0.2789,0.2029,0.0711,0.3295,True,U2
layer,pc_chair,will+be+appropriate,T1,vix,105,0.425,80,-0.0835,0.4613,-0.0534,0.6378,0.8039,True,U2
layer,pc_chair,will+be+appropriate,T2,cfnai,101,0.394,71,0.012,0.9208,0.1222,0.3101,0.6002,True,U2
layer,pc_chair,will+be+appropriate,T2,vix,101,0.394,71,0.0423,0.726,0.0103,0.932,0.9725,True,U2
layer,pc_chair,will+be+appropriate,T3,cfnai,111,0.457,92,0.118,0.2626,0.2177,0.0371,0.2393,True,U2
layer,pc_chair,will+be+appropriate,T3,vix,111,0.457,92,-0.0942,0.3715,-0.0942,0.3719,0.6106,True,U2
layer,pc_chair,will+be+appropriate,H2,cfnai,65,0.349,43,0.0261,0.8679,0.177,0.2561,0.5541,True,U2
layer,pc_chair,will+be+appropriate,H2,vix,65,0.349,43,0.1354,0.3868,0.083,0.5966,0.8773,True,U2
layer,pc_chair,will+be+what,T1,cfnai,46,0.625,80,-0.0774,0.4952,-0.0725,0.5225,0.8572,False,U2
layer,pc_chair,will+be+what,T1,vix,46,0.625,80,0.012,0.916,-0.019,0.867,0.9284,False,U2
layer,pc_chair,will+be+what,T2,cfnai,40,0.648,71,0.0204,0.8658,0.0527,0.6627,0.8755,False,U2
layer,pc_chair,will+be+what,T2,vix,40,0.648,71,0.0038,0.9747,-0.0382,0.7515,0.8753,False,U2
layer,pc_chair,will+be+what,T3,cfnai,47,0.663,92,-0.0792,0.4531,-0.0857,0.4169,0.791,False,U2
layer,pc_chair,will+be+what,T3,vix,47,0.663,92,0.0115,0.9136,-0.0269,0.7988,0.901,False,U2
layer,pc_chair,will+be+what,H2,cfnai,20,0.698,43,-0.0302,0.8478,0.0436,0.7811,0.9104,False,U2
layer,pc_chair,will+be+what,H2,vix,20,0.698,43,0.2612,0.0907,0.21,0.1766,0.5673,False,U2
layer,pc_chair,will+come,T1,cfnai,79,0.425,80,0.0282,0.8037,-0.0636,0.5751,0.8709,True,U2
layer,pc_chair,will+come,T1,vix,79,0.425,80,0.189,0.0931,0.1953,0.0826,0.2629,True,U2
layer,pc_chair,will+come,T2,cfnai,66,0.451,71,-0.0811,0.5011,-0.0962,0.4247,0.7078,True,U2
layer,pc_chair,will+come,T2,vix,66,0.451,71,0.1068,0.3754,0.1524,0.2046,0.4198,True,U2
layer,pc_chair,will+come,T3,cfnai,86,0.446,92,0.0255,0.8091,-0.0533,0.6141,0.9468,True,U2
layer,pc_chair,will+come,T3,vix,86,0.446,92,0.1664,0.1129,0.1525,0.1468,0.4265,True,U2
layer,pc_chair,will+come,H2,cfnai,54,0.349,43,-0.1123,0.4734,-0.0621,0.6922,0.8779,True,U2
layer,pc_chair,will+come,H2,vix,54,0.349,43,-0.1314,0.4011,-0.086,0.5837,0.8773,True,U2
layer,pc_chair,will+continue,T1,cfnai,243,0.025,80,0.0643,0.5707,0.017,0.8811,0.9525,True,U2
layer,pc_chair,will+continue,T1,vix,243,0.025,80,0.0175,0.8775,0.1707,0.1301,0.3422,True,U2
layer,pc_chair,will+continue,T2,cfnai,205,0.028,71,0.0648,0.5913,0.0226,0.8515,0.959,True,U2
layer,pc_chair,will+continue,T2,vix,205,0.028,71,-0.0498,0.68,0.1363,0.2572,0.4822,True,U2
layer,pc_chair,will+continue,T3,cfnai,293,0.022,92,0.0681,0.5188,0.0509,0.6298,0.9486,True,U2
layer,pc_chair,will+continue,T3,vix,293,0.022,92,0.0748,0.4788,0.186,0.0759,0.2723,True,U2
layer,pc_chair,will+continue,H2,cfnai,108,0.023,43,0.0766,0.6256,0.1018,0.5161,0.8074,True,U2
layer,pc_chair,will+continue,H2,vix,108,0.023,43,0.152,0.3306,0.3192,0.0369,0.4348,True,U2
layer,pc_chair,will+depend,T1,cfnai,67,0.537,80,-0.0819,0.4703,0.0555,0.6249,0.8786,True,U2
layer,pc_chair,will+depend,T1,vix,67,0.537,80,0.2028,0.0712,0.2543,0.0228,0.0863,True,U2
layer,pc_chair,will+depend,T2,cfnai,53,0.577,71,0.0316,0.7937,0.0741,0.5389,0.8084,True,U2
layer,pc_chair,will+depend,T2,vix,53,0.577,71,0.036,0.7658,0.1142,0.3429,0.5795,True,U2
layer,pc_chair,will+depend,T3,cfnai,74,0.522,92,-0.0842,0.4247,0.0218,0.8369,0.9569,True,U2
layer,pc_chair,will+depend,T3,vix,74,0.522,92,0.1797,0.0864,0.2213,0.034,0.1483,True,U2
layer,pc_chair,will+depend,H2,cfnai,28,0.581,43,0.0791,0.6139,0.1289,0.4099,0.6785,False,U2
layer,pc_chair,will+depend,H2,vix,28,0.581,43,0.1144,0.4649,0.188,0.2274,0.6342,False,U2
layer,pc_chair,will+do,T1,cfnai,151,0.237,80,0.109,0.3359,0.0598,0.5984,0.8709,True,U2
layer,pc_chair,will+do,T1,vix,151,0.237,80,0.1452,0.1988,0.2835,0.0108,0.0529,True,U2
layer,pc_chair,will+do,T2,cfnai,135,0.254,71,0.0536,0.6573,0.0111,0.9271,0.959,True,U2
layer,pc_chair,will+do,T2,vix,135,0.254,71,0.2123,0.0754,0.3179,0.0069,0.0395,True,U2
layer,pc_chair,will+do,T3,cfnai,169,0.261,92,0.0952,0.3669,-0.0031,0.9765,0.9928,True,U2
layer,pc_chair,will+do,T3,vix,169,0.261,92,0.0974,0.3558,0.1944,0.0634,0.2416,True,U2
layer,pc_chair,will+do,H2,cfnai,122,0.0,43,-0.0056,0.9714,-0.0657,0.6754,0.8779,True,U2
layer,pc_chair,will+do,H2,vix,122,0.0,43,-0.0993,0.5262,-0.1252,0.4238,0.7903,True,U2
layer,pc_chair,will+get,T1,cfnai,57,0.525,80,-0.2096,0.062,-0.1979,0.0785,0.3295,True,U2
layer,pc_chair,will+get,T1,vix,57,0.525,80,0.1638,0.1465,0.1785,0.1131,0.311,True,U2
layer,pc_chair,will+get,T2,cfnai,48,0.563,71,-0.1332,0.268,-0.1084,0.3681,0.6622,True,U2
layer,pc_chair,will+get,T2,vix,48,0.563,71,0.1616,0.1782,0.1518,0.2064,0.4198,True,U2
layer,pc_chair,will+get,T3,cfnai,61,0.543,92,-0.208,0.0466,-0.2046,0.0504,0.2927,True,U2
layer,pc_chair,will+get,T3,vix,61,0.543,92,0.1534,0.1444,0.1613,0.1245,0.3997,True,U2
layer,pc_chair,will+get,H2,cfnai,41,0.419,43,-0.1829,0.2404,-0.1575,0.3133,0.6037,True,U2
layer,pc_chair,will+get,H2,vix,41,0.419,43,0.0046,0.9765,0.0042,0.9789,0.9977,True,U2
layer,pc_chair,will+go,T1,cfnai,60,0.525,80,-0.1173,0.3,-0.1186,0.2947,0.658,True,U2
layer,pc_chair,will+go,T1,vix,60,0.525,80,0.2119,0.0591,-0.0459,0.6859,0.8299,True,U2
layer,pc_chair,will+go,T2,cfnai,46,0.535,71,0.0305,0.8009,-0.0379,0.7534,0.959,True,U2
layer,pc_chair,will+go,T2,vix,46,0.535,71,-0.0733,0.5436,-0.1168,0.3321,0.5699,True,U2
layer,pc_chair,will+go,T3,cfnai,63,0.565,92,-0.1151,0.2745,-0.104,0.3239,0.7457,True,U2
layer,pc_chair,will+go,T3,vix,63,0.565,92,0.1949,0.0627,-0.0498,0.6373,0.846,True,U2
layer,pc_chair,will+go,H2,cfnai,31,0.535,43,0.1178,0.452,-0.0222,0.8874,0.9612,False,U2
layer,pc_chair,will+go,H2,vix,31,0.535,43,-0.1205,0.4416,-0.1885,0.226,0.6342,False,U2
layer,pc_chair,will+happen,T1,cfnai,57,0.562,80,0.1229,0.2773,0.0293,0.7961,0.938,True,U2
layer,pc_chair,will+happen,T1,vix,57,0.562,80,0.0367,0.7468,0.1651,0.1433,0.3613,True,U2
layer,pc_chair,will+happen,T2,cfnai,55,0.535,71,0.2045,0.0871,0.0058,0.9616,0.9779,True,U2
layer,pc_chair,will+happen,T2,vix,55,0.535,71,0.144,0.231,0.2499,0.0356,0.1255,True,U2
layer,pc_chair,will+happen,T3,cfnai,62,0.565,92,0.1183,0.2614,0.0187,0.8598,0.958,True,U2
layer,pc_chair,will+happen,T3,vix,62,0.565,92,0.0161,0.8788,0.1221,0.2464,0.5762,True,U2
layer,pc_chair,will+happen,H2,cfnai,44,0.395,43,0.2844,0.0646,0.0501,0.7495,0.9056,True,U2
layer,pc_chair,will+happen,H2,vix,44,0.395,43,0.0745,0.6351,0.2033,0.1911,0.5957,True,U2
layer,pc_chair,will+have,T1,cfnai,216,0.087,80,0.002,0.9856,-0.2882,0.0095,0.0962,True,U2
layer,pc_chair,will+have,T1,vix,216,0.087,80,-0.1326,0.241,-0.1013,0.3711,0.5901,True,U2
layer,pc_chair,will+have,T2,cfnai,203,0.07,71,-0.2925,0.0133,-0.3276,0.0053,0.0578,True,U2
layer,pc_chair,will+have,T2,vix,203,0.07,71,0.0195,0.8716,0.0428,0.7228,0.8753,True,U2
layer,pc_chair,will+have,T3,cfnai,246,0.087,92,0.007,0.9475,-0.2175,0.0373,0.2393,True,U2
layer,pc_chair,will+have,T3,vix,246,0.087,92,-0.1292,0.2195,-0.1002,0.3421,0.5924,True,U2
layer,pc_chair,will+have,H2,cfnai,148,0.0,43,-0.4439,0.0029,-0.4278,0.0042,0.0298,True,U2
layer,pc_chair,will+have,H2,vix,148,0.0,43,-0.2089,0.1788,-0.1794,0.2497,0.6383,True,U2
layer,pc_chair,will+help,T1,cfnai,43,0.65,80,0.2771,0.0128,0.1057,0.351,0.7258,False,U2
layer,pc_chair,will+help,T1,vix,43,0.65,80,0.1479,0.1903,0.1127,0.3196,0.5524,False,U2
layer,pc_chair,will+help,T2,cfnai,33,0.676,71,0.1344,0.2638,-0.0335,0.7818,0.959,False,U2
layer,pc_chair,will+help,T2,vix,33,0.676,71,0.0485,0.6876,0.0131,0.9139,0.962,False,U2
layer,pc_chair,will+help,T3,cfnai,54,0.609,92,0.2608,0.012,0.0756,0.4738,0.8628,False,U2
layer,pc_chair,will+help,T3,vix,54,0.609,92,0.1334,0.2047,0.1205,0.2525,0.5762,False,U2
layer,pc_chair,will+help,H2,cfnai,28,0.558,43,0.1325,0.397,-0.0618,0.6937,0.8779,False,U2
layer,pc_chair,will+help,H2,vix,28,0.558,43,-0.1049,0.503,-0.174,0.2644,0.6383,False,U2
layer,pc_chair,will+know,T1,cfnai,51,0.637,80,-0.088,0.4374,0.0896,0.4291,0.7544,False,U2
layer,pc_chair,will+know,T1,vix,51,0.637,80,0.0354,0.7553,0.1304,0.2491,0.4961,False,U2
layer,pc_chair,will+know,T2,cfnai,45,0.634,71,0.2323,0.0512,0.2326,0.0509,0.2729,False,U2
layer,pc_chair,will+know,T2,vix,45,0.634,71,0.1767,0.1405,0.2297,0.0539,0.1749,False,U2
layer,pc_chair,will+know,T3,cfnai,51,0.685,92,-0.0879,0.4047,0.0967,0.3591,0.7823,False,U2
layer,pc_chair,will+know,T3,vix,51,0.685,92,0.0395,0.7086,0.1294,0.2191,0.5355,False,U2
layer,pc_chair,will+know,H2,cfnai,38,0.488,43,0.1396,0.3721,0.1832,0.2398,0.5295,False,U2
layer,pc_chair,will+know,H2,vix,38,0.488,43,0.07,0.6554,0.0323,0.8371,0.9542,False,U2
layer,pc_chair,will+look,T1,cfnai,143,0.275,80,-0.0207,0.8553,-0.1972,0.0795,0.3295,True,U2
layer,pc_chair,will+look,T1,vix,143,0.275,80,-0.0782,0.4905,-0.0684,0.5464,0.7428,True,U2
layer,pc_chair,will+look,T2,cfnai,135,0.239,71,-0.2001,0.0943,-0.1904,0.1117,0.3598,True,U2
layer,pc_chair,will+look,T2,vix,135,0.239,71,0.0108,0.929,0.036,0.7659,0.8753,True,U2
layer,pc_chair,will+look,T3,cfnai,172,0.272,92,-0.0277,0.7932,-0.2263,0.03,0.2291,True,U2
layer,pc_chair,will+look,T3,vix,172,0.272,92,-0.121,0.2508,-0.1164,0.2693,0.5762,True,U2
layer,pc_chair,will+look,H2,cfnai,84,0.256,43,-0.2427,0.1169,-0.1969,0.2056,0.4953,True,U2
layer,pc_chair,will+look,H2,vix,84,0.256,43,-0.0287,0.8549,-0.0288,0.8546,0.9637,True,U2
layer,pc_chair,will+make,T1,cfnai,69,0.487,80,0.0407,0.72,-0.0254,0.8232,0.9432,True,U2
layer,pc_chair,will+make,T1,vix,69,0.487,80,0.0513,0.651,0.1011,0.3722,0.5901,True,U2
layer,pc_chair,will+make,T2,cfnai,62,0.479,71,-0.0339,0.7789,-0.0266,0.826,0.959,True,U2
layer,pc_chair,will+make,T2,vix,62,0.479,71,0.1595,0.1838,0.1965,0.1005,0.2805,True,U2
layer,pc_chair,will+make,T3,cfnai,79,0.478,92,0.033,0.7548,-0.0286,0.787,0.9569,True,U2
layer,pc_chair,will+make,T3,vix,79,0.478,92,0.0522,0.6213,0.1064,0.3128,0.5781,True,U2
layer,pc_chair,will+make,H2,cfnai,50,0.395,43,-0.0409,0.7948,0.0161,0.9182,0.97,True,U2
layer,pc_chair,will+make,H2,vix,50,0.395,43,0.0592,0.7059,0.1738,0.265,0.6383,True,U2
layer,pc_chair,will+move,T1,cfnai,68,0.537,80,0.0813,0.4734,0.1356,0.2305,0.5917,True,U2
layer,pc_chair,will+move,T1,vix,68,0.537,80,-0.161,0.1536,-0.1803,0.1095,0.311,True,U2
layer,pc_chair,will+move,T2,cfnai,64,0.507,71,0.0844,0.4842,0.1716,0.1523,0.4264,True,U2
layer,pc_chair,will+move,T2,vix,64,0.507,71,-0.0528,0.6622,-0.0599,0.62,0.8,True,U2
layer,pc_chair,will+move,T3,cfnai,73,0.565,92,0.0788,0.4554,0.1325,0.208,0.5768,True,U2
layer,pc_chair,will+move,T3,vix,73,0.565,92,-0.1592,0.1297,-0.1924,0.0662,0.2446,True,U2
layer,pc_chair,will+move,H2,cfnai,25,0.628,43,0.2944,0.0554,0.1876,0.2284,0.5206,False,U2
layer,pc_chair,will+move,H2,vix,25,0.628,43,0.1601,0.305,0.1459,0.3506,0.7585,False,U2
layer,pc_chair,will+need,T1,cfnai,43,0.625,80,-0.3615,0.001,-0.0078,0.9451,0.9774,False,U2
layer,pc_chair,will+need,T1,vix,43,0.625,80,0.4015,0.0002,0.316,0.0043,0.0305,False,U2
layer,pc_chair,will+need,T2,cfnai,32,0.648,71,0.136,0.258,0.213,0.0745,0.2981,False,U2
layer,pc_chair,will+need,T2,vix,32,0.648,71,0.3541,0.0025,0.2975,0.0118,0.0537,False,U2
layer,pc_chair,will+need,T3,cfnai,45,0.652,92,-0.3503,0.0006,0.0255,0.8093,0.9569,False,U2
layer,pc_chair,will+need,T3,vix,45,0.652,92,0.3723,0.0003,0.2841,0.0061,0.0389,False,U2
layer,pc_chair,will+need,H2,cfnai,24,0.581,43,0.1414,0.3656,0.2699,0.08,0.2651,False,U2
layer,pc_chair,will+need,H2,vix,24,0.581,43,0.3545,0.0197,0.3352,0.028,0.4348,False,U2
layer,pc_chair,will+remain,T1,cfnai,35,0.713,80,0.236,0.0351,0.1952,0.0827,0.3295,False,U2
layer,pc_chair,will+remain,T1,vix,35,0.713,80,-0.0091,0.9362,-0.0368,0.7459,0.8726,False,U2
layer,pc_chair,will+remain,T2,cfnai,27,0.718,71,0.2175,0.0684,0.2487,0.0365,0.2307,False,U2
layer,pc_chair,will+remain,T2,vix,27,0.718,71,0.0055,0.9634,0.0033,0.9785,0.9926,False,U2
layer,pc_chair,will+remain,T3,cfnai,47,0.674,92,0.1883,0.0723,0.1181,0.2622,0.6664,False,U2
layer,pc_chair,will+remain,T3,vix,47,0.674,92,-0.0657,0.5337,-0.0939,0.3732,0.6106,False,U2
layer,pc_chair,will+remain,H2,cfnai,15,0.767,43,0.3029,0.0484,0.2737,0.0758,0.2591,False,U2
layer,pc_chair,will+remain,H2,vix,15,0.767,43,-0.0557,0.7225,0.0416,0.7911,0.9317,False,U2
layer,pc_chair,will+say,T1,cfnai,132,0.312,80,-0.0101,0.9294,-0.0013,0.9909,0.9951,True,U2
layer,pc_chair,will+say,T1,vix,132,0.312,80,0.0495,0.6626,0.1374,0.2243,0.4961,True,U2
layer,pc_chair,will+say,T2,cfnai,115,0.338,71,0.1069,0.3749,-0.0129,0.9146,0.959,True,U2
layer,pc_chair,will+say,T2,vix,115,0.338,71,0.0877,0.4669,0.1496,0.2131,0.4263,True,U2
layer,pc_chair,will+say,T3,cfnai,136,0.359,92,-0.0112,0.9156,0.0088,0.9338,0.9737,True,U2
layer,pc_chair,will+say,T3,vix,136,0.359,92,0.071,0.501,0.1581,0.1323,0.4139,True,U2
layer,pc_chair,will+say,H2,cfnai,88,0.233,43,0.1561,0.3174,0.081,0.6058,0.8602,True,U2
layer,pc_chair,will+say,H2,vix,88,0.233,43,-0.0193,0.9021,0.0088,0.9553,0.9927,True,U2
layer,pc_chair,will+see,T1,cfnai,177,0.2,80,-0.0107,0.9251,0.0118,0.9176,0.9571,True,U2
layer,pc_chair,will+see,T1,vix,177,0.2,80,0.2194,0.0506,0.3384,0.0021,0.0199,True,U2
layer,pc_chair,will+see,T2,cfnai,158,0.225,71,0.0741,0.5391,0.0545,0.6515,0.8755,True,U2
layer,pc_chair,will+see,T2,vix,158,0.225,71,0.2398,0.044,0.3403,0.0037,0.026,True,U2
layer,pc_chair,will+see,T3,cfnai,193,0.217,92,-0.0117,0.912,0.016,0.88,0.958,True,U2
layer,pc_chair,will+see,T3,vix,193,0.217,92,0.1783,0.0891,0.2544,0.0144,0.0763,True,U2
layer,pc_chair,will+see,H2,cfnai,127,0.093,43,0.0123,0.9375,0.0215,0.8913,0.9612,True,U2
layer,pc_chair,will+see,H2,vix,127,0.093,43,0.1455,0.352,0.2749,0.0744,0.4917,True,U2
layer,pc_chair,will+take,T1,cfnai,146,0.225,80,0.0191,0.8662,-0.0717,0.5276,0.8572,True,U2
layer,pc_chair,will+take,T1,vix,146,0.225,80,0.2018,0.0727,0.2588,0.0205,0.0799,True,U2
layer,pc_chair,will+take,T2,cfnai,127,0.239,71,-0.0785,0.5155,-0.1279,0.2879,0.5879,True,U2
layer,pc_chair,will+take,T2,vix,127,0.239,71,0.2294,0.0543,0.2503,0.0352,0.1255,True,U2
layer,pc_chair,will+take,T3,cfnai,161,0.217,92,0.0197,0.852,-0.0494,0.6403,0.9527,True,U2
layer,pc_chair,will+take,T3,vix,161,0.217,92,0.1789,0.088,0.2265,0.0299,0.1351,True,U2
layer,pc_chair,will+take,H2,cfnai,102,0.116,43,-0.0629,0.6886,-0.0702,0.6545,0.8779,True,U2
layer,pc_chair,will+take,H2,vix,102,0.116,43,0.0893,0.5692,0.0349,0.8241,0.9542,True,U2
layer,pc_chair,will+use,T1,cfnai,43,0.662,80,0.0129,0.9099,0.0907,0.4239,0.7544,False,U2
layer,pc_chair,will+use,T1,vix,43,0.662,80,0.0003,0.9982,-0.0019,0.9869,0.9903,False,U2
layer,pc_chair,will+use,T2,cfnai,34,0.69,71,0.0817,0.4982,0.159,0.1855,0.4451,False,U2
layer,pc_chair,will+use,T2,vix,34,0.69,71,-0.004,0.9735,-0.0202,0.8674,0.9293,False,U2
layer,pc_chair,will+use,T3,cfnai,45,0.685,92,0.0106,0.9198,0.0903,0.3921,0.791,False,U2
layer,pc_chair,will+use,T3,vix,45,0.685,92,-0.0069,0.9477,-0.0297,0.7787,0.8962,False,U2
layer,pc_chair,will+use,H2,cfnai,16,0.744,43,0.3466,0.0228,0.4055,0.007,0.0463,False,U2
layer,pc_chair,will+use,H2,vix,16,0.744,43,0.1525,0.3291,0.1571,0.3142,0.7241,False,U2
layer,pc_chair,will+watch,T1,cfnai,53,0.588,80,0.059,0.6033,0.0565,0.6189,0.8786,True,U2
layer,pc_chair,will+watch,T1,vix,53,0.588,80,0.01,0.9296,0.08,0.4806,0.6841,True,U2
layer,pc_chair,will+watch,T2,cfnai,51,0.563,71,0.0005,0.9969,0.0246,0.8384,0.959,True,U2
layer,pc_chair,will+watch,T2,vix,51,0.563,71,0.117,0.3311,0.1596,0.1838,0.4198,True,U2
layer,pc_chair,will+watch,T3,cfnai,55,0.63,92,0.0546,0.6052,0.0658,0.5329,0.898,False,U2
layer,pc_chair,will+watch,T3,vix,55,0.63,92,0.0089,0.9328,0.0776,0.4621,0.6945,False,U2
layer,pc_chair,will+watch,H2,cfnai,32,0.581,43,0.039,0.8038,0.0533,0.7341,0.9048,False,U2
layer,pc_chair,will+watch,H2,vix,32,0.581,43,-0.0158,0.9199,0.0145,0.9265,0.9864,False,U2
layer,pc_chair,would+be,T1,cfnai,90,0.425,80,0.1457,0.1973,0.2079,0.0643,0.3295,True,U2
layer,pc_chair,would+be,T1,vix,90,0.425,80,-0.0015,0.9891,0.0594,0.6005,0.7729,True,U2
layer,pc_chair,would+be,T2,cfnai,80,0.423,71,0.0567,0.6388,0.0914,0.4486,0.7177,True,U2
layer,pc_chair,would+be,T2,vix,80,0.423,71,0.0186,0.8774,0.0429,0.7226,0.8753,True,U2
layer,pc_chair,would+be,T3,cfnai,102,0.402,92,0.1444,0.1697,0.2059,0.0489,0.2927,True,U2
layer,pc_chair,would+be,T3,vix,102,0.402,92,-0.0209,0.8431,0.045,0.6701,0.8552,True,U2
layer,pc_chair,would+be,H2,cfnai,63,0.326,43,0.0196,0.9009,0.0282,0.8577,0.947,True,U2
layer,pc_chair,would+be,H2,vix,63,0.326,43,-0.2037,0.1901,-0.2433,0.116,0.4917,True,U2
layer,pc_chair,would+be+appropriate,T1,cfnai,38,0.688,80,0.0282,0.804,-0.0163,0.8858,0.9525,False,U2
layer,pc_chair,would+be+appropriate,T1,vix,38,0.688,80,-0.0911,0.4216,-0.1351,0.2322,0.4961,False,U2
layer,pc_chair,would+be+appropriate,T2,cfnai,36,0.676,71,-0.0235,0.8457,0.0117,0.9228,0.959,False,U2
layer,pc_chair,would+be+appropriate,T2,vix,36,0.676,71,-0.0102,0.9326,-0.0723,0.5491,0.7696,False,U2
layer,pc_chair,would+be+appropriate,T3,cfnai,42,0.685,92,0.0269,0.7991,-0.0152,0.8854,0.958,False,U2
layer,pc_chair,would+be+appropriate,T3,vix,42,0.685,92,-0.0951,0.3673,-0.1543,0.1421,0.4227,False,U2
layer,pc_chair,would+be+appropriate,H2,cfnai,22,0.674,43,-0.0138,0.9299,-0.0017,0.9912,0.9942,False,U2
layer,pc_chair,would+be+appropriate,H2,vix,22,0.674,43,0.0921,0.5569,-0.043,0.7844,0.9317,False,U2
layer,pc_chair,would+do,T1,cfnai,45,0.6,80,-0.0801,0.4797,0.0364,0.7488,0.938,True,U2
layer,pc_chair,would+do,T1,vix,45,0.6,80,-0.0618,0.5863,-0.0945,0.4045,0.6118,True,U2
layer,pc_chair,would+do,T2,cfnai,41,0.577,71,0.0287,0.8121,0.0193,0.873,0.959,True,U2
layer,pc_chair,would+do,T2,vix,41,0.577,71,0.0035,0.9769,-0.0789,0.5131,0.7526,True,U2
layer,pc_chair,would+do,T3,cfnai,50,0.609,92,-0.0839,0.4266,-0.0152,0.8857,0.958,False,U2
layer,pc_chair,would+do,T3,vix,50,0.609,92,-0.0738,0.4846,-0.1008,0.3391,0.5924,False,U2
layer,pc_chair,would+do,H2,cfnai,29,0.558,43,0.0631,0.6876,0.0669,0.6697,0.8779,False,U2
layer,pc_chair,would+do,H2,vix,29,0.558,43,0.0605,0.6999,-0.0339,0.8292,0.9542,False,U2
layer,pc_chair,would+expect,T1,cfnai,81,0.45,80,0.1809,0.1082,0.2442,0.0291,0.2036,True,U2
layer,pc_chair,would+expect,T1,vix,81,0.45,80,0.0443,0.6965,0.0871,0.4422,0.6447,True,U2
layer,pc_chair,would+expect,T2,cfnai,71,0.437,71,0.0426,0.7241,0.1259,0.2953,0.5879,True,U2
layer,pc_chair,would+expect,T2,vix,71,0.437,71,0.0774,0.5213,0.0986,0.4132,0.644,True,U2
layer,pc_chair,would+expect,T3,cfnai,97,0.424,92,0.1731,0.0989,0.229,0.0281,0.2287,True,U2
layer,pc_chair,would+expect,T3,vix,97,0.424,92,-0.0011,0.9916,0.0382,0.718,0.8587,True,U2
layer,pc_chair,would+expect,H2,cfnai,38,0.488,43,0.089,0.5703,0.1541,0.3239,0.6132,False,U2
layer,pc_chair,would+expect,H2,vix,38,0.488,43,0.3382,0.0265,0.2723,0.0773,0.4917,False,U2
layer,pc_chair,would+have,T1,cfnai,81,0.375,80,0.1155,0.3078,0.1056,0.3513,0.7258,True,U2
layer,pc_chair,would+have,T1,vix,81,0.375,80,0.0123,0.9136,-0.0521,0.6465,0.8065,True,U2
layer,pc_chair,would+have,T2,cfnai,70,0.38,71,0.0955,0.4284,0.0817,0.4982,0.7765,True,U2
layer,pc_chair,would+have,T2,vix,70,0.38,71,0.1201,0.3183,-0.0024,0.9843,0.9926,True,U2
layer,pc_chair,would+have,T3,cfnai,105,0.326,92,0.1093,0.2998,0.0868,0.4104,0.791,True,U2
layer,pc_chair,would+have,T3,vix,105,0.326,92,-0.0295,0.7803,-0.0652,0.5369,0.7617,True,U2
layer,pc_chair,would+have,H2,cfnai,48,0.349,43,0.1301,0.4055,0.1386,0.3755,0.663,True,U2
layer,pc_chair,would+have,H2,vix,48,0.349,43,0.0784,0.6173,-0.1054,0.5012,0.8301,True,U2
layer,pc_chair,would+like,T1,cfnai,112,0.362,80,0.1577,0.1625,0.2155,0.0549,0.3019,True,U2
layer,pc_chair,would+like,T1,vix,112,0.362,80,0.0409,0.7188,-0.0751,0.5081,0.6987,True,U2
layer,pc_chair,would+like,T2,cfnai,103,0.366,71,0.2087,0.0807,0.2026,0.0902,0.3092,True,U2
layer,pc_chair,would+like,T2,vix,103,0.366,71,0.1135,0.3461,-0.0541,0.654,0.8349,True,U2
layer,pc_chair,would+like,T3,cfnai,151,0.315,92,0.1318,0.2106,0.1491,0.1562,0.5443,True,U2
layer,pc_chair,would+like,T3,vix,151,0.315,92,0.09,0.3938,-0.0261,0.8049,0.901,True,U2
layer,pc_chair,would+like,H2,cfnai,49,0.488,43,0.5055,0.0005,0.4958,0.0007,0.0128,True,U2
layer,pc_chair,would+like,H2,vix,49,0.488,43,0.2501,0.1057,0.2443,0.1143,0.4917,True,U2
layer,pc_chair,would+look,T1,cfnai,90,0.5,80,0.1264,0.2637,0.0326,0.7742,0.938,True,U2
layer,pc_chair,would+look,T1,vix,90,0.5,80,0.071,0.5314,-0.0078,0.945,0.9614,True,U2
layer,pc_chair,would+look,T2,cfnai,76,0.507,71,-0.0725,0.5478,-0.059,0.6248,0.8617,True,U2
layer,pc_chair,would+look,T2,vix,76,0.507,71,0.1009,0.4024,-0.0622,0.6062,0.7994,True,U2
layer,pc_chair,would+look,T3,cfnai,92,0.543,92,0.1208,0.2514,0.0275,0.7946,0.9569,True,U2
layer,pc_chair,would+look,T3,vix,92,0.543,92,0.0884,0.4021,0.0135,0.8986,0.929,True,U2
layer,pc_chair,would+look,H2,cfnai,57,0.442,43,-0.1513,0.3328,-0.1325,0.3969,0.6785,True,U2
layer,pc_chair,would+look,H2,vix,57,0.442,43,0.0631,0.6875,-0.1747,0.2625,0.6383,True,U2
layer,pc_chair,would+point,T1,cfnai,62,0.525,80,0.1119,0.3229,-0.0534,0.6378,0.8786,True,U2
layer,pc_chair,would+point,T1,vix,62,0.525,80,0.0672,0.5537,-0.0099,0.9306,0.9614,True,U2
layer,pc_chair,would+point,T2,cfnai,52,0.535,71,-0.0488,0.6859,-0.0695,0.5645,0.8363,True,U2
layer,pc_chair,would+point,T2,vix,52,0.535,71,-0.0801,0.5067,-0.0312,0.7959,0.8843,True,U2
layer,pc_chair,would+point,T3,cfnai,65,0.554,92,0.1066,0.312,-0.0355,0.7369,0.9569,True,U2
layer,pc_chair,would+point,T3,vix,65,0.554,92,0.1014,0.3361,0.034,0.7478,0.8772,True,U2
layer,pc_chair,would+point,H2,cfnai,29,0.512,43,0.0275,0.8611,0.0319,0.8391,0.947,False,U2
layer,pc_chair,would+point,H2,vix,29,0.512,43,-0.1198,0.444,-0.1249,0.425,0.7903,False,U2
layer,pc_chair,would+say,T1,cfnai,662,0.0,80,-0.011,0.9232,-0.133,0.2396,0.5917,True,U2
layer,pc_chair,would+say,T1,vix,662,0.0,80,0.1339,0.2364,0.1341,0.2356,0.4961,True,U2
layer,pc_chair,would+say,T2,cfnai,568,0.0,71,-0.1508,0.2094,-0.1631,0.1741,0.4264,True,U2
layer,pc_chair,would+say,T2,vix,568,0.0,71,0.105,0.3833,0.0746,0.5361,0.7659,True,U2
layer,pc_chair,would+say,T3,cfnai,685,0.033,92,-0.0138,0.896,-0.0925,0.3805,0.791,True,U2
layer,pc_chair,would+say,T3,vix,685,0.033,92,0.1266,0.229,0.1159,0.2712,0.5762,True,U2
layer,pc_chair,would+say,H2,cfnai,415,0.0,43,-0.1943,0.2118,-0.1522,0.33,0.6138,True,U2
layer,pc_chair,would+say,H2,vix,415,0.0,43,-0.0163,0.9175,-0.0874,0.5772,0.8773,True,U2
layer,pc_chair,would+see,T1,cfnai,43,0.675,80,-0.0047,0.9671,0.0355,0.7546,0.938,False,U2
layer,pc_chair,would+see,T1,vix,43,0.675,80,0.0435,0.7015,0.1081,0.3399,0.5633,False,U2
layer,pc_chair,would+see,T2,cfnai,40,0.662,71,0.0935,0.4378,0.103,0.3926,0.6708,False,U2
layer,pc_chair,would+see,T2,vix,40,0.662,71,0.0327,0.7867,0.1342,0.2645,0.4883,False,U2
layer,pc_chair,would+see,T3,cfnai,45,0.696,92,-0.0079,0.9401,0.01,0.9248,0.9737,False,U2
layer,pc_chair,would+see,T3,vix,45,0.696,92,0.0424,0.688,0.105,0.3194,0.5815,False,U2
layer,pc_chair,would+see,H2,cfnai,23,0.651,43,0.0963,0.5389,0.0976,0.5336,0.8099,False,U2
layer,pc_chair,would+see,H2,vix,23,0.651,43,0.1645,0.2917,0.1523,0.3297,0.7436,False,U2
layer,pc_chair,would+take,T1,cfnai,72,0.562,80,0.0103,0.928,-0.1696,0.1325,0.4341,True,U2
layer,pc_chair,would+take,T1,vix,72,0.562,80,-0.2636,0.0182,-0.2641,0.0179,0.0729,True,U2
layer,pc_chair,would+take,T2,cfnai,72,0.507,71,-0.2128,0.0748,-0.214,0.0731,0.2981,True,U2
layer,pc_chair,would+take,T2,vix,72,0.507,71,-0.1941,0.1049,-0.1904,0.1117,0.298,True,U2
layer,pc_chair,would+take,T3,cfnai,85,0.554,92,0.0096,0.9279,-0.146,0.1651,0.5458,True,U2
layer,pc_chair,would+take,T3,vix,85,0.554,92,-0.2792,0.007,-0.2874,0.0055,0.0371,True,U2
layer,pc_chair,would+take,H2,cfnai,42,0.535,43,-0.274,0.0754,-0.2853,0.0637,0.2327,True,U2
layer,pc_chair,would+take,H2,vix,42,0.535,43,-0.1701,0.2754,-0.1273,0.4159,0.7903,True,U2
layer,pc_chair,would+think,T1,cfnai,52,0.6,80,-0.0382,0.7363,-0.0644,0.5705,0.8709,True,U2
layer,pc_chair,would+think,T1,vix,52,0.6,80,0.1447,0.2003,0.2405,0.0316,0.1153,True,U2
layer,pc_chair,would+think,T2,cfnai,45,0.62,71,0.0336,0.7808,-0.0483,0.6893,0.8991,False,U2
layer,pc_chair,would+think,T2,vix,45,0.62,71,0.2049,0.0865,0.2427,0.0414,0.1419,False,U2
layer,pc_chair,would+think,T3,cfnai,54,0.63,92,-0.0379,0.7197,-0.0588,0.5775,0.9159,False,U2
layer,pc_chair,would+think,T3,vix,54,0.63,92,0.1387,0.1873,0.2267,0.0298,0.1351,False,U2
layer,pc_chair,would+think,H2,cfnai,39,0.488,43,0.0418,0.7899,0.0101,0.9486,0.9783,False,U2
layer,pc_chair,would+think,H2,vix,39,0.488,43,0.053,0.7358,0.0646,0.6808,0.9262,False,U2
layer,pc_chair,would+want,T1,cfnai,108,0.362,80,-0.0953,0.4006,-0.0338,0.7659,0.938,True,U2
layer,pc_chair,would+want,T1,vix,108,0.362,80,-0.0146,0.8977,0.0162,0.8867,0.9411,True,U2
layer,pc_chair,would+want,T2,cfnai,99,0.352,71,-0.0296,0.8062,-0.0152,0.8997,0.959,True,U2
layer,pc_chair,would+want,T2,vix,99,0.352,71,0.0138,0.9091,0.0228,0.8503,0.9192,True,U2
layer,pc_chair,would+want,T3,cfnai,111,0.413,92,-0.095,0.3678,-0.0255,0.8096,0.9569,True,U2
layer,pc_chair,would+want,T3,vix,111,0.413,92,-0.0047,0.9643,0.0321,0.7612,0.8844,True,U2
layer,pc_chair,would+want,H2,cfnai,61,0.279,43,0.0448,0.7754,-0.0097,0.9506,0.9783,True,U2
layer,pc_chair,would+want,H2,vix,61,0.279,43,-0.1015,0.517,-0.096,0.5402,0.8449,True,U2
layer,pc_journalist,can+give,T1,cfnai,41,0.65,80,-0.0411,0.7171,-0.1162,0.3045,0.658,False,U2
layer,pc_journalist,can+give,T1,vix,41,0.65,80,0.0346,0.7605,-0.1315,0.2451,0.4961,False,U2
layer,pc_journalist,can+give,T2,cfnai,35,0.662,71,-0.18,0.1332,-0.1643,0.1709,0.4264,False,U2
layer,pc_journalist,can+give,T2,vix,35,0.662,71,-0.2129,0.0747,-0.2513,0.0345,0.1255,False,U2
layer,pc_journalist,can+give,T3,cfnai,48,0.63,92,-0.0422,0.6897,-0.1402,0.1826,0.5458,False,U2
layer,pc_journalist,can+give,T3,vix,48,0.63,92,0.0042,0.968,-0.1557,0.1384,0.4221,False,U2
layer,pc_journalist,can+give,H2,cfnai,20,0.651,43,-0.2109,0.1746,-0.281,0.068,0.2403,False,U2
layer,pc_journalist,can+give,H2,vix,20,0.651,43,-0.2001,0.1983,-0.2745,0.0748,0.4917,False,U2
layer,pc_journalist,could+be+appropriate,T1,cfnai,1,0.988,80,-0.0161,0.8869,-0.1389,0.2192,0.5765,False,U2
layer,pc_journalist,could+be+appropriate,T1,vix,1,0.988,80,-0.1096,0.3331,-0.1535,0.1741,0.4213,False,U2
layer,pc_journalist,could+be+appropriate,T2,cfnai,1,0.986,71,-0.1255,0.2969,-0.1575,0.1896,0.446,False,U2
layer,pc_journalist,could+be+appropriate,T2,vix,1,0.986,71,-0.1213,0.3136,-0.1575,0.1897,0.4198,False,U2
layer,pc_journalist,could+be+appropriate,T3,cfnai,1,0.989,92,-0.0165,0.8759,-0.1362,0.1954,0.5543,False,U2
layer,pc_journalist,could+be+appropriate,T3,vix,1,0.989,92,-0.1035,0.326,-0.148,0.1591,0.4481,False,U2
layer,pc_journalist,could+be+appropriate,H2,cfnai,0,1.0,43,,,,,,False,U2
layer,pc_journalist,could+be+appropriate,H2,vix,0,1.0,43,,,,,,False,U2
layer,pc_journalist,could+follow,T1,cfnai,79,0.487,80,0.2392,0.0326,0.1574,0.1633,0.4704,True,U2
layer,pc_journalist,could+follow,T1,vix,79,0.487,80,0.0778,0.4929,0.0356,0.7541,0.8726,True,U2
layer,pc_journalist,could+follow,T2,cfnai,72,0.465,71,0.12,0.3189,0.075,0.5341,0.8084,True,U2
layer,pc_journalist,could+follow,T2,vix,72,0.465,71,0.1784,0.1366,0.0993,0.4098,0.644,True,U2
layer,pc_journalist,could+follow,T3,cfnai,83,0.511,92,0.2286,0.0284,0.1289,0.2206,0.5934,True,U2
layer,pc_journalist,could+follow,T3,vix,83,0.511,92,0.0771,0.4652,0.043,0.6837,0.8552,True,U2
layer,pc_journalist,could+follow,H2,cfnai,56,0.349,43,0.1366,0.3823,0.0809,0.606,0.8602,True,U2
layer,pc_journalist,could+follow,H2,vix,56,0.349,43,0.0977,0.5329,-0.0208,0.8945,0.9833,True,U2
layer,pc_journalist,could+talk,T1,cfnai,56,0.537,80,0.0481,0.6715,0.034,0.7645,0.938,True,U2
layer,pc_journalist,could+talk,T1,vix,56,0.537,80,0.0967,0.3936,0.1402,0.2148,0.4903,True,U2
layer,pc_journalist,could+talk,T2,cfnai,52,0.535,71,0.2487,0.0365,0.0114,0.9249,0.959,True,U2
layer,pc_journalist,could+talk,T2,vix,52,0.535,71,0.2452,0.0393,0.2095,0.0795,0.2469,True,U2
layer,pc_journalist,could+talk,T3,cfnai,62,0.543,92,0.0469,0.657,0.0337,0.7495,0.9569,True,U2
layer,pc_journalist,could+talk,T3,vix,62,0.543,92,0.0778,0.4609,0.1126,0.2854,0.5762,True,U2
layer,pc_journalist,could+talk,H2,cfnai,33,0.535,43,0.4884,0.0009,0.2886,0.0605,0.2291,False,U2
layer,pc_journalist,could+talk,H2,vix,33,0.535,43,0.2387,0.1231,0.248,0.1088,0.4917,False,U2
layer,pc_journalist,may+be+appropriate,T1,cfnai,1,0.988,80,-0.0061,0.9574,-0.0902,0.4264,0.7544,False,U2
layer,pc_journalist,may+be+appropriate,T1,vix,1,0.988,80,-0.0906,0.424,-0.1096,0.333,0.5597,False,U2
layer,pc_journalist,may+be+appropriate,T2,cfnai,1,0.986,71,-0.0734,0.5429,-0.1021,0.3969,0.6708,False,U2
layer,pc_journalist,may+be+appropriate,T2,vix,1,0.986,71,-0.0955,0.4281,-0.1108,0.3576,0.5926,False,U2
layer,pc_journalist,may+be+appropriate,T3,cfnai,1,0.989,92,-0.0064,0.9514,-0.0888,0.3997,0.791,False,U2
layer,pc_journalist,may+be+appropriate,T3,vix,1,0.989,92,-0.0854,0.4183,-0.1086,0.303,0.5776,False,U2
layer,pc_journalist,may+be+appropriate,H2,cfnai,1,0.977,43,-0.0915,0.5595,-0.1369,0.3815,0.663,False,U2
layer,pc_journalist,may+be+appropriate,H2,vix,1,0.977,43,-0.1857,0.2332,-0.2238,0.1491,0.5268,False,U2
layer,pc_journalist,will+be+appropriate,T1,cfnai,2,0.975,80,0.0113,0.9211,-0.0234,0.8366,0.946,False,U2
layer,pc_journalist,will+be+appropriate,T1,vix,2,0.975,80,-0.0137,0.9041,-0.0014,0.9903,0.9903,False,U2
layer,pc_journalist,will+be+appropriate,T2,cfnai,1,0.986,71,0.1303,0.2786,0.1429,0.2344,0.5023,False,U2
layer,pc_journalist,will+be+appropriate,T2,vix,1,0.986,71,0.1229,0.3074,0.1458,0.225,0.4427,False,U2
layer,pc_journalist,will+be+appropriate,T3,cfnai,4,0.967,92,0.0006,0.9957,-0.0612,0.5621,0.9143,False,U2
layer,pc_journalist,will+be+appropriate,T3,vix,4,0.967,92,-0.0578,0.5843,-0.0396,0.708,0.8552,False,U2
layer,pc_journalist,will+be+appropriate,H2,cfnai,1,0.977,43,0.1371,0.3806,0.1617,0.3001,0.5978,False,U2
layer,pc_journalist,will+be+appropriate,H2,vix,1,0.977,43,0.1036,0.5084,0.1492,0.3396,0.7499,False,U2
layer,pc_journalist,would+be+appropriate,T1,cfnai,6,0.938,80,-0.016,0.8879,-0.1461,0.1961,0.5292,False,U2
layer,pc_journalist,would+be+appropriate,T1,vix,6,0.938,80,0.0255,0.8226,0.0203,0.8583,0.9273,False,U2
layer,pc_journalist,would+be+appropriate,T2,cfnai,5,0.944,71,-0.1667,0.1648,-0.168,0.1615,0.4264,False,U2
layer,pc_journalist,would+be+appropriate,T2,vix,5,0.944,71,-0.1018,0.3981,-0.0412,0.733,0.8753,False,U2
layer,pc_journalist,would+be+appropriate,T3,cfnai,7,0.935,92,-0.0129,0.9029,-0.11,0.2966,0.7236,False,U2
layer,pc_journalist,would+be+appropriate,T3,vix,7,0.935,92,0.1137,0.2807,0.0871,0.4093,0.6485,False,U2
layer,pc_journalist,would+be+appropriate,H2,cfnai,1,0.977,43,-0.1287,0.4107,-0.1617,0.3001,0.5978,False,U2
layer,pc_journalist,would+be+appropriate,H2,vix,1,0.977,43,0.0114,0.942,0.0497,0.7514,0.9262,False,U2
layer,pc_journalist,would+like,T1,cfnai,67,0.45,80,0.114,0.314,0.1014,0.3708,0.7258,True,U2
layer,pc_journalist,would+like,T1,vix,67,0.45,80,-0.3628,0.0009,-0.4109,0.0002,0.0018,True,U2
layer,pc_journalist,would+like,T2,cfnai,63,0.423,71,0.0845,0.4835,0.1314,0.2746,0.578,True,U2
layer,pc_journalist,would+like,T2,vix,63,0.423,71,-0.3208,0.0064,-0.3631,0.0019,0.0149,True,U2
layer,pc_journalist,would+like,T3,cfnai,81,0.424,92,0.1062,0.3136,0.0887,0.4005,0.791,True,U2
layer,pc_journalist,would+like,T3,vix,81,0.424,92,-0.3512,0.0006,-0.4032,0.0001,0.0016,True,U2
layer,pc_journalist,would+like,H2,cfnai,22,0.581,43,0.3594,0.0179,0.3017,0.0493,0.1935,False,U2
layer,pc_journalist,would+like,H2,vix,22,0.581,43,-0.0295,0.851,-0.0519,0.7411,0.9262,False,U2
layer,pc_moderator,will+go,T1,cfnai,77,0.449,49,0.0915,0.5319,0.4677,0.0007,0.0095,True,U2
layer,pc_moderator,will+go,T1,vix,77,0.449,49,0.2509,0.0821,0.3768,0.0076,0.0439,True,U2
layer,pc_moderator,will+go,T2,cfnai,63,0.5,42,0.4845,0.0011,0.6075,0.0,0.0008,True,U2
layer,pc_moderator,will+go,T2,vix,63,0.5,42,0.3397,0.0277,0.3841,0.012,0.0537,True,U2
layer,pc_moderator,will+go,T3,cfnai,77,0.449,49,0.0915,0.5319,0.4677,0.0007,0.0107,True,U2
layer,pc_moderator,will+go,T3,vix,77,0.449,49,0.2509,0.0821,0.3768,0.0076,0.0443,True,U2
layer,pc_moderator,will+go,H2,cfnai,63,0.5,42,0.4845,0.0011,0.6075,0.0,0.0021,True,U2
layer,pc_moderator,will+go,H2,vix,63,0.5,42,0.3397,0.0277,0.3841,0.012,0.3289,True,U2
layer,speech_chair,can+be+appropriate,T1,cfnai,1,0.992,124,-0.0047,0.9585,-0.0567,0.5316,0.8572,False,U2
layer,speech_chair,can+be+appropriate,T1,vix,1,0.992,124,0.0335,0.7122,0.0945,0.2967,0.55,False,U2
layer,speech_chair,can+be+appropriate,T2,cfnai,1,0.992,118,-0.0578,0.5339,-0.0665,0.4741,0.7486,False,U2
layer,speech_chair,can+be+appropriate,T2,vix,1,0.992,118,0.0713,0.4428,0.1099,0.236,0.4496,False,U2
layer,speech_chair,can+be+appropriate,T3,cfnai,1,0.994,174,-0.0063,0.9338,-0.0613,0.4214,0.791,False,U2
layer,speech_chair,can+be+appropriate,T3,vix,1,0.994,174,0.0239,0.7543,0.081,0.2881,0.5762,False,U2
layer,speech_chair,can+be+appropriate,H1,cfnai,0,1.0,73,,,,,,False,U2
layer,speech_chair,can+be+appropriate,H1,vix,0,1.0,73,,,,,,False,U2
layer,speech_chair,can+be+appropriate,H2,cfnai,1,0.978,45,-0.0846,0.5806,-0.0757,0.6211,0.8663,False,U2
layer,speech_chair,can+be+appropriate,H2,vix,1,0.978,45,0.0128,0.9334,0.0813,0.5957,0.8773,False,U2
layer,speech_chair,can+help,T1,cfnai,22,0.863,124,0.0546,0.5469,0.1273,0.1588,0.4686,False,U2
layer,speech_chair,can+help,T1,vix,22,0.863,124,-0.0405,0.6553,-0.1435,0.1117,0.311,False,U2
layer,speech_chair,can+help,T2,cfnai,22,0.856,118,0.0992,0.2851,0.1149,0.2154,0.4773,False,U2
layer,speech_chair,can+help,T2,vix,22,0.856,118,0.0105,0.9099,-0.1226,0.1861,0.4198,False,U2
layer,speech_chair,can+help,T3,cfnai,40,0.828,174,0.0373,0.6255,0.0174,0.82,0.9569,False,U2
layer,speech_chair,can+help,T3,vix,40,0.828,174,-0.0117,0.8781,-0.0449,0.5566,0.7717,False,U2
layer,speech_chair,can+help,H1,cfnai,19,0.808,73,0.0517,0.664,0.0969,0.4145,0.7413,False,U2
layer,speech_chair,can+help,H1,vix,19,0.808,73,0.1374,0.2464,-0.076,0.5227,0.8251,False,U2
layer,speech_chair,can+help,H2,cfnai,3,0.933,45,0.3207,0.0317,0.1252,0.4126,0.6785,False,U2
layer,speech_chair,can+help,H2,vix,3,0.933,45,0.1566,0.3043,0.1147,0.4531,0.7903,False,U2
layer,speech_chair,could+be+appropriate,T1,cfnai,2,0.984,124,0.0044,0.9615,0.0157,0.8629,0.9525,False,U2
layer,speech_chair,could+be+appropriate,T1,vix,2,0.984,124,0.0516,0.5696,0.1041,0.2501,0.4961,False,U2
layer,speech_chair,could+be+appropriate,T2,cfnai,2,0.983,118,-0.0306,0.7419,0.011,0.9056,0.959,False,U2
layer,speech_chair,could+be+appropriate,T2,vix,2,0.983,118,0.1058,0.2541,0.1237,0.1819,0.4198,False,U2
layer,speech_chair,could+be+appropriate,T3,cfnai,2,0.989,174,0.0022,0.9775,0.0147,0.8471,0.9569,False,U2
layer,speech_chair,could+be+appropriate,T3,vix,2,0.989,174,0.0376,0.6228,0.0936,0.2195,0.5355,False,U2
layer,speech_chair,could+be+appropriate,H1,cfnai,0,1.0,73,,,,,,False,U2
layer,speech_chair,could+be+appropriate,H1,vix,0,1.0,73,,,,,,False,U2
layer,speech_chair,could+be+appropriate,H2,cfnai,2,0.956,45,-0.0543,0.7232,-0.0011,0.9942,0.9942,False,U2
layer,speech_chair,could+be+appropriate,H2,vix,2,0.956,45,0.0343,0.8231,0.0439,0.7746,0.9317,False,U2
layer,speech_chair,may+be+appropriate,T1,cfnai,6,0.96,124,0.0205,0.8213,0.0006,0.9951,0.9951,False,U2
layer,speech_chair,may+be+appropriate,T1,vix,6,0.96,124,-0.0804,0.3746,-0.096,0.289,0.5463,False,U2
layer,speech_chair,may+be+appropriate,T2,cfnai,6,0.958,118,0.008,0.9316,-0.0104,0.9109,0.959,False,U2
layer,speech_chair,may+be+appropriate,T2,vix,6,0.958,118,-0.0814,0.3806,-0.0849,0.3605,0.5926,False,U2
layer,speech_chair,may+be+appropriate,T3,cfnai,7,0.966,174,0.0168,0.8264,-0.0068,0.9286,0.9737,False,U2
layer,speech_chair,may+be+appropriate,T3,vix,7,0.966,174,-0.0733,0.3366,-0.072,0.3448,0.5924,False,U2
layer,speech_chair,may+be+appropriate,H1,cfnai,5,0.945,73,0.029,0.8073,-0.0384,0.7473,0.8593,False,U2
layer,speech_chair,may+be+appropriate,H1,vix,5,0.945,73,-0.0979,0.4099,-0.0613,0.6063,0.8251,False,U2
layer,speech_chair,may+be+appropriate,H2,cfnai,1,0.978,45,-0.0054,0.9718,0.0291,0.8494,0.947,False,U2
layer,speech_chair,may+be+appropriate,H2,vix,1,0.978,45,-0.0436,0.7762,0.0,1.0,1.0,False,U2
layer,speech_chair,will+be+appropriate,T1,cfnai,21,0.863,124,0.1384,0.1254,0.0469,0.6046,0.8709,False,U2
layer,speech_chair,will+be+appropriate,T1,vix,21,0.863,124,0.0204,0.822,-0.033,0.7157,0.849,False,U2
layer,speech_chair,will+be+appropriate,T2,cfnai,20,0.864,118,0.0065,0.9443,-0.0131,0.8879,0.959,False,U2
layer,speech_chair,will+be+appropriate,T2,vix,20,0.864,118,0.0486,0.6011,-0.0464,0.6179,0.8,False,U2
layer,speech_chair,will+be+appropriate,T3,cfnai,21,0.902,174,0.1286,0.0907,0.0378,0.6208,0.9468,False,U2
layer,speech_chair,will+be+appropriate,T3,vix,21,0.902,174,0.0021,0.9783,-0.045,0.5553,0.7717,False,U2
layer,speech_chair,will+be+appropriate,H1,cfnai,14,0.849,73,-0.0787,0.5081,-0.0776,0.5142,0.7413,False,U2
layer,speech_chair,will+be+appropriate,H1,vix,14,0.849,73,-0.0256,0.83,-0.0175,0.8833,0.9194,False,U2
layer,speech_chair,will+be+appropriate,H2,cfnai,6,0.889,45,0.0517,0.7361,0.0468,0.7604,0.9056,False,U2
layer,speech_chair,will+be+appropriate,H2,vix,6,0.889,45,0.0582,0.7039,0.0413,0.7877,0.9317,False,U2
layer,speech_chair,will+continue,T1,cfnai,77,0.621,124,0.0248,0.7843,-0.0052,0.9539,0.9782,False,U2
layer,speech_chair,will+continue,T1,vix,77,0.621,124,0.0421,0.6423,-0.0063,0.9446,0.9614,False,U2
layer,speech_chair,will+continue,T2,cfnai,74,0.627,118,0.0084,0.9277,0.0255,0.7844,0.959,False,U2
layer,speech_chair,will+continue,T2,vix,74,0.627,118,-0.0017,0.9856,-0.0252,0.7863,0.8827,False,U2
layer,speech_chair,will+continue,T3,cfnai,112,0.621,174,0.0167,0.8266,-0.0319,0.6758,0.9569,False,U2
layer,speech_chair,will+continue,T3,vix,112,0.621,174,0.0542,0.4778,0.0135,0.8599,0.9203,False,U2
layer,speech_chair,will+continue,H1,cfnai,47,0.616,73,0.1429,0.2277,0.0965,0.4165,0.7413,False,U2
layer,speech_chair,will+continue,H1,vix,47,0.616,73,-0.0314,0.7919,0.038,0.7498,0.8331,False,U2
layer,speech_chair,will+continue,H2,cfnai,27,0.644,45,-0.1042,0.4959,-0.0878,0.5663,0.8415,False,U2
layer,speech_chair,will+continue,H2,vix,27,0.644,45,-0.0845,0.5809,-0.1378,0.3668,0.7763,False,U2
layer,speech_chair,will+discuss,T1,cfnai,55,0.694,124,-0.0202,0.8238,-0.0161,0.8592,0.9525,False,U2
layer,speech_chair,will+discuss,T1,vix,55,0.694,124,-0.0025,0.978,-0.08,0.3773,0.5901,False,U2
layer,speech_chair,will+discuss,T2,cfnai,53,0.695,118,-0.0862,0.3535,0.0109,0.9066,0.959,False,U2
layer,speech_chair,will+discuss,T2,vix,53,0.695,118,0.0182,0.8449,-0.0928,0.3178,0.5608,False,U2
layer,speech_chair,will+discuss,T3,cfnai,89,0.644,174,-0.0182,0.8116,-0.0632,0.4071,0.791,False,U2
layer,speech_chair,will+discuss,T3,vix,89,0.644,174,0.0707,0.3541,0.0188,0.805,0.901,False,U2
layer,speech_chair,will+discuss,H1,cfnai,41,0.658,73,-0.201,0.0882,-0.1229,0.3001,0.7413,False,U2
layer,speech_chair,will+discuss,H1,vix,41,0.658,73,-0.012,0.9197,-0.1212,0.3071,0.8251,False,U2
layer,speech_chair,will+discuss,H2,cfnai,12,0.756,45,-0.0292,0.8491,0.1243,0.4161,0.6785,False,U2
layer,speech_chair,will+discuss,H2,vix,12,0.756,45,-0.0297,0.8466,0.0193,0.8998,0.9833,False,U2
layer,speech_chair,will+need,T1,cfnai,36,0.831,124,-0.036,0.6911,-0.1652,0.0667,0.3295,False,U2
layer,speech_chair,will+need,T1,vix,36,0.831,124,-0.0089,0.9215,-0.1053,0.2443,0.4961,False,U2
layer,speech_chair,will+need,T2,cfnai,34,0.831,118,-0.113,0.2231,-0.1596,0.0844,0.3092,False,U2
layer,speech_chair,will+need,T2,vix,34,0.831,118,-0.0482,0.6039,-0.1237,0.1821,0.4198,False,U2
layer,speech_chair,will+need,T3,cfnai,51,0.805,174,-0.0365,0.6328,-0.1106,0.1461,0.5443,False,U2
layer,speech_chair,will+need,T3,vix,51,0.805,174,-0.0157,0.8372,-0.0257,0.7362,0.872,False,U2
layer,speech_chair,will+need,H1,cfnai,26,0.795,73,-0.1441,0.2238,-0.1728,0.1438,0.4889,False,U2
layer,speech_chair,will+need,H1,vix,26,0.795,73,-0.0188,0.8742,-0.0865,0.4666,0.8251,False,U2
layer,speech_chair,will+need,H2,cfnai,8,0.889,45,-0.1334,0.3822,-0.164,0.2817,0.5972,False,U2
layer,speech_chair,will+need,H2,vix,8,0.889,45,-0.0061,0.9683,-0.0043,0.9774,0.9977,False,U2
layer,speech_chair,would+be+appropriate,T1,cfnai,11,0.944,124,0.0093,0.9186,-0.01,0.9122,0.9571,False,U2
layer,speech_chair,would+be+appropriate,T1,vix,11,0.944,124,-0.045,0.62,-0.0428,0.6368,0.8039,False,U2
layer,speech_chair,would+be+appropriate,T2,cfnai,11,0.941,118,-0.0486,0.6016,-0.0235,0.8004,0.959,False,U2
layer,speech_chair,would+be+appropriate,T2,vix,11,0.941,118,-0.0226,0.8079,-0.0251,0.7871,0.8827,False,U2
layer,speech_chair,would+be+appropriate,T3,cfnai,16,0.937,174,0.0202,0.7914,0.0515,0.4999,0.884,False,U2
layer,speech_chair,would+be+appropriate,T3,vix,16,0.937,174,-0.0477,0.532,-0.0127,0.8677,0.9205,False,U2
layer,speech_chair,would+be+appropriate,H1,cfnai,10,0.918,73,-0.0821,0.4897,-0.054,0.65,0.8086,False,U2
layer,speech_chair,would+be+appropriate,H1,vix,10,0.918,73,-0.0295,0.8045,0.0491,0.68,0.8251,False,U2
layer,speech_chair,would+be+appropriate,H2,cfnai,1,0.978,45,0.0129,0.9332,0.0582,0.704,0.8779,False,U2
layer,speech_chair,would+be+appropriate,H2,vix,1,0.978,45,0.1777,0.2428,0.1857,0.2219,0.6342,False,U2
layer,speech_chair,would+like,T1,cfnai,54,0.677,124,0.0765,0.3987,0.1066,0.2389,0.5917,False,U2
layer,speech_chair,would+like,T1,vix,54,0.677,124,-0.1666,0.0644,-0.2681,0.0026,0.021,False,U2
layer,speech_chair,would+like,T2,cfnai,54,0.661,118,0.1106,0.2332,0.0796,0.3914,0.6708,False,U2
layer,speech_chair,would+like,T2,vix,54,0.661,118,-0.1409,0.128,-0.232,0.0115,0.0537,False,U2
layer,speech_chair,would+like,T3,cfnai,84,0.649,174,0.0592,0.4375,0.0653,0.3917,0.791,False,U2
layer,speech_chair,would+like,T3,vix,84,0.649,174,-0.0413,0.5886,-0.1459,0.0547,0.2223,False,U2
layer,speech_chair,would+like,H1,cfnai,47,0.534,73,-0.0346,0.7715,-0.0689,0.5624,0.7413,True,U2
layer,speech_chair,would+like,H1,vix,47,0.534,73,-0.1246,0.2937,-0.1717,0.1463,0.6827,True,U2
layer,speech_chair,would+like,H2,cfnai,7,0.867,45,0.2884,0.0547,0.3125,0.0366,0.1617,False,U2
layer,speech_chair,would+like,H2,vix,7,0.867,45,-0.0099,0.9486,-0.0129,0.9328,0.9864,False,U2
layer,statement,could+impede,T1,cfnai,46,0.545,101,0.1358,0.1757,-0.0771,0.4432,0.7554,True,U2
layer,statement,could+impede,T1,vix,46,0.545,101,0.1983,0.0468,0.3589,0.0002,0.0023,True,U2
layer,statement,could+impede,T2,cfnai,43,0.527,91,-0.0854,0.4209,-0.1809,0.0861,0.3092,True,U2
layer,statement,could+impede,T2,vix,43,0.527,91,0.474,0.0,0.4739,0.0,0.0001,True,U2
layer,statement,could+impede,T3,cfnai,46,0.654,133,0.1216,0.1633,-0.0208,0.8119,0.9569,False,U2
layer,statement,could+impede,T3,vix,46,0.654,133,0.1316,0.131,0.2467,0.0042,0.032,False,U2
layer,statement,could+impede,H1,cfnai,0,1.0,48,,,,,,False,U2
layer,statement,could+impede,H1,vix,0,1.0,48,,,,,,False,U2
layer,statement,could+impede,H2,cfnai,43,0.0,43,-0.6024,0.0,-0.4384,0.0033,0.0287,True,U2
layer,statement,could+impede,H2,vix,43,0.0,43,0.0006,0.9969,-0.0119,0.9398,0.9864,True,U2
layer,statement,may+be+appropriate,T1,cfnai,10,0.901,101,-0.022,0.827,-0.2158,0.0302,0.2036,False,U2
layer,statement,may+be+appropriate,T1,vix,10,0.901,101,-0.1032,0.3042,-0.0774,0.4419,0.6447,False,U2
layer,statement,may+be+appropriate,T2,cfnai,10,0.89,91,-0.2161,0.0396,-0.2479,0.0178,0.1434,False,U2
layer,statement,may+be+appropriate,T2,vix,10,0.89,91,-0.0621,0.5589,-0.0366,0.7308,0.8753,False,U2
layer,statement,may+be+appropriate,T3,cfnai,10,0.925,133,-0.0228,0.7948,-0.1915,0.0273,0.2287,False,U2
layer,statement,may+be+appropriate,T3,vix,10,0.925,133,-0.1056,0.2263,-0.0944,0.2797,0.5762,False,U2
layer,statement,may+be+appropriate,H1,cfnai,3,0.938,48,-0.217,0.1385,-0.2292,0.1171,0.4843,False,U2
layer,statement,may+be+appropriate,H1,vix,3,0.938,48,0.0563,0.7036,0.0621,0.6751,0.8251,False,U2
layer,statement,may+be+appropriate,H2,cfnai,7,0.837,43,-0.2298,0.1382,-0.2371,0.1257,0.3432,False,U2
layer,statement,may+be+appropriate,H2,vix,7,0.837,43,-0.2827,0.0662,-0.3058,0.0461,0.4443,False,U2
layer,statement,will+assess,T1,cfnai,72,0.287,101,-0.222,0.0256,-0.3556,0.0003,0.0041,True,U2
layer,statement,will+assess,T1,vix,72,0.287,101,-0.2315,0.0198,-0.2653,0.0073,0.0439,True,U2
layer,statement,will+assess,T2,cfnai,66,0.275,91,-0.3973,0.0001,-0.2983,0.0041,0.0578,True,U2
layer,statement,will+assess,T2,vix,66,0.275,91,-0.2899,0.0053,-0.2279,0.0298,0.1192,True,U2
layer,statement,will+assess,T3,cfnai,74,0.444,133,-0.1907,0.0279,-0.251,0.0036,0.0395,True,U2
layer,statement,will+assess,T3,vix,74,0.444,133,-0.2294,0.0079,-0.3208,0.0002,0.0027,True,U2
layer,statement,will+assess,H1,cfnai,47,0.021,48,-0.109,0.4608,0.0059,0.968,0.9717,True,U2
layer,statement,will+assess,H1,vix,47,0.021,48,0.1108,0.4533,-0.071,0.6315,0.8251,True,U2
layer,statement,will+assess,H2,cfnai,19,0.558,43,-0.4938,0.0008,-0.4338,0.0037,0.0287,False,U2
layer,statement,will+assess,H2,vix,19,0.558,43,-0.3207,0.036,-0.2647,0.0862,0.4917,False,U2
layer,statement,will+be+appropriate,T1,cfnai,43,0.614,101,0.2223,0.0254,0.3639,0.0002,0.0037,False,U2
layer,statement,will+be+appropriate,T1,vix,43,0.614,101,0.1791,0.0731,0.235,0.018,0.0729,False,U2
layer,statement,will+be+appropriate,T2,cfnai,40,0.604,91,0.3078,0.003,0.295,0.0045,0.0578,False,U2
layer,statement,will+be+appropriate,T2,vix,40,0.604,91,0.3816,0.0002,0.2868,0.0058,0.0369,False,U2
layer,statement,will+be+appropriate,T3,cfnai,53,0.639,133,0.2066,0.017,0.3197,0.0002,0.0043,False,U2
layer,statement,will+be+appropriate,T3,vix,53,0.639,133,0.0656,0.4529,0.057,0.5146,0.7473,False,U2
layer,statement,will+be+appropriate,H1,cfnai,16,0.708,48,0.0676,0.6479,0.0816,0.5814,0.7413,False,U2
layer,statement,will+be+appropriate,H1,vix,16,0.708,48,0.1172,0.4276,0.0997,0.5002,0.8251,False,U2
layer,statement,will+be+appropriate,H2,cfnai,24,0.488,43,0.4096,0.0064,0.3861,0.0105,0.0621,False,U2
layer,statement,will+be+appropriate,H2,vix,24,0.488,43,0.311,0.0424,0.2779,0.0711,0.4917,False,U2
layer,statement,will+continue,T1,cfnai,125,0.327,101,-0.0524,0.603,-0.1638,0.1018,0.3732,True,U2
layer,statement,will+continue,T1,vix,125,0.327,101,0.3364,0.0006,0.4083,0.0,0.0007,True,U2
layer,statement,will+continue,T2,cfnai,105,0.352,91,-0.0917,0.3871,-0.1797,0.0883,0.3092,True,U2
layer,statement,will+continue,T2,vix,105,0.352,91,0.3483,0.0007,0.3954,0.0001,0.0011,True,U2
layer,statement,will+continue,T3,cfnai,166,0.286,133,-0.0528,0.5459,-0.1463,0.0928,0.4348,True,U2
layer,statement,will+continue,T3,vix,166,0.286,133,0.3168,0.0002,0.3751,0.0,0.0005,True,U2
layer,statement,will+continue,H1,cfnai,20,0.667,48,-0.2274,0.1201,-0.1966,0.1806,0.5417,False,U2
layer,statement,will+continue,H1,vix,20,0.667,48,0.0964,0.5146,0.0815,0.5821,0.8251,False,U2
layer,statement,will+continue,H2,cfnai,85,0.0,43,-0.2722,0.0774,-0.2556,0.0981,0.3151,True,U2
layer,statement,will+continue,H2,vix,85,0.0,43,-0.338,0.0266,-0.3254,0.0333,0.4348,True,U2
layer,statement,will+monitor,T1,cfnai,32,0.683,101,-0.2734,0.0057,-0.0525,0.602,0.8709,False,U2
layer,statement,will+monitor,T1,vix,32,0.683,101,-0.1575,0.1158,-0.2965,0.0026,0.021,False,U2
layer,statement,will+monitor,T2,cfnai,29,0.681,91,-0.0369,0.7285,0.0525,0.6214,0.8617,False,U2
layer,statement,will+monitor,T2,vix,29,0.681,91,-0.3437,0.0009,-0.4108,0.0001,0.0006,False,U2
layer,statement,will+monitor,T3,cfnai,45,0.662,133,-0.2552,0.003,-0.1149,0.1879,0.5458,False,U2
layer,statement,will+monitor,T3,vix,45,0.662,133,-0.2337,0.0068,-0.3497,0.0,0.0015,False,U2
layer,statement,will+monitor,H1,cfnai,27,0.438,48,0.0455,0.7586,0.1223,0.4074,0.7413,False,U2
layer,statement,will+monitor,H1,vix,27,0.438,48,-0.2814,0.0527,-0.3748,0.0087,0.2212,False,U2
layer,statement,will+monitor,H2,cfnai,2,0.953,43,-0.0912,0.5609,-0.0735,0.6396,0.8691,False,U2
layer,statement,will+monitor,H2,vix,2,0.953,43,0.0098,0.9503,0.0505,0.7478,0.9262,False,U2
layer,statement,will+take,T1,cfnai,123,0.02,101,-0.0308,0.7601,-0.2214,0.0261,0.2036,True,U2
layer,statement,will+take,T1,vix,123,0.02,101,-0.0835,0.4066,0.1009,0.3153,0.5524,True,U2
layer,statement,will+take,T2,cfnai,115,0.0,91,-0.3017,0.0037,-0.244,0.0197,0.1481,True,U2
layer,statement,will+take,T2,vix,115,0.0,91,0.2299,0.0283,0.2719,0.0091,0.0476,True,U2
layer,statement,will+take,T3,cfnai,136,0.173,133,-0.0326,0.7091,-0.1249,0.1519,0.5443,True,U2
layer,statement,will+take,T3,vix,136,0.173,133,-0.1788,0.0394,-0.1112,0.2027,0.5261,True,U2
layer,statement,will+take,H1,cfnai,62,0.0,48,-0.0333,0.8221,0.0881,0.5516,0.7413,True,U2
layer,statement,will+take,H1,vix,62,0.0,48,0.2885,0.0467,0.1978,0.1778,0.6827,True,U2
layer,statement,will+take,H2,cfnai,53,0.0,43,-0.4682,0.0015,-0.4736,0.0013,0.0185,True,U2
layer,statement,will+take,H2,vix,53,0.0,43,-0.0957,0.5415,-0.0729,0.6423,0.8958,True,U2
layer,statement,would+be+prepared,T1,cfnai,46,0.545,101,0.1358,0.1757,-0.0771,0.4432,0.7554,True,U2
layer,statement,would+be+prepared,T1,vix,46,0.545,101,0.1983,0.0468,0.3589,0.0002,0.0023,True,U2
layer,statement,would+be+prepared,T2,cfnai,43,0.527,91,-0.0854,0.4209,-0.1809,0.0861,0.3092,True,U2
layer,statement,would+be+prepared,T2,vix,43,0.527,91,0.474,0.0,0.4739,0.0,0.0001,True,U2
layer,statement,would+be+prepared,T3,cfnai,46,0.654,133,0.1216,0.1633,-0.0208,0.8119,0.9569,False,U2
layer,statement,would+be+prepared,T3,vix,46,0.654,133,0.1316,0.131,0.2467,0.0042,0.032,False,U2
layer,statement,would+be+prepared,H1,cfnai,0,1.0,48,,,,,,False,U2
layer,statement,would+be+prepared,H1,vix,0,1.0,48,,,,,,False,U2
layer,statement,would+be+prepared,H2,cfnai,43,0.0,43,-0.6024,0.0,-0.4384,0.0033,0.0287,True,U2
layer,statement,would+be+prepared,H2,vix,43,0.0,43,0.0006,0.9969,-0.0119,0.9398,0.9864,True,U2
layer,statement_vote,will+be+appropriate,T1,cfnai,4,0.96,100,0.2462,0.0135,0.2052,0.0405,0.2539,False,U2
layer,statement_vote,will+be+appropriate,T1,vix,4,0.96,100,-0.0596,0.5561,-0.0886,0.3806,0.5901,False,U2
layer,statement_vote,will+be+appropriate,T2,cfnai,3,0.967,91,0.1201,0.2569,0.1445,0.1717,0.4264,False,U2
layer,statement_vote,will+be+appropriate,T2,vix,3,0.967,91,-0.1594,0.1312,-0.1819,0.0844,0.2469,False,U2
layer,statement_vote,will+be+appropriate,T3,cfnai,5,0.962,132,0.1775,0.0418,0.1159,0.1856,0.5458,False,U2
layer,statement_vote,will+be+appropriate,T3,vix,5,0.962,132,-0.0718,0.4132,-0.095,0.2787,0.5762,False,U2
layer,statement_vote,will+be+appropriate,H1,cfnai,3,0.938,48,0.2438,0.0949,0.2233,0.1272,0.4843,False,U2
layer,statement_vote,will+be+appropriate,H1,vix,3,0.938,48,-0.1433,0.3314,-0.133,0.3676,0.8251,False,U2
layer,statement_vote,will+be+appropriate,H2,cfnai,0,1.0,43,,,,,,False,U2
layer,statement_vote,will+be+appropriate,H2,vix,0,1.0,43,,,,,,False,U2
