key,unit,period,macro,k,n,r,p_r,rho,p_rho
minutes,ALL,T1,cfnai,-9,99,0.2229,0.0266,0.2324,0.0206
minutes,ALL,T1,cfnai,-8,99,0.1755,0.0822,0.229,0.0226
minutes,ALL,T1,cfnai,-7,99,0.086,0.3974,0.2265,0.0242
minutes,ALL,T1,cfnai,-6,99,-0.0677,0.5057,0.1902,0.0593
minutes,ALL,T1,cfnai,-5,99,-0.1516,0.1343,0.1053,0.2995
minutes,ALL,T1,cfnai,-4,99,-0.0599,0.556,0.1416,0.1621
minutes,ALL,T1,cfnai,-3,99,-0.0063,0.9504,0.1601,0.1134
minutes,ALL,T1,cfnai,-2,99,-0.0203,0.8417,0.0994,0.3278
minutes,ALL,T1,cfnai,-1,99,-0.07,0.4909,0.0337,0.7408
minutes,ALL,T1,cfnai,0,99,-0.1633,0.1063,0.0469,0.6448
minutes,ALL,T1,cfnai,1,99,-0.0462,0.6499,0.1072,0.2907
minutes,ALL,T1,cfnai,2,99,-0.0225,0.8251,0.1199,0.2372
minutes,ALL,T1,cfnai,3,99,0.0584,0.566,0.1074,0.2901
minutes,ALL,T1,cfnai,4,98,0.0976,0.3388,0.1766,0.082
minutes,ALL,T1,cfnai,5,97,0.0546,0.5952,0.0552,0.5914
minutes,ALL,T1,cfnai,6,97,-0.0483,0.6383,0.136,0.184
minutes,ALL,T1,cfnai,7,96,-0.0672,0.5154,0.1022,0.3216
minutes,ALL,T1,cfnai,8,95,0.012,0.9081,0.107,0.3019
minutes,ALL,T1,cfnai,9,95,0.219,0.033,0.1368,0.1863
minutes,ALL,T1,vix,-9,99,-0.187,0.0639,-0.1648,0.1032
minutes,ALL,T1,vix,-8,99,-0.104,0.3056,-0.1702,0.0922
minutes,ALL,T1,vix,-7,99,-0.1216,0.2305,-0.1267,0.2113
minutes,ALL,T1,vix,-6,99,0.0132,0.8965,-0.0712,0.484
minutes,ALL,T1,vix,-5,99,-0.032,0.7532,-0.0484,0.634
minutes,ALL,T1,vix,-4,99,-0.0787,0.4388,-0.1288,0.204
minutes,ALL,T1,vix,-3,99,-0.0338,0.7396,-0.178,0.0779
minutes,ALL,T1,vix,-2,99,-0.0195,0.848,-0.0867,0.3936
minutes,ALL,T1,vix,-1,99,0.0508,0.6172,-0.0847,0.4048
minutes,ALL,T1,vix,0,99,0.0812,0.4242,0.0136,0.8936
minutes,ALL,T1,vix,1,99,-0.0302,0.767,-0.0655,0.5192
minutes,ALL,T1,vix,2,99,0.0607,0.5504,-0.0347,0.7329
minutes,ALL,T1,vix,3,99,0.0106,0.9171,0.0067,0.9474
minutes,ALL,T1,vix,4,98,0.0347,0.7345,0.0481,0.6382
minutes,ALL,T1,vix,5,97,0.21,0.0389,0.146,0.1535
minutes,ALL,T1,vix,6,97,0.1431,0.1621,0.1081,0.2919
minutes,ALL,T1,vix,7,96,0.1152,0.2638,0.1001,0.3319
minutes,ALL,T1,vix,8,95,0.0729,0.4828,0.1444,0.1626
minutes,ALL,T1,vix,9,95,0.039,0.7075,0.0504,0.6274
minutes,ALL,T2,cfnai,-9,91,0.2374,0.0235,0.3236,0.0018
minutes,ALL,T2,cfnai,-8,91,0.2048,0.0515,0.3056,0.0032
minutes,ALL,T2,cfnai,-7,91,0.2161,0.0397,0.3223,0.0018
minutes,ALL,T2,cfnai,-6,91,-0.0181,0.8646,0.3082,0.003
minutes,ALL,T2,cfnai,-5,91,-0.0088,0.9339,0.2242,0.0327
minutes,ALL,T2,cfnai,-4,91,0.1277,0.2279,0.265,0.0111
minutes,ALL,T2,cfnai,-3,91,0.1883,0.0739,0.2861,0.006
minutes,ALL,T2,cfnai,-2,91,0.1362,0.1979,0.1575,0.1359
minutes,ALL,T2,cfnai,-1,91,0.0802,0.4496,0.1065,0.3152
minutes,ALL,T2,cfnai,0,91,0.091,0.3911,0.1155,0.2754
minutes,ALL,T2,cfnai,1,91,0.1686,0.1101,0.1347,0.2029
minutes,ALL,T2,cfnai,2,91,0.0873,0.4107,0.1447,0.1713
minutes,ALL,T2,cfnai,3,91,0.0819,0.4402,0.0948,0.3716
minutes,ALL,T2,cfnai,4,90,0.0601,0.5737,0.1236,0.2458
minutes,ALL,T2,cfnai,5,89,0.0139,0.8973,0.0125,0.9073
minutes,ALL,T2,cfnai,6,89,-0.1828,0.0864,0.0278,0.7961
minutes,ALL,T2,cfnai,7,88,-0.1379,0.2,0.0057,0.958
minutes,ALL,T2,cfnai,8,87,-0.0498,0.6471,0.0313,0.7735
minutes,ALL,T2,cfnai,9,87,0.1903,0.0775,0.0362,0.7392
minutes,ALL,T2,vix,-9,91,-0.1459,0.1677,-0.1136,0.2838
minutes,ALL,T2,vix,-8,91,-0.1451,0.1699,-0.1699,0.1073
minutes,ALL,T2,vix,-7,91,-0.1402,0.185,-0.1228,0.2462
minutes,ALL,T2,vix,-6,91,-0.0523,0.6228,-0.0631,0.5524
minutes,ALL,T2,vix,-5,91,-0.0757,0.4758,-0.0434,0.6828
minutes,ALL,T2,vix,-4,91,-0.141,0.1826,-0.1501,0.1556
minutes,ALL,T2,vix,-3,91,-0.1873,0.0754,-0.2252,0.0318
minutes,ALL,T2,vix,-2,91,-0.1195,0.2592,-0.1432,0.1757
minutes,ALL,T2,vix,-1,91,-0.1671,0.1135,-0.1714,0.1042
minutes,ALL,T2,vix,0,91,-0.114,0.2821,-0.0827,0.4358
minutes,ALL,T2,vix,1,91,-0.2088,0.047,-0.183,0.0825
minutes,ALL,T2,vix,2,91,-0.1338,0.2061,-0.1624,0.1242
minutes,ALL,T2,vix,3,91,-0.1019,0.3367,-0.1015,0.3385
minutes,ALL,T2,vix,4,90,-0.0764,0.4739,-0.0577,0.5888
minutes,ALL,T2,vix,5,89,0.1481,0.166,0.0661,0.5384
minutes,ALL,T2,vix,6,89,0.0769,0.4738,0.0097,0.9285
minutes,ALL,T2,vix,7,88,0.0552,0.6096,0.0239,0.825
minutes,ALL,T2,vix,8,87,0.0246,0.8214,0.0627,0.5642
minutes,ALL,T2,vix,9,87,0.0015,0.9887,-0.0045,0.967
minutes,can,T1,cfnai,-9,99,0.1035,0.3078,0.2198,0.0288
minutes,can,T1,cfnai,-8,99,0.1338,0.1869,0.2673,0.0075
minutes,can,T1,cfnai,-7,99,0.1003,0.3234,0.199,0.0483
minutes,can,T1,cfnai,-6,99,0.0863,0.3955,0.2599,0.0094
minutes,can,T1,cfnai,-5,99,0.0174,0.864,0.2992,0.0026
minutes,can,T1,cfnai,-4,99,0.0511,0.6157,0.3324,0.0008
minutes,can,T1,cfnai,-3,99,0.001,0.9922,0.2819,0.0047
minutes,can,T1,cfnai,-2,99,-0.1251,0.2172,0.2668,0.0076
minutes,can,T1,cfnai,-1,99,-0.1695,0.0934,0.1964,0.0514
minutes,can,T1,cfnai,0,99,-0.1364,0.1782,0.1562,0.1226
minutes,can,T1,cfnai,1,99,0.1278,0.2073,0.2027,0.0442
minutes,can,T1,cfnai,2,99,0.1821,0.0712,0.1436,0.1563
minutes,can,T1,cfnai,3,99,0.1539,0.1282,0.1281,0.2063
minutes,can,T1,cfnai,4,98,-0.0503,0.6229,0.1441,0.157
minutes,can,T1,cfnai,5,97,-0.0985,0.3371,0.0325,0.7517
minutes,can,T1,cfnai,6,97,0.0308,0.7648,0.001,0.9925
minutes,can,T1,cfnai,7,96,0.143,0.1646,0.086,0.405
minutes,can,T1,cfnai,8,95,0.156,0.1311,0.1051,0.3109
minutes,can,T1,cfnai,9,95,0.0669,0.5197,0.0754,0.4676
minutes,can,T1,vix,-9,99,0.1444,0.1538,0.1856,0.0659
minutes,can,T1,vix,-8,99,0.1665,0.0996,0.2573,0.0102
minutes,can,T1,vix,-7,99,0.1711,0.0905,0.2188,0.0296
minutes,can,T1,vix,-6,99,0.2488,0.013,0.2535,0.0113
minutes,can,T1,vix,-5,99,0.2547,0.011,0.2567,0.0103
minutes,can,T1,vix,-4,99,0.3143,0.0015,0.3855,0.0001
minutes,can,T1,vix,-3,99,0.4299,0.0,0.4098,0.0
minutes,can,T1,vix,-2,99,0.5695,0.0,0.519,0.0
minutes,can,T1,vix,-1,99,0.4645,0.0,0.4874,0.0
minutes,can,T1,vix,0,99,0.3692,0.0002,0.4754,0.0
minutes,can,T1,vix,1,99,0.3806,0.0001,0.4003,0.0
minutes,can,T1,vix,2,99,0.3097,0.0018,0.4357,0.0
minutes,can,T1,vix,3,99,0.3802,0.0001,0.3603,0.0002
minutes,can,T1,vix,4,98,0.4541,0.0,0.4208,0.0
minutes,can,T1,vix,5,97,0.255,0.0117,0.3853,0.0001
minutes,can,T1,vix,6,97,0.2851,0.0046,0.4136,0.0
minutes,can,T1,vix,7,96,0.247,0.0152,0.3273,0.0011
minutes,can,T1,vix,8,95,0.2586,0.0114,0.452,0.0
minutes,can,T1,vix,9,95,0.3009,0.003,0.3503,0.0005
minutes,could,T1,cfnai,-9,99,0.169,0.0946,-0.0079,0.9382
minutes,could,T1,cfnai,-8,99,0.1321,0.1924,0.025,0.8056
minutes,could,T1,cfnai,-7,99,-0.0125,0.902,-0.0656,0.5188
minutes,could,T1,cfnai,-6,99,-0.1516,0.134,-0.1079,0.2878
minutes,could,T1,cfnai,-5,99,-0.1032,0.3095,-0.1113,0.2728
minutes,could,T1,cfnai,-4,99,0.0272,0.789,-0.0467,0.6464
minutes,could,T1,cfnai,-3,99,0.0949,0.35,-0.0506,0.6192
minutes,could,T1,cfnai,-2,99,0.0312,0.7589,-0.093,0.3597
minutes,could,T1,cfnai,-1,99,-0.0295,0.7723,-0.1628,0.1074
minutes,could,T1,cfnai,0,99,-0.1415,0.1623,-0.1171,0.2482
minutes,could,T1,cfnai,1,99,-0.0398,0.6959,-0.0824,0.4176
minutes,could,T1,cfnai,2,99,-0.0608,0.5498,-0.1605,0.1125
minutes,could,T1,cfnai,3,99,-0.149,0.1411,-0.1851,0.0667
minutes,could,T1,cfnai,4,98,-0.1881,0.0636,-0.1616,0.112
minutes,could,T1,cfnai,5,97,-0.2597,0.0102,-0.2616,0.0096
minutes,could,T1,cfnai,6,97,-0.2469,0.0148,-0.1889,0.0638
minutes,could,T1,cfnai,7,96,-0.1327,0.1973,-0.0313,0.7619
minutes,could,T1,cfnai,8,95,-0.0594,0.5673,-0.0422,0.6846
minutes,could,T1,cfnai,9,95,0.2012,0.0505,0.0175,0.8664
minutes,could,T1,vix,-9,99,0.0306,0.7634,0.0605,0.5516
minutes,could,T1,vix,-8,99,0.0899,0.3761,0.0756,0.4572
minutes,could,T1,vix,-7,99,0.0826,0.4161,0.0994,0.3277
minutes,could,T1,vix,-6,99,0.0996,0.3267,0.0845,0.4058
minutes,could,T1,vix,-5,99,0.1137,0.2624,0.1317,0.1938
minutes,could,T1,vix,-4,99,-0.0263,0.7959,0.0512,0.615
minutes,could,T1,vix,-3,99,-0.0303,0.7659,0.0134,0.8956
minutes,could,T1,vix,-2,99,0.0442,0.6642,0.0856,0.3997
minutes,could,T1,vix,-1,99,0.1288,0.2037,0.1415,0.1624
minutes,could,T1,vix,0,99,0.0785,0.4401,0.1723,0.088
minutes,could,T1,vix,1,99,0.0294,0.7727,0.0894,0.3791
minutes,could,T1,vix,2,99,0.1295,0.2012,0.0611,0.5479
minutes,could,T1,vix,3,99,0.1636,0.1056,0.1385,0.1715
minutes,could,T1,vix,4,98,0.1945,0.055,0.165,0.1045
minutes,could,T1,vix,5,97,0.4139,0.0,0.2735,0.0067
minutes,could,T1,vix,6,97,0.2923,0.0037,0.227,0.0254
minutes,could,T1,vix,7,96,0.234,0.0218,0.1848,0.0715
minutes,could,T1,vix,8,95,0.1997,0.0524,0.2211,0.0313
minutes,could,T1,vix,9,95,0.3193,0.0016,0.2972,0.0035
minutes,could,T2,cfnai,-9,91,0.1862,0.0773,0.0434,0.6828
minutes,could,T2,cfnai,-8,91,0.2142,0.0415,0.0675,0.5248
minutes,could,T2,cfnai,-7,91,0.1745,0.098,-0.0152,0.8865
minutes,could,T2,cfnai,-6,91,-0.0825,0.4367,-0.0449,0.6725
minutes,could,T2,cfnai,-5,91,-0.0869,0.413,-0.0807,0.4468
minutes,could,T2,cfnai,-4,91,-0.0369,0.7281,-0.0424,0.6896
minutes,could,T2,cfnai,-3,91,-0.0251,0.8133,-0.0468,0.6597
minutes,could,T2,cfnai,-2,91,-0.1068,0.3137,-0.1166,0.271
minutes,could,T2,cfnai,-1,91,-0.126,0.2341,-0.1874,0.0753
minutes,could,T2,cfnai,0,91,-0.1194,0.2598,-0.1106,0.2965
minutes,could,T2,cfnai,1,91,-0.0308,0.7719,-0.0938,0.3763
minutes,could,T2,cfnai,2,91,-0.126,0.234,-0.1665,0.1146
minutes,could,T2,cfnai,3,91,-0.2132,0.0425,-0.2162,0.0396
minutes,could,T2,cfnai,4,90,-0.1806,0.0885,-0.2142,0.0427
minutes,could,T2,cfnai,5,89,-0.2788,0.0082,-0.3085,0.0033
minutes,could,T2,cfnai,6,89,-0.4542,0.0,-0.314,0.0027
minutes,could,T2,cfnai,7,88,-0.2292,0.0317,-0.1455,0.1763
minutes,could,T2,cfnai,8,87,-0.1255,0.2466,-0.1364,0.2077
minutes,could,T2,cfnai,9,87,0.1772,0.1006,-0.0868,0.4238
minutes,could,T2,vix,-9,91,0.0618,0.5607,0.0971,0.3601
minutes,could,T2,vix,-8,91,0.0194,0.8552,0.0359,0.7353
minutes,could,T2,vix,-7,91,0.0396,0.7091,0.078,0.4622
minutes,could,T2,vix,-6,91,0.0775,0.4652,0.0704,0.5073
minutes,could,T2,vix,-5,91,0.0866,0.4146,0.1279,0.2271
minutes,could,T2,vix,-4,91,0.0261,0.8062,0.0484,0.6488
minutes,could,T2,vix,-3,91,-0.057,0.5915,0.0057,0.9569
minutes,could,T2,vix,-2,91,0.0343,0.7471,0.0823,0.4382
minutes,could,T2,vix,-1,91,0.1002,0.3446,0.1307,0.2169
minutes,could,T2,vix,0,91,0.079,0.4566,0.1682,0.1111
minutes,could,T2,vix,1,91,-0.0205,0.8468,0.0469,0.6586
minutes,could,T2,vix,2,91,-0.0351,0.7408,-0.0055,0.9587
minutes,could,T2,vix,3,91,0.1019,0.3365,0.0934,0.3788
minutes,could,T2,vix,4,90,0.1467,0.1676,0.1208,0.2568
minutes,could,T2,vix,5,89,0.3921,0.0001,0.2459,0.0202
minutes,could,T2,vix,6,89,0.2761,0.0088,0.1903,0.074
minutes,could,T2,vix,7,88,0.2327,0.0292,0.1641,0.1265
minutes,could,T2,vix,8,87,0.1769,0.1012,0.1932,0.0729
minutes,could,T2,vix,9,87,0.2968,0.0052,0.2774,0.0093
minutes,may,T1,cfnai,-9,99,-0.0932,0.3589,0.0676,0.5063
minutes,may,T1,cfnai,-8,99,-0.0264,0.7953,-0.0,0.9998
minutes,may,T1,cfnai,-7,99,0.0627,0.5378,0.0095,0.926
minutes,may,T1,cfnai,-6,99,0.1673,0.0979,0.1072,0.2908
minutes,may,T1,cfnai,-5,99,0.0931,0.3592,0.042,0.6799
minutes,may,T1,cfnai,-4,99,0.0124,0.9031,-0.0037,0.9713
minutes,may,T1,cfnai,-3,99,0.0563,0.58,-0.014,0.8906
minutes,may,T1,cfnai,-2,99,0.0192,0.8501,-0.0141,0.8902
minutes,may,T1,cfnai,-1,99,-0.015,0.8827,-0.0583,0.5662
minutes,may,T1,cfnai,0,99,-0.1157,0.2541,-0.1362,0.1787
minutes,may,T1,cfnai,1,99,-0.0756,0.4568,-0.2998,0.0026
minutes,may,T1,cfnai,2,99,-0.0555,0.585,-0.2017,0.0453
minutes,may,T1,cfnai,3,99,-0.1166,0.2506,-0.1007,0.3212
minutes,may,T1,cfnai,4,98,-0.1386,0.1734,-0.1683,0.0976
minutes,may,T1,cfnai,5,97,-0.1499,0.1429,-0.1885,0.0644
minutes,may,T1,cfnai,6,97,0.0095,0.9268,-0.0765,0.4562
minutes,may,T1,cfnai,7,96,0.0691,0.5035,-0.0104,0.9201
minutes,may,T1,cfnai,8,95,0.0707,0.4957,-0.0076,0.9419
minutes,may,T1,cfnai,9,95,0.1574,0.1277,0.0006,0.9955
minutes,may,T1,vix,-9,99,-0.1128,0.2664,-0.1267,0.2112
minutes,may,T1,vix,-8,99,-0.1364,0.1783,-0.0808,0.4269
minutes,may,T1,vix,-7,99,-0.1609,0.1115,-0.1844,0.0677
minutes,may,T1,vix,-6,99,-0.2411,0.0162,-0.2487,0.013
minutes,may,T1,vix,-5,99,-0.2269,0.0239,-0.2247,0.0253
minutes,may,T1,vix,-4,99,-0.19,0.0597,-0.1543,0.1273
minutes,may,T1,vix,-3,99,-0.1402,0.1663,-0.1156,0.2546
minutes,may,T1,vix,-2,99,-0.2206,0.0282,-0.1895,0.0603
minutes,may,T1,vix,-1,99,-0.1695,0.0935,-0.3187,0.0013
minutes,may,T1,vix,0,99,-0.1503,0.1376,-0.2225,0.0269
minutes,may,T1,vix,1,99,-0.1434,0.1566,-0.2044,0.0424
minutes,may,T1,vix,2,99,0.0249,0.8068,-0.1291,0.2028
minutes,may,T1,vix,3,99,-0.0622,0.5411,-0.1386,0.1713
minutes,may,T1,vix,4,98,-0.0575,0.5738,-0.0694,0.497
minutes,may,T1,vix,5,97,-0.0106,0.9176,-0.1157,0.2592
minutes,may,T1,vix,6,97,-0.1548,0.13,-0.2423,0.0168
minutes,may,T1,vix,7,96,-0.1661,0.1059,-0.197,0.0544
minutes,may,T1,vix,8,95,-0.1066,0.3037,-0.1623,0.116
minutes,may,T1,vix,9,95,-0.1124,0.278,-0.0751,0.4693
minutes,may,T2,cfnai,-9,91,-0.1222,0.2487,-0.0116,0.9134
minutes,may,T2,cfnai,-8,91,-0.1691,0.1091,-0.0935,0.3782
minutes,may,T2,cfnai,-7,91,-0.1666,0.1144,-0.0769,0.4688
minutes,may,T2,cfnai,-6,91,0.0733,0.4896,0.0213,0.8413
minutes,may,T2,cfnai,-5,91,0.0826,0.4365,-0.0153,0.8852
minutes,may,T2,cfnai,-4,91,0.0475,0.655,-0.0084,0.9374
minutes,may,T2,cfnai,-3,91,0.0084,0.937,-0.0275,0.7955
minutes,may,T2,cfnai,-2,91,0.1305,0.2174,0.0697,0.5113
minutes,may,T2,cfnai,-1,91,0.0863,0.4159,0.0219,0.8369
minutes,may,T2,cfnai,0,91,-0.0198,0.8525,-0.049,0.6448
minutes,may,T2,cfnai,1,91,-0.2125,0.0431,-0.233,0.0263
minutes,may,T2,cfnai,2,91,-0.1006,0.3428,-0.138,0.1921
minutes,may,T2,cfnai,3,91,0.003,0.9777,-0.0604,0.5695
minutes,may,T2,cfnai,4,90,0.001,0.9926,-0.0651,0.5424
minutes,may,T2,cfnai,5,89,-0.0411,0.7019,-0.104,0.3323
minutes,may,T2,cfnai,6,89,-0.0475,0.6582,-0.0002,0.9985
minutes,may,T2,cfnai,7,88,0.0358,0.7406,0.0437,0.6857
minutes,may,T2,cfnai,8,87,0.0816,0.4522,0.0814,0.4534
minutes,may,T2,cfnai,9,87,0.1701,0.1153,0.0731,0.5012
minutes,may,T2,vix,-9,91,-0.0508,0.6326,-0.0982,0.3546
minutes,may,T2,vix,-8,91,-0.0838,0.4298,-0.096,0.3651
minutes,may,T2,vix,-7,91,-0.1003,0.3441,-0.1349,0.2024
minutes,may,T2,vix,-6,91,-0.1725,0.102,-0.1933,0.0663
minutes,may,T2,vix,-5,91,-0.1645,0.1192,-0.1556,0.1408
minutes,may,T2,vix,-4,91,-0.1105,0.2971,-0.0773,0.4667
minutes,may,T2,vix,-3,91,-0.0527,0.6197,-0.028,0.7922
minutes,may,T2,vix,-2,91,-0.1484,0.1604,-0.1091,0.3034
minutes,may,T2,vix,-1,91,-0.1987,0.059,-0.2634,0.0116
minutes,may,T2,vix,0,91,-0.0789,0.4573,-0.1382,0.1915
minutes,may,T2,vix,1,91,-0.0758,0.4754,-0.1434,0.175
minutes,may,T2,vix,2,91,-0.0543,0.6092,-0.068,0.5219
minutes,may,T2,vix,3,91,-0.0884,0.4047,-0.0945,0.3731
minutes,may,T2,vix,4,90,-0.0569,0.5942,-0.0197,0.8539
minutes,may,T2,vix,5,89,-0.0313,0.7707,-0.102,0.3414
minutes,may,T2,vix,6,89,-0.1715,0.1081,-0.2452,0.0205
minutes,may,T2,vix,7,88,-0.1768,0.0995,-0.2012,0.0601
minutes,may,T2,vix,8,87,-0.1279,0.2378,-0.1655,0.1254
minutes,may,T2,vix,9,87,-0.1576,0.1448,-0.0882,0.4166
minutes,should,T1,cfnai,-9,99,0.1683,0.0958,-0.0164,0.8718
minutes,should,T1,cfnai,-8,99,0.1833,0.0693,0.0794,0.4348
minutes,should,T1,cfnai,-7,99,0.0952,0.3484,0.0373,0.714
minutes,should,T1,cfnai,-6,99,-0.0202,0.8427,-0.0046,0.9641
minutes,should,T1,cfnai,-5,99,-0.0429,0.673,-0.1133,0.264
minutes,should,T1,cfnai,-4,99,0.0244,0.8108,-0.0469,0.6445
minutes,should,T1,cfnai,-3,99,0.0632,0.5345,0.0482,0.6359
minutes,should,T1,cfnai,-2,99,-0.0007,0.9942,-0.0444,0.6628
minutes,should,T1,cfnai,-1,99,-0.0121,0.9056,0.0337,0.7403
minutes,should,T1,cfnai,0,99,-0.0671,0.5092,0.0475,0.6406
minutes,should,T1,cfnai,1,99,-0.0055,0.9567,0.0553,0.5865
minutes,should,T1,cfnai,2,99,0.0099,0.9222,0.0491,0.6294
minutes,should,T1,cfnai,3,99,0.0427,0.6747,0.0427,0.6744
minutes,should,T1,cfnai,4,98,0.0489,0.6326,0.1068,0.2954
minutes,should,T1,cfnai,5,97,0.0508,0.6215,0.121,0.2378
minutes,should,T1,cfnai,6,97,-0.0071,0.9447,0.129,0.208
minutes,should,T1,cfnai,7,96,-0.082,0.4272,0.0604,0.5588
minutes,should,T1,cfnai,8,95,-0.0814,0.4327,-0.0032,0.9758
minutes,should,T1,cfnai,9,95,0.0139,0.8937,0.0541,0.6026
minutes,should,T1,vix,-9,99,-0.2183,0.0299,-0.1145,0.259
minutes,should,T1,vix,-8,99,-0.169,0.0944,-0.1175,0.2466
minutes,should,T1,vix,-7,99,-0.2007,0.0464,-0.1779,0.0782
minutes,should,T1,vix,-6,99,-0.1871,0.0636,-0.1185,0.2429
minutes,should,T1,vix,-5,99,-0.2411,0.0162,-0.1755,0.0823
minutes,should,T1,vix,-4,99,-0.2356,0.0189,-0.213,0.0343
minutes,should,T1,vix,-3,99,-0.2491,0.0129,-0.248,0.0133
minutes,should,T1,vix,-2,99,-0.2617,0.0089,-0.2176,0.0305
minutes,should,T1,vix,-1,99,-0.1619,0.1093,-0.1944,0.0538
minutes,should,T1,vix,0,99,-0.2025,0.0444,-0.1731,0.0867
minutes,should,T1,vix,1,99,-0.2355,0.0189,-0.2286,0.0229
minutes,should,T1,vix,2,99,-0.1487,0.1417,-0.2157,0.032
minutes,should,T1,vix,3,99,-0.2007,0.0464,-0.2063,0.0405
minutes,should,T1,vix,4,98,-0.2301,0.0227,-0.2162,0.0325
minutes,should,T1,vix,5,97,-0.0288,0.7792,-0.0787,0.4434
minutes,should,T1,vix,6,97,0.0335,0.7448,0.025,0.8078
minutes,should,T1,vix,7,96,-0.0075,0.9422,-0.0131,0.8994
minutes,should,T1,vix,8,95,-0.0409,0.6939,-0.0526,0.6129
minutes,should,T1,vix,9,95,-0.086,0.4073,-0.1198,0.2476
minutes,should,T2,cfnai,-9,91,0.1491,0.1584,-0.0771,0.4674
minutes,should,T2,cfnai,-8,91,0.129,0.2229,0.0506,0.6337
minutes,should,T2,cfnai,-7,91,0.0736,0.488,0.0112,0.9161
minutes,should,T2,cfnai,-6,91,-0.1043,0.325,-0.0494,0.6417
minutes,should,T2,cfnai,-5,91,-0.1427,0.1771,-0.1183,0.2642
minutes,should,T2,cfnai,-4,91,-0.0432,0.6844,-0.0582,0.5834
minutes,should,T2,cfnai,-3,91,0.0501,0.6373,0.0372,0.7262
minutes,should,T2,cfnai,-2,91,0.0146,0.8905,0.0017,0.9872
minutes,should,T2,cfnai,-1,91,0.0449,0.6725,0.0962,0.3643
minutes,should,T2,cfnai,0,91,0.0963,0.3636,0.1105,0.2972
minutes,should,T2,cfnai,1,91,0.1923,0.0678,0.1383,0.1912
minutes,should,T2,cfnai,2,91,0.0677,0.5237,0.1012,0.3401
minutes,should,T2,cfnai,3,91,0.1156,0.2752,0.0911,0.3906
minutes,should,T2,cfnai,4,90,0.1249,0.2409,0.1841,0.0824
minutes,should,T2,cfnai,5,89,0.1286,0.2297,0.1827,0.0865
minutes,should,T2,cfnai,6,89,0.0017,0.9875,0.1918,0.0718
minutes,should,T2,cfnai,7,88,-0.081,0.4534,0.1077,0.3177
minutes,should,T2,cfnai,8,87,-0.0683,0.5297,0.0332,0.7598
minutes,should,T2,cfnai,9,87,0.0234,0.8298,0.0935,0.3888
minutes,should,T2,vix,-9,91,-0.1847,0.0797,-0.0993,0.3491
minutes,should,T2,vix,-8,91,-0.215,0.0407,-0.1498,0.1563
minutes,should,T2,vix,-7,91,-0.2088,0.047,-0.1599,0.13
minutes,should,T2,vix,-6,91,-0.142,0.1793,-0.0888,0.4023
minutes,should,T2,vix,-5,91,-0.2125,0.0432,-0.1383,0.1912
minutes,should,T2,vix,-4,91,-0.2628,0.0118,-0.1859,0.0778
minutes,should,T2,vix,-3,91,-0.2573,0.0138,-0.2186,0.0374
minutes,should,T2,vix,-2,91,-0.2509,0.0165,-0.1965,0.062
minutes,should,T2,vix,-1,91,-0.2598,0.0129,-0.1822,0.0839
minutes,should,T2,vix,0,91,-0.2368,0.0238,-0.1458,0.1679
minutes,should,T2,vix,1,91,-0.2226,0.0339,-0.2135,0.0422
minutes,should,T2,vix,2,91,-0.214,0.0417,-0.222,0.0345
minutes,should,T2,vix,3,91,-0.2105,0.0452,-0.2055,0.0507
minutes,should,T2,vix,4,90,-0.2316,0.0281,-0.2223,0.0352
minutes,should,T2,vix,5,89,-0.0218,0.8396,-0.0647,0.547
minutes,should,T2,vix,6,89,0.0406,0.7053,0.034,0.7515
minutes,should,T2,vix,7,88,0.0068,0.9496,-0.0097,0.9286
minutes,should,T2,vix,8,87,-0.0348,0.7491,-0.0559,0.6069
minutes,should,T2,vix,9,87,-0.0963,0.3748,-0.1349,0.2127
minutes,will,T1,cfnai,-9,99,-0.0021,0.9835,-0.1008,0.321
minutes,will,T1,cfnai,-8,99,-0.0204,0.8409,-0.1699,0.0927
minutes,will,T1,cfnai,-7,99,-0.0384,0.706,-0.1186,0.2422
minutes,will,T1,cfnai,-6,99,-0.0901,0.3749,-0.1177,0.246
minutes,will,T1,cfnai,-5,99,-0.1376,0.1744,-0.0739,0.4676
minutes,will,T1,cfnai,-4,99,-0.1,0.3245,-0.0306,0.7638
minutes,will,T1,cfnai,-3,99,-0.034,0.7381,-0.0416,0.6828
minutes,will,T1,cfnai,-2,99,0.0461,0.6503,0.0234,0.8183
minutes,will,T1,cfnai,-1,99,0.046,0.6512,0.1005,0.3222
minutes,will,T1,cfnai,0,99,-0.0287,0.7783,0.0782,0.4418
minutes,will,T1,cfnai,1,99,-0.0181,0.8586,0.089,0.3811
minutes,will,T1,cfnai,2,99,0.0153,0.8803,0.0974,0.3375
minutes,will,T1,cfnai,3,99,0.1044,0.3037,0.1138,0.2622
minutes,will,T1,cfnai,4,98,0.0864,0.3979,0.1839,0.0699
minutes,will,T1,cfnai,5,97,0.0659,0.5212,0.1875,0.0659
minutes,will,T1,cfnai,6,97,0.045,0.662,0.1709,0.0943
minutes,will,T1,cfnai,7,96,0.066,0.5231,0.074,0.4735
minutes,will,T1,cfnai,8,95,0.0847,0.4144,0.0772,0.4572
minutes,will,T1,cfnai,9,95,0.0157,0.8798,0.1591,0.1235
minutes,will,T1,vix,-9,99,-0.2177,0.0304,-0.2574,0.0101
minutes,will,T1,vix,-8,99,-0.1836,0.0688,-0.2471,0.0137
minutes,will,T1,vix,-7,99,-0.2112,0.0358,-0.2697,0.0069
minutes,will,T1,vix,-6,99,-0.1399,0.1672,-0.2604,0.0092
minutes,will,T1,vix,-5,99,-0.2003,0.0468,-0.2985,0.0027
minutes,will,T1,vix,-4,99,-0.2108,0.0362,-0.3065,0.002
minutes,will,T1,vix,-3,99,-0.1823,0.0709,-0.2997,0.0026
minutes,will,T1,vix,-2,99,-0.2061,0.0406,-0.2545,0.011
minutes,will,T1,vix,-1,99,-0.1721,0.0886,-0.3041,0.0022
minutes,will,T1,vix,0,99,-0.1452,0.1516,-0.288,0.0038
minutes,will,T1,vix,1,99,-0.1627,0.1076,-0.2756,0.0058
minutes,will,T1,vix,2,99,-0.1799,0.0748,-0.2323,0.0207
minutes,will,T1,vix,3,99,-0.1553,0.1247,-0.1828,0.0701
minutes,will,T1,vix,4,98,-0.1661,0.102,-0.2557,0.011
minutes,will,T1,vix,5,97,-0.1633,0.11,-0.2162,0.0334
minutes,will,T1,vix,6,97,-0.141,0.1684,-0.1802,0.0773
minutes,will,T1,vix,7,96,-0.1783,0.0823,-0.1716,0.0946
minutes,will,T1,vix,8,95,-0.1369,0.1858,-0.1758,0.0884
minutes,will,T1,vix,9,95,-0.1814,0.0785,-0.2036,0.0479
minutes,will,T2,cfnai,-9,91,-0.0046,0.9654,-0.0968,0.3616
minutes,will,T2,cfnai,-8,91,-0.0542,0.6097,-0.1766,0.094
minutes,will,T2,cfnai,-7,91,-0.0844,0.4262,-0.1006,0.3426
minutes,will,T2,cfnai,-6,91,-0.0883,0.4052,-0.0641,0.5462
minutes,will,T2,cfnai,-5,91,-0.0249,0.8146,-0.0029,0.9779
minutes,will,T2,cfnai,-4,91,-0.02,0.8507,0.0218,0.8374
minutes,will,T2,cfnai,-3,91,-0.0099,0.9255,-0.0059,0.9558
minutes,will,T2,cfnai,-2,91,0.0392,0.7122,0.0148,0.889
minutes,will,T2,cfnai,-1,91,0.0766,0.4706,0.1223,0.2483
minutes,will,T2,cfnai,0,91,0.1077,0.3096,0.1089,0.3041
minutes,will,T2,cfnai,1,91,0.0934,0.3786,0.0872,0.4113
minutes,will,T2,cfnai,2,91,0.0956,0.3675,0.0837,0.4302
minutes,will,T2,cfnai,3,91,0.0909,0.3917,0.0734,0.4892
minutes,will,T2,cfnai,4,90,0.0184,0.8635,0.1115,0.2956
minutes,will,T2,cfnai,5,89,0.03,0.78,0.1446,0.1764
minutes,will,T2,cfnai,6,89,0.0592,0.5817,0.1263,0.2381
minutes,will,T2,cfnai,7,88,0.0779,0.4704,0.0266,0.806
minutes,will,T2,cfnai,8,87,0.0762,0.4829,0.0348,0.749
minutes,will,T2,cfnai,9,87,0.0095,0.9306,0.1296,0.2317
minutes,will,T2,vix,-9,91,-0.2333,0.026,-0.2393,0.0224
minutes,will,T2,vix,-8,91,-0.252,0.016,-0.2471,0.0182
minutes,will,T2,vix,-7,91,-0.2601,0.0128,-0.2896,0.0054
minutes,will,T2,vix,-6,91,-0.3027,0.0035,-0.3064,0.0031
minutes,will,T2,vix,-5,91,-0.2984,0.0041,-0.3242,0.0017
minutes,will,T2,vix,-4,91,-0.3401,0.001,-0.3525,0.0006
minutes,will,T2,vix,-3,91,-0.3341,0.0012,-0.3569,0.0005
minutes,will,T2,vix,-2,91,-0.3091,0.0029,-0.3469,0.0008
minutes,will,T2,vix,-1,91,-0.3507,0.0007,-0.4278,0.0
minutes,will,T2,vix,0,91,-0.3497,0.0007,-0.4289,0.0
minutes,will,T2,vix,1,91,-0.289,0.0055,-0.3942,0.0001
minutes,will,T2,vix,2,91,-0.2923,0.0049,-0.3392,0.001
minutes,will,T2,vix,3,91,-0.1897,0.0717,-0.2702,0.0096
minutes,will,T2,vix,4,90,-0.2131,0.0437,-0.3571,0.0006
minutes,will,T2,vix,5,89,-0.1891,0.076,-0.2963,0.0048
minutes,will,T2,vix,6,89,-0.1704,0.1104,-0.2629,0.0128
minutes,will,T2,vix,7,88,-0.2049,0.0555,-0.2274,0.0331
minutes,will,T2,vix,8,87,-0.1478,0.1718,-0.2293,0.0327
minutes,will,T2,vix,9,87,-0.1834,0.0891,-0.2417,0.0241
minutes,will+continue,T1,cfnai,-9,99,-0.0379,0.7098,-0.3129,0.0016
minutes,will+continue,T1,cfnai,-8,99,-0.1039,0.3062,-0.307,0.002
minutes,will+continue,T1,cfnai,-7,99,-0.1641,0.1046,-0.3344,0.0007
minutes,will+continue,T1,cfnai,-6,99,-0.1541,0.1278,-0.3399,0.0006
minutes,will+continue,T1,cfnai,-5,99,-0.0293,0.7736,-0.314,0.0016
minutes,will+continue,T1,cfnai,-4,99,0.0397,0.6968,-0.2259,0.0245
minutes,will+continue,T1,cfnai,-3,99,-0.0211,0.836,-0.2072,0.0396
minutes,will+continue,T1,cfnai,-2,99,-0.031,0.7609,-0.2044,0.0424
minutes,will+continue,T1,cfnai,-1,99,-0.0759,0.4551,-0.2262,0.0244
minutes,will+continue,T1,cfnai,0,99,-0.1664,0.0997,-0.2404,0.0165
minutes,will+continue,T1,cfnai,1,99,-0.1898,0.0599,-0.24,0.0167
minutes,will+continue,T1,cfnai,2,99,-0.1991,0.0482,-0.2859,0.0041
minutes,will+continue,T1,cfnai,3,99,-0.0365,0.7199,-0.1997,0.0475
minutes,will+continue,T1,cfnai,4,98,-0.0504,0.622,-0.0986,0.3339
minutes,will+continue,T1,cfnai,5,97,-0.1038,0.3115,-0.09,0.3805
minutes,will+continue,T1,cfnai,6,97,-0.1645,0.1074,-0.0896,0.383
minutes,will+continue,T1,cfnai,7,96,-0.0468,0.6505,-0.0319,0.7576
minutes,will+continue,T1,cfnai,8,95,-0.0078,0.9403,-0.0209,0.8406
minutes,will+continue,T1,cfnai,9,95,0.0985,0.3422,0.091,0.3805
minutes,will+continue,T1,vix,-9,99,0.3757,0.0001,0.4472,0.0
minutes,will+continue,T1,vix,-8,99,0.3669,0.0002,0.4311,0.0
minutes,will+continue,T1,vix,-7,99,0.3692,0.0002,0.4027,0.0
minutes,will+continue,T1,vix,-6,99,0.2147,0.0329,0.2796,0.0051
minutes,will+continue,T1,vix,-5,99,0.2597,0.0094,0.2925,0.0033
minutes,will+continue,T1,vix,-4,99,0.2683,0.0073,0.3706,0.0002
minutes,will+continue,T1,vix,-3,99,0.2117,0.0354,0.2828,0.0046
minutes,will+continue,T1,vix,-2,99,0.3289,0.0009,0.3921,0.0001
minutes,will+continue,T1,vix,-1,99,0.2957,0.003,0.3103,0.0018
minutes,will+continue,T1,vix,0,99,0.274,0.0061,0.2409,0.0163
minutes,will+continue,T1,vix,1,99,0.2798,0.005,0.2788,0.0052
minutes,will+continue,T1,vix,2,99,0.2025,0.0444,0.238,0.0177
minutes,will+continue,T1,vix,3,99,0.3,0.0026,0.2712,0.0066
minutes,will+continue,T1,vix,4,98,0.3152,0.0016,0.3016,0.0025
minutes,will+continue,T1,vix,5,97,0.3435,0.0006,0.3031,0.0025
minutes,will+continue,T1,vix,6,97,0.3348,0.0008,0.3548,0.0004
minutes,will+continue,T1,vix,7,96,0.3126,0.0019,0.3178,0.0016
minutes,will+continue,T1,vix,8,95,0.3056,0.0026,0.3436,0.0007
minutes,will+continue,T1,vix,9,95,0.1722,0.0951,0.2887,0.0045
minutes,will+continue,T2,cfnai,-9,91,-0.0123,0.9081,-0.2879,0.0057
minutes,will+continue,T2,cfnai,-8,91,-0.0032,0.9763,-0.2842,0.0063
minutes,will+continue,T2,cfnai,-7,91,-0.0473,0.6563,-0.3039,0.0034
minutes,will+continue,T2,cfnai,-6,91,-0.0565,0.5946,-0.2794,0.0073
minutes,will+continue,T2,cfnai,-5,91,-0.1108,0.2959,-0.2998,0.0039
minutes,will+continue,T2,cfnai,-4,91,-0.113,0.2863,-0.2604,0.0127
minutes,will+continue,T2,cfnai,-3,91,-0.1636,0.1211,-0.2579,0.0136
minutes,will+continue,T2,cfnai,-2,91,-0.1587,0.1329,-0.2571,0.0139
minutes,will+continue,T2,cfnai,-1,91,-0.174,0.099,-0.2641,0.0114
minutes,will+continue,T2,cfnai,0,91,-0.1898,0.0715,-0.2686,0.01
minutes,will+continue,T2,cfnai,1,91,-0.1732,0.1006,-0.2682,0.0102
minutes,will+continue,T2,cfnai,2,91,-0.1958,0.0629,-0.2885,0.0055
minutes,will+continue,T2,cfnai,3,91,-0.2844,0.0063,-0.2502,0.0168
minutes,will+continue,T2,cfnai,4,90,-0.2455,0.0197,-0.2122,0.0446
minutes,will+continue,T2,cfnai,5,89,-0.2894,0.0059,-0.2051,0.0539
minutes,will+continue,T2,cfnai,6,89,-0.3108,0.003,-0.2156,0.0424
minutes,will+continue,T2,cfnai,7,88,-0.1055,0.3279,-0.1451,0.1772
minutes,will+continue,T2,cfnai,8,87,-0.0705,0.5164,-0.1338,0.2166
minutes,will+continue,T2,cfnai,9,87,0.0627,0.5641,-0.0074,0.9458
minutes,will+continue,T2,vix,-9,91,0.4167,0.0,0.4714,0.0
minutes,will+continue,T2,vix,-8,91,0.4007,0.0001,0.4328,0.0
minutes,will+continue,T2,vix,-7,91,0.3685,0.0003,0.3852,0.0002
minutes,will+continue,T2,vix,-6,91,0.2502,0.0168,0.2658,0.0109
minutes,will+continue,T2,vix,-5,91,0.2822,0.0067,0.301,0.0037
minutes,will+continue,T2,vix,-4,91,0.3608,0.0004,0.4042,0.0001
minutes,will+continue,T2,vix,-3,91,0.285,0.0062,0.3074,0.003
minutes,will+continue,T2,vix,-2,91,0.3575,0.0005,0.3997,0.0001
minutes,will+continue,T2,vix,-1,91,0.2169,0.0389,0.2714,0.0093
minutes,will+continue,T2,vix,0,91,0.1516,0.1513,0.1826,0.0831
minutes,will+continue,T2,vix,1,91,0.1746,0.098,0.2254,0.0317
minutes,will+continue,T2,vix,2,91,0.1234,0.2437,0.1768,0.0936
minutes,will+continue,T2,vix,3,91,0.2539,0.0151,0.2271,0.0304
minutes,will+continue,T2,vix,4,90,0.2867,0.0061,0.2764,0.0084
minutes,will+continue,T2,vix,5,89,0.318,0.0024,0.277,0.0086
minutes,will+continue,T2,vix,6,89,0.2968,0.0047,0.3281,0.0017
minutes,will+continue,T2,vix,7,88,0.2734,0.0099,0.29,0.0061
minutes,will+continue,T2,vix,8,87,0.2878,0.0069,0.3345,0.0015
minutes,will+continue,T2,vix,9,87,0.1508,0.1631,0.2599,0.015
minutes,will+take,T1,cfnai,-9,99,0.0516,0.6119,0.0379,0.7096
minutes,will+take,T1,cfnai,-8,99,0.0254,0.8029,-0.0934,0.3578
minutes,will+take,T1,cfnai,-7,99,0.0334,0.7427,-0.0779,0.4433
minutes,will+take,T1,cfnai,-6,99,-0.0442,0.6643,-0.1254,0.2164
minutes,will+take,T1,cfnai,-5,99,-0.0264,0.7956,-0.1183,0.2435
minutes,will+take,T1,cfnai,-4,99,-0.0453,0.6562,-0.1104,0.2766
minutes,will+take,T1,cfnai,-3,99,-0.0213,0.8346,-0.1636,0.1056
minutes,will+take,T1,cfnai,-2,99,-0.0727,0.4742,-0.2187,0.0296
minutes,will+take,T1,cfnai,-1,99,-0.1013,0.3182,-0.1982,0.0492
minutes,will+take,T1,cfnai,0,99,-0.0317,0.7553,-0.1618,0.1095
minutes,will+take,T1,cfnai,1,99,0.0215,0.8328,-0.1574,0.1196
minutes,will+take,T1,cfnai,2,99,0.0267,0.7928,-0.1876,0.063
minutes,will+take,T1,cfnai,3,99,0.0095,0.9255,-0.2304,0.0218
minutes,will+take,T1,cfnai,4,98,-0.0221,0.8293,-0.2893,0.0039
minutes,will+take,T1,cfnai,5,97,-0.0332,0.7468,-0.233,0.0216
minutes,will+take,T1,cfnai,6,97,-0.0346,0.7366,-0.3266,0.0011
minutes,will+take,T1,cfnai,7,96,-0.0146,0.8877,-0.3614,0.0003
minutes,will+take,T1,cfnai,8,95,-0.0516,0.6195,-0.4058,0.0
minutes,will+take,T1,cfnai,9,95,-0.0416,0.6893,-0.3431,0.0007
minutes,will+take,T1,vix,-9,99,0.2288,0.0227,0.0713,0.4831
minutes,will+take,T1,vix,-8,99,0.2016,0.0454,0.0594,0.5595
minutes,will+take,T1,vix,-7,99,0.1893,0.0606,-0.0415,0.6833
minutes,will+take,T1,vix,-6,99,0.1206,0.2346,0.0253,0.8035
minutes,will+take,T1,vix,-5,99,0.1257,0.2149,-0.0331,0.7453
minutes,will+take,T1,vix,-4,99,0.0622,0.5405,-0.0292,0.7744
minutes,will+take,T1,vix,-3,99,0.0312,0.7594,-0.0124,0.9033
minutes,will+take,T1,vix,-2,99,0.0689,0.498,0.0354,0.7277
minutes,will+take,T1,vix,-1,99,-0.0478,0.6382,-0.0506,0.6187
minutes,will+take,T1,vix,0,99,-0.1005,0.3223,-0.0791,0.4364
minutes,will+take,T1,vix,1,99,-0.1453,0.1514,-0.1227,0.2264
minutes,will+take,T1,vix,2,99,-0.1922,0.0566,-0.1533,0.1297
minutes,will+take,T1,vix,3,99,-0.1349,0.1832,-0.0454,0.6556
minutes,will+take,T1,vix,4,98,-0.1344,0.187,-0.0339,0.7403
minutes,will+take,T1,vix,5,97,-0.2048,0.0442,-0.1492,0.1446
minutes,will+take,T1,vix,6,97,-0.234,0.021,-0.1381,0.1774
minutes,will+take,T1,vix,7,96,-0.2434,0.0169,-0.1725,0.0929
minutes,will+take,T1,vix,8,95,-0.2509,0.0142,-0.1849,0.0728
minutes,will+take,T1,vix,9,95,-0.2488,0.015,-0.2464,0.0161
minutes,will+take,T2,cfnai,-9,91,0.0378,0.7223,-0.0601,0.5715
minutes,will+take,T2,cfnai,-8,91,-0.0237,0.8232,-0.1757,0.0958
minutes,will+take,T2,cfnai,-7,91,-0.0892,0.4007,-0.166,0.1158
minutes,will+take,T2,cfnai,-6,91,-0.1957,0.0631,-0.24,0.022
minutes,will+take,T2,cfnai,-5,91,-0.1952,0.0637,-0.2302,0.0281
minutes,will+take,T2,cfnai,-4,91,-0.1946,0.0645,-0.2088,0.047
minutes,will+take,T2,cfnai,-3,91,-0.2249,0.0321,-0.2559,0.0144
minutes,will+take,T2,cfnai,-2,91,-0.23,0.0283,-0.252,0.016
minutes,will+take,T2,cfnai,-1,91,-0.2524,0.0158,-0.2475,0.018
minutes,will+take,T2,cfnai,0,91,-0.1843,0.0803,-0.1581,0.1345
minutes,will+take,T2,cfnai,1,91,-0.2124,0.0433,-0.206,0.0501
minutes,will+take,T2,cfnai,2,91,-0.2072,0.0488,-0.2617,0.0122
minutes,will+take,T2,cfnai,3,91,-0.1611,0.127,-0.2872,0.0058
minutes,will+take,T2,cfnai,4,90,-0.0171,0.8727,-0.2817,0.0072
minutes,will+take,T2,cfnai,5,89,-0.0051,0.962,-0.2367,0.0255
minutes,will+take,T2,cfnai,6,89,0.0536,0.6176,-0.2567,0.0152
minutes,will+take,T2,cfnai,7,88,0.0318,0.7687,-0.3171,0.0026
minutes,will+take,T2,cfnai,8,87,0.0,0.9999,-0.3325,0.0017
minutes,will+take,T2,cfnai,9,87,-0.0149,0.8912,-0.2719,0.0108
minutes,will+take,T2,vix,-9,91,0.3001,0.0039,0.0516,0.6269
minutes,will+take,T2,vix,-8,91,0.3461,0.0008,0.0753,0.478
minutes,will+take,T2,vix,-7,91,0.2753,0.0083,0.0059,0.9556
minutes,will+take,T2,vix,-6,91,0.2418,0.0209,0.0557,0.5997
minutes,will+take,T2,vix,-5,91,0.2152,0.0405,0.0234,0.8254
minutes,will+take,T2,vix,-4,91,0.1696,0.1079,0.0005,0.9965
minutes,will+take,T2,vix,-3,91,0.0774,0.4661,0.0029,0.9786
minutes,will+take,T2,vix,-2,91,0.1195,0.2591,0.0603,0.5701
minutes,will+take,T2,vix,-1,91,0.0241,0.8204,0.0022,0.9837
minutes,will+take,T2,vix,0,91,-0.0268,0.8008,-0.0124,0.9073
minutes,will+take,T2,vix,1,91,-0.0847,0.4246,-0.0274,0.7968
minutes,will+take,T2,vix,2,91,-0.1209,0.2535,-0.0441,0.678
minutes,will+take,T2,vix,3,91,-0.0747,0.4818,0.064,0.5469
minutes,will+take,T2,vix,4,90,-0.0885,0.4068,0.0709,0.5068
minutes,will+take,T2,vix,5,89,-0.1748,0.1014,-0.0733,0.495
minutes,will+take,T2,vix,6,89,-0.2037,0.0555,-0.0465,0.6653
minutes,will+take,T2,vix,7,88,-0.225,0.0351,-0.1131,0.294
minutes,will+take,T2,vix,8,87,-0.2313,0.0311,-0.1087,0.3161
minutes,will+take,T2,vix,9,87,-0.2376,0.0267,-0.2072,0.0542
minutes,would,T1,cfnai,-9,99,0.1548,0.1261,0.2357,0.0188
minutes,would,T1,cfnai,-8,99,0.0819,0.4202,0.2464,0.014
minutes,would,T1,cfnai,-7,99,0.0688,0.4986,0.2765,0.0056
minutes,would,T1,cfnai,-6,99,-0.0208,0.8382,0.2141,0.0333
minutes,would,T1,cfnai,-5,99,-0.0932,0.359,0.1498,0.1388
minutes,would,T1,cfnai,-4,99,-0.0734,0.4704,0.1337,0.1869
minutes,would,T1,cfnai,-3,99,-0.1159,0.2535,0.1717,0.0893
minutes,would,T1,cfnai,-2,99,-0.0691,0.4969,0.111,0.2739
minutes,would,T1,cfnai,-1,99,-0.0642,0.5279,0.0411,0.686
minutes,would,T1,cfnai,0,99,-0.0012,0.9909,0.0649,0.5236
minutes,would,T1,cfnai,1,99,-0.0025,0.9803,0.2119,0.0352
minutes,would,T1,cfnai,2,99,0.0044,0.9653,0.2218,0.0273
minutes,would,T1,cfnai,3,99,0.16,0.1138,0.2072,0.0396
minutes,would,T1,cfnai,4,98,0.2947,0.0032,0.2912,0.0036
minutes,would,T1,cfnai,5,97,0.3136,0.0018,0.2659,0.0085
minutes,would,T1,cfnai,6,97,0.0916,0.3721,0.2365,0.0197
minutes,would,T1,cfnai,7,96,-0.0528,0.6096,0.0603,0.5593
minutes,would,T1,cfnai,8,95,-0.0123,0.9061,0.0995,0.3373
minutes,would,T1,cfnai,9,95,0.0447,0.6672,0.1113,0.2831
minutes,would,T1,vix,-9,99,-0.0479,0.6378,-0.0513,0.614
minutes,would,T1,vix,-8,99,-0.0049,0.9616,-0.0544,0.5929
minutes,would,T1,vix,-7,99,0.015,0.8831,0.0193,0.8493
minutes,would,T1,vix,-6,99,0.1774,0.0789,0.1179,0.2453
minutes,would,T1,vix,-5,99,0.1483,0.1428,0.0991,0.3292
minutes,would,T1,vix,-4,99,0.1656,0.1014,0.0276,0.786
minutes,would,T1,vix,-3,99,0.1788,0.0765,-0.0048,0.9621
minutes,would,T1,vix,-2,99,0.1806,0.0736,0.0928,0.3607
minutes,would,T1,vix,-1,99,0.1477,0.1447,0.1147,0.2584
minutes,would,T1,vix,0,99,0.2337,0.0199,0.1464,0.1481
minutes,would,T1,vix,1,99,0.1313,0.195,0.064,0.5291
minutes,would,T1,vix,2,99,0.0833,0.4125,0.0789,0.4375
minutes,would,T1,vix,3,99,0.0271,0.79,0.0726,0.4754
minutes,would,T1,vix,4,98,0.041,0.6887,0.0691,0.4988
minutes,would,T1,vix,5,97,0.0435,0.6726,0.0969,0.3451
minutes,would,T1,vix,6,97,0.0773,0.4516,0.114,0.2661
minutes,would,T1,vix,7,96,0.1298,0.2077,0.1649,0.1083
minutes,would,T1,vix,8,95,0.0549,0.5973,0.1255,0.2256
minutes,would,T1,vix,9,95,-0.0468,0.6527,-0.0149,0.8861
minutes,would,T2,cfnai,-9,91,0.181,0.086,0.3414,0.0009
minutes,would,T2,cfnai,-8,91,0.1582,0.1343,0.3379,0.0011
minutes,would,T2,cfnai,-7,91,0.2312,0.0275,0.3928,0.0001
minutes,would,T2,cfnai,-6,91,0.0589,0.5794,0.3475,0.0007
minutes,would,T2,cfnai,-5,91,0.0523,0.6222,0.2701,0.0096
minutes,would,T2,cfnai,-4,91,0.1594,0.1312,0.2608,0.0125
minutes,would,T2,cfnai,-3,91,0.2207,0.0355,0.3008,0.0038
minutes,would,T2,cfnai,-2,91,0.1358,0.1992,0.1482,0.1609
minutes,would,T2,cfnai,-1,91,0.0717,0.4997,0.0883,0.4052
minutes,would,T2,cfnai,0,91,0.1011,0.3404,0.0852,0.422
minutes,would,T2,cfnai,1,91,0.2165,0.0393,0.1973,0.0609
minutes,would,T2,cfnai,2,91,0.1729,0.1013,0.2042,0.0522
minutes,would,T2,cfnai,3,91,0.1925,0.0676,0.145,0.1702
minutes,would,T2,cfnai,4,90,0.1921,0.0697,0.1781,0.0931
minutes,would,T2,cfnai,5,89,0.2182,0.04,0.1728,0.1054
minutes,would,T2,cfnai,6,89,0.0889,0.4076,0.1575,0.1405
minutes,would,T2,cfnai,7,88,-0.0644,0.5512,-0.0121,0.911
minutes,would,T2,cfnai,8,87,-0.0525,0.629,0.0301,0.7823
minutes,would,T2,cfnai,9,87,0.019,0.8615,0.0336,0.7573
minutes,would,T2,vix,-9,91,-0.0535,0.6146,-0.0316,0.766
minutes,would,T2,vix,-8,91,0.0157,0.8824,-0.0103,0.9231
minutes,would,T2,vix,-7,91,0.0166,0.8759,0.0264,0.8041
minutes,would,T2,vix,-6,91,0.1376,0.1935,0.119,0.2612
minutes,would,T2,vix,-5,91,0.1184,0.2636,0.1024,0.3343
minutes,would,T2,vix,-4,91,0.0723,0.4956,-0.0151,0.8873
minutes,would,T2,vix,-3,91,0.0453,0.6695,-0.0763,0.4723
minutes,would,T2,vix,-2,91,0.0776,0.465,0.0025,0.9813
minutes,would,T2,vix,-1,91,0.0269,0.8004,0.0022,0.9833
minutes,would,T2,vix,0,91,0.045,0.6717,0.0131,0.9022
minutes,would,T2,vix,1,91,-0.046,0.6654,-0.0571,0.5906
minutes,would,T2,vix,2,91,0.0556,0.6005,-0.0297,0.7799
minutes,would,T2,vix,3,91,-0.0442,0.6777,-0.0295,0.7817
minutes,would,T2,vix,4,90,-0.0446,0.6766,-0.0248,0.8163
minutes,would,T2,vix,5,89,0.0029,0.9785,0.0211,0.8448
minutes,would,T2,vix,6,89,0.0233,0.8288,0.0316,0.7687
minutes,would,T2,vix,7,88,0.0684,0.5265,0.1006,0.3509
minutes,would,T2,vix,8,87,0.0234,0.8294,0.0584,0.591
minutes,would,T2,vix,9,87,-0.0509,0.6395,-0.0504,0.6429
minutes,would+be+appropriate,T1,cfnai,-9,99,0.0506,0.619,0.1772,0.0793
minutes,would+be+appropriate,T1,cfnai,-8,99,0.0314,0.7574,0.2216,0.0275
minutes,would+be+appropriate,T1,cfnai,-7,99,0.0264,0.7955,0.1931,0.0554
minutes,would+be+appropriate,T1,cfnai,-6,99,-0.0343,0.7358,0.1702,0.0922
minutes,would+be+appropriate,T1,cfnai,-5,99,-0.2683,0.0073,0.163,0.107
minutes,would+be+appropriate,T1,cfnai,-4,99,-0.2148,0.0328,0.215,0.0326
minutes,would+be+appropriate,T1,cfnai,-3,99,-0.1021,0.3146,0.2261,0.0244
minutes,would+be+appropriate,T1,cfnai,-2,99,0.1542,0.1275,0.2356,0.0189
minutes,would+be+appropriate,T1,cfnai,-1,99,0.1885,0.0617,0.1029,0.311
minutes,would+be+appropriate,T1,cfnai,0,99,0.145,0.1521,0.0507,0.6182
minutes,would+be+appropriate,T1,cfnai,1,99,0.1209,0.2334,0.1006,0.3219
minutes,would+be+appropriate,T1,cfnai,2,99,0.109,0.2829,0.0943,0.3534
minutes,would+be+appropriate,T1,cfnai,3,99,0.102,0.3152,0.088,0.3867
minutes,would+be+appropriate,T1,cfnai,4,98,0.1118,0.2732,0.0903,0.3767
minutes,would+be+appropriate,T1,cfnai,5,97,0.0933,0.3635,0.0672,0.5133
minutes,would+be+appropriate,T1,cfnai,6,97,0.0796,0.4385,0.0935,0.3623
minutes,would+be+appropriate,T1,cfnai,7,96,0.0498,0.6298,-0.0061,0.9527
minutes,would+be+appropriate,T1,cfnai,8,95,0.1069,0.3026,0.0317,0.7602
minutes,would+be+appropriate,T1,cfnai,9,95,0.0557,0.5922,-0.02,0.8476
minutes,would+be+appropriate,T1,vix,-9,99,0.0617,0.5442,0.1429,0.1583
minutes,would+be+appropriate,T1,vix,-8,99,0.0653,0.5207,0.1131,0.265
minutes,would+be+appropriate,T1,vix,-7,99,0.1017,0.3165,0.1245,0.2197
minutes,would+be+appropriate,T1,vix,-6,99,0.3879,0.0001,0.1361,0.1792
minutes,would+be+appropriate,T1,vix,-5,99,0.3411,0.0006,0.2098,0.0372
minutes,would+be+appropriate,T1,vix,-4,99,0.3382,0.0006,0.2819,0.0047
minutes,would+be+appropriate,T1,vix,-3,99,0.354,0.0003,0.3445,0.0005
minutes,would+be+appropriate,T1,vix,-2,99,0.3953,0.0001,0.3556,0.0003
minutes,would+be+appropriate,T1,vix,-1,99,0.2475,0.0135,0.2891,0.0037
minutes,would+be+appropriate,T1,vix,0,99,0.3314,0.0008,0.3583,0.0003
minutes,would+be+appropriate,T1,vix,1,99,0.3973,0.0,0.3882,0.0001
minutes,would+be+appropriate,T1,vix,2,99,0.2725,0.0064,0.3053,0.0021
minutes,would+be+appropriate,T1,vix,3,99,0.2057,0.0411,0.2794,0.0051
minutes,would+be+appropriate,T1,vix,4,98,0.3552,0.0003,0.3517,0.0004
minutes,would+be+appropriate,T1,vix,5,97,0.2344,0.0208,0.338,0.0007
minutes,would+be+appropriate,T1,vix,6,97,0.177,0.0829,0.2681,0.0079
minutes,would+be+appropriate,T1,vix,7,96,0.1552,0.1311,0.1936,0.0587
minutes,would+be+appropriate,T1,vix,8,95,0.0629,0.5447,0.152,0.1414
minutes,would+be+appropriate,T1,vix,9,95,0.033,0.751,0.1109,0.2846
minutes,would+be+appropriate,T2,cfnai,-9,91,0.0805,0.4481,0.2717,0.0092
minutes,would+be+appropriate,T2,cfnai,-8,91,0.1024,0.3342,0.3141,0.0024
minutes,would+be+appropriate,T2,cfnai,-7,91,0.1676,0.1123,0.2807,0.007
minutes,would+be+appropriate,T2,cfnai,-6,91,0.1266,0.2317,0.2643,0.0114
minutes,would+be+appropriate,T2,cfnai,-5,91,0.1459,0.1677,0.2359,0.0244
minutes,would+be+appropriate,T2,cfnai,-4,91,0.2811,0.007,0.2805,0.0071
minutes,would+be+appropriate,T2,cfnai,-3,91,0.3297,0.0014,0.3074,0.003
minutes,would+be+appropriate,T2,cfnai,-2,91,0.2258,0.0314,0.2343,0.0254
minutes,would+be+appropriate,T2,cfnai,-1,91,0.1791,0.0894,0.0827,0.4357
minutes,would+be+appropriate,T2,cfnai,0,91,0.1039,0.327,-0.0043,0.9681
minutes,would+be+appropriate,T2,cfnai,1,91,0.1122,0.2895,0.0147,0.8898
minutes,would+be+appropriate,T2,cfnai,2,91,0.0602,0.5708,0.0209,0.8445
minutes,would+be+appropriate,T2,cfnai,3,91,0.0826,0.4363,0.0256,0.8094
minutes,would+be+appropriate,T2,cfnai,4,90,0.0795,0.4564,0.0001,0.9993
minutes,would+be+appropriate,T2,cfnai,5,89,0.0849,0.4289,0.0075,0.9443
minutes,would+be+appropriate,T2,cfnai,6,89,0.0994,0.3539,0.0308,0.7746
minutes,would+be+appropriate,T2,cfnai,7,88,0.0627,0.5616,-0.0545,0.6137
minutes,would+be+appropriate,T2,cfnai,8,87,0.066,0.5436,-0.0239,0.8262
minutes,would+be+appropriate,T2,cfnai,9,87,0.0484,0.6559,-0.0804,0.4594
minutes,would+be+appropriate,T2,vix,-9,91,0.0911,0.3903,0.1405,0.1839
minutes,would+be+appropriate,T2,vix,-8,91,0.1168,0.2704,0.135,0.2021
minutes,would+be+appropriate,T2,vix,-7,91,0.0973,0.3588,0.106,0.3171
minutes,would+be+appropriate,T2,vix,-6,91,0.1666,0.1144,0.0941,0.3747
minutes,would+be+appropriate,T2,vix,-5,91,0.1832,0.0823,0.1611,0.1271
minutes,would+be+appropriate,T2,vix,-4,91,0.2864,0.0059,0.2226,0.034
minutes,would+be+appropriate,T2,vix,-3,91,0.325,0.0017,0.294,0.0047
minutes,would+be+appropriate,T2,vix,-2,91,0.3695,0.0003,0.3071,0.0031
minutes,would+be+appropriate,T2,vix,-1,91,0.3157,0.0023,0.243,0.0203
minutes,would+be+appropriate,T2,vix,0,91,0.4257,0.0,0.3122,0.0026
minutes,would+be+appropriate,T2,vix,1,91,0.4021,0.0001,0.3579,0.0005
minutes,would+be+appropriate,T2,vix,2,91,0.4239,0.0,0.2677,0.0103
minutes,would+be+appropriate,T2,vix,3,91,0.2281,0.0297,0.2512,0.0163
minutes,would+be+appropriate,T2,vix,4,90,0.3622,0.0005,0.3272,0.0016
minutes,would+be+appropriate,T2,vix,5,89,0.2432,0.0217,0.3274,0.0017
minutes,would+be+appropriate,T2,vix,6,89,0.1813,0.089,0.2544,0.0161
minutes,would+be+appropriate,T2,vix,7,88,0.1819,0.0898,0.1906,0.0753
minutes,would+be+appropriate,T2,vix,8,87,0.062,0.5686,0.1378,0.2031
minutes,would+be+appropriate,T2,vix,9,87,0.0661,0.5432,0.1195,0.2704
minutes,would+continue,T1,cfnai,-9,99,0.0367,0.7186,-0.0981,0.3339
minutes,would+continue,T1,cfnai,-8,99,-0.033,0.7457,-0.0189,0.8528
minutes,would+continue,T1,cfnai,-7,99,-0.1432,0.1574,-0.1422,0.1602
minutes,would+continue,T1,cfnai,-6,99,-0.1263,0.2128,-0.1687,0.0951
minutes,would+continue,T1,cfnai,-5,99,-0.0798,0.4321,-0.2185,0.0298
minutes,would+continue,T1,cfnai,-4,99,0.0354,0.7276,-0.1192,0.2401
minutes,would+continue,T1,cfnai,-3,99,-0.0121,0.9051,-0.0857,0.3992
minutes,would+continue,T1,cfnai,-2,99,0.0064,0.9498,-0.073,0.4728
minutes,would+continue,T1,cfnai,-1,99,-0.0269,0.7913,-0.1081,0.2867
minutes,would+continue,T1,cfnai,0,99,-0.1291,0.2027,-0.0067,0.9479
minutes,would+continue,T1,cfnai,1,99,-0.0006,0.9954,0.0182,0.8579
minutes,would+continue,T1,cfnai,2,99,0.0569,0.5759,0.0072,0.9435
minutes,would+continue,T1,cfnai,3,99,0.212,0.0352,0.1079,0.2877
minutes,would+continue,T1,cfnai,4,98,0.171,0.0923,0.1566,0.1235
minutes,would+continue,T1,cfnai,5,97,0.1806,0.0768,0.1783,0.0806
minutes,would+continue,T1,cfnai,6,97,0.1029,0.3158,0.2383,0.0187
minutes,would+continue,T1,cfnai,7,96,0.0379,0.714,0.1262,0.2206
minutes,would+continue,T1,cfnai,8,95,0.0735,0.4789,0.132,0.2022
minutes,would+continue,T1,cfnai,9,95,0.0412,0.6915,0.1951,0.0581
minutes,would+continue,T1,vix,-9,99,0.3468,0.0004,0.4354,0.0
minutes,would+continue,T1,vix,-8,99,0.4027,0.0,0.424,0.0
minutes,would+continue,T1,vix,-7,99,0.4179,0.0,0.3631,0.0002
minutes,would+continue,T1,vix,-6,99,0.4299,0.0,0.4115,0.0
minutes,would+continue,T1,vix,-5,99,0.3446,0.0005,0.3623,0.0002
minutes,would+continue,T1,vix,-4,99,0.3317,0.0008,0.395,0.0001
minutes,would+continue,T1,vix,-3,99,0.3236,0.0011,0.3697,0.0002
minutes,would+continue,T1,vix,-2,99,0.3858,0.0001,0.4257,0.0
minutes,would+continue,T1,vix,-1,99,0.3386,0.0006,0.2841,0.0044
minutes,would+continue,T1,vix,0,99,0.2106,0.0364,0.2222,0.0271
minutes,would+continue,T1,vix,1,99,0.2311,0.0214,0.2364,0.0185
minutes,would+continue,T1,vix,2,99,0.1531,0.1303,0.1893,0.0605
minutes,would+continue,T1,vix,3,99,0.1166,0.2503,0.2167,0.0312
minutes,would+continue,T1,vix,4,98,0.0595,0.5607,0.1285,0.2074
minutes,would+continue,T1,vix,5,97,0.105,0.3059,0.1648,0.1066
minutes,would+continue,T1,vix,6,97,0.1055,0.3037,0.1731,0.09
minutes,would+continue,T1,vix,7,96,0.0653,0.5276,0.0837,0.4177
minutes,would+continue,T1,vix,8,95,0.1792,0.0822,0.1811,0.079
minutes,would+continue,T1,vix,9,95,0.0892,0.3898,0.0682,0.5117
minutes,would+continue,T2,cfnai,-9,91,0.0726,0.494,-0.023,0.8283
minutes,would+continue,T2,cfnai,-8,91,0.1193,0.2599,0.0658,0.5354
minutes,would+continue,T2,cfnai,-7,91,0.1075,0.3105,-0.0484,0.6487
minutes,would+continue,T2,cfnai,-6,91,0.0939,0.3758,-0.0666,0.5308
minutes,would+continue,T2,cfnai,-5,91,0.0021,0.9841,-0.1906,0.0703
minutes,would+continue,T2,cfnai,-4,91,0.0481,0.6506,-0.1287,0.224
minutes,would+continue,T2,cfnai,-3,91,0.0482,0.6498,-0.1034,0.3296
minutes,would+continue,T2,cfnai,-2,91,0.0786,0.4591,-0.1253,0.2366
minutes,would+continue,T2,cfnai,-1,91,0.0606,0.5681,-0.1535,0.1464
minutes,would+continue,T2,cfnai,0,91,0.0259,0.8072,-0.0657,0.5362
minutes,would+continue,T2,cfnai,1,91,0.0764,0.4717,-0.0884,0.4047
minutes,would+continue,T2,cfnai,2,91,0.0696,0.5124,-0.075,0.4798
minutes,would+continue,T2,cfnai,3,91,0.0835,0.4314,-0.0168,0.8745
minutes,would+continue,T2,cfnai,4,90,0.1056,0.3217,0.0362,0.7349
minutes,would+continue,T2,cfnai,5,89,0.1394,0.1926,0.0817,0.4467
minutes,would+continue,T2,cfnai,6,89,0.0738,0.4916,0.1434,0.18
minutes,would+continue,T2,cfnai,7,88,0.0172,0.8734,0.0377,0.7274
minutes,would+continue,T2,cfnai,8,87,0.0228,0.8342,0.042,0.6995
minutes,would+continue,T2,cfnai,9,87,0.0085,0.9375,0.1039,0.338
minutes,would+continue,T2,vix,-9,91,0.3902,0.0001,0.4839,0.0
minutes,would+continue,T2,vix,-8,91,0.4102,0.0001,0.4392,0.0
minutes,would+continue,T2,vix,-7,91,0.4224,0.0,0.3769,0.0002
minutes,would+continue,T2,vix,-6,91,0.448,0.0,0.4106,0.0001
minutes,would+continue,T2,vix,-5,91,0.3217,0.0019,0.3597,0.0005
minutes,would+continue,T2,vix,-4,91,0.3577,0.0005,0.3551,0.0006
minutes,would+continue,T2,vix,-3,91,0.3218,0.0019,0.3227,0.0018
minutes,would+continue,T2,vix,-2,91,0.3206,0.0019,0.3558,0.0005
minutes,would+continue,T2,vix,-1,91,0.1549,0.1426,0.1888,0.073
minutes,would+continue,T2,vix,0,91,0.1234,0.2439,0.1258,0.2346
minutes,would+continue,T2,vix,1,91,0.1451,0.1698,0.1569,0.1375
minutes,would+continue,T2,vix,2,91,0.1064,0.3157,0.1022,0.3352
minutes,would+continue,T2,vix,3,91,0.0658,0.5356,0.1559,0.1401
minutes,would+continue,T2,vix,4,90,-0.006,0.9555,0.0648,0.544
minutes,would+continue,T2,vix,5,89,0.0569,0.5965,0.1101,0.3044
minutes,would+continue,T2,vix,6,89,0.0579,0.5902,0.1226,0.2523
minutes,would+continue,T2,vix,7,88,0.0329,0.7608,0.0455,0.674
minutes,would+continue,T2,vix,8,87,0.176,0.1029,0.151,0.1626
minutes,would+continue,T2,vix,9,87,0.0825,0.4476,0.0369,0.7345
press_conf,ALL,T1,cfnai,-9,80,0.1573,0.1635,0.2294,0.0407
press_conf,ALL,T1,cfnai,-8,80,0.1122,0.3217,0.3007,0.0067
press_conf,ALL,T1,cfnai,-7,80,0.0701,0.5368,0.1979,0.0785
press_conf,ALL,T1,cfnai,-6,80,0.0046,0.9678,0.1301,0.2502
press_conf,ALL,T1,cfnai,-5,80,-0.0855,0.4506,0.2334,0.0372
press_conf,ALL,T1,cfnai,-4,80,-0.0879,0.438,0.2434,0.0296
press_conf,ALL,T1,cfnai,-3,80,0.0236,0.8352,0.2456,0.0281
press_conf,ALL,T1,cfnai,-2,80,0.1478,0.1909,0.2331,0.0374
press_conf,ALL,T1,cfnai,-1,80,0.1204,0.2875,0.168,0.1363
press_conf,ALL,T1,cfnai,0,80,-0.205,0.0681,0.1177,0.2985
press_conf,ALL,T1,cfnai,1,80,-0.244,0.0292,0.18,0.1101
press_conf,ALL,T1,cfnai,2,80,-0.2141,0.0566,0.1607,0.1544
press_conf,ALL,T1,cfnai,3,80,0.0972,0.3912,0.2617,0.019
press_conf,ALL,T1,cfnai,4,79,0.2842,0.0111,0.2566,0.0224
press_conf,ALL,T1,cfnai,5,78,0.3038,0.0068,0.213,0.0611
press_conf,ALL,T1,cfnai,6,78,0.2393,0.0349,0.2263,0.0464
press_conf,ALL,T1,cfnai,7,77,0.165,0.1515,0.1972,0.0856
press_conf,ALL,T1,cfnai,8,76,0.2077,0.0718,0.215,0.0622
press_conf,ALL,T1,cfnai,9,76,0.1745,0.1317,0.2496,0.0297
press_conf,ALL,T1,vix,-9,80,0.19,0.0914,0.1723,0.1264
press_conf,ALL,T1,vix,-8,80,0.1512,0.1807,0.2105,0.0609
press_conf,ALL,T1,vix,-7,80,0.1912,0.0894,0.2332,0.0374
press_conf,ALL,T1,vix,-6,80,0.2812,0.0115,0.2484,0.0263
press_conf,ALL,T1,vix,-5,80,0.2488,0.026,0.2421,0.0305
press_conf,ALL,T1,vix,-4,80,0.1336,0.2374,0.181,0.1081
press_conf,ALL,T1,vix,-3,80,0.1271,0.2611,0.1554,0.1687
press_conf,ALL,T1,vix,-2,80,0.1794,0.1113,0.2161,0.0542
press_conf,ALL,T1,vix,-1,80,0.3709,0.0007,0.3314,0.0027
press_conf,ALL,T1,vix,0,80,0.4343,0.0001,0.3618,0.001
press_conf,ALL,T1,vix,1,80,0.3886,0.0004,0.2884,0.0095
press_conf,ALL,T1,vix,2,80,0.2831,0.0109,0.2176,0.0525
press_conf,ALL,T1,vix,3,80,0.175,0.1206,0.2326,0.0379
press_conf,ALL,T1,vix,4,79,0.2075,0.0665,0.204,0.0714
press_conf,ALL,T1,vix,5,78,0.2333,0.0398,0.3724,0.0008
press_conf,ALL,T1,vix,6,78,0.184,0.1068,0.2848,0.0115
press_conf,ALL,T1,vix,7,77,0.2639,0.0204,0.2616,0.0216
press_conf,ALL,T1,vix,8,76,0.1194,0.3044,0.2026,0.0792
press_conf,ALL,T1,vix,9,76,0.0518,0.657,0.18,0.1198
press_conf,ALL,T2,cfnai,-9,71,0.2303,0.0533,0.3864,0.0009
press_conf,ALL,T2,cfnai,-8,71,0.3279,0.0052,0.4088,0.0004
press_conf,ALL,T2,cfnai,-7,71,0.3324,0.0046,0.3086,0.0088
press_conf,ALL,T2,cfnai,-6,71,0.1709,0.1542,0.314,0.0077
press_conf,ALL,T2,cfnai,-5,71,0.1741,0.1464,0.3607,0.002
press_conf,ALL,T2,cfnai,-4,71,0.3044,0.0099,0.4253,0.0002
press_conf,ALL,T2,cfnai,-3,71,0.4083,0.0004,0.4026,0.0005
press_conf,ALL,T2,cfnai,-2,71,0.3486,0.0029,0.2701,0.0227
press_conf,ALL,T2,cfnai,-1,71,0.388,0.0008,0.2291,0.0546
press_conf,ALL,T2,cfnai,0,71,0.2929,0.0132,0.208,0.0818
press_conf,ALL,T2,cfnai,1,71,0.4183,0.0003,0.2594,0.029
press_conf,ALL,T2,cfnai,2,71,0.3599,0.002,0.2857,0.0157
press_conf,ALL,T2,cfnai,3,71,0.3112,0.0082,0.2753,0.0202
press_conf,ALL,T2,cfnai,4,70,0.1326,0.274,0.1763,0.1444
press_conf,ALL,T2,cfnai,5,69,0.1582,0.1942,0.1452,0.2339
press_conf,ALL,T2,cfnai,6,69,0.145,0.2344,0.0991,0.4179
press_conf,ALL,T2,cfnai,7,68,0.0987,0.4233,0.0528,0.6692
press_conf,ALL,T2,cfnai,8,67,0.1233,0.3202,0.0973,0.4336
press_conf,ALL,T2,cfnai,9,67,0.128,0.3021,0.1552,0.2098
press_conf,ALL,T2,vix,-9,71,0.2769,0.0194,0.2629,0.0268
press_conf,ALL,T2,vix,-8,71,0.3022,0.0104,0.2725,0.0215
press_conf,ALL,T2,vix,-7,71,0.263,0.0267,0.2482,0.0369
press_conf,ALL,T2,vix,-6,71,0.2303,0.0533,0.264,0.0261
press_conf,ALL,T2,vix,-5,71,0.256,0.0312,0.2836,0.0165
press_conf,ALL,T2,vix,-4,71,0.2697,0.0229,0.2482,0.0369
press_conf,ALL,T2,vix,-3,71,0.1686,0.1599,0.1897,0.1131
press_conf,ALL,T2,vix,-2,71,0.2025,0.0904,0.2348,0.0487
press_conf,ALL,T2,vix,-1,71,0.2706,0.0225,0.3002,0.011
press_conf,ALL,T2,vix,0,71,0.2505,0.0351,0.3084,0.0089
press_conf,ALL,T2,vix,1,71,0.1495,0.2134,0.1811,0.1307
press_conf,ALL,T2,vix,2,71,0.1326,0.2704,0.0921,0.4452
press_conf,ALL,T2,vix,3,71,0.0419,0.7288,0.1492,0.2144
press_conf,ALL,T2,vix,4,70,0.0972,0.4236,0.1333,0.2713
press_conf,ALL,T2,vix,5,69,0.1619,0.1839,0.308,0.01
press_conf,ALL,T2,vix,6,69,0.0876,0.474,0.2188,0.0709
press_conf,ALL,T2,vix,7,68,0.1839,0.1332,0.2062,0.0915
press_conf,ALL,T2,vix,8,67,0.0634,0.6105,0.1307,0.2918
press_conf,ALL,T2,vix,9,67,0.0088,0.9439,0.1132,0.3617
press_conf,can,T1,cfnai,-9,80,-0.1538,0.1732,-0.1959,0.0816
press_conf,can,T1,cfnai,-8,80,-0.1147,0.3111,-0.1121,0.3222
press_conf,can,T1,cfnai,-7,80,-0.113,0.3183,-0.1475,0.1917
press_conf,can,T1,cfnai,-6,80,-0.0129,0.9095,-0.1022,0.367
press_conf,can,T1,cfnai,-5,80,-0.047,0.6791,-0.1449,0.1998
press_conf,can,T1,cfnai,-4,80,-0.0651,0.5663,-0.1584,0.1605
press_conf,can,T1,cfnai,-3,80,-0.2359,0.0352,-0.0721,0.5251
press_conf,can,T1,cfnai,-2,80,-0.1966,0.0804,0.0875,0.4403
press_conf,can,T1,cfnai,-1,80,-0.1999,0.0754,-0.0051,0.9645
press_conf,can,T1,cfnai,0,80,-0.163,0.1486,-0.014,0.9022
press_conf,can,T1,cfnai,1,80,-0.1103,0.3301,0.0116,0.9188
press_conf,can,T1,cfnai,2,80,-0.0751,0.5081,0.0178,0.8753
press_conf,can,T1,cfnai,3,80,0.1999,0.0755,0.1334,0.2383
press_conf,can,T1,cfnai,4,79,0.2355,0.0367,0.2368,0.0356
press_conf,can,T1,cfnai,5,78,0.211,0.0637,0.1916,0.0929
press_conf,can,T1,cfnai,6,78,0.1077,0.348,0.0729,0.5262
press_conf,can,T1,cfnai,7,77,-0.0689,0.5513,-0.0562,0.6271
press_conf,can,T1,cfnai,8,76,-0.0568,0.6259,0.0397,0.7334
press_conf,can,T1,cfnai,9,76,0.0485,0.6776,0.0659,0.5717
press_conf,can,T1,vix,-9,80,0.0981,0.3865,0.0781,0.4911
press_conf,can,T1,vix,-8,80,0.1456,0.1974,0.1717,0.1278
press_conf,can,T1,vix,-7,80,0.1167,0.3024,0.1407,0.2132
press_conf,can,T1,vix,-6,80,0.1058,0.3502,0.145,0.1993
press_conf,can,T1,vix,-5,80,0.1692,0.1335,0.2319,0.0384
press_conf,can,T1,vix,-4,80,0.3182,0.004,0.276,0.0132
press_conf,can,T1,vix,-3,80,0.3448,0.0017,0.2933,0.0083
press_conf,can,T1,vix,-2,80,0.3777,0.0006,0.3565,0.0012
press_conf,can,T1,vix,-1,80,0.4972,0.0,0.4077,0.0002
press_conf,can,T1,vix,0,80,0.4323,0.0001,0.428,0.0001
press_conf,can,T1,vix,1,80,0.4423,0.0,0.4248,0.0001
press_conf,can,T1,vix,2,80,0.3119,0.0048,0.3838,0.0004
press_conf,can,T1,vix,3,80,0.2751,0.0135,0.2964,0.0076
press_conf,can,T1,vix,4,79,0.3628,0.001,0.3639,0.001
press_conf,can,T1,vix,5,78,0.3099,0.0058,0.4462,0.0
press_conf,can,T1,vix,6,78,0.4195,0.0001,0.4366,0.0001
press_conf,can,T1,vix,7,77,0.4896,0.0,0.45,0.0
press_conf,can,T1,vix,8,76,0.2101,0.0685,0.3305,0.0035
press_conf,can,T1,vix,9,76,0.0674,0.5628,0.2787,0.0148
press_conf,can,T2,cfnai,-9,71,-0.1525,0.2043,-0.0791,0.5118
press_conf,can,T2,cfnai,-8,71,-0.0759,0.5294,0.0106,0.9301
press_conf,can,T2,cfnai,-7,71,-0.0116,0.9237,-0.0074,0.951
press_conf,can,T2,cfnai,-6,71,0.2239,0.0605,0.0845,0.4833
press_conf,can,T2,cfnai,-5,71,0.1763,0.1414,-0.0068,0.9548
press_conf,can,T2,cfnai,-4,71,0.0839,0.4868,-0.0538,0.6558
press_conf,can,T2,cfnai,-3,71,0.1213,0.3135,0.0387,0.7484
press_conf,can,T2,cfnai,-2,71,0.1645,0.1705,0.1369,0.255
press_conf,can,T2,cfnai,-1,71,0.1432,0.2334,0.0607,0.6152
press_conf,can,T2,cfnai,0,71,0.0823,0.4948,0.0008,0.9947
press_conf,can,T2,cfnai,1,71,-0.0397,0.7426,-0.0515,0.67
press_conf,can,T2,cfnai,2,71,0.0004,0.9971,-0.0317,0.7928
press_conf,can,T2,cfnai,3,71,0.0018,0.9879,0.0307,0.7995
press_conf,can,T2,cfnai,4,70,0.0043,0.972,0.0254,0.8346
press_conf,can,T2,cfnai,5,69,-0.0003,0.9977,-0.0052,0.966
press_conf,can,T2,cfnai,6,69,-0.0238,0.846,-0.1753,0.1497
press_conf,can,T2,cfnai,7,68,-0.1688,0.1689,-0.281,0.0203
press_conf,can,T2,cfnai,8,67,-0.1951,0.1135,-0.1746,0.1576
press_conf,can,T2,cfnai,9,67,-0.031,0.8031,-0.1593,0.1978
press_conf,can,T2,vix,-9,71,0.2066,0.0838,0.1635,0.1731
press_conf,can,T2,vix,-8,71,0.2285,0.0553,0.2541,0.0325
press_conf,can,T2,vix,-7,71,0.1731,0.1488,0.1764,0.1412
press_conf,can,T2,vix,-6,71,0.1016,0.3993,0.1502,0.2112
press_conf,can,T2,vix,-5,71,0.2073,0.0828,0.2636,0.0263
press_conf,can,T2,vix,-4,71,0.2206,0.0645,0.2744,0.0206
press_conf,can,T2,vix,-3,71,0.2255,0.0586,0.2699,0.0228
press_conf,can,T2,vix,-2,71,0.2753,0.0202,0.2946,0.0126
press_conf,can,T2,vix,-1,71,0.251,0.0347,0.2886,0.0146
press_conf,can,T2,vix,0,71,0.2765,0.0196,0.285,0.016
press_conf,can,T2,vix,1,71,0.303,0.0102,0.2995,0.0112
press_conf,can,T2,vix,2,71,0.2308,0.0528,0.263,0.0267
press_conf,can,T2,vix,3,71,0.1561,0.1937,0.1697,0.1571
press_conf,can,T2,vix,4,70,0.2692,0.0242,0.2653,0.0265
press_conf,can,T2,vix,5,69,0.2536,0.0355,0.4017,0.0006
press_conf,can,T2,vix,6,69,0.365,0.002,0.3668,0.0019
press_conf,can,T2,vix,7,68,0.4537,0.0001,0.4111,0.0005
press_conf,can,T2,vix,8,67,0.1741,0.1588,0.2835,0.0201
press_conf,can,T2,vix,9,67,0.049,0.694,0.2684,0.0281
press_conf,could,T1,cfnai,-9,80,0.007,0.951,-0.0234,0.837
press_conf,could,T1,cfnai,-8,80,0.045,0.6917,-0.0242,0.8315
press_conf,could,T1,cfnai,-7,80,0.0129,0.9093,-0.1087,0.337
press_conf,could,T1,cfnai,-6,80,-0.101,0.3728,-0.0806,0.477
press_conf,could,T1,cfnai,-5,80,-0.1091,0.3353,-0.0427,0.7071
press_conf,could,T1,cfnai,-4,80,-0.055,0.6282,0.0202,0.8591
press_conf,could,T1,cfnai,-3,80,-0.0225,0.8432,0.0226,0.8426
press_conf,could,T1,cfnai,-2,80,-0.0828,0.4654,0.0654,0.5646
press_conf,could,T1,cfnai,-1,80,-0.1302,0.2497,0.0118,0.9171
press_conf,could,T1,cfnai,0,80,0.0376,0.7406,0.0146,0.8975
press_conf,could,T1,cfnai,1,80,0.2988,0.0071,0.1836,0.1031
press_conf,could,T1,cfnai,2,80,0.3354,0.0024,0.2006,0.0744
press_conf,could,T1,cfnai,3,80,0.1429,0.206,0.1858,0.0989
press_conf,could,T1,cfnai,4,79,-0.0579,0.6123,-0.0611,0.5926
press_conf,could,T1,cfnai,5,78,-0.0824,0.4735,-0.092,0.4232
press_conf,could,T1,cfnai,6,78,-0.1154,0.3144,-0.0118,0.9187
press_conf,could,T1,cfnai,7,77,-0.0862,0.4559,-0.0212,0.8551
press_conf,could,T1,cfnai,8,76,-0.0299,0.7976,0.0432,0.711
press_conf,could,T1,cfnai,9,76,0.1081,0.3527,0.044,0.7057
press_conf,could,T1,vix,-9,80,-0.1235,0.275,-0.1389,0.2193
press_conf,could,T1,vix,-8,80,-0.1173,0.3002,-0.1485,0.1888
press_conf,could,T1,vix,-7,80,-0.2046,0.0687,-0.2278,0.0421
press_conf,could,T1,vix,-6,80,-0.0631,0.578,-0.1326,0.241
press_conf,could,T1,vix,-5,80,-0.1094,0.3341,-0.1327,0.2405
press_conf,could,T1,vix,-4,80,-0.1705,0.1306,-0.2187,0.0513
press_conf,could,T1,vix,-3,80,-0.0762,0.5014,-0.2275,0.0424
press_conf,could,T1,vix,-2,80,-0.1155,0.3077,-0.2144,0.0562
press_conf,could,T1,vix,-1,80,-0.1626,0.1497,-0.2745,0.0137
press_conf,could,T1,vix,0,80,-0.3407,0.002,-0.3057,0.0058
press_conf,could,T1,vix,1,80,-0.4009,0.0002,-0.3848,0.0004
press_conf,could,T1,vix,2,80,-0.2668,0.0167,-0.2848,0.0104
press_conf,could,T1,vix,3,80,-0.226,0.0438,-0.2185,0.0515
press_conf,could,T1,vix,4,79,-0.2243,0.0469,-0.1985,0.0794
press_conf,could,T1,vix,5,78,-0.0973,0.3967,-0.1989,0.0809
press_conf,could,T1,vix,6,78,-0.2087,0.0667,-0.2392,0.035
press_conf,could,T1,vix,7,77,-0.2658,0.0194,-0.2614,0.0216
press_conf,could,T1,vix,8,76,-0.23,0.0456,-0.2387,0.0378
press_conf,could,T1,vix,9,76,-0.0787,0.4994,-0.0843,0.4689
press_conf,could,T2,cfnai,-9,71,0.0035,0.9769,-0.0408,0.7353
press_conf,could,T2,cfnai,-8,71,0.0518,0.6681,-0.0159,0.8953
press_conf,could,T2,cfnai,-7,71,0.0208,0.8634,-0.1001,0.406
press_conf,could,T2,cfnai,-6,71,-0.1722,0.1511,-0.1095,0.3634
press_conf,could,T2,cfnai,-5,71,-0.1781,0.1373,-0.1141,0.3434
press_conf,could,T2,cfnai,-4,71,-0.1038,0.3891,-0.0514,0.6702
press_conf,could,T2,cfnai,-3,71,-0.0972,0.4201,-0.0041,0.9731
press_conf,could,T2,cfnai,-2,71,0.0474,0.6945,0.0564,0.6402
press_conf,could,T2,cfnai,-1,71,-0.1142,0.343,-0.0357,0.7677
press_conf,could,T2,cfnai,0,71,-0.0425,0.7249,-0.0436,0.7179
press_conf,could,T2,cfnai,1,71,0.0068,0.9553,0.0768,0.5241
press_conf,could,T2,cfnai,2,71,0.102,0.3972,0.0918,0.4466
press_conf,could,T2,cfnai,3,71,0.1527,0.2037,0.1289,0.2841
press_conf,could,T2,cfnai,4,70,0.1157,0.3402,-0.0225,0.8532
press_conf,could,T2,cfnai,5,69,0.0951,0.437,-0.0378,0.7575
press_conf,could,T2,cfnai,6,69,-0.0566,0.6442,0.064,0.6014
press_conf,could,T2,cfnai,7,68,-0.0555,0.6533,0.0427,0.7297
press_conf,could,T2,cfnai,8,67,0.0199,0.8727,0.1698,0.1695
press_conf,could,T2,cfnai,9,67,0.1499,0.226,0.135,0.276
press_conf,could,T2,vix,-9,71,-0.1747,0.145,-0.176,0.1421
press_conf,could,T2,vix,-8,71,-0.2067,0.0837,-0.206,0.0848
press_conf,could,T2,vix,-7,71,-0.2375,0.0461,-0.2343,0.0492
press_conf,could,T2,vix,-6,71,-0.1682,0.1609,-0.1825,0.1277
press_conf,could,T2,vix,-5,71,-0.1875,0.1174,-0.1851,0.1222
press_conf,could,T2,vix,-4,71,-0.3231,0.006,-0.3561,0.0023
press_conf,could,T2,vix,-3,71,-0.3987,0.0006,-0.3856,0.0009
press_conf,could,T2,vix,-2,71,-0.3333,0.0045,-0.3503,0.0027
press_conf,could,T2,vix,-1,71,-0.2388,0.0449,-0.3323,0.0046
press_conf,could,T2,vix,0,71,-0.3397,0.0037,-0.3243,0.0058
press_conf,could,T2,vix,1,71,-0.4138,0.0003,-0.4081,0.0004
press_conf,could,T2,vix,2,71,-0.2948,0.0126,-0.2681,0.0238
press_conf,could,T2,vix,3,71,-0.1988,0.0965,-0.2029,0.0897
press_conf,could,T2,vix,4,70,-0.2371,0.0481,-0.1872,0.1208
press_conf,could,T2,vix,5,69,-0.0856,0.4844,-0.192,0.1141
press_conf,could,T2,vix,6,69,-0.1696,0.1636,-0.2087,0.0853
press_conf,could,T2,vix,7,68,-0.2229,0.0677,-0.2296,0.0597
press_conf,could,T2,vix,8,67,-0.2149,0.0807,-0.2132,0.0832
press_conf,could,T2,vix,9,67,-0.0611,0.6231,-0.0485,0.6968
press_conf,may,T1,cfnai,-9,80,0.2042,0.0692,0.1246,0.2709
press_conf,may,T1,cfnai,-8,80,-0.0134,0.9062,0.0893,0.431
press_conf,may,T1,cfnai,-7,80,-0.0893,0.431,0.0699,0.5378
press_conf,may,T1,cfnai,-6,80,-0.1525,0.1768,0.0555,0.6246
press_conf,may,T1,cfnai,-5,80,-0.0527,0.6427,0.0431,0.7045
press_conf,may,T1,cfnai,-4,80,0.0379,0.7383,0.0949,0.4022
press_conf,may,T1,cfnai,-3,80,0.0946,0.4041,0.0918,0.4178
press_conf,may,T1,cfnai,-2,80,0.0604,0.5945,0.0325,0.7751
press_conf,may,T1,cfnai,-1,80,0.0358,0.7528,0.0478,0.6736
press_conf,may,T1,cfnai,0,80,-0.0722,0.5248,0.0735,0.5171
press_conf,may,T1,cfnai,1,80,0.0513,0.6512,0.1102,0.3307
press_conf,may,T1,cfnai,2,80,0.0629,0.5796,0.0666,0.5574
press_conf,may,T1,cfnai,3,80,0.0994,0.3803,0.0789,0.4866
press_conf,may,T1,cfnai,4,79,-0.0216,0.8503,0.0145,0.8994
press_conf,may,T1,cfnai,5,78,-0.0284,0.805,-0.0132,0.9088
press_conf,may,T1,cfnai,6,78,0.0506,0.6602,0.0078,0.9461
press_conf,may,T1,cfnai,7,77,0.1864,0.1046,0.1125,0.3301
press_conf,may,T1,cfnai,8,76,0.2345,0.0414,0.1368,0.2385
press_conf,may,T1,cfnai,9,76,0.1435,0.2161,0.1508,0.1936
press_conf,may,T1,vix,-9,80,0.1248,0.2702,0.0797,0.4822
press_conf,may,T1,vix,-8,80,0.155,0.1698,0.1638,0.1467
press_conf,may,T1,vix,-7,80,0.1067,0.3463,0.1278,0.2587
press_conf,may,T1,vix,-6,80,0.1354,0.231,0.2001,0.0751
press_conf,may,T1,vix,-5,80,0.0245,0.8295,0.0477,0.6741
press_conf,may,T1,vix,-4,80,-0.0656,0.5631,0.0482,0.6709
press_conf,may,T1,vix,-3,80,-0.0128,0.91,0.0128,0.9102
press_conf,may,T1,vix,-2,80,0.0688,0.5444,0.132,0.243
press_conf,may,T1,vix,-1,80,0.0096,0.9323,-0.0341,0.7638
press_conf,may,T1,vix,0,80,-0.1153,0.3084,-0.0635,0.5759
press_conf,may,T1,vix,1,80,-0.1049,0.3544,-0.0642,0.5716
press_conf,may,T1,vix,2,80,-0.0107,0.9247,-0.0099,0.9304
press_conf,may,T1,vix,3,80,-0.0558,0.6229,-0.0177,0.8763
press_conf,may,T1,vix,4,79,-0.1412,0.2146,-0.1253,0.2713
press_conf,may,T1,vix,5,78,-0.1041,0.3646,-0.0697,0.544
press_conf,may,T1,vix,6,78,-0.2219,0.0509,-0.1001,0.3834
press_conf,may,T1,vix,7,77,-0.2907,0.0103,-0.2363,0.0385
press_conf,may,T1,vix,8,76,-0.2193,0.057,-0.1924,0.0959
press_conf,may,T1,vix,9,76,-0.1369,0.2383,-0.1879,0.104
press_conf,may,T2,cfnai,-9,71,0.2256,0.0585,0.1475,0.2195
press_conf,may,T2,cfnai,-8,71,0.0792,0.5115,0.1167,0.3326
press_conf,may,T2,cfnai,-7,71,0.0257,0.8318,0.126,0.295
press_conf,may,T2,cfnai,-6,71,-0.1157,0.3367,0.1271,0.291
press_conf,may,T2,cfnai,-5,71,-0.1234,0.3052,0.0437,0.7174
press_conf,may,T2,cfnai,-4,71,-0.0743,0.5383,0.0427,0.7237
press_conf,may,T2,cfnai,-3,71,-0.0742,0.5383,0.0264,0.8269
press_conf,may,T2,cfnai,-2,71,-0.067,0.5789,-0.0452,0.7084
press_conf,may,T2,cfnai,-1,71,0.008,0.9473,-0.0136,0.9104
press_conf,may,T2,cfnai,0,71,0.0272,0.822,0.0624,0.6051
press_conf,may,T2,cfnai,1,71,0.105,0.3836,0.0809,0.5027
press_conf,may,T2,cfnai,2,71,-0.0348,0.7734,0.0481,0.6902
press_conf,may,T2,cfnai,3,71,0.0096,0.9368,0.0094,0.938
press_conf,may,T2,cfnai,4,70,-0.0223,0.8544,-0.0264,0.8283
press_conf,may,T2,cfnai,5,69,-0.0059,0.9613,-0.0507,0.6792
press_conf,may,T2,cfnai,6,69,0.091,0.457,-0.0072,0.9535
press_conf,may,T2,cfnai,7,68,0.2109,0.0842,0.0927,0.4521
press_conf,may,T2,cfnai,8,67,0.2511,0.0404,0.1403,0.2576
press_conf,may,T2,cfnai,9,67,0.1498,0.2262,0.169,0.1716
press_conf,may,T2,vix,-9,71,0.0821,0.4963,0.064,0.596
press_conf,may,T2,vix,-8,71,0.0938,0.4367,0.1017,0.3989
press_conf,may,T2,vix,-7,71,0.0591,0.6247,0.0896,0.4573
press_conf,may,T2,vix,-6,71,0.0885,0.463,0.1404,0.2429
press_conf,may,T2,vix,-5,71,-0.0294,0.8075,0.0234,0.8466
press_conf,may,T2,vix,-4,71,-0.0529,0.6613,0.0181,0.881
press_conf,may,T2,vix,-3,71,-0.0495,0.682,-0.034,0.7785
press_conf,may,T2,vix,-2,71,0.0272,0.8222,0.0776,0.52
press_conf,may,T2,vix,-1,71,-0.082,0.4966,-0.1013,0.4007
press_conf,may,T2,vix,0,71,-0.164,0.1718,-0.1057,0.3802
press_conf,may,T2,vix,1,71,-0.1328,0.2694,-0.0984,0.4142
press_conf,may,T2,vix,2,71,0.0258,0.831,-0.0256,0.8323
press_conf,may,T2,vix,3,71,-0.0336,0.7806,-0.0135,0.9112
press_conf,may,T2,vix,4,70,-0.137,0.258,-0.1203,0.3214
press_conf,may,T2,vix,5,69,-0.1076,0.3789,-0.0741,0.5449
press_conf,may,T2,vix,6,69,-0.2203,0.0689,-0.0978,0.4242
press_conf,may,T2,vix,7,68,-0.2904,0.0163,-0.2385,0.0501
press_conf,may,T2,vix,8,67,-0.2129,0.0837,-0.2009,0.1031
press_conf,may,T2,vix,9,67,-0.142,0.2518,-0.2115,0.0858
press_conf,should,T1,cfnai,-9,80,0.0492,0.6646,0.0082,0.9423
press_conf,should,T1,cfnai,-8,80,-0.0009,0.9935,-0.001,0.993
press_conf,should,T1,cfnai,-7,80,-0.0726,0.5222,-0.0432,0.7035
press_conf,should,T1,cfnai,-6,80,-0.1236,0.2748,-0.0228,0.8406
press_conf,should,T1,cfnai,-5,80,-0.1235,0.2752,0.0736,0.5162
press_conf,should,T1,cfnai,-4,80,-0.0616,0.5875,0.0826,0.4666
press_conf,should,T1,cfnai,-3,80,-0.0324,0.7754,0.0625,0.5817
press_conf,should,T1,cfnai,-2,80,0.1462,0.1955,0.1768,0.1166
press_conf,should,T1,cfnai,-1,80,0.1956,0.082,0.1858,0.0989
press_conf,should,T1,cfnai,0,80,0.1013,0.3714,0.2001,0.0751
press_conf,should,T1,cfnai,1,80,0.0332,0.7703,0.2057,0.0672
press_conf,should,T1,cfnai,2,80,0.0504,0.657,0.1819,0.1063
press_conf,should,T1,cfnai,3,80,0.1226,0.2788,0.1898,0.0917
press_conf,should,T1,cfnai,4,79,0.0541,0.6357,0.1783,0.1159
press_conf,should,T1,cfnai,5,78,0.0529,0.6455,0.1808,0.1131
press_conf,should,T1,cfnai,6,78,-0.0095,0.9342,0.2241,0.0486
press_conf,should,T1,cfnai,7,77,-0.0234,0.8396,0.1636,0.1552
press_conf,should,T1,cfnai,8,76,0.0476,0.6832,0.2352,0.0408
press_conf,should,T1,cfnai,9,76,0.1261,0.2777,0.1906,0.0991
press_conf,should,T1,vix,-9,80,-0.1573,0.1636,-0.2069,0.0656
press_conf,should,T1,vix,-8,80,-0.0334,0.7684,-0.1086,0.3378
press_conf,should,T1,vix,-7,80,-0.126,0.2652,-0.1393,0.2177
press_conf,should,T1,vix,-6,80,0.0021,0.9855,-0.0628,0.5799
press_conf,should,T1,vix,-5,80,-0.0415,0.715,-0.0716,0.5281
press_conf,should,T1,vix,-4,80,0.0067,0.9528,-0.0175,0.8772
press_conf,should,T1,vix,-3,80,-0.1168,0.3022,-0.0927,0.4135
press_conf,should,T1,vix,-2,80,-0.121,0.2848,-0.0546,0.6305
press_conf,should,T1,vix,-1,80,0.0009,0.9935,0.0203,0.8581
press_conf,should,T1,vix,0,80,0.0097,0.9316,0.0824,0.4675
press_conf,should,T1,vix,1,80,-0.0615,0.5878,-0.0424,0.709
press_conf,should,T1,vix,2,80,-0.0645,0.5699,0.0089,0.9376
press_conf,should,T1,vix,3,80,-0.035,0.7579,0.031,0.7849
press_conf,should,T1,vix,4,79,-0.0502,0.6601,0.0478,0.6757
press_conf,should,T1,vix,5,78,0.0145,0.9,0.0756,0.5109
press_conf,should,T1,vix,6,78,0.0564,0.624,0.1442,0.2078
press_conf,should,T1,vix,7,77,0.0237,0.8378,0.0049,0.9664
press_conf,should,T1,vix,8,76,-0.0414,0.7225,0.0071,0.9511
press_conf,should,T1,vix,9,76,-0.0696,0.5504,-0.0635,0.5856
press_conf,should,T2,cfnai,-9,71,0.06,0.6193,0.0451,0.709
press_conf,should,T2,cfnai,-8,71,0.0417,0.73,0.0147,0.9032
press_conf,should,T2,cfnai,-7,71,-0.0167,0.89,-0.0175,0.8847
press_conf,should,T2,cfnai,-6,71,-0.0718,0.5517,0.0306,0.7999
press_conf,should,T2,cfnai,-5,71,-0.0075,0.9505,0.1457,0.2253
press_conf,should,T2,cfnai,-4,71,0.0251,0.8351,0.1063,0.3778
press_conf,should,T2,cfnai,-3,71,0.0335,0.7814,0.0474,0.6949
press_conf,should,T2,cfnai,-2,71,0.0748,0.5354,0.1165,0.3333
press_conf,should,T2,cfnai,-1,71,0.1498,0.2124,0.1308,0.277
press_conf,should,T2,cfnai,0,71,0.0919,0.4461,0.111,0.3566
press_conf,should,T2,cfnai,1,71,0.1675,0.1627,0.177,0.1398
press_conf,should,T2,cfnai,2,71,0.1682,0.1609,0.1467,0.2223
press_conf,should,T2,cfnai,3,71,0.1573,0.1902,0.1479,0.2183
press_conf,should,T2,cfnai,4,70,0.03,0.8056,0.1438,0.2349
press_conf,should,T2,cfnai,5,69,0.0566,0.6439,0.1678,0.1682
press_conf,should,T2,cfnai,6,69,0.0281,0.8186,0.2388,0.0481
press_conf,should,T2,cfnai,7,68,0.0052,0.9667,0.1944,0.1121
press_conf,should,T2,cfnai,8,67,0.0337,0.7866,0.2124,0.0844
press_conf,should,T2,cfnai,9,67,0.139,0.2618,0.2158,0.0795
press_conf,should,T2,vix,-9,71,-0.2361,0.0474,-0.247,0.0378
press_conf,should,T2,vix,-8,71,-0.1213,0.3138,-0.1393,0.2467
press_conf,should,T2,vix,-7,71,-0.2291,0.0547,-0.2284,0.0554
press_conf,should,T2,vix,-6,71,-0.1995,0.0954,-0.1757,0.1428
press_conf,should,T2,vix,-5,71,-0.1878,0.1168,-0.1678,0.1618
press_conf,should,T2,vix,-4,71,-0.1398,0.2449,-0.1015,0.3998
press_conf,should,T2,vix,-3,71,-0.1865,0.1193,-0.1717,0.1522
press_conf,should,T2,vix,-2,71,-0.1917,0.1092,-0.1468,0.2218
press_conf,should,T2,vix,-1,71,-0.0546,0.6508,-0.0448,0.7106
press_conf,should,T2,vix,0,71,0.0157,0.8963,0.033,0.7845
press_conf,should,T2,vix,1,71,-0.1115,0.3547,-0.0904,0.4534
press_conf,should,T2,vix,2,71,-0.0545,0.6516,-0.0229,0.8498
press_conf,should,T2,vix,3,71,-0.0091,0.9397,0.0231,0.8481
press_conf,should,T2,vix,4,70,-0.0339,0.7804,0.0574,0.6367
press_conf,should,T2,vix,5,69,0.032,0.7939,0.0916,0.454
press_conf,should,T2,vix,6,69,0.0678,0.5797,0.1632,0.1803
press_conf,should,T2,vix,7,68,0.0612,0.6203,0.0201,0.8709
press_conf,should,T2,vix,8,67,-0.0214,0.8638,0.0123,0.9214
press_conf,should,T2,vix,9,67,-0.043,0.7299,-0.0439,0.7243
press_conf,will,T1,cfnai,-9,80,0.0782,0.4903,0.175,0.1206
press_conf,will,T1,cfnai,-8,80,0.1181,0.2966,0.3157,0.0043
press_conf,will,T1,cfnai,-7,80,0.1098,0.3324,0.2609,0.0194
press_conf,will,T1,cfnai,-6,80,0.1151,0.3094,0.1981,0.0781
press_conf,will,T1,cfnai,-5,80,-0.0055,0.9616,0.201,0.0739
press_conf,will,T1,cfnai,-4,80,-0.0478,0.6739,0.1509,0.1814
press_conf,will,T1,cfnai,-3,80,0.0506,0.6559,0.1565,0.1656
press_conf,will,T1,cfnai,-2,80,0.1467,0.194,0.1565,0.1657
press_conf,will,T1,cfnai,-1,80,0.1064,0.3473,0.1566,0.1654
press_conf,will,T1,cfnai,0,80,-0.2638,0.0181,0.0877,0.4394
press_conf,will,T1,cfnai,1,80,-0.4019,0.0002,0.0283,0.8032
press_conf,will,T1,cfnai,2,80,-0.3913,0.0003,-0.0613,0.5888
press_conf,will,T1,cfnai,3,80,-0.0435,0.7016,0.0149,0.8958
press_conf,will,T1,cfnai,4,79,0.2783,0.013,0.1653,0.1455
press_conf,will,T1,cfnai,5,78,0.3247,0.0037,0.1528,0.1818
press_conf,will,T1,cfnai,6,78,0.3252,0.0037,0.2088,0.0666
press_conf,will,T1,cfnai,7,77,0.197,0.0859,0.123,0.2867
press_conf,will,T1,cfnai,8,76,0.1589,0.1704,0.1131,0.3305
press_conf,will,T1,cfnai,9,76,-0.0255,0.827,0.0999,0.3907
press_conf,will,T1,vix,-9,80,0.2138,0.0568,0.2016,0.0729
press_conf,will,T1,vix,-8,80,0.1892,0.0928,0.2941,0.0081
press_conf,will,T1,vix,-7,80,0.2444,0.0289,0.3045,0.006
press_conf,will,T1,vix,-6,80,0.2585,0.0206,0.2962,0.0076
press_conf,will,T1,vix,-5,80,0.2497,0.0255,0.2694,0.0157
press_conf,will,T1,vix,-4,80,0.1508,0.1819,0.2181,0.0519
press_conf,will,T1,vix,-3,80,0.1055,0.3516,0.1895,0.0923
press_conf,will,T1,vix,-2,80,0.1737,0.1233,0.2662,0.017
press_conf,will,T1,vix,-1,80,0.3463,0.0016,0.3332,0.0025
press_conf,will,T1,vix,0,80,0.5368,0.0,0.4079,0.0002
press_conf,will,T1,vix,1,80,0.5413,0.0,0.4516,0.0
press_conf,will,T1,vix,2,80,0.3816,0.0005,0.3214,0.0037
press_conf,will,T1,vix,3,80,0.2259,0.0439,0.2651,0.0175
press_conf,will,T1,vix,4,79,0.2437,0.0305,0.2351,0.037
press_conf,will,T1,vix,5,78,0.1735,0.1288,0.3596,0.0012
press_conf,will,T1,vix,6,78,0.2352,0.0382,0.3561,0.0014
press_conf,will,T1,vix,7,77,0.3312,0.0033,0.3409,0.0024
press_conf,will,T1,vix,8,76,0.3267,0.004,0.3873,0.0005
press_conf,will,T1,vix,9,76,0.1334,0.2506,0.2025,0.0793
press_conf,will,T2,cfnai,-9,71,0.1168,0.3322,0.3065,0.0093
press_conf,will,T2,cfnai,-8,71,0.2447,0.0397,0.3999,0.0006
press_conf,will,T2,cfnai,-7,71,0.2689,0.0233,0.3334,0.0045
press_conf,will,T2,cfnai,-6,71,0.2682,0.0237,0.3641,0.0018
press_conf,will,T2,cfnai,-5,71,0.2353,0.0482,0.3417,0.0035
press_conf,will,T2,cfnai,-4,71,0.3015,0.0106,0.3492,0.0028
press_conf,will,T2,cfnai,-3,71,0.3474,0.003,0.3204,0.0065
press_conf,will,T2,cfnai,-2,71,0.3085,0.0089,0.1898,0.1128
press_conf,will,T2,cfnai,-1,71,0.3322,0.0046,0.2291,0.0547
press_conf,will,T2,cfnai,0,71,0.2865,0.0154,0.209,0.0802
press_conf,will,T2,cfnai,1,71,0.3201,0.0065,0.169,0.1589
press_conf,will,T2,cfnai,2,71,0.2186,0.067,0.0992,0.4102
press_conf,will,T2,cfnai,3,71,0.1348,0.2624,0.0576,0.6335
press_conf,will,T2,cfnai,4,70,0.09,0.4587,0.0944,0.437
press_conf,will,T2,cfnai,5,69,0.1408,0.2486,0.1084,0.3753
press_conf,will,T2,cfnai,6,69,0.2164,0.0741,0.0858,0.4832
press_conf,will,T2,cfnai,7,68,0.1118,0.364,-0.04,0.7458
press_conf,will,T2,cfnai,8,67,0.0565,0.6499,-0.0501,0.6871
press_conf,will,T2,cfnai,9,67,-0.1251,0.3133,-0.0439,0.7243
press_conf,will,T2,vix,-9,71,0.3837,0.001,0.3181,0.0069
press_conf,will,T2,vix,-8,71,0.4393,0.0001,0.4002,0.0005
press_conf,will,T2,vix,-7,71,0.3754,0.0013,0.3395,0.0038
press_conf,will,T2,vix,-6,71,0.371,0.0014,0.3604,0.002
press_conf,will,T2,vix,-5,71,0.372,0.0014,0.3479,0.003
press_conf,will,T2,vix,-4,71,0.4405,0.0001,0.3573,0.0022
press_conf,will,T2,vix,-3,71,0.3463,0.0031,0.3172,0.007
press_conf,will,T2,vix,-2,71,0.358,0.0022,0.3939,0.0007
press_conf,will,T2,vix,-1,71,0.2888,0.0146,0.3729,0.0014
press_conf,will,T2,vix,0,71,0.3792,0.0011,0.4008,0.0005
press_conf,will,T2,vix,1,71,0.3777,0.0012,0.399,0.0006
press_conf,will,T2,vix,2,71,0.2379,0.0457,0.2256,0.0586
press_conf,will,T2,vix,3,71,0.0755,0.5316,0.1907,0.1111
press_conf,will,T2,vix,4,70,0.1375,0.2564,0.156,0.197
press_conf,will,T2,vix,5,69,0.0779,0.5245,0.2928,0.0146
press_conf,will,T2,vix,6,69,0.1242,0.3094,0.2923,0.0148
press_conf,will,T2,vix,7,68,0.2259,0.0639,0.2771,0.0222
press_conf,will,T2,vix,8,67,0.2928,0.0162,0.3253,0.0072
press_conf,will,T2,vix,9,67,0.0812,0.5134,0.1266,0.3074
press_conf,will+continue,T1,cfnai,-9,80,-0.038,0.7379,0.0169,0.8814
press_conf,will+continue,T1,cfnai,-8,80,-0.0274,0.809,0.0175,0.8775
press_conf,will+continue,T1,cfnai,-7,80,-0.0338,0.7659,0.0403,0.7229
press_conf,will+continue,T1,cfnai,-6,80,-0.0542,0.6332,-0.0037,0.9737
press_conf,will+continue,T1,cfnai,-5,80,-0.1232,0.2761,-0.012,0.9156
press_conf,will+continue,T1,cfnai,-4,80,-0.0818,0.4705,0.0251,0.8254
press_conf,will+continue,T1,cfnai,-3,80,-0.0007,0.9951,-0.0064,0.9547
press_conf,will+continue,T1,cfnai,-2,80,0.0644,0.5706,0.0272,0.8108
press_conf,will+continue,T1,cfnai,-1,80,0.0403,0.7228,0.0201,0.8596
press_conf,will+continue,T1,cfnai,0,80,-0.0787,0.4879,0.0366,0.7472
press_conf,will+continue,T1,cfnai,1,80,-0.1682,0.1358,0.0897,0.4288
press_conf,will+continue,T1,cfnai,2,80,-0.1839,0.1024,0.0495,0.6629
press_conf,will+continue,T1,cfnai,3,80,-0.0566,0.618,0.1052,0.3532
press_conf,will+continue,T1,cfnai,4,79,0.2304,0.041,0.2416,0.032
press_conf,will+continue,T1,cfnai,5,78,0.283,0.012,0.2775,0.0139
press_conf,will+continue,T1,cfnai,6,78,0.203,0.0747,0.3647,0.001
press_conf,will+continue,T1,cfnai,7,77,-0.0185,0.8731,0.1514,0.1888
press_conf,will+continue,T1,cfnai,8,76,-0.0602,0.6053,0.0624,0.5922
press_conf,will+continue,T1,cfnai,9,76,-0.0702,0.5466,0.0168,0.8854
press_conf,will+continue,T1,vix,-9,80,-0.0463,0.6833,-0.0046,0.9676
press_conf,will+continue,T1,vix,-8,80,-0.0523,0.6453,-0.0033,0.9769
press_conf,will+continue,T1,vix,-7,80,-0.0519,0.6478,-0.0174,0.878
press_conf,will+continue,T1,vix,-6,80,0.07,0.5371,0.1031,0.3626
press_conf,will+continue,T1,vix,-5,80,0.0027,0.9814,0.0533,0.6386
press_conf,will+continue,T1,vix,-4,80,-0.0632,0.5774,-0.0311,0.7844
press_conf,will+continue,T1,vix,-3,80,-0.0103,0.9279,0.0237,0.8345
press_conf,will+continue,T1,vix,-2,80,-0.0577,0.6112,0.0332,0.7698
press_conf,will+continue,T1,vix,-1,80,0.0626,0.5811,0.2463,0.0276
press_conf,will+continue,T1,vix,0,80,0.2282,0.0418,0.2692,0.0157
press_conf,will+continue,T1,vix,1,80,0.144,0.2026,0.1647,0.1442
press_conf,will+continue,T1,vix,2,80,0.0382,0.7365,-0.0248,0.827
press_conf,will+continue,T1,vix,3,80,-0.1184,0.2956,-0.0959,0.3975
press_conf,will+continue,T1,vix,4,79,-0.0618,0.5884,-0.0617,0.5888
press_conf,will+continue,T1,vix,5,78,-0.0266,0.817,0.0374,0.7452
press_conf,will+continue,T1,vix,6,78,0.056,0.626,0.0986,0.3903
press_conf,will+continue,T1,vix,7,77,0.0897,0.4379,0.1252,0.2779
press_conf,will+continue,T1,vix,8,76,-0.0005,0.9967,0.0304,0.7942
press_conf,will+continue,T1,vix,9,76,-0.1326,0.2534,-0.127,0.2742
press_conf,will+continue,T2,cfnai,-9,71,-0.0311,0.7966,0.1246,0.3006
press_conf,will+continue,T2,cfnai,-8,71,-0.017,0.888,0.1066,0.3761
press_conf,will+continue,T2,cfnai,-7,71,0.0061,0.9595,0.1311,0.2758
press_conf,will+continue,T2,cfnai,-6,71,0.0323,0.7893,0.1343,0.2643
press_conf,will+continue,T2,cfnai,-5,71,0.0295,0.8072,0.0996,0.4087
press_conf,will+continue,T2,cfnai,-4,71,0.03,0.8039,0.1267,0.2924
press_conf,will+continue,T2,cfnai,-3,71,0.0634,0.5993,0.0925,0.443
press_conf,will+continue,T2,cfnai,-2,71,0.0563,0.6407,0.0354,0.7693
press_conf,will+continue,T2,cfnai,-1,71,0.025,0.8363,0.0403,0.7385
press_conf,will+continue,T2,cfnai,0,71,0.044,0.7157,0.0746,0.5362
press_conf,will+continue,T2,cfnai,1,71,0.1228,0.3075,0.1127,0.3495
press_conf,will+continue,T2,cfnai,2,71,0.0824,0.4943,0.0877,0.467
press_conf,will+continue,T2,cfnai,3,71,0.149,0.2148,0.1293,0.2825
press_conf,will+continue,T2,cfnai,4,70,0.1868,0.1215,0.2062,0.0867
press_conf,will+continue,T2,cfnai,5,69,0.2254,0.0626,0.2803,0.0197
press_conf,will+continue,T2,cfnai,6,69,0.1285,0.2927,0.2965,0.0134
press_conf,will+continue,T2,cfnai,7,68,-0.0976,0.4285,0.0392,0.7511
press_conf,will+continue,T2,cfnai,8,67,-0.1498,0.2262,-0.0608,0.6252
press_conf,will+continue,T2,cfnai,9,67,-0.131,0.2907,-0.123,0.3215
press_conf,will+continue,T2,vix,-9,71,-0.0163,0.8929,0.0641,0.5954
press_conf,will+continue,T2,vix,-8,71,-0.0665,0.5816,0.0138,0.9092
press_conf,will+continue,T2,vix,-7,71,-0.1017,0.3986,-0.0254,0.8332
press_conf,will+continue,T2,vix,-6,71,-0.0201,0.8676,0.1092,0.3647
press_conf,will+continue,T2,vix,-5,71,-0.0675,0.5757,0.0491,0.6845
press_conf,will+continue,T2,vix,-4,71,-0.0738,0.5406,-0.0381,0.7523
press_conf,will+continue,T2,vix,-3,71,-0.0514,0.6705,0.0079,0.9481
press_conf,will+continue,T2,vix,-2,71,-0.0982,0.4152,0.0109,0.9278
press_conf,will+continue,T2,vix,-1,71,0.0114,0.9246,0.222,0.0628
press_conf,will+continue,T2,vix,0,71,0.0225,0.8526,0.2228,0.0618
press_conf,will+continue,T2,vix,1,71,-0.0861,0.4753,0.0682,0.5719
press_conf,will+continue,T2,vix,2,71,-0.1994,0.0954,-0.1849,0.1227
press_conf,will+continue,T2,vix,3,71,-0.2838,0.0165,-0.2466,0.0382
press_conf,will+continue,T2,vix,4,70,-0.2055,0.0879,-0.1967,0.1027
press_conf,will+continue,T2,vix,5,69,-0.0964,0.4305,-0.0709,0.5627
press_conf,will+continue,T2,vix,6,69,-0.0164,0.8938,0.0094,0.9391
press_conf,will+continue,T2,vix,7,68,0.0058,0.9624,0.0621,0.6148
press_conf,will+continue,T2,vix,8,67,-0.0581,0.6407,-0.0555,0.6554
press_conf,will+continue,T2,vix,9,67,-0.1773,0.1513,-0.2019,0.1013
press_conf,will+take,T1,cfnai,-9,80,0.0676,0.5511,0.0049,0.9658
press_conf,will+take,T1,cfnai,-8,80,-0.0261,0.8185,-0.0151,0.8943
press_conf,will+take,T1,cfnai,-7,80,-0.0939,0.4075,-0.1136,0.3159
press_conf,will+take,T1,cfnai,-6,80,-0.1163,0.3044,-0.1134,0.3164
press_conf,will+take,T1,cfnai,-5,80,0.0009,0.9936,-0.0429,0.7057
press_conf,will+take,T1,cfnai,-4,80,0.0826,0.4666,0.0849,0.4537
press_conf,will+take,T1,cfnai,-3,80,0.0163,0.8858,0.0222,0.845
press_conf,will+take,T1,cfnai,-2,80,0.0249,0.8265,-0.0672,0.5535
press_conf,will+take,T1,cfnai,-1,80,-0.0107,0.9248,-0.121,0.285
press_conf,will+take,T1,cfnai,0,80,-0.0348,0.759,-0.0705,0.5343
press_conf,will+take,T1,cfnai,1,80,0.0031,0.9779,0.0005,0.9968
press_conf,will+take,T1,cfnai,2,80,0.0033,0.9766,-0.0041,0.9709
press_conf,will+take,T1,cfnai,3,80,-0.0326,0.7743,0.0447,0.6935
press_conf,will+take,T1,cfnai,4,79,-0.2649,0.0183,-0.0948,0.4061
press_conf,will+take,T1,cfnai,5,78,-0.2967,0.0084,-0.1869,0.1013
press_conf,will+take,T1,cfnai,6,78,-0.038,0.7411,-0.1695,0.138
press_conf,will+take,T1,cfnai,7,77,0.2471,0.0302,-0.055,0.635
press_conf,will+take,T1,cfnai,8,76,0.2619,0.0223,0.0074,0.9493
press_conf,will+take,T1,cfnai,9,76,0.0994,0.3928,0.032,0.7839
press_conf,will+take,T1,vix,-9,80,0.2245,0.0453,0.1999,0.0755
press_conf,will+take,T1,vix,-8,80,0.2969,0.0075,0.2894,0.0092
press_conf,will+take,T1,vix,-7,80,0.3878,0.0004,0.3576,0.0011
press_conf,will+take,T1,vix,-6,80,0.2433,0.0296,0.3186,0.004
press_conf,will+take,T1,vix,-5,80,0.2244,0.0454,0.2731,0.0143
press_conf,will+take,T1,vix,-4,80,0.2914,0.0087,0.3686,0.0008
press_conf,will+take,T1,vix,-3,80,0.1957,0.082,0.3202,0.0038
press_conf,will+take,T1,vix,-2,80,0.2777,0.0126,0.3356,0.0023
press_conf,will+take,T1,vix,-1,80,0.2298,0.0403,0.304,0.0061
press_conf,will+take,T1,vix,0,80,0.0538,0.6352,0.2194,0.0505
press_conf,will+take,T1,vix,1,80,0.031,0.7848,0.1488,0.1878
press_conf,will+take,T1,vix,2,80,0.0877,0.439,0.1812,0.1077
press_conf,will+take,T1,vix,3,80,0.3336,0.0025,0.3489,0.0015
press_conf,will+take,T1,vix,4,79,0.3159,0.0046,0.3246,0.0035
press_conf,will+take,T1,vix,5,78,0.1372,0.2311,0.2601,0.0215
press_conf,will+take,T1,vix,6,78,-0.0172,0.8815,0.0949,0.4085
press_conf,will+take,T1,vix,7,77,-0.0686,0.5531,-0.0123,0.9153
press_conf,will+take,T1,vix,8,76,-0.0174,0.8817,0.0609,0.6015
press_conf,will+take,T1,vix,9,76,-0.015,0.8978,0.1121,0.335
press_conf,will+take,T2,cfnai,-9,71,0.0858,0.477,0.0783,0.5161
press_conf,will+take,T2,cfnai,-8,71,0.0582,0.6297,0.045,0.7097
press_conf,will+take,T2,cfnai,-7,71,0.0152,0.9001,-0.0424,0.7256
press_conf,will+take,T2,cfnai,-6,71,-0.0735,0.5423,-0.0652,0.589
press_conf,will+take,T2,cfnai,-5,71,-0.106,0.379,-0.037,0.7593
press_conf,will+take,T2,cfnai,-4,71,0.0015,0.9898,0.0746,0.5364
press_conf,will+take,T2,cfnai,-3,71,-0.0463,0.7012,-0.0288,0.8114
press_conf,will+take,T2,cfnai,-2,71,-0.0483,0.6891,-0.1025,0.395
press_conf,will+take,T2,cfnai,-1,71,-0.1676,0.1624,-0.1552,0.1963
press_conf,will+take,T2,cfnai,0,71,-0.1735,0.148,-0.1699,0.1567
press_conf,will+take,T2,cfnai,1,71,-0.0654,0.5879,-0.0256,0.8324
press_conf,will+take,T2,cfnai,2,71,-0.0758,0.5301,0.0129,0.9149
press_conf,will+take,T2,cfnai,3,71,-0.2396,0.0441,0.0143,0.9058
press_conf,will+take,T2,cfnai,4,70,-0.3736,0.0014,-0.1345,0.2669
press_conf,will+take,T2,cfnai,5,69,-0.3807,0.0012,-0.2599,0.0311
press_conf,will+take,T2,cfnai,6,69,-0.0775,0.5269,-0.2994,0.0125
press_conf,will+take,T2,cfnai,7,68,0.2569,0.0344,-0.14,0.2548
press_conf,will+take,T2,cfnai,8,67,0.2625,0.0319,-0.1088,0.3808
press_conf,will+take,T2,cfnai,9,67,0.0982,0.4291,-0.0474,0.7033
press_conf,will+take,T2,vix,-9,71,0.2256,0.0585,0.2039,0.0881
press_conf,will+take,T2,vix,-8,71,0.3161,0.0072,0.2648,0.0256
press_conf,will+take,T2,vix,-7,71,0.4153,0.0003,0.3535,0.0025
press_conf,will+take,T2,vix,-6,71,0.328,0.0052,0.3152,0.0074
press_conf,will+take,T2,vix,-5,71,0.245,0.0394,0.2541,0.0325
press_conf,will+take,T2,vix,-4,71,0.391,0.0007,0.3893,0.0008
press_conf,will+take,T2,vix,-3,71,0.3417,0.0035,0.353,0.0025
press_conf,will+take,T2,vix,-2,71,0.3504,0.0027,0.3514,0.0027
press_conf,will+take,T2,vix,-1,71,0.2623,0.0271,0.3131,0.0079
press_conf,will+take,T2,vix,0,71,0.1655,0.1677,0.249,0.0363
press_conf,will+take,T2,vix,1,71,0.0723,0.5493,0.1354,0.2603
press_conf,will+take,T2,vix,2,71,0.0782,0.5168,0.1576,0.1893
press_conf,will+take,T2,vix,3,71,0.3815,0.001,0.3756,0.0012
press_conf,will+take,T2,vix,4,70,0.3718,0.0015,0.3552,0.0026
press_conf,will+take,T2,vix,5,69,0.1383,0.2571,0.2692,0.0253
press_conf,will+take,T2,vix,6,69,-0.022,0.8573,0.0913,0.4554
press_conf,will+take,T2,vix,7,68,-0.0588,0.6336,-0.008,0.9485
press_conf,will+take,T2,vix,8,67,-0.0116,0.9256,0.0649,0.6016
press_conf,will+take,T2,vix,9,67,-0.0207,0.8682,0.1253,0.3124
press_conf,would,T1,cfnai,-9,80,0.2126,0.0583,0.1826,0.1051
press_conf,would,T1,cfnai,-8,80,0.0983,0.3858,0.1625,0.1498
press_conf,would,T1,cfnai,-7,80,0.0893,0.431,0.1643,0.1454
press_conf,would,T1,cfnai,-6,80,-0.0295,0.7949,0.0413,0.7158
press_conf,would,T1,cfnai,-5,80,-0.0153,0.893,0.1459,0.1965
press_conf,would,T1,cfnai,-4,80,-0.0116,0.9185,0.1968,0.0802
press_conf,would,T1,cfnai,-3,80,0.1317,0.2441,0.2275,0.0424
press_conf,would,T1,cfnai,-2,80,0.1645,0.1449,0.1668,0.1392
press_conf,would,T1,cfnai,-1,80,0.1859,0.0987,0.1381,0.2219
press_conf,would,T1,cfnai,0,80,0.0969,0.3926,0.0575,0.6122
press_conf,would,T1,cfnai,1,80,0.0736,0.5162,0.1169,0.3016
press_conf,would,T1,cfnai,2,80,0.0641,0.5721,0.2171,0.0531
press_conf,would,T1,cfnai,3,80,-0.0241,0.8318,0.1706,0.1303
press_conf,would,T1,cfnai,4,79,-0.0415,0.7164,0.0229,0.8416
press_conf,would,T1,cfnai,5,78,-0.0446,0.6982,-0.047,0.6829
press_conf,would,T1,cfnai,6,78,-0.0788,0.493,-0.0486,0.6725
press_conf,would,T1,cfnai,7,77,0.0613,0.5966,0.0898,0.4374
press_conf,would,T1,cfnai,8,76,0.1282,0.2696,0.0662,0.5702
press_conf,would,T1,cfnai,9,76,0.206,0.0742,0.0899,0.4401
press_conf,would,T1,vix,-9,80,0.039,0.7313,0.0399,0.7252
press_conf,would,T1,vix,-8,80,-0.0841,0.4583,-0.1129,0.3187
press_conf,would,T1,vix,-7,80,0.0105,0.9263,0.0194,0.8645
press_conf,would,T1,vix,-6,80,0.0532,0.6392,0.0027,0.9811
press_conf,would,T1,vix,-5,80,0.0247,0.8275,0.001,0.9931
press_conf,would,T1,vix,-4,80,-0.1148,0.3106,-0.0655,0.5639
press_conf,would,T1,vix,-3,80,-0.089,0.4326,-0.0195,0.8638
press_conf,would,T1,vix,-2,80,-0.1203,0.2878,-0.1565,0.1656
press_conf,would,T1,vix,-1,80,-0.113,0.3183,-0.0814,0.4731
press_conf,would,T1,vix,0,80,-0.129,0.254,-0.1183,0.2958
press_conf,would,T1,vix,1,80,-0.1808,0.1084,-0.1746,0.1213
press_conf,would,T1,vix,2,80,-0.1265,0.2634,-0.1677,0.137
press_conf,would,T1,vix,3,80,-0.0842,0.4577,-0.0615,0.5879
press_conf,would,T1,vix,4,79,-0.0843,0.46,-0.0795,0.4863
press_conf,would,T1,vix,5,78,0.0207,0.8572,-0.0506,0.6598
press_conf,would,T1,vix,6,78,-0.1788,0.1174,-0.1643,0.1506
press_conf,would,T1,vix,7,77,-0.1729,0.1328,-0.1307,0.2573
press_conf,would,T1,vix,8,76,-0.2544,0.0266,-0.2517,0.0283
press_conf,would,T1,vix,9,76,-0.062,0.5945,-0.0525,0.6525
press_conf,would,T2,cfnai,-9,71,0.2398,0.044,0.208,0.0818
press_conf,would,T2,cfnai,-8,71,0.2075,0.0825,0.1568,0.1916
press_conf,would,T2,cfnai,-7,71,0.1901,0.1124,0.1481,0.2176
press_conf,would,T2,cfnai,-6,71,-0.088,0.4653,0.009,0.9404
press_conf,would,T2,cfnai,-5,71,-0.0263,0.8277,0.0974,0.4191
press_conf,would,T2,cfnai,-4,71,0.104,0.388,0.1735,0.1479
press_conf,would,T2,cfnai,-3,71,0.186,0.1204,0.2329,0.0506
press_conf,would,T2,cfnai,-2,71,0.0332,0.7832,0.0976,0.418
press_conf,would,T2,cfnai,-1,71,0.1021,0.3967,0.0509,0.6732
press_conf,would,T2,cfnai,0,71,0.0287,0.8124,0.0128,0.9159
press_conf,would,T2,cfnai,1,71,0.2013,0.0923,0.1155,0.3377
press_conf,would,T2,cfnai,2,71,0.2121,0.0757,0.2623,0.0271
press_conf,would,T2,cfnai,3,71,0.2129,0.0747,0.2401,0.0437
press_conf,would,T2,cfnai,4,70,0.0436,0.7202,0.1056,0.3843
press_conf,would,T2,cfnai,5,69,0.0167,0.892,0.0291,0.8127
press_conf,would,T2,cfnai,6,69,-0.0448,0.7145,0.0123,0.9201
press_conf,would,T2,cfnai,7,68,0.0894,0.4686,0.1375,0.2636
press_conf,would,T2,cfnai,8,67,0.1697,0.1698,0.1344,0.278
press_conf,would,T2,cfnai,9,67,0.2514,0.0401,0.1822,0.14
press_conf,would,T2,vix,-9,71,-0.0499,0.6796,-0.0035,0.977
press_conf,would,T2,vix,-8,71,-0.1268,0.2921,-0.1521,0.2055
press_conf,would,T2,vix,-7,71,-0.01,0.9343,-0.0307,0.7995
press_conf,would,T2,vix,-6,71,-0.0611,0.6129,-0.0613,0.6114
press_conf,would,T2,vix,-5,71,-0.0508,0.6739,-0.0544,0.6521
press_conf,would,T2,vix,-4,71,-0.0815,0.4995,-0.0951,0.4303
press_conf,would,T2,vix,-3,71,-0.0787,0.5141,-0.0428,0.7231
press_conf,would,T2,vix,-2,71,-0.1164,0.3336,-0.1645,0.1705
press_conf,would,T2,vix,-1,71,0.0463,0.7016,-0.0393,0.7449
press_conf,would,T2,vix,0,71,-0.0848,0.4821,-0.0803,0.5055
press_conf,would,T2,vix,1,71,-0.1996,0.0951,-0.1663,0.1656
press_conf,would,T2,vix,2,71,-0.1081,0.3697,-0.1534,0.2017
press_conf,would,T2,vix,3,71,-0.0341,0.7777,-0.0098,0.9356
press_conf,would,T2,vix,4,70,-0.0427,0.7257,-0.0371,0.7602
press_conf,would,T2,vix,5,69,0.0595,0.6269,-0.0332,0.7865
press_conf,would,T2,vix,6,69,-0.1436,0.2391,-0.1354,0.2672
press_conf,would,T2,vix,7,68,-0.1353,0.2712,-0.0799,0.517
press_conf,would,T2,vix,8,67,-0.2481,0.0429,-0.2403,0.0501
press_conf,would,T2,vix,9,67,-0.0492,0.6925,-0.0339,0.7855
press_conf,would+like,T1,cfnai,-9,80,0.078,0.4914,0.1748,0.121
press_conf,would+like,T1,cfnai,-8,80,0.2525,0.0239,0.2981,0.0072
press_conf,would+like,T1,cfnai,-7,80,0.2395,0.0324,0.34,0.002
press_conf,would+like,T1,cfnai,-6,80,0.1436,0.204,0.2855,0.0103
press_conf,would+like,T1,cfnai,-5,80,-0.0508,0.6545,0.2033,0.0705
press_conf,would+like,T1,cfnai,-4,80,-0.0697,0.5388,0.1709,0.1295
press_conf,would+like,T1,cfnai,-3,80,0.0943,0.4052,0.2058,0.067
press_conf,would+like,T1,cfnai,-2,80,0.169,0.134,0.2475,0.0269
press_conf,would+like,T1,cfnai,-1,80,0.1567,0.165,0.2273,0.0426
press_conf,would+like,T1,cfnai,0,80,0.0371,0.7437,0.1608,0.1542
press_conf,would+like,T1,cfnai,1,80,-0.0126,0.9115,0.1171,0.3009
press_conf,would+like,T1,cfnai,2,80,0.0085,0.9407,0.1815,0.1072
press_conf,would+like,T1,cfnai,3,80,-0.0387,0.733,0.1468,0.1938
press_conf,would+like,T1,cfnai,4,79,-0.0247,0.8288,0.1543,0.1745
press_conf,would+like,T1,cfnai,5,78,-0.0151,0.8958,0.1458,0.2027
press_conf,would+like,T1,cfnai,6,78,0.0546,0.6348,0.124,0.2793
press_conf,would+like,T1,cfnai,7,77,0.1106,0.3384,0.2079,0.0697
press_conf,would+like,T1,cfnai,8,76,0.1384,0.2332,0.2354,0.0406
press_conf,would+like,T1,cfnai,9,76,0.0327,0.7794,0.1433,0.2168
press_conf,would+like,T1,vix,-9,80,-0.2099,0.0617,-0.2577,0.021
press_conf,would+like,T1,vix,-8,80,-0.1683,0.1357,-0.2002,0.0749
press_conf,would+like,T1,vix,-7,80,-0.1757,0.119,-0.1589,0.1591
press_conf,would+like,T1,vix,-6,80,0.0154,0.8922,-0.0141,0.9012
press_conf,would+like,T1,vix,-5,80,-0.0426,0.7078,-0.0325,0.7751
press_conf,would+like,T1,vix,-4,80,-0.1615,0.1524,-0.1917,0.0885
press_conf,would+like,T1,vix,-3,80,-0.1252,0.2685,-0.1634,0.1475
press_conf,would+like,T1,vix,-2,80,-0.2344,0.0363,-0.297,0.0075
press_conf,would+like,T1,vix,-1,80,-0.184,0.1023,-0.2372,0.0341
press_conf,would+like,T1,vix,0,80,-0.0606,0.5931,-0.1189,0.2936
press_conf,would+like,T1,vix,1,80,-0.1072,0.3438,-0.1366,0.2269
press_conf,would+like,T1,vix,2,80,-0.0344,0.7618,-0.0485,0.6693
press_conf,would+like,T1,vix,3,80,-0.0674,0.5527,-0.0794,0.4837
press_conf,would+like,T1,vix,4,79,-0.0467,0.683,-0.0883,0.439
press_conf,would+like,T1,vix,5,78,-0.1222,0.2867,-0.1191,0.2991
press_conf,would+like,T1,vix,6,78,-0.1182,0.3026,-0.0802,0.4854
press_conf,would+like,T1,vix,7,77,-0.1526,0.1853,-0.0874,0.4498
press_conf,would+like,T1,vix,8,76,-0.1485,0.2005,-0.0659,0.5716
press_conf,would+like,T1,vix,9,76,0.0801,0.4915,0.0146,0.9001
press_conf,would+like,T2,cfnai,-9,71,0.0594,0.6229,0.171,0.154
press_conf,would+like,T2,cfnai,-8,71,0.2228,0.0618,0.2555,0.0315
press_conf,would+like,T2,cfnai,-7,71,0.2749,0.0203,0.2968,0.012
press_conf,would+like,T2,cfnai,-6,71,0.1146,0.3411,0.2867,0.0153
press_conf,would+like,T2,cfnai,-5,71,0.114,0.3438,0.2722,0.0217
press_conf,would+like,T2,cfnai,-4,71,0.1523,0.2049,0.2548,0.032
press_conf,would+like,T2,cfnai,-3,71,0.2184,0.0672,0.2929,0.0132
press_conf,would+like,T2,cfnai,-2,71,0.1972,0.0993,0.2653,0.0254
press_conf,would+like,T2,cfnai,-1,71,0.1223,0.3094,0.2435,0.0407
press_conf,would+like,T2,cfnai,0,71,0.1428,0.2348,0.2367,0.0468
press_conf,would+like,T2,cfnai,1,71,0.1754,0.1434,0.2385,0.0452
press_conf,would+like,T2,cfnai,2,71,0.2435,0.0408,0.292,0.0135
press_conf,would+like,T2,cfnai,3,71,0.1505,0.2104,0.2895,0.0143
press_conf,would+like,T2,cfnai,4,70,0.0234,0.8473,0.2601,0.0297
press_conf,would+like,T2,cfnai,5,69,0.0481,0.6945,0.2894,0.0159
press_conf,would+like,T2,cfnai,6,69,0.0953,0.4362,0.2059,0.0897
press_conf,would+like,T2,cfnai,7,68,0.1346,0.2738,0.2772,0.0221
press_conf,would+like,T2,cfnai,8,67,0.168,0.1743,0.3223,0.0078
press_conf,would+like,T2,cfnai,9,67,0.0533,0.6686,0.2213,0.0719
press_conf,would+like,T2,vix,-9,71,-0.1923,0.1081,-0.243,0.0411
press_conf,would+like,T2,vix,-8,71,-0.1381,0.2507,-0.1853,0.1217
press_conf,would+like,T2,vix,-7,71,-0.1721,0.1513,-0.185,0.1224
press_conf,would+like,T2,vix,-6,71,-0.02,0.8688,-0.0157,0.8966
press_conf,would+like,T2,vix,-5,71,-0.0665,0.5815,-0.0277,0.8187
press_conf,would+like,T2,vix,-4,71,-0.1248,0.2999,-0.1545,0.1984
press_conf,would+like,T2,vix,-3,71,-0.0504,0.6761,-0.1094,0.3636
press_conf,would+like,T2,vix,-2,71,-0.1876,0.1171,-0.2432,0.041
press_conf,would+like,T2,vix,-1,71,-0.1248,0.2999,-0.1842,0.1241
press_conf,would+like,T2,vix,0,71,-0.0277,0.8189,-0.088,0.4653
press_conf,would+like,T2,vix,1,71,-0.1034,0.3907,-0.1258,0.2957
press_conf,would+like,T2,vix,2,71,-0.0002,0.9988,-0.0147,0.9035
press_conf,would+like,T2,vix,3,71,-0.0379,0.7538,-0.0574,0.6344
press_conf,would+like,T2,vix,4,70,-0.0262,0.8298,-0.112,0.3561
press_conf,would+like,T2,vix,5,69,-0.1155,0.3445,-0.1393,0.2537
press_conf,would+like,T2,vix,6,69,-0.1092,0.3718,-0.0863,0.4806
press_conf,would+like,T2,vix,7,68,-0.1409,0.2519,-0.0853,0.4893
press_conf,would+like,T2,vix,8,67,-0.1489,0.229,-0.0781,0.5297
press_conf,would+like,T2,vix,9,67,0.0891,0.4734,0.0104,0.9334
press_conf,would+say,T1,cfnai,-9,80,0.1311,0.2464,0.0369,0.7455
press_conf,would+say,T1,cfnai,-8,80,0.0767,0.4991,0.0616,0.5874
press_conf,would+say,T1,cfnai,-7,80,0.0484,0.6701,-0.0386,0.7339
press_conf,would+say,T1,cfnai,-6,80,-0.0765,0.5,-0.1501,0.184
press_conf,would+say,T1,cfnai,-5,80,-0.1817,0.1067,-0.1378,0.2227
press_conf,would+say,T1,cfnai,-4,80,-0.181,0.1081,-0.1251,0.2688
press_conf,would+say,T1,cfnai,-3,80,-0.0791,0.4855,-0.1469,0.1935
press_conf,would+say,T1,cfnai,-2,80,-0.0217,0.8482,-0.1284,0.2564
press_conf,would+say,T1,cfnai,-1,80,-0.055,0.6277,-0.1844,0.1015
press_conf,would+say,T1,cfnai,0,80,-0.1188,0.2941,-0.1524,0.1772
press_conf,would+say,T1,cfnai,1,80,-0.0403,0.7225,-0.0389,0.7317
press_conf,would+say,T1,cfnai,2,80,-0.0373,0.7428,-0.0149,0.8956
press_conf,would+say,T1,cfnai,3,80,0.0534,0.6378,0.1077,0.3419
press_conf,would+say,T1,cfnai,4,79,0.1174,0.3027,0.1181,0.3001
press_conf,would+say,T1,cfnai,5,78,0.0977,0.3948,0.0698,0.5437
press_conf,would+say,T1,cfnai,6,78,0.015,0.8965,0.0141,0.9023
press_conf,would+say,T1,cfnai,7,77,-0.0562,0.6272,0.0237,0.8376
press_conf,would+say,T1,cfnai,8,76,-0.0467,0.6886,-0.0629,0.5896
press_conf,would+say,T1,cfnai,9,76,0.0404,0.7287,-0.0166,0.8866
press_conf,would+say,T1,vix,-9,80,0.1201,0.2885,0.0754,0.5064
press_conf,would+say,T1,vix,-8,80,0.0882,0.4366,0.0957,0.3982
press_conf,would+say,T1,vix,-7,80,0.1441,0.2023,0.1444,0.2012
press_conf,would+say,T1,vix,-6,80,0.2853,0.0103,0.1439,0.2027
press_conf,would+say,T1,vix,-5,80,0.2542,0.0229,0.169,0.1339
press_conf,would+say,T1,vix,-4,80,0.1343,0.235,0.1527,0.1762
press_conf,would+say,T1,vix,-3,80,0.1954,0.0823,0.2081,0.0639
press_conf,would+say,T1,vix,-2,80,0.2113,0.0599,0.1217,0.2822
press_conf,would+say,T1,vix,-1,80,0.159,0.1589,0.1363,0.228
press_conf,would+say,T1,vix,0,80,0.1412,0.2116,0.0944,0.405
press_conf,would+say,T1,vix,1,80,0.1667,0.1395,0.1079,0.3407
press_conf,would+say,T1,vix,2,80,0.1839,0.1024,0.1811,0.1078
press_conf,would+say,T1,vix,3,80,0.1261,0.2651,0.2006,0.0744
press_conf,would+say,T1,vix,4,79,0.1495,0.1885,0.1524,0.18
press_conf,would+say,T1,vix,5,78,0.1823,0.1103,0.2606,0.0212
press_conf,would+say,T1,vix,6,78,0.1155,0.3141,0.1256,0.2733
press_conf,would+say,T1,vix,7,77,0.085,0.4625,0.0964,0.4043
press_conf,would+say,T1,vix,8,76,0.0036,0.9757,0.0831,0.4752
press_conf,would+say,T1,vix,9,76,0.1312,0.2587,0.1741,0.1325
press_conf,would+say,T2,cfnai,-9,71,0.1564,0.1928,0.1074,0.3727
press_conf,would+say,T2,cfnai,-8,71,0.1486,0.2162,0.1111,0.3565
press_conf,would+say,T2,cfnai,-7,71,0.0913,0.4487,0.0146,0.9035
press_conf,would+say,T2,cfnai,-6,71,-0.0882,0.4647,-0.0712,0.5553
press_conf,would+say,T2,cfnai,-5,71,-0.1063,0.3776,-0.1127,0.3493
press_conf,would+say,T2,cfnai,-4,71,-0.0502,0.6774,-0.0588,0.6261
press_conf,would+say,T2,cfnai,-3,71,-0.042,0.728,-0.0841,0.4856
press_conf,would+say,T2,cfnai,-2,71,-0.1282,0.2868,-0.1504,0.2105
press_conf,would+say,T2,cfnai,-1,71,-0.1001,0.4061,-0.2006,0.0934
press_conf,would+say,T2,cfnai,0,71,-0.0972,0.4202,-0.1408,0.2417
press_conf,would+say,T2,cfnai,1,71,-0.0034,0.9773,-0.0713,0.5544
press_conf,would+say,T2,cfnai,2,71,-0.0335,0.7818,-0.0164,0.892
press_conf,would+say,T2,cfnai,3,71,0.0681,0.5728,0.0642,0.5949
press_conf,would+say,T2,cfnai,4,70,0.0597,0.6235,0.0425,0.7271
press_conf,would+say,T2,cfnai,5,69,0.0386,0.7527,0.0102,0.9337
press_conf,would+say,T2,cfnai,6,69,-0.0495,0.6863,-0.1046,0.3926
press_conf,would+say,T2,cfnai,7,68,-0.1079,0.3809,-0.0977,0.4281
press_conf,would+say,T2,cfnai,8,67,-0.1039,0.4029,-0.1868,0.1301
press_conf,would+say,T2,cfnai,9,67,0.01,0.9357,-0.1377,0.2663
press_conf,would+say,T2,vix,-9,71,0.1815,0.1298,0.129,0.2836
press_conf,would+say,T2,vix,-8,71,0.2107,0.0778,0.1385,0.2495
press_conf,would+say,T2,vix,-7,71,0.2199,0.0654,0.1701,0.1561
press_conf,would+say,T2,vix,-6,71,0.252,0.034,0.1543,0.1988
press_conf,would+say,T2,vix,-5,71,0.2454,0.0391,0.1849,0.1226
press_conf,would+say,T2,vix,-4,71,0.2111,0.0772,0.1598,0.1832
press_conf,would+say,T2,vix,-3,71,0.135,0.2615,0.1939,0.1052
press_conf,would+say,T2,vix,-2,71,0.1701,0.1562,0.0825,0.4942
press_conf,would+say,T2,vix,-1,71,0.1143,0.3427,0.0715,0.5537
press_conf,would+say,T2,vix,0,71,0.0123,0.9191,-0.0109,0.9281
press_conf,would+say,T2,vix,1,71,0.042,0.7283,-0.0089,0.9411
press_conf,would+say,T2,vix,2,71,0.1819,0.129,0.0836,0.4884
press_conf,would+say,T2,vix,3,71,0.0785,0.5154,0.132,0.2724
press_conf,would+say,T2,vix,4,70,0.0806,0.5073,0.0842,0.4881
press_conf,would+say,T2,vix,5,69,0.1429,0.2415,0.1979,0.1031
press_conf,would+say,T2,vix,6,69,0.0797,0.5149,0.0518,0.6727
press_conf,would+say,T2,vix,7,68,0.0386,0.7549,0.0479,0.6981
press_conf,would+say,T2,vix,8,67,-0.0316,0.7999,0.0286,0.8182
press_conf,would+say,T2,vix,9,67,0.1265,0.3077,0.1479,0.2325
speech,ALL,T1,cfnai,-9,124,-0.059,0.5152,-0.0004,0.9961
speech,ALL,T1,cfnai,-8,124,0.02,0.8256,0.016,0.8601
speech,ALL,T1,cfnai,-7,124,-0.0128,0.8874,-0.0937,0.3006
speech,ALL,T1,cfnai,-6,124,-0.0602,0.5068,-0.148,0.1009
speech,ALL,T1,cfnai,-5,124,-0.079,0.3833,-0.1505,0.0952
speech,ALL,T1,cfnai,-4,124,-0.0263,0.7717,-0.0634,0.4839
speech,ALL,T1,cfnai,-3,124,-0.008,0.9297,-0.0719,0.4277
speech,ALL,T1,cfnai,-2,124,-0.0885,0.3286,-0.0957,0.2906
speech,ALL,T1,cfnai,-1,124,-0.1053,0.2443,-0.0831,0.3587
speech,ALL,T1,cfnai,0,124,-0.1306,0.1483,0.04,0.6594
speech,ALL,T1,cfnai,1,124,-0.064,0.4798,0.0478,0.5982
speech,ALL,T1,cfnai,2,124,0.0426,0.6389,0.0743,0.4123
speech,ALL,T1,cfnai,3,123,0.1315,0.1471,0.0497,0.585
speech,ALL,T1,cfnai,4,123,0.1317,0.1464,0.0596,0.5125
speech,ALL,T1,cfnai,5,122,0.0432,0.6363,0.0326,0.7212
speech,ALL,T1,cfnai,6,122,0.0708,0.4386,-0.0024,0.979
speech,ALL,T1,cfnai,7,121,0.0787,0.3912,0.008,0.9302
speech,ALL,T1,cfnai,8,120,0.0546,0.5535,0.0059,0.9486
speech,ALL,T1,cfnai,9,120,-0.0252,0.785,0.0301,0.7445
speech,ALL,T1,vix,-9,124,0.0145,0.8729,-0.008,0.9296
speech,ALL,T1,vix,-8,124,0.019,0.834,0.0362,0.6898
speech,ALL,T1,vix,-7,124,0.0271,0.765,0.0458,0.6133
speech,ALL,T1,vix,-6,124,0.1111,0.2194,0.1492,0.0981
speech,ALL,T1,vix,-5,124,0.0101,0.9116,0.029,0.7492
speech,ALL,T1,vix,-4,124,0.0247,0.7857,0.0673,0.4577
speech,ALL,T1,vix,-3,124,0.098,0.2789,0.1244,0.1687
speech,ALL,T1,vix,-2,124,0.0214,0.8136,0.0038,0.9663
speech,ALL,T1,vix,-1,124,0.1275,0.1582,0.0385,0.6708
speech,ALL,T1,vix,0,124,0.0547,0.5459,-0.0103,0.91
speech,ALL,T1,vix,1,124,0.0247,0.7854,0.0038,0.967
speech,ALL,T1,vix,2,124,0.1337,0.1389,0.1136,0.209
speech,ALL,T1,vix,3,123,0.0172,0.8506,0.0094,0.9181
speech,ALL,T1,vix,4,123,0.0038,0.9667,-0.0122,0.8935
speech,ALL,T1,vix,5,122,-0.0584,0.5228,-0.0083,0.9281
speech,ALL,T1,vix,6,122,-0.0489,0.5928,-0.0212,0.8165
speech,ALL,T1,vix,7,121,-0.0706,0.4414,-0.0697,0.4476
speech,ALL,T1,vix,8,120,-0.079,0.391,-0.0891,0.3333
speech,ALL,T1,vix,9,120,0.0599,0.5158,-0.0011,0.9907
speech,ALL,T2,cfnai,-9,118,-0.0587,0.5276,0.0105,0.9103
speech,ALL,T2,cfnai,-8,118,0.0307,0.7415,0.0384,0.6793
speech,ALL,T2,cfnai,-7,118,0.0084,0.9279,-0.0583,0.5309
speech,ALL,T2,cfnai,-6,118,-0.0517,0.5781,-0.1137,0.2202
speech,ALL,T2,cfnai,-5,118,-0.1144,0.2175,-0.1253,0.1764
speech,ALL,T2,cfnai,-4,118,-0.0618,0.5059,-0.0288,0.7571
speech,ALL,T2,cfnai,-3,118,-0.0357,0.7015,-0.0564,0.5442
speech,ALL,T2,cfnai,-2,118,-0.0931,0.3159,-0.0742,0.4246
speech,ALL,T2,cfnai,-1,118,-0.1016,0.2737,-0.0474,0.6101
speech,ALL,T2,cfnai,0,118,0.0358,0.7001,0.0899,0.3329
speech,ALL,T2,cfnai,1,118,0.0368,0.6927,0.0666,0.4738
speech,ALL,T2,cfnai,2,118,0.0417,0.6537,0.0804,0.3867
speech,ALL,T2,cfnai,3,117,-0.035,0.7079,0.0045,0.9614
speech,ALL,T2,cfnai,4,117,-0.0095,0.9186,0.0213,0.8193
speech,ALL,T2,cfnai,5,116,-0.0013,0.9889,-0.0158,0.8664
speech,ALL,T2,cfnai,6,116,0.0512,0.5853,-0.055,0.5575
speech,ALL,T2,cfnai,7,115,0.0568,0.5463,-0.0423,0.6533
speech,ALL,T2,cfnai,8,114,0.0374,0.6927,-0.0284,0.7641
speech,ALL,T2,cfnai,9,114,-0.0359,0.7049,-0.0037,0.969
speech,ALL,T2,vix,-9,118,0.0265,0.776,0.0076,0.9353
speech,ALL,T2,vix,-8,118,0.0155,0.868,0.0232,0.8032
speech,ALL,T2,vix,-7,118,0.0282,0.762,0.0545,0.558
speech,ALL,T2,vix,-6,118,0.1317,0.1553,0.1667,0.0712
speech,ALL,T2,vix,-5,118,0.0347,0.7091,0.0533,0.5663
speech,ALL,T2,vix,-4,118,0.0321,0.7301,0.0703,0.4495
speech,ALL,T2,vix,-3,118,0.0676,0.4668,0.1184,0.2018
speech,ALL,T2,vix,-2,118,-0.0737,0.4278,-0.0365,0.695
speech,ALL,T2,vix,-1,118,0.0104,0.9112,-0.0126,0.8926
speech,ALL,T2,vix,0,118,-0.054,0.5616,-0.0675,0.4679
speech,ALL,T2,vix,1,118,-0.061,0.5117,-0.044,0.6359
speech,ALL,T2,vix,2,118,0.0795,0.3921,0.0763,0.4117
speech,ALL,T2,vix,3,117,-0.0533,0.5679,-0.0415,0.6571
speech,ALL,T2,vix,4,117,-0.0395,0.6721,-0.0611,0.5132
speech,ALL,T2,vix,5,116,-0.0898,0.3375,-0.0473,0.6144
speech,ALL,T2,vix,6,116,-0.0879,0.3482,-0.0575,0.5399
speech,ALL,T2,vix,7,115,-0.1024,0.2763,-0.1094,0.2444
speech,ALL,T2,vix,8,114,-0.1009,0.2855,-0.1223,0.1947
speech,ALL,T2,vix,9,114,0.0431,0.6491,-0.0345,0.7159
speech,can,T1,cfnai,-9,124,-0.0393,0.6646,0.0253,0.7801
speech,can,T1,cfnai,-8,124,-0.0704,0.4369,-0.1065,0.2392
speech,can,T1,cfnai,-7,124,0.0065,0.943,-0.1584,0.0789
speech,can,T1,cfnai,-6,124,0.0246,0.7864,-0.1654,0.0664
speech,can,T1,cfnai,-5,124,0.0327,0.7184,-0.0985,0.2766
speech,can,T1,cfnai,-4,124,-0.0222,0.8067,-0.0803,0.3751
speech,can,T1,cfnai,-3,124,-0.1257,0.1641,-0.0408,0.653
speech,can,T1,cfnai,-2,124,-0.3423,0.0001,-0.0302,0.7393
speech,can,T1,cfnai,-1,124,-0.3138,0.0004,-0.0124,0.8911
speech,can,T1,cfnai,0,124,-0.2854,0.0013,-0.0576,0.5253
speech,can,T1,cfnai,1,124,0.0065,0.9429,-0.0214,0.8137
speech,can,T1,cfnai,2,124,0.2655,0.0029,0.0586,0.5181
speech,can,T1,cfnai,3,123,0.2997,0.0008,0.1032,0.2559
speech,can,T1,cfnai,4,123,0.2349,0.0089,0.0893,0.3258
speech,can,T1,cfnai,5,122,-0.0156,0.8643,0.007,0.9389
speech,can,T1,cfnai,6,122,-0.0336,0.7133,-0.0207,0.8211
speech,can,T1,cfnai,7,121,-0.023,0.8024,-0.0414,0.6521
speech,can,T1,cfnai,8,120,-0.0141,0.8788,-0.0634,0.4913
speech,can,T1,cfnai,9,120,0.0692,0.4526,-0.0383,0.6781
speech,can,T1,vix,-9,124,-0.1,0.2693,-0.0592,0.514
speech,can,T1,vix,-8,124,-0.0586,0.518,-0.0529,0.5596
speech,can,T1,vix,-7,124,-0.0998,0.2699,-0.0425,0.6391
speech,can,T1,vix,-6,124,-0.1702,0.0587,-0.0984,0.2767
speech,can,T1,vix,-5,124,-0.0841,0.3528,-0.0255,0.7787
speech,can,T1,vix,-4,124,-0.0438,0.6292,-0.0447,0.622
speech,can,T1,vix,-3,124,0.1837,0.0411,0.0639,0.4809
speech,can,T1,vix,-2,124,0.1986,0.027,0.0437,0.6298
speech,can,T1,vix,-1,124,0.2392,0.0074,0.1372,0.1285
speech,can,T1,vix,0,124,0.2363,0.0082,0.1175,0.1938
speech,can,T1,vix,1,124,0.1318,0.1444,0.0419,0.644
speech,can,T1,vix,2,124,0.0452,0.618,0.0099,0.9131
speech,can,T1,vix,3,123,0.0845,0.3527,0.0136,0.8817
speech,can,T1,vix,4,123,0.1013,0.265,-0.0191,0.8336
speech,can,T1,vix,5,122,0.0661,0.4697,0.0051,0.9559
speech,can,T1,vix,6,122,0.0066,0.9424,-0.0107,0.9066
speech,can,T1,vix,7,121,0.0977,0.2865,0.0891,0.3312
speech,can,T1,vix,8,120,0.0006,0.9946,0.0466,0.6131
speech,can,T1,vix,9,120,0.0676,0.463,0.1081,0.24
speech,can,T2,cfnai,-9,118,-0.0357,0.701,0.0511,0.5825
speech,can,T2,cfnai,-8,118,-0.0428,0.6455,-0.0612,0.5103
speech,can,T2,cfnai,-7,118,0.0386,0.6779,-0.0996,0.2832
speech,can,T2,cfnai,-6,118,-0.0039,0.9663,-0.1032,0.2661
speech,can,T2,cfnai,-5,118,0.0127,0.8916,-0.0413,0.6569
speech,can,T2,cfnai,-4,118,-0.0243,0.7943,-0.0407,0.662
speech,can,T2,cfnai,-3,118,-0.0028,0.9756,0.0375,0.6869
speech,can,T2,cfnai,-2,118,0.0929,0.3172,0.0728,0.4331
speech,can,T2,cfnai,-1,118,0.0827,0.3733,0.0822,0.376
speech,can,T2,cfnai,0,118,0.0241,0.7956,0.0309,0.7399
speech,can,T2,cfnai,1,118,0.007,0.9398,0.0187,0.841
speech,can,T2,cfnai,2,118,0.04,0.6675,0.0203,0.8276
speech,can,T2,cfnai,3,117,0.023,0.8056,0.0221,0.8128
speech,can,T2,cfnai,4,117,-0.0539,0.564,-0.0057,0.9518
speech,can,T2,cfnai,5,116,-0.125,0.1812,-0.0859,0.3594
speech,can,T2,cfnai,6,116,-0.0925,0.3235,-0.1075,0.2507
speech,can,T2,cfnai,7,115,-0.0866,0.3576,-0.1388,0.1391
speech,can,T2,cfnai,8,114,-0.0549,0.5616,-0.1421,0.1315
speech,can,T2,cfnai,9,114,0.0586,0.5355,-0.0888,0.3473
speech,can,T2,vix,-9,118,-0.105,0.2578,-0.0612,0.51
speech,can,T2,vix,-8,118,-0.0487,0.6003,-0.0534,0.5659
speech,can,T2,vix,-7,118,-0.028,0.7635,-0.0004,0.9968
speech,can,T2,vix,-6,118,-0.1222,0.1876,-0.0509,0.5843
speech,can,T2,vix,-5,118,-0.0743,0.424,0.0242,0.7951
speech,can,T2,vix,-4,118,-0.049,0.5985,-0.0315,0.7352
speech,can,T2,vix,-3,118,-0.0475,0.6092,0.0302,0.7458
speech,can,T2,vix,-2,118,-0.0957,0.3026,-0.0308,0.7407
speech,can,T2,vix,-1,118,0.0133,0.8864,0.0671,0.4704
speech,can,T2,vix,0,118,0.0655,0.4812,0.0445,0.6323
speech,can,T2,vix,1,118,-0.0526,0.5719,-0.041,0.6592
speech,can,T2,vix,2,118,-0.124,0.1808,-0.0703,0.4497
speech,can,T2,vix,3,117,-0.0737,0.4298,-0.0669,0.4734
speech,can,T2,vix,4,117,-0.0183,0.8451,-0.1059,0.2557
speech,can,T2,vix,5,116,-0.0013,0.9887,-0.0757,0.4192
speech,can,T2,vix,6,116,-0.0775,0.4084,-0.0878,0.3484
speech,can,T2,vix,7,115,0.0375,0.6906,0.0297,0.7529
speech,can,T2,vix,8,114,-0.0575,0.5433,-0.0107,0.9097
speech,can,T2,vix,9,114,0.0277,0.7699,0.0482,0.6105
speech,could,T1,cfnai,-9,124,-0.0472,0.6026,-0.1192,0.1874
speech,could,T1,cfnai,-8,124,-0.0177,0.8449,-0.0549,0.5449
speech,could,T1,cfnai,-7,124,-0.0505,0.5773,-0.0729,0.421
speech,could,T1,cfnai,-6,124,-0.1114,0.218,-0.0563,0.5344
speech,could,T1,cfnai,-5,124,-0.1393,0.1228,-0.1279,0.157
speech,could,T1,cfnai,-4,124,-0.043,0.6357,-0.0676,0.4557
speech,could,T1,cfnai,-3,124,0.0446,0.6228,-0.0568,0.5309
speech,could,T1,cfnai,-2,124,0.1104,0.2223,-0.0114,0.9002
speech,could,T1,cfnai,-1,124,0.0595,0.5114,-0.0017,0.9854
speech,could,T1,cfnai,0,124,0.0661,0.4656,-0.0117,0.8974
speech,could,T1,cfnai,1,124,0.0097,0.9152,-0.0389,0.6681
speech,could,T1,cfnai,2,124,0.0135,0.8819,0.0183,0.8401
speech,could,T1,cfnai,3,123,-0.0413,0.6501,-0.0151,0.868
speech,could,T1,cfnai,4,123,-0.0835,0.3586,-0.0441,0.628
speech,could,T1,cfnai,5,122,-0.0507,0.5795,-0.0282,0.7575
speech,could,T1,cfnai,6,122,0.0288,0.7528,-0.0452,0.6209
speech,could,T1,cfnai,7,121,0.0571,0.5342,-0.0118,0.8981
speech,could,T1,cfnai,8,120,0.1119,0.2237,0.1009,0.2727
speech,could,T1,cfnai,9,120,0.0582,0.5275,0.15,0.1019
speech,could,T1,vix,-9,124,-0.1226,0.1749,-0.1017,0.2612
speech,could,T1,vix,-8,124,-0.045,0.62,-0.0408,0.6528
speech,could,T1,vix,-7,124,0.1073,0.2357,0.0758,0.4027
speech,could,T1,vix,-6,124,0.1745,0.0525,0.1178,0.1927
speech,could,T1,vix,-5,124,0.068,0.453,0.0348,0.7016
speech,could,T1,vix,-4,124,0.0188,0.8361,0.0592,0.5138
speech,could,T1,vix,-3,124,-0.1477,0.1017,-0.0619,0.4943
speech,could,T1,vix,-2,124,-0.1199,0.1847,-0.1608,0.0744
speech,could,T1,vix,-1,124,-0.1208,0.1812,-0.1357,0.1329
speech,could,T1,vix,0,124,-0.1475,0.1022,-0.1378,0.1269
speech,could,T1,vix,1,124,-0.1863,0.0383,-0.1914,0.0332
speech,could,T1,vix,2,124,-0.1106,0.2215,-0.1245,0.1683
speech,could,T1,vix,3,123,-0.1314,0.1474,-0.1247,0.1692
speech,could,T1,vix,4,123,-0.0076,0.9339,-0.0572,0.5294
speech,could,T1,vix,5,122,-0.0336,0.7134,-0.0319,0.7269
speech,could,T1,vix,6,122,-0.0575,0.5291,-0.0252,0.7827
speech,could,T1,vix,7,121,-0.1893,0.0375,-0.1764,0.0529
speech,could,T1,vix,8,120,-0.2011,0.0276,-0.2434,0.0074
speech,could,T1,vix,9,120,-0.1099,0.232,-0.1619,0.0773
speech,could,T2,cfnai,-9,118,-0.0484,0.6028,-0.1274,0.1693
speech,could,T2,cfnai,-8,118,-0.0188,0.8396,-0.0551,0.5536
speech,could,T2,cfnai,-7,118,-0.0309,0.7395,-0.0821,0.3768
speech,could,T2,cfnai,-6,118,-0.0343,0.7124,-0.0675,0.4676
speech,could,T2,cfnai,-5,118,-0.0887,0.3393,-0.1298,0.1612
speech,could,T2,cfnai,-4,118,0.0319,0.7318,-0.0684,0.4619
speech,could,T2,cfnai,-3,118,-0.0656,0.4801,-0.0915,0.3243
speech,could,T2,cfnai,-2,118,0.0136,0.8834,-0.0473,0.6111
speech,could,T2,cfnai,-1,118,-0.0373,0.6888,-0.0649,0.4851
speech,could,T2,cfnai,0,118,-0.0767,0.409,-0.076,0.4132
speech,could,T2,cfnai,1,118,-0.0528,0.5704,-0.0722,0.4374
speech,could,T2,cfnai,2,118,0.027,0.7713,-0.0115,0.9016
speech,could,T2,cfnai,3,117,0.0445,0.6335,-0.0127,0.8922
speech,could,T2,cfnai,4,117,-0.0246,0.7921,-0.024,0.797
speech,could,T2,cfnai,5,116,-0.0411,0.6613,-0.028,0.7651
speech,could,T2,cfnai,6,116,0.0372,0.6915,-0.0347,0.7115
speech,could,T2,cfnai,7,115,0.0588,0.5327,-0.0113,0.9049
speech,could,T2,cfnai,8,114,0.1179,0.2116,0.1059,0.2621
speech,could,T2,cfnai,9,114,0.0613,0.5167,0.1711,0.0687
speech,could,T2,vix,-9,118,-0.126,0.1739,-0.098,0.2909
speech,could,T2,vix,-8,118,-0.0497,0.5927,-0.0416,0.6546
speech,could,T2,vix,-7,118,0.0312,0.7372,0.0515,0.5797
speech,could,T2,vix,-6,118,0.1332,0.1504,0.0971,0.2958
speech,could,T2,vix,-5,118,0.024,0.7966,-0.0087,0.9258
speech,could,T2,vix,-4,118,-0.0281,0.7629,0.038,0.6828
speech,could,T2,vix,-3,118,-0.1714,0.0635,-0.0835,0.3685
speech,could,T2,vix,-2,118,-0.1842,0.0458,-0.1755,0.0574
speech,could,T2,vix,-1,118,-0.1298,0.1611,-0.1454,0.1162
speech,could,T2,vix,0,118,-0.1566,0.0904,-0.1468,0.1127
speech,could,T2,vix,1,118,-0.213,0.0205,-0.2068,0.0246
speech,could,T2,vix,2,118,-0.1157,0.2121,-0.1326,0.1524
speech,could,T2,vix,3,117,-0.1367,0.1417,-0.1281,0.1688
speech,could,T2,vix,4,117,0.0019,0.9836,-0.0586,0.53
speech,could,T2,vix,5,116,-0.0273,0.7714,-0.0311,0.7402
speech,could,T2,vix,6,116,-0.0419,0.6553,-0.0109,0.9073
speech,could,T2,vix,7,115,-0.1838,0.0492,-0.1768,0.0587
speech,could,T2,vix,8,114,-0.1959,0.0367,-0.2397,0.0102
speech,could,T2,vix,9,114,-0.1019,0.2808,-0.1555,0.0986
speech,may,T1,cfnai,-9,124,0.0459,0.6125,0.0044,0.9612
speech,may,T1,cfnai,-8,124,-0.0358,0.6933,0.0992,0.273
speech,may,T1,cfnai,-7,124,-0.0634,0.4845,0.089,0.3253
speech,may,T1,cfnai,-6,124,0.0083,0.9274,0.1047,0.2473
speech,may,T1,cfnai,-5,124,0.0155,0.8639,-0.0058,0.9486
speech,may,T1,cfnai,-4,124,0.0373,0.681,-0.0278,0.7594
speech,may,T1,cfnai,-3,124,0.015,0.8689,-0.0668,0.4608
speech,may,T1,cfnai,-2,124,0.0428,0.6371,-0.06,0.508
speech,may,T1,cfnai,-1,124,0.0237,0.7938,-0.0612,0.4993
speech,may,T1,cfnai,0,124,0.0441,0.6269,-0.0487,0.5912
speech,may,T1,cfnai,1,124,-0.0134,0.8829,-0.0912,0.3138
speech,may,T1,cfnai,2,124,-0.0645,0.4764,-0.0585,0.519
speech,may,T1,cfnai,3,123,-0.1122,0.2166,-0.0848,0.3509
speech,may,T1,cfnai,4,123,-0.0894,0.3255,-0.0551,0.5449
speech,may,T1,cfnai,5,122,0.0115,0.9002,-0.0917,0.3152
speech,may,T1,cfnai,6,122,-0.0036,0.9688,-0.0896,0.3264
speech,may,T1,cfnai,7,121,-0.0273,0.766,-0.109,0.2341
speech,may,T1,cfnai,8,120,-0.088,0.3391,-0.2073,0.0231
speech,may,T1,cfnai,9,120,-0.0652,0.479,-0.1261,0.17
speech,may,T1,vix,-9,124,-0.0561,0.5363,0.0232,0.7978
speech,may,T1,vix,-8,124,-0.1195,0.1861,-0.0783,0.3873
speech,may,T1,vix,-7,124,-0.1103,0.2228,-0.0562,0.5351
speech,may,T1,vix,-6,124,-0.0366,0.6865,-0.0707,0.4354
speech,may,T1,vix,-5,124,-0.1145,0.2055,-0.0375,0.6793
speech,may,T1,vix,-4,124,-0.0027,0.9759,0.0685,0.4497
speech,may,T1,vix,-3,124,-0.0192,0.8325,0.0748,0.4091
speech,may,T1,vix,-2,124,-0.0617,0.4963,-0.0023,0.9794
speech,may,T1,vix,-1,124,-0.118,0.1918,-0.0436,0.6306
speech,may,T1,vix,0,124,-0.1829,0.042,-0.1746,0.0524
speech,may,T1,vix,1,124,-0.1133,0.2104,-0.0918,0.3106
speech,may,T1,vix,2,124,-0.0232,0.7981,-0.0205,0.8215
speech,may,T1,vix,3,123,-0.056,0.5387,-0.0411,0.6518
speech,may,T1,vix,4,123,-0.06,0.5098,-0.0712,0.4336
speech,may,T1,vix,5,122,0.0285,0.7557,0.023,0.8012
speech,may,T1,vix,6,122,0.0146,0.873,0.0967,0.2896
speech,may,T1,vix,7,121,0.0081,0.9295,0.0708,0.4405
speech,may,T1,vix,8,120,0.0122,0.8948,-0.0021,0.9817
speech,may,T1,vix,9,120,-0.0203,0.8257,-0.0952,0.3012
speech,may,T2,cfnai,-9,118,0.0423,0.6491,-0.0223,0.8109
speech,may,T2,cfnai,-8,118,-0.048,0.6055,0.0708,0.446
speech,may,T2,cfnai,-7,118,-0.0869,0.3495,0.0559,0.5476
speech,may,T2,cfnai,-6,118,-0.0527,0.5709,0.0647,0.4865
speech,may,T2,cfnai,-5,118,-0.074,0.4257,-0.0469,0.6144
speech,may,T2,cfnai,-4,118,-0.0765,0.4101,-0.0763,0.4116
speech,may,T2,cfnai,-3,118,-0.078,0.4012,-0.1006,0.2783
speech,may,T2,cfnai,-2,118,-0.1688,0.0676,-0.103,0.2672
speech,may,T2,cfnai,-1,118,-0.1224,0.1866,-0.093,0.3163
speech,may,T2,cfnai,0,118,-0.1192,0.1987,-0.078,0.401
speech,may,T2,cfnai,1,118,-0.084,0.3659,-0.086,0.3544
speech,may,T2,cfnai,2,118,-0.1037,0.2638,-0.0472,0.6119
speech,may,T2,cfnai,3,117,-0.0501,0.5913,-0.0338,0.7178
speech,may,T2,cfnai,4,117,0.0137,0.8835,-0.0092,0.9215
speech,may,T2,cfnai,5,116,0.0501,0.5934,-0.0411,0.6616
speech,may,T2,cfnai,6,116,0.0134,0.8864,-0.0502,0.5928
speech,may,T2,cfnai,7,115,-0.006,0.9493,-0.0628,0.5051
speech,may,T2,cfnai,8,114,-0.0769,0.4158,-0.1875,0.0457
speech,may,T2,cfnai,9,114,-0.0554,0.5582,-0.0873,0.3558
speech,may,T2,vix,-9,118,-0.0721,0.438,0.0036,0.9695
speech,may,T2,vix,-8,118,-0.1229,0.185,-0.0749,0.4204
speech,may,T2,vix,-7,118,-0.14,0.1305,-0.0773,0.4053
speech,may,T2,vix,-6,118,-0.0343,0.7121,-0.0731,0.4318
speech,may,T2,vix,-5,118,-0.1189,0.1995,-0.0479,0.6065
speech,may,T2,vix,-4,118,0.0349,0.7074,0.0914,0.3252
speech,may,T2,vix,-3,118,0.0693,0.4559,0.1095,0.2377
speech,may,T2,vix,-2,118,-0.0124,0.8938,0.0419,0.6527
speech,may,T2,vix,-1,118,-0.0505,0.587,0.0061,0.9473
speech,may,T2,vix,0,118,-0.1391,0.133,-0.1392,0.1326
speech,may,T2,vix,1,118,-0.062,0.5047,-0.0469,0.6141
speech,may,T2,vix,2,118,0.0426,0.6469,0.025,0.7879
speech,may,T2,vix,3,117,0.0045,0.9619,0.0071,0.9392
speech,may,T2,vix,4,117,-0.0258,0.7821,-0.0328,0.7254
speech,may,T2,vix,5,116,0.0523,0.5773,0.0757,0.4191
speech,may,T2,vix,6,116,0.0425,0.6507,0.1477,0.1136
speech,may,T2,vix,7,115,0.0317,0.737,0.1171,0.2125
speech,may,T2,vix,8,114,0.0236,0.8028,0.0259,0.7844
speech,may,T2,vix,9,114,-0.0079,0.9339,-0.0718,0.448
speech,should,T1,cfnai,-9,124,0.1427,0.1138,0.2671,0.0027
speech,should,T1,cfnai,-8,124,0.0384,0.6723,0.2409,0.007
speech,should,T1,cfnai,-7,124,-0.0632,0.4854,0.0622,0.4928
speech,should,T1,cfnai,-6,124,-0.0492,0.5873,-0.0621,0.493
speech,should,T1,cfnai,-5,124,-0.0096,0.9154,-0.0673,0.4579
speech,should,T1,cfnai,-4,124,0.0192,0.8323,-0.0236,0.7946
speech,should,T1,cfnai,-3,124,0.0264,0.7708,-0.0266,0.7696
speech,should,T1,cfnai,-2,124,0.0593,0.5127,-0.0079,0.9309
speech,should,T1,cfnai,-1,124,0.0483,0.5943,-0.0797,0.3787
speech,should,T1,cfnai,0,124,-0.0771,0.3944,0.0008,0.9926
speech,should,T1,cfnai,1,124,-0.1643,0.0682,0.0081,0.9285
speech,should,T1,cfnai,2,124,-0.1665,0.0646,0.0185,0.8382
speech,should,T1,cfnai,3,123,0.0668,0.463,0.0309,0.734
speech,should,T1,cfnai,4,123,0.1253,0.1672,0.0044,0.9611
speech,should,T1,cfnai,5,122,0.0465,0.6113,-0.0243,0.7904
speech,should,T1,cfnai,6,122,0.0365,0.6902,0.0184,0.8402
speech,should,T1,cfnai,7,121,0.0225,0.8064,-0.0081,0.9299
speech,should,T1,cfnai,8,120,0.0318,0.7299,-0.0218,0.8128
speech,should,T1,cfnai,9,120,0.0039,0.9659,-0.0724,0.4318
speech,should,T1,vix,-9,124,0.0352,0.6982,-0.1181,0.1912
speech,should,T1,vix,-8,124,0.0608,0.5025,-0.12,0.1845
speech,should,T1,vix,-7,124,0.0023,0.9795,-0.1093,0.2268
speech,should,T1,vix,-6,124,-0.0006,0.9947,-0.0617,0.4961
speech,should,T1,vix,-5,124,-0.0497,0.5833,-0.0767,0.3971
speech,should,T1,vix,-4,124,0.0159,0.8612,-0.0354,0.6966
speech,should,T1,vix,-3,124,-0.0075,0.9338,-0.0653,0.4713
speech,should,T1,vix,-2,124,-0.1117,0.2168,-0.1511,0.0938
speech,should,T1,vix,-1,124,-0.009,0.9209,-0.1684,0.0615
speech,should,T1,vix,0,124,-0.0842,0.3524,-0.213,0.0176
speech,should,T1,vix,1,124,-0.1074,0.235,-0.1969,0.0284
speech,should,T1,vix,2,124,0.0229,0.8009,-0.0949,0.2947
speech,should,T1,vix,3,123,-0.0728,0.4233,-0.1142,0.2086
speech,should,T1,vix,4,123,-0.0915,0.314,-0.0949,0.2967
speech,should,T1,vix,5,122,-0.0676,0.4591,-0.0843,0.356
speech,should,T1,vix,6,122,-0.0479,0.6005,-0.0667,0.4653
speech,should,T1,vix,7,121,-0.1287,0.1594,-0.1721,0.0591
speech,should,T1,vix,8,120,-0.1266,0.1681,-0.165,0.0717
speech,should,T1,vix,9,120,0.0149,0.8714,-0.076,0.4095
speech,should,T2,cfnai,-9,118,0.1463,0.1138,0.2666,0.0035
speech,should,T2,cfnai,-8,118,0.0297,0.7495,0.2186,0.0174
speech,should,T2,cfnai,-7,118,-0.0793,0.3936,0.0367,0.6935
speech,should,T2,cfnai,-6,118,-0.1389,0.1335,-0.0859,0.3552
speech,should,T2,cfnai,-5,118,-0.0915,0.3245,-0.0807,0.3849
speech,should,T2,cfnai,-4,118,-0.065,0.4847,-0.0208,0.8227
speech,should,T2,cfnai,-3,118,-0.0039,0.9668,-0.0506,0.5862
speech,should,T2,cfnai,-2,118,-0.0761,0.4129,-0.0355,0.7024
speech,should,T2,cfnai,-1,118,-0.1114,0.2299,-0.1019,0.2724
speech,should,T2,cfnai,0,118,-0.0117,0.8996,-0.0109,0.9067
speech,should,T2,cfnai,1,118,-0.0022,0.981,0.028,0.7631
speech,should,T2,cfnai,2,118,0.0478,0.6074,0.0984,0.2889
speech,should,T2,cfnai,3,117,0.0188,0.8408,0.0608,0.5146
speech,should,T2,cfnai,4,117,0.052,0.5776,0.0301,0.7477
speech,should,T2,cfnai,5,116,0.0336,0.72,-0.0017,0.9854
speech,should,T2,cfnai,6,116,0.0333,0.7228,0.0421,0.6535
speech,should,T2,cfnai,7,115,0.0268,0.7764,0.0151,0.873
speech,should,T2,cfnai,8,114,0.0267,0.7777,-0.0206,0.8275
speech,should,T2,cfnai,9,114,-0.0013,0.9887,-0.0896,0.343
speech,should,T2,vix,-9,118,0.0528,0.5699,-0.0967,0.2976
speech,should,T2,vix,-8,118,0.0467,0.6154,-0.1335,0.1497
speech,should,T2,vix,-7,118,0.0194,0.835,-0.1265,0.1723
speech,should,T2,vix,-6,118,0.0042,0.9644,-0.0955,0.3034
speech,should,T2,vix,-5,118,-0.0183,0.8445,-0.0769,0.4076
speech,should,T2,vix,-4,118,0.0612,0.51,-0.0247,0.7903
speech,should,T2,vix,-3,118,0.0894,0.3357,-0.0237,0.7986
speech,should,T2,vix,-2,118,-0.0335,0.7189,-0.1304,0.1592
speech,should,T2,vix,-1,118,-0.1119,0.2276,-0.1667,0.0712
speech,should,T2,vix,0,118,-0.1552,0.0932,-0.2144,0.0197
speech,should,T2,vix,1,118,-0.1323,0.1531,-0.1953,0.034
speech,should,T2,vix,2,118,0.0082,0.93,-0.0889,0.3385
speech,should,T2,vix,3,117,-0.0885,0.3429,-0.1046,0.2615
speech,should,T2,vix,4,117,-0.078,0.403,-0.0745,0.4248
speech,should,T2,vix,5,116,-0.0702,0.4542,-0.0683,0.4664
speech,should,T2,vix,6,116,-0.0695,0.4585,-0.0614,0.5128
speech,should,T2,vix,7,115,-0.1421,0.1297,-0.1695,0.0701
speech,should,T2,vix,8,114,-0.1308,0.1654,-0.1545,0.1008
speech,should,T2,vix,9,114,0.0071,0.9399,-0.0751,0.427
speech,will,T1,cfnai,-9,124,-0.1097,0.225,-0.0386,0.67
speech,will,T1,cfnai,-8,124,0.1243,0.1688,0.006,0.9476
speech,will,T1,cfnai,-7,124,0.1304,0.1487,0.0299,0.7418
speech,will,T1,cfnai,-6,124,0.0539,0.552,-0.0596,0.5111
speech,will,T1,cfnai,-5,124,0.0052,0.9547,-0.0711,0.4328
speech,will,T1,cfnai,-4,124,0.0034,0.9703,-0.0702,0.4384
speech,will,T1,cfnai,-3,124,-0.0113,0.9007,-0.0981,0.2786
speech,will,T1,cfnai,-2,124,-0.0772,0.3943,-0.099,0.274
speech,will,T1,cfnai,-1,124,-0.0685,0.4496,-0.0686,0.4493
speech,will,T1,cfnai,0,124,-0.0809,0.3715,0.0735,0.4174
speech,will,T1,cfnai,1,124,-0.0253,0.7805,0.0769,0.3959
speech,will,T1,cfnai,2,124,0.0227,0.8023,0.02,0.8255
speech,will,T1,cfnai,3,123,0.1011,0.266,0.0059,0.9483
speech,will,T1,cfnai,4,123,0.1292,0.1545,0.0105,0.9084
speech,will,T1,cfnai,5,122,0.134,0.1412,0.0497,0.5869
speech,will,T1,cfnai,6,122,0.1602,0.078,0.0029,0.9746
speech,will,T1,cfnai,7,121,0.1525,0.0949,0.0478,0.6028
speech,will,T1,cfnai,8,120,0.0252,0.7848,-0.005,0.9565
speech,will,T1,cfnai,9,120,-0.1671,0.0682,-0.0679,0.4614
speech,will,T1,vix,-9,124,0.2018,0.0246,0.0858,0.3434
speech,will,T1,vix,-8,124,0.1744,0.0527,0.1528,0.0903
speech,will,T1,vix,-7,124,0.0794,0.381,0.1157,0.2006
speech,will,T1,vix,-6,124,0.2064,0.0214,0.2377,0.0079
speech,will,T1,vix,-5,124,0.1369,0.1294,0.1201,0.1838
speech,will,T1,vix,-4,124,0.0612,0.4994,0.0744,0.4112
speech,will,T1,vix,-3,124,0.1756,0.0511,0.2105,0.019
speech,will,T1,vix,-2,124,0.1129,0.212,0.1487,0.0992
speech,will,T1,vix,-1,124,0.2018,0.0246,0.1887,0.0359
speech,will,T1,vix,0,124,0.2049,0.0224,0.1312,0.1465
speech,will,T1,vix,1,124,0.2145,0.0168,0.1551,0.0853
speech,will,T1,vix,2,124,0.3044,0.0006,0.2363,0.0082
speech,will,T1,vix,3,123,0.1489,0.1002,0.1019,0.2622
speech,will,T1,vix,4,123,0.0273,0.7644,0.0355,0.6965
speech,will,T1,vix,5,122,-0.1081,0.2358,-0.0017,0.9855
speech,will,T1,vix,6,122,-0.0241,0.7919,0.0076,0.9336
speech,will,T1,vix,7,121,0.0394,0.6679,0.0495,0.5896
speech,will,T1,vix,8,120,0.0924,0.3153,0.1228,0.1814
speech,will,T1,vix,9,120,0.1572,0.0863,0.126,0.1702
speech,will,T2,cfnai,-9,118,-0.1106,0.2329,-0.0289,0.7558
speech,will,T2,cfnai,-8,118,0.1345,0.1466,0.0225,0.8092
speech,will,T2,cfnai,-7,118,0.1472,0.1117,0.0615,0.5085
speech,will,T2,cfnai,-6,118,0.105,0.2579,-0.0314,0.7359
speech,will,T2,cfnai,-5,118,0.0073,0.9374,-0.0468,0.6145
speech,will,T2,cfnai,-4,118,0.0061,0.948,-0.0399,0.6679
speech,will,T2,cfnai,-3,118,0.0248,0.7897,-0.0799,0.3898
speech,will,T2,cfnai,-2,118,-0.0331,0.7221,-0.0767,0.4094
speech,will,T2,cfnai,-1,118,-0.0322,0.7292,-0.0385,0.6787
speech,will,T2,cfnai,0,118,0.1573,0.0889,0.1185,0.2012
speech,will,T2,cfnai,1,118,0.1366,0.1402,0.0919,0.3221
speech,will,T2,cfnai,2,118,0.0738,0.427,0.0258,0.7814
speech,will,T2,cfnai,3,117,-0.0314,0.737,-0.0351,0.7075
speech,will,T2,cfnai,4,117,0.0253,0.7869,-0.0279,0.765
speech,will,T2,cfnai,5,116,0.1076,0.2503,0.0168,0.8583
speech,will,T2,cfnai,6,116,0.1487,0.1112,-0.0333,0.7229
speech,will,T2,cfnai,7,115,0.1418,0.1307,0.0148,0.8753
speech,will,T2,cfnai,8,114,0.0121,0.8985,-0.0301,0.7509
speech,will,T2,cfnai,9,114,-0.1804,0.0547,-0.1057,0.2632
speech,will,T2,vix,-9,118,0.2191,0.0171,0.1049,0.2584
speech,will,T2,vix,-8,118,0.1766,0.0557,0.1469,0.1124
speech,will,T2,vix,-7,118,0.1332,0.1506,0.1328,0.1516
speech,will,T2,vix,-6,118,0.2547,0.0054,0.2568,0.005
speech,will,T2,vix,-5,118,0.2195,0.017,0.1467,0.113
speech,will,T2,vix,-4,118,0.0849,0.3609,0.0748,0.4211
speech,will,T2,vix,-3,118,0.1915,0.0378,0.2147,0.0196
speech,will,T2,vix,-2,118,0.1312,0.1568,0.1295,0.1623
speech,will,T2,vix,-1,118,0.1711,0.0639,0.1651,0.074
speech,will,T2,vix,0,118,0.1675,0.0698,0.097,0.2962
speech,will,T2,vix,1,118,0.1984,0.0313,0.1282,0.1667
speech,will,T2,vix,2,118,0.3015,0.0009,0.2164,0.0186
speech,will,T2,vix,3,117,0.1165,0.2109,0.0656,0.4825
speech,will,T2,vix,4,117,-0.0002,0.9987,0.0049,0.9584
speech,will,T2,vix,5,116,-0.1332,0.1539,-0.0267,0.7761
speech,will,T2,vix,6,116,-0.055,0.5573,-0.021,0.8228
speech,will,T2,vix,7,115,0.0176,0.8521,0.0216,0.8185
speech,will,T2,vix,8,114,0.0813,0.3899,0.1066,0.259
speech,will,T2,vix,9,114,0.1462,0.1206,0.1058,0.2626
speech,would,T1,cfnai,-9,124,-0.015,0.8686,-0.0959,0.2895
speech,would,T1,cfnai,-8,124,-0.0685,0.4497,-0.0663,0.4642
speech,would,T1,cfnai,-7,124,-0.1553,0.085,-0.1662,0.0651
speech,would,T1,cfnai,-6,124,-0.199,0.0267,-0.1828,0.0421
speech,would,T1,cfnai,-5,124,-0.1816,0.0435,-0.1535,0.0887
speech,would,T1,cfnai,-4,124,-0.0703,0.4378,-0.0133,0.8834
speech,would,T1,cfnai,-3,124,0.0797,0.3787,0.042,0.6436
speech,would,T1,cfnai,-2,124,0.1196,0.186,-0.0527,0.5609
speech,would,T1,cfnai,-1,124,0.0838,0.3546,-0.0176,0.8466
speech,would,T1,cfnai,0,124,0.0514,0.5707,0.0228,0.8013
speech,would,T1,cfnai,1,124,-0.0467,0.6064,-0.0214,0.8132
speech,would,T1,cfnai,2,124,-0.0776,0.3916,0.0233,0.7974
speech,would,T1,cfnai,3,123,-0.0548,0.5472,-0.0178,0.8449
speech,would,T1,cfnai,4,123,-0.0537,0.5549,-0.0078,0.9316
speech,would,T1,cfnai,5,122,-0.103,0.259,-0.0507,0.5791
speech,would,T1,cfnai,6,122,-0.0921,0.3131,-0.0213,0.8161
speech,would,T1,cfnai,7,121,-0.0527,0.566,0.0499,0.5867
speech,would,T1,cfnai,8,120,0.1056,0.251,0.1491,0.1042
speech,would,T1,cfnai,9,120,0.1611,0.0787,0.2204,0.0156
speech,would,T1,vix,-9,124,-0.0922,0.3082,-0.0661,0.4659
speech,would,T1,vix,-8,124,-0.0957,0.2902,-0.115,0.2034
speech,would,T1,vix,-7,124,0.062,0.4939,-0.0108,0.9053
speech,would,T1,vix,-6,124,0.0381,0.6741,0.0585,0.5186
speech,would,T1,vix,-5,124,-0.0488,0.5901,-0.011,0.9036
speech,would,T1,vix,-4,124,-0.0122,0.8929,-0.0155,0.8647
speech,would,T1,vix,-3,124,-0.1135,0.2096,-0.1347,0.1357
speech,would,T1,vix,-2,124,-0.162,0.0722,-0.201,0.0252
speech,would,T1,vix,-1,124,-0.0709,0.434,-0.164,0.0687
speech,would,T1,vix,0,124,-0.1649,0.0672,-0.2052,0.0222
speech,would,T1,vix,1,124,-0.1681,0.0621,-0.1843,0.0405
speech,would,T1,vix,2,124,-0.1312,0.1464,-0.1515,0.093
speech,would,T1,vix,3,123,-0.1289,0.1554,-0.1405,0.1212
speech,would,T1,vix,4,123,-0.0429,0.6379,-0.0957,0.2925
speech,would,T1,vix,5,122,-0.0073,0.9361,-0.0946,0.3
speech,would,T1,vix,6,122,-0.0476,0.6028,-0.106,0.2451
speech,would,T1,vix,7,121,-0.1796,0.0486,-0.1892,0.0377
speech,would,T1,vix,8,120,-0.184,0.0442,-0.2417,0.0078
speech,would,T1,vix,9,120,-0.0929,0.3129,-0.0442,0.6315
speech,would,T2,cfnai,-9,118,-0.0157,0.8658,-0.1009,0.2769
speech,would,T2,cfnai,-8,118,-0.0744,0.4235,-0.0823,0.3753
speech,would,T2,cfnai,-7,118,-0.1409,0.128,-0.1835,0.0467
speech,would,T2,cfnai,-6,118,-0.186,0.0438,-0.1966,0.0328
speech,would,T2,cfnai,-5,118,-0.1719,0.0627,-0.1527,0.0988
speech,would,T2,cfnai,-4,118,-0.0843,0.364,-0.002,0.9828
speech,would,T2,cfnai,-3,118,-0.0234,0.8014,0.0026,0.978
speech,would,T2,cfnai,-2,118,-0.1242,0.1803,-0.1034,0.2652
speech,would,T2,cfnai,-1,118,-0.1204,0.1939,-0.0724,0.436
speech,would,T2,cfnai,0,118,-0.0385,0.6788,-0.0269,0.7721
speech,would,T2,cfnai,1,118,-0.0354,0.7038,-0.0333,0.7206
speech,would,T2,cfnai,2,118,-0.014,0.8805,0.0384,0.6797
speech,would,T2,cfnai,3,117,-0.0706,0.4491,-0.0167,0.8585
speech,would,T2,cfnai,4,117,-0.0418,0.6545,0.0151,0.8714
speech,would,T2,cfnai,5,116,-0.1039,0.2669,-0.052,0.5797
speech,would,T2,cfnai,6,116,-0.0893,0.3403,-0.0113,0.9046
speech,would,T2,cfnai,7,115,-0.0553,0.557,0.0589,0.5321
speech,would,T2,cfnai,8,114,0.1083,0.2513,0.1511,0.1085
speech,would,T2,cfnai,9,114,0.1631,0.0829,0.2255,0.0158
speech,would,T2,vix,-9,118,-0.0855,0.3572,-0.0519,0.5765
speech,would,T2,vix,-8,118,-0.1095,0.2378,-0.1261,0.1736
speech,would,T2,vix,-7,118,-0.0452,0.6266,-0.0475,0.6092
speech,would,T2,vix,-6,118,-0.0339,0.7159,0.0204,0.8267
speech,would,T2,vix,-5,118,-0.1284,0.166,-0.0499,0.5914
speech,would,T2,vix,-4,118,-0.0577,0.535,-0.0302,0.7457
speech,would,T2,vix,-3,118,-0.0884,0.3414,-0.1393,0.1325
speech,would,T2,vix,-2,118,-0.1823,0.0482,-0.207,0.0245
speech,would,T2,vix,-1,118,-0.0878,0.3444,-0.1794,0.0519
speech,would,T2,vix,0,118,-0.1991,0.0306,-0.2217,0.0158
speech,would,T2,vix,1,118,-0.1898,0.0396,-0.1959,0.0335
speech,would,T2,vix,2,118,-0.1479,0.1099,-0.1633,0.0773
speech,would,T2,vix,3,117,-0.1393,0.134,-0.1519,0.102
speech,would,T2,vix,4,117,-0.0282,0.7626,-0.1005,0.281
speech,would,T2,vix,5,116,0.0012,0.9899,-0.0984,0.2931
speech,would,T2,vix,6,116,-0.0375,0.6898,-0.1014,0.2787
speech,would,T2,vix,7,115,-0.175,0.0614,-0.1951,0.0366
speech,would,T2,vix,8,114,-0.1749,0.0628,-0.2376,0.0109
speech,would,T2,vix,9,114,-0.0861,0.3621,-0.0299,0.752
statement,ALL,T1,cfnai,-9,101,-0.0328,0.7446,-0.2063,0.0384
statement,ALL,T1,cfnai,-8,101,-0.069,0.4927,-0.2093,0.0356
statement,ALL,T1,cfnai,-7,101,-0.1216,0.2257,-0.2349,0.018
statement,ALL,T1,cfnai,-6,101,-0.1032,0.3044,-0.1381,0.1683
statement,ALL,T1,cfnai,-5,101,-0.0448,0.6568,-0.1069,0.2873
statement,ALL,T1,cfnai,-4,101,0.006,0.9527,-0.0326,0.7465
statement,ALL,T1,cfnai,-3,101,-0.068,0.499,-0.0028,0.978
statement,ALL,T1,cfnai,-2,101,-0.0689,0.4935,-0.0472,0.6392
statement,ALL,T1,cfnai,-1,101,-0.0396,0.694,0.0444,0.6596
statement,ALL,T1,cfnai,0,101,0.0741,0.4612,0.1378,0.1694
statement,ALL,T1,cfnai,1,101,0.261,0.0084,0.2157,0.0303
statement,ALL,T1,cfnai,2,101,0.3043,0.002,0.2265,0.0227
statement,ALL,T1,cfnai,3,101,0.3552,0.0003,0.2536,0.0105
statement,ALL,T1,cfnai,4,100,0.0843,0.4041,0.0878,0.385
statement,ALL,T1,cfnai,5,99,0.0908,0.3713,0.1323,0.1916
statement,ALL,T1,cfnai,6,99,0.1298,0.2002,0.1262,0.2132
statement,ALL,T1,cfnai,7,98,0.0889,0.3842,0.0658,0.5196
statement,ALL,T1,cfnai,8,97,0.1059,0.3019,0.0609,0.5536
statement,ALL,T1,cfnai,9,97,0.0007,0.9946,0.0288,0.7795
statement,ALL,T1,vix,-9,101,0.2116,0.0336,0.1837,0.0659
statement,ALL,T1,vix,-8,101,0.2551,0.01,0.2291,0.0212
statement,ALL,T1,vix,-7,101,0.1741,0.0817,0.1,0.3198
statement,ALL,T1,vix,-6,101,0.1231,0.2199,0.068,0.4995
statement,ALL,T1,vix,-5,101,0.1469,0.1426,0.0901,0.3702
statement,ALL,T1,vix,-4,101,0.1831,0.0668,0.1443,0.1499
statement,ALL,T1,vix,-3,101,0.1825,0.0678,0.1619,0.1059
statement,ALL,T1,vix,-2,101,0.177,0.0766,0.1261,0.2091
statement,ALL,T1,vix,-1,101,0.0947,0.3463,0.0237,0.8143
statement,ALL,T1,vix,0,101,-0.19,0.0571,-0.1165,0.2459
statement,ALL,T1,vix,1,101,-0.1313,0.1908,-0.0629,0.5321
statement,ALL,T1,vix,2,101,-0.2327,0.0192,-0.1573,0.1163
statement,ALL,T1,vix,3,101,-0.2492,0.012,-0.1325,0.1865
statement,ALL,T1,vix,4,100,-0.2699,0.0066,-0.1874,0.062
statement,ALL,T1,vix,5,99,-0.3035,0.0023,-0.1875,0.0632
statement,ALL,T1,vix,6,99,-0.3624,0.0002,-0.2097,0.0373
statement,ALL,T1,vix,7,98,-0.3069,0.0021,-0.185,0.0682
statement,ALL,T1,vix,8,97,-0.2846,0.0047,-0.2065,0.0425
statement,ALL,T1,vix,9,97,-0.2837,0.0049,-0.1826,0.0734
statement,ALL,T2,cfnai,-9,91,-0.0298,0.7794,-0.2292,0.0288
statement,ALL,T2,cfnai,-8,91,-0.0294,0.7822,-0.1926,0.0673
statement,ALL,T2,cfnai,-7,91,-0.0687,0.5177,-0.1891,0.0726
statement,ALL,T2,cfnai,-6,91,-0.0504,0.6354,-0.1395,0.1871
statement,ALL,T2,cfnai,-5,91,-0.0747,0.4816,-0.14,0.1857
statement,ALL,T2,cfnai,-4,91,-0.0915,0.3883,-0.1022,0.3351
statement,ALL,T2,cfnai,-3,91,-0.0712,0.5027,-0.0692,0.5143
statement,ALL,T2,cfnai,-2,91,-0.0545,0.6077,-0.0859,0.4183
statement,ALL,T2,cfnai,-1,91,0.0235,0.8251,0.0101,0.9239
statement,ALL,T2,cfnai,0,91,0.0441,0.6781,0.059,0.5786
statement,ALL,T2,cfnai,1,91,0.1135,0.284,0.1094,0.3018
statement,ALL,T2,cfnai,2,91,0.1034,0.3294,0.125,0.2377
statement,ALL,T2,cfnai,3,91,0.2185,0.0375,0.1291,0.2225
statement,ALL,T2,cfnai,4,90,0.2254,0.0327,0.0787,0.4612
statement,ALL,T2,cfnai,5,89,0.2873,0.0063,0.1404,0.1894
statement,ALL,T2,cfnai,6,89,0.3527,0.0007,0.1901,0.0743
statement,ALL,T2,cfnai,7,88,0.2056,0.0547,0.147,0.1717
statement,ALL,T2,cfnai,8,87,0.18,0.0953,0.1289,0.2341
statement,ALL,T2,cfnai,9,87,0.0422,0.6979,0.0921,0.3964
statement,ALL,T2,vix,-9,91,0.2165,0.0393,0.1851,0.0789
statement,ALL,T2,vix,-8,91,0.2551,0.0147,0.2052,0.051
statement,ALL,T2,vix,-7,91,0.1865,0.0768,0.1296,0.2208
statement,ALL,T2,vix,-6,91,0.0752,0.4789,0.0435,0.6824
statement,ALL,T2,vix,-5,91,0.1186,0.2627,0.0729,0.4922
statement,ALL,T2,vix,-4,91,0.0742,0.4847,0.0507,0.6328
statement,ALL,T2,vix,-3,91,0.0843,0.427,0.0758,0.4754
statement,ALL,T2,vix,-2,91,0.0528,0.6191,0.0035,0.9734
statement,ALL,T2,vix,-1,91,-0.014,0.8954,-0.0493,0.6425
statement,ALL,T2,vix,0,91,-0.1018,0.3369,-0.1576,0.1357
statement,ALL,T2,vix,1,91,-0.0156,0.8836,-0.0577,0.587
statement,ALL,T2,vix,2,91,-0.1309,0.2163,-0.1621,0.1248
statement,ALL,T2,vix,3,91,-0.189,0.0728,-0.1148,0.2787
statement,ALL,T2,vix,4,90,-0.2418,0.0217,-0.1758,0.0974
statement,ALL,T2,vix,5,89,-0.2973,0.0047,-0.1729,0.1052
statement,ALL,T2,vix,6,89,-0.3523,0.0007,-0.1859,0.0811
statement,ALL,T2,vix,7,88,-0.2642,0.0129,-0.1588,0.1394
statement,ALL,T2,vix,8,87,-0.2491,0.02,-0.1723,0.1105
statement,ALL,T2,vix,9,87,-0.2598,0.0151,-0.1469,0.1747
statement,could,T1,cfnai,-9,101,-0.0314,0.7554,-0.0934,0.3529
statement,could,T1,cfnai,-8,101,-0.0227,0.8215,-0.0914,0.3635
statement,could,T1,cfnai,-7,101,-0.0658,0.5134,-0.1185,0.2381
statement,could,T1,cfnai,-6,101,-0.012,0.9051,-0.056,0.5784
statement,could,T1,cfnai,-5,101,0.0026,0.9796,-0.0789,0.433
statement,could,T1,cfnai,-4,101,0.0633,0.5294,-0.0278,0.7829
statement,could,T1,cfnai,-3,101,0.1199,0.2322,-0.0458,0.6494
statement,could,T1,cfnai,-2,101,0.1441,0.1507,-0.0778,0.4393
statement,could,T1,cfnai,-1,101,0.1395,0.1642,-0.0706,0.483
statement,could,T1,cfnai,0,101,0.0916,0.3621,-0.0643,0.5227
statement,could,T1,cfnai,1,101,0.1237,0.2179,-0.0498,0.6212
statement,could,T1,cfnai,2,101,0.1376,0.1699,-0.0387,0.7008
statement,could,T1,cfnai,3,101,0.0753,0.454,-0.0543,0.5895
statement,could,T1,cfnai,4,100,-0.0414,0.6824,-0.168,0.0947
statement,could,T1,cfnai,5,99,-0.0531,0.6017,-0.1804,0.074
statement,could,T1,cfnai,6,99,-0.0115,0.9102,-0.1836,0.0689
statement,could,T1,cfnai,7,98,-0.003,0.9766,-0.1886,0.063
statement,could,T1,cfnai,8,97,0.0099,0.9235,-0.1784,0.0803
statement,could,T1,cfnai,9,97,-0.0105,0.9191,-0.1935,0.0576
statement,could,T1,vix,-9,101,0.4118,0.0,0.4654,0.0
statement,could,T1,vix,-8,101,0.4274,0.0,0.4867,0.0
statement,could,T1,vix,-7,101,0.4146,0.0,0.4118,0.0
statement,could,T1,vix,-6,101,0.365,0.0002,0.3905,0.0001
statement,could,T1,vix,-5,101,0.4366,0.0,0.4484,0.0
statement,could,T1,vix,-4,101,0.309,0.0017,0.4579,0.0
statement,could,T1,vix,-3,101,0.2554,0.01,0.4525,0.0
statement,could,T1,vix,-2,101,0.3812,0.0001,0.4507,0.0
statement,could,T1,vix,-1,101,0.2132,0.0323,0.33,0.0008
statement,could,T1,vix,0,101,0.0285,0.7773,0.2575,0.0093
statement,could,T1,vix,1,101,0.1342,0.1809,0.264,0.0076
statement,could,T1,vix,2,101,0.089,0.3759,0.216,0.03
statement,could,T1,vix,3,101,0.0648,0.5197,0.2005,0.0444
statement,could,T1,vix,4,100,0.1554,0.1226,0.2345,0.0188
statement,could,T1,vix,5,99,0.0883,0.385,0.1859,0.0654
statement,could,T1,vix,6,99,0.0096,0.9251,0.1681,0.0962
statement,could,T1,vix,7,98,0.0434,0.671,0.1405,0.1677
statement,could,T1,vix,8,97,0.0329,0.7494,0.1426,0.1635
statement,could,T1,vix,9,97,0.0099,0.9233,0.1161,0.2573
statement,could,T2,cfnai,-9,91,-0.0326,0.759,-0.1527,0.1483
statement,could,T2,cfnai,-8,91,0.0229,0.8296,-0.1321,0.2119
statement,could,T2,cfnai,-7,91,0.0151,0.887,-0.1584,0.1337
statement,could,T2,cfnai,-6,91,0.0674,0.5257,-0.1147,0.2789
statement,could,T2,cfnai,-5,91,0.0145,0.8912,-0.1594,0.1312
statement,could,T2,cfnai,-4,91,-0.004,0.9699,-0.1554,0.1413
statement,could,T2,cfnai,-3,91,-0.0456,0.6676,-0.1797,0.0882
statement,could,T2,cfnai,-2,91,-0.057,0.5914,-0.1859,0.0778
statement,could,T2,cfnai,-1,91,-0.0739,0.4862,-0.2073,0.0486
statement,could,T2,cfnai,0,91,-0.0894,0.3995,-0.1763,0.0947
statement,could,T2,cfnai,1,91,-0.0701,0.5088,-0.1253,0.2367
statement,could,T2,cfnai,2,91,-0.0356,0.7374,-0.1168,0.2703
statement,could,T2,cfnai,3,91,0.0032,0.976,-0.0968,0.3615
statement,could,T2,cfnai,4,90,0.084,0.4314,-0.1351,0.2043
statement,could,T2,cfnai,5,89,0.0782,0.4664,-0.1422,0.1838
statement,could,T2,cfnai,6,89,0.1173,0.2738,-0.1149,0.2838
statement,could,T2,cfnai,7,88,0.0638,0.555,-0.136,0.2065
statement,could,T2,cfnai,8,87,0.0591,0.5865,-0.131,0.2267
statement,could,T2,cfnai,9,87,0.0314,0.7726,-0.1286,0.235
statement,could,T2,vix,-9,91,0.4483,0.0,0.4407,0.0
statement,could,T2,vix,-8,91,0.4978,0.0,0.4709,0.0
statement,could,T2,vix,-7,91,0.4364,0.0,0.4147,0.0
statement,could,T2,vix,-6,91,0.4056,0.0001,0.366,0.0004
statement,could,T2,vix,-5,91,0.4623,0.0,0.4506,0.0
statement,could,T2,vix,-4,91,0.4816,0.0,0.4641,0.0
statement,could,T2,vix,-3,91,0.47,0.0,0.4819,0.0
statement,could,T2,vix,-2,91,0.5106,0.0,0.4928,0.0
statement,could,T2,vix,-1,91,0.4428,0.0,0.4163,0.0
statement,could,T2,vix,0,91,0.4122,0.0,0.3829,0.0002
statement,could,T2,vix,1,91,0.4144,0.0,0.404,0.0001
statement,could,T2,vix,2,91,0.3947,0.0001,0.3575,0.0005
statement,could,T2,vix,3,91,0.2204,0.0358,0.3415,0.0009
statement,could,T2,vix,4,90,0.3004,0.004,0.3716,0.0003
statement,could,T2,vix,5,89,0.1717,0.1077,0.3052,0.0036
statement,could,T2,vix,6,89,0.1005,0.3487,0.3018,0.004
statement,could,T2,vix,7,88,0.1679,0.1179,0.2656,0.0124
statement,could,T2,vix,8,87,0.1071,0.3233,0.2628,0.0139
statement,could,T2,vix,9,87,0.0568,0.6012,0.2048,0.0571
statement,will,T1,cfnai,-9,101,-0.0497,0.6216,-0.2587,0.009
statement,will,T1,cfnai,-8,101,-0.0885,0.3786,-0.2486,0.0122
statement,will,T1,cfnai,-7,101,-0.1196,0.2335,-0.2253,0.0235
statement,will,T1,cfnai,-6,101,-0.123,0.2205,-0.1589,0.1124
statement,will,T1,cfnai,-5,101,-0.0549,0.5855,-0.0837,0.4054
statement,will,T1,cfnai,-4,101,-0.0425,0.673,-0.0432,0.668
statement,will,T1,cfnai,-3,101,-0.1937,0.0523,0.0317,0.7528
statement,will,T1,cfnai,-2,101,-0.2218,0.0258,0.016,0.8735
statement,will,T1,cfnai,-1,101,-0.1727,0.0842,0.1311,0.1913
statement,will,T1,cfnai,0,101,0.0065,0.9483,0.2168,0.0295
statement,will,T1,cfnai,1,101,0.231,0.0201,0.3412,0.0005
statement,will,T1,cfnai,2,101,0.2696,0.0064,0.3395,0.0005
statement,will,T1,cfnai,3,101,0.3616,0.0002,0.3788,0.0001
statement,will,T1,cfnai,4,100,0.1093,0.2789,0.2814,0.0046
statement,will,T1,cfnai,5,99,0.1218,0.2298,0.3345,0.0007
statement,will,T1,cfnai,6,99,0.1529,0.1309,0.341,0.0006
statement,will,T1,cfnai,7,98,0.1019,0.3182,0.2878,0.0041
statement,will,T1,cfnai,8,97,0.1218,0.2348,0.2859,0.0045
statement,will,T1,cfnai,9,97,0.0171,0.8676,0.2705,0.0074
statement,will,T1,vix,-9,101,-0.0567,0.5734,-0.1053,0.2947
statement,will,T1,vix,-8,101,-0.0119,0.9061,-0.0467,0.643
statement,will,T1,vix,-7,101,-0.0772,0.4428,-0.1234,0.2189
statement,will,T1,vix,-6,101,-0.0884,0.3792,-0.1386,0.1669
statement,will,T1,vix,-5,101,-0.1051,0.2957,-0.1581,0.1144
statement,will,T1,vix,-4,101,0.0622,0.5369,-0.1191,0.2355
statement,will,T1,vix,-3,101,0.1099,0.2739,-0.0889,0.3768
statement,will,T1,vix,-2,101,0.0049,0.9613,-0.1418,0.1571
statement,will,T1,vix,-1,101,0.0627,0.5332,-0.1377,0.1696
statement,will,T1,vix,0,101,-0.1926,0.0536,-0.2895,0.0033
statement,will,T1,vix,1,101,-0.1508,0.1322,-0.1925,0.0537
statement,will,T1,vix,2,101,-0.2063,0.0385,-0.2687,0.0066
statement,will,T1,vix,3,101,-0.2104,0.0347,-0.2446,0.0137
statement,will,T1,vix,4,100,-0.3029,0.0022,-0.3643,0.0002
statement,will,T1,vix,5,99,-0.2918,0.0034,-0.346,0.0005
statement,will,T1,vix,6,99,-0.2895,0.0037,-0.3429,0.0005
statement,will,T1,vix,7,98,-0.2606,0.0095,-0.2921,0.0035
statement,will,T1,vix,8,97,-0.251,0.0132,-0.3202,0.0014
statement,will,T1,vix,9,97,-0.2223,0.0287,-0.2802,0.0054
statement,will,T2,cfnai,-9,91,-0.0377,0.7229,-0.2627,0.0119
statement,will,T2,cfnai,-8,91,-0.0485,0.6479,-0.217,0.0388
statement,will,T2,cfnai,-7,91,-0.0564,0.5956,-0.1499,0.1562
statement,will,T2,cfnai,-6,91,-0.0606,0.5681,-0.1179,0.2657
statement,will,T2,cfnai,-5,91,-0.0437,0.681,-0.0858,0.4188
statement,will,T2,cfnai,-4,91,-0.0883,0.4051,-0.0715,0.5006
statement,will,T2,cfnai,-3,91,0.0263,0.8047,0.0127,0.9048
statement,will,T2,cfnai,-2,91,0.0128,0.9039,0.0072,0.9459
statement,will,T2,cfnai,-1,91,0.162,0.1249,0.1488,0.1592
statement,will,T2,cfnai,0,91,0.1575,0.136,0.1808,0.0863
statement,will,T2,cfnai,1,91,0.2683,0.0101,0.2574,0.0138
statement,will,T2,cfnai,2,91,0.2236,0.0332,0.2622,0.0121
statement,will,T2,cfnai,3,91,0.2858,0.006,0.2512,0.0163
statement,will,T2,cfnai,4,90,0.1649,0.1204,0.2466,0.0191
statement,will,T2,cfnai,5,89,0.232,0.0287,0.3265,0.0018
statement,will,T2,cfnai,6,89,0.2602,0.0138,0.3793,0.0002
statement,will,T2,cfnai,7,88,0.1615,0.1328,0.347,0.0009
statement,will,T2,cfnai,8,87,0.144,0.1832,0.3382,0.0014
statement,will,T2,cfnai,9,87,0.0157,0.8851,0.3126,0.0032
statement,will,T2,vix,-9,91,-0.1033,0.33,-0.1086,0.3054
statement,will,T2,vix,-8,91,-0.1143,0.2805,-0.0898,0.3971
statement,will,T2,vix,-7,91,-0.1054,0.3201,-0.1152,0.2769
statement,will,T2,vix,-6,91,-0.2099,0.0459,-0.1846,0.0799
statement,will,T2,vix,-5,91,-0.1957,0.063,-0.2063,0.0498
statement,will,T2,vix,-4,91,-0.2412,0.0212,-0.2583,0.0134
statement,will,T2,vix,-3,91,-0.2233,0.0334,-0.2328,0.0264
statement,will,T2,vix,-2,91,-0.2985,0.0041,-0.3398,0.001
statement,will,T2,vix,-1,91,-0.289,0.0055,-0.2988,0.004
statement,will,T2,vix,0,91,-0.4188,0.0,-0.4429,0.0
statement,will,T2,vix,1,91,-0.2449,0.0193,-0.2971,0.0042
statement,will,T2,vix,2,91,-0.3573,0.0005,-0.3841,0.0002
statement,will,T2,vix,3,91,-0.2947,0.0046,-0.3392,0.001
statement,will,T2,vix,4,90,-0.424,0.0,-0.4783,0.0
statement,will,T2,vix,5,89,-0.3824,0.0002,-0.4464,0.0
statement,will,T2,vix,6,89,-0.3695,0.0004,-0.4362,0.0
statement,will,T2,vix,7,88,-0.32,0.0024,-0.3611,0.0005
statement,will,T2,vix,8,87,-0.2862,0.0072,-0.3781,0.0003
statement,will,T2,vix,9,87,-0.241,0.0245,-0.3201,0.0025
statement,will+continue,T1,cfnai,-9,101,-0.0491,0.6255,-0.2098,0.0352
statement,will+continue,T1,cfnai,-8,101,-0.0862,0.3911,-0.1848,0.0643
statement,will+continue,T1,cfnai,-7,101,-0.115,0.2521,-0.2294,0.021
statement,will+continue,T1,cfnai,-6,101,-0.0581,0.5636,-0.1714,0.0865
statement,will+continue,T1,cfnai,-5,101,0.0122,0.9037,-0.157,0.1169
statement,will+continue,T1,cfnai,-4,101,0.035,0.7283,-0.1097,0.2748
statement,will+continue,T1,cfnai,-3,101,-0.0465,0.6442,-0.117,0.2439
statement,will+continue,T1,cfnai,-2,101,-0.0656,0.5143,-0.1553,0.1209
statement,will+continue,T1,cfnai,-1,101,-0.1017,0.3116,-0.1998,0.0451
statement,will+continue,T1,cfnai,0,101,-0.1146,0.2536,-0.1632,0.103
statement,will+continue,T1,cfnai,1,101,-0.0136,0.8928,-0.1267,0.2066
statement,will+continue,T1,cfnai,2,101,0.002,0.9844,-0.1446,0.149
statement,will+continue,T1,cfnai,3,101,0.0692,0.4915,-0.071,0.4803
statement,will+continue,T1,cfnai,4,100,0.0117,0.9078,-0.0992,0.326
statement,will+continue,T1,cfnai,5,99,-0.0048,0.9621,-0.1066,0.2935
statement,will+continue,T1,cfnai,6,99,0.0125,0.9023,-0.0732,0.4717
statement,will+continue,T1,cfnai,7,98,0.0188,0.854,-0.0458,0.6546
statement,will+continue,T1,cfnai,8,97,0.0299,0.7715,-0.0256,0.8032
statement,will+continue,T1,cfnai,9,97,0.0376,0.7148,0.0068,0.947
statement,will+continue,T1,vix,-9,101,0.4262,0.0,0.4748,0.0
statement,will+continue,T1,vix,-8,101,0.4149,0.0,0.5022,0.0
statement,will+continue,T1,vix,-7,101,0.4097,0.0,0.4507,0.0
statement,will+continue,T1,vix,-6,101,0.2992,0.0024,0.3663,0.0002
statement,will+continue,T1,vix,-5,101,0.3642,0.0002,0.4099,0.0
statement,will+continue,T1,vix,-4,101,0.3815,0.0001,0.4942,0.0
statement,will+continue,T1,vix,-3,101,0.3585,0.0002,0.4658,0.0
statement,will+continue,T1,vix,-2,101,0.4495,0.0,0.5137,0.0
statement,will+continue,T1,vix,-1,101,0.3851,0.0001,0.4243,0.0
statement,will+continue,T1,vix,0,101,0.1957,0.0499,0.3478,0.0004
statement,will+continue,T1,vix,1,101,0.2759,0.0052,0.3998,0.0
statement,will+continue,T1,vix,2,101,0.2249,0.0238,0.3394,0.0005
statement,will+continue,T1,vix,3,101,0.228,0.0218,0.3404,0.0005
statement,will+continue,T1,vix,4,100,0.2559,0.0102,0.3361,0.0006
statement,will+continue,T1,vix,5,99,0.2136,0.0338,0.3328,0.0008
statement,will+continue,T1,vix,6,99,0.1811,0.0729,0.3291,0.0009
statement,will+continue,T1,vix,7,98,0.1911,0.0595,0.2826,0.0048
statement,will+continue,T1,vix,8,97,0.1892,0.0635,0.3042,0.0025
statement,will+continue,T1,vix,9,97,0.1046,0.3079,0.2381,0.0189
statement,will+continue,T2,cfnai,-9,91,-0.026,0.8069,-0.1654,0.1172
statement,will+continue,T2,cfnai,-8,91,0.011,0.9172,-0.1356,0.2001
statement,will+continue,T2,cfnai,-7,91,-0.0044,0.9667,-0.1665,0.1148
statement,will+continue,T2,cfnai,-6,91,0.0495,0.6413,-0.105,0.322
statement,will+continue,T2,cfnai,-5,91,-0.0151,0.8867,-0.1582,0.1341
statement,will+continue,T2,cfnai,-4,91,-0.0216,0.8391,-0.1168,0.2702
statement,will+continue,T2,cfnai,-3,91,-0.0754,0.4778,-0.1369,0.1955
statement,will+continue,T2,cfnai,-2,91,-0.0712,0.5026,-0.1732,0.1006
statement,will+continue,T2,cfnai,-1,91,-0.1071,0.3121,-0.2194,0.0366
statement,will+continue,T2,cfnai,0,91,-0.1309,0.2162,-0.2068,0.0492
statement,will+continue,T2,cfnai,1,91,-0.1259,0.2343,-0.1908,0.0701
statement,will+continue,T2,cfnai,2,91,-0.1156,0.2751,-0.1798,0.0881
statement,will+continue,T2,cfnai,3,91,-0.1427,0.1773,-0.1725,0.1021
statement,will+continue,T2,cfnai,4,90,-0.0475,0.6564,-0.1935,0.0677
statement,will+continue,T2,cfnai,5,89,-0.0605,0.5736,-0.199,0.0615
statement,will+continue,T2,cfnai,6,89,-0.032,0.766,-0.1722,0.1067
statement,will+continue,T2,cfnai,7,88,-0.0046,0.9663,-0.1278,0.2355
statement,will+continue,T2,cfnai,8,87,-0.0033,0.9756,-0.1057,0.3298
statement,will+continue,T2,cfnai,9,87,0.0158,0.8846,-0.0675,0.5344
statement,will+continue,T2,vix,-9,91,0.4778,0.0,0.5151,0.0
statement,will+continue,T2,vix,-8,91,0.4985,0.0,0.5208,0.0
statement,will+continue,T2,vix,-7,91,0.4557,0.0,0.4804,0.0
statement,will+continue,T2,vix,-6,91,0.3665,0.0004,0.3827,0.0002
statement,will+continue,T2,vix,-5,91,0.4111,0.0001,0.4323,0.0
statement,will+continue,T2,vix,-4,91,0.4816,0.0,0.5149,0.0
statement,will+continue,T2,vix,-3,91,0.4293,0.0,0.4769,0.0
statement,will+continue,T2,vix,-2,91,0.4648,0.0,0.5076,0.0
statement,will+continue,T2,vix,-1,91,0.3515,0.0006,0.401,0.0001
statement,will+continue,T2,vix,0,91,0.2939,0.0047,0.3414,0.0009
statement,will+continue,T2,vix,1,91,0.3352,0.0012,0.3992,0.0001
statement,will+continue,T2,vix,2,91,0.2644,0.0113,0.3238,0.0017
statement,will+continue,T2,vix,3,91,0.2211,0.0352,0.3338,0.0012
statement,will+continue,T2,vix,4,90,0.2541,0.0156,0.3444,0.0009
statement,will+continue,T2,vix,5,89,0.19,0.0745,0.3344,0.0014
statement,will+continue,T2,vix,6,89,0.1623,0.1286,0.3468,0.0009
statement,will+continue,T2,vix,7,88,0.1879,0.0796,0.2921,0.0057
statement,will+continue,T2,vix,8,87,0.1861,0.0844,0.3218,0.0024
statement,will+continue,T2,vix,9,87,0.0933,0.3901,0.2388,0.0259
statement,will+take,T1,cfnai,-9,101,0.0581,0.5641,0.2195,0.0274
statement,will+take,T1,cfnai,-8,101,0.0327,0.7458,0.0442,0.6609
statement,will+take,T1,cfnai,-7,101,0.0434,0.6668,0.0157,0.8765
statement,will+take,T1,cfnai,-6,101,-0.0094,0.9257,0.0196,0.846
statement,will+take,T1,cfnai,-5,101,0.0003,0.9977,-0.0375,0.7098
statement,will+take,T1,cfnai,-4,101,-0.0246,0.8069,-0.0514,0.6097
statement,will+take,T1,cfnai,-3,101,-0.0094,0.9258,-0.1414,0.1583
statement,will+take,T1,cfnai,-2,101,-0.0443,0.6604,-0.2303,0.0205
statement,will+take,T1,cfnai,-1,101,-0.0795,0.4292,-0.3023,0.0021
statement,will+take,T1,cfnai,0,101,0.0194,0.8476,-0.2526,0.0108
statement,will+take,T1,cfnai,1,101,0.2259,0.0231,-0.31,0.0016
statement,will+take,T1,cfnai,2,101,0.2284,0.0216,-0.365,0.0002
statement,will+take,T1,cfnai,3,101,-0.0008,0.9934,-0.4058,0.0
statement,will+take,T1,cfnai,4,100,-0.3362,0.0006,-0.6217,0.0
statement,will+take,T1,cfnai,5,99,-0.3665,0.0002,-0.6288,0.0
statement,will+take,T1,cfnai,6,99,-0.1805,0.0739,-0.603,0.0
statement,will+take,T1,cfnai,7,98,-0.0879,0.3895,-0.5646,0.0
statement,will+take,T1,cfnai,8,97,-0.1287,0.2091,-0.5883,0.0
statement,will+take,T1,cfnai,9,97,-0.0936,0.3618,-0.5334,0.0
statement,will+take,T1,vix,-9,101,0.2208,0.0265,0.141,0.1595
statement,will+take,T1,vix,-8,101,0.2226,0.0252,0.1717,0.086
statement,will+take,T1,vix,-7,101,0.1858,0.0628,0.0631,0.5306
statement,will+take,T1,vix,-6,101,0.1339,0.1818,0.0978,0.3304
statement,will+take,T1,vix,-5,101,0.19,0.057,0.1541,0.1239
statement,will+take,T1,vix,-4,101,0.1605,0.1089,0.195,0.0507
statement,will+take,T1,vix,-3,101,0.0885,0.3788,0.1666,0.0959
statement,will+take,T1,vix,-2,101,0.1667,0.0958,0.1916,0.055
statement,will+take,T1,vix,-1,101,0.0382,0.7048,0.0837,0.405
statement,will+take,T1,vix,0,101,-0.2657,0.0073,0.0125,0.9014
statement,will+take,T1,vix,1,101,-0.2286,0.0215,0.0098,0.9224
statement,will+take,T1,vix,2,101,-0.1107,0.2704,0.0409,0.6847
statement,will+take,T1,vix,3,101,-0.0722,0.4732,0.0758,0.4509
statement,will+take,T1,vix,4,100,-0.0715,0.4796,0.1267,0.2089
statement,will+take,T1,vix,5,99,-0.0582,0.5672,0.0845,0.4058
statement,will+take,T1,vix,6,99,-0.1582,0.1178,0.0171,0.8665
statement,will+take,T1,vix,7,98,-0.2008,0.0474,0.0095,0.9259
statement,will+take,T1,vix,8,97,-0.136,0.1842,0.0189,0.8543
statement,will+take,T1,vix,9,97,-0.117,0.2538,-0.0032,0.9755
statement,will+take,T2,cfnai,-9,91,0.0415,0.6961,0.1731,0.1009
statement,will+take,T2,cfnai,-8,91,-0.0367,0.7299,-0.0068,0.9487
statement,will+take,T2,cfnai,-7,91,-0.0885,0.4043,-0.0356,0.7375
statement,will+take,T2,cfnai,-6,91,-0.1824,0.0835,-0.1103,0.298
statement,will+take,T2,cfnai,-5,91,-0.1966,0.0618,-0.1764,0.0944
statement,will+take,T2,cfnai,-4,91,-0.2228,0.0338,-0.1682,0.1109
statement,will+take,T2,cfnai,-3,91,-0.2731,0.0088,-0.2612,0.0124
statement,will+take,T2,cfnai,-2,91,-0.2738,0.0086,-0.2461,0.0187
statement,will+take,T2,cfnai,-1,91,-0.3417,0.0009,-0.3642,0.0004
statement,will+take,T2,cfnai,0,91,-0.3385,0.001,-0.3507,0.0007
statement,will+take,T2,cfnai,1,91,-0.3926,0.0001,-0.4083,0.0001
statement,will+take,T2,cfnai,2,91,-0.4051,0.0001,-0.4793,0.0
statement,will+take,T2,cfnai,3,91,-0.3695,0.0003,-0.5116,0.0
statement,will+take,T2,cfnai,4,90,-0.1483,0.1631,-0.5627,0.0
statement,will+take,T2,cfnai,5,89,-0.1674,0.1168,-0.5869,0.0
statement,will+take,T2,cfnai,6,89,-0.0982,0.3597,-0.5791,0.0
statement,will+take,T2,cfnai,7,88,-0.0351,0.7454,-0.5429,0.0
statement,will+take,T2,cfnai,8,87,-0.0634,0.5594,-0.566,0.0
statement,will+take,T2,cfnai,9,87,-0.0398,0.7146,-0.5068,0.0
statement,will+take,T2,vix,-9,91,0.311,0.0027,0.1627,0.1233
statement,will+take,T2,vix,-8,91,0.3553,0.0005,0.1542,0.1444
statement,will+take,T2,vix,-7,91,0.3143,0.0024,0.1454,0.1689
statement,will+take,T2,vix,-6,91,0.2829,0.0066,0.1684,0.1105
statement,will+take,T2,vix,-5,91,0.2942,0.0047,0.2109,0.0448
statement,will+take,T2,vix,-4,91,0.2829,0.0066,0.2147,0.041
statement,will+take,T2,vix,-3,91,0.206,0.0501,0.2109,0.0448
statement,will+take,T2,vix,-2,91,0.2747,0.0084,0.269,0.0099
statement,will+take,T2,vix,-1,91,0.1996,0.0578,0.2214,0.0349
statement,will+take,T2,vix,0,91,0.132,0.2124,0.2013,0.0557
statement,will+take,T2,vix,1,91,0.0789,0.4575,0.1839,0.081
statement,will+take,T2,vix,2,91,0.0661,0.5336,0.2055,0.0507
statement,will+take,T2,vix,3,91,0.0789,0.4574,0.2279,0.0298
statement,will+take,T2,vix,4,90,0.0666,0.5331,0.281,0.0073
statement,will+take,T2,vix,5,89,0.0038,0.9721,0.2091,0.0492
statement,will+take,T2,vix,6,89,-0.0654,0.5428,0.1433,0.1802
statement,will+take,T2,vix,7,88,-0.0755,0.4846,0.1215,0.2593
statement,will+take,T2,vix,8,87,-0.0703,0.5174,0.1256,0.2463
statement,will+take,T2,vix,9,87,-0.097,0.3714,0.0596,0.5834
statement,would,T1,cfnai,-9,101,-0.0029,0.9771,-0.0282,0.7796
statement,would,T1,cfnai,-8,101,-0.0053,0.9577,-0.0404,0.6886
statement,would,T1,cfnai,-7,101,-0.0544,0.589,-0.1023,0.3089
statement,would,T1,cfnai,-6,101,0.0078,0.9379,-0.0143,0.8869
statement,would,T1,cfnai,-5,101,0.0051,0.9597,-0.0633,0.5297
statement,would,T1,cfnai,-4,101,0.0836,0.4059,0.0108,0.9144
statement,would,T1,cfnai,-3,101,0.1203,0.2309,-0.0258,0.798
statement,would,T1,cfnai,-2,101,0.1552,0.1211,-0.0337,0.7378
statement,would,T1,cfnai,-1,101,0.1436,0.1521,-0.0437,0.6646
statement,would,T1,cfnai,0,101,0.0966,0.3365,-0.0358,0.7221
statement,would,T1,cfnai,1,101,0.1211,0.2276,-0.0342,0.7344
statement,would,T1,cfnai,2,101,0.1371,0.1715,-0.031,0.758
statement,would,T1,cfnai,3,101,0.0792,0.4311,-0.0437,0.6643
statement,would,T1,cfnai,4,100,-0.0314,0.7564,-0.1383,0.17
statement,would,T1,cfnai,5,99,-0.0363,0.7211,-0.1523,0.1324
statement,would,T1,cfnai,6,99,-0.0009,0.9931,-0.1537,0.1288
statement,would,T1,cfnai,7,98,0.0033,0.9746,-0.1618,0.1115
statement,would,T1,cfnai,8,97,0.0175,0.8652,-0.1481,0.1478
statement,would,T1,cfnai,9,97,-0.0051,0.9602,-0.1743,0.0877
statement,would,T1,vix,-9,101,0.4319,0.0,0.4935,0.0
statement,would,T1,vix,-8,101,0.4471,0.0,0.5174,0.0
statement,would,T1,vix,-7,101,0.4337,0.0,0.4421,0.0
statement,would,T1,vix,-6,101,0.3769,0.0001,0.4084,0.0
statement,would,T1,vix,-5,101,0.4353,0.0,0.4555,0.0
statement,would,T1,vix,-4,101,0.3132,0.0014,0.4679,0.0
statement,would,T1,vix,-3,101,0.2438,0.014,0.4397,0.0
statement,would,T1,vix,-2,101,0.3772,0.0001,0.4554,0.0
statement,would,T1,vix,-1,101,0.2039,0.0408,0.3278,0.0008
statement,would,T1,vix,0,101,0.0341,0.7347,0.2726,0.0058
statement,would,T1,vix,1,101,0.1331,0.1845,0.2742,0.0055
statement,would,T1,vix,2,101,0.1028,0.3065,0.2489,0.0121
statement,would,T1,vix,3,101,0.0775,0.4411,0.2338,0.0186
statement,would,T1,vix,4,100,0.1665,0.0979,0.2587,0.0094
statement,would,T1,vix,5,99,0.1199,0.237,0.2408,0.0163
statement,would,T1,vix,6,99,0.0384,0.7056,0.1961,0.0518
statement,would,T1,vix,7,98,0.0741,0.4682,0.1675,0.0993
statement,would,T1,vix,8,97,0.1066,0.2988,0.2194,0.0309
statement,would,T1,vix,9,97,0.052,0.6128,0.1582,0.1217
statement,would,T2,cfnai,-9,91,-0.0029,0.9784,-0.0721,0.497
statement,would,T2,cfnai,-8,91,0.0431,0.6847,-0.0718,0.4986
statement,would,T2,cfnai,-7,91,0.0298,0.7789,-0.137,0.1953
statement,would,T2,cfnai,-6,91,0.0937,0.3772,-0.0614,0.5629
statement,would,T2,cfnai,-5,91,0.0189,0.8587,-0.1362,0.1979
statement,would,T2,cfnai,-4,91,0.0768,0.4693,-0.0964,0.3634
statement,would,T2,cfnai,-3,91,-0.0198,0.8519,-0.1447,0.1712
statement,would,T2,cfnai,-2,91,0.0371,0.7271,-0.1251,0.2372
statement,would,T2,cfnai,-1,91,-0.032,0.763,-0.1636,0.1212
statement,would,T2,cfnai,0,91,-0.0397,0.7089,-0.1319,0.2126
statement,would,T2,cfnai,1,91,-0.0458,0.6666,-0.0967,0.3619
statement,would,T2,cfnai,2,91,-0.0022,0.9837,-0.0988,0.3514
statement,would,T2,cfnai,3,91,0.0346,0.7451,-0.0777,0.4639
statement,would,T2,cfnai,4,90,0.095,0.373,-0.0991,0.3526
statement,would,T2,cfnai,5,89,0.0969,0.3664,-0.1069,0.3189
statement,would,T2,cfnai,6,89,0.1251,0.2429,-0.0798,0.4572
statement,would,T2,cfnai,7,88,0.0677,0.5308,-0.1038,0.336
statement,would,T2,cfnai,8,87,0.0654,0.547,-0.0943,0.3852
statement,would,T2,cfnai,9,87,0.0352,0.7461,-0.1103,0.3092
statement,would,T2,vix,-9,91,0.477,0.0,0.475,0.0
statement,would,T2,vix,-8,91,0.5318,0.0,0.5096,0.0
statement,would,T2,vix,-7,91,0.4626,0.0,0.4485,0.0
statement,would,T2,vix,-6,91,0.4278,0.0,0.3895,0.0001
statement,would,T2,vix,-5,91,0.4638,0.0,0.458,0.0
statement,would,T2,vix,-4,91,0.4864,0.0,0.4784,0.0
statement,would,T2,vix,-3,91,0.4483,0.0,0.4677,0.0
statement,would,T2,vix,-2,91,0.5041,0.0,0.4985,0.0
statement,would,T2,vix,-1,91,0.4232,0.0,0.4109,0.0001
statement,would,T2,vix,0,91,0.4089,0.0001,0.3969,0.0001
statement,would,T2,vix,1,91,0.4035,0.0001,0.4105,0.0001
statement,would,T2,vix,2,91,0.4069,0.0001,0.3916,0.0001
statement,would,T2,vix,3,91,0.2296,0.0286,0.3755,0.0002
statement,would,T2,vix,4,90,0.3077,0.0032,0.3934,0.0001
statement,would,T2,vix,5,89,0.2027,0.0568,0.3613,0.0005
statement,would,T2,vix,6,89,0.1283,0.2308,0.3254,0.0019
statement,would,T2,vix,7,88,0.1971,0.0656,0.2895,0.0062
statement,would,T2,vix,8,87,0.1831,0.0897,0.3369,0.0014
statement,would,T2,vix,9,87,0.0992,0.3607,0.2444,0.0225
