level,key,unit,period,macro,n_tokens,zero_share,n,r,p_r,rho,p_rho,q_rho,eligible,unit_level
genre,minutes,ALL,T1,cfnai,5589,0.0,99,-0.0389,0.702,0.0789,0.4378,0.8757,True,modal
genre,minutes,ALL,T1,vix,5589,0.0,99,0.1012,0.3189,0.0665,0.5132,0.5425,True,modal
genre,minutes,ALL,T2,cfnai,5004,0.0,91,0.1239,0.242,0.1532,0.1472,0.4417,True,modal
genre,minutes,ALL,T2,vix,5004,0.0,91,-0.0321,0.7623,-0.0079,0.9406,0.9406,True,modal
genre,minutes,ALL,T3,cfnai,6954,0.0,131,-0.028,0.7509,0.0851,0.334,0.8435,True,modal
genre,minutes,ALL,T3,vix,6954,0.0,131,-0.0193,0.827,-0.0649,0.4615,0.5034,True,modal
genre,minutes,ALL,H1,cfnai,2846,0.0,48,0.183,0.213,0.2179,0.1368,0.5642,True,modal
genre,minutes,ALL,H1,vix,2846,0.0,48,0.1711,0.2449,0.2154,0.1415,0.3397,True,modal
genre,minutes,ALL,H2,cfnai,2158,0.0,43,0.1073,0.4933,0.0463,0.7681,0.7681,True,modal
genre,minutes,ALL,H2,vix,2158,0.0,43,-0.0384,0.807,-0.0222,0.8876,0.9398,True,modal
genre,minutes,can,T1,cfnai,39,0.727,99,-0.2026,0.0443,0.0124,0.9029,0.9054,False,modal
genre,minutes,can,T1,vix,39,0.727,99,0.0659,0.5169,0.1331,0.189,0.2268,False,modal
genre,minutes,can,T2,cfnai,34,0.736,91,0.025,0.8143,0.11,0.2994,0.5358,False,modal
genre,minutes,can,T2,vix,34,0.736,91,0.0477,0.6537,0.1523,0.1495,0.2242,False,modal
genre,minutes,can,T3,cfnai,46,0.748,131,-0.183,0.0364,0.0548,0.5338,0.8435,False,modal
genre,minutes,can,T3,vix,46,0.748,131,0.0473,0.5914,0.0958,0.2766,0.3533,False,modal
genre,minutes,can,H1,cfnai,22,0.729,48,-0.0972,0.5109,0.03,0.8393,0.9225,False,modal
genre,minutes,can,H1,vix,22,0.729,48,0.0387,0.7937,0.1748,0.2348,0.4696,False,modal
genre,minutes,can,H2,cfnai,12,0.744,43,0.1583,0.3108,0.1972,0.2049,0.3277,False,modal
genre,minutes,can,H2,vix,12,0.744,43,0.211,0.1743,0.2864,0.0626,0.1377,False,modal
genre,minutes,could,T1,cfnai,1511,0.0,99,0.0243,0.8115,-0.0805,0.4281,0.8757,True,modal
genre,minutes,could,T1,vix,1511,0.0,99,0.1459,0.1497,0.2192,0.0293,0.0703,True,modal
genre,minutes,could,T2,cfnai,1340,0.0,91,-0.0819,0.44,-0.0976,0.3572,0.5358,True,modal
genre,minutes,could,T2,vix,1340,0.0,91,0.1571,0.1369,0.2254,0.0317,0.0761,True,modal
genre,minutes,could,T3,cfnai,1840,0.0,131,0.0187,0.8322,-0.049,0.5786,0.8435,True,modal
genre,minutes,could,T3,vix,1840,0.0,131,0.1041,0.2366,0.0923,0.2944,0.3533,True,modal
genre,minutes,could,H1,cfnai,722,0.0,48,-0.0823,0.578,-0.0614,0.6783,0.9045,True,modal
genre,minutes,could,H1,vix,722,0.0,48,0.2838,0.0506,0.3406,0.0178,0.0713,True,modal
genre,minutes,could,H2,cfnai,618,0.0,43,-0.1021,0.5148,-0.0871,0.5786,0.6589,True,modal
genre,minutes,could,H2,vix,618,0.0,43,-0.0618,0.694,-0.043,0.7841,0.9398,True,modal
genre,minutes,may,T1,cfnai,314,0.101,99,-0.0404,0.6913,-0.0921,0.3646,0.8757,True,modal
genre,minutes,may,T1,vix,314,0.101,99,-0.1852,0.0664,-0.232,0.0208,0.0625,True,modal
genre,minutes,may,T2,cfnai,295,0.088,91,-0.0558,0.5994,-0.0308,0.7722,0.7928,True,modal
genre,minutes,may,T2,vix,295,0.088,91,-0.2062,0.0498,-0.176,0.0951,0.1902,True,modal
genre,minutes,may,T3,cfnai,368,0.153,131,-0.0299,0.7347,-0.0305,0.7294,0.8753,True,modal
genre,minutes,may,T3,vix,368,0.153,131,-0.2608,0.0026,-0.3287,0.0001,0.0008,True,modal
genre,minutes,may,H1,cfnai,164,0.062,48,0.1835,0.2119,0.1921,0.191,0.5642,True,modal
genre,minutes,may,H1,vix,164,0.062,48,0.193,0.1888,0.1579,0.2839,0.4867,True,modal
genre,minutes,may,H2,cfnai,131,0.116,43,-0.1629,0.2966,-0.168,0.2816,0.3871,True,modal
genre,minutes,may,H2,vix,131,0.116,43,-0.4909,0.0008,-0.5584,0.0001,0.0011,True,modal
genre,minutes,should,T1,cfnai,324,0.091,99,0.0267,0.7934,0.0122,0.9044,0.9054,True,modal
genre,minutes,should,T1,vix,324,0.091,99,-0.1833,0.0693,-0.1401,0.1665,0.222,True,modal
genre,minutes,should,T2,cfnai,300,0.088,91,0.0888,0.4024,0.0638,0.5478,0.6574,True,modal
genre,minutes,should,T2,vix,300,0.088,91,-0.1712,0.1047,-0.0928,0.3817,0.5089,True,modal
genre,minutes,should,T3,cfnai,399,0.137,131,0.0257,0.771,0.0422,0.6326,0.8435,True,modal
genre,minutes,should,T3,vix,399,0.137,131,-0.1967,0.0243,-0.1683,0.0547,0.0938,True,modal
genre,minutes,should,H1,cfnai,184,0.062,48,0.0897,0.5443,-0.0057,0.9693,0.9693,True,modal
genre,minutes,should,H1,vix,184,0.062,48,-0.0148,0.9203,0.0873,0.5552,0.7194,True,modal
genre,minutes,should,H2,cfnai,116,0.116,43,0.1151,0.4625,0.0825,0.599,0.6589,True,modal
genre,minutes,should,H2,vix,116,0.116,43,-0.1871,0.2295,-0.1783,0.2526,0.3969,True,modal
genre,minutes,will,T1,cfnai,167,0.374,99,0.0357,0.7259,-0.0908,0.3715,0.8757,True,modal
genre,minutes,will,T1,vix,167,0.374,99,-0.1815,0.0721,-0.172,0.0887,0.1521,True,modal
genre,minutes,will,T2,cfnai,156,0.363,91,-0.0595,0.5756,-0.1303,0.2182,0.5236,True,modal
genre,minutes,will,T2,vix,156,0.363,91,-0.1615,0.1261,-0.1566,0.1383,0.2242,True,modal
genre,minutes,will,T3,cfnai,217,0.374,131,0.0287,0.7452,-0.0739,0.4014,0.8435,True,modal
genre,minutes,will,T3,vix,217,0.374,131,-0.1829,0.0365,-0.1836,0.0358,0.0716,True,modal
genre,minutes,will,H1,cfnai,108,0.271,48,0.0536,0.7175,0.0289,0.8456,0.9225,True,modal
genre,minutes,will,H1,vix,108,0.271,48,-0.0361,0.8074,0.0777,0.5995,0.7194,True,modal
genre,minutes,will,H2,cfnai,48,0.465,43,-0.218,0.1602,-0.2271,0.143,0.3277,True,modal
genre,minutes,will,H2,vix,48,0.465,43,-0.1808,0.246,-0.2883,0.0609,0.1377,True,modal
genre,minutes,would,T1,cfnai,3234,0.0,99,-0.0577,0.5705,0.2092,0.0377,0.452,True,modal
genre,minutes,would,T1,vix,3234,0.0,99,0.1989,0.0484,0.1451,0.1518,0.222,True,modal
genre,minutes,would,T2,cfnai,2879,0.0,91,0.2404,0.0217,0.2923,0.0049,0.0591,True,modal
genre,minutes,would,T2,vix,2879,0.0,91,0.0176,0.8681,0.0307,0.7724,0.8426,True,modal
genre,minutes,would,T3,cfnai,4084,0.0,131,-0.0465,0.5978,0.1745,0.0462,0.554,True,modal
genre,minutes,would,T3,vix,4084,0.0,131,0.0874,0.3207,0.0427,0.6281,0.6281,True,modal
genre,minutes,would,H1,cfnai,1646,0.0,48,0.2846,0.0499,0.2553,0.08,0.5642,True,modal
genre,minutes,would,H1,vix,1646,0.0,48,-0.0642,0.6647,-0.025,0.8662,0.8662,True,modal
genre,minutes,would,H2,cfnai,1233,0.0,43,0.2409,0.1197,0.2097,0.1771,0.3277,True,modal
genre,minutes,would,H2,vix,1233,0.0,43,0.246,0.1118,0.2714,0.0784,0.1437,True,modal
genre,statement,ALL,T1,cfnai,770,0.0,101,-0.0573,0.569,-0.1242,0.2158,0.8757,True,modal
genre,statement,ALL,T1,vix,770,0.0,101,0.0086,0.9323,0.0613,0.5425,0.5425,True,modal
genre,statement,ALL,T2,cfnai,697,0.0,91,-0.1355,0.2004,-0.1783,0.0909,0.4417,True,modal
genre,statement,ALL,T2,vix,697,0.0,91,0.0699,0.5105,0.0449,0.6729,0.8074,True,modal
genre,statement,ALL,T3,cfnai,1007,0.0,133,-0.0555,0.5259,-0.0964,0.2697,0.8435,True,modal
genre,statement,ALL,T3,vix,1007,0.0,133,-0.1174,0.1785,-0.1156,0.185,0.2775,True,modal
genre,statement,ALL,H1,cfnai,397,0.0,48,0.1574,0.2852,0.1747,0.2351,0.5642,True,modal
genre,statement,ALL,H1,vix,397,0.0,48,-0.2815,0.0526,-0.4048,0.0043,0.0259,True,modal
genre,statement,ALL,H2,cfnai,300,0.0,43,-0.5054,0.0005,-0.5183,0.0004,0.0041,True,modal
genre,statement,ALL,H2,vix,300,0.0,43,-0.4212,0.0049,-0.4722,0.0014,0.0076,True,modal
genre,statement,could,T1,cfnai,50,0.505,101,0.1416,0.1578,-0.0624,0.535,0.9054,True,modal
genre,statement,could,T1,vix,50,0.505,101,0.1793,0.0727,0.3319,0.0007,0.0028,True,modal
genre,statement,could,T2,cfnai,47,0.484,91,-0.079,0.4567,-0.1674,0.1127,0.4417,True,modal
genre,statement,could,T2,vix,47,0.484,91,0.4576,0.0,0.451,0.0,0.0,True,modal
genre,statement,could,T3,cfnai,55,0.594,133,0.1259,0.1488,-0.0171,0.8452,0.9095,True,modal
genre,statement,could,T3,vix,55,0.594,133,0.093,0.2871,0.1823,0.0357,0.0716,True,modal
genre,statement,could,H1,cfnai,4,0.917,48,0.1142,0.4395,0.0935,0.5272,0.8435,False,modal
genre,statement,could,H1,vix,4,0.917,48,-0.1163,0.4312,-0.0829,0.5755,0.7194,False,modal
genre,statement,could,H2,cfnai,43,0.0,43,-0.6024,0.0,-0.4384,0.0033,0.018,True,modal
genre,statement,could,H2,vix,43,0.0,43,0.0006,0.9969,-0.0119,0.9398,0.9398,True,modal
genre,statement,should,T1,cfnai,33,0.733,101,0.0254,0.8009,-0.012,0.9054,0.9054,False,modal
genre,statement,should,T1,vix,33,0.733,101,-0.2908,0.0032,-0.3372,0.0006,0.0028,False,modal
genre,statement,should,T2,cfnai,33,0.703,91,-0.0694,0.5132,-0.0279,0.7928,0.7928,False,modal
genre,statement,should,T2,vix,33,0.703,91,-0.2741,0.0086,-0.3054,0.0032,0.0097,False,modal
genre,statement,should,T3,cfnai,49,0.699,133,0.0124,0.887,-0.0608,0.4869,0.8435,False,modal
genre,statement,should,T3,vix,49,0.699,133,-0.2949,0.0006,-0.3634,0.0,0.0002,False,modal
genre,statement,should,H1,cfnai,33,0.438,48,-0.1058,0.4741,-0.0857,0.5624,0.8435,False,modal
genre,statement,should,H1,vix,33,0.438,48,0.053,0.7205,-0.0589,0.6911,0.7539,False,modal
genre,statement,should,H2,cfnai,0,1.0,43,,,,,,False,modal
genre,statement,should,H2,vix,0,1.0,43,,,,,,False,modal
genre,statement,will,T1,cfnai,607,0.0,101,-0.2325,0.0193,-0.0492,0.6252,0.9054,True,modal
genre,statement,will,T1,vix,607,0.0,101,-0.0981,0.3289,-0.1864,0.062,0.124,True,modal
genre,statement,will,T2,cfnai,543,0.0,91,-0.0669,0.5284,-0.0701,0.509,0.6574,True,modal
genre,statement,will,T2,vix,543,0.0,91,-0.296,0.0044,-0.3391,0.001,0.004,True,modal
genre,statement,will,T3,cfnai,820,0.0,133,-0.2045,0.0182,-0.0504,0.5647,0.8435,True,modal
genre,statement,will,T3,vix,820,0.0,133,-0.1674,0.0541,-0.2593,0.0026,0.0103,True,modal
genre,statement,will,H1,cfnai,339,0.0,48,0.1965,0.1807,0.1789,0.2237,0.5642,True,modal
genre,statement,will,H1,vix,339,0.0,48,-0.3656,0.0106,-0.4435,0.0016,0.0191,True,modal
genre,statement,will,H2,cfnai,204,0.0,43,-0.3503,0.0213,-0.3314,0.03,0.1099,True,modal
genre,statement,will,H2,vix,204,0.0,43,-0.3664,0.0157,-0.4157,0.0056,0.0204,True,modal
genre,statement,would,T1,cfnai,49,0.535,101,0.1529,0.1269,-0.0183,0.8561,0.9054,True,modal
genre,statement,would,T1,vix,49,0.535,101,0.1784,0.0742,0.3382,0.0005,0.0028,True,modal
genre,statement,would,T2,cfnai,46,0.516,91,0.0094,0.9296,-0.1064,0.3153,0.5358,True,modal
genre,statement,would,T2,vix,46,0.516,91,0.45,0.0,0.4553,0.0,0.0,True,modal
genre,statement,would,T3,cfnai,51,0.632,133,0.1323,0.129,-0.01,0.9095,0.9095,False,modal
genre,statement,would,T3,vix,51,0.632,133,0.1056,0.2263,0.2206,0.0107,0.0322,False,modal
genre,statement,would,H1,cfnai,1,0.979,48,0.0999,0.4994,0.1212,0.412,0.8241,False,modal
genre,statement,would,H1,vix,1,0.979,48,-0.1672,0.256,-0.2158,0.1406,0.3397,False,modal
genre,statement,would,H2,cfnai,45,0.0,43,-0.1764,0.2577,-0.1957,0.2085,0.3277,True,modal
genre,statement,would,H2,vix,45,0.0,43,-0.0524,0.7388,-0.0475,0.7622,0.9398,True,modal
layer,min_committee,ALL,T1,cfnai,958,0.0,99,-0.0474,0.6416,0.0094,0.9261,0.9581,True,modal
layer,min_committee,ALL,T1,vix,958,0.0,99,0.1015,0.3176,0.1217,0.2303,0.3364,True,modal
layer,min_committee,ALL,T2,cfnai,886,0.0,91,-0.0122,0.9087,-0.0193,0.8556,0.9506,True,modal
layer,min_committee,ALL,T2,vix,886,0.0,91,0.07,0.5098,0.0982,0.3542,0.5976,True,modal
layer,min_committee,ALL,T3,cfnai,1254,0.0,131,-0.018,0.8386,0.1014,0.2492,0.6743,True,modal
layer,min_committee,ALL,T3,vix,1254,0.0,131,0.0817,0.3536,0.0972,0.2695,0.3815,True,modal
layer,min_committee,ALL,H1,cfnai,534,0.0,48,0.1202,0.4158,0.1794,0.2223,0.4198,True,modal
layer,min_committee,ALL,H1,vix,534,0.0,48,-0.124,0.401,-0.1138,0.4414,0.8358,True,modal
layer,min_committee,ALL,H2,cfnai,352,0.0,43,-0.2005,0.1973,-0.2228,0.1509,0.4025,True,modal
layer,min_committee,ALL,H2,vix,352,0.0,43,-0.2227,0.1512,-0.18,0.2482,0.4582,True,modal
layer,min_committee,could,T1,cfnai,83,0.293,99,0.1048,0.3018,-0.2509,0.0122,0.1836,True,modal
layer,min_committee,could,T1,vix,83,0.293,99,0.1305,0.198,0.2454,0.0144,0.058,True,modal
layer,min_committee,could,T2,cfnai,79,0.275,91,-0.2739,0.0086,-0.3701,0.0003,0.0092,True,modal
layer,min_committee,could,T2,vix,79,0.275,91,0.3032,0.0035,0.3368,0.0011,0.0066,True,modal
layer,min_committee,could,T3,cfnai,130,0.282,131,0.0942,0.2848,-0.1302,0.1383,0.4611,True,modal
layer,min_committee,could,T3,vix,130,0.282,131,0.2199,0.0116,0.255,0.0033,0.0123,True,modal
layer,min_committee,could,H1,cfnai,35,0.521,48,-0.3045,0.0353,-0.415,0.0034,0.0839,False,modal
layer,min_committee,could,H1,vix,35,0.521,48,0.0651,0.6604,0.19,0.1959,0.5796,False,modal
layer,min_committee,could,H2,cfnai,44,0.0,43,-0.6888,0.0,-0.5479,0.0001,0.0034,True,modal
layer,min_committee,could,H2,vix,44,0.0,43,-0.0958,0.5411,-0.1201,0.4431,0.6096,True,modal
layer,min_committee,should,T1,cfnai,85,0.455,99,0.0622,0.5407,-0.136,0.1794,0.6125,True,modal
layer,min_committee,should,T1,vix,85,0.455,99,-0.1307,0.1972,-0.0218,0.8306,0.89,True,modal
layer,min_committee,should,T2,cfnai,84,0.418,91,-0.11,0.2993,-0.1872,0.0755,0.3454,True,modal
layer,min_committee,should,T2,vix,84,0.418,91,-0.0095,0.9284,0.0868,0.4135,0.6215,True,modal
layer,min_committee,should,T3,cfnai,107,0.496,131,0.0588,0.5045,-0.075,0.3944,0.8451,True,modal
layer,min_committee,should,T3,vix,107,0.496,131,-0.1503,0.0865,-0.0791,0.369,0.4814,True,modal
layer,min_committee,should,H1,cfnai,49,0.417,48,-0.1531,0.2988,-0.2765,0.0571,0.3188,True,modal
layer,min_committee,should,H1,vix,49,0.417,48,0.1175,0.4264,0.1848,0.2087,0.5796,True,modal
layer,min_committee,should,H2,cfnai,35,0.419,43,-0.0976,0.5336,-0.1158,0.4595,0.6487,False,modal
layer,min_committee,should,H2,vix,35,0.419,43,-0.2356,0.1282,-0.1432,0.3595,0.5393,False,modal
layer,min_committee,will,T1,cfnai,37,0.778,99,0.043,0.6727,-0.1594,0.115,0.5751,False,modal
layer,min_committee,will,T1,vix,37,0.778,99,-0.0598,0.5563,-0.0034,0.9734,0.98,False,modal
layer,min_committee,will,T2,cfnai,35,0.769,91,-0.2151,0.0406,-0.2325,0.0266,0.1806,False,modal
layer,min_committee,will,T2,vix,35,0.769,91,-0.0206,0.8467,0.0203,0.8488,0.8849,False,modal
layer,min_committee,will,T3,cfnai,62,0.718,131,0.0317,0.7193,-0.1538,0.0795,0.3975,False,modal
layer,min_committee,will,T3,vix,62,0.718,131,-0.0405,0.646,-0.0109,0.9018,0.9018,False,modal
layer,min_committee,will,H1,cfnai,20,0.75,48,-0.218,0.1366,-0.2468,0.0908,0.3188,False,modal
layer,min_committee,will,H1,vix,20,0.75,48,0.1163,0.4312,0.2103,0.1513,0.5796,False,modal
layer,min_committee,will,H2,cfnai,15,0.791,43,-0.2246,0.1475,-0.2269,0.1434,0.4025,False,modal
layer,min_committee,will,H2,vix,15,0.791,43,-0.1804,0.2471,-0.1506,0.3349,0.5358,False,modal
layer,min_committee,would,T1,cfnai,719,0.0,99,-0.1311,0.1959,0.2568,0.0103,0.1836,True,modal
layer,min_committee,would,T1,vix,719,0.0,99,0.1841,0.0682,0.1155,0.2549,0.3475,True,modal
layer,min_committee,would,T2,cfnai,654,0.0,91,0.2716,0.0092,0.3039,0.0034,0.0512,True,modal
layer,min_committee,would,T2,vix,654,0.0,91,0.0071,0.9466,-0.0194,0.8554,0.8849,True,modal
layer,min_committee,would,T3,cfnai,918,0.008,131,-0.0939,0.2861,0.2704,0.0018,0.0535,True,modal
layer,min_committee,would,T3,vix,918,0.008,131,0.1199,0.1725,0.0951,0.2797,0.3815,True,modal
layer,min_committee,would,H1,cfnai,407,0.0,48,0.3306,0.0217,0.3273,0.0232,0.2897,True,modal
layer,min_committee,would,H1,vix,407,0.0,48,-0.2642,0.0696,-0.3114,0.0312,0.2598,True,modal
layer,min_committee,would,H2,cfnai,247,0.0,43,0.2661,0.0846,0.2778,0.0713,0.2775,True,modal
layer,min_committee,would,H2,vix,247,0.0,43,0.2613,0.0905,0.2775,0.0716,0.2149,True,modal
layer,min_participants,ALL,T1,cfnai,2756,0.0,99,-0.1318,0.1934,-0.0905,0.373,0.8841,True,modal
layer,min_participants,ALL,T1,vix,2756,0.0,99,0.2628,0.0086,0.1436,0.1562,0.2999,True,modal
layer,min_participants,ALL,T2,cfnai,2444,0.0,91,0.0339,0.7497,-0.0054,0.9595,0.9787,True,modal
layer,min_participants,ALL,T2,vix,2444,0.0,91,0.0495,0.6412,0.0637,0.5486,0.6857,True,modal
layer,min_participants,ALL,T3,cfnai,3359,0.0,131,-0.1152,0.1902,-0.0691,0.4331,0.847,True,modal
layer,min_participants,ALL,T3,vix,3359,0.0,131,0.0834,0.3436,0.0249,0.7773,0.8826,True,modal
layer,min_participants,ALL,H1,cfnai,1264,0.0,48,0.0642,0.6649,0.098,0.5074,0.5731,True,modal
layer,min_participants,ALL,H1,vix,1264,0.0,48,-0.0271,0.855,-0.0086,0.9539,0.9539,True,modal
layer,min_participants,ALL,H2,cfnai,1180,0.0,43,0.0008,0.9958,-0.0736,0.6391,0.7304,True,modal
layer,min_participants,ALL,H2,vix,1180,0.0,43,-0.0588,0.7082,-0.0453,0.773,0.8834,True,modal
layer,min_participants,could,T1,cfnai,875,0.0,99,0.0547,0.5905,-0.1749,0.0834,0.5002,True,modal
layer,min_participants,could,T1,vix,875,0.0,99,0.1699,0.0926,0.1243,0.2204,0.3364,True,modal
layer,min_participants,could,T2,cfnai,776,0.0,91,-0.1261,0.2336,-0.2275,0.0301,0.1806,True,modal
layer,min_participants,could,T2,vix,776,0.0,91,0.0915,0.3882,0.0753,0.4782,0.6237,True,modal
layer,min_participants,could,T3,cfnai,1060,0.0,131,0.0395,0.6539,-0.1741,0.0468,0.3458,True,modal
layer,min_participants,could,T3,vix,1060,0.0,131,0.1084,0.2178,0.0585,0.5069,0.6082,True,modal
layer,min_participants,could,H1,cfnai,382,0.0,48,-0.2507,0.0856,-0.1824,0.2146,0.4198,True,modal
layer,min_participants,could,H1,vix,382,0.0,48,0.0251,0.8654,0.0583,0.6939,0.8358,True,modal
layer,min_participants,could,H2,cfnai,394,0.0,43,-0.0836,0.5943,-0.1876,0.2284,0.4567,True,modal
layer,min_participants,could,H2,vix,394,0.0,43,-0.065,0.6787,-0.1164,0.4572,0.6096,True,modal
layer,min_participants,may,T1,cfnai,157,0.323,99,0.0069,0.9459,-0.0308,0.7621,0.9581,True,modal
layer,min_participants,may,T1,vix,157,0.323,99,-0.037,0.7159,-0.1203,0.2355,0.3364,True,modal
layer,min_participants,may,T2,cfnai,147,0.297,91,-0.0394,0.7105,-0.0028,0.9787,0.9787,True,modal
layer,min_participants,may,T2,vix,147,0.297,91,-0.1258,0.2347,-0.0828,0.4351,0.6215,True,modal
layer,min_participants,may,T3,cfnai,182,0.389,131,0.015,0.8653,0.0273,0.7573,0.9832,True,modal
layer,min_participants,may,T3,vix,182,0.389,131,-0.1238,0.1589,-0.2071,0.0176,0.0491,True,modal
layer,min_participants,may,H1,cfnai,69,0.333,48,0.2373,0.1043,0.1905,0.1946,0.4198,True,modal
layer,min_participants,may,H1,vix,69,0.333,48,0.15,0.3087,0.1128,0.4454,0.8358,True,modal
layer,min_participants,may,H2,cfnai,78,0.256,43,-0.1986,0.2016,-0.1408,0.3679,0.6219,True,modal
layer,min_participants,may,H2,vix,78,0.256,43,-0.4725,0.0014,-0.5373,0.0002,0.0049,True,modal
layer,min_participants,should,T1,cfnai,149,0.283,99,-0.0769,0.4494,0.0293,0.7734,0.9581,True,modal
layer,min_participants,should,T1,vix,149,0.283,99,-0.2067,0.0401,-0.2386,0.0174,0.058,True,modal
layer,min_participants,should,T2,cfnai,138,0.275,91,0.1185,0.2633,0.1466,0.1655,0.4138,True,modal
layer,min_participants,should,T2,vix,138,0.275,91,-0.2659,0.0108,-0.2437,0.0199,0.0664,True,modal
layer,min_participants,should,T3,cfnai,170,0.382,131,-0.0713,0.4185,0.0234,0.7911,0.9832,True,modal
layer,min_participants,should,T3,vix,170,0.382,131,-0.2427,0.0052,-0.2917,0.0007,0.0054,True,modal
layer,min_participants,should,H1,cfnai,88,0.167,48,0.121,0.4125,0.13,0.3784,0.5202,True,modal
layer,min_participants,should,H1,vix,88,0.167,48,-0.1777,0.2268,-0.0855,0.5636,0.8358,True,modal
layer,min_participants,should,H2,cfnai,50,0.395,43,0.1462,0.3497,0.1348,0.3889,0.6219,True,modal
layer,min_participants,should,H2,vix,50,0.395,43,-0.1995,0.1995,-0.1551,0.3206,0.5358,True,modal
layer,min_participants,would,T1,cfnai,1537,0.0,99,-0.1939,0.0545,0.0175,0.8637,0.9581,True,modal
layer,min_participants,would,T1,vix,1537,0.0,99,0.3016,0.0024,0.2402,0.0166,0.058,True,modal
layer,min_participants,would,T2,cfnai,1346,0.0,91,0.1213,0.2521,0.1307,0.2167,0.4567,True,modal
layer,min_participants,would,T2,vix,1346,0.0,91,0.1287,0.2239,0.1746,0.0978,0.2162,True,modal
layer,min_participants,would,T3,cfnai,1903,0.0,131,-0.1727,0.0485,0.0121,0.8908,0.9832,True,modal
layer,min_participants,would,T3,vix,1903,0.0,131,0.1622,0.0642,0.1452,0.0979,0.1957,True,modal
layer,min_participants,would,H1,cfnai,700,0.0,48,0.123,0.4051,0.1375,0.3513,0.5166,True,modal
layer,min_participants,would,H1,vix,700,0.0,48,-0.0661,0.6554,-0.0442,0.7656,0.8358,True,modal
layer,min_participants,would,H2,cfnai,646,0.0,43,0.1215,0.4378,0.036,0.8185,0.8185,True,modal
layer,min_participants,would,H2,vix,646,0.0,43,0.2432,0.1161,0.2821,0.0668,0.2149,True,modal
layer,min_special,ALL,T1,cfnai,783,0.0,40,0.0972,0.5508,0.1964,0.2246,0.6125,True,modal
layer,min_special,ALL,T1,vix,783,0.0,40,-0.0946,0.5614,-0.1612,0.3205,0.418,True,modal
layer,min_special,ALL,T2,cfnai,675,0.0,36,0.1272,0.4599,0.2103,0.2182,0.4567,True,modal
layer,min_special,ALL,T2,vix,675,0.0,36,-0.0877,0.6111,-0.139,0.4188,0.6215,True,modal
layer,min_special,ALL,T3,cfnai,863,0.02,49,0.0862,0.556,0.2731,0.0576,0.3458,True,modal
layer,min_special,ALL,T3,vix,863,0.02,49,0.0543,0.711,-0.0327,0.8237,0.8826,True,modal
layer,min_special,could,T1,cfnai,283,0.2,40,-0.1277,0.4323,0.0533,0.7439,0.9581,True,modal
layer,min_special,could,T1,vix,283,0.2,40,0.223,0.1666,0.2931,0.0664,0.1424,True,modal
layer,min_special,could,T2,cfnai,231,0.222,36,0.1102,0.5224,0.2041,0.2325,0.4567,True,modal
layer,min_special,could,T2,vix,231,0.222,36,0.226,0.185,0.2778,0.1009,0.2162,True,modal
layer,min_special,could,T3,cfnai,312,0.204,49,-0.1182,0.4186,0.1381,0.3441,0.7941,True,modal
layer,min_special,could,T3,vix,312,0.204,49,0.2834,0.0485,0.315,0.0275,0.0687,True,modal
layer,min_special,should,T1,cfnai,58,0.325,40,0.1709,0.2917,0.2804,0.0797,0.5002,True,modal
layer,min_special,should,T1,vix,58,0.325,40,0.1332,0.4124,0.3247,0.0409,0.1023,True,modal
layer,min_special,should,T2,cfnai,49,0.333,36,0.1406,0.4135,0.2594,0.1266,0.3454,True,modal
layer,min_special,should,T2,vix,49,0.333,36,0.2434,0.1525,0.4434,0.0068,0.0254,True,modal
layer,min_special,should,T3,cfnai,65,0.347,49,0.1614,0.2678,0.3178,0.0261,0.3458,True,modal
layer,min_special,should,T3,vix,65,0.347,49,0.1083,0.4587,0.3367,0.018,0.0491,True,modal
layer,min_special,will,T1,cfnai,49,0.625,40,0.083,0.6104,0.1137,0.4847,0.9581,False,modal
layer,min_special,will,T1,vix,49,0.625,40,-0.2752,0.0856,-0.0606,0.7102,0.7891,False,modal
layer,min_special,will,T2,cfnai,46,0.667,36,0.0789,0.6473,0.1082,0.5301,0.7951,False,modal
layer,min_special,will,T2,vix,46,0.667,36,-0.2845,0.0927,-0.0966,0.575,0.69,False,modal
layer,min_special,will,T3,cfnai,49,0.694,49,0.0693,0.636,0.1038,0.478,0.847,False,modal
layer,min_special,will,T3,vix,49,0.694,49,-0.2361,0.1024,-0.0339,0.8172,0.8826,False,modal
layer,min_special,would,T1,cfnai,344,0.0,40,0.1301,0.4237,0.0485,0.7663,0.9581,True,modal
layer,min_special,would,T1,vix,344,0.0,40,-0.1362,0.4022,-0.1043,0.5218,0.6511,True,modal
layer,min_special,would,T2,cfnai,310,0.0,36,-0.0455,0.7922,-0.0806,0.6404,0.8785,True,modal
layer,min_special,would,T2,vix,310,0.0,36,-0.1486,0.3872,-0.1236,0.4728,0.6237,True,modal
layer,min_special,would,T3,cfnai,383,0.041,49,0.1045,0.4748,0.0113,0.9384,0.9832,True,modal
layer,min_special,would,T3,vix,383,0.041,49,-0.0312,0.8314,-0.0247,0.866,0.8958,True,modal
layer,min_staff,ALL,T1,cfnai,539,0.0,99,-0.0103,0.9197,0.0753,0.4586,0.9581,True,modal
layer,min_staff,ALL,T1,vix,539,0.0,99,-0.2493,0.0128,-0.3326,0.0008,0.0058,True,modal
layer,min_staff,ALL,T2,cfnai,498,0.0,91,0.0513,0.629,0.0919,0.3861,0.6436,True,modal
layer,min_staff,ALL,T2,vix,498,0.0,91,-0.2997,0.0039,-0.3607,0.0004,0.0044,True,modal
layer,min_staff,ALL,T3,cfnai,704,0.008,131,-0.0074,0.933,0.0583,0.5082,0.847,True,modal
layer,min_staff,ALL,T3,vix,704,0.008,131,-0.301,0.0005,-0.3929,0.0,0.0001,True,modal
layer,min_staff,ALL,H1,cfnai,333,0.0,48,0.245,0.0933,0.2804,0.0535,0.3188,True,modal
layer,min_staff,ALL,H1,vix,333,0.0,48,-0.0849,0.5659,-0.197,0.1795,0.5796,True,modal
layer,min_staff,ALL,H2,cfnai,165,0.0,43,-0.0536,0.733,-0.0966,0.5376,0.6925,True,modal
layer,min_staff,ALL,H2,vix,165,0.0,43,-0.1601,0.3052,-0.2354,0.1286,0.2849,True,modal
layer,min_staff,could,T1,cfnai,132,0.364,99,0.0516,0.6118,-0.014,0.8903,0.9581,True,modal
layer,min_staff,could,T1,vix,132,0.364,99,-0.2303,0.0218,-0.2658,0.0078,0.047,True,modal
layer,min_staff,could,T2,cfnai,128,0.341,91,-0.1203,0.2562,-0.041,0.6998,0.9127,True,modal
layer,min_staff,could,T2,vix,128,0.341,91,-0.1674,0.1128,-0.2039,0.0525,0.1313,True,modal
layer,min_staff,could,T3,cfnai,151,0.443,131,0.0468,0.5957,-0.0019,0.9832,0.9832,True,modal
layer,min_staff,could,T3,vix,151,0.443,131,-0.2572,0.003,-0.3046,0.0004,0.004,True,modal
layer,min_staff,could,H1,cfnai,82,0.312,48,0.1363,0.3556,0.2379,0.1035,0.3188,True,modal
layer,min_staff,could,H1,vix,82,0.312,48,-0.0108,0.9419,-0.1082,0.4644,0.8358,True,modal
layer,min_staff,could,H2,cfnai,46,0.372,43,-0.3327,0.0293,-0.2958,0.0542,0.2599,True,modal
layer,min_staff,could,H2,vix,46,0.372,43,-0.2589,0.0936,-0.3369,0.0272,0.1304,True,modal
layer,min_staff,may,T1,cfnai,57,0.535,99,-0.1131,0.2651,0.0125,0.9022,0.9581,True,modal
layer,min_staff,may,T1,vix,57,0.535,99,-0.2432,0.0153,-0.2549,0.0109,0.0544,True,modal
layer,min_staff,may,T2,cfnai,55,0.505,91,-0.0082,0.9385,0.0491,0.6442,0.8785,True,modal
layer,min_staff,may,T2,vix,55,0.505,91,-0.2245,0.0324,-0.2274,0.0302,0.0906,True,modal
layer,min_staff,may,T3,cfnai,75,0.534,131,-0.1014,0.249,-0.007,0.9365,0.9832,True,modal
layer,min_staff,may,T3,vix,75,0.534,131,-0.2518,0.0037,-0.2666,0.0021,0.0104,True,modal
layer,min_staff,may,H1,cfnai,42,0.292,48,0.099,0.5031,0.2515,0.0847,0.3188,True,modal
layer,min_staff,may,H1,vix,42,0.292,48,0.1061,0.4729,0.1069,0.4696,0.8358,True,modal
layer,min_staff,may,H2,cfnai,13,0.744,43,-0.0533,0.7341,-0.0941,0.5482,0.6925,False,modal
layer,min_staff,may,H2,vix,13,0.744,43,-0.2245,0.1477,-0.2849,0.0641,0.2149,False,modal
layer,min_staff,would,T1,cfnai,327,0.071,99,-0.027,0.7905,0.1278,0.2073,0.6125,True,modal
layer,min_staff,would,T1,vix,327,0.071,99,-0.1086,0.2845,-0.2287,0.0228,0.0683,True,modal
layer,min_staff,would,T2,cfnai,294,0.077,91,0.1911,0.0696,0.1773,0.0928,0.3454,True,modal
layer,min_staff,would,T2,vix,294,0.077,91,-0.2463,0.0186,-0.32,0.002,0.0099,True,modal
layer,min_staff,would,T3,cfnai,445,0.069,131,-0.0222,0.8009,0.1043,0.2359,0.6743,True,modal
layer,min_staff,would,T3,vix,445,0.069,131,-0.1626,0.0635,-0.2693,0.0019,0.0104,True,modal
layer,min_staff,would,H1,cfnai,196,0.021,48,0.2467,0.0909,0.2306,0.1148,0.3188,True,modal
layer,min_staff,would,H1,vix,196,0.021,48,-0.1629,0.2686,-0.2624,0.0716,0.4475,True,modal
layer,min_staff,would,H2,cfnai,98,0.14,43,0.2322,0.1341,0.1277,0.4146,0.6219,True,modal
layer,min_staff,would,H2,vix,98,0.14,43,0.0318,0.8396,-0.0138,0.9302,0.9398,True,modal
layer,min_staff_desk,ALL,T1,cfnai,553,0.152,99,0.0821,0.4192,0.139,0.17,0.6125,True,modal
layer,min_staff_desk,ALL,T1,vix,553,0.152,99,0.0851,0.4025,0.139,0.1699,0.2999,True,modal
layer,min_staff_desk,ALL,T2,cfnai,501,0.165,91,0.1994,0.058,0.1615,0.1262,0.3454,True,modal
layer,min_staff_desk,ALL,T2,vix,501,0.165,91,0.0627,0.5546,0.1195,0.2593,0.4862,True,modal
layer,min_staff_desk,ALL,T3,cfnai,774,0.237,131,0.0664,0.4512,0.1352,0.1235,0.4611,True,modal
layer,min_staff_desk,ALL,T3,vix,774,0.237,131,0.1122,0.2019,0.1127,0.1999,0.3156,True,modal
layer,min_staff_desk,ALL,H1,cfnai,258,0.271,48,0.2035,0.1655,0.1404,0.3411,0.5166,True,modal
layer,min_staff_desk,ALL,H1,vix,258,0.271,48,-0.0176,0.9055,0.0435,0.7689,0.8358,True,modal
layer,min_staff_desk,ALL,H2,cfnai,243,0.047,43,0.2347,0.1298,0.1999,0.1986,0.4549,True,modal
layer,min_staff_desk,ALL,H2,vix,243,0.047,43,0.186,0.2324,0.2357,0.1281,0.2849,True,modal
layer,min_staff_desk,could,T1,cfnai,138,0.434,99,0.1148,0.2579,0.2128,0.0344,0.3443,True,modal
layer,min_staff_desk,could,T1,vix,138,0.434,99,0.1656,0.1014,0.2113,0.0358,0.0976,True,modal
layer,min_staff_desk,could,T2,cfnai,126,0.451,91,0.2248,0.0321,0.2517,0.0161,0.161,True,modal
layer,min_staff_desk,could,T2,vix,126,0.451,91,0.1545,0.1436,0.2217,0.0347,0.0946,True,modal
layer,min_staff_desk,could,T3,cfnai,187,0.481,131,0.095,0.2803,0.1817,0.0378,0.3458,True,modal
layer,min_staff_desk,could,T3,vix,187,0.481,131,0.1775,0.0425,0.1465,0.0949,0.1957,True,modal
layer,min_staff_desk,could,H1,cfnai,66,0.5,48,0.2078,0.1565,0.2405,0.0996,0.3188,True,modal
layer,min_staff_desk,could,H1,vix,66,0.5,48,0.0557,0.707,0.1251,0.3969,0.8358,True,modal
layer,min_staff_desk,could,H2,cfnai,60,0.395,43,0.2479,0.1089,0.2691,0.0809,0.2775,True,modal
layer,min_staff_desk,could,H2,vix,60,0.395,43,0.2793,0.0697,0.4045,0.0071,0.0428,True,modal
layer,min_staff_desk,may,T1,cfnai,41,0.717,99,-0.0293,0.7731,-0.003,0.9764,0.9764,False,modal
layer,min_staff_desk,may,T1,vix,41,0.717,99,-0.0697,0.4933,-0.0026,0.98,0.98,False,modal
layer,min_staff_desk,may,T2,cfnai,40,0.703,91,0.0511,0.6305,0.0276,0.7954,0.9178,False,modal
layer,min_staff_desk,may,T2,vix,40,0.703,91,-0.0107,0.9196,0.041,0.6995,0.7772,False,modal
layer,min_staff_desk,may,T3,cfnai,46,0.771,131,-0.0294,0.7392,-0.0032,0.9713,0.9832,False,modal
layer,min_staff_desk,may,T3,vix,46,0.771,131,-0.1126,0.2003,-0.0685,0.4369,0.5461,False,modal
layer,min_staff_desk,may,H1,cfnai,19,0.708,48,0.0792,0.5926,0.1554,0.2916,0.486,False,modal
layer,min_staff_desk,may,H1,vix,19,0.708,48,0.0329,0.8245,0.057,0.7005,0.8358,False,modal
layer,min_staff_desk,may,H2,cfnai,21,0.698,43,0.0342,0.8278,-0.0551,0.7258,0.7674,False,modal
layer,min_staff_desk,may,H2,vix,21,0.698,43,-0.0898,0.5668,0.0218,0.8895,0.9398,False,modal
layer,min_staff_desk,should,T1,cfnai,27,0.838,99,0.0713,0.4832,0.0551,0.588,0.9581,False,modal
layer,min_staff_desk,should,T1,vix,27,0.838,99,-0.0123,0.9039,0.0457,0.6536,0.7541,False,modal
layer,min_staff_desk,should,T2,cfnai,25,0.846,91,0.1032,0.3304,0.0317,0.7655,0.9178,False,modal
layer,min_staff_desk,should,T2,vix,25,0.846,91,-0.089,0.4017,-0.003,0.9773,0.9773,False,modal
layer,min_staff_desk,should,T3,cfnai,49,0.824,131,0.059,0.5031,0.0399,0.6506,0.9759,False,modal
layer,min_staff_desk,should,T3,vix,49,0.824,131,0.0633,0.4724,0.1039,0.2376,0.3563,False,modal
layer,min_staff_desk,should,H1,cfnai,17,0.875,48,0.1515,0.304,-0.0171,0.9081,0.9081,False,modal
layer,min_staff_desk,should,H1,vix,17,0.875,48,-0.0397,0.7887,-0.0556,0.7072,0.8358,False,modal
layer,min_staff_desk,should,H2,cfnai,8,0.814,43,0.0996,0.5252,0.0806,0.6075,0.729,False,modal
layer,min_staff_desk,should,H2,vix,8,0.814,43,-0.1324,0.3972,-0.0587,0.7084,0.8834,False,modal
layer,min_staff_desk,will,T1,cfnai,35,0.768,99,0.0737,0.4684,0.0265,0.7949,0.9581,False,modal
layer,min_staff_desk,will,T1,vix,35,0.768,99,-0.1056,0.2984,-0.1403,0.166,0.2999,False,modal
layer,min_staff_desk,will,T2,cfnai,31,0.769,91,-0.0323,0.7612,0.0118,0.9117,0.9768,False,modal
layer,min_staff_desk,will,T2,vix,31,0.769,91,-0.1583,0.134,-0.1313,0.2149,0.4298,False,modal
layer,min_staff_desk,will,T3,cfnai,50,0.786,131,0.0471,0.5932,0.0063,0.943,0.9832,False,modal
layer,min_staff_desk,will,T3,vix,50,0.786,131,-0.0841,0.3396,-0.1319,0.1332,0.2351,False,modal
layer,min_staff_desk,will,H1,cfnai,18,0.771,48,0.0526,0.7225,0.1115,0.4504,0.5362,False,modal
layer,min_staff_desk,will,H1,vix,18,0.771,48,-0.0462,0.7553,0.046,0.7562,0.8358,False,modal
layer,min_staff_desk,will,H2,cfnai,13,0.767,43,-0.0978,0.5327,-0.0531,0.7354,0.7674,False,modal
layer,min_staff_desk,will,H2,vix,13,0.767,43,-0.2654,0.0854,-0.2274,0.1425,0.2849,False,modal
layer,min_staff_desk,would,T1,cfnai,307,0.182,99,0.0274,0.7879,0.0886,0.3831,0.8841,True,modal
layer,min_staff_desk,would,T1,vix,307,0.182,99,0.0763,0.453,0.1262,0.2131,0.3364,True,modal
layer,min_staff_desk,would,T2,cfnai,275,0.198,91,0.1391,0.1886,0.1235,0.2436,0.4567,True,modal
layer,min_staff_desk,would,T2,vix,275,0.198,91,0.0754,0.4773,0.0974,0.3586,0.5976,True,modal
layer,min_staff_desk,would,T3,cfnai,435,0.267,131,0.0295,0.7382,0.1317,0.1337,0.4611,True,modal
layer,min_staff_desk,would,T3,vix,435,0.267,131,0.1113,0.2058,0.1337,0.128,0.2351,True,modal
layer,min_staff_desk,would,H1,cfnai,137,0.292,48,0.15,0.309,0.1201,0.4161,0.5202,True,modal
layer,min_staff_desk,would,H1,vix,137,0.292,48,-0.0465,0.7536,-0.0164,0.912,0.95,True,modal
layer,min_staff_desk,would,H2,cfnai,138,0.093,43,0.1454,0.3523,0.1539,0.3244,0.5989,True,modal
layer,min_staff_desk,would,H2,vix,138,0.093,43,0.21,0.1765,0.2322,0.134,0.2849,True,modal
layer,statement,ALL,T1,cfnai,770,0.0,101,-0.0573,0.569,-0.1242,0.2158,0.6125,True,modal
layer,statement,ALL,T1,vix,770,0.0,101,0.0086,0.9323,0.0613,0.5425,0.6511,True,modal
layer,statement,ALL,T2,cfnai,697,0.0,91,-0.1355,0.2004,-0.1783,0.0909,0.3454,True,modal
layer,statement,ALL,T2,vix,697,0.0,91,0.0699,0.5105,0.0449,0.6729,0.7764,True,modal
layer,statement,ALL,T3,cfnai,1007,0.0,133,-0.0555,0.5259,-0.0964,0.2697,0.6743,True,modal
layer,statement,ALL,T3,vix,1007,0.0,133,-0.1174,0.1785,-0.1156,0.185,0.3084,True,modal
layer,statement,ALL,H1,cfnai,397,0.0,48,0.1574,0.2852,0.1747,0.2351,0.4198,True,modal
layer,statement,ALL,H1,vix,397,0.0,48,-0.2815,0.0526,-0.4048,0.0043,0.054,True,modal
layer,statement,ALL,H2,cfnai,300,0.0,43,-0.5054,0.0005,-0.5183,0.0004,0.0044,True,modal
layer,statement,ALL,H2,vix,300,0.0,43,-0.4212,0.0049,-0.4722,0.0014,0.0167,True,modal
layer,statement,could,T1,cfnai,50,0.505,101,0.1416,0.1578,-0.0624,0.535,0.9581,True,modal
layer,statement,could,T1,vix,50,0.505,101,0.1793,0.0727,0.3319,0.0007,0.0058,True,modal
layer,statement,could,T2,cfnai,47,0.484,91,-0.079,0.4567,-0.1674,0.1127,0.3454,True,modal
layer,statement,could,T2,vix,47,0.484,91,0.4576,0.0,0.451,0.0,0.0001,True,modal
layer,statement,could,T3,cfnai,55,0.594,133,0.1259,0.1488,-0.0171,0.8452,0.9832,True,modal
layer,statement,could,T3,vix,55,0.594,133,0.093,0.2871,0.1823,0.0357,0.0825,True,modal
layer,statement,could,H1,cfnai,4,0.917,48,0.1142,0.4395,0.0935,0.5272,0.5731,False,modal
layer,statement,could,H1,vix,4,0.917,48,-0.1163,0.4312,-0.0829,0.5755,0.8358,False,modal
layer,statement,could,H2,cfnai,43,0.0,43,-0.6024,0.0,-0.4384,0.0033,0.0262,True,modal
layer,statement,could,H2,vix,43,0.0,43,0.0006,0.9969,-0.0119,0.9398,0.9398,True,modal
layer,statement,should,T1,cfnai,33,0.733,101,0.0254,0.8009,-0.012,0.9054,0.9581,False,modal
layer,statement,should,T1,vix,33,0.733,101,-0.2908,0.0032,-0.3372,0.0006,0.0058,False,modal
layer,statement,should,T2,cfnai,33,0.703,91,-0.0694,0.5132,-0.0279,0.7928,0.9178,False,modal
layer,statement,should,T2,vix,33,0.703,91,-0.2741,0.0086,-0.3054,0.0032,0.0139,False,modal
layer,statement,should,T3,cfnai,49,0.699,133,0.0124,0.887,-0.0608,0.4869,0.847,False,modal
layer,statement,should,T3,vix,49,0.699,133,-0.2949,0.0006,-0.3634,0.0,0.0003,False,modal
layer,statement,should,H1,cfnai,33,0.438,48,-0.1058,0.4741,-0.0857,0.5624,0.5858,False,modal
layer,statement,should,H1,vix,33,0.438,48,0.053,0.7205,-0.0589,0.6911,0.8358,False,modal
layer,statement,should,H2,cfnai,0,1.0,43,,,,,,False,modal
layer,statement,should,H2,vix,0,1.0,43,,,,,,False,modal
layer,statement,will,T1,cfnai,607,0.0,101,-0.2325,0.0193,-0.0492,0.6252,0.9581,True,modal
layer,statement,will,T1,vix,607,0.0,101,-0.0981,0.3289,-0.1864,0.062,0.1424,True,modal
layer,statement,will,T2,cfnai,543,0.0,91,-0.0669,0.5284,-0.0701,0.509,0.7951,True,modal
layer,statement,will,T2,vix,543,0.0,91,-0.296,0.0044,-0.3391,0.001,0.0066,True,modal
layer,statement,will,T3,cfnai,820,0.0,133,-0.2045,0.0182,-0.0504,0.5647,0.8917,True,modal
layer,statement,will,T3,vix,820,0.0,133,-0.1674,0.0541,-0.2593,0.0026,0.0111,True,modal
layer,statement,will,H1,cfnai,339,0.0,48,0.1965,0.1807,0.1789,0.2237,0.4198,True,modal
layer,statement,will,H1,vix,339,0.0,48,-0.3656,0.0106,-0.4435,0.0016,0.0399,True,modal
layer,statement,will,H2,cfnai,204,0.0,43,-0.3503,0.0213,-0.3314,0.03,0.1798,True,modal
layer,statement,will,H2,vix,204,0.0,43,-0.3664,0.0157,-0.4157,0.0056,0.0428,True,modal
layer,statement,would,T1,cfnai,49,0.535,101,0.1529,0.1269,-0.0183,0.8561,0.9581,True,modal
layer,statement,would,T1,vix,49,0.535,101,0.1784,0.0742,0.3382,0.0005,0.0058,True,modal
layer,statement,would,T2,cfnai,46,0.516,91,0.0094,0.9296,-0.1064,0.3153,0.5564,True,modal
layer,statement,would,T2,vix,46,0.516,91,0.45,0.0,0.4553,0.0,0.0001,True,modal
layer,statement,would,T3,cfnai,51,0.632,133,0.1323,0.129,-0.01,0.9095,0.9832,False,modal
layer,statement,would,T3,vix,51,0.632,133,0.1056,0.2263,0.2206,0.0107,0.0358,False,modal
layer,statement,would,H1,cfnai,1,0.979,48,0.0999,0.4994,0.1212,0.412,0.5202,False,modal
layer,statement,would,H1,vix,1,0.979,48,-0.1672,0.256,-0.2158,0.1406,0.5796,False,modal
layer,statement,would,H2,cfnai,45,0.0,43,-0.1764,0.2577,-0.1957,0.2085,0.4549,True,modal
layer,statement,would,H2,vix,45,0.0,43,-0.0524,0.7388,-0.0475,0.7622,0.8834,True,modal
genre,minutes,could+become,T1,cfnai,38,0.677,99,0.0398,0.696,0.0609,0.549,0.7391,False,U2
genre,minutes,could+become,T1,vix,38,0.677,99,0.0843,0.4068,0.0834,0.4119,0.5149,False,U2
genre,minutes,could+become,T2,cfnai,37,0.659,91,0.0029,0.9784,0.0694,0.5136,0.6658,False,U2
genre,minutes,could+become,T2,vix,37,0.659,91,0.1626,0.1235,0.137,0.1954,0.3082,False,U2
genre,minutes,could+become,T3,cfnai,41,0.733,131,0.0376,0.6694,0.0841,0.3396,0.6604,False,U2
genre,minutes,could+become,T3,vix,41,0.733,131,0.0782,0.3749,0.0753,0.3926,0.5285,False,U2
genre,minutes,could+become,H1,cfnai,19,0.708,48,-0.0388,0.7933,0.0207,0.889,0.9176,False,U2
genre,minutes,could+become,H1,vix,19,0.708,48,0.1758,0.2321,0.1528,0.2997,0.7992,False,U2
genre,minutes,could+become,H2,cfnai,18,0.605,43,0.0279,0.8588,0.1361,0.3841,0.611,False,U2
genre,minutes,could+become,H2,vix,18,0.605,43,0.1369,0.3815,0.079,0.6148,0.8208,False,U2
genre,minutes,could+have,T1,cfnai,37,0.707,99,-0.0438,0.6667,-0.0782,0.4417,0.6471,False,U2
genre,minutes,could+have,T1,vix,37,0.707,99,0.0014,0.9891,-0.0035,0.9728,0.9728,False,U2
genre,minutes,could+have,T2,cfnai,32,0.725,91,-0.0615,0.5623,-0.0446,0.6745,0.7391,False,U2
genre,minutes,could+have,T2,vix,32,0.725,91,0.0042,0.9684,-0.0065,0.9514,0.9514,False,U2
genre,minutes,could+have,T3,cfnai,47,0.71,131,-0.035,0.6911,-0.0705,0.4234,0.7208,False,U2
genre,minutes,could+have,T3,vix,47,0.71,131,-0.0344,0.6965,-0.0577,0.5128,0.6432,False,U2
genre,minutes,could+have,H1,cfnai,19,0.729,48,-0.3087,0.0328,-0.2632,0.0707,0.314,False,U2
genre,minutes,could+have,H1,vix,19,0.729,48,0.0316,0.8313,0.0104,0.9441,0.9441,False,U2
genre,minutes,could+have,H2,cfnai,13,0.721,43,0.1145,0.4646,0.191,0.2197,0.4839,False,U2
genre,minutes,could+have,H2,vix,13,0.721,43,0.003,0.9847,-0.0411,0.7938,0.8962,False,U2
genre,minutes,could+help,T1,cfnai,52,0.596,99,-0.0944,0.3526,-0.1026,0.3122,0.5463,True,U2
genre,minutes,could+help,T1,vix,52,0.596,99,0.1119,0.2702,0.0318,0.755,0.8218,True,U2
genre,minutes,could+help,T2,cfnai,45,0.615,91,0.0037,0.9725,-0.0414,0.6969,0.7391,False,U2
genre,minutes,could+help,T2,vix,45,0.615,91,0.1676,0.1122,0.0464,0.662,0.7021,False,U2
genre,minutes,could+help,T3,cfnai,64,0.634,131,-0.0806,0.3602,-0.0843,0.3385,0.6604,False,U2
genre,minutes,could+help,T3,vix,64,0.634,131,0.1043,0.2359,0.0031,0.9718,0.9718,False,U2
genre,minutes,could+help,H1,cfnai,26,0.583,48,-0.1574,0.2853,-0.1832,0.2127,0.3782,False,U2
genre,minutes,could+help,H1,vix,26,0.583,48,0.1942,0.186,0.0539,0.716,0.9042,False,U2
genre,minutes,could+help,H2,cfnai,19,0.651,43,0.1013,0.5181,0.0641,0.6828,0.7966,False,U2
genre,minutes,could+help,H2,vix,19,0.651,43,0.2222,0.1521,0.0853,0.5867,0.8208,False,U2
genre,minutes,could+impede,T1,cfnai,52,0.525,99,0.2179,0.0303,-0.0079,0.9381,0.9381,True,U2
genre,minutes,could+impede,T1,vix,52,0.525,99,0.322,0.0012,0.3617,0.0002,0.0016,True,U2
genre,minutes,could+impede,T2,cfnai,47,0.527,91,0.04,0.7064,-0.111,0.295,0.4985,True,U2
genre,minutes,could+impede,T2,vix,47,0.527,91,0.446,0.0,0.403,0.0001,0.0005,True,U2
genre,minutes,could+impede,T3,cfnai,52,0.641,131,0.1955,0.0252,0.0224,0.7996,0.915,False,U2
genre,minutes,could+impede,T3,vix,52,0.641,131,0.2101,0.016,0.2515,0.0038,0.0183,False,U2
genre,minutes,could+impede,H1,cfnai,0,1.0,48,,,,,,False,U2
genre,minutes,could+impede,H1,vix,0,1.0,48,,,,,,False,U2
genre,minutes,could+impede,H2,cfnai,47,0.0,43,0.0015,0.9922,-0.1905,0.2212,0.4839,True,U2
genre,minutes,could+impede,H2,vix,47,0.0,43,-0.143,0.3604,-0.3661,0.0158,0.184,True,U2
genre,minutes,could+increase,T1,cfnai,47,0.596,99,0.073,0.4728,0.1554,0.1245,0.4359,True,U2
genre,minutes,could+increase,T1,vix,47,0.596,99,-0.0788,0.4384,-0.1761,0.0812,0.1578,True,U2
genre,minutes,could+increase,T2,cfnai,43,0.593,91,0.1792,0.0893,0.2209,0.0354,0.1548,True,U2
genre,minutes,could+increase,T2,vix,43,0.593,91,-0.172,0.1031,-0.181,0.0859,0.188,True,U2
genre,minutes,could+increase,T3,cfnai,56,0.626,131,0.0697,0.4291,0.1619,0.0646,0.3184,False,U2
genre,minutes,could+increase,T3,vix,56,0.626,131,-0.1162,0.1862,-0.1616,0.0652,0.1342,False,U2
genre,minutes,could+increase,H1,cfnai,32,0.438,48,0.2093,0.1535,0.2192,0.1345,0.3385,False,U2
genre,minutes,could+increase,H1,vix,32,0.438,48,-0.2119,0.1483,-0.2793,0.0545,0.4364,False,U2
genre,minutes,could+increase,H2,cfnai,11,0.767,43,0.2333,0.1321,0.2592,0.0933,0.2905,False,U2
genre,minutes,could+increase,H2,vix,11,0.767,43,0.2029,0.1919,0.2643,0.0867,0.2797,False,U2
genre,minutes,could+lead,T1,cfnai,69,0.525,99,0.1046,0.3028,0.1255,0.2159,0.4884,True,U2
genre,minutes,could+lead,T1,vix,69,0.525,99,-0.0514,0.6131,-0.0291,0.7748,0.8218,True,U2
genre,minutes,could+lead,T2,cfnai,60,0.56,91,0.0407,0.7016,0.0652,0.5391,0.6739,True,U2
genre,minutes,could+lead,T2,vix,60,0.56,91,-0.1355,0.2004,-0.101,0.341,0.4116,True,U2
genre,minutes,could+lead,T3,cfnai,96,0.496,131,0.0898,0.3079,0.0947,0.2819,0.6167,True,U2
genre,minutes,could+lead,T3,vix,96,0.496,131,0.0318,0.7186,0.0361,0.6827,0.7964,True,U2
genre,minutes,could+lead,H1,cfnai,42,0.479,48,0.1916,0.1921,0.2101,0.1518,0.3385,True,U2
genre,minutes,could+lead,H1,vix,42,0.479,48,-0.1641,0.265,-0.0985,0.5054,0.8512,True,U2
genre,minutes,could+lead,H2,cfnai,18,0.651,43,-0.0728,0.6429,-0.1084,0.4888,0.6753,False,U2
genre,minutes,could+lead,H2,vix,18,0.651,43,0.1006,0.5208,0.1288,0.4106,0.7798,False,U2
genre,minutes,could+result,T1,cfnai,41,0.636,99,-0.1509,0.136,-0.0473,0.6418,0.7886,False,U2
genre,minutes,could+result,T1,vix,41,0.636,99,-0.0878,0.3873,-0.1191,0.2404,0.3236,False,U2
genre,minutes,could+result,T2,cfnai,36,0.648,91,-0.0139,0.8962,-0.0437,0.6811,0.7391,False,U2
genre,minutes,could+result,T2,vix,36,0.648,91,-0.1621,0.1249,-0.1777,0.092,0.1894,False,U2
genre,minutes,could+result,T3,cfnai,43,0.71,131,-0.1373,0.1178,0.0082,0.9262,0.9824,False,U2
genre,minutes,could+result,T3,vix,43,0.71,131,-0.1167,0.1843,-0.1505,0.0862,0.1588,False,U2
genre,minutes,could+result,H1,cfnai,22,0.604,48,-0.034,0.8187,0.0343,0.8169,0.8713,False,U2
genre,minutes,could+result,H1,vix,22,0.604,48,-0.0633,0.6691,-0.0648,0.6617,0.9042,False,U2
genre,minutes,could+result,H2,cfnai,14,0.698,43,0.0019,0.9903,-0.0558,0.7222,0.8154,False,U2
genre,minutes,could+result,H2,vix,14,0.698,43,-0.2386,0.1234,-0.2779,0.0712,0.2797,False,U2
genre,minutes,would+allow,T1,cfnai,32,0.727,99,0.0736,0.4693,-0.1264,0.2124,0.4884,False,U2
genre,minutes,would+allow,T1,vix,32,0.727,99,0.1274,0.2088,0.1847,0.0672,0.1438,False,U2
genre,minutes,would+allow,T2,cfnai,28,0.736,91,-0.0962,0.3643,-0.1338,0.2059,0.4505,False,U2
genre,minutes,would+allow,T2,vix,28,0.736,91,0.2129,0.0428,0.2407,0.0215,0.058,False,U2
genre,minutes,would+allow,T3,cfnai,40,0.74,131,0.0647,0.4631,-0.1005,0.2534,0.6167,False,U2
genre,minutes,would+allow,T3,vix,40,0.74,131,0.069,0.4339,0.0952,0.2794,0.3911,False,U2
genre,minutes,would+allow,H1,cfnai,14,0.75,48,-0.2103,0.1514,-0.2216,0.1301,0.3385,False,U2
genre,minutes,would+allow,H1,vix,14,0.75,48,0.3279,0.0229,0.3137,0.0299,0.3191,False,U2
genre,minutes,would+allow,H2,cfnai,14,0.721,43,-0.0418,0.7899,-0.102,0.5151,0.6753,False,U2
genre,minutes,would+allow,H2,vix,14,0.721,43,0.1155,0.4609,0.161,0.3025,0.6227,False,U2
genre,minutes,would+assess,T1,cfnai,52,0.505,99,-0.198,0.0495,-0.4269,0.0,0.0002,True,U2
genre,minutes,would+assess,T1,vix,52,0.505,99,-0.1367,0.1774,-0.142,0.1608,0.2447,True,U2
genre,minutes,would+assess,T2,cfnai,47,0.516,91,-0.3909,0.0001,-0.4079,0.0001,0.001,True,U2
genre,minutes,would+assess,T2,vix,47,0.516,91,-0.2068,0.0493,-0.1351,0.2017,0.3082,True,U2
genre,minutes,would+assess,T3,cfnai,53,0.618,131,-0.1838,0.0356,-0.3485,0.0,0.0008,False,U2
genre,minutes,would+assess,T3,vix,53,0.618,131,-0.1639,0.0614,-0.2036,0.0197,0.0575,False,U2
genre,minutes,would+assess,H1,cfnai,25,0.5,48,-0.3098,0.0321,-0.3084,0.0329,0.2109,False,U2
genre,minutes,would+assess,H1,vix,25,0.5,48,-0.127,0.3898,-0.1115,0.4507,0.8512,False,U2
genre,minutes,would+assess,H2,cfnai,22,0.535,43,-0.4444,0.0028,-0.4134,0.0059,0.0293,False,U2
genre,minutes,would+assess,H2,vix,22,0.535,43,-0.4057,0.007,-0.4143,0.0057,0.1006,False,U2
genre,minutes,would+be+appropriate,T1,cfnai,237,0.081,99,0.1736,0.0857,0.2242,0.0257,0.1304,True,U2
genre,minutes,would+be+appropriate,T1,vix,237,0.081,99,0.3708,0.0002,0.3508,0.0004,0.0019,True,U2
genre,minutes,would+be+appropriate,T2,cfnai,204,0.088,91,0.2188,0.0372,0.2224,0.0341,0.1548,True,U2
genre,minutes,would+be+appropriate,T2,vix,204,0.088,91,0.4244,0.0,0.3178,0.0021,0.0083,True,U2
genre,minutes,would+be+appropriate,T3,cfnai,271,0.153,131,0.1544,0.0783,0.2005,0.0217,0.1265,True,U2
genre,minutes,would+be+appropriate,T3,vix,271,0.153,131,0.2273,0.009,0.2063,0.0181,0.0575,True,U2
genre,minutes,would+be+appropriate,H1,cfnai,86,0.104,48,0.2357,0.1068,0.3207,0.0263,0.21,True,U2
genre,minutes,would+be+appropriate,H1,vix,86,0.104,48,0.202,0.1685,0.1862,0.2052,0.6317,True,U2
genre,minutes,would+be+appropriate,H2,cfnai,118,0.07,43,0.2119,0.1726,0.2545,0.0996,0.2905,True,U2
genre,minutes,would+be+appropriate,H2,vix,118,0.07,43,0.3633,0.0167,0.2572,0.0959,0.2797,True,U2
genre,minutes,would+be+consistent,T1,cfnai,36,0.768,99,0.0444,0.6625,-0.025,0.8056,0.888,False,U2
genre,minutes,would+be+consistent,T1,vix,36,0.768,99,-0.0981,0.3341,-0.0494,0.6275,0.7084,False,U2
genre,minutes,would+be+consistent,T2,cfnai,34,0.758,91,0.0987,0.3517,0.0108,0.9194,0.9465,False,U2
genre,minutes,would+be+consistent,T2,vix,34,0.758,91,-0.0107,0.92,0.0344,0.7459,0.7678,False,U2
genre,minutes,would+be+consistent,T3,cfnai,42,0.779,131,0.0365,0.6791,-0.0545,0.536,0.8157,False,U2
genre,minutes,would+be+consistent,T3,vix,42,0.779,131,-0.0484,0.5827,-0.0116,0.895,0.9718,False,U2
genre,minutes,would+be+consistent,H1,cfnai,22,0.75,48,0.1828,0.2138,0.0949,0.5212,0.7161,False,U2
genre,minutes,would+be+consistent,H1,vix,22,0.75,48,0.1574,0.2854,0.1814,0.2171,0.6317,False,U2
genre,minutes,would+be+consistent,H2,cfnai,12,0.767,43,0.0478,0.7606,-0.1006,0.5209,0.6753,False,U2
genre,minutes,would+be+consistent,H2,vix,12,0.767,43,-0.0873,0.5779,-0.0889,0.5707,0.8208,False,U2
genre,minutes,would+be+important,T1,cfnai,52,0.586,99,-0.2923,0.0033,-0.0176,0.8626,0.888,True,U2
genre,minutes,would+be+important,T1,vix,52,0.586,99,0.2519,0.0119,0.183,0.0699,0.1438,True,U2
genre,minutes,would+be+important,T2,cfnai,41,0.615,91,0.0829,0.4348,0.11,0.2991,0.4985,False,U2
genre,minutes,would+be+important,T2,vix,41,0.615,91,0.0605,0.5692,0.1026,0.333,0.4116,False,U2
genre,minutes,would+be+important,T3,cfnai,55,0.664,131,-0.2719,0.0017,0.023,0.7939,0.915,False,U2
genre,minutes,would+be+important,T3,vix,55,0.664,131,0.1861,0.0333,0.1211,0.1682,0.2676,False,U2
genre,minutes,would+be+important,H1,cfnai,20,0.646,48,0.1536,0.2972,0.2526,0.0833,0.314,False,U2
genre,minutes,would+be+important,H1,vix,20,0.646,48,-0.0059,0.968,-0.0138,0.9256,0.9441,False,U2
genre,minutes,would+be+important,H2,cfnai,21,0.581,43,0.0377,0.8105,0.0224,0.8865,0.9126,False,U2
genre,minutes,would+be+important,H2,vix,21,0.581,43,0.0386,0.8061,0.0716,0.6482,0.8208,False,U2
genre,minutes,would+be+prepared,T1,cfnai,49,0.505,99,0.1536,0.1292,-0.1053,0.2994,0.5463,True,U2
genre,minutes,would+be+prepared,T1,vix,49,0.505,99,0.284,0.0044,0.3136,0.0016,0.0069,True,U2
genre,minutes,would+be+prepared,T2,cfnai,45,0.505,91,-0.0486,0.6474,-0.1989,0.0587,0.2282,True,U2
genre,minutes,would+be+prepared,T2,vix,45,0.505,91,0.4122,0.0,0.3663,0.0004,0.0018,True,U2
genre,minutes,would+be+prepared,T3,cfnai,51,0.611,131,0.1338,0.1275,-0.0482,0.5844,0.8522,False,U2
genre,minutes,would+be+prepared,T3,vix,51,0.611,131,0.1739,0.047,0.2175,0.0126,0.044,False,U2
genre,minutes,would+be+prepared,H1,cfnai,2,0.958,48,0.2031,0.1662,0.2366,0.1054,0.3374,False,U2
genre,minutes,would+be+prepared,H1,vix,2,0.958,48,0.0243,0.8697,0.0266,0.8573,0.9221,False,U2
genre,minutes,would+be+prepared,H2,cfnai,43,0.0,43,-0.6779,0.0,-0.5684,0.0001,0.0024,True,U2
genre,minutes,would+be+prepared,H2,vix,43,0.0,43,-0.4038,0.0073,-0.4835,0.001,0.0357,True,U2
genre,minutes,would+continue,T1,cfnai,256,0.091,99,0.0149,0.8838,-0.0768,0.4501,0.6471,True,U2
genre,minutes,would+continue,T1,vix,256,0.091,99,0.2809,0.0049,0.2243,0.0256,0.0689,True,U2
genre,minutes,would+continue,T2,cfnai,217,0.099,91,0.0476,0.6539,-0.1216,0.251,0.4624,True,U2
genre,minutes,would+continue,T2,vix,217,0.099,91,0.1369,0.1955,0.1335,0.207,0.3082,True,U2
genre,minutes,would+continue,T3,cfnai,293,0.176,131,0.0141,0.873,-0.0182,0.8366,0.915,True,U2
genre,minutes,would+continue,T3,vix,293,0.176,131,0.2119,0.0151,0.1662,0.0578,0.1264,True,U2
genre,minutes,would+continue,H1,cfnai,89,0.188,48,-0.3037,0.0359,-0.3599,0.012,0.1279,True,U2
genre,minutes,would+continue,H1,vix,89,0.188,48,0.049,0.7408,-0.054,0.7154,0.9042,True,U2
genre,minutes,would+continue,H2,cfnai,128,0.0,43,0.2273,0.1427,0.1942,0.2122,0.4839,True,U2
genre,minutes,would+continue,H2,vix,128,0.0,43,-0.1493,0.3393,-0.1756,0.26,0.6119,True,U2
genre,minutes,would+depend,T1,cfnai,117,0.404,99,0.1329,0.1896,0.4957,0.0,0.0,True,U2
genre,minutes,would+depend,T1,vix,117,0.404,99,0.0142,0.889,-0.0805,0.4281,0.5167,True,U2
genre,minutes,would+depend,T2,cfnai,97,0.429,91,0.4826,0.0,0.5027,0.0,0.0,True,U2
genre,minutes,would+depend,T2,vix,97,0.429,91,-0.1516,0.1516,-0.208,0.0479,0.1118,True,U2
genre,minutes,would+depend,T3,cfnai,129,0.481,131,0.1198,0.1728,0.4193,0.0,0.0,True,U2
genre,minutes,would+depend,T3,vix,129,0.481,131,-0.056,0.5249,-0.1382,0.1156,0.1926,True,U2
genre,minutes,would+depend,H1,cfnai,69,0.208,48,0.58,0.0,0.582,0.0,0.0005,True,U2
genre,minutes,would+depend,H1,vix,69,0.208,48,-0.2471,0.0905,-0.2493,0.0875,0.5004,True,U2
genre,minutes,would+depend,H2,cfnai,28,0.674,43,0.5292,0.0003,0.4738,0.0013,0.0156,False,U2
genre,minutes,would+depend,H2,vix,28,0.674,43,0.253,0.1017,0.2292,0.1393,0.3749,False,U2
genre,minutes,would+expand,T1,cfnai,83,0.606,99,0.0478,0.6384,0.1119,0.2703,0.5463,False,U2
genre,minutes,would+expand,T1,vix,83,0.606,99,-0.4045,0.0,-0.4695,0.0,0.0,False,U2
genre,minutes,would+expand,T2,cfnai,82,0.582,91,0.0152,0.886,0.1236,0.243,0.4624,True,U2
genre,minutes,would+expand,T2,vix,82,0.582,91,-0.4401,0.0,-0.4682,0.0,0.0,True,U2
genre,minutes,would+expand,T3,cfnai,87,0.672,131,0.0451,0.6092,0.1448,0.099,0.3184,False,U2
genre,minutes,would+expand,T3,vix,87,0.672,131,-0.3439,0.0001,-0.4068,0.0,0.0,False,U2
genre,minutes,would+expand,H1,cfnai,79,0.271,48,0.1193,0.4194,0.0788,0.5946,0.7161,True,U2
genre,minutes,would+expand,H1,vix,79,0.271,48,-0.3598,0.012,-0.3746,0.0087,0.1392,True,U2
genre,minutes,would+expand,H2,cfnai,3,0.93,43,-0.0368,0.8147,-0.0164,0.9168,0.9168,False,U2
genre,minutes,would+expand,H2,vix,3,0.93,43,0.2293,0.1392,0.2602,0.092,0.2797,False,U2
genre,minutes,would+expect,T1,cfnai,48,0.576,99,0.0595,0.5583,0.1235,0.2233,0.4884,True,U2
genre,minutes,would+expect,T1,vix,48,0.576,99,-0.1509,0.1359,-0.155,0.1256,0.2199,True,U2
genre,minutes,would+expect,T2,cfnai,45,0.571,91,0.1275,0.2284,0.092,0.3857,0.5869,True,U2
genre,minutes,would+expect,T2,vix,45,0.571,91,-0.1247,0.2388,-0.1502,0.1552,0.2859,True,U2
genre,minutes,would+expect,T3,cfnai,74,0.519,131,0.05,0.5708,0.0609,0.4894,0.7786,True,U2
genre,minutes,would+expect,T3,vix,74,0.519,131,-0.0168,0.849,-0.0455,0.6057,0.731,True,U2
genre,minutes,would+expect,H1,cfnai,29,0.479,48,0.1398,0.3432,0.0767,0.6042,0.7161,False,U2
genre,minutes,would+expect,H1,vix,29,0.479,48,-0.122,0.4089,-0.1067,0.4706,0.8512,False,U2
genre,minutes,would+expect,H2,cfnai,16,0.674,43,0.148,0.3434,0.112,0.4748,0.6753,False,U2
genre,minutes,would+expect,H2,vix,16,0.674,43,0.028,0.8586,0.0357,0.8201,0.897,False,U2
genre,minutes,would+have,T1,cfnai,35,0.697,99,-0.0311,0.7602,0.0747,0.4622,0.6471,False,U2
genre,minutes,would+have,T1,vix,35,0.697,99,0.1092,0.2821,0.1314,0.1947,0.284,False,U2
genre,minutes,would+have,T2,cfnai,32,0.703,91,0.0628,0.5541,0.0838,0.4296,0.6265,False,U2
genre,minutes,would+have,T2,vix,32,0.703,91,0.1097,0.3004,0.1218,0.25,0.35,False,U2
genre,minutes,would+have,T3,cfnai,46,0.718,131,-0.0272,0.7574,0.04,0.6501,0.8751,False,U2
genre,minutes,would+have,T3,vix,46,0.718,131,0.1093,0.2139,0.1466,0.0948,0.166,False,U2
genre,minutes,would+have,H1,cfnai,18,0.708,48,-0.0312,0.8334,0.056,0.7056,0.7841,False,U2
genre,minutes,would+have,H1,vix,18,0.708,48,0.2044,0.1634,0.21,0.1521,0.6317,False,U2
genre,minutes,would+have,H2,cfnai,14,0.698,43,0.1384,0.376,0.1105,0.4805,0.6753,False,U2
genre,minutes,would+have,H2,vix,14,0.698,43,0.0548,0.7273,0.0288,0.8545,0.9063,False,U2
genre,minutes,would+help,T1,cfnai,84,0.455,99,-0.0822,0.4187,0.0182,0.8583,0.888,True,U2
genre,minutes,would+help,T1,vix,84,0.455,99,0.329,0.0009,0.3579,0.0003,0.0016,True,U2
genre,minutes,would+help,T2,cfnai,70,0.495,91,0.1259,0.2342,0.0751,0.4794,0.6582,True,U2
genre,minutes,would+help,T2,vix,70,0.495,91,0.3517,0.0006,0.338,0.0011,0.0046,True,U2
genre,minutes,would+help,T3,cfnai,92,0.527,131,-0.0771,0.3811,0.0341,0.6988,0.9058,True,U2
genre,minutes,would+help,T3,vix,92,0.527,131,0.2464,0.0046,0.2662,0.0021,0.0148,True,U2
genre,minutes,would+help,H1,cfnai,21,0.667,48,0.202,0.1687,0.2067,0.1587,0.3385,False,U2
genre,minutes,would+help,H1,vix,21,0.667,48,0.1584,0.2824,0.1868,0.2035,0.6317,False,U2
genre,minutes,would+help,H2,cfnai,49,0.302,43,0.087,0.5792,0.031,0.8434,0.8945,True,U2
genre,minutes,would+help,H2,vix,49,0.302,43,0.1843,0.2368,0.0805,0.6076,0.8208,True,U2
genre,minutes,would+increase,T1,cfnai,55,0.586,99,0.0597,0.557,0.1241,0.2211,0.4884,True,U2
genre,minutes,would+increase,T1,vix,55,0.586,99,-0.1146,0.2588,-0.1197,0.2381,0.3236,True,U2
genre,minutes,would+increase,T2,cfnai,53,0.571,91,0.0871,0.4118,0.1548,0.1428,0.357,True,U2
genre,minutes,would+increase,T2,vix,53,0.571,91,-0.0491,0.644,-0.063,0.5531,0.6453,True,U2
genre,minutes,would+increase,T3,cfnai,70,0.603,131,0.0571,0.5168,0.1443,0.1001,0.3184,False,U2
genre,minutes,would+increase,T3,vix,70,0.603,131,-0.0173,0.8447,-0.0052,0.9531,0.9718,False,U2
genre,minutes,would+increase,H1,cfnai,40,0.396,48,0.0673,0.6496,0.1114,0.4511,0.6874,True,U2
genre,minutes,would+increase,H1,vix,40,0.396,48,0.0689,0.6417,0.0502,0.7347,0.9042,True,U2
genre,minutes,would+increase,H2,cfnai,13,0.767,43,0.1548,0.3216,0.2243,0.1482,0.399,False,U2
genre,minutes,would+increase,H2,vix,13,0.767,43,0.2243,0.1483,0.3484,0.0221,0.193,False,U2
genre,minutes,would+move,T1,cfnai,54,0.636,99,0.1082,0.2864,0.1031,0.3098,0.5463,False,U2
genre,minutes,would+move,T1,vix,54,0.636,99,-0.1315,0.1947,-0.1449,0.1525,0.2447,False,U2
genre,minutes,would+move,T2,cfnai,52,0.626,91,0.1213,0.252,0.093,0.3806,0.5869,False,U2
genre,minutes,would+move,T2,vix,52,0.626,91,-0.125,0.2376,-0.1323,0.2113,0.3082,False,U2
genre,minutes,would+move,T3,cfnai,64,0.664,131,0.0943,0.2841,0.0418,0.6356,0.8751,False,U2
genre,minutes,would+move,T3,vix,64,0.664,131,-0.2018,0.0208,-0.2456,0.0047,0.0183,False,U2
genre,minutes,would+move,H1,cfnai,40,0.521,48,0.0818,0.5803,0.055,0.7106,0.7841,True,U2
genre,minutes,would+move,H1,vix,40,0.521,48,0.1003,0.4978,0.0503,0.7345,0.9042,True,U2
genre,minutes,would+move,H2,cfnai,12,0.744,43,0.2723,0.0773,0.1642,0.2926,0.602,False,U2
genre,minutes,would+move,H2,vix,12,0.744,43,-0.0904,0.5643,-0.0481,0.7591,0.8857,False,U2
genre,minutes,would+need,T1,cfnai,75,0.525,99,-0.1559,0.1234,-0.2965,0.0029,0.0202,True,U2
genre,minutes,would+need,T1,vix,75,0.525,99,-0.0184,0.8566,0.0218,0.8306,0.855,True,U2
genre,minutes,would+need,T2,cfnai,70,0.527,91,-0.2164,0.0393,-0.2596,0.013,0.0907,True,U2
genre,minutes,would+need,T2,vix,70,0.527,91,0.035,0.7417,0.0547,0.6064,0.6829,True,U2
genre,minutes,would+need,T3,cfnai,106,0.519,131,-0.117,0.183,-0.2335,0.0073,0.0509,True,U2
genre,minutes,would+need,T3,vix,106,0.519,131,0.0064,0.9426,0.0089,0.9199,0.9718,True,U2
genre,minutes,would+need,H1,cfnai,36,0.583,48,-0.3564,0.0129,-0.3779,0.0081,0.1279,False,U2
genre,minutes,would+need,H1,vix,36,0.583,48,0.0232,0.8757,0.1248,0.398,0.8512,False,U2
genre,minutes,would+need,H2,cfnai,34,0.465,43,-0.1473,0.3458,-0.1496,0.3384,0.602,False,U2
genre,minutes,would+need,H2,vix,34,0.465,43,-0.0367,0.8153,-0.08,0.6101,0.8208,False,U2
genre,minutes,would+provide,T1,cfnai,41,0.667,99,-0.0307,0.7628,0.0457,0.6534,0.7886,False,U2
genre,minutes,would+provide,T1,vix,41,0.667,99,0.09,0.3758,0.0617,0.5438,0.6345,False,U2
genre,minutes,would+provide,T2,cfnai,34,0.703,91,0.0977,0.357,0.0735,0.489,0.6582,False,U2
genre,minutes,would+provide,T2,vix,34,0.703,91,-0.0915,0.3881,-0.052,0.6244,0.6829,False,U2
genre,minutes,would+provide,T3,cfnai,51,0.687,131,-0.0343,0.6972,0.0001,0.9995,0.9995,False,U2
genre,minutes,would+provide,T3,vix,51,0.687,131,0.0479,0.5872,0.0114,0.8974,0.9718,False,U2
genre,minutes,would+provide,H1,cfnai,26,0.583,48,0.1037,0.4829,0.0833,0.5737,0.7161,False,U2
genre,minutes,would+provide,H1,vix,26,0.583,48,0.0513,0.7293,0.1037,0.4832,0.8512,False,U2
genre,minutes,would+provide,H2,cfnai,8,0.837,43,0.1658,0.2881,0.0479,0.7601,0.8314,False,U2
genre,minutes,would+provide,H2,vix,8,0.837,43,0.0427,0.7859,0.1253,0.4233,0.7798,False,U2
genre,minutes,would+remain,T1,cfnai,112,0.394,99,0.1681,0.0963,0.134,0.1862,0.4884,True,U2
genre,minutes,would+remain,T1,vix,112,0.394,99,-0.161,0.1115,-0.2023,0.0447,0.1116,True,U2
genre,minutes,would+remain,T2,cfnai,103,0.385,91,0.1378,0.1927,0.1564,0.1388,0.357,True,U2
genre,minutes,would+remain,T2,vix,103,0.385,91,-0.1258,0.2348,-0.1528,0.1483,0.2859,True,U2
genre,minutes,would+remain,T3,cfnai,144,0.366,131,0.1554,0.0763,0.0958,0.2763,0.6167,True,U2
genre,minutes,would+remain,T3,vix,144,0.366,131,-0.1415,0.1068,-0.1767,0.0434,0.1014,True,U2
genre,minutes,would+remain,H1,cfnai,78,0.208,48,0.2414,0.0983,0.2487,0.0883,0.314,True,U2
genre,minutes,would+remain,H1,vix,78,0.208,48,0.2665,0.0671,0.1088,0.4618,0.8512,True,U2
genre,minutes,would+remain,H2,cfnai,25,0.581,43,0.1387,0.375,0.0726,0.6434,0.7765,False,U2
genre,minutes,would+remain,H2,vix,25,0.581,43,-0.1375,0.3793,-0.0743,0.6359,0.8208,False,U2
genre,minutes,would+require,T1,cfnai,31,0.758,99,0.0253,0.8034,0.0203,0.8421,0.888,False,U2
genre,minutes,would+require,T1,vix,31,0.758,99,-0.1772,0.0793,-0.1721,0.0885,0.163,False,U2
genre,minutes,would+require,T2,cfnai,29,0.747,91,0.0005,0.9961,0.0614,0.563,0.6794,False,U2
genre,minutes,would+require,T2,vix,29,0.747,91,-0.1101,0.2989,-0.103,0.3314,0.4116,False,U2
genre,minutes,would+require,T3,cfnai,43,0.733,131,0.0212,0.8103,0.0018,0.9838,0.9995,False,U2
genre,minutes,would+require,T3,vix,43,0.733,131,-0.2066,0.0179,-0.1839,0.0355,0.0888,False,U2
genre,minutes,would+require,H1,cfnai,22,0.667,48,0.1353,0.3592,0.2122,0.1477,0.3385,False,U2
genre,minutes,would+require,H1,vix,22,0.667,48,0.0763,0.6064,0.0253,0.8645,0.9221,False,U2
genre,minutes,would+require,H2,cfnai,7,0.837,43,-0.1312,0.4016,-0.1558,0.3184,0.602,False,U2
genre,minutes,would+require,H2,vix,7,0.837,43,-0.1202,0.4427,-0.0698,0.6567,0.8208,False,U2
genre,minutes,would+rise,T1,cfnai,50,0.677,99,0.0276,0.7861,0.0381,0.7079,0.8258,False,U2
genre,minutes,would+rise,T1,vix,50,0.677,99,-0.1562,0.1225,-0.1425,0.1595,0.2447,False,U2
genre,minutes,would+rise,T2,cfnai,49,0.659,91,-0.1028,0.3324,-0.0043,0.9678,0.9678,False,U2
genre,minutes,would+rise,T2,vix,49,0.659,91,-0.1005,0.3434,-0.1095,0.3014,0.4057,False,U2
genre,minutes,would+rise,T3,cfnai,59,0.695,131,0.0305,0.7295,0.0692,0.4325,0.7208,False,U2
genre,minutes,would+rise,T3,vix,59,0.695,131,-0.1794,0.0404,-0.1912,0.0287,0.0773,False,U2
genre,minutes,would+rise,H1,cfnai,46,0.417,48,-0.2271,0.1205,-0.1957,0.1825,0.3435,True,U2
genre,minutes,would+rise,H1,vix,46,0.417,48,0.2248,0.1245,0.2446,0.0938,0.5004,True,U2
genre,minutes,would+rise,H2,cfnai,3,0.93,43,0.1087,0.4878,0.1427,0.3612,0.602,False,U2
genre,minutes,would+rise,H2,vix,3,0.93,43,0.3175,0.038,0.2624,0.0892,0.2797,False,U2
genre,minutes,would+take,T1,cfnai,123,0.131,99,-0.161,0.1113,-0.1914,0.0577,0.2525,True,U2
genre,minutes,would+take,T1,vix,123,0.131,99,0.3755,0.0001,0.299,0.0026,0.0093,True,U2
genre,minutes,would+take,T2,cfnai,109,0.143,91,-0.0198,0.8523,-0.1252,0.237,0.4624,True,U2
genre,minutes,would+take,T2,vix,109,0.143,91,0.3693,0.0003,0.2818,0.0068,0.0216,True,U2
genre,minutes,would+take,T3,cfnai,127,0.321,131,-0.1396,0.1118,-0.146,0.0962,0.3184,True,U2
genre,minutes,would+take,T3,vix,127,0.321,131,0.1878,0.0317,0.0984,0.2635,0.3842,True,U2
genre,minutes,would+take,H1,cfnai,45,0.229,48,-0.2945,0.0422,-0.2733,0.0602,0.314,True,U2
genre,minutes,would+take,H1,vix,45,0.229,48,0.0177,0.905,0.0353,0.8119,0.9221,True,U2
genre,minutes,would+take,H2,cfnai,64,0.047,43,0.0616,0.6949,0.1457,0.3513,0.602,True,U2
genre,minutes,would+take,H2,vix,64,0.047,43,0.2931,0.0565,0.1748,0.2622,0.6119,True,U2
genre,minutes,would+warrant,T1,cfnai,43,0.677,99,0.0599,0.556,0.1339,0.1864,0.4884,False,U2
genre,minutes,would+warrant,T1,vix,43,0.677,99,-0.1734,0.0861,-0.1949,0.0532,0.1242,False,U2
genre,minutes,would+warrant,T2,cfnai,43,0.648,91,0.0989,0.3508,0.1358,0.1994,0.4505,False,U2
genre,minutes,would+warrant,T2,vix,43,0.648,91,-0.1042,0.3255,-0.1416,0.1806,0.3082,False,U2
genre,minutes,would+warrant,T3,cfnai,57,0.664,131,0.0472,0.5924,0.0798,0.3647,0.6718,False,U2
genre,minutes,would+warrant,T3,vix,57,0.664,131,-0.1617,0.065,-0.1533,0.0805,0.1566,False,U2
genre,minutes,would+warrant,H1,cfnai,32,0.5,48,-0.1686,0.252,-0.1269,0.3899,0.6519,False,U2
genre,minutes,would+warrant,H1,vix,32,0.5,48,-0.0564,0.7033,-0.0446,0.7633,0.9047,False,U2
genre,minutes,would+warrant,H2,cfnai,11,0.814,43,0.3326,0.0293,0.3863,0.0105,0.041,False,U2
genre,minutes,would+warrant,H2,vix,11,0.814,43,0.1213,0.4384,0.1684,0.2804,0.6134,False,U2
genre,statement,could+impede,T1,cfnai,46,0.545,101,0.1358,0.1757,-0.0771,0.4432,0.6471,True,U2
genre,statement,could+impede,T1,vix,46,0.545,101,0.1983,0.0468,0.3589,0.0002,0.0016,True,U2
genre,statement,could+impede,T2,cfnai,43,0.527,91,-0.0854,0.4209,-0.1809,0.0861,0.2575,True,U2
genre,statement,could+impede,T2,vix,43,0.527,91,0.474,0.0,0.4739,0.0,0.0,True,U2
genre,statement,could+impede,T3,cfnai,46,0.654,133,0.1216,0.1633,-0.0208,0.8119,0.915,False,U2
genre,statement,could+impede,T3,vix,46,0.654,133,0.1316,0.131,0.2467,0.0042,0.0183,False,U2
genre,statement,could+impede,H1,cfnai,0,1.0,48,,,,,,False,U2
genre,statement,could+impede,H1,vix,0,1.0,48,,,,,,False,U2
genre,statement,could+impede,H2,cfnai,43,0.0,43,-0.6024,0.0,-0.4384,0.0033,0.0213,True,U2
genre,statement,could+impede,H2,vix,43,0.0,43,0.0006,0.9969,-0.0119,0.9398,0.9398,True,U2
genre,statement,will+assess,T1,cfnai,72,0.287,101,-0.222,0.0256,-0.3556,0.0003,0.0023,True,U2
genre,statement,will+assess,T1,vix,72,0.287,101,-0.2315,0.0198,-0.2653,0.0073,0.0233,True,U2
genre,statement,will+assess,T2,cfnai,66,0.275,91,-0.3973,0.0001,-0.2983,0.0041,0.0396,True,U2
genre,statement,will+assess,T2,vix,66,0.275,91,-0.2899,0.0053,-0.2279,0.0298,0.0745,True,U2
genre,statement,will+assess,T3,cfnai,74,0.444,133,-0.1907,0.0279,-0.251,0.0036,0.0312,True,U2
genre,statement,will+assess,T3,vix,74,0.444,133,-0.2294,0.0079,-0.3208,0.0002,0.0015,True,U2
genre,statement,will+assess,H1,cfnai,47,0.021,48,-0.109,0.4608,0.0059,0.968,0.968,True,U2
genre,statement,will+assess,H1,vix,47,0.021,48,0.1108,0.4533,-0.071,0.6315,0.9042,True,U2
genre,statement,will+assess,H2,cfnai,19,0.558,43,-0.4938,0.0008,-0.4338,0.0037,0.0213,False,U2
genre,statement,will+assess,H2,vix,19,0.558,43,-0.3207,0.036,-0.2647,0.0862,0.2797,False,U2
genre,statement,will+be+appropriate,T1,cfnai,43,0.614,101,0.2223,0.0254,0.3639,0.0002,0.0021,False,U2
genre,statement,will+be+appropriate,T1,vix,43,0.614,101,0.1791,0.0731,0.235,0.018,0.0525,False,U2
genre,statement,will+be+appropriate,T2,cfnai,40,0.604,91,0.3078,0.003,0.295,0.0045,0.0396,False,U2
genre,statement,will+be+appropriate,T2,vix,40,0.604,91,0.3816,0.0002,0.2868,0.0058,0.0204,False,U2
genre,statement,will+be+appropriate,T3,cfnai,53,0.639,133,0.2066,0.017,0.3197,0.0002,0.0021,False,U2
genre,statement,will+be+appropriate,T3,vix,53,0.639,133,0.0656,0.4529,0.057,0.5146,0.6432,False,U2
genre,statement,will+be+appropriate,H1,cfnai,16,0.708,48,0.0676,0.6479,0.0816,0.5814,0.7161,False,U2
genre,statement,will+be+appropriate,H1,vix,16,0.708,48,0.1172,0.4276,0.0997,0.5002,0.8512,False,U2
genre,statement,will+be+appropriate,H2,cfnai,24,0.488,43,0.4096,0.0064,0.3861,0.0105,0.041,False,U2
genre,statement,will+be+appropriate,H2,vix,24,0.488,43,0.311,0.0424,0.2779,0.0711,0.2797,False,U2
genre,statement,will+continue,T1,cfnai,125,0.327,101,-0.0524,0.603,-0.1638,0.1018,0.3958,True,U2
genre,statement,will+continue,T1,vix,125,0.327,101,0.3364,0.0006,0.4083,0.0,0.0004,True,U2
genre,statement,will+continue,T2,cfnai,105,0.352,91,-0.0917,0.3871,-0.1797,0.0883,0.2575,True,U2
genre,statement,will+continue,T2,vix,105,0.352,91,0.3483,0.0007,0.3954,0.0001,0.0006,True,U2
genre,statement,will+continue,T3,cfnai,166,0.286,133,-0.0528,0.5459,-0.1463,0.0928,0.3184,True,U2
genre,statement,will+continue,T3,vix,166,0.286,133,0.3168,0.0002,0.3751,0.0,0.0002,True,U2
genre,statement,will+continue,H1,cfnai,20,0.667,48,-0.2274,0.1201,-0.1966,0.1806,0.3435,False,U2
genre,statement,will+continue,H1,vix,20,0.667,48,0.0964,0.5146,0.0815,0.5821,0.9042,False,U2
genre,statement,will+continue,H2,cfnai,85,0.0,43,-0.2722,0.0774,-0.2556,0.0981,0.2905,True,U2
genre,statement,will+continue,H2,vix,85,0.0,43,-0.338,0.0266,-0.3254,0.0333,0.2328,True,U2
genre,statement,will+monitor,T1,cfnai,32,0.683,101,-0.2734,0.0057,-0.0525,0.602,0.7803,False,U2
genre,statement,will+monitor,T1,vix,32,0.683,101,-0.1575,0.1158,-0.2965,0.0026,0.0093,False,U2
genre,statement,will+monitor,T2,cfnai,29,0.681,91,-0.0369,0.7285,0.0525,0.6214,0.725,False,U2
genre,statement,will+monitor,T2,vix,29,0.681,91,-0.3437,0.0009,-0.4108,0.0001,0.0005,False,U2
genre,statement,will+monitor,T3,cfnai,45,0.662,133,-0.2552,0.003,-0.1149,0.1879,0.5058,False,U2
genre,statement,will+monitor,T3,vix,45,0.662,133,-0.2337,0.0068,-0.3497,0.0,0.0004,False,U2
genre,statement,will+monitor,H1,cfnai,27,0.438,48,0.0455,0.7586,0.1223,0.4074,0.6519,False,U2
genre,statement,will+monitor,H1,vix,27,0.438,48,-0.2814,0.0527,-0.3748,0.0087,0.1392,False,U2
genre,statement,will+monitor,H2,cfnai,2,0.953,43,-0.0912,0.5609,-0.0735,0.6396,0.7765,False,U2
genre,statement,will+monitor,H2,vix,2,0.953,43,0.0098,0.9503,0.0505,0.7478,0.8857,False,U2
genre,statement,will+take,T1,cfnai,123,0.02,101,-0.0308,0.7601,-0.2214,0.0261,0.1304,True,U2
genre,statement,will+take,T1,vix,123,0.02,101,-0.0835,0.4066,0.1009,0.3153,0.4087,True,U2
genre,statement,will+take,T2,cfnai,115,0.0,91,-0.3017,0.0037,-0.244,0.0197,0.1152,True,U2
genre,statement,will+take,T2,vix,115,0.0,91,0.2299,0.0283,0.2719,0.0091,0.0266,True,U2
genre,statement,will+take,T3,cfnai,136,0.173,133,-0.0326,0.7091,-0.1249,0.1519,0.4431,True,U2
genre,statement,will+take,T3,vix,136,0.173,133,-0.1788,0.0394,-0.1112,0.2027,0.3084,True,U2
genre,statement,will+take,H1,cfnai,62,0.0,48,-0.0333,0.8221,0.0881,0.5516,0.7161,True,U2
genre,statement,will+take,H1,vix,62,0.0,48,0.2885,0.0467,0.1978,0.1778,0.6317,True,U2
genre,statement,will+take,H2,cfnai,53,0.0,43,-0.4682,0.0015,-0.4736,0.0013,0.0156,True,U2
genre,statement,will+take,H2,vix,53,0.0,43,-0.0957,0.5415,-0.0729,0.6423,0.8208,True,U2
genre,statement,would+be+prepared,T1,cfnai,46,0.545,101,0.1358,0.1757,-0.0771,0.4432,0.6471,True,U2
genre,statement,would+be+prepared,T1,vix,46,0.545,101,0.1983,0.0468,0.3589,0.0002,0.0016,True,U2
genre,statement,would+be+prepared,T2,cfnai,43,0.527,91,-0.0854,0.4209,-0.1809,0.0861,0.2575,True,U2
genre,statement,would+be+prepared,T2,vix,43,0.527,91,0.474,0.0,0.4739,0.0,0.0,True,U2
genre,statement,would+be+prepared,T3,cfnai,46,0.654,133,0.1216,0.1633,-0.0208,0.8119,0.915,False,U2
genre,statement,would+be+prepared,T3,vix,46,0.654,133,0.1316,0.131,0.2467,0.0042,0.0183,False,U2
genre,statement,would+be+prepared,H1,cfnai,0,1.0,48,,,,,,False,U2
genre,statement,would+be+prepared,H1,vix,0,1.0,48,,,,,,False,U2
genre,statement,would+be+prepared,H2,cfnai,43,0.0,43,-0.6024,0.0,-0.4384,0.0033,0.0213,True,U2
genre,statement,would+be+prepared,H2,vix,43,0.0,43,0.0006,0.9969,-0.0119,0.9398,0.9398,True,U2
layer,min_committee,could+impede,T1,cfnai,46,0.535,99,0.1034,0.3085,-0.1051,0.3003,0.4831,True,U2
layer,min_committee,could+impede,T1,vix,46,0.535,99,0.2618,0.0088,0.3796,0.0001,0.0008,True,U2
layer,min_committee,could+impede,T2,cfnai,43,0.527,91,-0.1294,0.2215,-0.2108,0.0449,0.1187,True,U2
layer,min_committee,could+impede,T2,vix,43,0.527,91,0.4514,0.0,0.4601,0.0,0.0,True,U2
layer,min_committee,could+impede,T3,cfnai,46,0.649,131,0.092,0.2962,-0.0375,0.6704,0.8553,False,U2
layer,min_committee,could+impede,T3,vix,46,0.649,131,0.1643,0.0608,0.2578,0.003,0.0136,False,U2
layer,min_committee,could+impede,H1,cfnai,0,1.0,48,,,,,,False,U2
layer,min_committee,could+impede,H1,vix,0,1.0,48,,,,,,False,U2
layer,min_committee,could+impede,H2,cfnai,43,0.0,43,-0.6488,0.0,-0.5441,0.0002,0.002,True,U2
layer,min_committee,could+impede,H2,vix,43,0.0,43,-0.0669,0.67,-0.0994,0.526,0.7001,True,U2
layer,min_committee,may+be+appropriate,T1,cfnai,13,0.889,99,-0.0217,0.8314,-0.2225,0.0269,0.0995,False,U2
layer,min_committee,may+be+appropriate,T1,vix,13,0.889,99,-0.1071,0.2915,-0.0919,0.3658,0.5206,False,U2
layer,min_committee,may+be+appropriate,T2,cfnai,13,0.879,91,-0.216,0.0397,-0.2529,0.0156,0.072,False,U2
layer,min_committee,may+be+appropriate,T2,vix,13,0.879,91,-0.0718,0.4989,-0.0584,0.5824,0.7224,False,U2
layer,min_committee,may+be+appropriate,T3,cfnai,14,0.908,131,-0.0173,0.8443,-0.1666,0.0571,0.1762,False,U2
layer,min_committee,may+be+appropriate,T3,vix,14,0.908,131,-0.0874,0.3211,-0.0781,0.3754,0.6028,False,U2
layer,min_committee,may+be+appropriate,H1,cfnai,4,0.938,48,-0.1782,0.2256,-0.2244,0.1251,0.3722,False,U2
layer,min_committee,may+be+appropriate,H1,vix,4,0.938,48,0.1094,0.4592,0.0698,0.6371,0.7973,False,U2
layer,min_committee,may+be+appropriate,H2,cfnai,9,0.814,43,-0.2482,0.1085,-0.2487,0.1078,0.2187,False,U2
layer,min_committee,may+be+appropriate,H2,vix,9,0.814,43,-0.3462,0.023,-0.3781,0.0124,0.1924,False,U2
layer,min_committee,will+be+appropriate,T1,cfnai,7,0.929,99,0.1321,0.1923,-0.0124,0.9034,0.9284,False,U2
layer,min_committee,will+be+appropriate,T1,vix,7,0.929,99,-0.1102,0.2775,-0.1022,0.3139,0.4922,False,U2
layer,min_committee,will+be+appropriate,T2,cfnai,6,0.934,91,-0.1036,0.3287,-0.0992,0.3495,0.5059,False,U2
layer,min_committee,will+be+appropriate,T2,vix,6,0.934,91,-0.1634,0.1217,-0.1549,0.1425,0.2669,False,U2
layer,min_committee,will+be+appropriate,T3,cfnai,11,0.916,131,0.0986,0.2624,-0.0544,0.5373,0.8284,False,U2
layer,min_committee,will+be+appropriate,T3,vix,11,0.916,131,-0.1515,0.084,-0.1646,0.0603,0.1716,False,U2
layer,min_committee,will+be+appropriate,H1,cfnai,5,0.896,48,-0.1503,0.3079,-0.1707,0.2459,0.5738,False,U2
layer,min_committee,will+be+appropriate,H1,vix,5,0.896,48,-0.0515,0.7279,0.0557,0.707,0.7973,False,U2
layer,min_committee,will+be+appropriate,H2,cfnai,1,0.977,43,-0.0702,0.6545,-0.0435,0.7816,0.9188,False,U2
layer,min_committee,will+be+appropriate,H2,vix,1,0.977,43,-0.205,0.1874,-0.2362,0.1272,0.3741,False,U2
layer,min_committee,would+assess,T1,cfnai,49,0.515,99,-0.2767,0.0056,-0.4907,0.0,0.0,True,U2
layer,min_committee,would+assess,T1,vix,49,0.515,99,-0.0105,0.9181,-0.0446,0.6608,0.7766,True,U2
layer,min_committee,would+assess,T2,cfnai,44,0.527,91,-0.414,0.0,-0.4299,0.0,0.0004,True,U2
layer,min_committee,would+assess,T2,vix,44,0.527,91,-0.0977,0.3568,-0.0816,0.442,0.584,True,U2
layer,min_committee,would+assess,T3,cfnai,50,0.626,131,-0.2566,0.0031,-0.3915,0.0,0.0,False,U2
layer,min_committee,would+assess,T3,vix,50,0.626,131,-0.0601,0.4952,-0.137,0.1186,0.2926,False,U2
layer,min_committee,would+assess,H1,cfnai,24,0.521,48,-0.3854,0.0068,-0.3789,0.0079,0.0738,False,U2
layer,min_committee,would+assess,H1,vix,24,0.521,48,-0.1363,0.3555,-0.0697,0.6379,0.7973,False,U2
layer,min_committee,would+assess,H2,cfnai,20,0.535,43,-0.4544,0.0022,-0.3939,0.009,0.0309,False,U2
layer,min_committee,would+assess,H2,vix,20,0.535,43,-0.3028,0.0484,-0.2535,0.1009,0.3741,False,U2
layer,min_committee,would+be+appropriate,T1,cfnai,63,0.545,99,0.1601,0.1135,0.4065,0.0,0.0003,True,U2
layer,min_committee,would+be+appropriate,T1,vix,63,0.545,99,0.3883,0.0001,0.3728,0.0001,0.0009,True,U2
layer,min_committee,would+be+appropriate,T2,cfnai,52,0.56,91,0.4468,0.0,0.3914,0.0001,0.0012,True,U2
layer,min_committee,would+be+appropriate,T2,vix,52,0.56,91,0.4488,0.0,0.3335,0.0012,0.0046,True,U2
layer,min_committee,would+be+appropriate,T3,cfnai,84,0.534,131,0.1471,0.0935,0.3998,0.0,0.0,True,U2
layer,min_committee,would+be+appropriate,T3,vix,84,0.534,131,0.273,0.0016,0.2893,0.0008,0.005,True,U2
layer,min_committee,would+be+appropriate,H1,cfnai,19,0.625,48,0.2389,0.1019,0.22,0.1329,0.3722,False,U2
layer,min_committee,would+be+appropriate,H1,vix,19,0.625,48,0.1877,0.2013,0.148,0.3154,0.736,False,U2
layer,min_committee,would+be+appropriate,H2,cfnai,33,0.488,43,0.5388,0.0002,0.5383,0.0002,0.002,False,U2
layer,min_committee,would+be+appropriate,H2,vix,33,0.488,43,0.4068,0.0068,0.3803,0.0119,0.1924,False,U2
layer,min_committee,would+be+prepared,T1,cfnai,46,0.535,99,0.1034,0.3085,-0.1051,0.3003,0.4831,True,U2
layer,min_committee,would+be+prepared,T1,vix,46,0.535,99,0.2618,0.0088,0.3796,0.0001,0.0008,True,U2
layer,min_committee,would+be+prepared,T2,cfnai,43,0.527,91,-0.1294,0.2215,-0.2108,0.0449,0.1187,True,U2
layer,min_committee,would+be+prepared,T2,vix,43,0.527,91,0.4514,0.0,0.4601,0.0,0.0,True,U2
layer,min_committee,would+be+prepared,T3,cfnai,46,0.649,131,0.092,0.2962,-0.0375,0.6704,0.8553,False,U2
layer,min_committee,would+be+prepared,T3,vix,46,0.649,131,0.1643,0.0608,0.2578,0.003,0.0136,False,U2
layer,min_committee,would+be+prepared,H1,cfnai,0,1.0,48,,,,,,False,U2
layer,min_committee,would+be+prepared,H1,vix,0,1.0,48,,,,,,False,U2
layer,min_committee,would+be+prepared,H2,cfnai,43,0.0,43,-0.6488,0.0,-0.5441,0.0002,0.002,True,U2
layer,min_committee,would+be+prepared,H2,vix,43,0.0,43,-0.0669,0.67,-0.0994,0.526,0.7001,True,U2
layer,min_committee,would+continue,T1,cfnai,109,0.222,99,-0.1638,0.1052,-0.1054,0.2993,0.4831,True,U2
layer,min_committee,would+continue,T1,vix,109,0.222,99,0.4664,0.0,0.4996,0.0,0.0,True,U2
layer,min_committee,would+continue,T2,cfnai,96,0.231,91,0.0249,0.8147,-0.1103,0.2979,0.4593,True,U2
layer,min_committee,would+continue,T2,vix,96,0.231,91,0.414,0.0,0.4505,0.0,0.0001,True,U2
layer,min_committee,would+continue,T3,cfnai,119,0.336,131,-0.1483,0.0909,-0.085,0.3342,0.5497,True,U2
layer,min_committee,would+continue,T3,vix,119,0.336,131,0.3225,0.0002,0.3216,0.0002,0.0013,True,U2
layer,min_committee,would+continue,H1,cfnai,32,0.438,48,-0.1545,0.2943,-0.1419,0.3359,0.6338,False,U2
layer,min_committee,would+continue,H1,vix,32,0.438,48,0.076,0.6078,0.0547,0.7119,0.7973,False,U2
layer,min_committee,would+continue,H2,cfnai,64,0.0,43,0.055,0.7262,-0.0283,0.8569,0.9487,True,U2
layer,min_committee,would+continue,H2,vix,64,0.0,43,0.0814,0.604,0.0799,0.6106,0.7374,True,U2
layer,min_committee,would+depend,T1,cfnai,51,0.586,99,0.1246,0.219,0.4268,0.0,0.0001,True,U2
layer,min_committee,would+depend,T1,vix,51,0.586,99,-0.2331,0.0203,-0.2523,0.0118,0.0362,True,U2
layer,min_committee,would+depend,T2,cfnai,46,0.593,91,0.3124,0.0026,0.4025,0.0001,0.0009,True,U2
layer,min_committee,would+depend,T2,vix,46,0.593,91,-0.3354,0.0012,-0.3461,0.0008,0.0032,True,U2
layer,min_committee,would+depend,T3,cfnai,56,0.656,131,0.1121,0.2024,0.3651,0.0,0.0002,False,U2
layer,min_committee,would+depend,T3,vix,56,0.656,131,-0.2247,0.0099,-0.2427,0.0052,0.0175,False,U2
layer,min_committee,would+depend,H1,cfnai,42,0.312,48,0.5673,0.0,0.6013,0.0,0.0002,True,U2
layer,min_committee,would+depend,H1,vix,42,0.312,48,-0.197,0.1796,-0.2661,0.0675,0.5531,True,U2
layer,min_committee,would+depend,H2,cfnai,4,0.907,43,0.3948,0.0088,0.3361,0.0276,0.0712,False,U2
layer,min_committee,would+depend,H2,vix,4,0.907,43,0.0767,0.6247,0.1345,0.3897,0.7001,False,U2
layer,min_committee,would+take,T1,cfnai,86,0.172,99,-0.095,0.3497,-0.1742,0.0846,0.2237,True,U2
layer,min_committee,would+take,T1,vix,86,0.172,99,0.26,0.0093,0.2778,0.0054,0.0199,True,U2
layer,min_committee,would+take,T2,cfnai,78,0.187,91,-0.0944,0.3734,-0.1302,0.2188,0.3519,True,U2
layer,min_committee,would+take,T2,vix,78,0.187,91,0.3085,0.0029,0.2949,0.0045,0.0153,True,U2
layer,min_committee,would+take,T3,cfnai,87,0.366,131,-0.0805,0.3605,-0.0869,0.3234,0.5497,True,U2
layer,min_committee,would+take,T3,vix,87,0.366,131,0.1038,0.2382,0.0915,0.2984,0.5019,True,U2
layer,min_committee,would+take,H1,cfnai,35,0.292,48,0.0218,0.8831,0.0456,0.7582,0.8492,False,U2
layer,min_committee,would+take,H1,vix,35,0.292,48,-0.0572,0.6992,-0.0426,0.7738,0.8024,False,U2
layer,min_committee,would+take,H2,cfnai,43,0.07,43,-0.2288,0.14,-0.3457,0.0232,0.0652,True,U2
layer,min_committee,would+take,H2,vix,43,0.07,43,0.1581,0.3113,0.0585,0.7096,0.7856,True,U2
layer,min_participants,could+be+appropriate,T1,cfnai,7,0.929,99,0.0081,0.9367,-0.0223,0.8263,0.8992,False,U2
layer,min_participants,could+be+appropriate,T1,vix,7,0.929,99,0.1677,0.0971,0.2152,0.0324,0.0856,False,U2
layer,min_participants,could+be+appropriate,T2,cfnai,7,0.923,91,-0.0466,0.6611,-0.0251,0.8136,0.9122,False,U2
layer,min_participants,could+be+appropriate,T2,vix,7,0.923,91,0.2774,0.0078,0.2621,0.0121,0.0319,False,U2
layer,min_participants,could+be+appropriate,T3,cfnai,8,0.939,131,0.0086,0.922,0.0,0.9996,0.9996,False,U2
layer,min_participants,could+be+appropriate,T3,vix,8,0.939,131,0.1274,0.1471,0.1789,0.0409,0.126,False,U2
layer,min_participants,could+be+appropriate,H1,cfnai,1,0.979,48,-0.2663,0.0673,-0.237,0.1048,0.3722,False,U2
layer,min_participants,could+be+appropriate,H1,vix,1,0.979,48,0.0633,0.6693,0.1106,0.4544,0.7973,False,U2
layer,min_participants,could+be+appropriate,H2,cfnai,6,0.86,43,-0.0038,0.9809,0.0493,0.7537,0.9188,False,U2
layer,min_participants,could+be+appropriate,H2,vix,6,0.86,43,0.2543,0.0999,0.2509,0.1046,0.3741,False,U2
layer,min_participants,could+lead,T1,cfnai,57,0.586,99,0.0954,0.3477,0.1522,0.1327,0.2889,True,U2
layer,min_participants,could+lead,T1,vix,57,0.586,99,-0.0031,0.9754,-0.0315,0.7572,0.824,True,U2
layer,min_participants,could+lead,T2,cfnai,49,0.615,91,0.0439,0.6792,0.0966,0.3625,0.5059,False,U2
layer,min_participants,could+lead,T2,vix,49,0.615,91,-0.1242,0.2408,-0.1442,0.1725,0.304,False,U2
layer,min_participants,could+lead,T3,cfnai,79,0.565,131,0.0751,0.3942,0.089,0.3123,0.5497,True,U2
layer,min_participants,could+lead,T3,vix,79,0.565,131,0.0777,0.3778,0.0193,0.8265,0.902,True,U2
layer,min_participants,could+lead,H1,cfnai,33,0.542,48,0.1027,0.4871,0.127,0.3896,0.6338,False,U2
layer,min_participants,could+lead,H1,vix,33,0.542,48,-0.2355,0.1071,-0.2081,0.1559,0.5531,False,U2
layer,min_participants,could+lead,H2,cfnai,16,0.698,43,0.0161,0.9184,0.0397,0.8003,0.9188,False,U2
layer,min_participants,could+lead,H2,vix,16,0.698,43,0.1458,0.3509,0.1692,0.2782,0.5749,False,U2
layer,min_participants,may+be+appropriate,T1,cfnai,11,0.939,99,-0.0092,0.9283,-0.1542,0.1276,0.2889,False,U2
layer,min_participants,may+be+appropriate,T1,vix,11,0.939,99,-0.0272,0.7896,0.0218,0.8306,0.8537,False,U2
layer,min_participants,may+be+appropriate,T2,cfnai,11,0.934,91,-0.1165,0.2713,-0.1762,0.0948,0.1949,False,U2
layer,min_participants,may+be+appropriate,T2,vix,11,0.934,91,0.0101,0.9245,0.0549,0.6052,0.7224,False,U2
layer,min_participants,may+be+appropriate,T3,cfnai,11,0.954,131,-0.0098,0.9116,-0.1398,0.1112,0.294,False,U2
layer,min_participants,may+be+appropriate,T3,vix,11,0.954,131,-0.0367,0.677,-0.0023,0.9792,0.9792,False,U2
layer,min_participants,may+be+appropriate,H1,cfnai,2,0.979,48,-0.0279,0.8509,-0.0316,0.8311,0.8619,False,U2
layer,min_participants,may+be+appropriate,H1,vix,2,0.979,48,0.2048,0.1627,0.2053,0.1615,0.5531,False,U2
layer,min_participants,may+be+appropriate,H2,cfnai,9,0.884,43,-0.154,0.3242,-0.2368,0.1263,0.2187,False,U2
layer,min_participants,may+be+appropriate,H2,vix,9,0.884,43,-0.1875,0.2286,-0.2197,0.1569,0.3741,False,U2
layer,min_participants,will+be+appropriate,T1,cfnai,2,0.98,99,0.0163,0.8724,0.0762,0.4535,0.6454,False,U2
layer,min_participants,will+be+appropriate,T1,vix,2,0.98,99,0.0034,0.9732,0.0575,0.5718,0.7296,False,U2
layer,min_participants,will+be+appropriate,T2,cfnai,2,0.978,91,0.0352,0.7408,0.0808,0.4465,0.59,False,U2
layer,min_participants,will+be+appropriate,T2,vix,2,0.978,91,0.0335,0.7524,0.0824,0.4375,0.584,False,U2
layer,min_participants,will+be+appropriate,T3,cfnai,2,0.985,131,0.0158,0.8577,0.0837,0.3417,0.5497,False,U2
layer,min_participants,will+be+appropriate,T3,vix,2,0.985,131,-0.0052,0.9527,0.0377,0.6692,0.7738,False,U2
layer,min_participants,will+be+appropriate,H1,cfnai,2,0.958,48,0.0782,0.5971,0.1037,0.4832,0.6764,False,U2
layer,min_participants,will+be+appropriate,H1,vix,2,0.958,48,0.1905,0.1946,0.24,0.1004,0.5531,False,U2
layer,min_participants,will+be+appropriate,H2,cfnai,0,1.0,43,,,,,,False,U2
layer,min_participants,will+be+appropriate,H2,vix,0,1.0,43,,,,,,False,U2
layer,min_participants,would+be+appropriate,T1,cfnai,143,0.232,99,-0.0144,0.8874,-0.0527,0.6042,0.7709,True,U2
layer,min_participants,would+be+appropriate,T1,vix,143,0.232,99,0.2596,0.0095,0.21,0.037,0.0912,True,U2
layer,min_participants,would+be+appropriate,T2,cfnai,121,0.253,91,-0.0187,0.8601,0.0057,0.9575,0.9841,True,U2
layer,min_participants,would+be+appropriate,T2,vix,121,0.253,91,0.1994,0.0581,0.1543,0.1443,0.2669,True,U2
layer,min_participants,would+be+appropriate,T3,cfnai,151,0.366,131,-0.0192,0.8279,-0.0475,0.5897,0.8391,True,U2
layer,min_participants,would+be+appropriate,T3,vix,151,0.366,131,0.1324,0.1316,0.0552,0.5312,0.7019,True,U2
layer,min_participants,would+be+appropriate,H1,cfnai,49,0.25,48,0.1582,0.2827,0.1344,0.3623,0.6338,True,U2
layer,min_participants,would+be+appropriate,H1,vix,49,0.25,48,-0.0446,0.7633,-0.0469,0.7514,0.8024,True,U2
layer,min_participants,would+be+appropriate,H2,cfnai,72,0.256,43,-0.1201,0.443,-0.0149,0.9243,0.9551,True,U2
layer,min_participants,would+be+appropriate,H2,vix,72,0.256,43,0.1188,0.4479,0.1254,0.423,0.7001,True,U2
layer,min_participants,would+be+important,T1,cfnai,41,0.677,99,-0.3335,0.0007,-0.0457,0.6534,0.7925,False,U2
layer,min_participants,would+be+important,T1,vix,41,0.677,99,0.217,0.031,0.1052,0.3,0.4922,False,U2
layer,min_participants,would+be+important,T2,cfnai,32,0.703,91,0.0864,0.4157,0.1312,0.2152,0.3519,False,U2
layer,min_participants,would+be+important,T2,vix,32,0.703,91,0.032,0.7635,0.0263,0.8046,0.8397,False,U2
layer,min_participants,would+be+important,T3,cfnai,42,0.748,131,-0.3176,0.0002,-0.0261,0.767,0.9103,False,U2
layer,min_participants,would+be+important,T3,vix,42,0.748,131,0.1466,0.0947,0.049,0.5783,0.7132,False,U2
layer,min_participants,would+be+important,H1,cfnai,14,0.75,48,0.2402,0.1001,0.3018,0.0371,0.2598,False,U2
layer,min_participants,would+be+important,H1,vix,14,0.75,48,-0.1867,0.2039,-0.2144,0.1434,0.5531,False,U2
layer,min_participants,would+be+important,H2,cfnai,18,0.651,43,-0.0036,0.9817,0.0202,0.8977,0.9551,False,U2
layer,min_participants,would+be+important,H2,vix,18,0.651,43,0.0835,0.5944,0.1187,0.4483,0.7001,False,U2
layer,min_participants,would+continue,T1,cfnai,100,0.424,99,0.0439,0.666,0.0541,0.5951,0.7709,True,U2
layer,min_participants,would+continue,T1,vix,100,0.424,99,0.1633,0.1063,0.0983,0.333,0.4928,True,U2
layer,min_participants,would+continue,T2,cfnai,82,0.44,91,0.113,0.2863,-0.0004,0.9973,0.9973,True,U2
layer,min_participants,would+continue,T2,vix,82,0.44,91,-0.0583,0.5828,-0.032,0.7636,0.831,True,U2
layer,min_participants,would+continue,T3,cfnai,120,0.473,131,0.0445,0.6135,0.0997,0.2571,0.5006,True,U2
layer,min_participants,would+continue,T3,vix,120,0.473,131,0.1569,0.0735,0.1034,0.2398,0.467,True,U2
layer,min_participants,would+continue,H1,cfnai,39,0.458,48,-0.1715,0.2437,-0.2433,0.0957,0.3722,False,U2
layer,min_participants,would+continue,H1,vix,39,0.458,48,0.0013,0.9928,-0.0109,0.9414,0.9414,False,U2
layer,min_participants,would+continue,H2,cfnai,43,0.419,43,0.2894,0.0598,0.2522,0.1027,0.2187,True,U2
layer,min_participants,would+continue,H2,vix,43,0.419,43,-0.2141,0.168,-0.1824,0.2418,0.5355,True,U2
layer,min_participants,would+depend,T1,cfnai,59,0.606,99,0.1006,0.3217,0.4989,0.0,0.0,False,U2
layer,min_participants,would+depend,T1,vix,59,0.606,99,0.1286,0.2046,0.0263,0.7964,0.8419,False,U2
layer,min_participants,would+depend,T2,cfnai,47,0.615,91,0.4763,0.0,0.4915,0.0,0.0,False,U2
layer,min_participants,would+depend,T2,vix,47,0.615,91,0.0533,0.616,-0.0551,0.6041,0.7224,False,U2
layer,min_participants,would+depend,T3,cfnai,63,0.672,131,0.0947,0.282,0.4414,0.0,0.0,False,U2
layer,min_participants,would+depend,T3,vix,63,0.672,131,0.056,0.525,-0.0641,0.4668,0.6643,False,U2
layer,min_participants,would+depend,H1,cfnai,25,0.562,48,0.4906,0.0004,0.5189,0.0002,0.0022,False,U2
layer,min_participants,would+depend,H1,vix,25,0.562,48,-0.1589,0.2808,-0.1748,0.2347,0.5975,False,U2
layer,min_participants,would+depend,H2,cfnai,22,0.674,43,0.4732,0.0014,0.467,0.0016,0.0099,False,U2
layer,min_participants,would+depend,H2,vix,22,0.674,43,0.1988,0.2011,0.2267,0.1438,0.3741,False,U2
layer,min_participants,would+expect,T1,cfnai,44,0.586,99,0.017,0.8676,0.1072,0.2908,0.4831,True,U2
layer,min_participants,would+expect,T1,vix,44,0.586,99,-0.1269,0.2105,-0.1194,0.239,0.4421,True,U2
layer,min_participants,would+expect,T2,cfnai,41,0.582,91,0.0674,0.5253,0.0952,0.3692,0.5059,True,U2
layer,min_participants,would+expect,T2,vix,41,0.582,91,-0.1061,0.3171,-0.1256,0.2354,0.3787,True,U2
layer,min_participants,would+expect,T3,cfnai,65,0.534,131,0.0149,0.8656,0.0383,0.6642,0.8553,True,U2
layer,min_participants,would+expect,T3,vix,65,0.534,131,-0.044,0.6179,-0.038,0.6669,0.7738,True,U2
layer,min_participants,would+expect,H1,cfnai,27,0.479,48,0.0781,0.5978,0.0332,0.8227,0.8619,False,U2
layer,min_participants,would+expect,H1,vix,27,0.479,48,-0.1062,0.4726,-0.0691,0.6405,0.7973,False,U2
layer,min_participants,would+expect,H2,cfnai,14,0.698,43,0.0839,0.5925,0.1061,0.4983,0.6716,False,U2
layer,min_participants,would+expect,H2,vix,14,0.698,43,0.086,0.5837,0.0956,0.542,0.7001,False,U2
layer,min_participants,would+help,T1,cfnai,55,0.596,99,-0.0583,0.5666,-0.036,0.7233,0.8364,True,U2
layer,min_participants,would+help,T1,vix,55,0.596,99,0.3666,0.0002,0.42,0.0,0.0003,True,U2
layer,min_participants,would+help,T2,cfnai,46,0.637,91,0.0621,0.559,0.0316,0.7659,0.9041,False,U2
layer,min_participants,would+help,T2,vix,46,0.637,91,0.4207,0.0,0.4255,0.0,0.0002,False,U2
layer,min_participants,would+help,T3,cfnai,60,0.656,131,-0.0528,0.5496,0.0008,0.9925,0.9996,False,U2
layer,min_participants,would+help,T3,vix,60,0.656,131,0.2682,0.002,0.3247,0.0002,0.0013,False,U2
layer,min_participants,would+help,H1,cfnai,9,0.875,48,0.0802,0.5878,0.1405,0.341,0.6338,False,U2
layer,min_participants,would+help,H1,vix,9,0.875,48,0.2095,0.1529,0.2396,0.1009,0.5531,False,U2
layer,min_participants,would+help,H2,cfnai,37,0.372,43,0.0352,0.8229,-0.0077,0.9608,0.9608,False,U2
layer,min_participants,would+help,H2,vix,37,0.372,43,0.2784,0.0706,0.2447,0.1137,0.3741,False,U2
layer,min_participants,would+need,T1,cfnai,47,0.657,99,-0.229,0.0226,-0.2812,0.0048,0.0222,False,U2
layer,min_participants,would+need,T1,vix,47,0.657,99,0.0702,0.4901,0.0431,0.6717,0.7766,False,U2
layer,min_participants,would+need,T2,cfnai,43,0.659,91,-0.1821,0.0841,-0.2372,0.0236,0.0793,False,U2
layer,min_participants,would+need,T2,vix,43,0.659,91,0.085,0.4233,0.0246,0.817,0.8397,False,U2
layer,min_participants,would+need,T3,cfnai,59,0.664,131,-0.212,0.0151,-0.2961,0.0006,0.0037,False,U2
layer,min_participants,would+need,T3,vix,59,0.664,131,-0.0046,0.9588,-0.0163,0.8532,0.902,False,U2
layer,min_participants,would+need,H1,cfnai,17,0.708,48,-0.2474,0.09,-0.2581,0.0766,0.3722,False,U2
layer,min_participants,would+need,H1,vix,17,0.708,48,0.0603,0.6839,0.0667,0.6523,0.7973,False,U2
layer,min_participants,would+need,H2,cfnai,26,0.605,43,-0.1644,0.2921,-0.1937,0.2134,0.3308,False,U2
layer,min_participants,would+need,H2,vix,26,0.605,43,-0.0178,0.9096,-0.1096,0.4842,0.7001,False,U2
layer,min_participants,would+remain,T1,cfnai,56,0.596,99,0.1586,0.1168,0.004,0.9689,0.9689,True,U2
layer,min_participants,would+remain,T1,vix,56,0.596,99,-0.1355,0.1811,-0.1512,0.1351,0.294,True,U2
layer,min_participants,would+remain,T2,cfnai,50,0.582,91,-0.0172,0.8715,-0.0104,0.9218,0.9745,True,U2
layer,min_participants,would+remain,T2,vix,50,0.582,91,-0.0708,0.5047,-0.0941,0.3749,0.5548,True,U2
layer,min_participants,would+remain,T3,cfnai,78,0.55,131,0.1411,0.108,0.0125,0.8873,0.9656,True,U2
layer,min_participants,would+remain,T3,vix,78,0.55,131,-0.0516,0.5585,-0.0671,0.4466,0.661,True,U2
layer,min_participants,would+remain,H1,cfnai,37,0.458,48,0.1121,0.448,0.1116,0.4502,0.6634,False,U2
layer,min_participants,would+remain,H1,vix,37,0.458,48,0.2793,0.0545,0.1253,0.3963,0.7973,False,U2
layer,min_participants,would+remain,H2,cfnai,13,0.721,43,-0.1228,0.4327,-0.1489,0.3405,0.4798,False,U2
layer,min_participants,would+remain,H2,vix,13,0.721,43,-0.1478,0.3442,-0.117,0.4548,0.7001,False,U2
layer,min_special,could+be+appropriate,T1,cfnai,6,0.85,40,0.1693,0.2963,0.4602,0.0028,0.0148,False,U2
layer,min_special,could+be+appropriate,T1,vix,6,0.85,40,0.1604,0.3229,0.1616,0.3193,0.4922,False,U2
layer,min_special,could+be+appropriate,T2,cfnai,6,0.833,36,0.5564,0.0004,0.5023,0.0018,0.0133,False,U2
layer,min_special,could+be+appropriate,T2,vix,6,0.833,36,0.264,0.1198,0.2169,0.2039,0.3429,False,U2
layer,min_special,could+be+appropriate,T3,cfnai,6,0.878,49,0.1544,0.2893,0.4267,0.0022,0.0118,False,U2
layer,min_special,could+be+appropriate,T3,vix,6,0.878,49,0.1479,0.3105,0.1555,0.2859,0.5019,False,U2
layer,min_special,may+be+appropriate,T1,cfnai,4,0.95,40,0.1046,0.5207,0.3187,0.0451,0.1389,False,U2
layer,min_special,may+be+appropriate,T1,vix,4,0.95,40,0.049,0.7642,0.1214,0.4554,0.6018,False,U2
layer,min_special,may+be+appropriate,T2,cfnai,4,0.944,36,0.3721,0.0254,0.3511,0.0358,0.1103,False,U2
layer,min_special,may+be+appropriate,T2,vix,4,0.944,36,0.0971,0.5733,0.1663,0.3324,0.5125,False,U2
layer,min_special,may+be+appropriate,T3,cfnai,4,0.959,49,0.0971,0.507,0.2995,0.0366,0.1353,False,U2
layer,min_special,may+be+appropriate,T3,vix,4,0.959,49,0.0472,0.7472,0.1253,0.391,0.6028,False,U2
layer,min_special,will+be+appropriate,T1,cfnai,1,0.975,40,0.0621,0.7035,0.2289,0.1554,0.3194,False,U2
layer,min_special,will+be+appropriate,T1,vix,1,0.975,40,0.3641,0.0209,0.2705,0.0914,0.2113,False,U2
layer,min_special,will+be+appropriate,T2,cfnai,1,0.972,36,0.1891,0.2693,0.2522,0.1378,0.2549,False,U2
layer,min_special,will+be+appropriate,T2,vix,1,0.972,36,0.4689,0.0039,0.2847,0.0923,0.201,False,U2
layer,min_special,will+be+appropriate,T3,cfnai,1,0.98,49,0.0571,0.6969,0.2144,0.1391,0.3431,False,U2
layer,min_special,will+be+appropriate,T3,vix,1,0.98,49,0.3279,0.0214,0.2347,0.1045,0.2761,False,U2
layer,min_special,would+be+appropriate,T1,cfnai,23,0.6,40,0.1588,0.3276,0.2886,0.0709,0.2018,False,U2
layer,min_special,would+be+appropriate,T1,vix,23,0.6,40,0.1937,0.2311,0.2169,0.1787,0.3481,False,U2
layer,min_special,would+be+appropriate,T2,cfnai,23,0.556,36,0.1919,0.2622,0.2658,0.1171,0.2281,False,U2
layer,min_special,would+be+appropriate,T2,vix,23,0.556,36,0.348,0.0375,0.325,0.0531,0.1228,False,U2
layer,min_special,would+be+appropriate,T3,cfnai,23,0.673,49,0.1346,0.3566,0.2773,0.0537,0.1762,False,U2
layer,min_special,would+be+appropriate,T3,vix,23,0.673,49,0.1771,0.2234,0.2031,0.1616,0.3737,False,U2
layer,min_staff,could+be+appropriate,T1,cfnai,1,0.99,99,-0.0174,0.8643,-0.1308,0.1968,0.3833,False,U2
layer,min_staff,could+be+appropriate,T1,vix,1,0.99,99,-0.0285,0.7795,-0.0106,0.917,0.917,False,U2
layer,min_staff,could+be+appropriate,T2,cfnai,1,0.989,91,-0.1173,0.2681,-0.1445,0.1717,0.3026,False,U2
layer,min_staff,could+be+appropriate,T2,vix,1,0.989,91,-0.0171,0.8723,0.0,1.0,1.0,False,U2
layer,min_staff,could+be+appropriate,T3,cfnai,1,0.992,131,-0.0177,0.8413,-0.1195,0.174,0.3788,False,U2
layer,min_staff,could+be+appropriate,T3,vix,1,0.992,131,-0.0309,0.7262,-0.0186,0.8334,0.902,False,U2
layer,min_staff,could+be+appropriate,H1,cfnai,0,1.0,48,,,,,,False,U2
layer,min_staff,could+be+appropriate,H1,vix,0,1.0,48,,,,,,False,U2
layer,min_staff,could+be+appropriate,H2,cfnai,1,0.977,43,-0.1447,0.3547,-0.1866,0.2308,0.3407,False,U2
layer,min_staff,could+be+appropriate,H2,vix,1,0.977,43,-0.1054,0.5011,-0.1243,0.4269,0.7001,False,U2
layer,min_staff_desk,may+be+appropriate,T1,cfnai,2,0.98,99,0.005,0.9612,0.026,0.7984,0.8952,False,U2
layer,min_staff_desk,may+be+appropriate,T1,vix,2,0.98,99,0.0776,0.4452,0.1425,0.1594,0.3276,False,U2
layer,min_staff_desk,may+be+appropriate,T2,cfnai,2,0.978,91,-0.0178,0.867,0.0294,0.7819,0.9041,False,U2
layer,min_staff_desk,may+be+appropriate,T2,vix,2,0.978,91,0.1296,0.221,0.1704,0.1063,0.2184,False,U2
layer,min_staff_desk,may+be+appropriate,T3,cfnai,2,0.985,131,0.0045,0.9592,0.0235,0.7896,0.9103,False,U2
layer,min_staff_desk,may+be+appropriate,T3,vix,2,0.985,131,0.0604,0.493,0.1164,0.1854,0.4036,False,U2
layer,min_staff_desk,may+be+appropriate,H1,cfnai,1,0.979,48,-0.1386,0.3476,-0.1528,0.2999,0.6338,False,U2
layer,min_staff_desk,may+be+appropriate,H1,vix,1,0.979,48,0.1617,0.2721,0.1843,0.2099,0.5879,False,U2
layer,min_staff_desk,may+be+appropriate,H2,cfnai,1,0.977,43,0.1531,0.3271,0.1991,0.2006,0.3274,False,U2
layer,min_staff_desk,may+be+appropriate,H2,vix,1,0.977,43,0.2677,0.0827,0.2238,0.1491,0.3741,False,U2
layer,min_staff_desk,will+be+appropriate,T1,cfnai,1,0.99,99,0.01,0.9218,0.0442,0.664,0.7925,False,U2
layer,min_staff_desk,will+be+appropriate,T1,vix,1,0.99,99,-0.0548,0.5901,-0.0389,0.7024,0.7875,False,U2
layer,min_staff_desk,will+be+appropriate,T2,cfnai,1,0.989,91,0.0171,0.8723,0.0462,0.6639,0.8189,False,U2
layer,min_staff_desk,will+be+appropriate,T2,vix,1,0.989,91,-0.0518,0.6259,-0.0321,0.7626,0.831,False,U2
layer,min_staff_desk,will+be+appropriate,T3,cfnai,3,0.985,131,-0.0007,0.9938,-0.0055,0.9501,0.9996,False,U2
layer,min_staff_desk,will+be+appropriate,T3,vix,3,0.985,131,-0.0019,0.9827,0.0122,0.8903,0.915,False,U2
layer,min_staff_desk,will+be+appropriate,H1,cfnai,1,0.979,48,0.0403,0.7858,0.0527,0.7222,0.8425,False,U2
layer,min_staff_desk,will+be+appropriate,H1,vix,1,0.979,48,-0.0056,0.97,0.0579,0.6958,0.7973,False,U2
layer,min_staff_desk,will+be+appropriate,H2,cfnai,0,1.0,43,,,,,,False,U2
layer,min_staff_desk,will+be+appropriate,H2,vix,0,1.0,43,,,,,,False,U2
layer,min_staff_desk,would+be+appropriate,T1,cfnai,8,0.949,99,-0.0042,0.9668,-0.0152,0.8814,0.9284,False,U2
layer,min_staff_desk,would+be+appropriate,T1,vix,8,0.949,99,0.0505,0.6198,0.0537,0.5978,0.7373,False,U2
layer,min_staff_desk,would+be+appropriate,T2,cfnai,8,0.945,91,-0.0874,0.4101,-0.0185,0.8619,0.9379,False,U2
layer,min_staff_desk,would+be+appropriate,T2,vix,8,0.945,91,0.1095,0.3013,0.0888,0.4028,0.5732,False,U2
layer,min_staff_desk,would+be+appropriate,T3,cfnai,13,0.947,131,-0.0082,0.9257,-0.049,0.578,0.8391,False,U2
layer,min_staff_desk,would+be+appropriate,T3,vix,13,0.947,131,0.0363,0.6803,0.0501,0.5699,0.7132,False,U2
layer,min_staff_desk,would+be+appropriate,H1,cfnai,7,0.917,48,-0.0463,0.7544,0.089,0.5473,0.702,False,U2
layer,min_staff_desk,would+be+appropriate,H1,vix,7,0.917,48,0.3343,0.0202,0.201,0.1708,0.5531,False,U2
layer,min_staff_desk,would+be+appropriate,H2,cfnai,1,0.977,43,-0.1766,0.2574,-0.2364,0.127,0.2187,False,U2
layer,min_staff_desk,would+be+appropriate,H2,vix,1,0.977,43,0.0176,0.9107,0.0746,0.6345,0.7374,False,U2
layer,statement,could+impede,T1,cfnai,46,0.545,101,0.1358,0.1757,-0.0771,0.4432,0.6454,True,U2
layer,statement,could+impede,T1,vix,46,0.545,101,0.1983,0.0468,0.3589,0.0002,0.0011,True,U2
layer,statement,could+impede,T2,cfnai,43,0.527,91,-0.0854,0.4209,-0.1809,0.0861,0.1921,True,U2
layer,statement,could+impede,T2,vix,43,0.527,91,0.474,0.0,0.4739,0.0,0.0,True,U2
layer,statement,could+impede,T3,cfnai,46,0.654,133,0.1216,0.1633,-0.0208,0.8119,0.9103,False,U2
layer,statement,could+impede,T3,vix,46,0.654,133,0.1316,0.131,0.2467,0.0042,0.0155,False,U2
layer,statement,could+impede,H1,cfnai,0,1.0,48,,,,,,False,U2
layer,statement,could+impede,H1,vix,0,1.0,48,,,,,,False,U2
layer,statement,could+impede,H2,cfnai,43,0.0,43,-0.6024,0.0,-0.4384,0.0033,0.0142,True,U2
layer,statement,could+impede,H2,vix,43,0.0,43,0.0006,0.9969,-0.0119,0.9398,0.9398,True,U2
layer,statement,may+be+appropriate,T1,cfnai,10,0.901,101,-0.022,0.827,-0.2158,0.0302,0.1016,False,U2
layer,statement,may+be+appropriate,T1,vix,10,0.901,101,-0.1032,0.3042,-0.0774,0.4419,0.6018,False,U2
layer,statement,may+be+appropriate,T2,cfnai,10,0.89,91,-0.2161,0.0396,-0.2479,0.0178,0.0731,False,U2
layer,statement,may+be+appropriate,T2,vix,10,0.89,91,-0.0621,0.5589,-0.0366,0.7308,0.831,False,U2
layer,statement,may+be+appropriate,T3,cfnai,10,0.925,133,-0.0228,0.7948,-0.1915,0.0273,0.1121,False,U2
layer,statement,may+be+appropriate,T3,vix,10,0.925,133,-0.1056,0.2263,-0.0944,0.2797,0.5019,False,U2
layer,statement,may+be+appropriate,H1,cfnai,3,0.938,48,-0.217,0.1385,-0.2292,0.1171,0.3722,False,U2
layer,statement,may+be+appropriate,H1,vix,3,0.938,48,0.0563,0.7036,0.0621,0.6751,0.7973,False,U2
layer,statement,may+be+appropriate,H2,cfnai,7,0.837,43,-0.2298,0.1382,-0.2371,0.1257,0.2187,False,U2
layer,statement,may+be+appropriate,H2,vix,7,0.837,43,-0.2827,0.0662,-0.3058,0.0461,0.3573,False,U2
layer,statement,will+assess,T1,cfnai,72,0.287,101,-0.222,0.0256,-0.3556,0.0003,0.0016,True,U2
layer,statement,will+assess,T1,vix,72,0.287,101,-0.2315,0.0198,-0.2653,0.0073,0.0246,True,U2
layer,statement,will+assess,T2,cfnai,66,0.275,91,-0.3973,0.0001,-0.2983,0.0041,0.0239,True,U2
layer,statement,will+assess,T2,vix,66,0.275,91,-0.2899,0.0053,-0.2279,0.0298,0.0735,True,U2
layer,statement,will+assess,T3,cfnai,74,0.444,133,-0.1907,0.0279,-0.251,0.0036,0.0165,True,U2
layer,statement,will+assess,T3,vix,74,0.444,133,-0.2294,0.0079,-0.3208,0.0002,0.0013,True,U2
layer,statement,will+assess,H1,cfnai,47,0.021,48,-0.109,0.4608,0.0059,0.968,0.968,True,U2
layer,statement,will+assess,H1,vix,47,0.021,48,0.1108,0.4533,-0.071,0.6315,0.7973,True,U2
layer,statement,will+assess,H2,cfnai,19,0.558,43,-0.4938,0.0008,-0.4338,0.0037,0.0142,False,U2
layer,statement,will+assess,H2,vix,19,0.558,43,-0.3207,0.036,-0.2647,0.0862,0.3741,False,U2
layer,statement,will+be+appropriate,T1,cfnai,43,0.614,101,0.2223,0.0254,0.3639,0.0002,0.0014,False,U2
layer,statement,will+be+appropriate,T1,vix,43,0.614,101,0.1791,0.0731,0.235,0.018,0.0512,False,U2
layer,statement,will+be+appropriate,T2,cfnai,40,0.604,91,0.3078,0.003,0.295,0.0045,0.0239,False,U2
layer,statement,will+be+appropriate,T2,vix,40,0.604,91,0.3816,0.0002,0.2868,0.0058,0.018,False,U2
layer,statement,will+be+appropriate,T3,cfnai,53,0.639,133,0.2066,0.017,0.3197,0.0002,0.0013,False,U2
layer,statement,will+be+appropriate,T3,vix,53,0.639,133,0.0656,0.4529,0.057,0.5146,0.7019,False,U2
layer,statement,will+be+appropriate,H1,cfnai,16,0.708,48,0.0676,0.6479,0.0816,0.5814,0.7078,False,U2
layer,statement,will+be+appropriate,H1,vix,16,0.708,48,0.1172,0.4276,0.0997,0.5002,0.7973,False,U2
layer,statement,will+be+appropriate,H2,cfnai,24,0.488,43,0.4096,0.0064,0.3861,0.0105,0.0327,False,U2
layer,statement,will+be+appropriate,H2,vix,24,0.488,43,0.311,0.0424,0.2779,0.0711,0.3741,False,U2
layer,statement,will+continue,T1,cfnai,125,0.327,101,-0.0524,0.603,-0.1638,0.1018,0.2511,True,U2
layer,statement,will+continue,T1,vix,125,0.327,101,0.3364,0.0006,0.4083,0.0,0.0003,True,U2
layer,statement,will+continue,T2,cfnai,105,0.352,91,-0.0917,0.3871,-0.1797,0.0883,0.1921,True,U2
layer,statement,will+continue,T2,vix,105,0.352,91,0.3483,0.0007,0.3954,0.0001,0.0005,True,U2
layer,statement,will+continue,T3,cfnai,166,0.286,133,-0.0528,0.5459,-0.1463,0.0928,0.2641,True,U2
layer,statement,will+continue,T3,vix,166,0.286,133,0.3168,0.0002,0.3751,0.0,0.0003,True,U2
layer,statement,will+continue,H1,cfnai,20,0.667,48,-0.2274,0.1201,-0.1966,0.1806,0.4596,False,U2
layer,statement,will+continue,H1,vix,20,0.667,48,0.0964,0.5146,0.0815,0.5821,0.7973,False,U2
layer,statement,will+continue,H2,cfnai,85,0.0,43,-0.2722,0.0774,-0.2556,0.0981,0.2187,True,U2
layer,statement,will+continue,H2,vix,85,0.0,43,-0.338,0.0266,-0.3254,0.0333,0.3436,True,U2
layer,statement,will+monitor,T1,cfnai,32,0.683,101,-0.2734,0.0057,-0.0525,0.602,0.7709,False,U2
layer,statement,will+monitor,T1,vix,32,0.683,101,-0.1575,0.1158,-0.2965,0.0026,0.0107,False,U2
layer,statement,will+monitor,T2,cfnai,29,0.681,91,-0.0369,0.7285,0.0525,0.6214,0.7929,False,U2
layer,statement,will+monitor,T2,vix,29,0.681,91,-0.3437,0.0009,-0.4108,0.0001,0.0003,False,U2
layer,statement,will+monitor,T3,cfnai,45,0.662,133,-0.2552,0.003,-0.1149,0.1879,0.3862,False,U2
layer,statement,will+monitor,T3,vix,45,0.662,133,-0.2337,0.0068,-0.3497,0.0,0.0007,False,U2
layer,statement,will+monitor,H1,cfnai,27,0.438,48,0.0455,0.7586,0.1223,0.4074,0.6338,False,U2
layer,statement,will+monitor,H1,vix,27,0.438,48,-0.2814,0.0527,-0.3748,0.0087,0.2429,False,U2
layer,statement,will+monitor,H2,cfnai,2,0.953,43,-0.0912,0.5609,-0.0735,0.6396,0.8261,False,U2
layer,statement,will+monitor,H2,vix,2,0.953,43,0.0098,0.9503,0.0505,0.7478,0.7994,False,U2
layer,statement,will+take,T1,cfnai,123,0.02,101,-0.0308,0.7601,-0.2214,0.0261,0.0995,True,U2
layer,statement,will+take,T1,vix,123,0.02,101,-0.0835,0.4066,0.1009,0.3153,0.4922,True,U2
layer,statement,will+take,T2,cfnai,115,0.0,91,-0.3017,0.0037,-0.244,0.0197,0.0731,True,U2
layer,statement,will+take,T2,vix,115,0.0,91,0.2299,0.0283,0.2719,0.0091,0.026,True,U2
layer,statement,will+take,T3,cfnai,136,0.173,133,-0.0326,0.7091,-0.1249,0.1519,0.3513,True,U2
layer,statement,will+take,T3,vix,136,0.173,133,-0.1788,0.0394,-0.1112,0.2027,0.4166,True,U2
layer,statement,will+take,H1,cfnai,62,0.0,48,-0.0333,0.8221,0.0881,0.5516,0.702,True,U2
layer,statement,will+take,H1,vix,62,0.0,48,0.2885,0.0467,0.1978,0.1778,0.5531,True,U2
layer,statement,will+take,H2,cfnai,53,0.0,43,-0.4682,0.0015,-0.4736,0.0013,0.0099,True,U2
layer,statement,will+take,H2,vix,53,0.0,43,-0.0957,0.5415,-0.0729,0.6423,0.7374,True,U2
layer,statement,would+be+prepared,T1,cfnai,46,0.545,101,0.1358,0.1757,-0.0771,0.4432,0.6454,True,U2
layer,statement,would+be+prepared,T1,vix,46,0.545,101,0.1983,0.0468,0.3589,0.0002,0.0011,True,U2
layer,statement,would+be+prepared,T2,cfnai,43,0.527,91,-0.0854,0.4209,-0.1809,0.0861,0.1921,True,U2
layer,statement,would+be+prepared,T2,vix,43,0.527,91,0.474,0.0,0.4739,0.0,0.0,True,U2
layer,statement,would+be+prepared,T3,cfnai,46,0.654,133,0.1216,0.1633,-0.0208,0.8119,0.9103,False,U2
layer,statement,would+be+prepared,T3,vix,46,0.654,133,0.1316,0.131,0.2467,0.0042,0.0155,False,U2
layer,statement,would+be+prepared,H1,cfnai,0,1.0,48,,,,,,False,U2
layer,statement,would+be+prepared,H1,vix,0,1.0,48,,,,,,False,U2
layer,statement,would+be+prepared,H2,cfnai,43,0.0,43,-0.6024,0.0,-0.4384,0.0033,0.0142,True,U2
layer,statement,would+be+prepared,H2,vix,43,0.0,43,0.0006,0.9969,-0.0119,0.9398,0.9398,True,U2
