doc_id,unit,count,density,share,date,period
statement_20100127,will/aspectual,1,2.05761316872428,0.14285714285714285,2010-01-27,T3
statement_20100127,will/activity,0,0.0,0.0,2010-01-27,T3
statement_20100127,will/mental,0,0.0,0.0,2010-01-27,T3
statement_20100127,will/policy_action,1,2.05761316872428,0.14285714285714285,2010-01-27,T3
statement_20100127,will/occurrence,0,0.0,0.0,2010-01-27,T3
statement_20100127,will/copular_adj,0,0.0,0.0,2010-01-27,T3
statement_20100127,could/causative,0,0.0,0.0,2010-01-27,T3
statement_20100127,would/copular_adj,0,0.0,0.0,2010-01-27,T3
statement_20100127,will/causative,0,0.0,0.0,2010-01-27,T3
statement_20100127,will/other,5,10.2880658436214,0.7142857142857143,2010-01-27,T3
statement_20100127,should/activity,0,0.0,0.0,2010-01-27,T3
statement_20100127,may/causative,0,0.0,0.0,2010-01-27,T3
statement_20100316,will/aspectual,1,2.7624309392265194,0.25,2010-03-16,T3
statement_20100316,will/activity,0,0.0,0.0,2010-03-16,T3
statement_20100316,will/mental,0,0.0,0.0,2010-03-16,T3
statement_20100316,will/policy_action,1,2.7624309392265194,0.25,2010-03-16,T3
statement_20100316,will/occurrence,0,0.0,0.0,2010-03-16,T3
statement_20100316,will/copular_adj,0,0.0,0.0,2010-03-16,T3
statement_20100316,could/causative,0,0.0,0.0,2010-03-16,T3
statement_20100316,would/copular_adj,0,0.0,0.0,2010-03-16,T3
statement_20100316,will/causative,0,0.0,0.0,2010-03-16,T3
statement_20100316,will/other,2,5.524861878453039,0.5,2010-03-16,T3
statement_20100316,should/activity,0,0.0,0.0,2010-03-16,T3
statement_20100316,may/causative,0,0.0,0.0,2010-03-16,T3
statement_20100428,will/aspectual,1,3.205128205128205,0.3333333333333333,2010-04-28,T3
statement_20100428,will/activity,0,0.0,0.0,2010-04-28,T3
statement_20100428,will/mental,0,0.0,0.0,2010-04-28,T3
statement_20100428,will/policy_action,1,3.205128205128205,0.3333333333333333,2010-04-28,T3
statement_20100428,will/occurrence,0,0.0,0.0,2010-04-28,T3
statement_20100428,will/copular_adj,0,0.0,0.0,2010-04-28,T3
statement_20100428,could/causative,0,0.0,0.0,2010-04-28,T3
statement_20100428,would/copular_adj,0,0.0,0.0,2010-04-28,T3
statement_20100428,will/causative,0,0.0,0.0,2010-04-28,T3
statement_20100428,will/other,1,3.205128205128205,0.3333333333333333,2010-04-28,T3
statement_20100428,should/activity,0,0.0,0.0,2010-04-28,T3
statement_20100428,may/causative,0,0.0,0.0,2010-04-28,T3
statement_20100623,will/aspectual,1,3.8461538461538463,0.3333333333333333,2010-06-23,T3
statement_20100623,will/activity,0,0.0,0.0,2010-06-23,T3
statement_20100623,will/mental,0,0.0,0.0,2010-06-23,T3
statement_20100623,will/policy_action,1,3.8461538461538463,0.3333333333333333,2010-06-23,T3
statement_20100623,will/occurrence,0,0.0,0.0,2010-06-23,T3
statement_20100623,will/copular_adj,0,0.0,0.0,2010-06-23,T3
statement_20100623,could/causative,0,0.0,0.0,2010-06-23,T3
statement_20100623,would/copular_adj,0,0.0,0.0,2010-06-23,T3
statement_20100623,will/causative,0,0.0,0.0,2010-06-23,T3
statement_20100623,will/other,1,3.8461538461538463,0.3333333333333333,2010-06-23,T3
statement_20100623,should/activity,0,0.0,0.0,2010-06-23,T3
statement_20100623,may/causative,0,0.0,0.0,2010-06-23,T3
statement_20100810,will/aspectual,3,9.868421052631579,0.6,2010-08-10,T3
statement_20100810,will/activity,0,0.0,0.0,2010-08-10,T3
statement_20100810,will/mental,0,0.0,0.0,2010-08-10,T3
statement_20100810,will/policy_action,1,3.289473684210526,0.2,2010-08-10,T3
statement_20100810,will/occurrence,0,0.0,0.0,2010-08-10,T3
statement_20100810,will/copular_adj,0,0.0,0.0,2010-08-10,T3
statement_20100810,could/causative,0,0.0,0.0,2010-08-10,T3
statement_20100810,would/copular_adj,0,0.0,0.0,2010-08-10,T3
statement_20100810,will/causative,0,0.0,0.0,2010-08-10,T3
statement_20100810,will/other,1,3.289473684210526,0.2,2010-08-10,T3
statement_20100810,should/activity,0,0.0,0.0,2010-08-10,T3
statement_20100810,may/causative,0,0.0,0.0,2010-08-10,T3
statement_20100921,will/aspectual,1,3.257328990228013,0.3333333333333333,2010-09-21,T3
statement_20100921,will/activity,0,0.0,0.0,2010-09-21,T3
statement_20100921,will/mental,0,0.0,0.0,2010-09-21,T3
statement_20100921,will/policy_action,2,6.514657980456026,0.6666666666666666,2010-09-21,T3
statement_20100921,will/occurrence,0,0.0,0.0,2010-09-21,T3
statement_20100921,will/copular_adj,0,0.0,0.0,2010-09-21,T3
statement_20100921,could/causative,0,0.0,0.0,2010-09-21,T3
statement_20100921,would/copular_adj,0,0.0,0.0,2010-09-21,T3
statement_20100921,will/causative,0,0.0,0.0,2010-09-21,T3
statement_20100921,will/other,0,0.0,0.0,2010-09-21,T3
statement_20100921,should/activity,0,0.0,0.0,2010-09-21,T3
statement_20100921,may/causative,0,0.0,0.0,2010-09-21,T3
statement_20101103,will/aspectual,1,2.487562189054726,0.16666666666666666,2010-11-03,T3
statement_20101103,will/activity,0,0.0,0.0,2010-11-03,T3
statement_20101103,will/mental,1,2.487562189054726,0.16666666666666666,2010-11-03,T3
statement_20101103,will/policy_action,3,7.462686567164179,0.5,2010-11-03,T3
statement_20101103,will/occurrence,0,0.0,0.0,2010-11-03,T3
statement_20101103,will/copular_adj,0,0.0,0.0,2010-11-03,T3
statement_20101103,could/causative,0,0.0,0.0,2010-11-03,T3
statement_20101103,would/copular_adj,0,0.0,0.0,2010-11-03,T3
statement_20101103,will/causative,0,0.0,0.0,2010-11-03,T3
statement_20101103,will/other,1,2.487562189054726,0.16666666666666666,2010-11-03,T3
statement_20101103,should/activity,0,0.0,0.0,2010-11-03,T3
statement_20101103,may/causative,0,0.0,0.0,2010-11-03,T3
statement_20101214,will/aspectual,1,2.4691358024691357,0.16666666666666666,2010-12-14,T3
statement_20101214,will/activity,0,0.0,0.0,2010-12-14,T3
statement_20101214,will/mental,1,2.4691358024691357,0.16666666666666666,2010-12-14,T3
statement_20101214,will/policy_action,3,7.407407407407407,0.5,2010-12-14,T3
statement_20101214,will/occurrence,0,0.0,0.0,2010-12-14,T3
statement_20101214,will/copular_adj,0,0.0,0.0,2010-12-14,T3
statement_20101214,could/causative,0,0.0,0.0,2010-12-14,T3
statement_20101214,would/copular_adj,0,0.0,0.0,2010-12-14,T3
statement_20101214,will/causative,0,0.0,0.0,2010-12-14,T3
statement_20101214,will/other,1,2.4691358024691357,0.16666666666666666,2010-12-14,T3
statement_20101214,should/activity,0,0.0,0.0,2010-12-14,T3
statement_20101214,may/causative,0,0.0,0.0,2010-12-14,T3
statement_20110126,will/aspectual,1,2.5188916876574305,0.2,2011-01-26,T3
statement_20110126,will/activity,0,0.0,0.0,2011-01-26,T3
statement_20110126,will/mental,1,2.5188916876574305,0.2,2011-01-26,T3
statement_20110126,will/policy_action,2,5.037783375314861,0.4,2011-01-26,T3
statement_20110126,will/occurrence,0,0.0,0.0,2011-01-26,T3
statement_20110126,will/copular_adj,0,0.0,0.0,2011-01-26,T3
statement_20110126,could/causative,0,0.0,0.0,2011-01-26,T3
statement_20110126,would/copular_adj,0,0.0,0.0,2011-01-26,T3
statement_20110126,will/causative,0,0.0,0.0,2011-01-26,T3
statement_20110126,will/other,1,2.5188916876574305,0.2,2011-01-26,T3
statement_20110126,should/activity,0,0.0,0.0,2011-01-26,T3
statement_20110126,may/causative,0,0.0,0.0,2011-01-26,T3
statement_20110315,will/aspectual,1,2.34192037470726,0.16666666666666666,2011-03-15,T3
statement_20110315,will/activity,1,2.34192037470726,0.16666666666666666,2011-03-15,T3
statement_20110315,will/mental,1,2.34192037470726,0.16666666666666666,2011-03-15,T3
statement_20110315,will/policy_action,2,4.68384074941452,0.3333333333333333,2011-03-15,T3
statement_20110315,will/occurrence,0,0.0,0.0,2011-03-15,T3
statement_20110315,will/copular_adj,0,0.0,0.0,2011-03-15,T3
statement_20110315,could/causative,0,0.0,0.0,2011-03-15,T3
statement_20110315,would/copular_adj,0,0.0,0.0,2011-03-15,T3
statement_20110315,will/causative,0,0.0,0.0,2011-03-15,T3
statement_20110315,will/other,1,2.34192037470726,0.16666666666666666,2011-03-15,T3
statement_20110315,should/activity,0,0.0,0.0,2011-03-15,T3
statement_20110315,may/causative,0,0.0,0.0,2011-03-15,T3
statement_20110427,will/aspectual,2,4.694835680751174,0.3333333333333333,2011-04-27,T3
statement_20110427,will/activity,1,2.347417840375587,0.16666666666666666,2011-04-27,T3
statement_20110427,will/mental,1,2.347417840375587,0.16666666666666666,2011-04-27,T3
statement_20110427,will/policy_action,1,2.347417840375587,0.16666666666666666,2011-04-27,T3
statement_20110427,will/occurrence,0,0.0,0.0,2011-04-27,T3
statement_20110427,will/copular_adj,0,0.0,0.0,2011-04-27,T3
statement_20110427,could/causative,0,0.0,0.0,2011-04-27,T3
statement_20110427,would/copular_adj,0,0.0,0.0,2011-04-27,T3
statement_20110427,will/causative,0,0.0,0.0,2011-04-27,T3
statement_20110427,will/other,1,2.347417840375587,0.16666666666666666,2011-04-27,T3
statement_20110427,should/activity,0,0.0,0.0,2011-04-27,T3
statement_20110427,may/causative,0,0.0,0.0,2011-04-27,T3
statement_20110622,will/aspectual,2,4.750593824228028,0.2857142857142857,2011-06-22,T3
statement_20110622,will/activity,1,2.375296912114014,0.14285714285714285,2011-06-22,T3
statement_20110622,will/mental,2,4.750593824228028,0.2857142857142857,2011-06-22,T3
statement_20110622,will/policy_action,1,2.375296912114014,0.14285714285714285,2011-06-22,T3
statement_20110622,will/occurrence,0,0.0,0.0,2011-06-22,T3
statement_20110622,will/copular_adj,0,0.0,0.0,2011-06-22,T3
statement_20110622,could/causative,0,0.0,0.0,2011-06-22,T3
statement_20110622,would/copular_adj,0,0.0,0.0,2011-06-22,T3
statement_20110622,will/causative,0,0.0,0.0,2011-06-22,T3
statement_20110622,will/other,1,2.375296912114014,0.14285714285714285,2011-06-22,T3
statement_20110622,should/activity,0,0.0,0.0,2011-06-22,T3
statement_20110622,may/causative,0,0.0,0.0,2011-06-22,T3
statement_20110809,will/aspectual,2,4.395604395604396,0.3333333333333333,2011-08-09,T3
statement_20110809,will/activity,0,0.0,0.0,2011-08-09,T3
statement_20110809,will/mental,1,2.197802197802198,0.16666666666666666,2011-08-09,T3
statement_20110809,will/policy_action,1,2.197802197802198,0.16666666666666666,2011-08-09,T3
statement_20110809,will/occurrence,1,2.197802197802198,0.16666666666666666,2011-08-09,T3
statement_20110809,will/copular_adj,0,0.0,0.0,2011-08-09,T3
statement_20110809,could/causative,0,0.0,0.0,2011-08-09,T3
statement_20110809,would/copular_adj,0,0.0,0.0,2011-08-09,T3
statement_20110809,will/causative,0,0.0,0.0,2011-08-09,T3
statement_20110809,will/other,1,2.197802197802198,0.16666666666666666,2011-08-09,T3
statement_20110809,should/activity,0,0.0,0.0,2011-08-09,T3
statement_20110809,may/causative,0,0.0,0.0,2011-08-09,T3
statement_20110921,will/aspectual,2,3.6968576709796674,0.25,2011-09-21,T3
statement_20110921,will/activity,0,0.0,0.0,2011-09-21,T3
statement_20110921,will/mental,1,1.8484288354898337,0.125,2011-09-21,T3
statement_20110921,will/policy_action,2,3.6968576709796674,0.25,2011-09-21,T3
statement_20110921,will/occurrence,1,1.8484288354898337,0.125,2011-09-21,T3
statement_20110921,will/copular_adj,0,0.0,0.0,2011-09-21,T3
statement_20110921,could/causative,0,0.0,0.0,2011-09-21,T3
statement_20110921,would/copular_adj,0,0.0,0.0,2011-09-21,T3
statement_20110921,will/causative,0,0.0,0.0,2011-09-21,T3
statement_20110921,will/other,1,1.8484288354898337,0.125,2011-09-21,T3
statement_20110921,should/activity,1,1.8484288354898337,0.125,2011-09-21,T3
statement_20110921,may/causative,0,0.0,0.0,2011-09-21,T3
statement_20111102,will/aspectual,2,4.545454545454545,0.4,2011-11-02,T3
statement_20111102,will/activity,0,0.0,0.0,2011-11-02,T3
statement_20111102,will/mental,1,2.2727272727272725,0.2,2011-11-02,T3
statement_20111102,will/policy_action,0,0.0,0.0,2011-11-02,T3
statement_20111102,will/occurrence,1,2.2727272727272725,0.2,2011-11-02,T3
statement_20111102,will/copular_adj,0,0.0,0.0,2011-11-02,T3
statement_20111102,could/causative,0,0.0,0.0,2011-11-02,T3
statement_20111102,would/copular_adj,0,0.0,0.0,2011-11-02,T3
statement_20111102,will/causative,0,0.0,0.0,2011-11-02,T3
statement_20111102,will/other,1,2.2727272727272725,0.2,2011-11-02,T3
statement_20111102,should/activity,0,0.0,0.0,2011-11-02,T3
statement_20111102,may/causative,0,0.0,0.0,2011-11-02,T3
statement_20111213,will/aspectual,2,5.208333333333333,0.4,2011-12-13,T3
statement_20111213,will/activity,0,0.0,0.0,2011-12-13,T3
statement_20111213,will/mental,1,2.6041666666666665,0.2,2011-12-13,T3
statement_20111213,will/policy_action,0,0.0,0.0,2011-12-13,T3
statement_20111213,will/occurrence,1,2.6041666666666665,0.2,2011-12-13,T3
statement_20111213,will/copular_adj,0,0.0,0.0,2011-12-13,T3
statement_20111213,could/causative,0,0.0,0.0,2011-12-13,T3
statement_20111213,would/copular_adj,0,0.0,0.0,2011-12-13,T3
statement_20111213,will/causative,0,0.0,0.0,2011-12-13,T3
statement_20111213,will/other,1,2.6041666666666665,0.2,2011-12-13,T3
statement_20111213,should/activity,0,0.0,0.0,2011-12-13,T3
statement_20111213,may/causative,0,0.0,0.0,2011-12-13,T3
statement_20120125,will/aspectual,0,0.0,0.0,2012-01-25,T3
statement_20120125,will/activity,1,2.8169014084507045,0.3333333333333333,2012-01-25,T3
statement_20120125,will/mental,1,2.8169014084507045,0.3333333333333333,2012-01-25,T3
statement_20120125,will/policy_action,0,0.0,0.0,2012-01-25,T3
statement_20120125,will/occurrence,1,2.8169014084507045,0.3333333333333333,2012-01-25,T3
statement_20120125,will/copular_adj,0,0.0,0.0,2012-01-25,T3
statement_20120125,could/causative,0,0.0,0.0,2012-01-25,T3
statement_20120125,would/copular_adj,0,0.0,0.0,2012-01-25,T3
statement_20120125,will/causative,0,0.0,0.0,2012-01-25,T3
statement_20120125,will/other,0,0.0,0.0,2012-01-25,T3
statement_20120125,should/activity,0,0.0,0.0,2012-01-25,T3
statement_20120125,may/causative,0,0.0,0.0,2012-01-25,T3
statement_20120313,will/aspectual,0,0.0,0.0,2012-03-13,T3
statement_20120313,will/activity,1,2.710027100271003,0.25,2012-03-13,T3
statement_20120313,will/mental,1,2.710027100271003,0.25,2012-03-13,T3
statement_20120313,will/policy_action,0,0.0,0.0,2012-03-13,T3
statement_20120313,will/occurrence,1,2.710027100271003,0.25,2012-03-13,T3
statement_20120313,will/copular_adj,0,0.0,0.0,2012-03-13,T3
statement_20120313,could/causative,0,0.0,0.0,2012-03-13,T3
statement_20120313,would/copular_adj,0,0.0,0.0,2012-03-13,T3
statement_20120313,will/causative,1,2.710027100271003,0.25,2012-03-13,T3
statement_20120313,will/other,0,0.0,0.0,2012-03-13,T3
statement_20120313,should/activity,0,0.0,0.0,2012-03-13,T3
statement_20120313,may/causative,0,0.0,0.0,2012-03-13,T3
statement_20120425,will/aspectual,0,0.0,0.0,2012-04-25,T3
statement_20120425,will/activity,1,2.6455026455026456,0.3333333333333333,2012-04-25,T3
statement_20120425,will/mental,1,2.6455026455026456,0.3333333333333333,2012-04-25,T3
statement_20120425,will/policy_action,0,0.0,0.0,2012-04-25,T3
statement_20120425,will/occurrence,1,2.6455026455026456,0.3333333333333333,2012-04-25,T3
statement_20120425,will/copular_adj,0,0.0,0.0,2012-04-25,T3
statement_20120425,could/causative,0,0.0,0.0,2012-04-25,T3
statement_20120425,would/copular_adj,0,0.0,0.0,2012-04-25,T3
statement_20120425,will/causative,0,0.0,0.0,2012-04-25,T3
statement_20120425,will/other,0,0.0,0.0,2012-04-25,T3
statement_20120425,should/activity,0,0.0,0.0,2012-04-25,T3
statement_20120425,may/causative,0,0.0,0.0,2012-04-25,T3
statement_20120620,will/aspectual,0,0.0,0.0,2012-06-20,T3
statement_20120620,will/activity,1,2.2271714922048997,0.3333333333333333,2012-06-20,T3
statement_20120620,will/mental,0,0.0,0.0,2012-06-20,T3
statement_20120620,will/policy_action,0,0.0,0.0,2012-06-20,T3
statement_20120620,will/occurrence,1,2.2271714922048997,0.3333333333333333,2012-06-20,T3
statement_20120620,will/copular_adj,0,0.0,0.0,2012-06-20,T3
statement_20120620,could/causative,0,0.0,0.0,2012-06-20,T3
statement_20120620,would/copular_adj,0,0.0,0.0,2012-06-20,T3
statement_20120620,will/causative,0,0.0,0.0,2012-06-20,T3
statement_20120620,will/other,0,0.0,0.0,2012-06-20,T3
statement_20120620,should/activity,1,2.2271714922048997,0.3333333333333333,2012-06-20,T3
statement_20120620,may/causative,0,0.0,0.0,2012-06-20,T3
statement_20120801,will/aspectual,0,0.0,0.0,2012-08-01,T3
statement_20120801,will/activity,1,2.5906735751295336,0.25,2012-08-01,T3
statement_20120801,will/mental,1,2.5906735751295336,0.25,2012-08-01,T3
statement_20120801,will/policy_action,1,2.5906735751295336,0.25,2012-08-01,T3
statement_20120801,will/occurrence,1,2.5906735751295336,0.25,2012-08-01,T3
statement_20120801,will/copular_adj,0,0.0,0.0,2012-08-01,T3
statement_20120801,could/causative,0,0.0,0.0,2012-08-01,T3
statement_20120801,would/copular_adj,0,0.0,0.0,2012-08-01,T3
statement_20120801,will/causative,0,0.0,0.0,2012-08-01,T3
statement_20120801,will/other,0,0.0,0.0,2012-08-01,T3
statement_20120801,should/activity,0,0.0,0.0,2012-08-01,T3
statement_20120801,may/causative,0,0.0,0.0,2012-08-01,T3
statement_20120913,will/aspectual,2,4.056795131845842,0.25,2012-09-13,T3
statement_20120913,will/activity,1,2.028397565922921,0.125,2012-09-13,T3
statement_20120913,will/mental,1,2.028397565922921,0.125,2012-09-13,T3
statement_20120913,will/policy_action,0,0.0,0.0,2012-09-13,T3
statement_20120913,will/occurrence,2,4.056795131845842,0.25,2012-09-13,T3
statement_20120913,will/copular_adj,0,0.0,0.0,2012-09-13,T3
statement_20120913,could/causative,0,0.0,0.0,2012-09-13,T3
statement_20120913,would/copular_adj,0,0.0,0.0,2012-09-13,T3
statement_20120913,will/causative,0,0.0,0.0,2012-09-13,T3
statement_20120913,will/other,0,0.0,0.0,2012-09-13,T3
statement_20120913,should/activity,1,2.028397565922921,0.125,2012-09-13,T3
statement_20120913,may/causative,0,0.0,0.0,2012-09-13,T3
statement_20121024,will/aspectual,3,6.3965884861407245,0.3333333333333333,2012-10-24,T3
statement_20121024,will/activity,1,2.1321961620469083,0.1111111111111111,2012-10-24,T3
statement_20121024,will/mental,1,2.1321961620469083,0.1111111111111111,2012-10-24,T3
statement_20121024,will/policy_action,0,0.0,0.0,2012-10-24,T3
statement_20121024,will/occurrence,2,4.264392324093817,0.2222222222222222,2012-10-24,T3
statement_20121024,will/copular_adj,0,0.0,0.0,2012-10-24,T3
statement_20121024,could/causative,0,0.0,0.0,2012-10-24,T3
statement_20121024,would/copular_adj,0,0.0,0.0,2012-10-24,T3
statement_20121024,will/causative,0,0.0,0.0,2012-10-24,T3
statement_20121024,will/other,0,0.0,0.0,2012-10-24,T3
statement_20121024,should/activity,1,2.1321961620469083,0.1111111111111111,2012-10-24,T3
statement_20121024,may/causative,0,0.0,0.0,2012-10-24,T3
statement_20121212,will/aspectual,3,4.761904761904763,0.25,2012-12-12,T3
statement_20121212,will/activity,3,4.761904761904763,0.25,2012-12-12,T3
statement_20121212,will/mental,2,3.1746031746031744,0.16666666666666666,2012-12-12,T3
statement_20121212,will/policy_action,1,1.5873015873015872,0.08333333333333333,2012-12-12,T3
statement_20121212,will/occurrence,1,1.5873015873015872,0.08333333333333333,2012-12-12,T3
statement_20121212,will/copular_adj,1,1.5873015873015872,0.08333333333333333,2012-12-12,T3
statement_20121212,could/causative,0,0.0,0.0,2012-12-12,T3
statement_20121212,would/copular_adj,0,0.0,0.0,2012-12-12,T3
statement_20121212,will/causative,0,0.0,0.0,2012-12-12,T3
statement_20121212,will/other,0,0.0,0.0,2012-12-12,T3
statement_20121212,should/activity,0,0.0,0.0,2012-12-12,T3
statement_20121212,may/causative,0,0.0,0.0,2012-12-12,T3
statement_20130130,will/aspectual,3,5.154639175257732,0.25,2013-01-30,T3
statement_20130130,will/activity,3,5.154639175257732,0.25,2013-01-30,T3
statement_20130130,will/mental,2,3.4364261168384878,0.16666666666666666,2013-01-30,T3
statement_20130130,will/policy_action,0,0.0,0.0,2013-01-30,T3
statement_20130130,will/occurrence,2,3.4364261168384878,0.16666666666666666,2013-01-30,T3
statement_20130130,will/copular_adj,1,1.7182130584192439,0.08333333333333333,2013-01-30,T3
statement_20130130,could/causative,0,0.0,0.0,2013-01-30,T3
statement_20130130,would/copular_adj,0,0.0,0.0,2013-01-30,T3
statement_20130130,will/causative,0,0.0,0.0,2013-01-30,T3
statement_20130130,will/other,0,0.0,0.0,2013-01-30,T3
statement_20130130,should/activity,0,0.0,0.0,2013-01-30,T3
statement_20130130,may/causative,0,0.0,0.0,2013-01-30,T3
statement_20130320,will/aspectual,3,5.181347150259067,0.2727272727272727,2013-03-20,T3
statement_20130320,will/activity,2,3.454231433506045,0.18181818181818182,2013-03-20,T3
statement_20130320,will/mental,2,3.454231433506045,0.18181818181818182,2013-03-20,T3
statement_20130320,will/policy_action,0,0.0,0.0,2013-03-20,T3
statement_20130320,will/occurrence,2,3.454231433506045,0.18181818181818182,2013-03-20,T3
statement_20130320,will/copular_adj,1,1.7271157167530224,0.09090909090909091,2013-03-20,T3
statement_20130320,could/causative,0,0.0,0.0,2013-03-20,T3
statement_20130320,would/copular_adj,0,0.0,0.0,2013-03-20,T3
statement_20130320,will/causative,0,0.0,0.0,2013-03-20,T3
statement_20130320,will/other,0,0.0,0.0,2013-03-20,T3
statement_20130320,should/activity,0,0.0,0.0,2013-03-20,T3
statement_20130320,may/causative,0,0.0,0.0,2013-03-20,T3
statement_20130501,will/aspectual,3,4.958677685950414,0.2727272727272727,2013-05-01,T3
statement_20130501,will/activity,2,3.3057851239669422,0.18181818181818182,2013-05-01,T3
statement_20130501,will/mental,2,3.3057851239669422,0.18181818181818182,2013-05-01,T3
statement_20130501,will/policy_action,0,0.0,0.0,2013-05-01,T3
statement_20130501,will/occurrence,2,3.3057851239669422,0.18181818181818182,2013-05-01,T3
statement_20130501,will/copular_adj,1,1.6528925619834711,0.09090909090909091,2013-05-01,T3
statement_20130501,could/causative,0,0.0,0.0,2013-05-01,T3
statement_20130501,would/copular_adj,0,0.0,0.0,2013-05-01,T3
statement_20130501,will/causative,0,0.0,0.0,2013-05-01,T3
statement_20130501,will/other,0,0.0,0.0,2013-05-01,T3
statement_20130501,should/activity,0,0.0,0.0,2013-05-01,T3
statement_20130501,may/causative,0,0.0,0.0,2013-05-01,T3
statement_20130619,will/aspectual,3,4.926108374384237,0.2727272727272727,2013-06-19,T3
statement_20130619,will/activity,2,3.284072249589491,0.18181818181818182,2013-06-19,T3
statement_20130619,will/mental,2,3.284072249589491,0.18181818181818182,2013-06-19,T3
statement_20130619,will/policy_action,0,0.0,0.0,2013-06-19,T3
statement_20130619,will/occurrence,2,3.284072249589491,0.18181818181818182,2013-06-19,T3
statement_20130619,will/copular_adj,1,1.6420361247947455,0.09090909090909091,2013-06-19,T3
statement_20130619,could/causative,0,0.0,0.0,2013-06-19,T3
statement_20130619,would/copular_adj,0,0.0,0.0,2013-06-19,T3
statement_20130619,will/causative,0,0.0,0.0,2013-06-19,T3
statement_20130619,will/other,0,0.0,0.0,2013-06-19,T3
statement_20130619,should/activity,0,0.0,0.0,2013-06-19,T3
statement_20130619,may/causative,0,0.0,0.0,2013-06-19,T3
statement_20130731,will/aspectual,2,3.1446540880503147,0.16666666666666666,2013-07-31,T3
statement_20130731,will/activity,1,1.5723270440251573,0.08333333333333333,2013-07-31,T3
statement_20130731,will/mental,2,3.1446540880503147,0.16666666666666666,2013-07-31,T3
statement_20130731,will/policy_action,1,1.5723270440251573,0.08333333333333333,2013-07-31,T3
statement_20130731,will/occurrence,3,4.716981132075471,0.25,2013-07-31,T3
statement_20130731,will/copular_adj,1,1.5723270440251573,0.08333333333333333,2013-07-31,T3
statement_20130731,could/causative,1,1.5723270440251573,0.08333333333333333,2013-07-31,T3
statement_20130731,would/copular_adj,0,0.0,0.0,2013-07-31,T3
statement_20130731,will/causative,0,0.0,0.0,2013-07-31,T3
statement_20130731,will/other,0,0.0,0.0,2013-07-31,T3
statement_20130731,should/activity,0,0.0,0.0,2013-07-31,T3
statement_20130731,may/causative,0,0.0,0.0,2013-07-31,T3
statement_20130918,will/aspectual,1,1.3422818791946307,0.0625,2013-09-18,T3
statement_20130918,will/activity,1,1.3422818791946307,0.0625,2013-09-18,T3
statement_20130918,will/mental,3,4.026845637583893,0.1875,2013-09-18,T3
statement_20130918,will/policy_action,1,1.3422818791946307,0.0625,2013-09-18,T3
statement_20130918,will/occurrence,4,5.369127516778523,0.25,2013-09-18,T3
statement_20130918,will/copular_adj,1,1.3422818791946307,0.0625,2013-09-18,T3
statement_20130918,could/causative,1,1.3422818791946307,0.0625,2013-09-18,T3
statement_20130918,would/copular_adj,0,0.0,0.0,2013-09-18,T3
statement_20130918,will/causative,0,0.0,0.0,2013-09-18,T3
statement_20130918,will/other,1,1.3422818791946307,0.0625,2013-09-18,T3
statement_20130918,should/activity,0,0.0,0.0,2013-09-18,T3
statement_20130918,may/causative,0,0.0,0.0,2013-09-18,T3
statement_20131030,will/aspectual,1,1.3831258644536653,0.06666666666666667,2013-10-30,T3
statement_20131030,will/activity,1,1.3831258644536653,0.06666666666666667,2013-10-30,T3
statement_20131030,will/mental,3,4.149377593360996,0.2,2013-10-30,T3
statement_20131030,will/policy_action,1,1.3831258644536653,0.06666666666666667,2013-10-30,T3
statement_20131030,will/occurrence,4,5.532503457814661,0.26666666666666666,2013-10-30,T3
statement_20131030,will/copular_adj,1,1.3831258644536653,0.06666666666666667,2013-10-30,T3
statement_20131030,could/causative,1,1.3831258644536653,0.06666666666666667,2013-10-30,T3
statement_20131030,would/copular_adj,0,0.0,0.0,2013-10-30,T3
statement_20131030,will/causative,0,0.0,0.0,2013-10-30,T3
statement_20131030,will/other,1,1.3831258644536653,0.06666666666666667,2013-10-30,T3
statement_20131030,should/activity,0,0.0,0.0,2013-10-30,T3
statement_20131030,may/causative,0,0.0,0.0,2013-10-30,T3
statement_20131218,will/aspectual,1,1.2165450121654502,0.05555555555555555,2013-12-18,T3
statement_20131218,will/activity,1,1.2165450121654502,0.05555555555555555,2013-12-18,T3
statement_20131218,will/mental,2,2.4330900243309004,0.1111111111111111,2013-12-18,T3
statement_20131218,will/policy_action,2,2.4330900243309004,0.1111111111111111,2013-12-18,T3
statement_20131218,will/occurrence,4,4.866180048661801,0.2222222222222222,2013-12-18,T3
statement_20131218,will/copular_adj,2,2.4330900243309004,0.1111111111111111,2013-12-18,T3
statement_20131218,could/causative,1,1.2165450121654502,0.05555555555555555,2013-12-18,T3
statement_20131218,would/copular_adj,0,0.0,0.0,2013-12-18,T3
statement_20131218,will/causative,0,0.0,0.0,2013-12-18,T3
statement_20131218,will/other,0,0.0,0.0,2013-12-18,T3
statement_20131218,should/activity,0,0.0,0.0,2013-12-18,T3
statement_20131218,may/causative,0,0.0,0.0,2013-12-18,T3
statement_20140129,will/aspectual,1,1.2004801920768307,0.058823529411764705,2014-01-29,T3
statement_20140129,will/activity,1,1.2004801920768307,0.058823529411764705,2014-01-29,T3
statement_20140129,will/mental,2,2.4009603841536613,0.11764705882352941,2014-01-29,T3
statement_20140129,will/policy_action,3,3.601440576230492,0.17647058823529413,2014-01-29,T3
statement_20140129,will/occurrence,3,3.601440576230492,0.17647058823529413,2014-01-29,T3
statement_20140129,will/copular_adj,2,2.4009603841536613,0.11764705882352941,2014-01-29,T3
statement_20140129,could/causative,1,1.2004801920768307,0.058823529411764705,2014-01-29,T3
statement_20140129,would/copular_adj,0,0.0,0.0,2014-01-29,T3
statement_20140129,will/causative,0,0.0,0.0,2014-01-29,T3
statement_20140129,will/other,0,0.0,0.0,2014-01-29,T3
statement_20140129,should/activity,0,0.0,0.0,2014-01-29,T3
statement_20140129,may/causative,0,0.0,0.0,2014-01-29,T3
statement_20140319,will/aspectual,2,2.3724792408066433,0.11764705882352941,2014-03-19,T3
statement_20140319,will/activity,2,2.3724792408066433,0.11764705882352941,2014-03-19,T3
statement_20140319,will/mental,2,2.3724792408066433,0.11764705882352941,2014-03-19,T3
statement_20140319,will/policy_action,3,3.558718861209964,0.17647058823529413,2014-03-19,T3
statement_20140319,will/occurrence,1,1.1862396204033216,0.058823529411764705,2014-03-19,T3
statement_20140319,will/copular_adj,1,1.1862396204033216,0.058823529411764705,2014-03-19,T3
statement_20140319,could/causative,1,1.1862396204033216,0.058823529411764705,2014-03-19,T3
statement_20140319,would/copular_adj,0,0.0,0.0,2014-03-19,T3
statement_20140319,will/causative,0,0.0,0.0,2014-03-19,T3
statement_20140319,will/other,0,0.0,0.0,2014-03-19,T3
statement_20140319,should/activity,0,0.0,0.0,2014-03-19,T3
statement_20140319,may/causative,1,1.1862396204033216,0.058823529411764705,2014-03-19,T3
statement_20140430,will/aspectual,2,2.457002457002457,0.11764705882352941,2014-04-30,T3
statement_20140430,will/activity,2,2.457002457002457,0.11764705882352941,2014-04-30,T3
statement_20140430,will/mental,2,2.457002457002457,0.11764705882352941,2014-04-30,T3
statement_20140430,will/policy_action,3,3.6855036855036856,0.17647058823529413,2014-04-30,T3
statement_20140430,will/occurrence,1,1.2285012285012284,0.058823529411764705,2014-04-30,T3
statement_20140430,will/copular_adj,1,1.2285012285012284,0.058823529411764705,2014-04-30,T3
statement_20140430,could/causative,1,1.2285012285012284,0.058823529411764705,2014-04-30,T3
statement_20140430,would/copular_adj,0,0.0,0.0,2014-04-30,T3
statement_20140430,will/causative,0,0.0,0.0,2014-04-30,T3
statement_20140430,will/other,0,0.0,0.0,2014-04-30,T3
statement_20140430,should/activity,0,0.0,0.0,2014-04-30,T3
statement_20140430,may/causative,1,1.2285012285012284,0.058823529411764705,2014-04-30,T3
statement_20140618,will/aspectual,2,2.5031289111389237,0.11764705882352941,2014-06-18,T3
statement_20140618,will/activity,2,2.5031289111389237,0.11764705882352941,2014-06-18,T3
statement_20140618,will/mental,2,2.5031289111389237,0.11764705882352941,2014-06-18,T3
statement_20140618,will/policy_action,3,3.7546933667083855,0.17647058823529413,2014-06-18,T3
statement_20140618,will/occurrence,1,1.2515644555694618,0.058823529411764705,2014-06-18,T3
statement_20140618,will/copular_adj,1,1.2515644555694618,0.058823529411764705,2014-06-18,T3
statement_20140618,could/causative,1,1.2515644555694618,0.058823529411764705,2014-06-18,T3
statement_20140618,would/copular_adj,0,0.0,0.0,2014-06-18,T3
statement_20140618,will/causative,0,0.0,0.0,2014-06-18,T3
statement_20140618,will/other,0,0.0,0.0,2014-06-18,T3
statement_20140618,should/activity,0,0.0,0.0,2014-06-18,T3
statement_20140618,may/causative,1,1.2515644555694618,0.058823529411764705,2014-06-18,T3
statement_20140730,will/aspectual,1,1.2578616352201257,0.07142857142857142,2014-07-30,T3
statement_20140730,will/activity,2,2.5157232704402515,0.14285714285714285,2014-07-30,T3
statement_20140730,will/mental,2,2.5157232704402515,0.14285714285714285,2014-07-30,T3
statement_20140730,will/policy_action,2,2.5157232704402515,0.14285714285714285,2014-07-30,T3
statement_20140730,will/occurrence,1,1.2578616352201257,0.07142857142857142,2014-07-30,T3
statement_20140730,will/copular_adj,1,1.2578616352201257,0.07142857142857142,2014-07-30,T3
statement_20140730,could/causative,0,0.0,0.0,2014-07-30,T3
statement_20140730,would/copular_adj,0,0.0,0.0,2014-07-30,T3
statement_20140730,will/causative,0,0.0,0.0,2014-07-30,T3
statement_20140730,will/other,0,0.0,0.0,2014-07-30,T3
statement_20140730,should/activity,0,0.0,0.0,2014-07-30,T3
statement_20140730,may/causative,1,1.2578616352201257,0.07142857142857142,2014-07-30,T3
statement_20140917,will/aspectual,2,2.5380710659898473,0.14285714285714285,2014-09-17,T3
statement_20140917,will/activity,2,2.5380710659898473,0.14285714285714285,2014-09-17,T3
statement_20140917,will/mental,2,2.5380710659898473,0.14285714285714285,2014-09-17,T3
statement_20140917,will/policy_action,1,1.2690355329949237,0.07142857142857142,2014-09-17,T3
statement_20140917,will/occurrence,1,1.2690355329949237,0.07142857142857142,2014-09-17,T3
statement_20140917,will/copular_adj,1,1.2690355329949237,0.07142857142857142,2014-09-17,T3
statement_20140917,could/causative,0,0.0,0.0,2014-09-17,T3
statement_20140917,would/copular_adj,0,0.0,0.0,2014-09-17,T3
statement_20140917,will/causative,0,0.0,0.0,2014-09-17,T3
statement_20140917,will/other,0,0.0,0.0,2014-09-17,T3
statement_20140917,should/activity,0,0.0,0.0,2014-09-17,T3
statement_20140917,may/causative,1,1.2690355329949237,0.07142857142857142,2014-09-17,T3
statement_20141029,will/aspectual,0,0.0,0.0,2014-10-29,T3
statement_20141029,will/activity,2,3.1201248049921997,0.25,2014-10-29,T3
statement_20141029,will/mental,1,1.5600624024960998,0.125,2014-10-29,T3
statement_20141029,will/policy_action,2,3.1201248049921997,0.25,2014-10-29,T3
statement_20141029,will/occurrence,0,0.0,0.0,2014-10-29,T3
statement_20141029,will/copular_adj,1,1.5600624024960998,0.125,2014-10-29,T3
statement_20141029,could/causative,0,0.0,0.0,2014-10-29,T3
statement_20141029,would/copular_adj,0,0.0,0.0,2014-10-29,T3
statement_20141029,will/causative,0,0.0,0.0,2014-10-29,T3
statement_20141029,will/other,0,0.0,0.0,2014-10-29,T3
statement_20141029,should/activity,1,1.5600624024960998,0.125,2014-10-29,T3
statement_20141029,may/causative,1,1.5600624024960998,0.125,2014-10-29,T3
statement_20141217,will/aspectual,0,0.0,0.0,2014-12-17,T3
statement_20141217,will/activity,2,3.4364261168384878,0.25,2014-12-17,T3
statement_20141217,will/mental,1,1.7182130584192439,0.125,2014-12-17,T3
statement_20141217,will/policy_action,1,1.7182130584192439,0.125,2014-12-17,T3
statement_20141217,will/occurrence,0,0.0,0.0,2014-12-17,T3
statement_20141217,will/copular_adj,1,1.7182130584192439,0.125,2014-12-17,T3
statement_20141217,could/causative,0,0.0,0.0,2014-12-17,T3
statement_20141217,would/copular_adj,0,0.0,0.0,2014-12-17,T3
statement_20141217,will/causative,0,0.0,0.0,2014-12-17,T3
statement_20141217,will/other,0,0.0,0.0,2014-12-17,T3
statement_20141217,should/activity,1,1.7182130584192439,0.125,2014-12-17,T3
statement_20141217,may/causative,1,1.7182130584192439,0.125,2014-12-17,T3
statement_20150128,will/aspectual,0,0.0,0.0,2015-01-28,T3
statement_20150128,will/activity,2,3.676470588235294,0.2857142857142857,2015-01-28,T3
statement_20150128,will/mental,1,1.838235294117647,0.14285714285714285,2015-01-28,T3
statement_20150128,will/policy_action,1,1.838235294117647,0.14285714285714285,2015-01-28,T3
statement_20150128,will/occurrence,0,0.0,0.0,2015-01-28,T3
statement_20150128,will/copular_adj,0,0.0,0.0,2015-01-28,T3
statement_20150128,could/causative,0,0.0,0.0,2015-01-28,T3
statement_20150128,would/copular_adj,0,0.0,0.0,2015-01-28,T3
statement_20150128,will/causative,0,0.0,0.0,2015-01-28,T3
statement_20150128,will/other,0,0.0,0.0,2015-01-28,T3
statement_20150128,should/activity,1,1.838235294117647,0.14285714285714285,2015-01-28,T3
statement_20150128,may/causative,1,1.838235294117647,0.14285714285714285,2015-01-28,T3
statement_20150318,will/aspectual,0,0.0,0.0,2015-03-18,T3
statement_20150318,will/activity,2,3.5842293906810037,0.25,2015-03-18,T3
statement_20150318,will/mental,1,1.7921146953405018,0.125,2015-03-18,T3
statement_20150318,will/policy_action,2,3.5842293906810037,0.25,2015-03-18,T3
statement_20150318,will/occurrence,0,0.0,0.0,2015-03-18,T3
statement_20150318,will/copular_adj,1,1.7921146953405018,0.125,2015-03-18,T3
statement_20150318,could/causative,0,0.0,0.0,2015-03-18,T3
statement_20150318,would/copular_adj,0,0.0,0.0,2015-03-18,T3
statement_20150318,will/causative,0,0.0,0.0,2015-03-18,T3
statement_20150318,will/other,0,0.0,0.0,2015-03-18,T3
statement_20150318,should/activity,1,1.7921146953405018,0.125,2015-03-18,T3
statement_20150318,may/causative,1,1.7921146953405018,0.125,2015-03-18,T3
statement_20150429,will/aspectual,0,0.0,0.0,2015-04-29,T3
statement_20150429,will/activity,2,3.7383177570093458,0.25,2015-04-29,T3
statement_20150429,will/mental,1,1.8691588785046729,0.125,2015-04-29,T3
statement_20150429,will/policy_action,2,3.7383177570093458,0.25,2015-04-29,T3
statement_20150429,will/occurrence,0,0.0,0.0,2015-04-29,T3
statement_20150429,will/copular_adj,1,1.8691588785046729,0.125,2015-04-29,T3
statement_20150429,could/causative,0,0.0,0.0,2015-04-29,T3
statement_20150429,would/copular_adj,0,0.0,0.0,2015-04-29,T3
statement_20150429,will/causative,0,0.0,0.0,2015-04-29,T3
statement_20150429,will/other,0,0.0,0.0,2015-04-29,T3
statement_20150429,should/activity,1,1.8691588785046729,0.125,2015-04-29,T3
statement_20150429,may/causative,1,1.8691588785046729,0.125,2015-04-29,T3
statement_20150617,will/aspectual,0,0.0,0.0,2015-06-17,T3
statement_20150617,will/activity,2,3.8461538461538463,0.25,2015-06-17,T3
statement_20150617,will/mental,1,1.9230769230769231,0.125,2015-06-17,T3
statement_20150617,will/policy_action,2,3.8461538461538463,0.25,2015-06-17,T3
statement_20150617,will/occurrence,0,0.0,0.0,2015-06-17,T3
statement_20150617,will/copular_adj,1,1.9230769230769231,0.125,2015-06-17,T3
statement_20150617,could/causative,0,0.0,0.0,2015-06-17,T3
statement_20150617,would/copular_adj,0,0.0,0.0,2015-06-17,T3
statement_20150617,will/causative,0,0.0,0.0,2015-06-17,T3
statement_20150617,will/other,0,0.0,0.0,2015-06-17,T3
statement_20150617,should/activity,1,1.9230769230769231,0.125,2015-06-17,T3
statement_20150617,may/causative,1,1.9230769230769231,0.125,2015-06-17,T3
statement_20150729,will/aspectual,0,0.0,0.0,2015-07-29,T3
statement_20150729,will/activity,2,3.898635477582846,0.25,2015-07-29,T3
statement_20150729,will/mental,1,1.949317738791423,0.125,2015-07-29,T3
statement_20150729,will/policy_action,2,3.898635477582846,0.25,2015-07-29,T3
statement_20150729,will/occurrence,0,0.0,0.0,2015-07-29,T3
statement_20150729,will/copular_adj,1,1.949317738791423,0.125,2015-07-29,T3
statement_20150729,could/causative,0,0.0,0.0,2015-07-29,T3
statement_20150729,would/copular_adj,0,0.0,0.0,2015-07-29,T3
statement_20150729,will/causative,0,0.0,0.0,2015-07-29,T3
statement_20150729,will/other,0,0.0,0.0,2015-07-29,T3
statement_20150729,should/activity,1,1.949317738791423,0.125,2015-07-29,T3
statement_20150729,may/causative,1,1.949317738791423,0.125,2015-07-29,T3
statement_20150917,will/aspectual,0,0.0,0.0,2015-09-17,T3
statement_20150917,will/activity,2,3.7105751391465676,0.2222222222222222,2015-09-17,T3
statement_20150917,will/mental,1,1.8552875695732838,0.1111111111111111,2015-09-17,T3
statement_20150917,will/policy_action,2,3.7105751391465676,0.2222222222222222,2015-09-17,T3
statement_20150917,will/occurrence,0,0.0,0.0,2015-09-17,T3
statement_20150917,will/copular_adj,1,1.8552875695732838,0.1111111111111111,2015-09-17,T3
statement_20150917,could/causative,0,0.0,0.0,2015-09-17,T3
statement_20150917,would/copular_adj,0,0.0,0.0,2015-09-17,T3
statement_20150917,will/causative,0,0.0,0.0,2015-09-17,T3
statement_20150917,will/other,0,0.0,0.0,2015-09-17,T3
statement_20150917,should/activity,1,1.8552875695732838,0.1111111111111111,2015-09-17,T3
statement_20150917,may/causative,2,3.7105751391465676,0.2222222222222222,2015-09-17,T3
statement_20151028,will/aspectual,0,0.0,0.0,2015-10-28,T3
statement_20151028,will/activity,2,3.7735849056603774,0.2222222222222222,2015-10-28,T3
statement_20151028,will/mental,1,1.8867924528301887,0.1111111111111111,2015-10-28,T3
statement_20151028,will/policy_action,2,3.7735849056603774,0.2222222222222222,2015-10-28,T3
statement_20151028,will/occurrence,0,0.0,0.0,2015-10-28,T3
statement_20151028,will/copular_adj,2,3.7735849056603774,0.2222222222222222,2015-10-28,T3
statement_20151028,could/causative,0,0.0,0.0,2015-10-28,T3
statement_20151028,would/copular_adj,0,0.0,0.0,2015-10-28,T3
statement_20151028,will/causative,0,0.0,0.0,2015-10-28,T3
statement_20151028,will/other,0,0.0,0.0,2015-10-28,T3
statement_20151028,should/activity,1,1.8867924528301887,0.1111111111111111,2015-10-28,T3
statement_20151028,may/causative,1,1.8867924528301887,0.1111111111111111,2015-10-28,T3
statement_20151216,will/aspectual,2,3.51493848857645,0.2,2015-12-16,T3
statement_20151216,will/activity,1,1.757469244288225,0.1,2015-12-16,T3
statement_20151216,will/mental,2,3.51493848857645,0.2,2015-12-16,T3
statement_20151216,will/policy_action,0,0.0,0.0,2015-12-16,T3
statement_20151216,will/occurrence,2,3.51493848857645,0.2,2015-12-16,T3
statement_20151216,will/copular_adj,0,0.0,0.0,2015-12-16,T3
statement_20151216,could/causative,0,0.0,0.0,2015-12-16,T3
statement_20151216,would/copular_adj,0,0.0,0.0,2015-12-16,T3
statement_20151216,will/causative,1,1.757469244288225,0.1,2015-12-16,T3
statement_20151216,will/other,0,0.0,0.0,2015-12-16,T3
statement_20151216,should/activity,1,1.757469244288225,0.1,2015-12-16,T3
statement_20151216,may/causative,0,0.0,0.0,2015-12-16,T3
statement_20160127,will/aspectual,1,1.8867924528301887,0.1111111111111111,2016-01-27,T3
statement_20160127,will/activity,1,1.8867924528301887,0.1111111111111111,2016-01-27,T3
statement_20160127,will/mental,2,3.7735849056603774,0.2222222222222222,2016-01-27,T3
statement_20160127,will/policy_action,1,1.8867924528301887,0.1111111111111111,2016-01-27,T3
statement_20160127,will/occurrence,1,1.8867924528301887,0.1111111111111111,2016-01-27,T3
statement_20160127,will/copular_adj,0,0.0,0.0,2016-01-27,T3
statement_20160127,could/causative,0,0.0,0.0,2016-01-27,T3
statement_20160127,would/copular_adj,0,0.0,0.0,2016-01-27,T3
statement_20160127,will/causative,1,1.8867924528301887,0.1111111111111111,2016-01-27,T3
statement_20160127,will/other,0,0.0,0.0,2016-01-27,T3
statement_20160127,should/activity,1,1.8867924528301887,0.1111111111111111,2016-01-27,T3
statement_20160127,may/causative,0,0.0,0.0,2016-01-27,T3
statement_20160316,will/aspectual,1,1.9305019305019306,0.1111111111111111,2016-03-16,T3
statement_20160316,will/activity,1,1.9305019305019306,0.1111111111111111,2016-03-16,T3
statement_20160316,will/mental,2,3.8610038610038613,0.2222222222222222,2016-03-16,T3
statement_20160316,will/policy_action,1,1.9305019305019306,0.1111111111111111,2016-03-16,T3
statement_20160316,will/occurrence,1,1.9305019305019306,0.1111111111111111,2016-03-16,T3
statement_20160316,will/copular_adj,0,0.0,0.0,2016-03-16,T3
statement_20160316,could/causative,0,0.0,0.0,2016-03-16,T3
statement_20160316,would/copular_adj,0,0.0,0.0,2016-03-16,T3
statement_20160316,will/causative,1,1.9305019305019306,0.1111111111111111,2016-03-16,T3
statement_20160316,will/other,0,0.0,0.0,2016-03-16,T3
statement_20160316,should/activity,1,1.9305019305019306,0.1111111111111111,2016-03-16,T3
statement_20160316,may/causative,0,0.0,0.0,2016-03-16,T3
statement_20160427,will/aspectual,1,1.9120458891013383,0.1111111111111111,2016-04-27,T3
statement_20160427,will/activity,1,1.9120458891013383,0.1111111111111111,2016-04-27,T3
statement_20160427,will/mental,2,3.8240917782026767,0.2222222222222222,2016-04-27,T3
statement_20160427,will/policy_action,1,1.9120458891013383,0.1111111111111111,2016-04-27,T3
statement_20160427,will/occurrence,1,1.9120458891013383,0.1111111111111111,2016-04-27,T3
statement_20160427,will/copular_adj,0,0.0,0.0,2016-04-27,T3
statement_20160427,could/causative,0,0.0,0.0,2016-04-27,T3
statement_20160427,would/copular_adj,0,0.0,0.0,2016-04-27,T3
statement_20160427,will/causative,1,1.9120458891013383,0.1111111111111111,2016-04-27,T3
statement_20160427,will/other,0,0.0,0.0,2016-04-27,T3
statement_20160427,should/activity,1,1.9120458891013383,0.1111111111111111,2016-04-27,T3
statement_20160427,may/causative,0,0.0,0.0,2016-04-27,T3
statement_20160615,will/aspectual,0,0.0,0.0,2016-06-15,T3
statement_20160615,will/activity,1,1.953125,0.1111111111111111,2016-06-15,T3
statement_20160615,will/mental,2,3.90625,0.2222222222222222,2016-06-15,T3
statement_20160615,will/policy_action,1,1.953125,0.1111111111111111,2016-06-15,T3
statement_20160615,will/occurrence,1,1.953125,0.1111111111111111,2016-06-15,T3
statement_20160615,will/copular_adj,0,0.0,0.0,2016-06-15,T3
statement_20160615,could/causative,0,0.0,0.0,2016-06-15,T3
statement_20160615,would/copular_adj,0,0.0,0.0,2016-06-15,T3
statement_20160615,will/causative,2,3.90625,0.2222222222222222,2016-06-15,T3
statement_20160615,will/other,0,0.0,0.0,2016-06-15,T3
statement_20160615,should/activity,1,1.953125,0.1111111111111111,2016-06-15,T3
statement_20160615,may/causative,0,0.0,0.0,2016-06-15,T3
statement_20160727,will/aspectual,0,0.0,0.0,2016-07-27,T3
statement_20160727,will/activity,1,1.949317738791423,0.1111111111111111,2016-07-27,T3
statement_20160727,will/mental,2,3.898635477582846,0.2222222222222222,2016-07-27,T3
statement_20160727,will/policy_action,1,1.949317738791423,0.1111111111111111,2016-07-27,T3
statement_20160727,will/occurrence,1,1.949317738791423,0.1111111111111111,2016-07-27,T3
statement_20160727,will/copular_adj,0,0.0,0.0,2016-07-27,T3
statement_20160727,could/causative,0,0.0,0.0,2016-07-27,T3
statement_20160727,would/copular_adj,0,0.0,0.0,2016-07-27,T3
statement_20160727,will/causative,2,3.898635477582846,0.2222222222222222,2016-07-27,T3
statement_20160727,will/other,0,0.0,0.0,2016-07-27,T3
statement_20160727,should/activity,1,1.949317738791423,0.1111111111111111,2016-07-27,T3
statement_20160727,may/causative,0,0.0,0.0,2016-07-27,T3
statement_20160921,will/aspectual,0,0.0,0.0,2016-09-21,T3
statement_20160921,will/activity,1,1.8248175182481752,0.1111111111111111,2016-09-21,T3
statement_20160921,will/mental,2,3.6496350364963503,0.2222222222222222,2016-09-21,T3
statement_20160921,will/policy_action,1,1.8248175182481752,0.1111111111111111,2016-09-21,T3
statement_20160921,will/occurrence,1,1.8248175182481752,0.1111111111111111,2016-09-21,T3
statement_20160921,will/copular_adj,0,0.0,0.0,2016-09-21,T3
statement_20160921,could/causative,0,0.0,0.0,2016-09-21,T3
statement_20160921,would/copular_adj,0,0.0,0.0,2016-09-21,T3
statement_20160921,will/causative,2,3.6496350364963503,0.2222222222222222,2016-09-21,T3
statement_20160921,will/other,0,0.0,0.0,2016-09-21,T3
statement_20160921,should/activity,1,1.8248175182481752,0.1111111111111111,2016-09-21,T3
statement_20160921,may/causative,0,0.0,0.0,2016-09-21,T3
statement_20161102,will/aspectual,0,0.0,0.0,2016-11-02,T3
statement_20161102,will/activity,1,1.8450184501845017,0.1111111111111111,2016-11-02,T3
statement_20161102,will/mental,2,3.6900369003690034,0.2222222222222222,2016-11-02,T3
statement_20161102,will/policy_action,1,1.8450184501845017,0.1111111111111111,2016-11-02,T3
statement_20161102,will/occurrence,1,1.8450184501845017,0.1111111111111111,2016-11-02,T3
statement_20161102,will/copular_adj,0,0.0,0.0,2016-11-02,T3
statement_20161102,could/causative,0,0.0,0.0,2016-11-02,T3
statement_20161102,would/copular_adj,0,0.0,0.0,2016-11-02,T3
statement_20161102,will/causative,2,3.6900369003690034,0.2222222222222222,2016-11-02,T3
statement_20161102,will/other,0,0.0,0.0,2016-11-02,T3
statement_20161102,should/activity,1,1.8450184501845017,0.1111111111111111,2016-11-02,T3
statement_20161102,may/causative,0,0.0,0.0,2016-11-02,T3
statement_20161214,will/aspectual,0,0.0,0.0,2016-12-14,T3
statement_20161214,will/activity,1,1.9646365422396854,0.1111111111111111,2016-12-14,T3
statement_20161214,will/mental,2,3.929273084479371,0.2222222222222222,2016-12-14,T3
statement_20161214,will/policy_action,1,1.9646365422396854,0.1111111111111111,2016-12-14,T3
statement_20161214,will/occurrence,1,1.9646365422396854,0.1111111111111111,2016-12-14,T3
statement_20161214,will/copular_adj,0,0.0,0.0,2016-12-14,T3
statement_20161214,could/causative,0,0.0,0.0,2016-12-14,T3
statement_20161214,would/copular_adj,0,0.0,0.0,2016-12-14,T3
statement_20161214,will/causative,2,3.929273084479371,0.2222222222222222,2016-12-14,T3
statement_20161214,will/other,0,0.0,0.0,2016-12-14,T3
statement_20161214,should/activity,1,1.9646365422396854,0.1111111111111111,2016-12-14,T3
statement_20161214,may/causative,0,0.0,0.0,2016-12-14,T3
statement_20170201,will/aspectual,0,0.0,0.0,2017-02-01,T3
statement_20170201,will/activity,1,2.1231422505307855,0.1,2017-02-01,T3
statement_20170201,will/mental,2,4.246284501061571,0.2,2017-02-01,T3
statement_20170201,will/policy_action,1,2.1231422505307855,0.1,2017-02-01,T3
statement_20170201,will/occurrence,2,4.246284501061571,0.2,2017-02-01,T3
statement_20170201,will/copular_adj,0,0.0,0.0,2017-02-01,T3
statement_20170201,could/causative,0,0.0,0.0,2017-02-01,T3
statement_20170201,would/copular_adj,0,0.0,0.0,2017-02-01,T3
statement_20170201,will/causative,2,4.246284501061571,0.2,2017-02-01,T3
statement_20170201,will/other,0,0.0,0.0,2017-02-01,T3
statement_20170201,should/activity,1,2.1231422505307855,0.1,2017-02-01,T3
statement_20170201,may/causative,0,0.0,0.0,2017-02-01,T3
statement_20170315,will/aspectual,0,0.0,0.0,2017-03-15,T3
statement_20170315,will/activity,1,2.1186440677966103,0.1,2017-03-15,T3
statement_20170315,will/mental,2,4.237288135593221,0.2,2017-03-15,T3
statement_20170315,will/policy_action,1,2.1186440677966103,0.1,2017-03-15,T3
statement_20170315,will/occurrence,2,4.237288135593221,0.2,2017-03-15,T3
statement_20170315,will/copular_adj,0,0.0,0.0,2017-03-15,T3
statement_20170315,could/causative,0,0.0,0.0,2017-03-15,T3
statement_20170315,would/copular_adj,0,0.0,0.0,2017-03-15,T3
statement_20170315,will/causative,2,4.237288135593221,0.2,2017-03-15,T3
statement_20170315,will/other,0,0.0,0.0,2017-03-15,T3
statement_20170315,should/activity,1,2.1186440677966103,0.1,2017-03-15,T3
statement_20170315,may/causative,0,0.0,0.0,2017-03-15,T3
statement_20170503,will/aspectual,0,0.0,0.0,2017-05-03,T3
statement_20170503,will/activity,1,2.028397565922921,0.1,2017-05-03,T3
statement_20170503,will/mental,2,4.056795131845842,0.2,2017-05-03,T3
statement_20170503,will/policy_action,1,2.028397565922921,0.1,2017-05-03,T3
statement_20170503,will/occurrence,2,4.056795131845842,0.2,2017-05-03,T3
statement_20170503,will/copular_adj,0,0.0,0.0,2017-05-03,T3
statement_20170503,could/causative,0,0.0,0.0,2017-05-03,T3
statement_20170503,would/copular_adj,0,0.0,0.0,2017-05-03,T3
statement_20170503,will/causative,2,4.056795131845842,0.2,2017-05-03,T3
statement_20170503,will/other,0,0.0,0.0,2017-05-03,T3
statement_20170503,should/activity,1,2.028397565922921,0.1,2017-05-03,T3
statement_20170503,may/causative,0,0.0,0.0,2017-05-03,T3
statement_20170614,will/aspectual,0,0.0,0.0,2017-06-14,T3
statement_20170614,will/activity,1,1.9723865877712032,0.1111111111111111,2017-06-14,T3
statement_20170614,will/mental,2,3.9447731755424065,0.2222222222222222,2017-06-14,T3
statement_20170614,will/policy_action,1,1.9723865877712032,0.1111111111111111,2017-06-14,T3
statement_20170614,will/occurrence,1,1.9723865877712032,0.1111111111111111,2017-06-14,T3
statement_20170614,will/copular_adj,0,0.0,0.0,2017-06-14,T3
statement_20170614,could/causative,0,0.0,0.0,2017-06-14,T3
statement_20170614,would/copular_adj,0,0.0,0.0,2017-06-14,T3
statement_20170614,will/causative,2,3.9447731755424065,0.2222222222222222,2017-06-14,T3
statement_20170614,will/other,0,0.0,0.0,2017-06-14,T3
statement_20170614,should/activity,0,0.0,0.0,2017-06-14,T3
statement_20170614,may/causative,0,0.0,0.0,2017-06-14,T3
statement_20170726,will/aspectual,0,0.0,0.0,2017-07-26,T3
statement_20170726,will/activity,1,2.074688796680498,0.125,2017-07-26,T3
statement_20170726,will/mental,2,4.149377593360996,0.25,2017-07-26,T3
statement_20170726,will/policy_action,1,2.074688796680498,0.125,2017-07-26,T3
statement_20170726,will/occurrence,1,2.074688796680498,0.125,2017-07-26,T3
statement_20170726,will/copular_adj,0,0.0,0.0,2017-07-26,T3
statement_20170726,could/causative,0,0.0,0.0,2017-07-26,T3
statement_20170726,would/copular_adj,0,0.0,0.0,2017-07-26,T3
statement_20170726,will/causative,2,4.149377593360996,0.25,2017-07-26,T3
statement_20170726,will/other,0,0.0,0.0,2017-07-26,T3
statement_20170726,should/activity,0,0.0,0.0,2017-07-26,T3
statement_20170726,may/causative,0,0.0,0.0,2017-07-26,T3
statement_20170920,will/aspectual,0,0.0,0.0,2017-09-20,T3
statement_20170920,will/activity,1,1.9646365422396854,0.09090909090909091,2017-09-20,T3
statement_20170920,will/mental,2,3.929273084479371,0.18181818181818182,2017-09-20,T3
statement_20170920,will/policy_action,2,3.929273084479371,0.18181818181818182,2017-09-20,T3
statement_20170920,will/occurrence,1,1.9646365422396854,0.09090909090909091,2017-09-20,T3
statement_20170920,will/copular_adj,0,0.0,0.0,2017-09-20,T3
statement_20170920,could/causative,0,0.0,0.0,2017-09-20,T3
statement_20170920,would/copular_adj,0,0.0,0.0,2017-09-20,T3
statement_20170920,will/causative,4,7.858546168958742,0.36363636363636365,2017-09-20,T3
statement_20170920,will/other,0,0.0,0.0,2017-09-20,T3
statement_20170920,should/activity,0,0.0,0.0,2017-09-20,T3
statement_20170920,may/causative,0,0.0,0.0,2017-09-20,T3
statement_20171101,will/aspectual,1,2.05761316872428,0.1111111111111111,2017-11-01,T3
statement_20171101,will/activity,1,2.05761316872428,0.1111111111111111,2017-11-01,T3
statement_20171101,will/mental,2,4.11522633744856,0.2222222222222222,2017-11-01,T3
statement_20171101,will/policy_action,1,2.05761316872428,0.1111111111111111,2017-11-01,T3
statement_20171101,will/occurrence,1,2.05761316872428,0.1111111111111111,2017-11-01,T3
statement_20171101,will/copular_adj,0,0.0,0.0,2017-11-01,T3
statement_20171101,could/causative,0,0.0,0.0,2017-11-01,T3
statement_20171101,would/copular_adj,0,0.0,0.0,2017-11-01,T3
statement_20171101,will/causative,2,4.11522633744856,0.2222222222222222,2017-11-01,T3
statement_20171101,will/other,0,0.0,0.0,2017-11-01,T3
statement_20171101,should/activity,0,0.0,0.0,2017-11-01,T3
statement_20171101,may/causative,0,0.0,0.0,2017-11-01,T3
statement_20171213,will/aspectual,0,0.0,0.0,2017-12-13,T3
statement_20171213,will/activity,1,2.293577981651376,0.125,2017-12-13,T3
statement_20171213,will/mental,2,4.587155963302752,0.25,2017-12-13,T3
statement_20171213,will/policy_action,1,2.293577981651376,0.125,2017-12-13,T3
statement_20171213,will/occurrence,2,4.587155963302752,0.25,2017-12-13,T3
statement_20171213,will/copular_adj,0,0.0,0.0,2017-12-13,T3
statement_20171213,could/causative,0,0.0,0.0,2017-12-13,T3
statement_20171213,would/copular_adj,0,0.0,0.0,2017-12-13,T3
statement_20171213,will/causative,1,2.293577981651376,0.125,2017-12-13,T3
statement_20171213,will/other,0,0.0,0.0,2017-12-13,T3
statement_20171213,should/activity,0,0.0,0.0,2017-12-13,T3
statement_20171213,may/causative,0,0.0,0.0,2017-12-13,T3
statement_20180131,will/aspectual,0,0.0,0.0,2018-01-31,T3
statement_20180131,will/activity,1,2.5706940874035986,0.125,2018-01-31,T3
statement_20180131,will/mental,2,5.141388174807197,0.25,2018-01-31,T3
statement_20180131,will/policy_action,1,2.5706940874035986,0.125,2018-01-31,T3
statement_20180131,will/occurrence,2,5.141388174807197,0.25,2018-01-31,T3
statement_20180131,will/copular_adj,0,0.0,0.0,2018-01-31,T3
statement_20180131,could/causative,0,0.0,0.0,2018-01-31,T3
statement_20180131,would/copular_adj,0,0.0,0.0,2018-01-31,T3
statement_20180131,will/causative,1,2.5706940874035986,0.125,2018-01-31,T3
statement_20180131,will/other,0,0.0,0.0,2018-01-31,T3
statement_20180131,should/activity,0,0.0,0.0,2018-01-31,T3
statement_20180131,may/causative,0,0.0,0.0,2018-01-31,T3
statement_20180321,will/aspectual,0,0.0,0.0,2018-03-21,T3
statement_20180321,will/activity,1,2.375296912114014,0.125,2018-03-21,T3
statement_20180321,will/mental,2,4.750593824228028,0.25,2018-03-21,T3
statement_20180321,will/policy_action,1,2.375296912114014,0.125,2018-03-21,T3
statement_20180321,will/occurrence,2,4.750593824228028,0.25,2018-03-21,T3
statement_20180321,will/copular_adj,0,0.0,0.0,2018-03-21,T3
statement_20180321,could/causative,0,0.0,0.0,2018-03-21,T3
statement_20180321,would/copular_adj,0,0.0,0.0,2018-03-21,T3
statement_20180321,will/causative,1,2.375296912114014,0.125,2018-03-21,T3
statement_20180321,will/other,0,0.0,0.0,2018-03-21,T3
statement_20180321,should/activity,0,0.0,0.0,2018-03-21,T3
statement_20180321,may/causative,0,0.0,0.0,2018-03-21,T3
statement_20180502,will/aspectual,0,0.0,0.0,2018-05-02,T3
statement_20180502,will/activity,1,2.5380710659898473,0.125,2018-05-02,T3
statement_20180502,will/mental,2,5.076142131979695,0.25,2018-05-02,T3
statement_20180502,will/policy_action,1,2.5380710659898473,0.125,2018-05-02,T3
statement_20180502,will/occurrence,2,5.076142131979695,0.25,2018-05-02,T3
statement_20180502,will/copular_adj,0,0.0,0.0,2018-05-02,T3
statement_20180502,could/causative,0,0.0,0.0,2018-05-02,T3
statement_20180502,would/copular_adj,0,0.0,0.0,2018-05-02,T3
statement_20180502,will/causative,1,2.5380710659898473,0.125,2018-05-02,T3
statement_20180502,will/other,0,0.0,0.0,2018-05-02,T3
statement_20180502,should/activity,0,0.0,0.0,2018-05-02,T3
statement_20180502,may/causative,0,0.0,0.0,2018-05-02,T3
statement_20180613,will/aspectual,0,0.0,0.0,2018-06-13,T3
statement_20180613,will/activity,1,3.4602076124567476,0.3333333333333333,2018-06-13,T3
statement_20180613,will/mental,1,3.4602076124567476,0.3333333333333333,2018-06-13,T3
statement_20180613,will/policy_action,0,0.0,0.0,2018-06-13,T3
statement_20180613,will/occurrence,0,0.0,0.0,2018-06-13,T3
statement_20180613,will/copular_adj,1,3.4602076124567476,0.3333333333333333,2018-06-13,T3
statement_20180613,could/causative,0,0.0,0.0,2018-06-13,T3
statement_20180613,would/copular_adj,0,0.0,0.0,2018-06-13,T3
statement_20180613,will/causative,0,0.0,0.0,2018-06-13,T3
statement_20180613,will/other,0,0.0,0.0,2018-06-13,T3
statement_20180613,should/activity,0,0.0,0.0,2018-06-13,T3
statement_20180613,may/causative,0,0.0,0.0,2018-06-13,T3
statement_20180801,will/aspectual,0,0.0,0.0,2018-08-01,T3
statement_20180801,will/activity,1,3.6101083032490977,0.3333333333333333,2018-08-01,T3
statement_20180801,will/mental,1,3.6101083032490977,0.3333333333333333,2018-08-01,T3
statement_20180801,will/policy_action,0,0.0,0.0,2018-08-01,T3
statement_20180801,will/occurrence,0,0.0,0.0,2018-08-01,T3
statement_20180801,will/copular_adj,1,3.6101083032490977,0.3333333333333333,2018-08-01,T3
statement_20180801,could/causative,0,0.0,0.0,2018-08-01,T3
statement_20180801,would/copular_adj,0,0.0,0.0,2018-08-01,T3
statement_20180801,will/causative,0,0.0,0.0,2018-08-01,T3
statement_20180801,will/other,0,0.0,0.0,2018-08-01,T3
statement_20180801,should/activity,0,0.0,0.0,2018-08-01,T3
statement_20180801,may/causative,0,0.0,0.0,2018-08-01,T3
statement_20180926,will/aspectual,0,0.0,0.0,2018-09-26,T3
statement_20180926,will/activity,1,3.90625,0.3333333333333333,2018-09-26,T3
statement_20180926,will/mental,1,3.90625,0.3333333333333333,2018-09-26,T3
statement_20180926,will/policy_action,0,0.0,0.0,2018-09-26,T3
statement_20180926,will/occurrence,0,0.0,0.0,2018-09-26,T3
statement_20180926,will/copular_adj,1,3.90625,0.3333333333333333,2018-09-26,T3
statement_20180926,could/causative,0,0.0,0.0,2018-09-26,T3
statement_20180926,would/copular_adj,0,0.0,0.0,2018-09-26,T3
statement_20180926,will/causative,0,0.0,0.0,2018-09-26,T3
statement_20180926,will/other,0,0.0,0.0,2018-09-26,T3
statement_20180926,should/activity,0,0.0,0.0,2018-09-26,T3
statement_20180926,may/causative,0,0.0,0.0,2018-09-26,T3
statement_20181108,will/aspectual,0,0.0,0.0,2018-11-08,T3
statement_20181108,will/activity,1,3.717472118959108,0.3333333333333333,2018-11-08,T3
statement_20181108,will/mental,1,3.717472118959108,0.3333333333333333,2018-11-08,T3
statement_20181108,will/policy_action,0,0.0,0.0,2018-11-08,T3
statement_20181108,will/occurrence,0,0.0,0.0,2018-11-08,T3
statement_20181108,will/copular_adj,1,3.717472118959108,0.3333333333333333,2018-11-08,T3
statement_20181108,could/causative,0,0.0,0.0,2018-11-08,T3
statement_20181108,would/copular_adj,0,0.0,0.0,2018-11-08,T3
statement_20181108,will/causative,0,0.0,0.0,2018-11-08,T3
statement_20181108,will/other,0,0.0,0.0,2018-11-08,T3
statement_20181108,should/activity,0,0.0,0.0,2018-11-08,T3
statement_20181108,may/causative,0,0.0,0.0,2018-11-08,T3
statement_20181219,will/aspectual,1,3.4129692832764507,0.25,2018-12-19,T3
statement_20181219,will/activity,1,3.4129692832764507,0.25,2018-12-19,T3
statement_20181219,will/mental,1,3.4129692832764507,0.25,2018-12-19,T3
statement_20181219,will/policy_action,0,0.0,0.0,2018-12-19,T3
statement_20181219,will/occurrence,0,0.0,0.0,2018-12-19,T3
statement_20181219,will/copular_adj,1,3.4129692832764507,0.25,2018-12-19,T3
statement_20181219,could/causative,0,0.0,0.0,2018-12-19,T3
statement_20181219,would/copular_adj,0,0.0,0.0,2018-12-19,T3
statement_20181219,will/causative,0,0.0,0.0,2018-12-19,T3
statement_20181219,will/other,0,0.0,0.0,2018-12-19,T3
statement_20181219,should/activity,0,0.0,0.0,2018-12-19,T3
statement_20181219,may/causative,0,0.0,0.0,2018-12-19,T3
statement_20190130,will/aspectual,0,0.0,0.0,2019-01-30,T3
statement_20190130,will/activity,1,3.401360544217687,0.25,2019-01-30,T3
statement_20190130,will/mental,1,3.401360544217687,0.25,2019-01-30,T3
statement_20190130,will/policy_action,0,0.0,0.0,2019-01-30,T3
statement_20190130,will/occurrence,0,0.0,0.0,2019-01-30,T3
statement_20190130,will/copular_adj,1,3.401360544217687,0.25,2019-01-30,T3
statement_20190130,could/causative,0,0.0,0.0,2019-01-30,T3
statement_20190130,would/copular_adj,0,0.0,0.0,2019-01-30,T3
statement_20190130,will/causative,0,0.0,0.0,2019-01-30,T3
statement_20190130,will/other,0,0.0,0.0,2019-01-30,T3
statement_20190130,should/activity,0,0.0,0.0,2019-01-30,T3
statement_20190130,may/causative,0,0.0,0.0,2019-01-30,T3
statement_20190320,will/aspectual,0,0.0,0.0,2019-03-20,T3
statement_20190320,will/activity,1,3.225806451612903,0.25,2019-03-20,T3
statement_20190320,will/mental,1,3.225806451612903,0.25,2019-03-20,T3
statement_20190320,will/policy_action,0,0.0,0.0,2019-03-20,T3
statement_20190320,will/occurrence,0,0.0,0.0,2019-03-20,T3
statement_20190320,will/copular_adj,1,3.225806451612903,0.25,2019-03-20,T3
statement_20190320,could/causative,0,0.0,0.0,2019-03-20,T3
statement_20190320,would/copular_adj,0,0.0,0.0,2019-03-20,T3
statement_20190320,will/causative,0,0.0,0.0,2019-03-20,T3
statement_20190320,will/other,0,0.0,0.0,2019-03-20,T3
statement_20190320,should/activity,0,0.0,0.0,2019-03-20,T3
statement_20190320,may/causative,0,0.0,0.0,2019-03-20,T3
statement_20190501,will/aspectual,0,0.0,0.0,2019-05-01,T3
statement_20190501,will/activity,1,3.4965034965034967,0.25,2019-05-01,T3
statement_20190501,will/mental,1,3.4965034965034967,0.25,2019-05-01,T3
statement_20190501,will/policy_action,0,0.0,0.0,2019-05-01,T3
statement_20190501,will/occurrence,0,0.0,0.0,2019-05-01,T3
statement_20190501,will/copular_adj,1,3.4965034965034967,0.25,2019-05-01,T3
statement_20190501,could/causative,0,0.0,0.0,2019-05-01,T3
statement_20190501,would/copular_adj,0,0.0,0.0,2019-05-01,T3
statement_20190501,will/causative,0,0.0,0.0,2019-05-01,T3
statement_20190501,will/other,0,0.0,0.0,2019-05-01,T3
statement_20190501,should/activity,0,0.0,0.0,2019-05-01,T3
statement_20190501,may/causative,0,0.0,0.0,2019-05-01,T3
statement_20190619,will/aspectual,0,0.0,0.0,2019-06-19,T3
statement_20190619,will/activity,2,6.666666666666667,0.5,2019-06-19,T3
statement_20190619,will/mental,2,6.666666666666667,0.5,2019-06-19,T3
statement_20190619,will/policy_action,0,0.0,0.0,2019-06-19,T3
statement_20190619,will/occurrence,0,0.0,0.0,2019-06-19,T3
statement_20190619,will/copular_adj,0,0.0,0.0,2019-06-19,T3
statement_20190619,could/causative,0,0.0,0.0,2019-06-19,T3
statement_20190619,would/copular_adj,0,0.0,0.0,2019-06-19,T3
statement_20190619,will/causative,0,0.0,0.0,2019-06-19,T3
statement_20190619,will/other,0,0.0,0.0,2019-06-19,T3
statement_20190619,should/activity,0,0.0,0.0,2019-06-19,T3
statement_20190619,may/causative,0,0.0,0.0,2019-06-19,T3
statement_20190731,will/aspectual,1,2.898550724637681,0.2,2019-07-31,T3
statement_20190731,will/activity,2,5.797101449275362,0.4,2019-07-31,T3
statement_20190731,will/mental,1,2.898550724637681,0.2,2019-07-31,T3
statement_20190731,will/policy_action,1,2.898550724637681,0.2,2019-07-31,T3
statement_20190731,will/occurrence,0,0.0,0.0,2019-07-31,T3
statement_20190731,will/copular_adj,0,0.0,0.0,2019-07-31,T3
statement_20190731,could/causative,0,0.0,0.0,2019-07-31,T3
statement_20190731,would/copular_adj,0,0.0,0.0,2019-07-31,T3
statement_20190731,will/causative,0,0.0,0.0,2019-07-31,T3
statement_20190731,will/other,0,0.0,0.0,2019-07-31,T3
statement_20190731,should/activity,0,0.0,0.0,2019-07-31,T3
statement_20190731,may/causative,0,0.0,0.0,2019-07-31,T3
statement_20190918,will/aspectual,1,3.1645569620253164,0.25,2019-09-18,T3
statement_20190918,will/activity,2,6.329113924050633,0.5,2019-09-18,T3
statement_20190918,will/mental,1,3.1645569620253164,0.25,2019-09-18,T3
statement_20190918,will/policy_action,0,0.0,0.0,2019-09-18,T3
statement_20190918,will/occurrence,0,0.0,0.0,2019-09-18,T3
statement_20190918,will/copular_adj,0,0.0,0.0,2019-09-18,T3
statement_20190918,could/causative,0,0.0,0.0,2019-09-18,T3
statement_20190918,would/copular_adj,0,0.0,0.0,2019-09-18,T3
statement_20190918,will/causative,0,0.0,0.0,2019-09-18,T3
statement_20190918,will/other,0,0.0,0.0,2019-09-18,T3
statement_20190918,should/activity,0,0.0,0.0,2019-09-18,T3
statement_20190918,may/causative,0,0.0,0.0,2019-09-18,T3
statement_20191030,will/aspectual,1,3.389830508474576,0.3333333333333333,2019-10-30,T3
statement_20191030,will/activity,1,3.389830508474576,0.3333333333333333,2019-10-30,T3
statement_20191030,will/mental,1,3.389830508474576,0.3333333333333333,2019-10-30,T3
statement_20191030,will/policy_action,0,0.0,0.0,2019-10-30,T3
statement_20191030,will/occurrence,0,0.0,0.0,2019-10-30,T3
statement_20191030,will/copular_adj,0,0.0,0.0,2019-10-30,T3
statement_20191030,could/causative,0,0.0,0.0,2019-10-30,T3
statement_20191030,would/copular_adj,0,0.0,0.0,2019-10-30,T3
statement_20191030,will/causative,0,0.0,0.0,2019-10-30,T3
statement_20191030,will/other,0,0.0,0.0,2019-10-30,T3
statement_20191030,should/activity,0,0.0,0.0,2019-10-30,T3
statement_20191030,may/causative,0,0.0,0.0,2019-10-30,T3
statement_20191211,will/aspectual,1,3.6101083032490977,0.3333333333333333,2019-12-11,T3
statement_20191211,will/activity,1,3.6101083032490977,0.3333333333333333,2019-12-11,T3
statement_20191211,will/mental,1,3.6101083032490977,0.3333333333333333,2019-12-11,T3
statement_20191211,will/policy_action,0,0.0,0.0,2019-12-11,T3
statement_20191211,will/occurrence,0,0.0,0.0,2019-12-11,T3
statement_20191211,will/copular_adj,0,0.0,0.0,2019-12-11,T3
statement_20191211,could/causative,0,0.0,0.0,2019-12-11,T3
statement_20191211,would/copular_adj,0,0.0,0.0,2019-12-11,T3
statement_20191211,will/causative,0,0.0,0.0,2019-12-11,T3
statement_20191211,will/other,0,0.0,0.0,2019-12-11,T3
statement_20191211,should/activity,0,0.0,0.0,2019-12-11,T3
statement_20191211,may/causative,0,0.0,0.0,2019-12-11,T3
statement_20200129,will/aspectual,1,3.5971223021582737,0.3333333333333333,2020-01-29,T3
statement_20200129,will/activity,1,3.5971223021582737,0.3333333333333333,2020-01-29,T3
statement_20200129,will/mental,1,3.5971223021582737,0.3333333333333333,2020-01-29,T3
statement_20200129,will/policy_action,0,0.0,0.0,2020-01-29,T3
statement_20200129,will/occurrence,0,0.0,0.0,2020-01-29,T3
statement_20200129,will/copular_adj,0,0.0,0.0,2020-01-29,T3
statement_20200129,could/causative,0,0.0,0.0,2020-01-29,T3
statement_20200129,would/copular_adj,0,0.0,0.0,2020-01-29,T3
statement_20200129,will/causative,0,0.0,0.0,2020-01-29,T3
statement_20200129,will/other,0,0.0,0.0,2020-01-29,T3
statement_20200129,should/activity,0,0.0,0.0,2020-01-29,T3
statement_20200129,may/causative,0,0.0,0.0,2020-01-29,T3
statement_20200303,will/aspectual,0,0.0,0.0,2020-03-03,T3
statement_20200303,will/activity,1,10.752688172043012,1.0,2020-03-03,T3
statement_20200303,will/mental,0,0.0,0.0,2020-03-03,T3
statement_20200303,will/policy_action,0,0.0,0.0,2020-03-03,T3
statement_20200303,will/occurrence,0,0.0,0.0,2020-03-03,T3
statement_20200303,will/copular_adj,0,0.0,0.0,2020-03-03,T3
statement_20200303,could/causative,0,0.0,0.0,2020-03-03,T3
statement_20200303,would/copular_adj,0,0.0,0.0,2020-03-03,T3
statement_20200303,will/causative,0,0.0,0.0,2020-03-03,T3
statement_20200303,will/other,0,0.0,0.0,2020-03-03,T3
statement_20200303,should/activity,0,0.0,0.0,2020-03-03,T3
statement_20200303,may/causative,0,0.0,0.0,2020-03-03,T3
statement_20200315,will/aspectual,2,3.236245954692557,0.2,2020-03-15,T3
statement_20200315,will/activity,3,4.854368932038835,0.3,2020-03-15,T3
statement_20200315,will/mental,1,1.6181229773462784,0.1,2020-03-15,T3
statement_20200315,will/policy_action,1,1.6181229773462784,0.1,2020-03-15,T3
statement_20200315,will/occurrence,1,1.6181229773462784,0.1,2020-03-15,T3
statement_20200315,will/copular_adj,0,0.0,0.0,2020-03-15,T3
statement_20200315,could/causative,0,0.0,0.0,2020-03-15,T3
statement_20200315,would/copular_adj,0,0.0,0.0,2020-03-15,T3
statement_20200315,will/causative,1,1.6181229773462784,0.1,2020-03-15,T3
statement_20200315,will/other,0,0.0,0.0,2020-03-15,T3
statement_20200315,should/activity,0,0.0,0.0,2020-03-15,T3
statement_20200315,may/causative,0,0.0,0.0,2020-03-15,T3
statement_20200323,will/aspectual,3,4.846526655896607,0.42857142857142855,2020-03-23,T3
statement_20200323,will/activity,0,0.0,0.0,2020-03-23,T3
statement_20200323,will/mental,1,1.6155088852988693,0.14285714285714285,2020-03-23,T3
statement_20200323,will/policy_action,0,0.0,0.0,2020-03-23,T3
statement_20200323,will/occurrence,0,0.0,0.0,2020-03-23,T3
statement_20200323,will/copular_adj,0,0.0,0.0,2020-03-23,T3
statement_20200323,could/causative,0,0.0,0.0,2020-03-23,T3
statement_20200323,would/copular_adj,0,0.0,0.0,2020-03-23,T3
statement_20200323,will/causative,0,0.0,0.0,2020-03-23,T3
statement_20200323,will/other,0,0.0,0.0,2020-03-23,T3
statement_20200323,should/activity,0,0.0,0.0,2020-03-23,T3
statement_20200323,may/causative,0,0.0,0.0,2020-03-23,T3
statement_20200429,will/aspectual,3,7.772020725388601,0.375,2020-04-29,T3
statement_20200429,will/activity,2,5.181347150259067,0.25,2020-04-29,T3
statement_20200429,will/mental,2,5.181347150259067,0.25,2020-04-29,T3
statement_20200429,will/policy_action,0,0.0,0.0,2020-04-29,T3
statement_20200429,will/occurrence,0,0.0,0.0,2020-04-29,T3
statement_20200429,will/copular_adj,0,0.0,0.0,2020-04-29,T3
statement_20200429,could/causative,0,0.0,0.0,2020-04-29,T3
statement_20200429,would/copular_adj,0,0.0,0.0,2020-04-29,T3
statement_20200429,will/causative,1,2.5906735751295336,0.125,2020-04-29,T3
statement_20200429,will/other,0,0.0,0.0,2020-04-29,T3
statement_20200429,should/activity,0,0.0,0.0,2020-04-29,T3
statement_20200429,may/causative,0,0.0,0.0,2020-04-29,T3
statement_20200610,will/aspectual,2,5.141388174807197,0.25,2020-06-10,T3
statement_20200610,will/activity,2,5.141388174807197,0.25,2020-06-10,T3
statement_20200610,will/mental,2,5.141388174807197,0.25,2020-06-10,T3
statement_20200610,will/policy_action,0,0.0,0.0,2020-06-10,T3
statement_20200610,will/occurrence,1,2.5706940874035986,0.125,2020-06-10,T3
statement_20200610,will/copular_adj,0,0.0,0.0,2020-06-10,T3
statement_20200610,could/causative,0,0.0,0.0,2020-06-10,T3
statement_20200610,would/copular_adj,0,0.0,0.0,2020-06-10,T3
statement_20200610,will/causative,1,2.5706940874035986,0.125,2020-06-10,T3
statement_20200610,will/other,0,0.0,0.0,2020-06-10,T3
statement_20200610,should/activity,0,0.0,0.0,2020-06-10,T3
statement_20200610,may/causative,0,0.0,0.0,2020-06-10,T3
statement_20200729,will/aspectual,2,4.878048780487805,0.2222222222222222,2020-07-29,T3
statement_20200729,will/activity,2,4.878048780487805,0.2222222222222222,2020-07-29,T3
statement_20200729,will/mental,2,4.878048780487805,0.2222222222222222,2020-07-29,T3
statement_20200729,will/policy_action,0,0.0,0.0,2020-07-29,T3
statement_20200729,will/occurrence,1,2.4390243902439024,0.1111111111111111,2020-07-29,T3
statement_20200729,will/copular_adj,0,0.0,0.0,2020-07-29,T3
statement_20200729,could/causative,0,0.0,0.0,2020-07-29,T3
statement_20200729,would/copular_adj,0,0.0,0.0,2020-07-29,T3
statement_20200729,will/causative,1,2.4390243902439024,0.1111111111111111,2020-07-29,T3
statement_20200729,will/other,0,0.0,0.0,2020-07-29,T3
statement_20200729,should/activity,0,0.0,0.0,2020-07-29,T3
statement_20200729,may/causative,0,0.0,0.0,2020-07-29,T3
statement_20200916,will/aspectual,2,4.716981132075471,0.2222222222222222,2020-09-16,T3
statement_20200916,will/activity,1,2.3584905660377355,0.1111111111111111,2020-09-16,T3
statement_20200916,will/mental,0,0.0,0.0,2020-09-16,T3
statement_20200916,will/policy_action,0,0.0,0.0,2020-09-16,T3
statement_20200916,will/occurrence,1,2.3584905660377355,0.1111111111111111,2020-09-16,T3
statement_20200916,will/copular_adj,1,2.3584905660377355,0.1111111111111111,2020-09-16,T3
statement_20200916,could/causative,1,2.3584905660377355,0.1111111111111111,2020-09-16,T3
statement_20200916,would/copular_adj,1,2.3584905660377355,0.1111111111111111,2020-09-16,T3
statement_20200916,will/causative,0,0.0,0.0,2020-09-16,T3
statement_20200916,will/other,1,2.3584905660377355,0.1111111111111111,2020-09-16,T3
statement_20200916,should/activity,0,0.0,0.0,2020-09-16,T3
statement_20200916,may/causative,0,0.0,0.0,2020-09-16,T3
statement_20201105,will/aspectual,2,4.750593824228028,0.2222222222222222,2020-11-05,T3
statement_20201105,will/activity,1,2.375296912114014,0.1111111111111111,2020-11-05,T3
statement_20201105,will/mental,0,0.0,0.0,2020-11-05,T3
statement_20201105,will/policy_action,0,0.0,0.0,2020-11-05,T3
statement_20201105,will/occurrence,1,2.375296912114014,0.1111111111111111,2020-11-05,T3
statement_20201105,will/copular_adj,1,2.375296912114014,0.1111111111111111,2020-11-05,T3
statement_20201105,could/causative,1,2.375296912114014,0.1111111111111111,2020-11-05,T3
statement_20201105,would/copular_adj,1,2.375296912114014,0.1111111111111111,2020-11-05,T3
statement_20201105,will/causative,0,0.0,0.0,2020-11-05,T3
statement_20201105,will/other,1,2.375296912114014,0.1111111111111111,2020-11-05,T3
statement_20201105,should/activity,0,0.0,0.0,2020-11-05,T3
statement_20201105,may/causative,0,0.0,0.0,2020-11-05,T3
statement_20201216,will/aspectual,3,6.6815144766147,0.3333333333333333,2020-12-16,T3
statement_20201216,will/activity,1,2.2271714922048997,0.1111111111111111,2020-12-16,T3
statement_20201216,will/mental,0,0.0,0.0,2020-12-16,T3
statement_20201216,will/policy_action,0,0.0,0.0,2020-12-16,T3
statement_20201216,will/occurrence,0,0.0,0.0,2020-12-16,T3
statement_20201216,will/copular_adj,1,2.2271714922048997,0.1111111111111111,2020-12-16,T3
statement_20201216,could/causative,1,2.2271714922048997,0.1111111111111111,2020-12-16,T3
statement_20201216,would/copular_adj,1,2.2271714922048997,0.1111111111111111,2020-12-16,T3
statement_20201216,will/causative,0,0.0,0.0,2020-12-16,T3
statement_20201216,will/other,1,2.2271714922048997,0.1111111111111111,2020-12-16,T3
statement_20201216,should/activity,0,0.0,0.0,2020-12-16,T3
statement_20201216,may/causative,0,0.0,0.0,2020-12-16,T3
statement_20210127,will/aspectual,2,4.4543429844097995,0.25,2021-01-27,T3
statement_20210127,will/activity,1,2.2271714922048997,0.125,2021-01-27,T3
statement_20210127,will/mental,0,0.0,0.0,2021-01-27,T3
statement_20210127,will/policy_action,0,0.0,0.0,2021-01-27,T3
statement_20210127,will/occurrence,0,0.0,0.0,2021-01-27,T3
statement_20210127,will/copular_adj,1,2.2271714922048997,0.125,2021-01-27,T3
statement_20210127,could/causative,1,2.2271714922048997,0.125,2021-01-27,T3
statement_20210127,would/copular_adj,1,2.2271714922048997,0.125,2021-01-27,T3
statement_20210127,will/causative,0,0.0,0.0,2021-01-27,T3
statement_20210127,will/other,1,2.2271714922048997,0.125,2021-01-27,T3
statement_20210127,should/activity,0,0.0,0.0,2021-01-27,T3
statement_20210127,may/causative,0,0.0,0.0,2021-01-27,T3
statement_20210317,will/aspectual,2,4.504504504504505,0.25,2021-03-17,T3
statement_20210317,will/activity,1,2.2522522522522523,0.125,2021-03-17,T3
statement_20210317,will/mental,0,0.0,0.0,2021-03-17,T3
statement_20210317,will/policy_action,0,0.0,0.0,2021-03-17,T3
statement_20210317,will/occurrence,0,0.0,0.0,2021-03-17,T3
statement_20210317,will/copular_adj,1,2.2522522522522523,0.125,2021-03-17,T3
statement_20210317,could/causative,1,2.2522522522522523,0.125,2021-03-17,T3
statement_20210317,would/copular_adj,1,2.2522522522522523,0.125,2021-03-17,T3
statement_20210317,will/causative,0,0.0,0.0,2021-03-17,T3
statement_20210317,will/other,1,2.2522522522522523,0.125,2021-03-17,T3
statement_20210317,should/activity,0,0.0,0.0,2021-03-17,T3
statement_20210317,may/causative,0,0.0,0.0,2021-03-17,T3
statement_20210428,will/aspectual,2,4.545454545454545,0.25,2021-04-28,T3
statement_20210428,will/activity,1,2.2727272727272725,0.125,2021-04-28,T3
statement_20210428,will/mental,0,0.0,0.0,2021-04-28,T3
statement_20210428,will/policy_action,0,0.0,0.0,2021-04-28,T3
statement_20210428,will/occurrence,0,0.0,0.0,2021-04-28,T3
statement_20210428,will/copular_adj,1,2.2727272727272725,0.125,2021-04-28,T3
statement_20210428,could/causative,1,2.2727272727272725,0.125,2021-04-28,T3
statement_20210428,would/copular_adj,1,2.2727272727272725,0.125,2021-04-28,T3
statement_20210428,will/causative,0,0.0,0.0,2021-04-28,T3
statement_20210428,will/other,1,2.2727272727272725,0.125,2021-04-28,T3
statement_20210428,should/activity,0,0.0,0.0,2021-04-28,T3
statement_20210428,may/causative,0,0.0,0.0,2021-04-28,T3
statement_20210616,will/aspectual,3,6.8493150684931505,0.3333333333333333,2021-06-16,T3
statement_20210616,will/activity,1,2.28310502283105,0.1111111111111111,2021-06-16,T3
statement_20210616,will/mental,0,0.0,0.0,2021-06-16,T3
statement_20210616,will/policy_action,0,0.0,0.0,2021-06-16,T3
statement_20210616,will/occurrence,0,0.0,0.0,2021-06-16,T3
statement_20210616,will/copular_adj,1,2.28310502283105,0.1111111111111111,2021-06-16,T3
statement_20210616,could/causative,1,2.28310502283105,0.1111111111111111,2021-06-16,T3
statement_20210616,would/copular_adj,1,2.28310502283105,0.1111111111111111,2021-06-16,T3
statement_20210616,will/causative,0,0.0,0.0,2021-06-16,T3
statement_20210616,will/other,1,2.28310502283105,0.1111111111111111,2021-06-16,T3
statement_20210616,should/activity,0,0.0,0.0,2021-06-16,T3
statement_20210616,may/causative,0,0.0,0.0,2021-06-16,T3
statement_20210728,will/aspectual,3,6.651884700665189,0.3333333333333333,2021-07-28,T3
statement_20210728,will/activity,1,2.2172949002217295,0.1111111111111111,2021-07-28,T3
statement_20210728,will/mental,0,0.0,0.0,2021-07-28,T3
statement_20210728,will/policy_action,0,0.0,0.0,2021-07-28,T3
statement_20210728,will/occurrence,0,0.0,0.0,2021-07-28,T3
statement_20210728,will/copular_adj,1,2.2172949002217295,0.1111111111111111,2021-07-28,T3
statement_20210728,could/causative,1,2.2172949002217295,0.1111111111111111,2021-07-28,T3
statement_20210728,would/copular_adj,1,2.2172949002217295,0.1111111111111111,2021-07-28,T3
statement_20210728,will/causative,0,0.0,0.0,2021-07-28,T3
statement_20210728,will/other,1,2.2172949002217295,0.1111111111111111,2021-07-28,T3
statement_20210728,should/activity,0,0.0,0.0,2021-07-28,T3
statement_20210728,may/causative,0,0.0,0.0,2021-07-28,T3
statement_20210922,will/aspectual,2,4.264392324093817,0.2222222222222222,2021-09-22,T3
statement_20210922,will/activity,1,2.1321961620469083,0.1111111111111111,2021-09-22,T3
statement_20210922,will/mental,0,0.0,0.0,2021-09-22,T3
statement_20210922,will/policy_action,0,0.0,0.0,2021-09-22,T3
statement_20210922,will/occurrence,0,0.0,0.0,2021-09-22,T3
statement_20210922,will/copular_adj,1,2.1321961620469083,0.1111111111111111,2021-09-22,T3
statement_20210922,could/causative,1,2.1321961620469083,0.1111111111111111,2021-09-22,T3
statement_20210922,would/copular_adj,1,2.1321961620469083,0.1111111111111111,2021-09-22,T3
statement_20210922,will/causative,0,0.0,0.0,2021-09-22,T3
statement_20210922,will/other,1,2.1321961620469083,0.1111111111111111,2021-09-22,T3
statement_20210922,should/activity,0,0.0,0.0,2021-09-22,T3
statement_20210922,may/causative,1,2.1321961620469083,0.1111111111111111,2021-09-22,T3
statement_20211103,will/aspectual,2,3.4129692832764507,0.2,2021-11-03,T3
statement_20211103,will/activity,1,1.7064846416382253,0.1,2021-11-03,T3
statement_20211103,will/mental,0,0.0,0.0,2021-11-03,T3
statement_20211103,will/policy_action,0,0.0,0.0,2021-11-03,T3
statement_20211103,will/occurrence,2,3.4129692832764507,0.2,2021-11-03,T3
statement_20211103,will/copular_adj,2,3.4129692832764507,0.2,2021-11-03,T3
statement_20211103,could/causative,1,1.7064846416382253,0.1,2021-11-03,T3
statement_20211103,would/copular_adj,1,1.7064846416382253,0.1,2021-11-03,T3
statement_20211103,will/causative,0,0.0,0.0,2021-11-03,T3
statement_20211103,will/other,1,1.7064846416382253,0.1,2021-11-03,T3
statement_20211103,should/activity,0,0.0,0.0,2021-11-03,T3
statement_20211103,may/causative,0,0.0,0.0,2021-11-03,T3
statement_20211215,will/aspectual,2,4.106776180698152,0.25,2021-12-15,T3
statement_20211215,will/activity,1,2.053388090349076,0.125,2021-12-15,T3
statement_20211215,will/mental,0,0.0,0.0,2021-12-15,T3
statement_20211215,will/policy_action,0,0.0,0.0,2021-12-15,T3
statement_20211215,will/occurrence,1,2.053388090349076,0.125,2021-12-15,T3
statement_20211215,will/copular_adj,2,4.106776180698152,0.25,2021-12-15,T3
statement_20211215,could/causative,1,2.053388090349076,0.125,2021-12-15,T3
statement_20211215,would/copular_adj,1,2.053388090349076,0.125,2021-12-15,T3
statement_20211215,will/causative,0,0.0,0.0,2021-12-15,T3
statement_20211215,will/other,0,0.0,0.0,2021-12-15,T3
statement_20211215,should/activity,0,0.0,0.0,2021-12-15,T3
statement_20211215,may/causative,0,0.0,0.0,2021-12-15,T3
statement_20220126,will/aspectual,2,5.128205128205129,0.2857142857142857,2022-01-26,T3
statement_20220126,will/activity,1,2.5641025641025643,0.14285714285714285,2022-01-26,T3
statement_20220126,will/mental,0,0.0,0.0,2022-01-26,T3
statement_20220126,will/policy_action,0,0.0,0.0,2022-01-26,T3
statement_20220126,will/occurrence,1,2.5641025641025643,0.14285714285714285,2022-01-26,T3
statement_20220126,will/copular_adj,1,2.5641025641025643,0.14285714285714285,2022-01-26,T3
statement_20220126,could/causative,1,2.5641025641025643,0.14285714285714285,2022-01-26,T3
statement_20220126,would/copular_adj,1,2.5641025641025643,0.14285714285714285,2022-01-26,T3
statement_20220126,will/causative,0,0.0,0.0,2022-01-26,T3
statement_20220126,will/other,0,0.0,0.0,2022-01-26,T3
statement_20220126,should/activity,0,0.0,0.0,2022-01-26,T3
statement_20220126,may/causative,0,0.0,0.0,2022-01-26,T3
statement_20220316,will/aspectual,1,3.6101083032490977,0.2,2022-03-16,T3
statement_20220316,will/activity,1,3.6101083032490977,0.2,2022-03-16,T3
statement_20220316,will/mental,0,0.0,0.0,2022-03-16,T3
statement_20220316,will/policy_action,0,0.0,0.0,2022-03-16,T3
statement_20220316,will/occurrence,0,0.0,0.0,2022-03-16,T3
statement_20220316,will/copular_adj,1,3.6101083032490977,0.2,2022-03-16,T3
statement_20220316,could/causative,1,3.6101083032490977,0.2,2022-03-16,T3
statement_20220316,would/copular_adj,1,3.6101083032490977,0.2,2022-03-16,T3
statement_20220316,will/causative,0,0.0,0.0,2022-03-16,T3
statement_20220316,will/other,0,0.0,0.0,2022-03-16,T3
statement_20220316,should/activity,0,0.0,0.0,2022-03-16,T3
statement_20220316,may/causative,0,0.0,0.0,2022-03-16,T3
statement_20220504,will/aspectual,1,2.9585798816568047,0.2,2022-05-04,T3
statement_20220504,will/activity,1,2.9585798816568047,0.2,2022-05-04,T3
statement_20220504,will/mental,0,0.0,0.0,2022-05-04,T3
statement_20220504,will/policy_action,0,0.0,0.0,2022-05-04,T3
statement_20220504,will/occurrence,0,0.0,0.0,2022-05-04,T3
statement_20220504,will/copular_adj,1,2.9585798816568047,0.2,2022-05-04,T3
statement_20220504,could/causative,1,2.9585798816568047,0.2,2022-05-04,T3
statement_20220504,would/copular_adj,1,2.9585798816568047,0.2,2022-05-04,T3
statement_20220504,will/causative,0,0.0,0.0,2022-05-04,T3
statement_20220504,will/other,0,0.0,0.0,2022-05-04,T3
statement_20220504,should/activity,0,0.0,0.0,2022-05-04,T3
statement_20220504,may/causative,0,0.0,0.0,2022-05-04,T3
statement_20220615,will/aspectual,2,6.825938566552901,0.3333333333333333,2022-06-15,T3
statement_20220615,will/activity,1,3.4129692832764507,0.16666666666666666,2022-06-15,T3
statement_20220615,will/mental,0,0.0,0.0,2022-06-15,T3
statement_20220615,will/policy_action,0,0.0,0.0,2022-06-15,T3
statement_20220615,will/occurrence,0,0.0,0.0,2022-06-15,T3
statement_20220615,will/copular_adj,1,3.4129692832764507,0.16666666666666666,2022-06-15,T3
statement_20220615,could/causative,1,3.4129692832764507,0.16666666666666666,2022-06-15,T3
statement_20220615,would/copular_adj,1,3.4129692832764507,0.16666666666666666,2022-06-15,T3
statement_20220615,will/causative,0,0.0,0.0,2022-06-15,T3
statement_20220615,will/other,0,0.0,0.0,2022-06-15,T3
statement_20220615,should/activity,0,0.0,0.0,2022-06-15,T3
statement_20220615,may/causative,0,0.0,0.0,2022-06-15,T3
statement_20220727,will/aspectual,2,7.2727272727272725,0.3333333333333333,2022-07-27,T3
statement_20220727,will/activity,1,3.6363636363636362,0.16666666666666666,2022-07-27,T3
statement_20220727,will/mental,0,0.0,0.0,2022-07-27,T3
statement_20220727,will/policy_action,0,0.0,0.0,2022-07-27,T3
statement_20220727,will/occurrence,0,0.0,0.0,2022-07-27,T3
statement_20220727,will/copular_adj,1,3.6363636363636362,0.16666666666666666,2022-07-27,T3
statement_20220727,could/causative,1,3.6363636363636362,0.16666666666666666,2022-07-27,T3
statement_20220727,would/copular_adj,1,3.6363636363636362,0.16666666666666666,2022-07-27,T3
statement_20220727,will/causative,0,0.0,0.0,2022-07-27,T3
statement_20220727,will/other,0,0.0,0.0,2022-07-27,T3
statement_20220727,should/activity,0,0.0,0.0,2022-07-27,T3
statement_20220727,may/causative,0,0.0,0.0,2022-07-27,T3
statement_20220921,will/aspectual,2,7.2727272727272725,0.3333333333333333,2022-09-21,T3
statement_20220921,will/activity,1,3.6363636363636362,0.16666666666666666,2022-09-21,T3
statement_20220921,will/mental,0,0.0,0.0,2022-09-21,T3
statement_20220921,will/policy_action,0,0.0,0.0,2022-09-21,T3
statement_20220921,will/occurrence,0,0.0,0.0,2022-09-21,T3
statement_20220921,will/copular_adj,1,3.6363636363636362,0.16666666666666666,2022-09-21,T3
statement_20220921,could/causative,1,3.6363636363636362,0.16666666666666666,2022-09-21,T3
statement_20220921,would/copular_adj,1,3.6363636363636362,0.16666666666666666,2022-09-21,T3
statement_20220921,will/causative,0,0.0,0.0,2022-09-21,T3
statement_20220921,will/other,0,0.0,0.0,2022-09-21,T3
statement_20220921,should/activity,0,0.0,0.0,2022-09-21,T3
statement_20220921,may/causative,0,0.0,0.0,2022-09-21,T3
statement_20221102,will/aspectual,2,5.747126436781609,0.2857142857142857,2022-11-02,T3
statement_20221102,will/activity,2,5.747126436781609,0.2857142857142857,2022-11-02,T3
statement_20221102,will/mental,0,0.0,0.0,2022-11-02,T3
statement_20221102,will/policy_action,0,0.0,0.0,2022-11-02,T3
statement_20221102,will/occurrence,0,0.0,0.0,2022-11-02,T3
statement_20221102,will/copular_adj,1,2.8735632183908044,0.14285714285714285,2022-11-02,T3
statement_20221102,could/causative,1,2.8735632183908044,0.14285714285714285,2022-11-02,T3
statement_20221102,would/copular_adj,1,2.8735632183908044,0.14285714285714285,2022-11-02,T3
statement_20221102,will/causative,0,0.0,0.0,2022-11-02,T3
statement_20221102,will/other,0,0.0,0.0,2022-11-02,T3
statement_20221102,should/activity,0,0.0,0.0,2022-11-02,T3
statement_20221102,may/causative,0,0.0,0.0,2022-11-02,T3
statement_20221214,will/aspectual,2,5.730659025787966,0.2857142857142857,2022-12-14,T3
statement_20221214,will/activity,2,5.730659025787966,0.2857142857142857,2022-12-14,T3
statement_20221214,will/mental,0,0.0,0.0,2022-12-14,T3
statement_20221214,will/policy_action,0,0.0,0.0,2022-12-14,T3
statement_20221214,will/occurrence,0,0.0,0.0,2022-12-14,T3
statement_20221214,will/copular_adj,1,2.865329512893983,0.14285714285714285,2022-12-14,T3
statement_20221214,could/causative,1,2.865329512893983,0.14285714285714285,2022-12-14,T3
statement_20221214,would/copular_adj,1,2.865329512893983,0.14285714285714285,2022-12-14,T3
statement_20221214,will/causative,0,0.0,0.0,2022-12-14,T3
statement_20221214,will/other,0,0.0,0.0,2022-12-14,T3
statement_20221214,should/activity,0,0.0,0.0,2022-12-14,T3
statement_20221214,may/causative,0,0.0,0.0,2022-12-14,T3
statement_20230201,will/aspectual,2,6.514657980456026,0.2857142857142857,2023-02-01,T3
statement_20230201,will/activity,2,6.514657980456026,0.2857142857142857,2023-02-01,T3
statement_20230201,will/mental,0,0.0,0.0,2023-02-01,T3
statement_20230201,will/policy_action,0,0.0,0.0,2023-02-01,T3
statement_20230201,will/occurrence,0,0.0,0.0,2023-02-01,T3
statement_20230201,will/copular_adj,1,3.257328990228013,0.14285714285714285,2023-02-01,T3
statement_20230201,could/causative,1,3.257328990228013,0.14285714285714285,2023-02-01,T3
statement_20230201,would/copular_adj,1,3.257328990228013,0.14285714285714285,2023-02-01,T3
statement_20230201,will/causative,0,0.0,0.0,2023-02-01,T3
statement_20230201,will/other,0,0.0,0.0,2023-02-01,T3
statement_20230201,should/activity,0,0.0,0.0,2023-02-01,T3
statement_20230201,may/causative,0,0.0,0.0,2023-02-01,T3
statement_20230322,will/aspectual,2,5.899705014749262,0.25,2023-03-22,T3
statement_20230322,will/activity,2,5.899705014749262,0.25,2023-03-22,T3
statement_20230322,will/mental,1,2.949852507374631,0.125,2023-03-22,T3
statement_20230322,will/policy_action,0,0.0,0.0,2023-03-22,T3
statement_20230322,will/occurrence,0,0.0,0.0,2023-03-22,T3
statement_20230322,will/copular_adj,0,0.0,0.0,2023-03-22,T3
statement_20230322,could/causative,1,2.949852507374631,0.125,2023-03-22,T3
statement_20230322,would/copular_adj,1,2.949852507374631,0.125,2023-03-22,T3
statement_20230322,will/causative,0,0.0,0.0,2023-03-22,T3
statement_20230322,will/other,0,0.0,0.0,2023-03-22,T3
statement_20230322,should/activity,0,0.0,0.0,2023-03-22,T3
statement_20230322,may/causative,0,0.0,0.0,2023-03-22,T3
statement_20230503,will/aspectual,2,6.557377049180328,0.25,2023-05-03,T3
statement_20230503,will/activity,2,6.557377049180328,0.25,2023-05-03,T3
statement_20230503,will/mental,1,3.278688524590164,0.125,2023-05-03,T3
statement_20230503,will/policy_action,0,0.0,0.0,2023-05-03,T3
statement_20230503,will/occurrence,0,0.0,0.0,2023-05-03,T3
statement_20230503,will/copular_adj,0,0.0,0.0,2023-05-03,T3
statement_20230503,could/causative,1,3.278688524590164,0.125,2023-05-03,T3
statement_20230503,would/copular_adj,1,3.278688524590164,0.125,2023-05-03,T3
statement_20230503,will/causative,0,0.0,0.0,2023-05-03,T3
statement_20230503,will/other,0,0.0,0.0,2023-05-03,T3
statement_20230503,should/activity,0,0.0,0.0,2023-05-03,T3
statement_20230503,may/causative,0,0.0,0.0,2023-05-03,T3
statement_20230614,will/aspectual,2,6.349206349206349,0.2857142857142857,2023-06-14,T3
statement_20230614,will/activity,2,6.349206349206349,0.2857142857142857,2023-06-14,T3
statement_20230614,will/mental,0,0.0,0.0,2023-06-14,T3
statement_20230614,will/policy_action,0,0.0,0.0,2023-06-14,T3
statement_20230614,will/occurrence,0,0.0,0.0,2023-06-14,T3
statement_20230614,will/copular_adj,0,0.0,0.0,2023-06-14,T3
statement_20230614,could/causative,1,3.1746031746031744,0.14285714285714285,2023-06-14,T3
statement_20230614,would/copular_adj,1,3.1746031746031744,0.14285714285714285,2023-06-14,T3
statement_20230614,will/causative,0,0.0,0.0,2023-06-14,T3
statement_20230614,will/other,0,0.0,0.0,2023-06-14,T3
statement_20230614,should/activity,0,0.0,0.0,2023-06-14,T3
statement_20230614,may/causative,0,0.0,0.0,2023-06-14,T3
statement_20230726,will/aspectual,3,9.74025974025974,0.375,2023-07-26,T3
statement_20230726,will/activity,2,6.493506493506494,0.25,2023-07-26,T3
statement_20230726,will/mental,0,0.0,0.0,2023-07-26,T3
statement_20230726,will/policy_action,0,0.0,0.0,2023-07-26,T3
statement_20230726,will/occurrence,0,0.0,0.0,2023-07-26,T3
statement_20230726,will/copular_adj,0,0.0,0.0,2023-07-26,T3
statement_20230726,could/causative,1,3.246753246753247,0.125,2023-07-26,T3
statement_20230726,would/copular_adj,1,3.246753246753247,0.125,2023-07-26,T3
statement_20230726,will/causative,0,0.0,0.0,2023-07-26,T3
statement_20230726,will/other,0,0.0,0.0,2023-07-26,T3
statement_20230726,should/activity,0,0.0,0.0,2023-07-26,T3
statement_20230726,may/causative,0,0.0,0.0,2023-07-26,T3
statement_20230920,will/aspectual,3,9.67741935483871,0.375,2023-09-20,T3
statement_20230920,will/activity,2,6.451612903225806,0.25,2023-09-20,T3
statement_20230920,will/mental,0,0.0,0.0,2023-09-20,T3
statement_20230920,will/policy_action,0,0.0,0.0,2023-09-20,T3
statement_20230920,will/occurrence,0,0.0,0.0,2023-09-20,T3
statement_20230920,will/copular_adj,0,0.0,0.0,2023-09-20,T3
statement_20230920,could/causative,1,3.225806451612903,0.125,2023-09-20,T3
statement_20230920,would/copular_adj,1,3.225806451612903,0.125,2023-09-20,T3
statement_20230920,will/causative,0,0.0,0.0,2023-09-20,T3
statement_20230920,will/other,0,0.0,0.0,2023-09-20,T3
statement_20230920,should/activity,0,0.0,0.0,2023-09-20,T3
statement_20230920,may/causative,0,0.0,0.0,2023-09-20,T3
statement_20231101,will/aspectual,3,9.49367088607595,0.375,2023-11-01,T3
statement_20231101,will/activity,2,6.329113924050633,0.25,2023-11-01,T3
statement_20231101,will/mental,0,0.0,0.0,2023-11-01,T3
statement_20231101,will/policy_action,0,0.0,0.0,2023-11-01,T3
statement_20231101,will/occurrence,0,0.0,0.0,2023-11-01,T3
statement_20231101,will/copular_adj,0,0.0,0.0,2023-11-01,T3
statement_20231101,could/causative,1,3.1645569620253164,0.125,2023-11-01,T3
statement_20231101,would/copular_adj,1,3.1645569620253164,0.125,2023-11-01,T3
statement_20231101,will/causative,0,0.0,0.0,2023-11-01,T3
statement_20231101,will/other,0,0.0,0.0,2023-11-01,T3
statement_20231101,should/activity,0,0.0,0.0,2023-11-01,T3
statement_20231101,may/causative,0,0.0,0.0,2023-11-01,T3
statement_20231213,will/aspectual,3,9.174311926605505,0.375,2023-12-13,T3
statement_20231213,will/activity,2,6.116207951070336,0.25,2023-12-13,T3
statement_20231213,will/mental,0,0.0,0.0,2023-12-13,T3
statement_20231213,will/policy_action,0,0.0,0.0,2023-12-13,T3
statement_20231213,will/occurrence,0,0.0,0.0,2023-12-13,T3
statement_20231213,will/copular_adj,0,0.0,0.0,2023-12-13,T3
statement_20231213,could/causative,1,3.058103975535168,0.125,2023-12-13,T3
statement_20231213,would/copular_adj,1,3.058103975535168,0.125,2023-12-13,T3
statement_20231213,will/causative,0,0.0,0.0,2023-12-13,T3
statement_20231213,will/other,0,0.0,0.0,2023-12-13,T3
statement_20231213,should/activity,0,0.0,0.0,2023-12-13,T3
statement_20231213,may/causative,0,0.0,0.0,2023-12-13,T3
statement_20240131,will/aspectual,2,6.578947368421052,0.2857142857142857,2024-01-31,T3
statement_20240131,will/activity,1,3.289473684210526,0.14285714285714285,2024-01-31,T3
statement_20240131,will/mental,1,3.289473684210526,0.14285714285714285,2024-01-31,T3
statement_20240131,will/policy_action,0,0.0,0.0,2024-01-31,T3
statement_20240131,will/occurrence,0,0.0,0.0,2024-01-31,T3
statement_20240131,will/copular_adj,1,3.289473684210526,0.14285714285714285,2024-01-31,T3
statement_20240131,could/causative,1,3.289473684210526,0.14285714285714285,2024-01-31,T3
statement_20240131,would/copular_adj,1,3.289473684210526,0.14285714285714285,2024-01-31,T3
statement_20240131,will/causative,0,0.0,0.0,2024-01-31,T3
statement_20240131,will/other,0,0.0,0.0,2024-01-31,T3
statement_20240131,should/activity,0,0.0,0.0,2024-01-31,T3
statement_20240131,may/causative,0,0.0,0.0,2024-01-31,T3
statement_20240320,will/aspectual,2,6.7114093959731544,0.2857142857142857,2024-03-20,T3
statement_20240320,will/activity,1,3.3557046979865772,0.14285714285714285,2024-03-20,T3
statement_20240320,will/mental,1,3.3557046979865772,0.14285714285714285,2024-03-20,T3
statement_20240320,will/policy_action,0,0.0,0.0,2024-03-20,T3
statement_20240320,will/occurrence,0,0.0,0.0,2024-03-20,T3
statement_20240320,will/copular_adj,1,3.3557046979865772,0.14285714285714285,2024-03-20,T3
statement_20240320,could/causative,1,3.3557046979865772,0.14285714285714285,2024-03-20,T3
statement_20240320,would/copular_adj,1,3.3557046979865772,0.14285714285714285,2024-03-20,T3
statement_20240320,will/causative,0,0.0,0.0,2024-03-20,T3
statement_20240320,will/other,0,0.0,0.0,2024-03-20,T3
statement_20240320,should/activity,0,0.0,0.0,2024-03-20,T3
statement_20240320,may/causative,0,0.0,0.0,2024-03-20,T3
statement_20240501,will/aspectual,2,5.277044854881266,0.2,2024-05-01,T3
statement_20240501,will/activity,1,2.638522427440633,0.1,2024-05-01,T3
statement_20240501,will/mental,1,2.638522427440633,0.1,2024-05-01,T3
statement_20240501,will/policy_action,2,5.277044854881266,0.2,2024-05-01,T3
statement_20240501,will/occurrence,1,2.638522427440633,0.1,2024-05-01,T3
statement_20240501,will/copular_adj,1,2.638522427440633,0.1,2024-05-01,T3
statement_20240501,could/causative,1,2.638522427440633,0.1,2024-05-01,T3
statement_20240501,would/copular_adj,1,2.638522427440633,0.1,2024-05-01,T3
statement_20240501,will/causative,0,0.0,0.0,2024-05-01,T3
statement_20240501,will/other,0,0.0,0.0,2024-05-01,T3
statement_20240501,should/activity,0,0.0,0.0,2024-05-01,T3
statement_20240501,may/causative,0,0.0,0.0,2024-05-01,T3
statement_20240612,will/aspectual,2,6.41025641025641,0.2857142857142857,2024-06-12,T3
statement_20240612,will/activity,1,3.205128205128205,0.14285714285714285,2024-06-12,T3
statement_20240612,will/mental,1,3.205128205128205,0.14285714285714285,2024-06-12,T3
statement_20240612,will/policy_action,0,0.0,0.0,2024-06-12,T3
statement_20240612,will/occurrence,0,0.0,0.0,2024-06-12,T3
statement_20240612,will/copular_adj,1,3.205128205128205,0.14285714285714285,2024-06-12,T3
statement_20240612,could/causative,1,3.205128205128205,0.14285714285714285,2024-06-12,T3
statement_20240612,would/copular_adj,1,3.205128205128205,0.14285714285714285,2024-06-12,T3
statement_20240612,will/causative,0,0.0,0.0,2024-06-12,T3
statement_20240612,will/other,0,0.0,0.0,2024-06-12,T3
statement_20240612,should/activity,0,0.0,0.0,2024-06-12,T3
statement_20240612,may/causative,0,0.0,0.0,2024-06-12,T3
statement_20240731,will/aspectual,2,6.289308176100629,0.2857142857142857,2024-07-31,T3
statement_20240731,will/activity,1,3.1446540880503147,0.14285714285714285,2024-07-31,T3
statement_20240731,will/mental,1,3.1446540880503147,0.14285714285714285,2024-07-31,T3
statement_20240731,will/policy_action,0,0.0,0.0,2024-07-31,T3
statement_20240731,will/occurrence,0,0.0,0.0,2024-07-31,T3
statement_20240731,will/copular_adj,1,3.1446540880503147,0.14285714285714285,2024-07-31,T3
statement_20240731,could/causative,1,3.1446540880503147,0.14285714285714285,2024-07-31,T3
statement_20240731,would/copular_adj,1,3.1446540880503147,0.14285714285714285,2024-07-31,T3
statement_20240731,will/causative,0,0.0,0.0,2024-07-31,T3
statement_20240731,will/other,0,0.0,0.0,2024-07-31,T3
statement_20240731,should/activity,0,0.0,0.0,2024-07-31,T3
statement_20240731,may/causative,0,0.0,0.0,2024-07-31,T3
statement_20240918,will/aspectual,2,6.644518272425249,0.3333333333333333,2024-09-18,T3
statement_20240918,will/activity,1,3.3222591362126246,0.16666666666666666,2024-09-18,T3
statement_20240918,will/mental,1,3.3222591362126246,0.16666666666666666,2024-09-18,T3
statement_20240918,will/policy_action,0,0.0,0.0,2024-09-18,T3
statement_20240918,will/occurrence,0,0.0,0.0,2024-09-18,T3
statement_20240918,will/copular_adj,0,0.0,0.0,2024-09-18,T3
statement_20240918,could/causative,1,3.3222591362126246,0.16666666666666666,2024-09-18,T3
statement_20240918,would/copular_adj,1,3.3222591362126246,0.16666666666666666,2024-09-18,T3
statement_20240918,will/causative,0,0.0,0.0,2024-09-18,T3
statement_20240918,will/other,0,0.0,0.0,2024-09-18,T3
statement_20240918,should/activity,0,0.0,0.0,2024-09-18,T3
statement_20240918,may/causative,0,0.0,0.0,2024-09-18,T3
statement_20241107,will/aspectual,2,6.944444444444444,0.3333333333333333,2024-11-07,T3
statement_20241107,will/activity,1,3.472222222222222,0.16666666666666666,2024-11-07,T3
statement_20241107,will/mental,1,3.472222222222222,0.16666666666666666,2024-11-07,T3
statement_20241107,will/policy_action,0,0.0,0.0,2024-11-07,T3
statement_20241107,will/occurrence,0,0.0,0.0,2024-11-07,T3
statement_20241107,will/copular_adj,0,0.0,0.0,2024-11-07,T3
statement_20241107,could/causative,1,3.472222222222222,0.16666666666666666,2024-11-07,T3
statement_20241107,would/copular_adj,1,3.472222222222222,0.16666666666666666,2024-11-07,T3
statement_20241107,will/causative,0,0.0,0.0,2024-11-07,T3
statement_20241107,will/other,0,0.0,0.0,2024-11-07,T3
statement_20241107,should/activity,0,0.0,0.0,2024-11-07,T3
statement_20241107,may/causative,0,0.0,0.0,2024-11-07,T3
statement_20241218,will/aspectual,2,6.825938566552901,0.3333333333333333,2024-12-18,T3
statement_20241218,will/activity,1,3.4129692832764507,0.16666666666666666,2024-12-18,T3
statement_20241218,will/mental,1,3.4129692832764507,0.16666666666666666,2024-12-18,T3
statement_20241218,will/policy_action,0,0.0,0.0,2024-12-18,T3
statement_20241218,will/occurrence,0,0.0,0.0,2024-12-18,T3
statement_20241218,will/copular_adj,0,0.0,0.0,2024-12-18,T3
statement_20241218,could/causative,1,3.4129692832764507,0.16666666666666666,2024-12-18,T3
statement_20241218,would/copular_adj,1,3.4129692832764507,0.16666666666666666,2024-12-18,T3
statement_20241218,will/causative,0,0.0,0.0,2024-12-18,T3
statement_20241218,will/other,0,0.0,0.0,2024-12-18,T3
statement_20241218,should/activity,0,0.0,0.0,2024-12-18,T3
statement_20241218,may/causative,0,0.0,0.0,2024-12-18,T3
statement_20250129,will/aspectual,2,7.2727272727272725,0.3333333333333333,2025-01-29,T3
statement_20250129,will/activity,1,3.6363636363636362,0.16666666666666666,2025-01-29,T3
statement_20250129,will/mental,1,3.6363636363636362,0.16666666666666666,2025-01-29,T3
statement_20250129,will/policy_action,0,0.0,0.0,2025-01-29,T3
statement_20250129,will/occurrence,0,0.0,0.0,2025-01-29,T3
statement_20250129,will/copular_adj,0,0.0,0.0,2025-01-29,T3
statement_20250129,could/causative,1,3.6363636363636362,0.16666666666666666,2025-01-29,T3
statement_20250129,would/copular_adj,1,3.6363636363636362,0.16666666666666666,2025-01-29,T3
statement_20250129,will/causative,0,0.0,0.0,2025-01-29,T3
statement_20250129,will/other,0,0.0,0.0,2025-01-29,T3
statement_20250129,should/activity,0,0.0,0.0,2025-01-29,T3
statement_20250129,may/causative,0,0.0,0.0,2025-01-29,T3
statement_20250319,will/aspectual,2,6.430868167202572,0.25,2025-03-19,T3
statement_20250319,will/activity,1,3.215434083601286,0.125,2025-03-19,T3
statement_20250319,will/mental,1,3.215434083601286,0.125,2025-03-19,T3
statement_20250319,will/policy_action,1,3.215434083601286,0.125,2025-03-19,T3
statement_20250319,will/occurrence,1,3.215434083601286,0.125,2025-03-19,T3
statement_20250319,will/copular_adj,0,0.0,0.0,2025-03-19,T3
statement_20250319,could/causative,1,3.215434083601286,0.125,2025-03-19,T3
statement_20250319,would/copular_adj,1,3.215434083601286,0.125,2025-03-19,T3
statement_20250319,will/causative,0,0.0,0.0,2025-03-19,T3
statement_20250319,will/other,0,0.0,0.0,2025-03-19,T3
statement_20250319,should/activity,0,0.0,0.0,2025-03-19,T3
statement_20250319,may/causative,0,0.0,0.0,2025-03-19,T3
statement_20250507,will/aspectual,2,7.092198581560283,0.3333333333333333,2025-05-07,T3
statement_20250507,will/activity,1,3.5460992907801416,0.16666666666666666,2025-05-07,T3
statement_20250507,will/mental,1,3.5460992907801416,0.16666666666666666,2025-05-07,T3
statement_20250507,will/policy_action,0,0.0,0.0,2025-05-07,T3
statement_20250507,will/occurrence,0,0.0,0.0,2025-05-07,T3
statement_20250507,will/copular_adj,0,0.0,0.0,2025-05-07,T3
statement_20250507,could/causative,1,3.5460992907801416,0.16666666666666666,2025-05-07,T3
statement_20250507,would/copular_adj,1,3.5460992907801416,0.16666666666666666,2025-05-07,T3
statement_20250507,will/causative,0,0.0,0.0,2025-05-07,T3
statement_20250507,will/other,0,0.0,0.0,2025-05-07,T3
statement_20250507,should/activity,0,0.0,0.0,2025-05-07,T3
statement_20250507,may/causative,0,0.0,0.0,2025-05-07,T3
statement_20250618,will/aspectual,2,7.575757575757576,0.3333333333333333,2025-06-18,T3
statement_20250618,will/activity,1,3.787878787878788,0.16666666666666666,2025-06-18,T3
statement_20250618,will/mental,1,3.787878787878788,0.16666666666666666,2025-06-18,T3
statement_20250618,will/policy_action,0,0.0,0.0,2025-06-18,T3
statement_20250618,will/occurrence,0,0.0,0.0,2025-06-18,T3
statement_20250618,will/copular_adj,0,0.0,0.0,2025-06-18,T3
statement_20250618,could/causative,1,3.787878787878788,0.16666666666666666,2025-06-18,T3
statement_20250618,would/copular_adj,1,3.787878787878788,0.16666666666666666,2025-06-18,T3
statement_20250618,will/causative,0,0.0,0.0,2025-06-18,T3
statement_20250618,will/other,0,0.0,0.0,2025-06-18,T3
statement_20250618,should/activity,0,0.0,0.0,2025-06-18,T3
statement_20250618,may/causative,0,0.0,0.0,2025-06-18,T3
statement_20250730,will/aspectual,2,7.575757575757576,0.3333333333333333,2025-07-30,T3
statement_20250730,will/activity,1,3.787878787878788,0.16666666666666666,2025-07-30,T3
statement_20250730,will/mental,1,3.787878787878788,0.16666666666666666,2025-07-30,T3
statement_20250730,will/policy_action,0,0.0,0.0,2025-07-30,T3
statement_20250730,will/occurrence,0,0.0,0.0,2025-07-30,T3
statement_20250730,will/copular_adj,0,0.0,0.0,2025-07-30,T3
statement_20250730,could/causative,1,3.787878787878788,0.16666666666666666,2025-07-30,T3
statement_20250730,would/copular_adj,1,3.787878787878788,0.16666666666666666,2025-07-30,T3
statement_20250730,will/causative,0,0.0,0.0,2025-07-30,T3
statement_20250730,will/other,0,0.0,0.0,2025-07-30,T3
statement_20250730,should/activity,0,0.0,0.0,2025-07-30,T3
statement_20250730,may/causative,0,0.0,0.0,2025-07-30,T3
statement_20250917,will/aspectual,2,7.194244604316547,0.3333333333333333,2025-09-17,T3
statement_20250917,will/activity,1,3.5971223021582737,0.16666666666666666,2025-09-17,T3
statement_20250917,will/mental,1,3.5971223021582737,0.16666666666666666,2025-09-17,T3
statement_20250917,will/policy_action,0,0.0,0.0,2025-09-17,T3
statement_20250917,will/occurrence,0,0.0,0.0,2025-09-17,T3
statement_20250917,will/copular_adj,0,0.0,0.0,2025-09-17,T3
statement_20250917,could/causative,1,3.5971223021582737,0.16666666666666666,2025-09-17,T3
statement_20250917,would/copular_adj,1,3.5971223021582737,0.16666666666666666,2025-09-17,T3
statement_20250917,will/causative,0,0.0,0.0,2025-09-17,T3
statement_20250917,will/other,0,0.0,0.0,2025-09-17,T3
statement_20250917,should/activity,0,0.0,0.0,2025-09-17,T3
statement_20250917,may/causative,0,0.0,0.0,2025-09-17,T3
statement_20251029,will/aspectual,1,3.4129692832764507,0.2,2025-10-29,T3
statement_20251029,will/activity,1,3.4129692832764507,0.2,2025-10-29,T3
statement_20251029,will/mental,1,3.4129692832764507,0.2,2025-10-29,T3
statement_20251029,will/policy_action,0,0.0,0.0,2025-10-29,T3
statement_20251029,will/occurrence,0,0.0,0.0,2025-10-29,T3
statement_20251029,will/copular_adj,0,0.0,0.0,2025-10-29,T3
statement_20251029,could/causative,1,3.4129692832764507,0.2,2025-10-29,T3
statement_20251029,would/copular_adj,1,3.4129692832764507,0.2,2025-10-29,T3
statement_20251029,will/causative,0,0.0,0.0,2025-10-29,T3
statement_20251029,will/other,0,0.0,0.0,2025-10-29,T3
statement_20251029,should/activity,0,0.0,0.0,2025-10-29,T3
statement_20251029,may/causative,0,0.0,0.0,2025-10-29,T3
statement_20251210,will/aspectual,1,3.1948881789137378,0.16666666666666666,2025-12-10,T3
statement_20251210,will/activity,1,3.1948881789137378,0.16666666666666666,2025-12-10,T3
statement_20251210,will/mental,1,3.1948881789137378,0.16666666666666666,2025-12-10,T3
statement_20251210,will/policy_action,1,3.1948881789137378,0.16666666666666666,2025-12-10,T3
statement_20251210,will/occurrence,0,0.0,0.0,2025-12-10,T3
statement_20251210,will/copular_adj,0,0.0,0.0,2025-12-10,T3
statement_20251210,could/causative,1,3.1948881789137378,0.16666666666666666,2025-12-10,T3
statement_20251210,would/copular_adj,1,3.1948881789137378,0.16666666666666666,2025-12-10,T3
statement_20251210,will/causative,0,0.0,0.0,2025-12-10,T3
statement_20251210,will/other,0,0.0,0.0,2025-12-10,T3
statement_20251210,should/activity,0,0.0,0.0,2025-12-10,T3
statement_20251210,may/causative,0,0.0,0.0,2025-12-10,T3
statement_20260128,will/aspectual,1,4.237288135593221,0.2,2026-01-28,T3
statement_20260128,will/activity,1,4.237288135593221,0.2,2026-01-28,T3
statement_20260128,will/mental,1,4.237288135593221,0.2,2026-01-28,T3
statement_20260128,will/policy_action,0,0.0,0.0,2026-01-28,T3
statement_20260128,will/occurrence,0,0.0,0.0,2026-01-28,T3
statement_20260128,will/copular_adj,0,0.0,0.0,2026-01-28,T3
statement_20260128,could/causative,1,4.237288135593221,0.2,2026-01-28,T3
statement_20260128,would/copular_adj,1,4.237288135593221,0.2,2026-01-28,T3
statement_20260128,will/causative,0,0.0,0.0,2026-01-28,T3
statement_20260128,will/other,0,0.0,0.0,2026-01-28,T3
statement_20260128,should/activity,0,0.0,0.0,2026-01-28,T3
statement_20260128,may/causative,0,0.0,0.0,2026-01-28,T3
statement_20260318,will/aspectual,1,3.9840637450199203,0.2,2026-03-18,T3
statement_20260318,will/activity,1,3.9840637450199203,0.2,2026-03-18,T3
statement_20260318,will/mental,1,3.9840637450199203,0.2,2026-03-18,T3
statement_20260318,will/policy_action,0,0.0,0.0,2026-03-18,T3
statement_20260318,will/occurrence,0,0.0,0.0,2026-03-18,T3
statement_20260318,will/copular_adj,0,0.0,0.0,2026-03-18,T3
statement_20260318,could/causative,1,3.9840637450199203,0.2,2026-03-18,T3
statement_20260318,would/copular_adj,1,3.9840637450199203,0.2,2026-03-18,T3
statement_20260318,will/causative,0,0.0,0.0,2026-03-18,T3
statement_20260318,will/other,0,0.0,0.0,2026-03-18,T3
statement_20260318,should/activity,0,0.0,0.0,2026-03-18,T3
statement_20260318,may/causative,0,0.0,0.0,2026-03-18,T3
statement_20260429,will/aspectual,1,3.875968992248062,0.2,2026-04-29,T3
statement_20260429,will/activity,1,3.875968992248062,0.2,2026-04-29,T3
statement_20260429,will/mental,1,3.875968992248062,0.2,2026-04-29,T3
statement_20260429,will/policy_action,0,0.0,0.0,2026-04-29,T3
statement_20260429,will/occurrence,0,0.0,0.0,2026-04-29,T3
statement_20260429,will/copular_adj,0,0.0,0.0,2026-04-29,T3
statement_20260429,could/causative,1,3.875968992248062,0.2,2026-04-29,T3
statement_20260429,would/copular_adj,1,3.875968992248062,0.2,2026-04-29,T3
statement_20260429,will/causative,0,0.0,0.0,2026-04-29,T3
statement_20260429,will/other,0,0.0,0.0,2026-04-29,T3
statement_20260429,should/activity,0,0.0,0.0,2026-04-29,T3
statement_20260429,may/causative,0,0.0,0.0,2026-04-29,T3
