key,unit,period,macro,k,n,r,p_r,rho,p_rho
minutes,ALL,T1,cfnai,-9,99,0.222,0.0272,0.1994,0.0478
minutes,ALL,T1,cfnai,-8,99,0.1877,0.0628,0.2202,0.0285
minutes,ALL,T1,cfnai,-7,99,0.0949,0.3499,0.2182,0.03
minutes,ALL,T1,cfnai,-6,99,-0.0562,0.5806,0.1943,0.0539
minutes,ALL,T1,cfnai,-5,99,-0.143,0.158,0.104,0.3058
minutes,ALL,T1,cfnai,-4,99,-0.0601,0.5544,0.1385,0.1715
minutes,ALL,T1,cfnai,-3,99,-0.0058,0.9548,0.1467,0.1473
minutes,ALL,T1,cfnai,-2,99,-0.0389,0.702,0.0789,0.4378
minutes,ALL,T1,cfnai,-1,99,-0.0844,0.4064,0.0036,0.9721
minutes,ALL,T1,cfnai,0,99,-0.1615,0.1103,0.0128,0.8998
minutes,ALL,T1,cfnai,1,99,-0.0656,0.5189,0.0851,0.4021
minutes,ALL,T1,cfnai,2,99,-0.0853,0.4013,0.0618,0.5433
minutes,ALL,T1,cfnai,3,99,-0.115,0.2568,0.0138,0.8924
minutes,ALL,T1,cfnai,4,98,-0.0212,0.8357,0.0768,0.4522
minutes,ALL,T1,cfnai,5,97,-0.0302,0.7688,-0.041,0.6898
minutes,ALL,T1,cfnai,6,97,0.0315,0.7592,0.1328,0.1947
minutes,ALL,T1,cfnai,7,96,0.0161,0.8761,0.1715,0.0948
minutes,ALL,T1,cfnai,8,95,0.0623,0.5485,0.1158,0.2639
minutes,ALL,T1,cfnai,9,95,0.2345,0.0222,0.1433,0.1661
minutes,ALL,T1,vix,-9,99,-0.1448,0.1527,-0.0924,0.3629
minutes,ALL,T1,vix,-8,99,-0.0736,0.4691,-0.1076,0.2889
minutes,ALL,T1,vix,-7,99,-0.1038,0.3065,-0.0938,0.3559
minutes,ALL,T1,vix,-6,99,0.0151,0.8818,-0.0578,0.5699
minutes,ALL,T1,vix,-5,99,-0.0168,0.8686,-0.041,0.6868
minutes,ALL,T1,vix,-4,99,-0.0557,0.5838,-0.1012,0.3187
minutes,ALL,T1,vix,-3,99,-0.0052,0.9593,-0.1451,0.1519
minutes,ALL,T1,vix,-2,99,-0.0015,0.9883,-0.0468,0.6454
minutes,ALL,T1,vix,-1,99,0.068,0.5039,-0.0022,0.983
minutes,ALL,T1,vix,0,99,0.1258,0.2146,0.0739,0.4675
minutes,ALL,T1,vix,1,99,0.0651,0.5221,0.0437,0.6675
minutes,ALL,T1,vix,2,99,0.2388,0.0173,0.088,0.3863
minutes,ALL,T1,vix,3,99,0.1373,0.1755,0.0813,0.4237
minutes,ALL,T1,vix,4,98,0.1591,0.1177,0.1573,0.1219
minutes,ALL,T1,vix,5,97,0.2831,0.005,0.2072,0.0417
minutes,ALL,T1,vix,6,97,0.1889,0.0639,0.1678,0.1003
minutes,ALL,T1,vix,7,96,0.1813,0.077,0.1594,0.1208
minutes,ALL,T1,vix,8,95,0.1582,0.1257,0.2387,0.0198
minutes,ALL,T1,vix,9,95,0.0911,0.38,0.1287,0.214
minutes,ALL,T2,cfnai,-9,91,0.2435,0.02,0.2977,0.0042
minutes,ALL,T2,cfnai,-8,91,0.2166,0.0391,0.3005,0.0038
minutes,ALL,T2,cfnai,-7,91,0.2189,0.0371,0.3142,0.0024
minutes,ALL,T2,cfnai,-6,91,-0.0157,0.8828,0.3169,0.0022
minutes,ALL,T2,cfnai,-5,91,-0.02,0.851,0.2343,0.0254
minutes,ALL,T2,cfnai,-4,91,0.103,0.3311,0.2859,0.006
minutes,ALL,T2,cfnai,-3,91,0.1762,0.0948,0.2992,0.004
minutes,ALL,T2,cfnai,-2,91,0.1239,0.242,0.1532,0.1472
minutes,ALL,T2,cfnai,-1,91,0.0763,0.4721,0.0911,0.3905
minutes,ALL,T2,cfnai,0,91,0.0217,0.8383,0.097,0.3602
minutes,ALL,T2,cfnai,1,91,0.0902,0.395,0.1349,0.2024
minutes,ALL,T2,cfnai,2,91,0.0044,0.9668,0.1009,0.3412
minutes,ALL,T2,cfnai,3,91,-0.0143,0.8933,0.0127,0.9049
minutes,ALL,T2,cfnai,4,90,-0.0021,0.9842,0.0131,0.9022
minutes,ALL,T2,cfnai,5,89,-0.0469,0.6627,-0.0884,0.4099
minutes,ALL,T2,cfnai,6,89,-0.1781,0.0949,0.0125,0.9071
minutes,ALL,T2,cfnai,7,88,-0.0997,0.3552,0.0713,0.5094
minutes,ALL,T2,cfnai,8,87,-0.0229,0.8332,0.0235,0.8291
minutes,ALL,T2,cfnai,9,87,0.1949,0.0704,0.0266,0.8071
minutes,ALL,T2,vix,-9,91,-0.0718,0.4991,-0.0226,0.8316
minutes,ALL,T2,vix,-8,91,-0.0868,0.4134,-0.0928,0.3816
minutes,ALL,T2,vix,-7,91,-0.1103,0.2978,-0.0891,0.4008
minutes,ALL,T2,vix,-6,91,-0.0097,0.9275,-0.0397,0.709
minutes,ALL,T2,vix,-5,91,-0.0478,0.6526,-0.0326,0.7593
minutes,ALL,T2,vix,-4,91,-0.0799,0.4513,-0.1101,0.2988
minutes,ALL,T2,vix,-3,91,-0.1282,0.2257,-0.1758,0.0955
minutes,ALL,T2,vix,-2,91,-0.0654,0.5379,-0.075,0.4799
minutes,ALL,T2,vix,-1,91,-0.0803,0.4492,-0.0639,0.5473
minutes,ALL,T2,vix,0,91,-0.0296,0.7804,-0.0038,0.9716
minutes,ALL,T2,vix,1,91,-0.0893,0.3999,-0.0598,0.5737
minutes,ALL,T2,vix,2,91,0.0094,0.9295,-0.0319,0.764
minutes,ALL,T2,vix,3,91,-0.0103,0.9227,-0.0321,0.7628
minutes,ALL,T2,vix,4,90,0.0275,0.7973,0.0518,0.6275
minutes,ALL,T2,vix,5,89,0.2052,0.0537,0.1223,0.2537
minutes,ALL,T2,vix,6,89,0.1122,0.2953,0.0651,0.5442
minutes,ALL,T2,vix,7,88,0.112,0.2988,0.0803,0.457
minutes,ALL,T2,vix,8,87,0.0916,0.3986,0.1532,0.1567
minutes,ALL,T2,vix,9,87,0.0325,0.765,0.0696,0.5216
minutes,could,T1,cfnai,-9,99,0.1351,0.1826,-0.0452,0.657
minutes,could,T1,cfnai,-8,99,0.1163,0.2516,0.0008,0.994
minutes,could,T1,cfnai,-7,99,-0.0121,0.9056,-0.0961,0.344
minutes,could,T1,cfnai,-6,99,-0.1276,0.2082,-0.1028,0.3115
minutes,could,T1,cfnai,-5,99,-0.103,0.3105,-0.1028,0.3115
minutes,could,T1,cfnai,-4,99,0.0052,0.959,-0.0456,0.6541
minutes,could,T1,cfnai,-3,99,0.0746,0.4631,-0.0591,0.5615
minutes,could,T1,cfnai,-2,99,0.0243,0.8115,-0.0805,0.4281
minutes,could,T1,cfnai,-1,99,-0.0303,0.7658,-0.1458,0.15
minutes,could,T1,cfnai,0,99,-0.143,0.1581,-0.0921,0.3645
minutes,could,T1,cfnai,1,99,-0.0246,0.8091,-0.0833,0.4126
minutes,could,T1,cfnai,2,99,-0.0604,0.5526,-0.1473,0.1456
minutes,could,T1,cfnai,3,99,-0.2299,0.0221,-0.1652,0.1022
minutes,could,T1,cfnai,4,98,-0.2534,0.0118,-0.1572,0.1221
minutes,could,T1,cfnai,5,97,-0.2857,0.0046,-0.2553,0.0116
minutes,could,T1,cfnai,6,97,-0.1181,0.2494,-0.1498,0.1431
minutes,could,T1,cfnai,7,96,-0.0401,0.6979,0.0156,0.8797
minutes,could,T1,cfnai,8,95,0.0017,0.9869,-0.0076,0.9415
minutes,could,T1,cfnai,9,95,0.1856,0.0718,0.0349,0.7374
minutes,could,T1,vix,-9,99,0.0151,0.8822,0.0468,0.6457
minutes,could,T1,vix,-8,99,0.0728,0.4738,0.0652,0.5212
minutes,could,T1,vix,-7,99,0.0453,0.6561,0.0705,0.4883
minutes,could,T1,vix,-6,99,0.0606,0.551,0.0427,0.6746
minutes,could,T1,vix,-5,99,0.0726,0.4749,0.1043,0.3044
minutes,could,T1,vix,-4,99,-0.0344,0.7352,0.0602,0.5541
minutes,could,T1,vix,-3,99,-0.0177,0.8621,0.0392,0.7
minutes,could,T1,vix,-2,99,0.023,0.8216,0.0825,0.417
minutes,could,T1,vix,-1,99,0.1294,0.2018,0.1487,0.1418
minutes,could,T1,vix,0,99,0.0656,0.519,0.1709,0.0908
minutes,could,T1,vix,1,99,0.0504,0.6206,0.1027,0.3117
minutes,could,T1,vix,2,99,0.2207,0.0282,0.0739,0.4675
minutes,could,T1,vix,3,99,0.1889,0.0611,0.1171,0.2482
minutes,could,T1,vix,4,98,0.2108,0.0372,0.1535,0.1312
minutes,could,T1,vix,5,97,0.3894,0.0001,0.2688,0.0078
minutes,could,T1,vix,6,97,0.2572,0.011,0.2046,0.0444
minutes,could,T1,vix,7,96,0.2066,0.0435,0.1623,0.1141
minutes,could,T1,vix,8,95,0.2084,0.0427,0.2094,0.0417
minutes,could,T1,vix,9,95,0.2712,0.0079,0.2552,0.0125
minutes,could,T2,cfnai,-9,91,0.1594,0.1312,0.0052,0.9606
minutes,could,T2,cfnai,-8,91,0.1921,0.0681,0.0437,0.681
minutes,could,T2,cfnai,-7,91,0.1475,0.1629,-0.0418,0.6938
minutes,could,T2,cfnai,-6,91,-0.0618,0.5607,-0.0391,0.7126
minutes,could,T2,cfnai,-5,91,-0.0625,0.5562,-0.0747,0.4815
minutes,could,T2,cfnai,-4,91,-0.0254,0.8108,-0.0384,0.7176
minutes,could,T2,cfnai,-3,91,-0.0155,0.8838,-0.0547,0.6066
minutes,could,T2,cfnai,-2,91,-0.0819,0.44,-0.0976,0.3572
minutes,could,T2,cfnai,-1,91,-0.0801,0.4502,-0.1645,0.1193
minutes,could,T2,cfnai,0,91,-0.0959,0.3658,-0.0919,0.3865
minutes,could,T2,cfnai,1,91,-0.044,0.6785,-0.1061,0.3168
minutes,could,T2,cfnai,2,91,-0.1329,0.2092,-0.1646,0.1189
minutes,could,T2,cfnai,3,91,-0.2196,0.0365,-0.2091,0.0467
minutes,could,T2,cfnai,4,90,-0.1765,0.0961,-0.2032,0.0548
minutes,could,T2,cfnai,5,89,-0.2602,0.0138,-0.2911,0.0056
minutes,could,T2,cfnai,6,89,-0.382,0.0002,-0.2661,0.0117
minutes,could,T2,cfnai,7,88,-0.1758,0.1014,-0.0871,0.4196
minutes,could,T2,cfnai,8,87,-0.0898,0.408,-0.0963,0.3749
minutes,could,T2,cfnai,9,87,0.153,0.1572,-0.0644,0.5533
minutes,could,T2,vix,-9,91,0.0656,0.5369,0.0869,0.4125
minutes,could,T2,vix,-8,91,0.0165,0.8764,0.0226,0.8314
minutes,could,T2,vix,-7,91,0.0143,0.8933,0.0547,0.6065
minutes,could,T2,vix,-6,91,0.0315,0.7672,0.029,0.7846
minutes,could,T2,vix,-5,91,0.0333,0.7543,0.102,0.3362
minutes,could,T2,vix,-4,91,0.0109,0.9182,0.0521,0.6238
minutes,could,T2,vix,-3,91,-0.0492,0.643,0.0272,0.7981
minutes,could,T2,vix,-2,91,0.0135,0.8992,0.0732,0.4905
minutes,could,T2,vix,-1,91,0.1031,0.3306,0.1387,0.1896
minutes,could,T2,vix,0,91,0.0883,0.4052,0.1747,0.0977
minutes,could,T2,vix,1,91,0.0093,0.9306,0.0678,0.523
minutes,could,T2,vix,2,91,-0.0186,0.8613,0.0145,0.8913
minutes,could,T2,vix,3,91,0.0855,0.4202,0.0731,0.491
minutes,could,T2,vix,4,90,0.1347,0.2056,0.1081,0.3103
minutes,could,T2,vix,5,89,0.3465,0.0009,0.2434,0.0215
minutes,could,T2,vix,6,89,0.2277,0.0318,0.1711,0.1089
minutes,could,T2,vix,7,88,0.1985,0.0638,0.1472,0.1711
minutes,could,T2,vix,8,87,0.1714,0.1124,0.185,0.0863
minutes,could,T2,vix,9,87,0.2324,0.0303,0.2364,0.0275
minutes,may,T1,cfnai,-9,99,0.123,0.2251,0.1862,0.065
minutes,may,T1,cfnai,-8,99,0.1026,0.3123,0.0534,0.5993
minutes,may,T1,cfnai,-7,99,0.1274,0.209,0.0517,0.6111
minutes,may,T1,cfnai,-6,99,0.027,0.7905,0.0564,0.5789
minutes,may,T1,cfnai,-5,99,-0.0031,0.9759,-0.0192,0.8501
minutes,may,T1,cfnai,-4,99,-0.0359,0.7242,-0.0464,0.6486
minutes,may,T1,cfnai,-3,99,0.0154,0.8796,-0.0717,0.4808
minutes,may,T1,cfnai,-2,99,-0.0404,0.6913,-0.0921,0.3646
minutes,may,T1,cfnai,-1,99,-0.1065,0.2942,-0.1192,0.2401
minutes,may,T1,cfnai,0,99,-0.2217,0.0274,-0.2156,0.0321
minutes,may,T1,cfnai,1,99,-0.1121,0.2693,-0.2912,0.0035
minutes,may,T1,cfnai,2,99,-0.0756,0.457,-0.2809,0.0049
minutes,may,T1,cfnai,3,99,0.0276,0.7862,-0.1792,0.0759
minutes,may,T1,cfnai,4,98,-0.0876,0.391,-0.2459,0.0147
minutes,may,T1,cfnai,5,97,-0.1408,0.169,-0.2461,0.0151
minutes,may,T1,cfnai,6,97,-0.1084,0.2907,-0.186,0.0682
minutes,may,T1,cfnai,7,96,0.0128,0.9012,-0.1177,0.2533
minutes,may,T1,cfnai,8,95,0.0267,0.7973,-0.1308,0.2063
minutes,may,T1,cfnai,9,95,0.1468,0.1557,-0.0869,0.4026
minutes,may,T1,vix,-9,99,-0.1313,0.1951,-0.1159,0.2531
minutes,may,T1,vix,-8,99,-0.1594,0.115,-0.1234,0.2237
minutes,may,T1,vix,-7,99,-0.1666,0.0993,-0.2129,0.0344
minutes,may,T1,vix,-6,99,-0.1892,0.0607,-0.2069,0.0399
minutes,may,T1,vix,-5,99,-0.2103,0.0367,-0.2373,0.0181
minutes,may,T1,vix,-4,99,-0.223,0.0265,-0.1841,0.0681
minutes,may,T1,vix,-3,99,-0.1469,0.1469,-0.1449,0.1524
minutes,may,T1,vix,-2,99,-0.1568,0.1211,-0.1261,0.2134
minutes,may,T1,vix,-1,99,-0.1278,0.2075,-0.2671,0.0075
minutes,may,T1,vix,0,99,-0.1779,0.078,-0.2237,0.026
minutes,may,T1,vix,1,99,-0.2193,0.0292,-0.2347,0.0194
minutes,may,T1,vix,2,99,-0.078,0.4426,-0.1175,0.2469
minutes,may,T1,vix,3,99,-0.0033,0.9743,-0.0341,0.7379
minutes,may,T1,vix,4,98,-0.0057,0.9553,0.0036,0.9717
minutes,may,T1,vix,5,97,0.0319,0.7566,-0.0375,0.715
minutes,may,T1,vix,6,97,-0.1089,0.2882,-0.1632,0.1103
minutes,may,T1,vix,7,96,-0.1228,0.2332,-0.1182,0.2514
minutes,may,T1,vix,8,95,-0.1073,0.3009,-0.1035,0.3181
minutes,may,T1,vix,9,95,-0.1201,0.2462,-0.0156,0.8809
minutes,may,T2,cfnai,-9,91,0.1,0.3457,0.1046,0.3236
minutes,may,T2,cfnai,-8,91,-0.0053,0.9602,-0.0417,0.6946
minutes,may,T2,cfnai,-7,91,-0.0458,0.6664,-0.0257,0.8086
minutes,may,T2,cfnai,-6,91,-0.1759,0.0953,-0.0261,0.8057
minutes,may,T2,cfnai,-5,91,-0.1743,0.0984,-0.0711,0.5029
minutes,may,T2,cfnai,-4,91,-0.1331,0.2086,-0.057,0.5914
minutes,may,T2,cfnai,-3,91,-0.1753,0.0965,-0.1011,0.3402
minutes,may,T2,cfnai,-2,91,-0.0558,0.5994,-0.0308,0.7722
minutes,may,T2,cfnai,-1,91,-0.0992,0.3494,-0.0563,0.5962
minutes,may,T2,cfnai,0,91,-0.1542,0.1444,-0.1309,0.2163
minutes,may,T2,cfnai,1,91,-0.223,0.0336,-0.2285,0.0294
minutes,may,T2,cfnai,2,91,-0.2591,0.0131,-0.2506,0.0166
minutes,may,T2,cfnai,3,91,-0.1683,0.1109,-0.1854,0.0784
minutes,may,T2,cfnai,4,90,-0.1081,0.3105,-0.1963,0.0637
minutes,may,T2,cfnai,5,89,-0.1227,0.2521,-0.2142,0.0438
minutes,may,T2,cfnai,6,89,-0.0955,0.3734,-0.1186,0.2684
minutes,may,T2,cfnai,7,88,0.029,0.7886,-0.0744,0.4911
minutes,may,T2,cfnai,8,87,0.0676,0.534,-0.0567,0.6016
minutes,may,T2,cfnai,9,87,0.1715,0.1122,-0.0218,0.8408
minutes,may,T2,vix,-9,91,-0.0729,0.492,-0.0979,0.356
minutes,may,T2,vix,-8,91,-0.1112,0.2938,-0.1414,0.1812
minutes,may,T2,vix,-7,91,-0.0983,0.3537,-0.1664,0.115
minutes,may,T2,vix,-6,91,-0.0883,0.4051,-0.1586,0.1333
minutes,may,T2,vix,-5,91,-0.1114,0.293,-0.1537,0.1457
minutes,may,T2,vix,-4,91,-0.1495,0.1573,-0.1071,0.3121
minutes,may,T2,vix,-3,91,-0.0819,0.4405,-0.0644,0.5443
minutes,may,T2,vix,-2,91,-0.0965,0.3628,-0.0626,0.5555
minutes,may,T2,vix,-1,91,-0.2344,0.0254,-0.2275,0.0301
minutes,may,T2,vix,0,91,-0.1934,0.0662,-0.1657,0.1165
minutes,may,T2,vix,1,91,-0.1934,0.0662,-0.1793,0.0891
minutes,may,T2,vix,2,91,-0.0571,0.591,-0.0415,0.6962
minutes,may,T2,vix,3,91,0.0421,0.6917,0.0408,0.7008
minutes,may,T2,vix,4,90,0.04,0.7081,0.0778,0.466
minutes,may,T2,vix,5,89,0.0416,0.699,0.0054,0.9601
minutes,may,T2,vix,6,89,-0.1109,0.3008,-0.1409,0.1878
minutes,may,T2,vix,7,88,-0.1269,0.2389,-0.1044,0.333
minutes,may,T2,vix,8,87,-0.1064,0.3268,-0.0794,0.465
minutes,may,T2,vix,9,87,-0.1447,0.1811,-0.0028,0.9797
minutes,should,T1,cfnai,-9,99,0.1945,0.0537,-0.0209,0.8372
minutes,should,T1,cfnai,-8,99,0.2185,0.0298,0.1043,0.304
minutes,should,T1,cfnai,-7,99,0.1029,0.3109,0.0676,0.5063
minutes,should,T1,cfnai,-6,99,-0.0126,0.9018,0.0236,0.817
minutes,should,T1,cfnai,-5,99,-0.0499,0.6239,-0.0922,0.3642
minutes,should,T1,cfnai,-4,99,0.035,0.7306,-0.0129,0.8995
minutes,should,T1,cfnai,-3,99,0.0713,0.4831,0.101,0.3198
minutes,should,T1,cfnai,-2,99,0.0267,0.7934,0.0122,0.9044
minutes,should,T1,cfnai,-1,99,0.0374,0.713,0.0694,0.4949
minutes,should,T1,cfnai,0,99,0.0034,0.9732,0.0761,0.4542
minutes,should,T1,cfnai,1,99,0.0148,0.8847,0.0709,0.4854
minutes,should,T1,cfnai,2,99,-0.0014,0.9889,0.0699,0.492
minutes,should,T1,cfnai,3,99,-0.0633,0.5334,0.0352,0.7294
minutes,should,T1,cfnai,4,98,-0.0115,0.9109,0.088,0.3887
minutes,should,T1,cfnai,5,97,0.018,0.8614,0.0995,0.3323
minutes,should,T1,cfnai,6,97,0.0451,0.6613,0.1675,0.1011
minutes,should,T1,cfnai,7,96,-0.0377,0.7156,0.1042,0.3125
minutes,should,T1,cfnai,8,95,-0.0462,0.6565,0.0224,0.8294
minutes,should,T1,cfnai,9,95,0.0288,0.782,0.0556,0.5924
minutes,should,T1,vix,-9,99,-0.1771,0.0795,-0.049,0.63
minutes,should,T1,vix,-8,99,-0.1234,0.2238,-0.0794,0.4348
minutes,should,T1,vix,-7,99,-0.182,0.0713,-0.1642,0.1044
minutes,should,T1,vix,-6,99,-0.1696,0.0932,-0.1383,0.1722
minutes,should,T1,vix,-5,99,-0.1987,0.0486,-0.1306,0.1977
minutes,should,T1,vix,-4,99,-0.1937,0.0547,-0.1722,0.0884
minutes,should,T1,vix,-3,99,-0.242,0.0158,-0.2144,0.0331
minutes,should,T1,vix,-2,99,-0.2897,0.0036,-0.2515,0.012
minutes,should,T1,vix,-1,99,-0.1824,0.0708,-0.1856,0.0659
minutes,should,T1,vix,0,99,-0.1909,0.0584,-0.1538,0.1286
minutes,should,T1,vix,1,99,-0.1924,0.0564,-0.1813,0.0725
minutes,should,T1,vix,2,99,-0.0438,0.6672,-0.1443,0.1542
minutes,should,T1,vix,3,99,-0.12,0.2369,-0.1428,0.1585
minutes,should,T1,vix,4,98,-0.1323,0.194,-0.1372,0.1779
minutes,should,T1,vix,5,97,0.0537,0.6013,-0.0079,0.9388
minutes,should,T1,vix,6,97,0.0844,0.4112,0.0662,0.5195
minutes,should,T1,vix,7,96,0.062,0.5481,0.0528,0.6093
minutes,should,T1,vix,8,95,0.0427,0.6814,0.0322,0.7565
minutes,should,T1,vix,9,95,-0.0258,0.8043,-0.0505,0.6272
minutes,should,T2,cfnai,-9,91,0.179,0.0896,-0.0694,0.513
minutes,should,T2,cfnai,-8,91,0.178,0.0913,0.0902,0.3953
minutes,should,T2,cfnai,-7,91,0.1114,0.2932,0.043,0.6855
minutes,should,T2,cfnai,-6,91,-0.0763,0.4722,-0.0302,0.7764
minutes,should,T2,cfnai,-5,91,-0.1403,0.1848,-0.1041,0.326
minutes,should,T2,cfnai,-4,91,-0.0176,0.8684,-0.0303,0.7756
minutes,should,T2,cfnai,-3,91,0.0936,0.3776,0.1008,0.3416
minutes,should,T2,cfnai,-2,91,0.0888,0.4024,0.0638,0.5478
minutes,should,T2,cfnai,-1,91,0.1177,0.2665,0.13,0.2195
minutes,should,T2,cfnai,0,91,0.1116,0.2922,0.1184,0.2638
minutes,should,T2,cfnai,1,91,0.1872,0.0757,0.1507,0.1538
minutes,should,T2,cfnai,2,91,0.0777,0.4641,0.1281,0.2264
minutes,should,T2,cfnai,3,91,0.1467,0.1654,0.124,0.2417
minutes,should,T2,cfnai,4,90,0.1291,0.2254,0.1915,0.0706
minutes,should,T2,cfnai,5,89,0.1313,0.2202,0.1872,0.079
minutes,should,T2,cfnai,6,89,0.0167,0.8767,0.2344,0.027
minutes,should,T2,cfnai,7,88,-0.0593,0.583,0.1615,0.1327
minutes,should,T2,cfnai,8,87,-0.0469,0.6659,0.055,0.6127
minutes,should,T2,cfnai,9,87,0.0331,0.761,0.093,0.3915
minutes,should,T2,vix,-9,91,-0.1269,0.2306,-0.0287,0.7873
minutes,should,T2,vix,-8,91,-0.157,0.1372,-0.1007,0.3422
minutes,should,T2,vix,-7,91,-0.1977,0.0603,-0.1538,0.1456
minutes,should,T2,vix,-6,91,-0.1206,0.255,-0.1061,0.3169
minutes,should,T2,vix,-5,91,-0.1808,0.0864,-0.1125,0.2882
minutes,should,T2,vix,-4,91,-0.2157,0.04,-0.1467,0.1652
minutes,should,T2,vix,-3,91,-0.2337,0.0258,-0.1792,0.0892
minutes,should,T2,vix,-2,91,-0.2662,0.0108,-0.2131,0.0426
minutes,should,T2,vix,-1,91,-0.2145,0.0412,-0.147,0.1644
minutes,should,T2,vix,0,91,-0.183,0.0826,-0.0991,0.3498
minutes,should,T2,vix,1,91,-0.1561,0.1395,-0.1502,0.1552
minutes,should,T2,vix,2,91,-0.1229,0.2458,-0.1404,0.1845
minutes,should,T2,vix,3,91,-0.1452,0.1697,-0.1366,0.1967
minutes,should,T2,vix,4,90,-0.1395,0.1898,-0.1382,0.194
minutes,should,T2,vix,5,89,0.0599,0.577,0.0123,0.9086
minutes,should,T2,vix,6,89,0.0933,0.3846,0.0802,0.4548
minutes,should,T2,vix,7,88,0.0822,0.4465,0.0671,0.5344
minutes,should,T2,vix,8,87,0.0429,0.693,0.0346,0.7506
minutes,should,T2,vix,9,87,-0.0407,0.7084,-0.0613,0.573
minutes,will,T1,cfnai,-9,99,0.0453,0.6565,0.025,0.8061
minutes,will,T1,cfnai,-8,99,0.0118,0.9077,-0.1523,0.1325
minutes,will,T1,cfnai,-7,99,-0.0461,0.6502,-0.1472,0.146
minutes,will,T1,cfnai,-6,99,-0.0953,0.3482,-0.1036,0.3073
minutes,will,T1,cfnai,-5,99,-0.0837,0.4104,-0.1157,0.254
minutes,will,T1,cfnai,-4,99,-0.0013,0.9897,-0.0208,0.8379
minutes,will,T1,cfnai,-3,99,0.0445,0.6618,-0.1324,0.1913
minutes,will,T1,cfnai,-2,99,0.0357,0.7259,-0.0908,0.3715
minutes,will,T1,cfnai,-1,99,0.0111,0.9131,-0.087,0.3919
minutes,will,T1,cfnai,0,99,0.0022,0.9831,-0.1409,0.1641
minutes,will,T1,cfnai,1,99,0.0295,0.7722,-0.1209,0.2333
minutes,will,T1,cfnai,2,99,0.0272,0.7895,-0.1102,0.2775
minutes,will,T1,cfnai,3,99,-0.1022,0.3142,-0.2588,0.0097
minutes,will,T1,cfnai,4,98,-0.1635,0.1076,-0.3217,0.0012
minutes,will,T1,cfnai,5,97,-0.1839,0.0714,-0.3525,0.0004
minutes,will,T1,cfnai,6,97,-0.0156,0.8794,-0.2105,0.0385
minutes,will,T1,cfnai,7,96,0.0502,0.6275,-0.1819,0.076
minutes,will,T1,cfnai,8,95,0.0354,0.7335,-0.2323,0.0235
minutes,will,T1,cfnai,9,95,-0.0074,0.9435,-0.1811,0.0791
minutes,will,T1,vix,-9,99,-0.1126,0.2672,-0.0688,0.4987
minutes,will,T1,vix,-8,99,-0.0595,0.5583,-0.071,0.4852
minutes,will,T1,vix,-7,99,-0.0976,0.3367,-0.1396,0.168
minutes,will,T1,vix,-6,99,-0.1184,0.2432,-0.1405,0.1655
minutes,will,T1,vix,-5,99,-0.0745,0.4639,-0.0489,0.6306
minutes,will,T1,vix,-4,99,-0.1197,0.2379,-0.0424,0.6768
minutes,will,T1,vix,-3,99,-0.1221,0.2288,-0.0966,0.3417
minutes,will,T1,vix,-2,99,-0.1092,0.2819,-0.1076,0.2893
minutes,will,T1,vix,-1,99,-0.1693,0.0938,-0.1994,0.0479
minutes,will,T1,vix,0,99,-0.1786,0.0769,-0.1621,0.109
minutes,will,T1,vix,1,99,-0.167,0.0986,-0.1629,0.1073
minutes,will,T1,vix,2,99,-0.0555,0.5851,-0.0731,0.472
minutes,will,T1,vix,3,99,-0.0305,0.7646,-0.0762,0.4536
minutes,will,T1,vix,4,98,-0.0511,0.6172,-0.0599,0.558
minutes,will,T1,vix,5,97,-0.1092,0.2869,-0.1267,0.2163
minutes,will,T1,vix,6,97,-0.1171,0.2532,-0.1843,0.0708
minutes,will,T1,vix,7,96,-0.1575,0.1255,-0.1755,0.0873
minutes,will,T1,vix,8,95,-0.0949,0.3601,-0.0989,0.3404
minutes,will,T1,vix,9,95,-0.1008,0.3313,-0.0893,0.3896
minutes,will,T2,cfnai,-9,91,0.0334,0.753,0.0118,0.9117
minutes,will,T2,cfnai,-8,91,-0.0408,0.7006,-0.1686,0.1102
minutes,will,T2,cfnai,-7,91,-0.09,0.396,-0.1779,0.0915
minutes,will,T2,cfnai,-6,91,-0.1177,0.2664,-0.1378,0.1927
minutes,will,T2,cfnai,-5,91,-0.0908,0.392,-0.1317,0.2133
minutes,will,T2,cfnai,-4,91,-0.0819,0.4402,-0.0639,0.5473
minutes,will,T2,cfnai,-3,91,-0.1295,0.2211,-0.1655,0.117
minutes,will,T2,cfnai,-2,91,-0.0595,0.5756,-0.1303,0.2182
minutes,will,T2,cfnai,-1,91,-0.1146,0.2796,-0.1444,0.1722
minutes,will,T2,cfnai,0,91,-0.1515,0.1518,-0.1811,0.0859
minutes,will,T2,cfnai,1,91,-0.1848,0.0795,-0.1733,0.1004
minutes,will,T2,cfnai,2,91,-0.1407,0.1834,-0.1723,0.1024
minutes,will,T2,cfnai,3,91,-0.1811,0.0858,-0.2539,0.0152
minutes,will,T2,cfnai,4,90,-0.1321,0.2144,-0.3135,0.0026
minutes,will,T2,cfnai,5,89,-0.1403,0.1898,-0.3217,0.0021
minutes,will,T2,cfnai,6,89,-0.0136,0.8993,-0.2245,0.0344
minutes,will,T2,cfnai,7,88,0.057,0.5981,-0.1999,0.0619
minutes,will,T2,cfnai,8,87,0.0505,0.6422,-0.2349,0.0285
minutes,will,T2,cfnai,9,87,0.0024,0.9826,-0.1862,0.0842
minutes,will,T2,vix,-9,91,-0.0998,0.3466,-0.0654,0.5378
minutes,will,T2,vix,-8,91,-0.1183,0.2639,-0.0998,0.3468
minutes,will,T2,vix,-7,91,-0.1387,0.1899,-0.1583,0.1339
minutes,will,T2,vix,-6,91,-0.1751,0.0969,-0.1666,0.1144
minutes,will,T2,vix,-5,91,-0.1066,0.3146,-0.0809,0.4459
minutes,will,T2,vix,-4,91,-0.1239,0.242,-0.0725,0.4946
minutes,will,T2,vix,-3,91,-0.1461,0.1671,-0.1254,0.2364
minutes,will,T2,vix,-2,91,-0.109,0.3036,-0.1094,0.3019
minutes,will,T2,vix,-1,91,-0.1578,0.1353,-0.19,0.0713
minutes,will,T2,vix,0,91,-0.1546,0.1435,-0.1382,0.1914
minutes,will,T2,vix,1,91,-0.1357,0.1998,-0.1427,0.1773
minutes,will,T2,vix,2,91,-0.0563,0.5961,-0.0568,0.5926
minutes,will,T2,vix,3,91,-0.0083,0.9376,-0.0667,0.5296
minutes,will,T2,vix,4,90,-0.0388,0.7166,-0.0594,0.5779
minutes,will,T2,vix,5,89,-0.0974,0.3638,-0.1135,0.2896
minutes,will,T2,vix,6,89,-0.099,0.3562,-0.1867,0.0798
minutes,will,T2,vix,7,88,-0.1341,0.2128,-0.1542,0.1515
minutes,will,T2,vix,8,87,-0.0849,0.4343,-0.0923,0.3949
minutes,will,T2,vix,9,87,-0.0971,0.3709,-0.0793,0.4653
minutes,would,T1,cfnai,-9,99,0.0589,0.5628,0.168,0.0965
minutes,would,T1,cfnai,-8,99,0.0324,0.7506,0.2333,0.0201
minutes,would,T1,cfnai,-7,99,0.0607,0.5507,0.2942,0.0031
minutes,would,T1,cfnai,-6,99,0.0479,0.6379,0.2718,0.0065
minutes,would,T1,cfnai,-5,99,-0.0667,0.5121,0.2286,0.0229
minutes,would,T1,cfnai,-4,99,-0.0854,0.4005,0.1955,0.0525
minutes,would,T1,cfnai,-3,99,-0.1116,0.2714,0.2389,0.0172
minutes,would,T1,cfnai,-2,99,-0.0577,0.5705,0.2092,0.0377
minutes,would,T1,cfnai,-1,99,-0.0408,0.6883,0.1536,0.129
minutes,would,T1,cfnai,0,99,-0.0087,0.9319,0.1358,0.1801
minutes,would,T1,cfnai,1,99,-0.0529,0.6029,0.2323,0.0207
minutes,would,T1,cfnai,2,99,-0.0584,0.5657,0.2543,0.0111
minutes,would,T1,cfnai,3,99,0.0815,0.4224,0.2532,0.0114
minutes,would,T1,cfnai,4,98,0.2937,0.0033,0.3168,0.0015
minutes,would,T1,cfnai,5,97,0.3302,0.001,0.2872,0.0043
minutes,would,T1,cfnai,6,97,0.1715,0.0931,0.3728,0.0002
minutes,would,T1,cfnai,7,96,0.0285,0.7828,0.2396,0.0187
minutes,would,T1,cfnai,8,95,0.0622,0.5491,0.2229,0.0299
minutes,would,T1,cfnai,9,95,0.102,0.3253,0.2019,0.0497
minutes,would,T1,vix,-9,99,-0.0503,0.6213,-0.0752,0.4595
minutes,would,T1,vix,-8,99,-0.0278,0.7847,-0.0651,0.5222
minutes,would,T1,vix,-7,99,-0.0094,0.9266,-0.0245,0.8101
minutes,would,T1,vix,-6,99,0.1452,0.1517,0.0348,0.7326
minutes,would,T1,vix,-5,99,0.0941,0.354,0.0225,0.8253
minutes,would,T1,vix,-4,99,0.1399,0.1673,-0.0196,0.8477
minutes,would,T1,vix,-3,99,0.1656,0.1013,-0.0177,0.8618
minutes,would,T1,vix,-2,99,0.1458,0.1497,0.0341,0.7373
minutes,would,T1,vix,-1,99,0.1382,0.1725,0.1172,0.2481
minutes,would,T1,vix,0,99,0.2982,0.0027,0.1746,0.0839
minutes,would,T1,vix,1,99,0.2419,0.0159,0.1806,0.0736
minutes,would,T1,vix,2,99,0.1972,0.0504,0.1561,0.1229
minutes,would,T1,vix,3,99,0.061,0.5489,0.0648,0.524
minutes,would,T1,vix,4,98,0.084,0.4108,0.0874,0.3921
minutes,would,T1,vix,5,97,0.0635,0.5364,0.0804,0.4335
minutes,would,T1,vix,6,97,0.0805,0.433,0.1243,0.225
minutes,would,T1,vix,7,96,0.1406,0.1717,0.1919,0.061
minutes,would,T1,vix,8,95,0.0835,0.4209,0.192,0.0624
minutes,would,T1,vix,9,95,-0.046,0.6581,0.0309,0.7664
minutes,would,T2,cfnai,-9,91,0.0824,0.4375,0.2863,0.0059
minutes,would,T2,cfnai,-8,91,0.0785,0.4597,0.3353,0.0012
minutes,would,T2,cfnai,-7,91,0.1702,0.1068,0.4155,0.0
minutes,would,T2,cfnai,-6,91,0.1587,0.1329,0.4175,0.0
minutes,would,T2,cfnai,-5,91,0.1652,0.1176,0.3585,0.0005
minutes,would,T2,cfnai,-4,91,0.2324,0.0267,0.3588,0.0005
minutes,would,T2,cfnai,-3,91,0.3208,0.0019,0.4122,0.0
minutes,would,T2,cfnai,-2,91,0.2404,0.0217,0.2923,0.0049
minutes,would,T2,cfnai,-1,91,0.2043,0.052,0.2493,0.0172
minutes,would,T2,cfnai,0,91,0.1743,0.0984,0.184,0.0808
minutes,would,T2,cfnai,1,91,0.235,0.025,0.2402,0.0218
minutes,would,T2,cfnai,2,91,0.2341,0.0255,0.2768,0.0079
minutes,would,T2,cfnai,3,91,0.2642,0.0114,0.2238,0.033
minutes,would,T2,cfnai,4,90,0.2202,0.037,0.2341,0.0263
minutes,would,T2,cfnai,5,89,0.2357,0.0262,0.2247,0.0343
minutes,would,T2,cfnai,6,89,0.1127,0.2932,0.3022,0.004
minutes,would,T2,cfnai,7,88,-0.0184,0.865,0.1785,0.0961
minutes,would,T2,cfnai,8,87,-0.0012,0.991,0.1584,0.1429
minutes,would,T2,cfnai,9,87,0.0627,0.5639,0.1189,0.2727
minutes,would,T2,vix,-9,91,-0.0318,0.7645,-0.0391,0.7127
minutes,would,T2,vix,-8,91,0.0184,0.8627,-0.0147,0.8904
minutes,would,T2,vix,-7,91,0.0033,0.9753,-0.0128,0.9045
minutes,would,T2,vix,-6,91,0.1026,0.333,0.0449,0.6728
minutes,would,T2,vix,-5,91,0.0539,0.6117,0.0165,0.8768
minutes,would,T2,vix,-4,91,0.0543,0.6091,-0.0622,0.5581
minutes,would,T2,vix,-3,91,0.0269,0.8,-0.0816,0.4422
minutes,would,T2,vix,-2,91,0.0492,0.6432,-0.0448,0.6734
minutes,would,T2,vix,-1,91,0.0183,0.8629,0.0183,0.8634
minutes,would,T2,vix,0,91,0.0752,0.4787,0.0563,0.596
minutes,would,T2,vix,1,91,0.0444,0.6759,0.066,0.5339
minutes,would,T2,vix,2,91,0.1095,0.3016,0.038,0.7204
minutes,would,T2,vix,3,91,-0.0657,0.5359,-0.0628,0.5542
minutes,would,T2,vix,4,90,-0.0436,0.6832,-0.0279,0.794
minutes,would,T2,vix,5,89,-0.0089,0.9341,-0.0316,0.7687
minutes,would,T2,vix,6,89,-0.0035,0.9743,0.0196,0.8556
minutes,would,T2,vix,7,88,0.0472,0.6623,0.1064,0.3239
minutes,would,T2,vix,8,87,0.0248,0.8198,0.1069,0.3245
minutes,would,T2,vix,9,87,-0.0756,0.4866,-0.0256,0.8137
minutes,would+be+appropriate,T1,cfnai,-9,99,0.0429,0.6732,0.1284,0.2053
minutes,would+be+appropriate,T1,cfnai,-8,99,0.0327,0.748,0.1795,0.0755
minutes,would+be+appropriate,T1,cfnai,-7,99,0.027,0.7906,0.1598,0.1141
minutes,would+be+appropriate,T1,cfnai,-6,99,-0.0383,0.7068,0.1617,0.1099
minutes,would+be+appropriate,T1,cfnai,-5,99,-0.2949,0.003,0.1633,0.1063
minutes,would+be+appropriate,T1,cfnai,-4,99,-0.2461,0.0141,0.2182,0.03
minutes,would+be+appropriate,T1,cfnai,-3,99,-0.1086,0.2846,0.2267,0.024
minutes,would+be+appropriate,T1,cfnai,-2,99,0.1736,0.0857,0.2242,0.0257
minutes,would+be+appropriate,T1,cfnai,-1,99,0.2074,0.0394,0.1008,0.3207
minutes,would+be+appropriate,T1,cfnai,0,99,0.1383,0.1721,0.0508,0.6177
minutes,would+be+appropriate,T1,cfnai,1,99,0.1022,0.314,0.1171,0.2483
minutes,would+be+appropriate,T1,cfnai,2,99,0.0855,0.3998,0.0955,0.3473
minutes,would+be+appropriate,T1,cfnai,3,99,0.0787,0.4386,0.0908,0.3715
minutes,would+be+appropriate,T1,cfnai,4,98,0.1047,0.3049,0.0885,0.3863
minutes,would+be+appropriate,T1,cfnai,5,97,0.0884,0.389,0.0822,0.4233
minutes,would+be+appropriate,T1,cfnai,6,97,0.0872,0.3955,0.1059,0.3021
minutes,would+be+appropriate,T1,cfnai,7,96,0.0566,0.5837,0.0169,0.8701
minutes,would+be+appropriate,T1,cfnai,8,95,0.1138,0.2721,0.0342,0.7421
minutes,would+be+appropriate,T1,cfnai,9,95,0.0645,0.5343,-0.0039,0.9702
minutes,would+be+appropriate,T1,vix,-9,99,0.0587,0.5642,0.145,0.1523
minutes,would+be+appropriate,T1,vix,-8,99,0.0593,0.5601,0.1059,0.2967
minutes,would+be+appropriate,T1,vix,-7,99,0.091,0.3702,0.1015,0.3176
minutes,would+be+appropriate,T1,vix,-6,99,0.3899,0.0001,0.114,0.2611
minutes,would+be+appropriate,T1,vix,-5,99,0.34,0.0006,0.1915,0.0576
minutes,would+be+appropriate,T1,vix,-4,99,0.3298,0.0009,0.2656,0.0079
minutes,would+be+appropriate,T1,vix,-3,99,0.3358,0.0007,0.3221,0.0011
minutes,would+be+appropriate,T1,vix,-2,99,0.3739,0.0001,0.3338,0.0007
minutes,would+be+appropriate,T1,vix,-1,99,0.2369,0.0183,0.2761,0.0057
minutes,would+be+appropriate,T1,vix,0,99,0.339,0.0006,0.3452,0.0005
minutes,would+be+appropriate,T1,vix,1,99,0.4163,0.0,0.3828,0.0001
minutes,would+be+appropriate,T1,vix,2,99,0.2908,0.0035,0.2949,0.003
minutes,would+be+appropriate,T1,vix,3,99,0.2096,0.0373,0.2721,0.0064
minutes,would+be+appropriate,T1,vix,4,98,0.3657,0.0002,0.3517,0.0004
minutes,would+be+appropriate,T1,vix,5,97,0.2463,0.015,0.3349,0.0008
minutes,would+be+appropriate,T1,vix,6,97,0.1774,0.0822,0.2622,0.0095
minutes,would+be+appropriate,T1,vix,7,96,0.152,0.1392,0.1868,0.0684
minutes,would+be+appropriate,T1,vix,8,95,0.0761,0.4637,0.1544,0.1352
minutes,would+be+appropriate,T1,vix,9,95,0.045,0.6648,0.1179,0.2553
minutes,would+be+appropriate,T2,cfnai,-9,91,0.0727,0.4933,0.2128,0.0428
minutes,would+be+appropriate,T2,cfnai,-8,91,0.0974,0.3583,0.2615,0.0123
minutes,would+be+appropriate,T2,cfnai,-7,91,0.1464,0.1662,0.2372,0.0236
minutes,would+be+appropriate,T2,cfnai,-6,91,0.116,0.2736,0.2518,0.0161
minutes,would+be+appropriate,T2,cfnai,-5,91,0.138,0.192,0.2353,0.0247
minutes,would+be+appropriate,T2,cfnai,-4,91,0.2641,0.0114,0.2879,0.0057
minutes,would+be+appropriate,T2,cfnai,-3,91,0.3097,0.0028,0.3107,0.0027
minutes,would+be+appropriate,T2,cfnai,-2,91,0.2188,0.0372,0.2224,0.0341
minutes,would+be+appropriate,T2,cfnai,-1,91,0.1817,0.0847,0.0828,0.4353
minutes,would+be+appropriate,T2,cfnai,0,91,0.0927,0.382,0.0051,0.9618
minutes,would+be+appropriate,T2,cfnai,1,91,0.1064,0.3154,0.0465,0.6616
minutes,would+be+appropriate,T2,cfnai,2,91,0.0555,0.6016,0.0334,0.7535
minutes,would+be+appropriate,T2,cfnai,3,91,0.0895,0.3989,0.0375,0.7245
minutes,would+be+appropriate,T2,cfnai,4,90,0.0778,0.4659,0.0057,0.9577
minutes,would+be+appropriate,T2,cfnai,5,89,0.0822,0.4437,0.0338,0.7533
minutes,would+be+appropriate,T2,cfnai,6,89,0.0918,0.3923,0.0494,0.6454
minutes,would+be+appropriate,T2,cfnai,7,88,0.0604,0.5764,-0.0298,0.7829
minutes,would+be+appropriate,T2,cfnai,8,87,0.065,0.5497,-0.0209,0.8476
minutes,would+be+appropriate,T2,cfnai,9,87,0.0552,0.6119,-0.0573,0.5984
minutes,would+be+appropriate,T2,vix,-9,91,0.099,0.3503,0.1435,0.1748
minutes,would+be+appropriate,T2,vix,-8,91,0.1243,0.2404,0.1259,0.2342
minutes,would+be+appropriate,T2,vix,-7,91,0.0887,0.403,0.0795,0.4541
minutes,would+be+appropriate,T2,vix,-6,91,0.1511,0.1529,0.0721,0.497
minutes,would+be+appropriate,T2,vix,-5,91,0.1719,0.1032,0.1455,0.1688
minutes,would+be+appropriate,T2,vix,-4,91,0.2883,0.0056,0.2117,0.044
minutes,would+be+appropriate,T2,vix,-3,91,0.3092,0.0029,0.2744,0.0085
minutes,would+be+appropriate,T2,vix,-2,91,0.355,0.0006,0.2928,0.0049
minutes,would+be+appropriate,T2,vix,-1,91,0.3116,0.0026,0.2376,0.0233
minutes,would+be+appropriate,T2,vix,0,91,0.4282,0.0,0.3031,0.0035
minutes,would+be+appropriate,T2,vix,1,91,0.4187,0.0,0.353,0.0006
minutes,would+be+appropriate,T2,vix,2,91,0.4289,0.0,0.2584,0.0134
minutes,would+be+appropriate,T2,vix,3,91,0.224,0.0328,0.245,0.0193
minutes,would+be+appropriate,T2,vix,4,90,0.3691,0.0003,0.3312,0.0014
minutes,would+be+appropriate,T2,vix,5,89,0.2523,0.017,0.3273,0.0017
minutes,would+be+appropriate,T2,vix,6,89,0.1776,0.0959,0.2534,0.0166
minutes,would+be+appropriate,T2,vix,7,88,0.1754,0.1022,0.1863,0.0822
minutes,would+be+appropriate,T2,vix,8,87,0.0716,0.5099,0.1436,0.1846
minutes,would+be+appropriate,T2,vix,9,87,0.076,0.4842,0.1255,0.2468
minutes,would+continue,T1,cfnai,-9,99,-0.0337,0.7404,-0.1446,0.1532
minutes,would+continue,T1,cfnai,-8,99,-0.0761,0.4542,-0.0431,0.6722
minutes,would+continue,T1,cfnai,-7,99,-0.159,0.116,-0.159,0.116
minutes,would+continue,T1,cfnai,-6,99,-0.0979,0.335,-0.1739,0.0851
minutes,would+continue,T1,cfnai,-5,99,-0.0794,0.4346,-0.2159,0.0319
minutes,would+continue,T1,cfnai,-4,99,0.0091,0.9288,-0.1318,0.1935
minutes,would+continue,T1,cfnai,-3,99,-0.0196,0.8475,-0.0993,0.3282
minutes,would+continue,T1,cfnai,-2,99,0.0149,0.8838,-0.0768,0.4501
minutes,would+continue,T1,cfnai,-1,99,-0.0156,0.8778,-0.1191,0.2402
minutes,would+continue,T1,cfnai,0,99,-0.1374,0.175,-0.0187,0.8544
minutes,would+continue,T1,cfnai,1,99,-0.0173,0.865,0.0052,0.9592
minutes,would+continue,T1,cfnai,2,99,0.0381,0.7083,0.0022,0.9826
minutes,would+continue,T1,cfnai,3,99,0.1866,0.0644,0.1101,0.278
minutes,would+continue,T1,cfnai,4,98,0.1632,0.1084,0.1393,0.1714
minutes,would+continue,T1,cfnai,5,97,0.1679,0.1002,0.1573,0.1238
minutes,would+continue,T1,cfnai,6,97,0.1105,0.2811,0.259,0.0104
minutes,would+continue,T1,cfnai,7,96,0.0479,0.6433,0.1609,0.1174
minutes,would+continue,T1,cfnai,8,95,0.0882,0.3951,0.175,0.0898
minutes,would+continue,T1,cfnai,9,95,0.0633,0.542,0.2287,0.0258
minutes,would+continue,T1,vix,-9,99,0.3577,0.0003,0.4192,0.0
minutes,would+continue,T1,vix,-8,99,0.3999,0.0,0.4083,0.0
minutes,would+continue,T1,vix,-7,99,0.418,0.0,0.3522,0.0003
minutes,would+continue,T1,vix,-6,99,0.4369,0.0,0.3885,0.0001
minutes,would+continue,T1,vix,-5,99,0.3547,0.0003,0.3726,0.0001
minutes,would+continue,T1,vix,-4,99,0.3407,0.0006,0.4109,0.0
minutes,would+continue,T1,vix,-3,99,0.3353,0.0007,0.3768,0.0001
minutes,would+continue,T1,vix,-2,99,0.3882,0.0001,0.4032,0.0
minutes,would+continue,T1,vix,-1,99,0.3459,0.0005,0.2745,0.006
minutes,would+continue,T1,vix,0,99,0.2332,0.0202,0.2396,0.0169
minutes,would+continue,T1,vix,1,99,0.2708,0.0067,0.28,0.005
minutes,would+continue,T1,vix,2,99,0.1853,0.0664,0.2099,0.037
minutes,would+continue,T1,vix,3,99,0.1232,0.2245,0.2273,0.0236
minutes,would+continue,T1,vix,4,98,0.0699,0.4942,0.1347,0.1859
minutes,would+continue,T1,vix,5,97,0.106,0.3016,0.161,0.1151
minutes,would+continue,T1,vix,6,97,0.0922,0.3692,0.1605,0.1163
minutes,would+continue,T1,vix,7,96,0.0459,0.6568,0.0699,0.4987
minutes,would+continue,T1,vix,8,95,0.1584,0.1252,0.1531,0.1384
minutes,would+continue,T1,vix,9,95,0.0743,0.474,0.0552,0.5952
minutes,would+continue,T2,cfnai,-9,91,-0.0032,0.9759,-0.0603,0.5699
minutes,would+continue,T2,cfnai,-8,91,0.0529,0.6183,0.0462,0.6638
minutes,would+continue,T2,cfnai,-7,91,0.0495,0.641,-0.0646,0.5428
minutes,would+continue,T2,cfnai,-6,91,0.1376,0.1934,-0.0696,0.512
minutes,would+continue,T2,cfnai,-5,91,0.0546,0.607,-0.1849,0.0793
minutes,would+continue,T2,cfnai,-4,91,0.0426,0.6883,-0.1303,0.2183
minutes,would+continue,T2,cfnai,-3,91,0.0408,0.701,-0.1022,0.3349
minutes,would+continue,T2,cfnai,-2,91,0.0476,0.6539,-0.1216,0.251
minutes,would+continue,T2,cfnai,-1,91,0.0578,0.5863,-0.1595,0.131
minutes,would+continue,T2,cfnai,0,91,0.0122,0.9083,-0.075,0.4799
minutes,would+continue,T2,cfnai,1,91,0.0442,0.6775,-0.0908,0.3921
minutes,would+continue,T2,cfnai,2,91,0.0577,0.5872,-0.0599,0.573
minutes,would+continue,T2,cfnai,3,91,0.0796,0.4535,0.0037,0.9725
minutes,would+continue,T2,cfnai,4,90,0.1102,0.3013,0.0263,0.8054
minutes,would+continue,T2,cfnai,5,89,0.1303,0.2235,0.0719,0.5033
minutes,would+continue,T2,cfnai,6,89,0.0615,0.5669,0.1509,0.1581
minutes,would+continue,T2,cfnai,7,88,0.0156,0.8855,0.0573,0.5957
minutes,would+continue,T2,cfnai,8,87,0.0284,0.7942,0.0748,0.4913
minutes,would+continue,T2,cfnai,9,87,0.0278,0.7984,0.1279,0.2377
minutes,would+continue,T2,vix,-9,91,0.414,0.0,0.4753,0.0
minutes,would+continue,T2,vix,-8,91,0.4208,0.0,0.4199,0.0
minutes,would+continue,T2,vix,-7,91,0.4291,0.0,0.3589,0.0005
minutes,would+continue,T2,vix,-6,91,0.4422,0.0,0.387,0.0002
minutes,would+continue,T2,vix,-5,91,0.3247,0.0017,0.3654,0.0004
minutes,would+continue,T2,vix,-4,91,0.3779,0.0002,0.3731,0.0003
minutes,would+continue,T2,vix,-3,91,0.3444,0.0008,0.3321,0.0013
minutes,would+continue,T2,vix,-2,91,0.3303,0.0014,0.3388,0.001
minutes,would+continue,T2,vix,-1,91,0.1687,0.11,0.1833,0.082
minutes,would+continue,T2,vix,0,91,0.1499,0.1561,0.1485,0.1602
minutes,would+continue,T2,vix,1,91,0.1858,0.0779,0.1945,0.0646
minutes,would+continue,T2,vix,2,91,0.1204,0.2554,0.107,0.3127
minutes,would+continue,T2,vix,3,91,0.0586,0.581,0.1497,0.1567
minutes,would+continue,T2,vix,4,90,-0.0066,0.9504,0.0548,0.6082
minutes,would+continue,T2,vix,5,89,0.0473,0.6597,0.0889,0.4073
minutes,would+continue,T2,vix,6,89,0.0353,0.7428,0.0928,0.387
minutes,would+continue,T2,vix,7,88,0.0053,0.9611,0.0175,0.8714
minutes,would+continue,T2,vix,8,87,0.1457,0.1781,0.1013,0.3507
minutes,would+continue,T2,vix,9,87,0.0599,0.5813,0.0064,0.9529
press_conf,ALL,T1,cfnai,-9,80,0.196,0.0815,0.2651,0.0175
press_conf,ALL,T1,cfnai,-8,80,0.1284,0.2562,0.3194,0.0039
press_conf,ALL,T1,cfnai,-7,80,0.0755,0.5056,0.2078,0.0644
press_conf,ALL,T1,cfnai,-6,80,-0.0258,0.8205,0.1107,0.3281
press_conf,ALL,T1,cfnai,-5,80,-0.0834,0.4622,0.2402,0.0318
press_conf,ALL,T1,cfnai,-4,80,-0.0817,0.4713,0.2551,0.0224
press_conf,ALL,T1,cfnai,-3,80,0.0333,0.769,0.2625,0.0187
press_conf,ALL,T1,cfnai,-2,80,0.1105,0.3291,0.2165,0.0538
press_conf,ALL,T1,cfnai,-1,80,0.0646,0.5694,0.1409,0.2124
press_conf,ALL,T1,cfnai,0,80,-0.249,0.0259,0.0976,0.3889
press_conf,ALL,T1,cfnai,1,80,-0.1953,0.0825,0.1753,0.1198
press_conf,ALL,T1,cfnai,2,80,-0.1517,0.1792,0.1604,0.1552
press_conf,ALL,T1,cfnai,3,80,0.1511,0.1808,0.2569,0.0215
press_conf,ALL,T1,cfnai,4,79,0.2522,0.0249,0.2429,0.031
press_conf,ALL,T1,cfnai,5,78,0.2631,0.0199,0.2119,0.0625
press_conf,ALL,T1,cfnai,6,78,0.2076,0.0681,0.1884,0.0985
press_conf,ALL,T1,cfnai,7,77,0.1429,0.2151,0.1564,0.1742
press_conf,ALL,T1,cfnai,8,76,0.1778,0.1245,0.1327,0.2532
press_conf,ALL,T1,cfnai,9,76,0.1727,0.1357,0.1853,0.109
press_conf,ALL,T1,vix,-9,80,0.196,0.0815,0.1813,0.1075
press_conf,ALL,T1,vix,-8,80,0.1517,0.1791,0.2015,0.073
press_conf,ALL,T1,vix,-7,80,0.1783,0.1137,0.2022,0.072
press_conf,ALL,T1,vix,-6,80,0.2639,0.018,0.2198,0.0501
press_conf,ALL,T1,vix,-5,80,0.224,0.0458,0.2075,0.0648
press_conf,ALL,T1,vix,-4,80,0.1424,0.2078,0.1932,0.0859
press_conf,ALL,T1,vix,-3,80,0.1808,0.1085,0.2136,0.0571
press_conf,ALL,T1,vix,-2,80,0.2329,0.0376,0.25,0.0253
press_conf,ALL,T1,vix,-1,80,0.4376,0.0,0.3624,0.001
press_conf,ALL,T1,vix,0,80,0.3992,0.0002,0.344,0.0018
press_conf,ALL,T1,vix,1,80,0.3474,0.0016,0.2477,0.0267
press_conf,ALL,T1,vix,2,80,0.2354,0.0356,0.1655,0.1423
press_conf,ALL,T1,vix,3,80,0.1531,0.175,0.1986,0.0775
press_conf,ALL,T1,vix,4,79,0.1863,0.1003,0.1735,0.1262
press_conf,ALL,T1,vix,5,78,0.2192,0.0539,0.3372,0.0025
press_conf,ALL,T1,vix,6,78,0.1568,0.1703,0.2189,0.0542
press_conf,ALL,T1,vix,7,77,0.2255,0.0486,0.2168,0.0582
press_conf,ALL,T1,vix,8,76,0.0753,0.518,0.136,0.2414
press_conf,ALL,T1,vix,9,76,0.0022,0.9851,0.1183,0.3089
press_conf,ALL,T2,cfnai,-9,71,0.2742,0.0207,0.4191,0.0003
press_conf,ALL,T2,cfnai,-8,71,0.356,0.0023,0.4322,0.0002
press_conf,ALL,T2,cfnai,-7,71,0.3506,0.0027,0.328,0.0052
press_conf,ALL,T2,cfnai,-6,71,0.1065,0.3765,0.2845,0.0162
press_conf,ALL,T2,cfnai,-5,71,0.1327,0.2701,0.3509,0.0027
press_conf,ALL,T2,cfnai,-4,71,0.267,0.0244,0.427,0.0002
press_conf,ALL,T2,cfnai,-3,71,0.4043,0.0005,0.4172,0.0003
press_conf,ALL,T2,cfnai,-2,71,0.2947,0.0126,0.2575,0.0302
press_conf,ALL,T2,cfnai,-1,71,0.3228,0.006,0.2022,0.0909
press_conf,ALL,T2,cfnai,0,71,0.2289,0.0548,0.1856,0.1211
press_conf,ALL,T2,cfnai,1,71,0.3784,0.0011,0.2359,0.0476
press_conf,ALL,T2,cfnai,2,71,0.3029,0.0102,0.2616,0.0276
press_conf,ALL,T2,cfnai,3,71,0.2517,0.0342,0.2358,0.0478
press_conf,ALL,T2,cfnai,4,70,0.1046,0.3889,0.1756,0.146
press_conf,ALL,T2,cfnai,5,69,0.1371,0.2613,0.1567,0.1985
press_conf,ALL,T2,cfnai,6,69,0.1286,0.2924,0.0774,0.5271
press_conf,ALL,T2,cfnai,7,68,0.0837,0.4972,0.0266,0.8293
press_conf,ALL,T2,cfnai,8,67,0.1004,0.4187,0.0205,0.8691
press_conf,ALL,T2,cfnai,9,67,0.1319,0.2874,0.1005,0.4183
press_conf,ALL,T2,vix,-9,71,0.2741,0.0207,0.2673,0.0242
press_conf,ALL,T2,vix,-8,71,0.2829,0.0168,0.2547,0.0321
press_conf,ALL,T2,vix,-7,71,0.2525,0.0336,0.2309,0.0527
press_conf,ALL,T2,vix,-6,71,0.2094,0.0797,0.2338,0.0497
press_conf,ALL,T2,vix,-5,71,0.2311,0.0525,0.2511,0.0346
press_conf,ALL,T2,vix,-4,71,0.2866,0.0154,0.2527,0.0335
press_conf,ALL,T2,vix,-3,71,0.2173,0.0687,0.2412,0.0427
press_conf,ALL,T2,vix,-2,71,0.2397,0.0441,0.2592,0.0291
press_conf,ALL,T2,vix,-1,71,0.3312,0.0048,0.3383,0.0039
press_conf,ALL,T2,vix,0,71,0.2578,0.03,0.3027,0.0103
press_conf,ALL,T2,vix,1,71,0.1357,0.259,0.1543,0.1988
press_conf,ALL,T2,vix,2,71,0.0906,0.4524,0.0515,0.6697
press_conf,ALL,T2,vix,3,71,0.0374,0.7566,0.1316,0.2741
press_conf,ALL,T2,vix,4,70,0.0856,0.4813,0.1135,0.3494
press_conf,ALL,T2,vix,5,69,0.1458,0.2319,0.2798,0.0199
press_conf,ALL,T2,vix,6,69,0.0657,0.5917,0.1629,0.1811
press_conf,ALL,T2,vix,7,68,0.1528,0.2134,0.1751,0.1532
press_conf,ALL,T2,vix,8,67,0.0209,0.8667,0.0798,0.5208
press_conf,ALL,T2,vix,9,67,-0.0491,0.693,0.0614,0.6215
press_conf,can,T1,cfnai,-9,80,-0.082,0.4695,-0.209,0.0628
press_conf,can,T1,cfnai,-8,80,-0.0201,0.8597,-0.1216,0.2825
press_conf,can,T1,cfnai,-7,80,-0.0401,0.7243,-0.1868,0.0971
press_conf,can,T1,cfnai,-6,80,-0.018,0.8739,-0.1333,0.2384
press_conf,can,T1,cfnai,-5,80,-0.0806,0.4772,-0.1606,0.1548
press_conf,can,T1,cfnai,-4,80,-0.0943,0.4055,-0.1608,0.1542
press_conf,can,T1,cfnai,-3,80,-0.2412,0.0311,-0.0677,0.5505
press_conf,can,T1,cfnai,-2,80,-0.2073,0.0651,0.0682,0.548
press_conf,can,T1,cfnai,-1,80,-0.2174,0.0527,-0.0209,0.8537
press_conf,can,T1,cfnai,0,80,-0.1763,0.1178,-0.0386,0.7336
press_conf,can,T1,cfnai,1,80,-0.0615,0.5881,0.0146,0.8974
press_conf,can,T1,cfnai,2,80,-0.0126,0.9116,0.0362,0.7496
press_conf,can,T1,cfnai,3,80,0.2272,0.0427,0.1373,0.2246
press_conf,can,T1,cfnai,4,79,0.1587,0.1625,0.1888,0.0956
press_conf,can,T1,cfnai,5,78,0.1225,0.2852,0.1588,0.165
press_conf,can,T1,cfnai,6,78,0.0317,0.7831,-0.0128,0.9116
press_conf,can,T1,cfnai,7,77,-0.118,0.3067,-0.0636,0.5828
press_conf,can,T1,cfnai,8,76,-0.0998,0.3908,0.0382,0.7432
press_conf,can,T1,cfnai,9,76,0.0567,0.6265,0.1045,0.3691
press_conf,can,T1,vix,-9,80,0.073,0.5201,0.1039,0.3591
press_conf,can,T1,vix,-8,80,0.1157,0.3066,0.1651,0.1434
press_conf,can,T1,vix,-7,80,0.0499,0.66,0.094,0.4071
press_conf,can,T1,vix,-6,80,0.0451,0.6912,0.084,0.4587
press_conf,can,T1,vix,-5,80,0.0816,0.4716,0.1399,0.2158
press_conf,can,T1,vix,-4,80,0.2846,0.0105,0.2506,0.025
press_conf,can,T1,vix,-3,80,0.312,0.0048,0.2646,0.0177
press_conf,can,T1,vix,-2,80,0.3626,0.0009,0.321,0.0037
press_conf,can,T1,vix,-1,80,0.5201,0.0,0.4025,0.0002
press_conf,can,T1,vix,0,80,0.3601,0.001,0.3983,0.0003
press_conf,can,T1,vix,1,80,0.352,0.0014,0.3684,0.0008
press_conf,can,T1,vix,2,80,0.2486,0.0261,0.3636,0.0009
press_conf,can,T1,vix,3,80,0.2559,0.0219,0.2967,0.0075
press_conf,can,T1,vix,4,79,0.3444,0.0019,0.3635,0.001
press_conf,can,T1,vix,5,78,0.3268,0.0035,0.465,0.0
press_conf,can,T1,vix,6,78,0.4445,0.0,0.4482,0.0
press_conf,can,T1,vix,7,77,0.492,0.0,0.4562,0.0
press_conf,can,T1,vix,8,76,0.2159,0.0611,0.342,0.0025
press_conf,can,T1,vix,9,76,0.1029,0.3763,0.3124,0.006
press_conf,can,T2,cfnai,-9,71,-0.0805,0.5044,-0.1301,0.2796
press_conf,can,T2,cfnai,-8,71,-0.0092,0.9393,-0.0391,0.7459
press_conf,can,T2,cfnai,-7,71,0.0174,0.8853,-0.0825,0.4942
press_conf,can,T2,cfnai,-6,71,0.1159,0.336,0.0063,0.9581
press_conf,can,T2,cfnai,-5,71,0.0864,0.474,-0.0263,0.8277
press_conf,can,T2,cfnai,-4,71,0.0496,0.6811,-0.0479,0.6914
press_conf,can,T2,cfnai,-3,71,0.1075,0.3723,0.0456,0.7055
press_conf,can,T2,cfnai,-2,71,0.152,0.2056,0.1341,0.265
press_conf,can,T2,cfnai,-1,71,0.1171,0.3306,0.0587,0.6269
press_conf,can,T2,cfnai,0,71,0.0388,0.748,-0.016,0.8947
press_conf,can,T2,cfnai,1,71,-0.0467,0.699,-0.0365,0.7624
press_conf,can,T2,cfnai,2,71,-0.0129,0.9152,-0.0195,0.8719
press_conf,can,T2,cfnai,3,71,-0.032,0.7908,0.0383,0.7511
press_conf,can,T2,cfnai,4,70,-0.0555,0.6483,0.0029,0.981
press_conf,can,T2,cfnai,5,69,-0.0502,0.6819,-0.007,0.9544
press_conf,can,T2,cfnai,6,69,-0.0844,0.4903,-0.2352,0.0517
press_conf,can,T2,cfnai,7,68,-0.201,0.1003,-0.2428,0.0461
press_conf,can,T2,cfnai,8,67,-0.2154,0.08,-0.1356,0.274
press_conf,can,T2,cfnai,9,67,-0.0023,0.9853,-0.0709,0.5684
press_conf,can,T2,vix,-9,71,0.2148,0.0721,0.198,0.098
press_conf,can,T2,vix,-8,71,0.224,0.0604,0.2538,0.0327
press_conf,can,T2,vix,-7,71,0.1231,0.3066,0.1459,0.2247
press_conf,can,T2,vix,-6,71,0.0464,0.7006,0.0943,0.4339
press_conf,can,T2,vix,-5,71,0.1141,0.3436,0.1733,0.1484
press_conf,can,T2,vix,-4,71,0.1781,0.1373,0.2517,0.0342
press_conf,can,T2,vix,-3,71,0.191,0.1106,0.2484,0.0367
press_conf,can,T2,vix,-2,71,0.2736,0.0209,0.2651,0.0255
press_conf,can,T2,vix,-1,71,0.3075,0.0091,0.3006,0.0109
press_conf,can,T2,vix,0,71,0.272,0.0217,0.2802,0.0179
press_conf,can,T2,vix,1,71,0.2593,0.029,0.2731,0.0212
press_conf,can,T2,vix,2,71,0.19,0.1126,0.2778,0.019
press_conf,can,T2,vix,3,71,0.1728,0.1495,0.2001,0.0942
press_conf,can,T2,vix,4,70,0.2755,0.021,0.2773,0.0201
press_conf,can,T2,vix,5,69,0.2822,0.0188,0.4356,0.0002
press_conf,can,T2,vix,6,69,0.4071,0.0005,0.3879,0.001
press_conf,can,T2,vix,7,68,0.4773,0.0,0.4237,0.0003
press_conf,can,T2,vix,8,67,0.1917,0.1202,0.3041,0.0123
press_conf,can,T2,vix,9,67,0.0951,0.4439,0.3157,0.0093
press_conf,could,T1,cfnai,-9,80,0.0789,0.4865,0.1728,0.1252
press_conf,could,T1,cfnai,-8,80,-0.004,0.972,0.0266,0.8151
press_conf,could,T1,cfnai,-7,80,-0.0318,0.7797,-0.0147,0.8969
press_conf,could,T1,cfnai,-6,80,-0.0841,0.4585,0.0121,0.9153
press_conf,could,T1,cfnai,-5,80,-0.0006,0.9955,0.0659,0.5612
press_conf,could,T1,cfnai,-4,80,0.0489,0.6668,0.1172,0.3004
press_conf,could,T1,cfnai,-3,80,0.0156,0.891,0.1532,0.1749
press_conf,could,T1,cfnai,-2,80,-0.1577,0.1623,0.0615,0.588
press_conf,could,T1,cfnai,-1,80,-0.1669,0.1389,0.0843,0.4574
press_conf,could,T1,cfnai,0,80,0.027,0.812,0.0824,0.4676
press_conf,could,T1,cfnai,1,80,0.2975,0.0074,0.2714,0.0149
press_conf,could,T1,cfnai,2,80,0.3277,0.003,0.2869,0.0099
press_conf,could,T1,cfnai,3,80,0.1691,0.1336,0.2292,0.0409
press_conf,could,T1,cfnai,4,79,0.0047,0.9671,0.0197,0.8632
press_conf,could,T1,cfnai,5,78,0.0176,0.8788,0.0206,0.8576
press_conf,could,T1,cfnai,6,78,0.0378,0.7422,0.0626,0.586
press_conf,could,T1,cfnai,7,77,0.0262,0.8209,0.0569,0.6232
press_conf,could,T1,cfnai,8,76,0.0482,0.6795,0.0625,0.5917
press_conf,could,T1,cfnai,9,76,0.1114,0.3382,0.0376,0.7468
press_conf,could,T1,vix,-9,80,-0.2033,0.0705,-0.1563,0.1662
press_conf,could,T1,vix,-8,80,-0.1725,0.1259,-0.1963,0.0809
press_conf,could,T1,vix,-7,80,-0.2414,0.031,-0.2434,0.0296
press_conf,could,T1,vix,-6,80,-0.1785,0.1132,-0.1609,0.1538
press_conf,could,T1,vix,-5,80,-0.2651,0.0175,-0.2066,0.0659
press_conf,could,T1,vix,-4,80,-0.206,0.0668,-0.2266,0.0433
press_conf,could,T1,vix,-3,80,-0.0667,0.5566,-0.2113,0.0598
press_conf,could,T1,vix,-2,80,-0.129,0.2542,-0.2192,0.0508
press_conf,could,T1,vix,-1,80,-0.113,0.3181,-0.2276,0.0423
press_conf,could,T1,vix,0,80,-0.3234,0.0034,-0.3315,0.0027
press_conf,could,T1,vix,1,80,-0.3647,0.0009,-0.3455,0.0017
press_conf,could,T1,vix,2,80,-0.2467,0.0274,-0.2762,0.0131
press_conf,could,T1,vix,3,80,-0.2338,0.0369,-0.1869,0.0969
press_conf,could,T1,vix,4,79,-0.2229,0.0483,-0.146,0.1992
press_conf,could,T1,vix,5,78,-0.1918,0.0926,-0.2421,0.0328
press_conf,could,T1,vix,6,78,-0.3008,0.0075,-0.2967,0.0084
press_conf,could,T1,vix,7,77,-0.317,0.005,-0.252,0.027
press_conf,could,T1,vix,8,76,-0.3022,0.008,-0.2699,0.0184
press_conf,could,T1,vix,9,76,-0.1855,0.1087,-0.181,0.1176
press_conf,could,T2,cfnai,-9,71,0.0805,0.5046,0.1566,0.1921
press_conf,could,T2,cfnai,-8,71,-0.0117,0.9229,0.049,0.685
press_conf,could,T2,cfnai,-7,71,-0.0347,0.7741,0.019,0.8749
press_conf,could,T2,cfnai,-6,71,-0.1351,0.2612,-0.0119,0.9213
press_conf,could,T2,cfnai,-5,71,-0.0863,0.4742,0.0097,0.9358
press_conf,could,T2,cfnai,-4,71,-0.025,0.8358,0.0402,0.739
press_conf,could,T2,cfnai,-3,71,0.0381,0.7525,0.119,0.3231
press_conf,could,T2,cfnai,-2,71,0.0553,0.6471,0.0831,0.4906
press_conf,could,T2,cfnai,-1,71,0.049,0.6851,0.0994,0.4094
press_conf,could,T2,cfnai,0,71,0.0671,0.5783,0.0628,0.6029
press_conf,could,T2,cfnai,1,71,0.1547,0.1978,0.2067,0.0838
press_conf,could,T2,cfnai,2,71,0.167,0.164,0.2114,0.0768
press_conf,could,T2,cfnai,3,71,0.247,0.0379,0.1882,0.1161
press_conf,could,T2,cfnai,4,70,0.1842,0.1269,0.0798,0.5116
press_conf,could,T2,cfnai,5,69,0.1989,0.1013,0.0734,0.5491
press_conf,could,T2,cfnai,6,69,0.1318,0.2802,0.1631,0.1804
press_conf,could,T2,cfnai,7,68,0.0693,0.5745,0.1605,0.1911
press_conf,could,T2,cfnai,8,67,0.1106,0.3727,0.2091,0.0896
press_conf,could,T2,cfnai,9,67,0.1458,0.2392,0.141,0.255
press_conf,could,T2,vix,-9,71,-0.2866,0.0154,-0.2256,0.0586
press_conf,could,T2,vix,-8,71,-0.3206,0.0064,-0.294,0.0128
press_conf,could,T2,vix,-7,71,-0.2896,0.0143,-0.252,0.034
press_conf,could,T2,vix,-6,71,-0.2346,0.0489,-0.1934,0.1061
press_conf,could,T2,vix,-5,71,-0.3248,0.0057,-0.2483,0.0368
press_conf,could,T2,vix,-4,71,-0.376,0.0012,-0.3517,0.0026
press_conf,could,T2,vix,-3,71,-0.3823,0.001,-0.3538,0.0025
press_conf,could,T2,vix,-2,71,-0.354,0.0025,-0.3535,0.0025
press_conf,could,T2,vix,-1,71,-0.2013,0.0924,-0.2885,0.0147
press_conf,could,T2,vix,0,71,-0.3512,0.0027,-0.3508,0.0027
press_conf,could,T2,vix,1,71,-0.3661,0.0017,-0.3422,0.0035
press_conf,could,T2,vix,2,71,-0.2717,0.0219,-0.2548,0.032
press_conf,could,T2,vix,3,71,-0.223,0.0615,-0.1739,0.1469
press_conf,could,T2,vix,4,70,-0.2393,0.0461,-0.114,0.3476
press_conf,could,T2,vix,5,69,-0.1933,0.1116,-0.2287,0.0587
press_conf,could,T2,vix,6,69,-0.2827,0.0186,-0.2661,0.0271
press_conf,could,T2,vix,7,68,-0.3037,0.0118,-0.2183,0.0736
press_conf,could,T2,vix,8,67,-0.3007,0.0134,-0.2377,0.0527
press_conf,could,T2,vix,9,67,-0.1853,0.1332,-0.1621,0.1901
press_conf,may,T1,cfnai,-9,80,0.171,0.1295,0.0976,0.389
press_conf,may,T1,cfnai,-8,80,-0.0399,0.7254,0.0539,0.6348
press_conf,may,T1,cfnai,-7,80,-0.1316,0.2447,0.0295,0.795
press_conf,may,T1,cfnai,-6,80,-0.1709,0.1295,0.0003,0.998
press_conf,may,T1,cfnai,-5,80,-0.0191,0.8662,0.0197,0.8622
press_conf,may,T1,cfnai,-4,80,0.0837,0.4605,0.0748,0.5094
press_conf,may,T1,cfnai,-3,80,0.0925,0.4145,0.0738,0.5155
press_conf,may,T1,cfnai,-2,80,0.0239,0.8333,0.0192,0.866
press_conf,may,T1,cfnai,-1,80,0.0084,0.9409,0.007,0.951
press_conf,may,T1,cfnai,0,80,0.0009,0.9934,0.0393,0.7291
press_conf,may,T1,cfnai,1,80,0.1441,0.2023,0.0663,0.5589
press_conf,may,T1,cfnai,2,80,0.1512,0.1805,0.0582,0.6082
press_conf,may,T1,cfnai,3,80,0.1031,0.3627,0.0574,0.6131
press_conf,may,T1,cfnai,4,79,-0.0686,0.5483,-0.027,0.8135
press_conf,may,T1,cfnai,5,78,-0.0801,0.4857,-0.0521,0.6505
press_conf,may,T1,cfnai,6,78,-0.0189,0.8694,-0.0136,0.9062
press_conf,may,T1,cfnai,7,77,0.1209,0.2951,0.0655,0.5717
press_conf,may,T1,cfnai,8,76,0.1843,0.1111,0.1283,0.2694
press_conf,may,T1,cfnai,9,76,0.1452,0.2106,0.139,0.231
press_conf,may,T1,vix,-9,80,0.1663,0.1404,0.0958,0.3981
press_conf,may,T1,vix,-8,80,0.2088,0.0631,0.1674,0.1377
press_conf,may,T1,vix,-7,80,0.1498,0.1847,0.1408,0.213
press_conf,may,T1,vix,-6,80,0.1593,0.158,0.1926,0.0869
press_conf,may,T1,vix,-5,80,0.0388,0.7326,0.0522,0.6459
press_conf,may,T1,vix,-4,80,-0.0303,0.7898,0.0708,0.5326
press_conf,may,T1,vix,-3,80,0.0517,0.6487,0.0414,0.7151
press_conf,may,T1,vix,-2,80,0.1255,0.2674,0.1462,0.1956
press_conf,may,T1,vix,-1,80,-0.0025,0.9825,-0.0462,0.684
press_conf,may,T1,vix,0,80,-0.168,0.1364,-0.0872,0.4417
press_conf,may,T1,vix,1,80,-0.1726,0.1258,-0.1449,0.1997
press_conf,may,T1,vix,2,80,-0.0844,0.4566,-0.0808,0.4763
press_conf,may,T1,vix,3,80,-0.1107,0.3281,-0.0864,0.4459
press_conf,may,T1,vix,4,79,-0.1547,0.1733,-0.1324,0.2446
press_conf,may,T1,vix,5,78,-0.0992,0.3876,-0.0979,0.3939
press_conf,may,T1,vix,6,78,-0.2401,0.0343,-0.1654,0.1479
press_conf,may,T1,vix,7,77,-0.3265,0.0038,-0.2814,0.0132
press_conf,may,T1,vix,8,76,-0.2163,0.0606,-0.2174,0.0592
press_conf,may,T1,vix,9,76,-0.0784,0.5009,-0.1676,0.1478
press_conf,may,T2,cfnai,-9,71,0.1993,0.0956,0.1335,0.267
press_conf,may,T2,cfnai,-8,71,0.079,0.5127,0.103,0.3929
press_conf,may,T2,cfnai,-7,71,0.0312,0.7961,0.0961,0.4255
press_conf,may,T2,cfnai,-6,71,-0.1008,0.403,0.0482,0.6899
press_conf,may,T2,cfnai,-5,71,-0.1029,0.3931,-0.0107,0.9294
press_conf,may,T2,cfnai,-4,71,-0.08,0.5071,-0.0095,0.9375
press_conf,may,T2,cfnai,-3,71,-0.0751,0.5337,0.0022,0.9855
press_conf,may,T2,cfnai,-2,71,-0.0533,0.659,-0.0507,0.6744
press_conf,may,T2,cfnai,-1,71,-0.0155,0.8982,-0.066,0.5844
press_conf,may,T2,cfnai,0,71,-0.0114,0.9248,-0.0151,0.9003
press_conf,may,T2,cfnai,1,71,0.0307,0.7993,-0.031,0.7972
press_conf,may,T2,cfnai,2,71,-0.0589,0.6254,-0.0156,0.8969
press_conf,may,T2,cfnai,3,71,-0.0121,0.9204,-0.0253,0.8339
press_conf,may,T2,cfnai,4,70,-0.0339,0.7807,-0.065,0.5927
press_conf,may,T2,cfnai,5,69,-0.0291,0.8124,-0.0912,0.456
press_conf,may,T2,cfnai,6,69,0.0356,0.7715,-0.0264,0.8298
press_conf,may,T2,cfnai,7,68,0.1609,0.19,0.0517,0.6756
press_conf,may,T2,cfnai,8,67,0.2205,0.073,0.1504,0.2245
press_conf,may,T2,cfnai,9,67,0.167,0.1767,0.1607,0.194
press_conf,may,T2,vix,-9,71,0.1002,0.4056,0.0655,0.5876
press_conf,may,T2,vix,-8,71,0.1181,0.3266,0.1029,0.3931
press_conf,may,T2,vix,-7,71,0.0861,0.4752,0.1085,0.3678
press_conf,may,T2,vix,-6,71,0.1184,0.3256,0.1344,0.2639
press_conf,may,T2,vix,-5,71,-0.0326,0.787,0.0097,0.9358
press_conf,may,T2,vix,-4,71,-0.0634,0.5991,0.0051,0.9661
press_conf,may,T2,vix,-3,71,-0.0234,0.8466,-0.0418,0.7296
press_conf,may,T2,vix,-2,71,0.0486,0.6871,0.0696,0.564
press_conf,may,T2,vix,-1,71,-0.06,0.6192,-0.119,0.3227
press_conf,may,T2,vix,0,71,-0.1571,0.1906,-0.1274,0.2897
press_conf,may,T2,vix,1,71,-0.1686,0.1599,-0.1885,0.1154
press_conf,may,T2,vix,2,71,-0.0395,0.7438,-0.106,0.3791
press_conf,may,T2,vix,3,71,-0.0765,0.5258,-0.0973,0.4198
press_conf,may,T2,vix,4,70,-0.1372,0.2574,-0.1264,0.2971
press_conf,may,T2,vix,5,69,-0.0836,0.4948,-0.0942,0.4416
press_conf,may,T2,vix,6,69,-0.2175,0.0726,-0.1626,0.182
press_conf,may,T2,vix,7,68,-0.3058,0.0112,-0.285,0.0185
press_conf,may,T2,vix,8,67,-0.1964,0.1111,-0.2326,0.0582
press_conf,may,T2,vix,9,67,-0.0658,0.597,-0.192,0.1196
press_conf,should,T1,cfnai,-9,80,0.0572,0.6143,-0.0294,0.7956
press_conf,should,T1,cfnai,-8,80,0.0238,0.8342,0.0775,0.4945
press_conf,should,T1,cfnai,-7,80,-0.0636,0.5751,0.058,0.6096
press_conf,should,T1,cfnai,-6,80,-0.1365,0.2273,0.0149,0.896
press_conf,should,T1,cfnai,-5,80,-0.0744,0.512,0.0784,0.4894
press_conf,should,T1,cfnai,-4,80,-0.0049,0.9655,0.1108,0.328
press_conf,should,T1,cfnai,-3,80,0.0046,0.9675,0.1394,0.2176
press_conf,should,T1,cfnai,-2,80,0.0929,0.4123,0.1735,0.1238
press_conf,should,T1,cfnai,-1,80,0.1294,0.2525,0.1441,0.2021
press_conf,should,T1,cfnai,0,80,0.1083,0.3388,0.2308,0.0394
press_conf,should,T1,cfnai,1,80,0.0969,0.3925,0.2954,0.0078
press_conf,should,T1,cfnai,2,80,0.1119,0.3231,0.2978,0.0073
press_conf,should,T1,cfnai,3,80,0.1177,0.2986,0.2527,0.0237
press_conf,should,T1,cfnai,4,79,0.0132,0.9084,0.2112,0.0617
press_conf,should,T1,cfnai,5,78,0.0273,0.8127,0.1885,0.0984
press_conf,should,T1,cfnai,6,78,0.0267,0.8165,0.2427,0.0323
press_conf,should,T1,cfnai,7,77,0.0691,0.5502,0.1867,0.1041
press_conf,should,T1,cfnai,8,76,0.1284,0.269,0.226,0.0497
press_conf,should,T1,cfnai,9,76,0.1103,0.343,0.2015,0.0809
press_conf,should,T1,vix,-9,80,-0.1144,0.3123,-0.2147,0.0559
press_conf,should,T1,vix,-8,80,0.0024,0.9834,-0.1202,0.2883
press_conf,should,T1,vix,-7,80,-0.0775,0.4947,-0.1071,0.3445
press_conf,should,T1,vix,-6,80,0.029,0.7987,-0.0013,0.9912
press_conf,should,T1,vix,-5,80,-0.0048,0.9662,0.0131,0.9084
press_conf,should,T1,vix,-4,80,0.0411,0.7175,0.0696,0.5398
press_conf,should,T1,vix,-3,80,-0.0235,0.8362,0.0233,0.8374
press_conf,should,T1,vix,-2,80,-0.0475,0.6756,0.032,0.7779
press_conf,should,T1,vix,-1,80,0.0346,0.7606,0.036,0.7511
press_conf,should,T1,vix,0,80,-0.0224,0.8434,0.0859,0.4489
press_conf,should,T1,vix,1,80,-0.1008,0.3737,-0.0567,0.6176
press_conf,should,T1,vix,2,80,-0.0843,0.4572,0.0083,0.942
press_conf,should,T1,vix,3,80,-0.0137,0.9037,0.0501,0.6588
press_conf,should,T1,vix,4,79,-0.0372,0.745,0.0615,0.5902
press_conf,should,T1,vix,5,78,-0.0276,0.8104,0.0976,0.3953
press_conf,should,T1,vix,6,78,-0.042,0.715,0.1407,0.2192
press_conf,should,T1,vix,7,77,-0.0525,0.6501,-0.0005,0.9963
press_conf,should,T1,vix,8,76,-0.0589,0.6135,-0.0239,0.8379
press_conf,should,T1,vix,9,76,-0.0584,0.6164,-0.0601,0.6058
press_conf,should,T2,cfnai,-9,71,0.0739,0.5405,0.0203,0.8667
press_conf,should,T2,cfnai,-8,71,0.1186,0.3246,0.1361,0.2578
press_conf,should,T2,cfnai,-7,71,0.088,0.4657,0.1337,0.2665
press_conf,should,T2,cfnai,-6,71,-0.0678,0.5742,0.099,0.4114
press_conf,should,T2,cfnai,-5,71,-0.0292,0.8088,0.1295,0.2816
press_conf,should,T2,cfnai,-4,71,-0.0074,0.9512,0.105,0.3836
press_conf,should,T2,cfnai,-3,71,0.0755,0.5314,0.1114,0.355
press_conf,should,T2,cfnai,-2,71,0.0375,0.7561,0.1019,0.3976
press_conf,should,T2,cfnai,-1,71,0.0817,0.4981,0.0657,0.5862
press_conf,should,T2,cfnai,0,71,0.0799,0.5078,0.133,0.2687
press_conf,should,T2,cfnai,1,71,0.208,0.0817,0.2544,0.0323
press_conf,should,T2,cfnai,2,71,0.2028,0.0898,0.2669,0.0245
press_conf,should,T2,cfnai,3,71,0.1253,0.2979,0.2062,0.0845
press_conf,should,T2,cfnai,4,70,0.0117,0.9235,0.1868,0.1216
press_conf,should,T2,cfnai,5,69,0.0505,0.6803,0.1641,0.1778
press_conf,should,T2,cfnai,6,69,0.0803,0.5121,0.2642,0.0282
press_conf,should,T2,cfnai,7,68,0.1085,0.3786,0.2154,0.0778
press_conf,should,T2,cfnai,8,67,0.1323,0.286,0.2029,0.0996
press_conf,should,T2,cfnai,9,67,0.1243,0.3164,0.2167,0.0782
press_conf,should,T2,vix,-9,71,-0.2209,0.0641,-0.2874,0.0151
press_conf,should,T2,vix,-8,71,-0.1169,0.3315,-0.1823,0.1282
press_conf,should,T2,vix,-7,71,-0.1841,0.1244,-0.2051,0.0862
press_conf,should,T2,vix,-6,71,-0.1277,0.2885,-0.1231,0.3065
press_conf,should,T2,vix,-5,71,-0.1278,0.2882,-0.0885,0.463
press_conf,should,T2,vix,-4,71,-0.0831,0.4906,-0.0317,0.7933
press_conf,should,T2,vix,-3,71,-0.0844,0.4838,-0.0737,0.5413
press_conf,should,T2,vix,-2,71,-0.1308,0.2769,-0.0768,0.5242
press_conf,should,T2,vix,-1,71,0.0067,0.9559,-0.0511,0.6721
press_conf,should,T2,vix,0,71,0.0203,0.8668,0.0351,0.7713
press_conf,should,T2,vix,1,71,-0.128,0.2872,-0.112,0.3525
press_conf,should,T2,vix,2,71,-0.0696,0.5641,-0.0231,0.8485
press_conf,should,T2,vix,3,71,0.0234,0.8466,0.039,0.7468
press_conf,should,T2,vix,4,70,-0.0112,0.927,0.0762,0.5309
press_conf,should,T2,vix,5,69,-0.0082,0.9465,0.1244,0.3084
press_conf,should,T2,vix,6,69,-0.0256,0.8345,0.1751,0.1501
press_conf,should,T2,vix,7,68,-0.0136,0.9124,0.0347,0.779
press_conf,should,T2,vix,8,67,-0.0339,0.7852,-0.0088,0.9438
press_conf,should,T2,vix,9,67,-0.0309,0.804,-0.0348,0.7798
press_conf,will,T1,cfnai,-9,80,0.0695,0.5403,0.1386,0.2201
press_conf,will,T1,cfnai,-8,80,0.1056,0.3514,0.2757,0.0133
press_conf,will,T1,cfnai,-7,80,0.0824,0.4672,0.2219,0.0479
press_conf,will,T1,cfnai,-6,80,0.06,0.597,0.137,0.2255
press_conf,will,T1,cfnai,-5,80,-0.0439,0.6992,0.1513,0.1804
press_conf,will,T1,cfnai,-4,80,-0.0658,0.5618,0.1147,0.3111
press_conf,will,T1,cfnai,-3,80,0.0405,0.7215,0.1231,0.2767
press_conf,will,T1,cfnai,-2,80,0.14,0.2156,0.1239,0.2736
press_conf,will,T1,cfnai,-1,80,0.0816,0.4718,0.106,0.3495
press_conf,will,T1,cfnai,0,80,-0.2924,0.0085,0.05,0.6595
press_conf,will,T1,cfnai,1,80,-0.4131,0.0001,-0.0142,0.9007
press_conf,will,T1,cfnai,2,80,-0.4031,0.0002,-0.1113,0.3255
press_conf,will,T1,cfnai,3,80,-0.0508,0.6543,-0.03,0.7914
press_conf,will,T1,cfnai,4,79,0.2598,0.0208,0.1294,0.2557
press_conf,will,T1,cfnai,5,78,0.3018,0.0073,0.1378,0.2288
press_conf,will,T1,cfnai,6,78,0.3104,0.0057,0.211,0.0636
press_conf,will,T1,cfnai,7,77,0.1863,0.1047,0.1193,0.3015
press_conf,will,T1,cfnai,8,76,0.1472,0.2045,0.0827,0.4773
press_conf,will,T1,cfnai,9,76,-0.0137,0.9065,0.0772,0.5074
press_conf,will,T1,vix,-9,80,0.1944,0.084,0.1741,0.1226
press_conf,will,T1,vix,-8,80,0.1724,0.1263,0.2618,0.019
press_conf,will,T1,vix,-7,80,0.2293,0.0408,0.2718,0.0147
press_conf,will,T1,vix,-6,80,0.2464,0.0276,0.2574,0.0212
press_conf,will,T1,vix,-5,80,0.2534,0.0234,0.2564,0.0217
press_conf,will,T1,vix,-4,80,0.1371,0.2251,0.1886,0.0938
press_conf,will,T1,vix,-3,80,0.1011,0.3722,0.1761,0.1182
press_conf,will,T1,vix,-2,80,0.1645,0.1447,0.2441,0.0291
press_conf,will,T1,vix,-1,80,0.3377,0.0022,0.2995,0.007
press_conf,will,T1,vix,0,80,0.5183,0.0,0.3567,0.0012
press_conf,will,T1,vix,1,80,0.514,0.0,0.3851,0.0004
press_conf,will,T1,vix,2,80,0.3514,0.0014,0.2627,0.0186
press_conf,will,T1,vix,3,80,0.2062,0.0664,0.2149,0.0556
press_conf,will,T1,vix,4,79,0.2061,0.0684,0.1777,0.1172
press_conf,will,T1,vix,5,78,0.1479,0.1964,0.3116,0.0055
press_conf,will,T1,vix,6,78,0.2159,0.0576,0.3067,0.0063
press_conf,will,T1,vix,7,77,0.31,0.0061,0.3059,0.0068
press_conf,will,T1,vix,8,76,0.2809,0.014,0.3412,0.0026
press_conf,will,T1,vix,9,76,0.0802,0.4908,0.1459,0.2086
press_conf,will,T2,cfnai,-9,71,0.1099,0.3614,0.2623,0.0271
press_conf,will,T2,cfnai,-8,71,0.2375,0.0461,0.3554,0.0024
press_conf,will,T2,cfnai,-7,71,0.247,0.0378,0.2923,0.0134
press_conf,will,T2,cfnai,-6,71,0.2044,0.0873,0.2974,0.0118
press_conf,will,T2,cfnai,-5,71,0.1752,0.1439,0.2875,0.015
press_conf,will,T2,cfnai,-4,71,0.2291,0.0546,0.294,0.0128
press_conf,will,T2,cfnai,-3,71,0.268,0.0238,0.2694,0.0231
press_conf,will,T2,cfnai,-2,71,0.2246,0.0597,0.1393,0.2466
press_conf,will,T2,cfnai,-1,71,0.2134,0.0739,0.1554,0.1956
press_conf,will,T2,cfnai,0,71,0.1825,0.1277,0.1464,0.2233
press_conf,will,T2,cfnai,1,71,0.2296,0.0541,0.1055,0.3812
press_conf,will,T2,cfnai,2,71,0.1268,0.292,0.0264,0.8269
press_conf,will,T2,cfnai,3,71,0.0615,0.6105,-0.0016,0.9897
press_conf,will,T2,cfnai,4,70,0.0517,0.6707,0.0473,0.6972
press_conf,will,T2,cfnai,5,69,0.1045,0.3928,0.0867,0.4787
press_conf,will,T2,cfnai,6,69,0.1886,0.1207,0.0803,0.5121
press_conf,will,T2,cfnai,7,68,0.095,0.441,-0.0515,0.6764
press_conf,will,T2,cfnai,8,67,0.0354,0.7761,-0.0983,0.4288
press_conf,will,T2,cfnai,9,67,-0.1171,0.3455,-0.0804,0.5179
press_conf,will,T2,vix,-9,71,0.3634,0.0018,0.2856,0.0157
press_conf,will,T2,vix,-8,71,0.3953,0.0006,0.3544,0.0024
press_conf,will,T2,vix,-7,71,0.3465,0.0031,0.2935,0.013
press_conf,will,T2,vix,-6,71,0.3326,0.0046,0.3043,0.0099
press_conf,will,T2,vix,-5,71,0.3684,0.0016,0.3198,0.0066
press_conf,will,T2,vix,-4,71,0.419,0.0003,0.3105,0.0084
press_conf,will,T2,vix,-3,71,0.3308,0.0048,0.2938,0.0129
press_conf,will,T2,vix,-2,71,0.3357,0.0042,0.3602,0.002
press_conf,will,T2,vix,-1,71,0.2506,0.035,0.3297,0.005
press_conf,will,T2,vix,0,71,0.3284,0.0052,0.3386,0.0039
press_conf,will,T2,vix,1,71,0.324,0.0058,0.3196,0.0066
press_conf,will,T2,vix,2,71,0.1603,0.1817,0.1512,0.208
press_conf,will,T2,vix,3,71,0.0417,0.73,0.1312,0.2755
press_conf,will,T2,vix,4,70,0.0805,0.5079,0.0906,0.4555
press_conf,will,T2,vix,5,69,0.0414,0.7357,0.2486,0.0394
press_conf,will,T2,vix,6,69,0.0978,0.424,0.2427,0.0445
press_conf,will,T2,vix,7,68,0.2018,0.0988,0.2492,0.0404
press_conf,will,T2,vix,8,67,0.24,0.0504,0.2849,0.0194
press_conf,will,T2,vix,9,67,0.0154,0.9013,0.0764,0.539
press_conf,will+continue,T1,cfnai,-9,80,-0.0305,0.7884,0.0007,0.9953
press_conf,will+continue,T1,cfnai,-8,80,-0.0215,0.8497,-0.0148,0.8966
press_conf,will+continue,T1,cfnai,-7,80,-0.029,0.7986,0.0198,0.8614
press_conf,will+continue,T1,cfnai,-6,80,-0.0537,0.6359,-0.0225,0.8431
press_conf,will+continue,T1,cfnai,-5,80,-0.1215,0.2831,-0.0138,0.9033
press_conf,will+continue,T1,cfnai,-4,80,-0.0811,0.4743,0.0158,0.8896
press_conf,will+continue,T1,cfnai,-3,80,-0.0013,0.9912,-0.0194,0.8645
press_conf,will+continue,T1,cfnai,-2,80,0.0643,0.5707,0.017,0.8811
press_conf,will+continue,T1,cfnai,-1,80,0.0401,0.7241,0.0037,0.9739
press_conf,will+continue,T1,cfnai,0,80,-0.0867,0.4444,0.0131,0.9081
press_conf,will+continue,T1,cfnai,1,80,-0.1957,0.082,0.0621,0.5842
press_conf,will+continue,T1,cfnai,2,80,-0.2167,0.0536,0.0195,0.8633
press_conf,will+continue,T1,cfnai,3,80,-0.0769,0.498,0.0951,0.4015
press_conf,will+continue,T1,cfnai,4,79,0.2369,0.0355,0.2275,0.0438
press_conf,will+continue,T1,cfnai,5,78,0.2898,0.0101,0.2591,0.022
press_conf,will+continue,T1,cfnai,6,78,0.1957,0.086,0.3335,0.0028
press_conf,will+continue,T1,cfnai,7,77,-0.0253,0.8273,0.115,0.3193
press_conf,will+continue,T1,cfnai,8,76,-0.0686,0.5561,0.0581,0.6181
press_conf,will+continue,T1,cfnai,9,76,-0.0722,0.5354,0.0393,0.7358
press_conf,will+continue,T1,vix,-9,80,-0.0498,0.6612,-0.0097,0.9317
press_conf,will+continue,T1,vix,-8,80,-0.0607,0.5925,-0.0206,0.8558
press_conf,will+continue,T1,vix,-7,80,-0.0558,0.6228,-0.0329,0.7718
press_conf,will+continue,T1,vix,-6,80,0.0398,0.726,0.0621,0.5845
press_conf,will+continue,T1,vix,-5,80,-0.0009,0.9939,0.0406,0.7207
press_conf,will+continue,T1,vix,-4,80,-0.0695,0.5402,-0.0481,0.6721
press_conf,will+continue,T1,vix,-3,80,-0.0221,0.8454,0.0053,0.9625
press_conf,will+continue,T1,vix,-2,80,-0.0693,0.5414,0.0169,0.8815
press_conf,will+continue,T1,vix,-1,80,0.05,0.6599,0.2194,0.0505
press_conf,will+continue,T1,vix,0,80,0.2414,0.031,0.2389,0.0328
press_conf,will+continue,T1,vix,1,80,0.1524,0.1772,0.1274,0.2599
press_conf,will+continue,T1,vix,2,80,0.0367,0.7465,-0.0612,0.5897
press_conf,will+continue,T1,vix,3,80,-0.1248,0.27,-0.1424,0.2077
press_conf,will+continue,T1,vix,4,79,-0.0634,0.5787,-0.1091,0.3385
press_conf,will+continue,T1,vix,5,78,-0.0165,0.8863,0.0055,0.9621
press_conf,will+continue,T1,vix,6,78,0.0732,0.5244,0.0688,0.5492
press_conf,will+continue,T1,vix,7,77,0.1134,0.3262,0.1152,0.3184
press_conf,will+continue,T1,vix,8,76,0.027,0.817,0.027,0.8167
press_conf,will+continue,T1,vix,9,76,-0.1026,0.3779,-0.1157,0.3198
press_conf,will+continue,T2,cfnai,-9,71,-0.0235,0.8459,0.1048,0.3843
press_conf,will+continue,T2,cfnai,-8,71,-0.0115,0.9241,0.065,0.59
press_conf,will+continue,T2,cfnai,-7,71,0.013,0.9141,0.1042,0.3871
press_conf,will+continue,T2,cfnai,-6,71,0.0309,0.7984,0.109,0.3654
press_conf,will+continue,T2,cfnai,-5,71,0.0238,0.8437,0.0972,0.4201
press_conf,will+continue,T2,cfnai,-4,71,0.0189,0.8759,0.1119,0.3528
press_conf,will+continue,T2,cfnai,-3,71,0.0492,0.6837,0.0726,0.5475
press_conf,will+continue,T2,cfnai,-2,71,0.0648,0.5913,0.0226,0.8515
press_conf,will+continue,T2,cfnai,-1,71,0.0307,0.7996,0.0225,0.8521
press_conf,will+continue,T2,cfnai,0,71,0.0306,0.8001,0.0452,0.7084
press_conf,will+continue,T2,cfnai,1,71,0.1145,0.3415,0.0803,0.5058
press_conf,will+continue,T2,cfnai,2,71,0.0679,0.5738,0.0501,0.6784
press_conf,will+continue,T2,cfnai,3,71,0.1484,0.2169,0.1173,0.33
press_conf,will+continue,T2,cfnai,4,70,0.1798,0.1365,0.1876,0.1199
press_conf,will+continue,T2,cfnai,5,69,0.2157,0.0751,0.2568,0.0332
press_conf,will+continue,T2,cfnai,6,69,0.1079,0.3776,0.253,0.036
press_conf,will+continue,T2,cfnai,7,68,-0.1144,0.353,-0.0113,0.9269
press_conf,will+continue,T2,cfnai,8,67,-0.1669,0.1771,-0.0696,0.5755
press_conf,will+continue,T2,cfnai,9,67,-0.1397,0.2594,-0.0933,0.4529
press_conf,will+continue,T2,vix,-9,71,-0.0164,0.8919,0.0639,0.5968
press_conf,will+continue,T2,vix,-8,71,-0.0749,0.5346,-0.0059,0.9611
press_conf,will+continue,T2,vix,-7,71,-0.1093,0.3643,-0.043,0.7215
press_conf,will+continue,T2,vix,-6,71,-0.0552,0.6476,0.0639,0.5968
press_conf,will+continue,T2,vix,-5,71,-0.0647,0.5917,0.0325,0.7877
press_conf,will+continue,T2,vix,-4,71,-0.0717,0.5522,-0.0551,0.6479
press_conf,will+continue,T2,vix,-3,71,-0.0584,0.6288,-0.0073,0.9521
press_conf,will+continue,T2,vix,-2,71,-0.1037,0.3892,-0.0036,0.976
press_conf,will+continue,T2,vix,-1,71,-0.0021,0.9862,0.1908,0.1109
press_conf,will+continue,T2,vix,0,71,0.0064,0.9576,0.1889,0.1146
press_conf,will+continue,T2,vix,1,71,-0.1001,0.4061,0.023,0.8493
press_conf,will+continue,T2,vix,2,71,-0.2275,0.0564,-0.2297,0.0539
press_conf,will+continue,T2,vix,3,71,-0.3093,0.0087,-0.2999,0.0111
press_conf,will+continue,T2,vix,4,70,-0.2201,0.0671,-0.2543,0.0337
press_conf,will+continue,T2,vix,5,69,-0.0895,0.4644,-0.1093,0.3712
press_conf,will+continue,T2,vix,6,69,-0.0034,0.9778,-0.0303,0.8046
press_conf,will+continue,T2,vix,7,68,0.0225,0.8553,0.048,0.6974
press_conf,will+continue,T2,vix,8,67,-0.0335,0.7878,-0.0589,0.6356
press_conf,will+continue,T2,vix,9,67,-0.1497,0.2265,-0.1912,0.1211
press_conf,will+have,T1,cfnai,-9,80,0.1575,0.1631,0.0609,0.5916
press_conf,will+have,T1,cfnai,-8,80,0.2079,0.0643,0.0805,0.478
press_conf,will+have,T1,cfnai,-7,80,0.1924,0.0873,0.0742,0.513
press_conf,will+have,T1,cfnai,-6,80,0.0705,0.5344,0.0278,0.8063
press_conf,will+have,T1,cfnai,-5,80,-0.003,0.9792,0.0397,0.7269
press_conf,will+have,T1,cfnai,-4,80,-0.0544,0.6315,-0.031,0.7849
press_conf,will+have,T1,cfnai,-3,80,0.0787,0.4878,-0.1119,0.323
press_conf,will+have,T1,cfnai,-2,80,0.002,0.9856,-0.2882,0.0095
press_conf,will+have,T1,cfnai,-1,80,-0.014,0.9016,-0.1862,0.0982
press_conf,will+have,T1,cfnai,0,80,-0.06,0.5969,-0.1819,0.1063
press_conf,will+have,T1,cfnai,1,80,0.0969,0.3924,-0.1199,0.2894
press_conf,will+have,T1,cfnai,2,80,0.1101,0.3311,-0.1425,0.2073
press_conf,will+have,T1,cfnai,3,80,-0.034,0.7649,-0.1522,0.1776
press_conf,will+have,T1,cfnai,4,79,-0.2767,0.0136,-0.2992,0.0074
press_conf,will+have,T1,cfnai,5,78,-0.2813,0.0126,-0.2781,0.0137
press_conf,will+have,T1,cfnai,6,78,-0.0107,0.9261,-0.2767,0.0142
press_conf,will+have,T1,cfnai,7,77,0.1077,0.3513,-0.1705,0.1382
press_conf,will+have,T1,cfnai,8,76,0.058,0.6187,-0.1402,0.2271
press_conf,will+have,T1,cfnai,9,76,-0.0484,0.6782,-0.1038,0.3721
press_conf,will+have,T1,vix,-9,80,0.0903,0.4257,0.2247,0.045
press_conf,will+have,T1,vix,-8,80,0.0318,0.7795,0.1653,0.1429
press_conf,will+have,T1,vix,-7,80,0.0771,0.4966,0.103,0.363
press_conf,will+have,T1,vix,-6,80,0.001,0.9929,0.0388,0.7326
press_conf,will+have,T1,vix,-5,80,0.0138,0.9032,0.0246,0.8288
press_conf,will+have,T1,vix,-4,80,-0.0707,0.5334,0.0391,0.7304
press_conf,will+have,T1,vix,-3,80,-0.0067,0.9532,0.074,0.5142
press_conf,will+have,T1,vix,-2,80,-0.0336,0.767,0.0365,0.7476
press_conf,will+have,T1,vix,-1,80,-0.0917,0.4185,-0.0766,0.4992
press_conf,will+have,T1,vix,0,80,-0.2265,0.0433,-0.1484,0.1889
press_conf,will+have,T1,vix,1,80,-0.1958,0.0818,-0.1016,0.37
press_conf,will+have,T1,vix,2,80,-0.1308,0.2474,-0.0976,0.3889
press_conf,will+have,T1,vix,3,80,0.0275,0.8089,-0.0178,0.8757
press_conf,will+have,T1,vix,4,79,-0.0458,0.6885,-0.1066,0.3499
press_conf,will+have,T1,vix,5,78,-0.064,0.578,0.0504,0.6614
press_conf,will+have,T1,vix,6,78,-0.1187,0.3007,-0.0659,0.5664
press_conf,will+have,T1,vix,7,77,-0.1662,0.1487,-0.1142,0.3226
press_conf,will+have,T1,vix,8,76,-0.0992,0.3939,-0.0818,0.4826
press_conf,will+have,T1,vix,9,76,-0.1758,0.1287,-0.1266,0.2757
press_conf,will+have,T2,cfnai,-9,71,0.1357,0.2592,-0.0595,0.622
press_conf,will+have,T2,cfnai,-8,71,0.1419,0.2379,-0.0192,0.8737
press_conf,will+have,T2,cfnai,-7,71,0.0785,0.5154,-0.029,0.8103
press_conf,will+have,T2,cfnai,-6,71,-0.1332,0.2683,-0.1111,0.3565
press_conf,will+have,T2,cfnai,-5,71,-0.1296,0.2814,-0.0539,0.6555
press_conf,will+have,T2,cfnai,-4,71,-0.1632,0.1738,-0.1079,0.3702
press_conf,will+have,T2,cfnai,-3,71,-0.1718,0.1519,-0.1954,0.1025
press_conf,will+have,T2,cfnai,-2,71,-0.2925,0.0133,-0.3276,0.0053
press_conf,will+have,T2,cfnai,-1,71,-0.1569,0.1914,-0.2298,0.0539
press_conf,will+have,T2,cfnai,0,71,-0.1528,0.2033,-0.1844,0.1237
press_conf,will+have,T2,cfnai,1,71,-0.0365,0.7624,-0.1038,0.3889
press_conf,will+have,T2,cfnai,2,71,-0.1149,0.3399,-0.1644,0.1708
press_conf,will+have,T2,cfnai,3,71,-0.206,0.0848,-0.148,0.2181
press_conf,will+have,T2,cfnai,4,70,-0.2218,0.065,-0.1855,0.1241
press_conf,will+have,T2,cfnai,5,69,-0.1717,0.1584,-0.1581,0.1943
press_conf,will+have,T2,cfnai,6,69,0.1058,0.3869,-0.1573,0.1968
press_conf,will+have,T2,cfnai,7,68,0.1737,0.1566,-0.0798,0.5177
press_conf,will+have,T2,cfnai,8,67,0.1433,0.2474,-0.0058,0.9629
press_conf,will+have,T2,cfnai,9,67,-0.0025,0.984,0.0456,0.714
press_conf,will+have,T2,vix,-9,71,0.1784,0.1366,0.2337,0.0498
press_conf,will+have,T2,vix,-8,71,0.1561,0.1936,0.1644,0.1707
press_conf,will+have,T2,vix,-7,71,0.1948,0.1035,0.1776,0.1385
press_conf,will+have,T2,vix,-6,71,0.1114,0.355,0.0896,0.4573
press_conf,will+have,T2,vix,-5,71,0.1084,0.3682,0.0871,0.4699
press_conf,will+have,T2,vix,-4,71,0.1112,0.3559,0.0976,0.4182
press_conf,will+have,T2,vix,-3,71,0.1604,0.1816,0.1542,0.1991
press_conf,will+have,T2,vix,-2,71,0.0848,0.4822,0.1365,0.2563
press_conf,will+have,T2,vix,-1,71,0.0487,0.6869,0.057,0.6367
press_conf,will+have,T2,vix,0,71,-0.0116,0.9233,0.0061,0.9599
press_conf,will+have,T2,vix,1,71,0.0029,0.981,0.0553,0.6471
press_conf,will+have,T2,vix,2,71,0.0147,0.9034,0.056,0.6429
press_conf,will+have,T2,vix,3,71,0.1725,0.1502,0.133,0.2688
press_conf,will+have,T2,vix,4,70,0.0616,0.6124,-0.0107,0.93
press_conf,will+have,T2,vix,5,69,-0.021,0.864,0.1631,0.1805
press_conf,will+have,T2,vix,6,69,-0.0567,0.6433,0.0425,0.7288
press_conf,will+have,T2,vix,7,68,-0.0971,0.4309,-0.0359,0.7716
press_conf,will+have,T2,vix,8,67,-0.066,0.5958,-0.0141,0.9099
press_conf,will+have,T2,vix,9,67,-0.1852,0.1335,-0.1063,0.3919
press_conf,will+take,T1,cfnai,-9,80,0.052,0.6468,-0.0536,0.6365
press_conf,will+take,T1,cfnai,-8,80,-0.0317,0.78,-0.0466,0.6815
press_conf,will+take,T1,cfnai,-7,80,-0.1113,0.3257,-0.1565,0.1656
press_conf,will+take,T1,cfnai,-6,80,-0.1265,0.2634,-0.1432,0.2049
press_conf,will+take,T1,cfnai,-5,80,-0.0098,0.9315,-0.0946,0.4041
press_conf,will+take,T1,cfnai,-4,80,0.0782,0.4907,0.0546,0.6306
press_conf,will+take,T1,cfnai,-3,80,0.0134,0.9061,0.0175,0.8777
press_conf,will+take,T1,cfnai,-2,80,0.0191,0.8662,-0.0717,0.5276
press_conf,will+take,T1,cfnai,-1,80,-0.0156,0.8907,-0.1343,0.235
press_conf,will+take,T1,cfnai,0,80,-0.0353,0.7562,-0.0846,0.4557
press_conf,will+take,T1,cfnai,1,80,0.0336,0.7671,-0.0091,0.9362
press_conf,will+take,T1,cfnai,2,80,0.045,0.6918,0.0047,0.9669
press_conf,will+take,T1,cfnai,3,80,0.0218,0.8475,0.0769,0.4976
press_conf,will+take,T1,cfnai,4,79,-0.244,0.0303,-0.0847,0.4582
press_conf,will+take,T1,cfnai,5,78,-0.2847,0.0115,-0.1855,0.1039
press_conf,will+take,T1,cfnai,6,78,-0.0661,0.5653,-0.1934,0.0897
press_conf,will+take,T1,cfnai,7,77,0.2088,0.0684,-0.0777,0.5016
press_conf,will+take,T1,cfnai,8,76,0.2247,0.051,-0.0224,0.8478
press_conf,will+take,T1,cfnai,9,76,0.0821,0.4809,0.0256,0.8259
press_conf,will+take,T1,vix,-9,80,0.2608,0.0195,0.2595,0.0201
press_conf,will+take,T1,vix,-8,80,0.3372,0.0022,0.3452,0.0017
press_conf,will+take,T1,vix,-7,80,0.3892,0.0004,0.3446,0.0017
press_conf,will+take,T1,vix,-6,80,0.2504,0.0251,0.3228,0.0035
press_conf,will+take,T1,vix,-5,80,0.2202,0.0496,0.2839,0.0107
press_conf,will+take,T1,vix,-4,80,0.301,0.0067,0.4039,0.0002
press_conf,will+take,T1,vix,-3,80,0.2223,0.0475,0.3645,0.0009
press_conf,will+take,T1,vix,-2,80,0.3048,0.006,0.3823,0.0005
press_conf,will+take,T1,vix,-1,80,0.2282,0.0417,0.2905,0.009
press_conf,will+take,T1,vix,0,80,0.0105,0.9262,0.1831,0.1041
press_conf,will+take,T1,vix,1,80,-0.0209,0.854,0.104,0.3585
press_conf,will+take,T1,vix,2,80,0.0376,0.7405,0.1709,0.1296
press_conf,will+take,T1,vix,3,80,0.2742,0.0138,0.3161,0.0043
press_conf,will+take,T1,vix,4,79,0.275,0.0142,0.3224,0.0038
press_conf,will+take,T1,vix,5,78,0.1211,0.2911,0.2772,0.014
press_conf,will+take,T1,vix,6,78,-0.0389,0.7355,0.1052,0.3592
press_conf,will+take,T1,vix,7,77,-0.0971,0.4007,-0.0239,0.8369
press_conf,will+take,T1,vix,8,76,-0.0189,0.8712,0.0546,0.6395
press_conf,will+take,T1,vix,9,76,-0.0362,0.756,0.0864,0.4579
press_conf,will+take,T2,cfnai,-9,71,0.0688,0.5685,0.0031,0.9798
press_conf,will+take,T2,cfnai,-8,71,0.0549,0.6493,0.003,0.9799
press_conf,will+take,T2,cfnai,-7,71,-0.0026,0.9825,-0.0892,0.4595
press_conf,will+take,T2,cfnai,-6,71,-0.0778,0.5189,-0.103,0.3925
press_conf,will+take,T2,cfnai,-5,71,-0.1259,0.2953,-0.1075,0.3722
press_conf,will+take,T2,cfnai,-4,71,-0.0333,0.7827,0.0176,0.8844
press_conf,will+take,T2,cfnai,-3,71,-0.0697,0.5636,-0.0615,0.6104
press_conf,will+take,T2,cfnai,-2,71,-0.0785,0.5155,-0.1279,0.2879
press_conf,will+take,T2,cfnai,-1,71,-0.1863,0.1198,-0.1994,0.0956
press_conf,will+take,T2,cfnai,0,71,-0.2107,0.0778,-0.2206,0.0645
press_conf,will+take,T2,cfnai,1,71,-0.0922,0.4442,-0.0767,0.5247
press_conf,will+take,T2,cfnai,2,71,-0.0915,0.4478,-0.0178,0.8828
press_conf,will+take,T2,cfnai,3,71,-0.2323,0.0512,0.0092,0.9395
press_conf,will+take,T2,cfnai,4,70,-0.3429,0.0037,-0.1349,0.2656
press_conf,will+take,T2,cfnai,5,69,-0.3509,0.0031,-0.275,0.0222
press_conf,will+take,T2,cfnai,6,69,-0.0772,0.5283,-0.3186,0.0076
press_conf,will+take,T2,cfnai,7,68,0.2345,0.0542,-0.1477,0.2294
press_conf,will+take,T2,cfnai,8,67,0.2349,0.0557,-0.1293,0.297
press_conf,will+take,T2,cfnai,9,67,0.088,0.4786,-0.0351,0.7777
press_conf,will+take,T2,vix,-9,71,0.2622,0.0272,0.2561,0.0311
press_conf,will+take,T2,vix,-8,71,0.3568,0.0023,0.3151,0.0074
press_conf,will+take,T2,vix,-7,71,0.4096,0.0004,0.3411,0.0036
press_conf,will+take,T2,vix,-6,71,0.3211,0.0063,0.3048,0.0097
press_conf,will+take,T2,vix,-5,71,0.2307,0.0529,0.2579,0.0299
press_conf,will+take,T2,vix,-4,71,0.3861,0.0009,0.3963,0.0006
press_conf,will+take,T2,vix,-3,71,0.3635,0.0018,0.3684,0.0016
press_conf,will+take,T2,vix,-2,71,0.3631,0.0019,0.3663,0.0017
press_conf,will+take,T2,vix,-1,71,0.2433,0.0409,0.2728,0.0214
press_conf,will+take,T2,vix,0,71,0.1273,0.2903,0.1941,0.1048
press_conf,will+take,T2,vix,1,71,0.0277,0.8185,0.0886,0.4625
press_conf,will+take,T2,vix,2,71,0.0582,0.63,0.1566,0.1921
press_conf,will+take,T2,vix,3,71,0.3391,0.0038,0.3517,0.0026
press_conf,will+take,T2,vix,4,70,0.3448,0.0035,0.3632,0.002
press_conf,will+take,T2,vix,5,69,0.1331,0.2756,0.2971,0.0132
press_conf,will+take,T2,vix,6,69,-0.0327,0.7894,0.1154,0.3449
press_conf,will+take,T2,vix,7,68,-0.0732,0.5528,-0.007,0.9551
press_conf,will+take,T2,vix,8,67,-0.0003,0.9981,0.0711,0.5673
press_conf,will+take,T2,vix,9,67,-0.0328,0.7922,0.1117,0.3682
press_conf,would,T1,cfnai,-9,80,0.2037,0.07,0.242,0.0305
press_conf,would,T1,cfnai,-8,80,0.0866,0.4451,0.2124,0.0586
press_conf,would,T1,cfnai,-7,80,0.1068,0.3459,0.1878,0.0953
press_conf,would,T1,cfnai,-6,80,-0.0001,0.9991,0.0709,0.532
press_conf,would,T1,cfnai,-5,80,0.0049,0.9653,0.2033,0.0705
press_conf,would,T1,cfnai,-4,80,-0.0196,0.8631,0.2498,0.0254
press_conf,would,T1,cfnai,-3,80,0.1324,0.2418,0.27,0.0154
press_conf,would,T1,cfnai,-2,80,0.149,0.1873,0.2001,0.0751
press_conf,would,T1,cfnai,-1,80,0.1591,0.1587,0.1521,0.178
press_conf,would,T1,cfnai,0,80,0.08,0.4805,0.0596,0.5997
press_conf,would,T1,cfnai,1,80,0.1425,0.2075,0.1322,0.2424
press_conf,would,T1,cfnai,2,80,0.1527,0.1764,0.2471,0.0271
press_conf,would,T1,cfnai,3,80,0.0576,0.612,0.2125,0.0584
press_conf,would,T1,cfnai,4,79,-0.0446,0.6962,0.0214,0.8513
press_conf,would,T1,cfnai,5,78,-0.0701,0.5417,-0.0699,0.5433
press_conf,would,T1,cfnai,6,78,-0.1439,0.2086,-0.1001,0.3834
press_conf,would,T1,cfnai,7,77,-0.0122,0.9161,-0.0044,0.9698
press_conf,would,T1,cfnai,8,76,0.0551,0.6365,-0.0249,0.8312
press_conf,would,T1,cfnai,9,76,0.1754,0.1297,0.0186,0.8733
press_conf,would,T1,vix,-9,80,0.0678,0.5501,0.0516,0.6497
press_conf,would,T1,vix,-8,80,-0.0695,0.5403,-0.0837,0.4607
press_conf,would,T1,vix,-7,80,0.0055,0.9613,0.0254,0.8227
press_conf,would,T1,vix,-6,80,0.0741,0.5136,0.0188,0.8685
press_conf,would,T1,vix,-5,80,0.0445,0.6954,0.0144,0.8992
press_conf,would,T1,vix,-4,80,-0.0826,0.4663,-0.0204,0.8573
press_conf,would,T1,vix,-3,80,-0.0319,0.7789,0.0498,0.6612
press_conf,would,T1,vix,-2,80,-0.061,0.591,-0.0876,0.4395
press_conf,would,T1,vix,-1,80,-0.0676,0.5516,-0.0429,0.7058
press_conf,would,T1,vix,0,80,-0.1565,0.1657,-0.1031,0.3629
press_conf,would,T1,vix,1,80,-0.194,0.0847,-0.1888,0.0935
press_conf,would,T1,vix,2,80,-0.1473,0.1923,-0.1694,0.1331
press_conf,would,T1,vix,3,80,-0.0978,0.3882,-0.0621,0.5842
press_conf,would,T1,vix,4,79,-0.0833,0.4654,-0.0611,0.5929
press_conf,would,T1,vix,5,78,0.0465,0.6862,-0.0331,0.7735
press_conf,would,T1,vix,6,78,-0.1659,0.1466,-0.1771,0.1208
press_conf,would,T1,vix,7,77,-0.1921,0.0942,-0.1841,0.109
press_conf,would,T1,vix,8,76,-0.2578,0.0246,-0.3021,0.008
press_conf,would,T1,vix,9,76,-0.0822,0.4805,-0.1046,0.3686
press_conf,would,T2,cfnai,-9,71,0.2306,0.053,0.267,0.0244
press_conf,would,T2,cfnai,-8,71,0.1991,0.0959,0.2111,0.0771
press_conf,would,T2,cfnai,-7,71,0.1935,0.1058,0.1865,0.1195
press_conf,would,T2,cfnai,-6,71,-0.0744,0.5373,0.0505,0.6755
press_conf,would,T2,cfnai,-5,71,-0.0055,0.9637,0.1405,0.2426
press_conf,would,T2,cfnai,-4,71,0.1241,0.3025,0.2199,0.0654
press_conf,would,T2,cfnai,-3,71,0.2014,0.0921,0.2694,0.0231
press_conf,would,T2,cfnai,-2,71,0.0558,0.644,0.1418,0.238
press_conf,would,T2,cfnai,-1,71,0.1144,0.342,0.0716,0.5531
press_conf,would,T2,cfnai,0,71,0.0486,0.6871,0.0213,0.8599
press_conf,would,T2,cfnai,1,71,0.1913,0.11,0.1059,0.3794
press_conf,would,T2,cfnai,2,71,0.2091,0.0801,0.2665,0.0247
press_conf,would,T2,cfnai,3,71,0.2099,0.079,0.234,0.0495
press_conf,would,T2,cfnai,4,70,0.0708,0.5605,0.1147,0.3446
press_conf,would,T2,cfnai,5,69,0.0294,0.8103,0.0165,0.8932
press_conf,would,T2,cfnai,6,69,-0.0785,0.5214,-0.012,0.922
press_conf,would,T2,cfnai,7,68,0.0299,0.8085,0.0531,0.6671
press_conf,would,T2,cfnai,8,67,0.1092,0.3791,0.0651,0.6006
press_conf,would,T2,cfnai,9,67,0.231,0.06,0.1251,0.3129
press_conf,would,T2,vix,-9,71,-0.0318,0.7922,-0.0023,0.9847
press_conf,would,T2,vix,-8,71,-0.0942,0.4345,-0.1297,0.281
press_conf,would,T2,vix,-7,71,0.0076,0.9495,-0.0011,0.9925
press_conf,would,T2,vix,-6,71,-0.0424,0.7257,-0.0375,0.756
press_conf,would,T2,vix,-5,71,-0.0219,0.856,-0.0203,0.8664
press_conf,would,T2,vix,-4,71,-0.029,0.8104,-0.0532,0.6596
press_conf,would,T2,vix,-3,71,-0.0392,0.7457,0.0207,0.8642
press_conf,would,T2,vix,-2,71,-0.0785,0.5153,-0.1128,0.3491
press_conf,would,T2,vix,-1,71,0.0873,0.469,0.0026,0.9827
press_conf,would,T2,vix,0,71,-0.0319,0.7915,-0.0438,0.7169
press_conf,would,T2,vix,1,71,-0.1536,0.201,-0.1544,0.1985
press_conf,would,T2,vix,2,71,-0.055,0.6486,-0.1116,0.3541
press_conf,would,T2,vix,3,71,-0.0097,0.9359,0.0287,0.8122
press_conf,would,T2,vix,4,70,-0.0141,0.9079,0.0219,0.857
press_conf,would,T2,vix,5,69,0.0972,0.4269,0.0032,0.9793
press_conf,would,T2,vix,6,69,-0.1086,0.3742,-0.1206,0.3237
press_conf,would,T2,vix,7,68,-0.1291,0.2942,-0.117,0.342
press_conf,would,T2,vix,8,67,-0.2349,0.0557,-0.2688,0.0278
press_conf,would,T2,vix,9,67,-0.0635,0.6097,-0.0702,0.5727
press_conf,would+say,T1,cfnai,-9,80,0.1385,0.2206,0.0399,0.7251
press_conf,would+say,T1,cfnai,-8,80,0.071,0.5316,0.0491,0.6651
press_conf,would+say,T1,cfnai,-7,80,0.0418,0.713,-0.0301,0.7913
press_conf,would+say,T1,cfnai,-6,80,-0.0807,0.4767,-0.1436,0.2039
press_conf,would+say,T1,cfnai,-5,80,-0.1776,0.115,-0.1359,0.2293
press_conf,would+say,T1,cfnai,-4,80,-0.1753,0.1198,-0.1299,0.2507
press_conf,would+say,T1,cfnai,-3,80,-0.0729,0.5205,-0.1504,0.183
press_conf,would+say,T1,cfnai,-2,80,-0.011,0.9232,-0.133,0.2396
press_conf,would+say,T1,cfnai,-1,80,-0.0374,0.7421,-0.1909,0.0898
press_conf,would+say,T1,cfnai,0,80,-0.104,0.3584,-0.1676,0.1374
press_conf,would+say,T1,cfnai,1,80,-0.0635,0.5755,-0.062,0.5848
press_conf,would+say,T1,cfnai,2,80,-0.0686,0.5453,-0.0312,0.7835
press_conf,would+say,T1,cfnai,3,80,0.0295,0.795,0.0845,0.4559
press_conf,would+say,T1,cfnai,4,79,0.1227,0.2814,0.1062,0.3517
press_conf,would+say,T1,cfnai,5,78,0.1023,0.3729,0.0605,0.5988
press_conf,would+say,T1,cfnai,6,78,-0.0067,0.9534,-0.0047,0.9671
press_conf,would+say,T1,cfnai,7,77,-0.0616,0.5948,0.0151,0.8962
press_conf,would+say,T1,cfnai,8,76,-0.0447,0.7014,-0.068,0.5597
press_conf,would+say,T1,cfnai,9,76,0.0613,0.5987,-0.0221,0.8497
press_conf,would+say,T1,vix,-9,80,0.1154,0.3082,0.0672,0.5536
press_conf,would+say,T1,vix,-8,80,0.0839,0.4595,0.088,0.4376
press_conf,would+say,T1,vix,-7,80,0.1487,0.188,0.1529,0.1758
press_conf,would+say,T1,vix,-6,80,0.2777,0.0126,0.1451,0.199
press_conf,would+say,T1,vix,-5,80,0.253,0.0236,0.1772,0.1159
press_conf,would+say,T1,vix,-4,80,0.1275,0.2598,0.1467,0.1941
press_conf,would+say,T1,vix,-3,80,0.1813,0.1075,0.2027,0.0714
press_conf,would+say,T1,vix,-2,80,0.1917,0.0885,0.12,0.2889
press_conf,would+say,T1,vix,-1,80,0.1342,0.2351,0.1426,0.207
press_conf,would+say,T1,vix,0,80,0.1516,0.1795,0.1043,0.3574
press_conf,would+say,T1,vix,1,80,0.1713,0.1286,0.114,0.3139
press_conf,would+say,T1,vix,2,80,0.1731,0.1247,0.1736,0.1236
press_conf,would+say,T1,vix,3,80,0.1201,0.2885,0.1884,0.0942
press_conf,would+say,T1,vix,4,79,0.1386,0.2232,0.1456,0.2003
press_conf,would+say,T1,vix,5,78,0.1837,0.1074,0.252,0.026
press_conf,would+say,T1,vix,6,78,0.1149,0.3167,0.1226,0.285
press_conf,would+say,T1,vix,7,77,0.0925,0.4238,0.1038,0.3688
press_conf,would+say,T1,vix,8,76,-0.0041,0.9717,0.0851,0.4647
press_conf,would+say,T1,vix,9,76,0.1359,0.2416,0.1774,0.1252
press_conf,would+say,T2,cfnai,-9,71,0.1627,0.1751,0.1095,0.3633
press_conf,would+say,T2,cfnai,-8,71,0.1359,0.2586,0.0944,0.4337
press_conf,would+say,T2,cfnai,-7,71,0.0734,0.543,0.0204,0.8661
press_conf,would+say,T2,cfnai,-6,71,-0.0971,0.4203,-0.0615,0.6104
press_conf,would+say,T2,cfnai,-5,71,-0.1018,0.3984,-0.1003,0.4051
press_conf,would+say,T2,cfnai,-4,71,-0.0503,0.6769,-0.063,0.6016
press_conf,would+say,T2,cfnai,-3,71,-0.0493,0.6828,-0.0899,0.4558
press_conf,would+say,T2,cfnai,-2,71,-0.1508,0.2094,-0.1631,0.1741
press_conf,would+say,T2,cfnai,-1,71,-0.1119,0.3527,-0.2128,0.0747
press_conf,would+say,T2,cfnai,0,71,-0.1189,0.3234,-0.1534,0.2017
press_conf,would+say,T2,cfnai,1,71,-0.0162,0.8936,-0.0857,0.4775
press_conf,would+say,T2,cfnai,2,71,-0.0542,0.6533,-0.026,0.8294
press_conf,would+say,T2,cfnai,3,71,0.048,0.6911,0.0502,0.6777
press_conf,would+say,T2,cfnai,4,70,0.0476,0.6957,0.028,0.818
press_conf,would+say,T2,cfnai,5,69,0.0249,0.8392,-0.0004,0.9976
press_conf,would+say,T2,cfnai,6,69,-0.0722,0.5556,-0.1193,0.3289
press_conf,would+say,T2,cfnai,7,68,-0.1098,0.3727,-0.0988,0.423
press_conf,would+say,T2,cfnai,8,67,-0.0986,0.4271,-0.1882,0.1273
press_conf,would+say,T2,cfnai,9,67,0.0345,0.7819,-0.142,0.2516
press_conf,would+say,T2,vix,-9,71,0.1735,0.148,0.1168,0.3319
press_conf,would+say,T2,vix,-8,71,0.2051,0.0862,0.1338,0.2661
press_conf,would+say,T2,vix,-7,71,0.2176,0.0683,0.1752,0.1439
press_conf,would+say,T2,vix,-6,71,0.244,0.0403,0.1555,0.1954
press_conf,would+say,T2,vix,-5,71,0.2443,0.0401,0.1943,0.1045
press_conf,would+say,T2,vix,-4,71,0.2086,0.0809,0.1631,0.1741
press_conf,would+say,T2,vix,-3,71,0.1415,0.2391,0.2015,0.0919
press_conf,would+say,T2,vix,-2,71,0.1649,0.1695,0.0914,0.4485
press_conf,would+say,T2,vix,-1,71,0.1106,0.3584,0.0877,0.4669
press_conf,would+say,T2,vix,0,71,0.0123,0.9192,0.0022,0.9852
press_conf,would+say,T2,vix,1,71,0.0393,0.7448,0.0045,0.9703
press_conf,would+say,T2,vix,2,71,0.1765,0.1409,0.083,0.4912
press_conf,would+say,T2,vix,3,71,0.0752,0.5332,0.123,0.3069
press_conf,would+say,T2,vix,4,70,0.0726,0.5501,0.0834,0.4926
press_conf,would+say,T2,vix,5,69,0.1523,0.2116,0.1896,0.1187
press_conf,would+say,T2,vix,6,69,0.081,0.508,0.0504,0.6808
press_conf,would+say,T2,vix,7,68,0.0452,0.7144,0.0577,0.6404
press_conf,would+say,T2,vix,8,67,-0.039,0.7543,0.0351,0.7778
press_conf,would+say,T2,vix,9,67,0.1348,0.2767,0.152,0.2195
speech,ALL,T1,cfnai,-9,124,-0.059,0.5152,-0.0004,0.9961
speech,ALL,T1,cfnai,-8,124,0.02,0.8256,0.016,0.8601
speech,ALL,T1,cfnai,-7,124,-0.0128,0.8874,-0.0937,0.3006
speech,ALL,T1,cfnai,-6,124,-0.0602,0.5068,-0.148,0.1009
speech,ALL,T1,cfnai,-5,124,-0.079,0.3833,-0.1505,0.0952
speech,ALL,T1,cfnai,-4,124,-0.0263,0.7717,-0.0634,0.4839
speech,ALL,T1,cfnai,-3,124,-0.008,0.9297,-0.0719,0.4277
speech,ALL,T1,cfnai,-2,124,-0.0885,0.3286,-0.0957,0.2906
speech,ALL,T1,cfnai,-1,124,-0.1053,0.2443,-0.0831,0.3587
speech,ALL,T1,cfnai,0,124,-0.1306,0.1483,0.04,0.6594
speech,ALL,T1,cfnai,1,124,-0.064,0.4798,0.0478,0.5982
speech,ALL,T1,cfnai,2,124,0.0426,0.6389,0.0743,0.4123
speech,ALL,T1,cfnai,3,123,0.1315,0.1471,0.0497,0.585
speech,ALL,T1,cfnai,4,123,0.1317,0.1464,0.0596,0.5125
speech,ALL,T1,cfnai,5,122,0.0432,0.6363,0.0326,0.7212
speech,ALL,T1,cfnai,6,122,0.0708,0.4386,-0.0024,0.979
speech,ALL,T1,cfnai,7,121,0.0787,0.3912,0.008,0.9302
speech,ALL,T1,cfnai,8,120,0.0546,0.5535,0.0059,0.9486
speech,ALL,T1,cfnai,9,120,-0.0252,0.785,0.0301,0.7445
speech,ALL,T1,vix,-9,124,0.0145,0.8729,-0.008,0.9296
speech,ALL,T1,vix,-8,124,0.019,0.834,0.0362,0.6898
speech,ALL,T1,vix,-7,124,0.0271,0.765,0.0458,0.6133
speech,ALL,T1,vix,-6,124,0.1111,0.2194,0.1492,0.0981
speech,ALL,T1,vix,-5,124,0.0101,0.9116,0.029,0.7492
speech,ALL,T1,vix,-4,124,0.0247,0.7857,0.0673,0.4577
speech,ALL,T1,vix,-3,124,0.098,0.2789,0.1244,0.1687
speech,ALL,T1,vix,-2,124,0.0214,0.8136,0.0038,0.9663
speech,ALL,T1,vix,-1,124,0.1275,0.1582,0.0385,0.6708
speech,ALL,T1,vix,0,124,0.0547,0.5459,-0.0103,0.91
speech,ALL,T1,vix,1,124,0.0247,0.7854,0.0038,0.967
speech,ALL,T1,vix,2,124,0.1337,0.1389,0.1136,0.209
speech,ALL,T1,vix,3,123,0.0172,0.8506,0.0094,0.9181
speech,ALL,T1,vix,4,123,0.0038,0.9667,-0.0122,0.8935
speech,ALL,T1,vix,5,122,-0.0584,0.5228,-0.0083,0.9281
speech,ALL,T1,vix,6,122,-0.0489,0.5928,-0.0212,0.8165
speech,ALL,T1,vix,7,121,-0.0706,0.4414,-0.0697,0.4476
speech,ALL,T1,vix,8,120,-0.079,0.391,-0.0891,0.3333
speech,ALL,T1,vix,9,120,0.0599,0.5158,-0.0011,0.9907
speech,ALL,T2,cfnai,-9,118,-0.0587,0.5276,0.0105,0.9103
speech,ALL,T2,cfnai,-8,118,0.0307,0.7415,0.0384,0.6793
speech,ALL,T2,cfnai,-7,118,0.0084,0.9279,-0.0583,0.5309
speech,ALL,T2,cfnai,-6,118,-0.0517,0.5781,-0.1137,0.2202
speech,ALL,T2,cfnai,-5,118,-0.1144,0.2175,-0.1253,0.1764
speech,ALL,T2,cfnai,-4,118,-0.0618,0.5059,-0.0288,0.7571
speech,ALL,T2,cfnai,-3,118,-0.0357,0.7015,-0.0564,0.5442
speech,ALL,T2,cfnai,-2,118,-0.0931,0.3159,-0.0742,0.4246
speech,ALL,T2,cfnai,-1,118,-0.1016,0.2737,-0.0474,0.6101
speech,ALL,T2,cfnai,0,118,0.0358,0.7001,0.0899,0.3329
speech,ALL,T2,cfnai,1,118,0.0368,0.6927,0.0666,0.4738
speech,ALL,T2,cfnai,2,118,0.0417,0.6537,0.0804,0.3867
speech,ALL,T2,cfnai,3,117,-0.035,0.7079,0.0045,0.9614
speech,ALL,T2,cfnai,4,117,-0.0095,0.9186,0.0213,0.8193
speech,ALL,T2,cfnai,5,116,-0.0013,0.9889,-0.0158,0.8664
speech,ALL,T2,cfnai,6,116,0.0512,0.5853,-0.055,0.5575
speech,ALL,T2,cfnai,7,115,0.0568,0.5463,-0.0423,0.6533
speech,ALL,T2,cfnai,8,114,0.0374,0.6927,-0.0284,0.7641
speech,ALL,T2,cfnai,9,114,-0.0359,0.7049,-0.0037,0.969
speech,ALL,T2,vix,-9,118,0.0265,0.776,0.0076,0.9353
speech,ALL,T2,vix,-8,118,0.0155,0.868,0.0232,0.8032
speech,ALL,T2,vix,-7,118,0.0282,0.762,0.0545,0.558
speech,ALL,T2,vix,-6,118,0.1317,0.1553,0.1667,0.0712
speech,ALL,T2,vix,-5,118,0.0347,0.7091,0.0533,0.5663
speech,ALL,T2,vix,-4,118,0.0321,0.7301,0.0703,0.4495
speech,ALL,T2,vix,-3,118,0.0676,0.4668,0.1184,0.2018
speech,ALL,T2,vix,-2,118,-0.0737,0.4278,-0.0365,0.695
speech,ALL,T2,vix,-1,118,0.0104,0.9112,-0.0126,0.8926
speech,ALL,T2,vix,0,118,-0.054,0.5616,-0.0675,0.4679
speech,ALL,T2,vix,1,118,-0.061,0.5117,-0.044,0.6359
speech,ALL,T2,vix,2,118,0.0795,0.3921,0.0763,0.4117
speech,ALL,T2,vix,3,117,-0.0533,0.5679,-0.0415,0.6571
speech,ALL,T2,vix,4,117,-0.0395,0.6721,-0.0611,0.5132
speech,ALL,T2,vix,5,116,-0.0898,0.3375,-0.0473,0.6144
speech,ALL,T2,vix,6,116,-0.0879,0.3482,-0.0575,0.5399
speech,ALL,T2,vix,7,115,-0.1024,0.2763,-0.1094,0.2444
speech,ALL,T2,vix,8,114,-0.1009,0.2855,-0.1223,0.1947
speech,ALL,T2,vix,9,114,0.0431,0.6491,-0.0345,0.7159
speech,can,T1,cfnai,-9,124,-0.0393,0.6646,0.0253,0.7801
speech,can,T1,cfnai,-8,124,-0.0704,0.4369,-0.1065,0.2392
speech,can,T1,cfnai,-7,124,0.0065,0.943,-0.1584,0.0789
speech,can,T1,cfnai,-6,124,0.0246,0.7864,-0.1654,0.0664
speech,can,T1,cfnai,-5,124,0.0327,0.7184,-0.0985,0.2766
speech,can,T1,cfnai,-4,124,-0.0222,0.8067,-0.0803,0.3751
speech,can,T1,cfnai,-3,124,-0.1257,0.1641,-0.0408,0.653
speech,can,T1,cfnai,-2,124,-0.3423,0.0001,-0.0302,0.7393
speech,can,T1,cfnai,-1,124,-0.3138,0.0004,-0.0124,0.8911
speech,can,T1,cfnai,0,124,-0.2854,0.0013,-0.0576,0.5253
speech,can,T1,cfnai,1,124,0.0065,0.9429,-0.0214,0.8137
speech,can,T1,cfnai,2,124,0.2655,0.0029,0.0586,0.5181
speech,can,T1,cfnai,3,123,0.2997,0.0008,0.1032,0.2559
speech,can,T1,cfnai,4,123,0.2349,0.0089,0.0893,0.3258
speech,can,T1,cfnai,5,122,-0.0156,0.8643,0.007,0.9389
speech,can,T1,cfnai,6,122,-0.0336,0.7133,-0.0207,0.8211
speech,can,T1,cfnai,7,121,-0.023,0.8024,-0.0414,0.6521
speech,can,T1,cfnai,8,120,-0.0141,0.8788,-0.0634,0.4913
speech,can,T1,cfnai,9,120,0.0692,0.4526,-0.0383,0.6781
speech,can,T1,vix,-9,124,-0.1,0.2693,-0.0592,0.514
speech,can,T1,vix,-8,124,-0.0586,0.518,-0.0529,0.5596
speech,can,T1,vix,-7,124,-0.0998,0.2699,-0.0425,0.6391
speech,can,T1,vix,-6,124,-0.1702,0.0587,-0.0984,0.2767
speech,can,T1,vix,-5,124,-0.0841,0.3528,-0.0255,0.7787
speech,can,T1,vix,-4,124,-0.0438,0.6292,-0.0447,0.622
speech,can,T1,vix,-3,124,0.1837,0.0411,0.0639,0.4809
speech,can,T1,vix,-2,124,0.1986,0.027,0.0437,0.6298
speech,can,T1,vix,-1,124,0.2392,0.0074,0.1372,0.1285
speech,can,T1,vix,0,124,0.2363,0.0082,0.1175,0.1938
speech,can,T1,vix,1,124,0.1318,0.1444,0.0419,0.644
speech,can,T1,vix,2,124,0.0452,0.618,0.0099,0.9131
speech,can,T1,vix,3,123,0.0845,0.3527,0.0136,0.8817
speech,can,T1,vix,4,123,0.1013,0.265,-0.0191,0.8336
speech,can,T1,vix,5,122,0.0661,0.4697,0.0051,0.9559
speech,can,T1,vix,6,122,0.0066,0.9424,-0.0107,0.9066
speech,can,T1,vix,7,121,0.0977,0.2865,0.0891,0.3312
speech,can,T1,vix,8,120,0.0006,0.9946,0.0466,0.6131
speech,can,T1,vix,9,120,0.0676,0.463,0.1081,0.24
speech,can,T2,cfnai,-9,118,-0.0357,0.701,0.0511,0.5825
speech,can,T2,cfnai,-8,118,-0.0428,0.6455,-0.0612,0.5103
speech,can,T2,cfnai,-7,118,0.0386,0.6779,-0.0996,0.2832
speech,can,T2,cfnai,-6,118,-0.0039,0.9663,-0.1032,0.2661
speech,can,T2,cfnai,-5,118,0.0127,0.8916,-0.0413,0.6569
speech,can,T2,cfnai,-4,118,-0.0243,0.7943,-0.0407,0.662
speech,can,T2,cfnai,-3,118,-0.0028,0.9756,0.0375,0.6869
speech,can,T2,cfnai,-2,118,0.0929,0.3172,0.0728,0.4331
speech,can,T2,cfnai,-1,118,0.0827,0.3733,0.0822,0.376
speech,can,T2,cfnai,0,118,0.0241,0.7956,0.0309,0.7399
speech,can,T2,cfnai,1,118,0.007,0.9398,0.0187,0.841
speech,can,T2,cfnai,2,118,0.04,0.6675,0.0203,0.8276
speech,can,T2,cfnai,3,117,0.023,0.8056,0.0221,0.8128
speech,can,T2,cfnai,4,117,-0.0539,0.564,-0.0057,0.9518
speech,can,T2,cfnai,5,116,-0.125,0.1812,-0.0859,0.3594
speech,can,T2,cfnai,6,116,-0.0925,0.3235,-0.1075,0.2507
speech,can,T2,cfnai,7,115,-0.0866,0.3576,-0.1388,0.1391
speech,can,T2,cfnai,8,114,-0.0549,0.5616,-0.1421,0.1315
speech,can,T2,cfnai,9,114,0.0586,0.5355,-0.0888,0.3473
speech,can,T2,vix,-9,118,-0.105,0.2578,-0.0612,0.51
speech,can,T2,vix,-8,118,-0.0487,0.6003,-0.0534,0.5659
speech,can,T2,vix,-7,118,-0.028,0.7635,-0.0004,0.9968
speech,can,T2,vix,-6,118,-0.1222,0.1876,-0.0509,0.5843
speech,can,T2,vix,-5,118,-0.0743,0.424,0.0242,0.7951
speech,can,T2,vix,-4,118,-0.049,0.5985,-0.0315,0.7352
speech,can,T2,vix,-3,118,-0.0475,0.6092,0.0302,0.7458
speech,can,T2,vix,-2,118,-0.0957,0.3026,-0.0308,0.7407
speech,can,T2,vix,-1,118,0.0133,0.8864,0.0671,0.4704
speech,can,T2,vix,0,118,0.0655,0.4812,0.0445,0.6323
speech,can,T2,vix,1,118,-0.0526,0.5719,-0.041,0.6592
speech,can,T2,vix,2,118,-0.124,0.1808,-0.0703,0.4497
speech,can,T2,vix,3,117,-0.0737,0.4298,-0.0669,0.4734
speech,can,T2,vix,4,117,-0.0183,0.8451,-0.1059,0.2557
speech,can,T2,vix,5,116,-0.0013,0.9887,-0.0757,0.4192
speech,can,T2,vix,6,116,-0.0775,0.4084,-0.0878,0.3484
speech,can,T2,vix,7,115,0.0375,0.6906,0.0297,0.7529
speech,can,T2,vix,8,114,-0.0575,0.5433,-0.0107,0.9097
speech,can,T2,vix,9,114,0.0277,0.7699,0.0482,0.6105
speech,could,T1,cfnai,-9,124,-0.0472,0.6026,-0.1192,0.1874
speech,could,T1,cfnai,-8,124,-0.0177,0.8449,-0.0549,0.5449
speech,could,T1,cfnai,-7,124,-0.0505,0.5773,-0.0729,0.421
speech,could,T1,cfnai,-6,124,-0.1114,0.218,-0.0563,0.5344
speech,could,T1,cfnai,-5,124,-0.1393,0.1228,-0.1279,0.157
speech,could,T1,cfnai,-4,124,-0.043,0.6357,-0.0676,0.4557
speech,could,T1,cfnai,-3,124,0.0446,0.6228,-0.0568,0.5309
speech,could,T1,cfnai,-2,124,0.1104,0.2223,-0.0114,0.9002
speech,could,T1,cfnai,-1,124,0.0595,0.5114,-0.0017,0.9854
speech,could,T1,cfnai,0,124,0.0661,0.4656,-0.0117,0.8974
speech,could,T1,cfnai,1,124,0.0097,0.9152,-0.0389,0.6681
speech,could,T1,cfnai,2,124,0.0135,0.8819,0.0183,0.8401
speech,could,T1,cfnai,3,123,-0.0413,0.6501,-0.0151,0.868
speech,could,T1,cfnai,4,123,-0.0835,0.3586,-0.0441,0.628
speech,could,T1,cfnai,5,122,-0.0507,0.5795,-0.0282,0.7575
speech,could,T1,cfnai,6,122,0.0288,0.7528,-0.0452,0.6209
speech,could,T1,cfnai,7,121,0.0571,0.5342,-0.0118,0.8981
speech,could,T1,cfnai,8,120,0.1119,0.2237,0.1009,0.2727
speech,could,T1,cfnai,9,120,0.0582,0.5275,0.15,0.1019
speech,could,T1,vix,-9,124,-0.1226,0.1749,-0.1017,0.2612
speech,could,T1,vix,-8,124,-0.045,0.62,-0.0408,0.6528
speech,could,T1,vix,-7,124,0.1073,0.2357,0.0758,0.4027
speech,could,T1,vix,-6,124,0.1745,0.0525,0.1178,0.1927
speech,could,T1,vix,-5,124,0.068,0.453,0.0348,0.7016
speech,could,T1,vix,-4,124,0.0188,0.8361,0.0592,0.5138
speech,could,T1,vix,-3,124,-0.1477,0.1017,-0.0619,0.4943
speech,could,T1,vix,-2,124,-0.1199,0.1847,-0.1608,0.0744
speech,could,T1,vix,-1,124,-0.1208,0.1812,-0.1357,0.1329
speech,could,T1,vix,0,124,-0.1475,0.1022,-0.1378,0.1269
speech,could,T1,vix,1,124,-0.1863,0.0383,-0.1914,0.0332
speech,could,T1,vix,2,124,-0.1106,0.2215,-0.1245,0.1683
speech,could,T1,vix,3,123,-0.1314,0.1474,-0.1247,0.1692
speech,could,T1,vix,4,123,-0.0076,0.9339,-0.0572,0.5294
speech,could,T1,vix,5,122,-0.0336,0.7134,-0.0319,0.7269
speech,could,T1,vix,6,122,-0.0575,0.5291,-0.0252,0.7827
speech,could,T1,vix,7,121,-0.1893,0.0375,-0.1764,0.0529
speech,could,T1,vix,8,120,-0.2011,0.0276,-0.2434,0.0074
speech,could,T1,vix,9,120,-0.1099,0.232,-0.1619,0.0773
speech,could,T2,cfnai,-9,118,-0.0484,0.6028,-0.1274,0.1693
speech,could,T2,cfnai,-8,118,-0.0188,0.8396,-0.0551,0.5536
speech,could,T2,cfnai,-7,118,-0.0309,0.7395,-0.0821,0.3768
speech,could,T2,cfnai,-6,118,-0.0343,0.7124,-0.0675,0.4676
speech,could,T2,cfnai,-5,118,-0.0887,0.3393,-0.1298,0.1612
speech,could,T2,cfnai,-4,118,0.0319,0.7318,-0.0684,0.4619
speech,could,T2,cfnai,-3,118,-0.0656,0.4801,-0.0915,0.3243
speech,could,T2,cfnai,-2,118,0.0136,0.8834,-0.0473,0.6111
speech,could,T2,cfnai,-1,118,-0.0373,0.6888,-0.0649,0.4851
speech,could,T2,cfnai,0,118,-0.0767,0.409,-0.076,0.4132
speech,could,T2,cfnai,1,118,-0.0528,0.5704,-0.0722,0.4374
speech,could,T2,cfnai,2,118,0.027,0.7713,-0.0115,0.9016
speech,could,T2,cfnai,3,117,0.0445,0.6335,-0.0127,0.8922
speech,could,T2,cfnai,4,117,-0.0246,0.7921,-0.024,0.797
speech,could,T2,cfnai,5,116,-0.0411,0.6613,-0.028,0.7651
speech,could,T2,cfnai,6,116,0.0372,0.6915,-0.0347,0.7115
speech,could,T2,cfnai,7,115,0.0588,0.5327,-0.0113,0.9049
speech,could,T2,cfnai,8,114,0.1179,0.2116,0.1059,0.2621
speech,could,T2,cfnai,9,114,0.0613,0.5167,0.1711,0.0687
speech,could,T2,vix,-9,118,-0.126,0.1739,-0.098,0.2909
speech,could,T2,vix,-8,118,-0.0497,0.5927,-0.0416,0.6546
speech,could,T2,vix,-7,118,0.0312,0.7372,0.0515,0.5797
speech,could,T2,vix,-6,118,0.1332,0.1504,0.0971,0.2958
speech,could,T2,vix,-5,118,0.024,0.7966,-0.0087,0.9258
speech,could,T2,vix,-4,118,-0.0281,0.7629,0.038,0.6828
speech,could,T2,vix,-3,118,-0.1714,0.0635,-0.0835,0.3685
speech,could,T2,vix,-2,118,-0.1842,0.0458,-0.1755,0.0574
speech,could,T2,vix,-1,118,-0.1298,0.1611,-0.1454,0.1162
speech,could,T2,vix,0,118,-0.1566,0.0904,-0.1468,0.1127
speech,could,T2,vix,1,118,-0.213,0.0205,-0.2068,0.0246
speech,could,T2,vix,2,118,-0.1157,0.2121,-0.1326,0.1524
speech,could,T2,vix,3,117,-0.1367,0.1417,-0.1281,0.1688
speech,could,T2,vix,4,117,0.0019,0.9836,-0.0586,0.53
speech,could,T2,vix,5,116,-0.0273,0.7714,-0.0311,0.7402
speech,could,T2,vix,6,116,-0.0419,0.6553,-0.0109,0.9073
speech,could,T2,vix,7,115,-0.1838,0.0492,-0.1768,0.0587
speech,could,T2,vix,8,114,-0.1959,0.0367,-0.2397,0.0102
speech,could,T2,vix,9,114,-0.1019,0.2808,-0.1555,0.0986
speech,may,T1,cfnai,-9,124,0.0459,0.6125,0.0044,0.9612
speech,may,T1,cfnai,-8,124,-0.0358,0.6933,0.0992,0.273
speech,may,T1,cfnai,-7,124,-0.0634,0.4845,0.089,0.3253
speech,may,T1,cfnai,-6,124,0.0083,0.9274,0.1047,0.2473
speech,may,T1,cfnai,-5,124,0.0155,0.8639,-0.0058,0.9486
speech,may,T1,cfnai,-4,124,0.0373,0.681,-0.0278,0.7594
speech,may,T1,cfnai,-3,124,0.015,0.8689,-0.0668,0.4608
speech,may,T1,cfnai,-2,124,0.0428,0.6371,-0.06,0.508
speech,may,T1,cfnai,-1,124,0.0237,0.7938,-0.0612,0.4993
speech,may,T1,cfnai,0,124,0.0441,0.6269,-0.0487,0.5912
speech,may,T1,cfnai,1,124,-0.0134,0.8829,-0.0912,0.3138
speech,may,T1,cfnai,2,124,-0.0645,0.4764,-0.0585,0.519
speech,may,T1,cfnai,3,123,-0.1122,0.2166,-0.0848,0.3509
speech,may,T1,cfnai,4,123,-0.0894,0.3255,-0.0551,0.5449
speech,may,T1,cfnai,5,122,0.0115,0.9002,-0.0917,0.3152
speech,may,T1,cfnai,6,122,-0.0036,0.9688,-0.0896,0.3264
speech,may,T1,cfnai,7,121,-0.0273,0.766,-0.109,0.2341
speech,may,T1,cfnai,8,120,-0.088,0.3391,-0.2073,0.0231
speech,may,T1,cfnai,9,120,-0.0652,0.479,-0.1261,0.17
speech,may,T1,vix,-9,124,-0.0561,0.5363,0.0232,0.7978
speech,may,T1,vix,-8,124,-0.1195,0.1861,-0.0783,0.3873
speech,may,T1,vix,-7,124,-0.1103,0.2228,-0.0562,0.5351
speech,may,T1,vix,-6,124,-0.0366,0.6865,-0.0707,0.4354
speech,may,T1,vix,-5,124,-0.1145,0.2055,-0.0375,0.6793
speech,may,T1,vix,-4,124,-0.0027,0.9759,0.0685,0.4497
speech,may,T1,vix,-3,124,-0.0192,0.8325,0.0748,0.4091
speech,may,T1,vix,-2,124,-0.0617,0.4963,-0.0023,0.9794
speech,may,T1,vix,-1,124,-0.118,0.1918,-0.0436,0.6306
speech,may,T1,vix,0,124,-0.1829,0.042,-0.1746,0.0524
speech,may,T1,vix,1,124,-0.1133,0.2104,-0.0918,0.3106
speech,may,T1,vix,2,124,-0.0232,0.7981,-0.0205,0.8215
speech,may,T1,vix,3,123,-0.056,0.5387,-0.0411,0.6518
speech,may,T1,vix,4,123,-0.06,0.5098,-0.0712,0.4336
speech,may,T1,vix,5,122,0.0285,0.7557,0.023,0.8012
speech,may,T1,vix,6,122,0.0146,0.873,0.0967,0.2896
speech,may,T1,vix,7,121,0.0081,0.9295,0.0708,0.4405
speech,may,T1,vix,8,120,0.0122,0.8948,-0.0021,0.9817
speech,may,T1,vix,9,120,-0.0203,0.8257,-0.0952,0.3012
speech,may,T2,cfnai,-9,118,0.0423,0.6491,-0.0223,0.8109
speech,may,T2,cfnai,-8,118,-0.048,0.6055,0.0708,0.446
speech,may,T2,cfnai,-7,118,-0.0869,0.3495,0.0559,0.5476
speech,may,T2,cfnai,-6,118,-0.0527,0.5709,0.0647,0.4865
speech,may,T2,cfnai,-5,118,-0.074,0.4257,-0.0469,0.6144
speech,may,T2,cfnai,-4,118,-0.0765,0.4101,-0.0763,0.4116
speech,may,T2,cfnai,-3,118,-0.078,0.4012,-0.1006,0.2783
speech,may,T2,cfnai,-2,118,-0.1688,0.0676,-0.103,0.2672
speech,may,T2,cfnai,-1,118,-0.1224,0.1866,-0.093,0.3163
speech,may,T2,cfnai,0,118,-0.1192,0.1987,-0.078,0.401
speech,may,T2,cfnai,1,118,-0.084,0.3659,-0.086,0.3544
speech,may,T2,cfnai,2,118,-0.1037,0.2638,-0.0472,0.6119
speech,may,T2,cfnai,3,117,-0.0501,0.5913,-0.0338,0.7178
speech,may,T2,cfnai,4,117,0.0137,0.8835,-0.0092,0.9215
speech,may,T2,cfnai,5,116,0.0501,0.5934,-0.0411,0.6616
speech,may,T2,cfnai,6,116,0.0134,0.8864,-0.0502,0.5928
speech,may,T2,cfnai,7,115,-0.006,0.9493,-0.0628,0.5051
speech,may,T2,cfnai,8,114,-0.0769,0.4158,-0.1875,0.0457
speech,may,T2,cfnai,9,114,-0.0554,0.5582,-0.0873,0.3558
speech,may,T2,vix,-9,118,-0.0721,0.438,0.0036,0.9695
speech,may,T2,vix,-8,118,-0.1229,0.185,-0.0749,0.4204
speech,may,T2,vix,-7,118,-0.14,0.1305,-0.0773,0.4053
speech,may,T2,vix,-6,118,-0.0343,0.7121,-0.0731,0.4318
speech,may,T2,vix,-5,118,-0.1189,0.1995,-0.0479,0.6065
speech,may,T2,vix,-4,118,0.0349,0.7074,0.0914,0.3252
speech,may,T2,vix,-3,118,0.0693,0.4559,0.1095,0.2377
speech,may,T2,vix,-2,118,-0.0124,0.8938,0.0419,0.6527
speech,may,T2,vix,-1,118,-0.0505,0.587,0.0061,0.9473
speech,may,T2,vix,0,118,-0.1391,0.133,-0.1392,0.1326
speech,may,T2,vix,1,118,-0.062,0.5047,-0.0469,0.6141
speech,may,T2,vix,2,118,0.0426,0.6469,0.025,0.7879
speech,may,T2,vix,3,117,0.0045,0.9619,0.0071,0.9392
speech,may,T2,vix,4,117,-0.0258,0.7821,-0.0328,0.7254
speech,may,T2,vix,5,116,0.0523,0.5773,0.0757,0.4191
speech,may,T2,vix,6,116,0.0425,0.6507,0.1477,0.1136
speech,may,T2,vix,7,115,0.0317,0.737,0.1171,0.2125
speech,may,T2,vix,8,114,0.0236,0.8028,0.0259,0.7844
speech,may,T2,vix,9,114,-0.0079,0.9339,-0.0718,0.448
speech,should,T1,cfnai,-9,124,0.1427,0.1138,0.2671,0.0027
speech,should,T1,cfnai,-8,124,0.0384,0.6723,0.2409,0.007
speech,should,T1,cfnai,-7,124,-0.0632,0.4854,0.0622,0.4928
speech,should,T1,cfnai,-6,124,-0.0492,0.5873,-0.0621,0.493
speech,should,T1,cfnai,-5,124,-0.0096,0.9154,-0.0673,0.4579
speech,should,T1,cfnai,-4,124,0.0192,0.8323,-0.0236,0.7946
speech,should,T1,cfnai,-3,124,0.0264,0.7708,-0.0266,0.7696
speech,should,T1,cfnai,-2,124,0.0593,0.5127,-0.0079,0.9309
speech,should,T1,cfnai,-1,124,0.0483,0.5943,-0.0797,0.3787
speech,should,T1,cfnai,0,124,-0.0771,0.3944,0.0008,0.9926
speech,should,T1,cfnai,1,124,-0.1643,0.0682,0.0081,0.9285
speech,should,T1,cfnai,2,124,-0.1665,0.0646,0.0185,0.8382
speech,should,T1,cfnai,3,123,0.0668,0.463,0.0309,0.734
speech,should,T1,cfnai,4,123,0.1253,0.1672,0.0044,0.9611
speech,should,T1,cfnai,5,122,0.0465,0.6113,-0.0243,0.7904
speech,should,T1,cfnai,6,122,0.0365,0.6902,0.0184,0.8402
speech,should,T1,cfnai,7,121,0.0225,0.8064,-0.0081,0.9299
speech,should,T1,cfnai,8,120,0.0318,0.7299,-0.0218,0.8128
speech,should,T1,cfnai,9,120,0.0039,0.9659,-0.0724,0.4318
speech,should,T1,vix,-9,124,0.0352,0.6982,-0.1181,0.1912
speech,should,T1,vix,-8,124,0.0608,0.5025,-0.12,0.1845
speech,should,T1,vix,-7,124,0.0023,0.9795,-0.1093,0.2268
speech,should,T1,vix,-6,124,-0.0006,0.9947,-0.0617,0.4961
speech,should,T1,vix,-5,124,-0.0497,0.5833,-0.0767,0.3971
speech,should,T1,vix,-4,124,0.0159,0.8612,-0.0354,0.6966
speech,should,T1,vix,-3,124,-0.0075,0.9338,-0.0653,0.4713
speech,should,T1,vix,-2,124,-0.1117,0.2168,-0.1511,0.0938
speech,should,T1,vix,-1,124,-0.009,0.9209,-0.1684,0.0615
speech,should,T1,vix,0,124,-0.0842,0.3524,-0.213,0.0176
speech,should,T1,vix,1,124,-0.1074,0.235,-0.1969,0.0284
speech,should,T1,vix,2,124,0.0229,0.8009,-0.0949,0.2947
speech,should,T1,vix,3,123,-0.0728,0.4233,-0.1142,0.2086
speech,should,T1,vix,4,123,-0.0915,0.314,-0.0949,0.2967
speech,should,T1,vix,5,122,-0.0676,0.4591,-0.0843,0.356
speech,should,T1,vix,6,122,-0.0479,0.6005,-0.0667,0.4653
speech,should,T1,vix,7,121,-0.1287,0.1594,-0.1721,0.0591
speech,should,T1,vix,8,120,-0.1266,0.1681,-0.165,0.0717
speech,should,T1,vix,9,120,0.0149,0.8714,-0.076,0.4095
speech,should,T2,cfnai,-9,118,0.1463,0.1138,0.2666,0.0035
speech,should,T2,cfnai,-8,118,0.0297,0.7495,0.2186,0.0174
speech,should,T2,cfnai,-7,118,-0.0793,0.3936,0.0367,0.6935
speech,should,T2,cfnai,-6,118,-0.1389,0.1335,-0.0859,0.3552
speech,should,T2,cfnai,-5,118,-0.0915,0.3245,-0.0807,0.3849
speech,should,T2,cfnai,-4,118,-0.065,0.4847,-0.0208,0.8227
speech,should,T2,cfnai,-3,118,-0.0039,0.9668,-0.0506,0.5862
speech,should,T2,cfnai,-2,118,-0.0761,0.4129,-0.0355,0.7024
speech,should,T2,cfnai,-1,118,-0.1114,0.2299,-0.1019,0.2724
speech,should,T2,cfnai,0,118,-0.0117,0.8996,-0.0109,0.9067
speech,should,T2,cfnai,1,118,-0.0022,0.981,0.028,0.7631
speech,should,T2,cfnai,2,118,0.0478,0.6074,0.0984,0.2889
speech,should,T2,cfnai,3,117,0.0188,0.8408,0.0608,0.5146
speech,should,T2,cfnai,4,117,0.052,0.5776,0.0301,0.7477
speech,should,T2,cfnai,5,116,0.0336,0.72,-0.0017,0.9854
speech,should,T2,cfnai,6,116,0.0333,0.7228,0.0421,0.6535
speech,should,T2,cfnai,7,115,0.0268,0.7764,0.0151,0.873
speech,should,T2,cfnai,8,114,0.0267,0.7777,-0.0206,0.8275
speech,should,T2,cfnai,9,114,-0.0013,0.9887,-0.0896,0.343
speech,should,T2,vix,-9,118,0.0528,0.5699,-0.0967,0.2976
speech,should,T2,vix,-8,118,0.0467,0.6154,-0.1335,0.1497
speech,should,T2,vix,-7,118,0.0194,0.835,-0.1265,0.1723
speech,should,T2,vix,-6,118,0.0042,0.9644,-0.0955,0.3034
speech,should,T2,vix,-5,118,-0.0183,0.8445,-0.0769,0.4076
speech,should,T2,vix,-4,118,0.0612,0.51,-0.0247,0.7903
speech,should,T2,vix,-3,118,0.0894,0.3357,-0.0237,0.7986
speech,should,T2,vix,-2,118,-0.0335,0.7189,-0.1304,0.1592
speech,should,T2,vix,-1,118,-0.1119,0.2276,-0.1667,0.0712
speech,should,T2,vix,0,118,-0.1552,0.0932,-0.2144,0.0197
speech,should,T2,vix,1,118,-0.1323,0.1531,-0.1953,0.034
speech,should,T2,vix,2,118,0.0082,0.93,-0.0889,0.3385
speech,should,T2,vix,3,117,-0.0885,0.3429,-0.1046,0.2615
speech,should,T2,vix,4,117,-0.078,0.403,-0.0745,0.4248
speech,should,T2,vix,5,116,-0.0702,0.4542,-0.0683,0.4664
speech,should,T2,vix,6,116,-0.0695,0.4585,-0.0614,0.5128
speech,should,T2,vix,7,115,-0.1421,0.1297,-0.1695,0.0701
speech,should,T2,vix,8,114,-0.1308,0.1654,-0.1545,0.1008
speech,should,T2,vix,9,114,0.0071,0.9399,-0.0751,0.427
speech,will,T1,cfnai,-9,124,-0.1097,0.225,-0.0386,0.67
speech,will,T1,cfnai,-8,124,0.1243,0.1688,0.006,0.9476
speech,will,T1,cfnai,-7,124,0.1304,0.1487,0.0299,0.7418
speech,will,T1,cfnai,-6,124,0.0539,0.552,-0.0596,0.5111
speech,will,T1,cfnai,-5,124,0.0052,0.9547,-0.0711,0.4328
speech,will,T1,cfnai,-4,124,0.0034,0.9703,-0.0702,0.4384
speech,will,T1,cfnai,-3,124,-0.0113,0.9007,-0.0981,0.2786
speech,will,T1,cfnai,-2,124,-0.0772,0.3943,-0.099,0.274
speech,will,T1,cfnai,-1,124,-0.0685,0.4496,-0.0686,0.4493
speech,will,T1,cfnai,0,124,-0.0809,0.3715,0.0735,0.4174
speech,will,T1,cfnai,1,124,-0.0253,0.7805,0.0769,0.3959
speech,will,T1,cfnai,2,124,0.0227,0.8023,0.02,0.8255
speech,will,T1,cfnai,3,123,0.1011,0.266,0.0059,0.9483
speech,will,T1,cfnai,4,123,0.1292,0.1545,0.0105,0.9084
speech,will,T1,cfnai,5,122,0.134,0.1412,0.0497,0.5869
speech,will,T1,cfnai,6,122,0.1602,0.078,0.0029,0.9746
speech,will,T1,cfnai,7,121,0.1525,0.0949,0.0478,0.6028
speech,will,T1,cfnai,8,120,0.0252,0.7848,-0.005,0.9565
speech,will,T1,cfnai,9,120,-0.1671,0.0682,-0.0679,0.4614
speech,will,T1,vix,-9,124,0.2018,0.0246,0.0858,0.3434
speech,will,T1,vix,-8,124,0.1744,0.0527,0.1528,0.0903
speech,will,T1,vix,-7,124,0.0794,0.381,0.1157,0.2006
speech,will,T1,vix,-6,124,0.2064,0.0214,0.2377,0.0079
speech,will,T1,vix,-5,124,0.1369,0.1294,0.1201,0.1838
speech,will,T1,vix,-4,124,0.0612,0.4994,0.0744,0.4112
speech,will,T1,vix,-3,124,0.1756,0.0511,0.2105,0.019
speech,will,T1,vix,-2,124,0.1129,0.212,0.1487,0.0992
speech,will,T1,vix,-1,124,0.2018,0.0246,0.1887,0.0359
speech,will,T1,vix,0,124,0.2049,0.0224,0.1312,0.1465
speech,will,T1,vix,1,124,0.2145,0.0168,0.1551,0.0853
speech,will,T1,vix,2,124,0.3044,0.0006,0.2363,0.0082
speech,will,T1,vix,3,123,0.1489,0.1002,0.1019,0.2622
speech,will,T1,vix,4,123,0.0273,0.7644,0.0355,0.6965
speech,will,T1,vix,5,122,-0.1081,0.2358,-0.0017,0.9855
speech,will,T1,vix,6,122,-0.0241,0.7919,0.0076,0.9336
speech,will,T1,vix,7,121,0.0394,0.6679,0.0495,0.5896
speech,will,T1,vix,8,120,0.0924,0.3153,0.1228,0.1814
speech,will,T1,vix,9,120,0.1572,0.0863,0.126,0.1702
speech,will,T2,cfnai,-9,118,-0.1106,0.2329,-0.0289,0.7558
speech,will,T2,cfnai,-8,118,0.1345,0.1466,0.0225,0.8092
speech,will,T2,cfnai,-7,118,0.1472,0.1117,0.0615,0.5085
speech,will,T2,cfnai,-6,118,0.105,0.2579,-0.0314,0.7359
speech,will,T2,cfnai,-5,118,0.0073,0.9374,-0.0468,0.6145
speech,will,T2,cfnai,-4,118,0.0061,0.948,-0.0399,0.6679
speech,will,T2,cfnai,-3,118,0.0248,0.7897,-0.0799,0.3898
speech,will,T2,cfnai,-2,118,-0.0331,0.7221,-0.0767,0.4094
speech,will,T2,cfnai,-1,118,-0.0322,0.7292,-0.0385,0.6787
speech,will,T2,cfnai,0,118,0.1573,0.0889,0.1185,0.2012
speech,will,T2,cfnai,1,118,0.1366,0.1402,0.0919,0.3221
speech,will,T2,cfnai,2,118,0.0738,0.427,0.0258,0.7814
speech,will,T2,cfnai,3,117,-0.0314,0.737,-0.0351,0.7075
speech,will,T2,cfnai,4,117,0.0253,0.7869,-0.0279,0.765
speech,will,T2,cfnai,5,116,0.1076,0.2503,0.0168,0.8583
speech,will,T2,cfnai,6,116,0.1487,0.1112,-0.0333,0.7229
speech,will,T2,cfnai,7,115,0.1418,0.1307,0.0148,0.8753
speech,will,T2,cfnai,8,114,0.0121,0.8985,-0.0301,0.7509
speech,will,T2,cfnai,9,114,-0.1804,0.0547,-0.1057,0.2632
speech,will,T2,vix,-9,118,0.2191,0.0171,0.1049,0.2584
speech,will,T2,vix,-8,118,0.1766,0.0557,0.1469,0.1124
speech,will,T2,vix,-7,118,0.1332,0.1506,0.1328,0.1516
speech,will,T2,vix,-6,118,0.2547,0.0054,0.2568,0.005
speech,will,T2,vix,-5,118,0.2195,0.017,0.1467,0.113
speech,will,T2,vix,-4,118,0.0849,0.3609,0.0748,0.4211
speech,will,T2,vix,-3,118,0.1915,0.0378,0.2147,0.0196
speech,will,T2,vix,-2,118,0.1312,0.1568,0.1295,0.1623
speech,will,T2,vix,-1,118,0.1711,0.0639,0.1651,0.074
speech,will,T2,vix,0,118,0.1675,0.0698,0.097,0.2962
speech,will,T2,vix,1,118,0.1984,0.0313,0.1282,0.1667
speech,will,T2,vix,2,118,0.3015,0.0009,0.2164,0.0186
speech,will,T2,vix,3,117,0.1165,0.2109,0.0656,0.4825
speech,will,T2,vix,4,117,-0.0002,0.9987,0.0049,0.9584
speech,will,T2,vix,5,116,-0.1332,0.1539,-0.0267,0.7761
speech,will,T2,vix,6,116,-0.055,0.5573,-0.021,0.8228
speech,will,T2,vix,7,115,0.0176,0.8521,0.0216,0.8185
speech,will,T2,vix,8,114,0.0813,0.3899,0.1066,0.259
speech,will,T2,vix,9,114,0.1462,0.1206,0.1058,0.2626
speech,would,T1,cfnai,-9,124,-0.015,0.8686,-0.0959,0.2895
speech,would,T1,cfnai,-8,124,-0.0685,0.4497,-0.0663,0.4642
speech,would,T1,cfnai,-7,124,-0.1553,0.085,-0.1662,0.0651
speech,would,T1,cfnai,-6,124,-0.199,0.0267,-0.1828,0.0421
speech,would,T1,cfnai,-5,124,-0.1816,0.0435,-0.1535,0.0887
speech,would,T1,cfnai,-4,124,-0.0703,0.4378,-0.0133,0.8834
speech,would,T1,cfnai,-3,124,0.0797,0.3787,0.042,0.6436
speech,would,T1,cfnai,-2,124,0.1196,0.186,-0.0527,0.5609
speech,would,T1,cfnai,-1,124,0.0838,0.3546,-0.0176,0.8466
speech,would,T1,cfnai,0,124,0.0514,0.5707,0.0228,0.8013
speech,would,T1,cfnai,1,124,-0.0467,0.6064,-0.0214,0.8132
speech,would,T1,cfnai,2,124,-0.0776,0.3916,0.0233,0.7974
speech,would,T1,cfnai,3,123,-0.0548,0.5472,-0.0178,0.8449
speech,would,T1,cfnai,4,123,-0.0537,0.5549,-0.0078,0.9316
speech,would,T1,cfnai,5,122,-0.103,0.259,-0.0507,0.5791
speech,would,T1,cfnai,6,122,-0.0921,0.3131,-0.0213,0.8161
speech,would,T1,cfnai,7,121,-0.0527,0.566,0.0499,0.5867
speech,would,T1,cfnai,8,120,0.1056,0.251,0.1491,0.1042
speech,would,T1,cfnai,9,120,0.1611,0.0787,0.2204,0.0156
speech,would,T1,vix,-9,124,-0.0922,0.3082,-0.0661,0.4659
speech,would,T1,vix,-8,124,-0.0957,0.2902,-0.115,0.2034
speech,would,T1,vix,-7,124,0.062,0.4939,-0.0108,0.9053
speech,would,T1,vix,-6,124,0.0381,0.6741,0.0585,0.5186
speech,would,T1,vix,-5,124,-0.0488,0.5901,-0.011,0.9036
speech,would,T1,vix,-4,124,-0.0122,0.8929,-0.0155,0.8647
speech,would,T1,vix,-3,124,-0.1135,0.2096,-0.1347,0.1357
speech,would,T1,vix,-2,124,-0.162,0.0722,-0.201,0.0252
speech,would,T1,vix,-1,124,-0.0709,0.434,-0.164,0.0687
speech,would,T1,vix,0,124,-0.1649,0.0672,-0.2052,0.0222
speech,would,T1,vix,1,124,-0.1681,0.0621,-0.1843,0.0405
speech,would,T1,vix,2,124,-0.1312,0.1464,-0.1515,0.093
speech,would,T1,vix,3,123,-0.1289,0.1554,-0.1405,0.1212
speech,would,T1,vix,4,123,-0.0429,0.6379,-0.0957,0.2925
speech,would,T1,vix,5,122,-0.0073,0.9361,-0.0946,0.3
speech,would,T1,vix,6,122,-0.0476,0.6028,-0.106,0.2451
speech,would,T1,vix,7,121,-0.1796,0.0486,-0.1892,0.0377
speech,would,T1,vix,8,120,-0.184,0.0442,-0.2417,0.0078
speech,would,T1,vix,9,120,-0.0929,0.3129,-0.0442,0.6315
speech,would,T2,cfnai,-9,118,-0.0157,0.8658,-0.1009,0.2769
speech,would,T2,cfnai,-8,118,-0.0744,0.4235,-0.0823,0.3753
speech,would,T2,cfnai,-7,118,-0.1409,0.128,-0.1835,0.0467
speech,would,T2,cfnai,-6,118,-0.186,0.0438,-0.1966,0.0328
speech,would,T2,cfnai,-5,118,-0.1719,0.0627,-0.1527,0.0988
speech,would,T2,cfnai,-4,118,-0.0843,0.364,-0.002,0.9828
speech,would,T2,cfnai,-3,118,-0.0234,0.8014,0.0026,0.978
speech,would,T2,cfnai,-2,118,-0.1242,0.1803,-0.1034,0.2652
speech,would,T2,cfnai,-1,118,-0.1204,0.1939,-0.0724,0.436
speech,would,T2,cfnai,0,118,-0.0385,0.6788,-0.0269,0.7721
speech,would,T2,cfnai,1,118,-0.0354,0.7038,-0.0333,0.7206
speech,would,T2,cfnai,2,118,-0.014,0.8805,0.0384,0.6797
speech,would,T2,cfnai,3,117,-0.0706,0.4491,-0.0167,0.8585
speech,would,T2,cfnai,4,117,-0.0418,0.6545,0.0151,0.8714
speech,would,T2,cfnai,5,116,-0.1039,0.2669,-0.052,0.5797
speech,would,T2,cfnai,6,116,-0.0893,0.3403,-0.0113,0.9046
speech,would,T2,cfnai,7,115,-0.0553,0.557,0.0589,0.5321
speech,would,T2,cfnai,8,114,0.1083,0.2513,0.1511,0.1085
speech,would,T2,cfnai,9,114,0.1631,0.0829,0.2255,0.0158
speech,would,T2,vix,-9,118,-0.0855,0.3572,-0.0519,0.5765
speech,would,T2,vix,-8,118,-0.1095,0.2378,-0.1261,0.1736
speech,would,T2,vix,-7,118,-0.0452,0.6266,-0.0475,0.6092
speech,would,T2,vix,-6,118,-0.0339,0.7159,0.0204,0.8267
speech,would,T2,vix,-5,118,-0.1284,0.166,-0.0499,0.5914
speech,would,T2,vix,-4,118,-0.0577,0.535,-0.0302,0.7457
speech,would,T2,vix,-3,118,-0.0884,0.3414,-0.1393,0.1325
speech,would,T2,vix,-2,118,-0.1823,0.0482,-0.207,0.0245
speech,would,T2,vix,-1,118,-0.0878,0.3444,-0.1794,0.0519
speech,would,T2,vix,0,118,-0.1991,0.0306,-0.2217,0.0158
speech,would,T2,vix,1,118,-0.1898,0.0396,-0.1959,0.0335
speech,would,T2,vix,2,118,-0.1479,0.1099,-0.1633,0.0773
speech,would,T2,vix,3,117,-0.1393,0.134,-0.1519,0.102
speech,would,T2,vix,4,117,-0.0282,0.7626,-0.1005,0.281
speech,would,T2,vix,5,116,0.0012,0.9899,-0.0984,0.2931
speech,would,T2,vix,6,116,-0.0375,0.6898,-0.1014,0.2787
speech,would,T2,vix,7,115,-0.175,0.0614,-0.1951,0.0366
speech,would,T2,vix,8,114,-0.1749,0.0628,-0.2376,0.0109
speech,would,T2,vix,9,114,-0.0861,0.3621,-0.0299,0.752
statement,ALL,T1,cfnai,-9,101,-0.032,0.7509,-0.232,0.0196
statement,ALL,T1,cfnai,-8,101,-0.0655,0.5153,-0.244,0.0139
statement,ALL,T1,cfnai,-7,101,-0.1178,0.2408,-0.2803,0.0045
statement,ALL,T1,cfnai,-6,101,-0.1254,0.2113,-0.1992,0.0459
statement,ALL,T1,cfnai,-5,101,-0.0917,0.3618,-0.1812,0.0698
statement,ALL,T1,cfnai,-4,101,-0.0405,0.6873,-0.132,0.1883
statement,ALL,T1,cfnai,-3,101,-0.081,0.421,-0.1004,0.318
statement,ALL,T1,cfnai,-2,101,-0.0573,0.569,-0.1242,0.2158
statement,ALL,T1,cfnai,-1,101,-0.0389,0.699,-0.0476,0.6363
statement,ALL,T1,cfnai,0,101,0.0574,0.5685,0.0426,0.6723
statement,ALL,T1,cfnai,1,101,0.233,0.019,0.1211,0.2277
statement,ALL,T1,cfnai,2,101,0.2725,0.0058,0.139,0.1657
statement,ALL,T1,cfnai,3,101,0.3176,0.0012,0.1521,0.1288
statement,ALL,T1,cfnai,4,100,0.0719,0.4774,-0.0039,0.9693
statement,ALL,T1,cfnai,5,99,0.0704,0.4886,0.0353,0.7284
statement,ALL,T1,cfnai,6,99,0.0989,0.3301,0.0498,0.6244
statement,ALL,T1,cfnai,7,98,0.0506,0.6206,0.0141,0.8906
statement,ALL,T1,cfnai,8,97,0.0624,0.5434,0.0105,0.9183
statement,ALL,T1,cfnai,9,97,-0.0272,0.7911,-0.0234,0.8199
statement,ALL,T1,vix,-9,101,0.2286,0.0215,0.2496,0.0118
statement,ALL,T1,vix,-8,101,0.2718,0.006,0.2855,0.0038
statement,ALL,T1,vix,-7,101,0.2083,0.0366,0.1588,0.1126
statement,ALL,T1,vix,-6,101,0.173,0.0837,0.1405,0.1612
statement,ALL,T1,vix,-5,101,0.2105,0.0346,0.1884,0.0592
statement,ALL,T1,vix,-4,101,0.2137,0.0319,0.228,0.0218
statement,ALL,T1,vix,-3,101,0.2119,0.0334,0.2561,0.0097
statement,ALL,T1,vix,-2,101,0.2189,0.0279,0.2227,0.0252
statement,ALL,T1,vix,-1,101,0.1466,0.1434,0.1221,0.2237
statement,ALL,T1,vix,0,101,-0.1479,0.1399,-0.0319,0.7515
statement,ALL,T1,vix,1,101,-0.0751,0.4557,0.0161,0.8732
statement,ALL,T1,vix,2,101,-0.1819,0.0687,-0.0555,0.5817
statement,ALL,T1,vix,3,101,-0.1999,0.045,-0.035,0.7283
statement,ALL,T1,vix,4,100,-0.2009,0.045,-0.0827,0.4134
statement,ALL,T1,vix,5,99,-0.2493,0.0128,-0.1081,0.287
statement,ALL,T1,vix,6,99,-0.3006,0.0025,-0.134,0.1862
statement,ALL,T1,vix,7,98,-0.2425,0.0161,-0.1167,0.2526
statement,ALL,T1,vix,8,97,-0.2251,0.0267,-0.1311,0.2004
statement,ALL,T1,vix,9,97,-0.2407,0.0176,-0.1443,0.1586
statement,ALL,T2,cfnai,-9,91,-0.0325,0.7599,-0.2652,0.0111
statement,ALL,T2,cfnai,-8,91,-0.0476,0.6544,-0.2409,0.0215
statement,ALL,T2,cfnai,-7,91,-0.1033,0.3297,-0.2538,0.0152
statement,ALL,T2,cfnai,-6,91,-0.1049,0.3226,-0.2209,0.0354
statement,ALL,T2,cfnai,-5,91,-0.1403,0.1848,-0.2246,0.0324
statement,ALL,T2,cfnai,-4,91,-0.1785,0.0904,-0.2191,0.037
statement,ALL,T2,cfnai,-3,91,-0.1571,0.1369,-0.1804,0.087
statement,ALL,T2,cfnai,-2,91,-0.1355,0.2004,-0.1783,0.0909
statement,ALL,T2,cfnai,-1,91,-0.0741,0.4851,-0.1071,0.3121
statement,ALL,T2,cfnai,0,91,-0.0628,0.5543,-0.0581,0.5844
statement,ALL,T2,cfnai,1,91,0.0122,0.9088,0.001,0.9927
statement,ALL,T2,cfnai,2,91,0.0093,0.93,0.0198,0.8524
statement,ALL,T2,cfnai,3,91,0.1334,0.2074,0.0264,0.8035
statement,ALL,T2,cfnai,4,90,0.1963,0.0637,-0.0108,0.9193
statement,ALL,T2,cfnai,5,89,0.2478,0.0192,0.0507,0.6372
statement,ALL,T2,cfnai,6,89,0.3036,0.0038,0.1178,0.2716
statement,ALL,T2,cfnai,7,88,0.1563,0.1459,0.1012,0.3483
statement,ALL,T2,cfnai,8,87,0.125,0.2485,0.0776,0.4748
statement,ALL,T2,cfnai,9,87,0.0102,0.9252,0.0409,0.707
statement,ALL,T2,vix,-9,91,0.2531,0.0155,0.2525,0.0157
statement,ALL,T2,vix,-8,91,0.2971,0.0042,0.2775,0.0078
statement,ALL,T2,vix,-7,91,0.2332,0.0261,0.1935,0.0662
statement,ALL,T2,vix,-6,91,0.1378,0.1928,0.1174,0.2677
statement,ALL,T2,vix,-5,91,0.1945,0.0647,0.1763,0.0945
statement,ALL,T2,vix,-4,91,0.143,0.1763,0.1447,0.1712
statement,ALL,T2,vix,-3,91,0.1604,0.1289,0.1821,0.0841
statement,ALL,T2,vix,-2,91,0.1326,0.2102,0.1268,0.2311
statement,ALL,T2,vix,-1,91,0.0985,0.3528,0.0815,0.4423
statement,ALL,T2,vix,0,91,-0.0122,0.9089,-0.0444,0.6757
statement,ALL,T2,vix,1,91,0.0718,0.499,0.0498,0.6395
statement,ALL,T2,vix,2,91,-0.0369,0.7283,-0.0258,0.8083
statement,ALL,T2,vix,3,91,-0.1203,0.2561,0.0127,0.9045
statement,ALL,T2,vix,4,90,-0.1543,0.1464,-0.046,0.6669
statement,ALL,T2,vix,5,89,-0.2303,0.0299,-0.0692,0.5191
statement,ALL,T2,vix,6,89,-0.2769,0.0086,-0.0862,0.4218
statement,ALL,T2,vix,7,88,-0.1855,0.0835,-0.0649,0.5479
statement,ALL,T2,vix,8,87,-0.1813,0.0929,-0.0793,0.4655
statement,ALL,T2,vix,9,87,-0.2091,0.052,-0.0906,0.4041
statement,could,T1,cfnai,-9,101,-0.029,0.7734,-0.0988,0.3257
statement,could,T1,cfnai,-8,101,-0.0195,0.8469,-0.0795,0.4294
statement,could,T1,cfnai,-7,101,-0.0584,0.562,-0.1111,0.2685
statement,could,T1,cfnai,-6,101,-0.0196,0.8458,-0.0585,0.5609
statement,could,T1,cfnai,-5,101,-0.0206,0.8379,-0.0826,0.4113
statement,could,T1,cfnai,-4,101,0.0356,0.7239,-0.0421,0.6756
statement,could,T1,cfnai,-3,101,0.1041,0.3003,-0.0443,0.6602
statement,could,T1,cfnai,-2,101,0.1416,0.1578,-0.0624,0.535
statement,could,T1,cfnai,-1,101,0.135,0.1783,-0.0597,0.5533
statement,could,T1,cfnai,0,101,0.0864,0.3904,-0.0581,0.5636
statement,could,T1,cfnai,1,101,0.1195,0.2341,-0.0409,0.685
statement,could,T1,cfnai,2,101,0.1324,0.1868,-0.0257,0.799
statement,could,T1,cfnai,3,101,0.0709,0.4812,-0.0411,0.6831
statement,could,T1,cfnai,4,100,-0.0435,0.6675,-0.1466,0.1455
statement,could,T1,cfnai,5,99,-0.0567,0.5772,-0.1733,0.0863
statement,could,T1,cfnai,6,99,-0.0137,0.8933,-0.1703,0.0918
statement,could,T1,cfnai,7,98,-0.0043,0.9662,-0.1694,0.0954
statement,could,T1,cfnai,8,97,0.0084,0.9351,-0.1636,0.1093
statement,could,T1,cfnai,9,97,-0.0127,0.9021,-0.1901,0.0621
statement,could,T1,vix,-9,101,0.384,0.0001,0.4364,0.0
statement,could,T1,vix,-8,101,0.3982,0.0,0.4632,0.0
statement,could,T1,vix,-7,101,0.387,0.0001,0.3971,0.0
statement,could,T1,vix,-6,101,0.3585,0.0002,0.3956,0.0
statement,could,T1,vix,-5,101,0.4288,0.0,0.4566,0.0
statement,could,T1,vix,-4,101,0.2998,0.0023,0.4583,0.0
statement,could,T1,vix,-3,101,0.2511,0.0113,0.4525,0.0
statement,could,T1,vix,-2,101,0.3728,0.0001,0.4567,0.0
statement,could,T1,vix,-1,101,0.2151,0.0307,0.3481,0.0004
statement,could,T1,vix,0,101,0.0329,0.7442,0.2842,0.004
statement,could,T1,vix,1,101,0.1389,0.1658,0.289,0.0034
statement,could,T1,vix,2,101,0.0929,0.3557,0.2368,0.0171
statement,could,T1,vix,3,101,0.0691,0.4924,0.2237,0.0245
statement,could,T1,vix,4,100,0.1619,0.1077,0.2635,0.0081
statement,could,T1,vix,5,99,0.0906,0.3726,0.2101,0.0369
statement,could,T1,vix,6,99,0.0135,0.8942,0.1988,0.0485
statement,could,T1,vix,7,98,0.0483,0.6367,0.1657,0.1031
statement,could,T1,vix,8,97,0.0351,0.7327,0.1657,0.1048
statement,could,T1,vix,9,97,0.0069,0.9464,0.1259,0.219
statement,could,T2,cfnai,-9,91,-0.0317,0.7658,-0.1533,0.1468
statement,could,T2,cfnai,-8,91,0.0145,0.8912,-0.114,0.2821
statement,could,T2,cfnai,-7,91,0.0025,0.9814,-0.1447,0.1711
statement,could,T2,cfnai,-6,91,0.043,0.6857,-0.1075,0.3104
statement,could,T2,cfnai,-5,91,-0.0072,0.9463,-0.1517,0.1511
statement,could,T2,cfnai,-4,91,-0.0315,0.767,-0.1615,0.1262
statement,could,T2,cfnai,-3,91,-0.0666,0.5305,-0.1655,0.1168
statement,could,T2,cfnai,-2,91,-0.079,0.4567,-0.1674,0.1127
statement,could,T2,cfnai,-1,91,-0.0984,0.3537,-0.1937,0.0659
statement,could,T2,cfnai,0,91,-0.1122,0.2898,-0.1692,0.1088
statement,could,T2,cfnai,1,91,-0.0879,0.4074,-0.1147,0.2791
statement,could,T2,cfnai,2,91,-0.0567,0.5933,-0.1018,0.3368
statement,could,T2,cfnai,3,91,-0.0138,0.8969,-0.0802,0.4497
statement,could,T2,cfnai,4,90,0.0777,0.4669,-0.1071,0.315
statement,could,T2,cfnai,5,89,0.0728,0.4978,-0.1274,0.2342
statement,could,T2,cfnai,6,89,0.1129,0.2923,-0.0987,0.3574
statement,could,T2,cfnai,7,88,0.0617,0.568,-0.1105,0.3053
statement,could,T2,cfnai,8,87,0.0555,0.6095,-0.1134,0.2957
statement,could,T2,cfnai,9,87,0.0286,0.7927,-0.1251,0.2482
statement,could,T2,vix,-9,91,0.4231,0.0,0.4126,0.0
statement,could,T2,vix,-8,91,0.4704,0.0,0.4481,0.0
statement,could,T2,vix,-7,91,0.4102,0.0001,0.3988,0.0001
statement,could,T2,vix,-6,91,0.3902,0.0001,0.3697,0.0003
statement,could,T2,vix,-5,91,0.45,0.0,0.458,0.0
statement,could,T2,vix,-4,91,0.4652,0.0,0.4629,0.0
statement,could,T2,vix,-3,91,0.4607,0.0,0.4791,0.0
statement,could,T2,vix,-2,91,0.5005,0.0,0.4985,0.0
statement,could,T2,vix,-1,91,0.4457,0.0,0.4378,0.0
statement,could,T2,vix,0,91,0.4149,0.0,0.4146,0.0
statement,could,T2,vix,1,91,0.4168,0.0,0.4331,0.0
statement,could,T2,vix,2,91,0.3973,0.0001,0.3832,0.0002
statement,could,T2,vix,3,91,0.2236,0.0331,0.3702,0.0003
statement,could,T2,vix,4,90,0.3042,0.0036,0.4043,0.0001
statement,could,T2,vix,5,89,0.1718,0.1073,0.3337,0.0014
statement,could,T2,vix,6,89,0.1026,0.3386,0.3406,0.0011
statement,could,T2,vix,7,88,0.1719,0.1092,0.2994,0.0046
statement,could,T2,vix,8,87,0.108,0.3196,0.2924,0.006
statement,could,T2,vix,9,87,0.0536,0.6221,0.2226,0.0382
statement,will,T1,cfnai,-9,101,-0.0529,0.5992,-0.3186,0.0012
statement,will,T1,cfnai,-8,101,-0.0912,0.3646,-0.3055,0.0019
statement,will,T1,cfnai,-7,101,-0.1253,0.2118,-0.2751,0.0054
statement,will,T1,cfnai,-6,101,-0.1501,0.1342,-0.2281,0.0218
statement,will,T1,cfnai,-5,101,-0.093,0.3548,-0.172,0.0854
statement,will,T1,cfnai,-4,101,-0.0796,0.4286,-0.1443,0.1499
statement,will,T1,cfnai,-3,101,-0.2161,0.03,-0.0592,0.5564
statement,will,T1,cfnai,-2,101,-0.2325,0.0193,-0.0492,0.6252
statement,will,T1,cfnai,-1,101,-0.1875,0.0604,0.0676,0.5018
statement,will,T1,cfnai,0,101,-0.0106,0.9165,0.146,0.1451
statement,will,T1,cfnai,1,101,0.2182,0.0284,0.2776,0.0049
statement,will,T1,cfnai,2,101,0.2546,0.0102,0.2614,0.0083
statement,will,T1,cfnai,3,101,0.3522,0.0003,0.3014,0.0022
statement,will,T1,cfnai,4,100,0.1093,0.279,0.2114,0.0348
statement,will,T1,cfnai,5,99,0.1147,0.2583,0.2687,0.0072
statement,will,T1,cfnai,6,99,0.1311,0.1957,0.294,0.0031
statement,will,T1,cfnai,7,98,0.0652,0.5234,0.2693,0.0073
statement,will,T1,cfnai,8,97,0.079,0.4419,0.2515,0.0129
statement,will,T1,cfnai,9,97,-0.0136,0.8951,0.2452,0.0155
statement,will,T1,vix,-9,101,-0.0462,0.6467,-0.0872,0.386
statement,will,T1,vix,-8,101,0.0052,0.9592,-0.0229,0.8202
statement,will,T1,vix,-7,101,-0.0531,0.5982,-0.1034,0.3033
statement,will,T1,vix,-6,101,-0.0635,0.5278,-0.1284,0.2007
statement,will,T1,vix,-5,101,-0.0704,0.4839,-0.1366,0.1731
statement,will,T1,vix,-4,101,0.083,0.4092,-0.1011,0.3144
statement,will,T1,vix,-3,101,0.1331,0.1846,-0.0634,0.5289
statement,will,T1,vix,-2,101,0.0393,0.6967,-0.1132,0.2598
statement,will,T1,vix,-1,101,0.1046,0.298,-0.1043,0.2991
statement,will,T1,vix,0,101,-0.1673,0.0946,-0.2628,0.0079
statement,will,T1,vix,1,101,-0.1121,0.2644,-0.1607,0.1085
statement,will,T1,vix,2,101,-0.1809,0.0702,-0.2373,0.0169
statement,will,T1,vix,3,101,-0.187,0.0611,-0.2149,0.0309
statement,will,T1,vix,4,100,-0.2756,0.0055,-0.3454,0.0004
statement,will,T1,vix,5,99,-0.2749,0.0059,-0.3367,0.0007
statement,will,T1,vix,6,99,-0.2586,0.0098,-0.332,0.0008
statement,will,T1,vix,7,98,-0.2245,0.0262,-0.2571,0.0106
statement,will,T1,vix,8,97,-0.2047,0.0443,-0.2749,0.0064
statement,will,T1,vix,9,97,-0.1834,0.0721,-0.2408,0.0175
statement,will,T2,cfnai,-9,91,-0.0441,0.678,-0.3329,0.0013
statement,will,T2,cfnai,-8,91,-0.0682,0.5206,-0.2864,0.0059
statement,will,T2,cfnai,-7,91,-0.0915,0.3884,-0.2091,0.0467
statement,will,T2,cfnai,-6,91,-0.114,0.2819,-0.1992,0.0584
statement,will,T2,cfnai,-5,91,-0.1072,0.3119,-0.1755,0.0962
statement,will,T2,cfnai,-4,91,-0.1792,0.0892,-0.1844,0.0802
statement,will,T2,cfnai,-3,91,-0.0535,0.6145,-0.0868,0.4131
statement,will,T2,cfnai,-2,91,-0.0669,0.5284,-0.0701,0.509
statement,will,T2,cfnai,-1,91,0.0888,0.4025,0.0699,0.5103
statement,will,T2,cfnai,0,91,0.0713,0.502,0.0928,0.3815
statement,will,T2,cfnai,1,91,0.1988,0.0589,0.1795,0.0887
statement,will,T2,cfnai,2,91,0.1448,0.171,0.1614,0.1263
statement,will,T2,cfnai,3,91,0.2206,0.0356,0.162,0.125
statement,will,T2,cfnai,4,90,0.1508,0.1559,0.1525,0.1512
statement,will,T2,cfnai,5,89,0.2124,0.0457,0.2435,0.0215
statement,will,T2,cfnai,6,89,0.2317,0.0289,0.3132,0.0028
statement,will,T2,cfnai,7,88,0.118,0.2735,0.3197,0.0024
statement,will,T2,cfnai,8,87,0.0917,0.3985,0.2848,0.0075
statement,will,T2,cfnai,9,87,-0.0205,0.8502,0.2701,0.0114
statement,will,T2,vix,-9,91,-0.0756,0.4762,-0.0868,0.4131
statement,will,T2,vix,-8,91,-0.0776,0.4646,-0.0555,0.6013
statement,will,T2,vix,-7,91,-0.0694,0.5131,-0.095,0.3706
statement,will,T2,vix,-6,91,-0.1773,0.0927,-0.1773,0.0926
statement,will,T2,vix,-5,91,-0.1514,0.1519,-0.1829,0.0826
statement,will,T2,vix,-4,91,-0.2079,0.048,-0.2361,0.0243
statement,will,T2,vix,-3,91,-0.1827,0.083,-0.1991,0.0585
statement,will,T2,vix,-2,91,-0.2481,0.0177,-0.3023,0.0036
statement,will,T2,vix,-1,91,-0.2208,0.0354,-0.2619,0.0121
statement,will,T2,vix,0,91,-0.3716,0.0003,-0.4176,0.0
statement,will,T2,vix,1,91,-0.1854,0.0786,-0.2644,0.0113
statement,will,T2,vix,2,91,-0.3048,0.0033,-0.3515,0.0006
statement,will,T2,vix,3,91,-0.2622,0.012,-0.3094,0.0028
statement,will,T2,vix,4,90,-0.391,0.0001,-0.4636,0.0
statement,will,T2,vix,5,89,-0.3621,0.0005,-0.4366,0.0
statement,will,T2,vix,6,89,-0.3342,0.0014,-0.424,0.0
statement,will,T2,vix,7,88,-0.2777,0.0088,-0.3187,0.0025
statement,will,T2,vix,8,87,-0.2331,0.0298,-0.3288,0.0019
statement,will,T2,vix,9,87,-0.1952,0.0699,-0.2712,0.0111
statement,will+continue,T1,cfnai,-9,101,-0.0473,0.6384,-0.2217,0.0259
statement,will+continue,T1,cfnai,-8,101,-0.0809,0.4211,-0.1958,0.0497
statement,will+continue,T1,cfnai,-7,101,-0.1074,0.2849,-0.2388,0.0162
statement,will+continue,T1,cfnai,-6,101,-0.0636,0.5274,-0.1809,0.0702
statement,will+continue,T1,cfnai,-5,101,-0.0122,0.9034,-0.1679,0.0932
statement,will+continue,T1,cfnai,-4,101,0.0104,0.9177,-0.131,0.1917
statement,will+continue,T1,cfnai,-3,101,-0.0502,0.6182,-0.1336,0.1828
statement,will+continue,T1,cfnai,-2,101,-0.0524,0.603,-0.1638,0.1018
statement,will+continue,T1,cfnai,-1,101,-0.0896,0.3728,-0.2083,0.0366
statement,will+continue,T1,cfnai,0,101,-0.1065,0.289,-0.1703,0.0886
statement,will+continue,T1,cfnai,1,101,-0.0033,0.9736,-0.1326,0.1862
statement,will+continue,T1,cfnai,2,101,0.0113,0.9108,-0.1441,0.1506
statement,will+continue,T1,cfnai,3,101,0.0648,0.5196,-0.0752,0.4551
statement,will+continue,T1,cfnai,4,100,-0.0033,0.9743,-0.1078,0.2857
statement,will+continue,T1,cfnai,5,99,-0.0233,0.8193,-0.126,0.214
statement,will+continue,T1,cfnai,6,99,-0.0031,0.9755,-0.0908,0.3713
statement,will+continue,T1,cfnai,7,98,0.0036,0.9719,-0.0503,0.6227
statement,will+continue,T1,cfnai,8,97,0.0143,0.8892,-0.0324,0.7525
statement,will+continue,T1,cfnai,9,97,0.0289,0.779,-0.0015,0.9881
statement,will+continue,T1,vix,-9,101,0.4081,0.0,0.4545,0.0
statement,will+continue,T1,vix,-8,101,0.3972,0.0,0.4842,0.0
statement,will+continue,T1,vix,-7,101,0.3934,0.0,0.4351,0.0
statement,will+continue,T1,vix,-6,101,0.3028,0.0021,0.3613,0.0002
statement,will+continue,T1,vix,-5,101,0.3703,0.0001,0.4099,0.0
statement,will+continue,T1,vix,-4,101,0.3774,0.0001,0.4948,0.0
statement,will+continue,T1,vix,-3,101,0.3553,0.0003,0.4668,0.0
statement,will+continue,T1,vix,-2,101,0.4458,0.0,0.5183,0.0
statement,will+continue,T1,vix,-1,101,0.3789,0.0001,0.4307,0.0
statement,will+continue,T1,vix,0,101,0.1824,0.068,0.3506,0.0003
statement,will+continue,T1,vix,1,101,0.2686,0.0066,0.3996,0.0
statement,will+continue,T1,vix,2,101,0.2166,0.0296,0.336,0.0006
statement,will+continue,T1,vix,3,101,0.222,0.0257,0.3435,0.0004
statement,will+continue,T1,vix,4,100,0.257,0.0098,0.3481,0.0004
statement,will+continue,T1,vix,5,99,0.2141,0.0333,0.3383,0.0006
statement,will+continue,T1,vix,6,99,0.1836,0.0688,0.3374,0.0006
statement,will+continue,T1,vix,7,98,0.1918,0.0585,0.2899,0.0038
statement,will+continue,T1,vix,8,97,0.1916,0.0601,0.3087,0.0021
statement,will+continue,T1,vix,9,97,0.1029,0.3158,0.2366,0.0197
statement,will+continue,T2,cfnai,-9,91,-0.0268,0.8011,-0.1812,0.0856
statement,will+continue,T2,cfnai,-8,91,0.0028,0.979,-0.1503,0.155
statement,will+continue,T2,cfnai,-7,91,-0.0163,0.878,-0.1773,0.0926
statement,will+continue,T2,cfnai,-6,91,0.0285,0.7888,-0.1158,0.2742
statement,will+continue,T2,cfnai,-5,91,-0.0335,0.7524,-0.1609,0.1275
statement,will+continue,T2,cfnai,-4,91,-0.0458,0.6661,-0.133,0.2089
statement,will+continue,T2,cfnai,-3,91,-0.0947,0.3721,-0.1486,0.1597
statement,will+continue,T2,cfnai,-2,91,-0.0917,0.3871,-0.1797,0.0883
statement,will+continue,T2,cfnai,-1,91,-0.1317,0.2133,-0.2269,0.0305
statement,will+continue,T2,cfnai,0,91,-0.1571,0.1371,-0.2149,0.0408
statement,will+continue,T2,cfnai,1,91,-0.1492,0.1581,-0.2009,0.0562
statement,will+continue,T2,cfnai,2,91,-0.14,0.1858,-0.1864,0.0769
statement,will+continue,T2,cfnai,3,91,-0.1594,0.1313,-0.1801,0.0875
statement,will+continue,T2,cfnai,4,90,-0.051,0.6331,-0.1963,0.0638
statement,will+continue,T2,cfnai,5,89,-0.0655,0.5418,-0.2091,0.0492
statement,will+continue,T2,cfnai,6,89,-0.0415,0.6994,-0.1861,0.0808
statement,will+continue,T2,cfnai,7,88,-0.0163,0.8801,-0.1243,0.2487
statement,will+continue,T2,cfnai,8,87,-0.0167,0.8783,-0.1073,0.3227
statement,will+continue,T2,cfnai,9,87,0.0106,0.9222,-0.0737,0.4976
statement,will+continue,T2,vix,-9,91,0.4604,0.0,0.4979,0.0
statement,will+continue,T2,vix,-8,91,0.4799,0.0,0.5043,0.0
statement,will+continue,T2,vix,-7,91,0.4381,0.0,0.4691,0.0
statement,will+continue,T2,vix,-6,91,0.3563,0.0005,0.3785,0.0002
statement,will+continue,T2,vix,-5,91,0.4084,0.0001,0.4325,0.0
statement,will+continue,T2,vix,-4,91,0.4752,0.0,0.5117,0.0
statement,will+continue,T2,vix,-3,91,0.4304,0.0,0.4759,0.0
statement,will+continue,T2,vix,-2,91,0.465,0.0,0.5106,0.0
statement,will+continue,T2,vix,-1,91,0.3617,0.0004,0.4093,0.0001
statement,will+continue,T2,vix,0,91,0.3016,0.0037,0.3483,0.0007
statement,will+continue,T2,vix,1,91,0.3437,0.0009,0.4054,0.0001
statement,will+continue,T2,vix,2,91,0.2692,0.0099,0.3269,0.0016
statement,will+continue,T2,vix,3,91,0.225,0.032,0.3433,0.0009
statement,will+continue,T2,vix,4,90,0.2621,0.0126,0.3573,0.0005
statement,will+continue,T2,vix,5,89,0.1948,0.0674,0.3391,0.0012
statement,will+continue,T2,vix,6,89,0.1714,0.1083,0.3572,0.0006
statement,will+continue,T2,vix,7,88,0.198,0.0644,0.3032,0.0041
statement,will+continue,T2,vix,8,87,0.1924,0.0742,0.3284,0.0019
statement,will+continue,T2,vix,9,87,0.0948,0.3823,0.2426,0.0235
statement,will+take,T1,cfnai,-9,101,0.057,0.5709,0.1902,0.0567
statement,will+take,T1,cfnai,-8,101,0.034,0.7354,0.0261,0.7956
statement,will+take,T1,cfnai,-7,101,0.0456,0.6505,-0.0106,0.9159
statement,will+take,T1,cfnai,-6,101,-0.0203,0.8403,-0.0216,0.8303
statement,will+take,T1,cfnai,-5,101,-0.0281,0.7801,-0.0715,0.4776
statement,will+take,T1,cfnai,-4,101,-0.0529,0.5993,-0.0951,0.344
statement,will+take,T1,cfnai,-3,101,-0.016,0.8735,-0.1607,0.1084
statement,will+take,T1,cfnai,-2,101,-0.0308,0.7601,-0.2214,0.0261
statement,will+take,T1,cfnai,-1,101,-0.0678,0.5008,-0.2791,0.0047
statement,will+take,T1,cfnai,0,101,0.0191,0.8497,-0.2288,0.0213
statement,will+take,T1,cfnai,1,101,0.2185,0.0282,-0.2835,0.0041
statement,will+take,T1,cfnai,2,101,0.2189,0.0278,-0.3444,0.0004
statement,will+take,T1,cfnai,3,101,-0.011,0.9131,-0.3919,0.0001
statement,will+take,T1,cfnai,4,100,-0.3379,0.0006,-0.6075,0.0
statement,will+take,T1,cfnai,5,99,-0.3737,0.0001,-0.6381,0.0
statement,will+take,T1,cfnai,6,99,-0.1992,0.0481,-0.6022,0.0
statement,will+take,T1,cfnai,7,98,-0.1132,0.2671,-0.5506,0.0
statement,will+take,T1,cfnai,8,97,-0.1533,0.1339,-0.5641,0.0
statement,will+take,T1,cfnai,9,97,-0.1045,0.3084,-0.5137,0.0
statement,will+take,T1,vix,-9,101,0.2189,0.0278,0.1738,0.0822
statement,will+take,T1,vix,-8,101,0.2188,0.028,0.1998,0.0452
statement,will+take,T1,vix,-7,101,0.1873,0.0607,0.1047,0.2976
statement,will+take,T1,vix,-6,101,0.1518,0.1297,0.1509,0.132
statement,will+take,T1,vix,-5,101,0.2072,0.0376,0.1939,0.052
statement,will+take,T1,vix,-4,101,0.164,0.1012,0.2346,0.0182
statement,will+take,T1,vix,-3,101,0.0908,0.3666,0.1919,0.0545
statement,will+take,T1,vix,-2,101,0.1785,0.0741,0.2317,0.0197
statement,will+take,T1,vix,-1,101,0.0517,0.6075,0.131,0.1916
statement,will+take,T1,vix,0,101,-0.2493,0.0119,0.0591,0.5569
statement,will+take,T1,vix,1,101,-0.2031,0.0416,0.0667,0.5076
statement,will+take,T1,vix,2,101,-0.0948,0.3456,0.0868,0.3881
statement,will+take,T1,vix,3,101,-0.057,0.5712,0.1179,0.2403
statement,will+take,T1,vix,4,100,-0.0492,0.6266,0.1632,0.1047
statement,will+take,T1,vix,5,99,-0.0392,0.7002,0.1001,0.324
statement,will+take,T1,vix,6,99,-0.1303,0.1988,0.0342,0.737
statement,will+take,T1,vix,7,98,-0.1774,0.0806,0.0139,0.8916
statement,will+take,T1,vix,8,97,-0.1081,0.292,0.0489,0.6345
statement,will+take,T1,vix,9,97,-0.0886,0.3879,0.0073,0.9436
statement,will+take,T2,cfnai,-9,91,0.0389,0.7145,0.1414,0.1811
statement,will+take,T2,cfnai,-8,91,-0.0446,0.6749,-0.0264,0.8036
statement,will+take,T2,cfnai,-7,91,-0.1029,0.3319,-0.0605,0.569
statement,will+take,T2,cfnai,-6,91,-0.2051,0.0512,-0.1452,0.1696
statement,will+take,T2,cfnai,-5,91,-0.2191,0.0369,-0.1973,0.0609
statement,will+take,T2,cfnai,-4,91,-0.2546,0.0149,-0.2079,0.048
statement,will+take,T2,cfnai,-3,91,-0.2993,0.004,-0.2697,0.0097
statement,will+take,T2,cfnai,-2,91,-0.3017,0.0037,-0.244,0.0197
statement,will+take,T2,cfnai,-1,91,-0.37,0.0003,-0.3434,0.0009
statement,will+take,T2,cfnai,0,91,-0.37,0.0003,-0.3229,0.0018
statement,will+take,T2,cfnai,1,91,-0.4203,0.0,-0.3808,0.0002
statement,will+take,T2,cfnai,2,91,-0.4368,0.0,-0.4628,0.0
statement,will+take,T2,cfnai,3,91,-0.3963,0.0001,-0.5002,0.0
statement,will+take,T2,cfnai,4,90,-0.154,0.1473,-0.5506,0.0
statement,will+take,T2,cfnai,5,89,-0.1784,0.0944,-0.5908,0.0
statement,will+take,T2,cfnai,6,89,-0.1216,0.2563,-0.5763,0.0
statement,will+take,T2,cfnai,7,88,-0.0639,0.5541,-0.5219,0.0
statement,will+take,T2,cfnai,8,87,-0.0934,0.3893,-0.534,0.0
statement,will+take,T2,cfnai,9,87,-0.0515,0.6357,-0.4777,0.0
statement,will+take,T2,vix,-9,91,0.3155,0.0023,0.2048,0.0515
statement,will+take,T2,vix,-8,91,0.359,0.0005,0.1938,0.0657
statement,will+take,T2,vix,-7,91,0.3175,0.0022,0.19,0.0712
statement,will+take,T2,vix,-6,91,0.2907,0.0052,0.215,0.0407
statement,will+take,T2,vix,-5,91,0.3058,0.0032,0.2476,0.018
statement,will+take,T2,vix,-4,91,0.292,0.005,0.25,0.0168
statement,will+take,T2,vix,-3,91,0.2179,0.038,0.2264,0.0309
statement,will+take,T2,vix,-2,91,0.2976,0.0042,0.3015,0.0037
statement,will+take,T2,vix,-1,91,0.2341,0.0256,0.2642,0.0114
statement,will+take,T2,vix,0,91,0.1667,0.1142,0.242,0.0208
statement,will+take,T2,vix,1,91,0.1173,0.268,0.2426,0.0205
statement,will+take,T2,vix,2,91,0.0993,0.3492,0.2533,0.0154
statement,will+take,T2,vix,3,91,0.1017,0.3373,0.2728,0.0089
statement,will+take,T2,vix,4,90,0.0941,0.3779,0.3149,0.0025
statement,will+take,T2,vix,5,89,0.0265,0.8053,0.2179,0.0402
statement,will+take,T2,vix,6,89,-0.0322,0.7646,0.1567,0.1426
statement,will+take,T2,vix,7,88,-0.0455,0.6737,0.1255,0.244
statement,will+take,T2,vix,8,87,-0.0385,0.7234,0.1564,0.148
statement,will+take,T2,vix,9,87,-0.0637,0.5577,0.0764,0.4821
statement,would,T1,cfnai,-9,101,-0.0029,0.9768,-0.0314,0.7556
statement,would,T1,cfnai,-8,101,-0.0036,0.9716,-0.0268,0.7899
statement,would,T1,cfnai,-7,101,-0.0483,0.6315,-0.0937,0.3514
statement,would,T1,cfnai,-6,101,-0.0009,0.9932,-0.0146,0.8844
statement,would,T1,cfnai,-5,101,-0.0173,0.8637,-0.0654,0.5159
statement,would,T1,cfnai,-4,101,0.0558,0.5796,-0.0014,0.9893
statement,would,T1,cfnai,-3,101,0.1057,0.2929,-0.0221,0.8262
statement,would,T1,cfnai,-2,101,0.1529,0.1269,-0.0183,0.8561
statement,would,T1,cfnai,-1,101,0.1398,0.1631,-0.0329,0.7441
statement,would,T1,cfnai,0,101,0.0918,0.361,-0.0298,0.7671
statement,would,T1,cfnai,1,101,0.118,0.2398,-0.0254,0.801
statement,would,T1,cfnai,2,101,0.133,0.1848,-0.0179,0.8587
statement,would,T1,cfnai,3,101,0.0753,0.4544,-0.0304,0.7625
statement,would,T1,cfnai,4,100,-0.0342,0.7357,-0.1167,0.2474
statement,would,T1,cfnai,5,99,-0.0409,0.6874,-0.144,0.155
statement,would,T1,cfnai,6,99,-0.0035,0.9724,-0.1404,0.1657
statement,would,T1,cfnai,7,98,0.0017,0.9866,-0.1423,0.1622
statement,would,T1,cfnai,8,97,0.0157,0.8787,-0.1336,0.192
statement,would,T1,cfnai,9,97,-0.0076,0.9411,-0.1717,0.0927
statement,would,T1,vix,-9,101,0.4048,0.0,0.4657,0.0
statement,would,T1,vix,-8,101,0.4189,0.0,0.4951,0.0
statement,would,T1,vix,-7,101,0.4069,0.0,0.4275,0.0
statement,would,T1,vix,-6,101,0.3707,0.0001,0.4132,0.0
statement,would,T1,vix,-5,101,0.429,0.0,0.463,0.0
statement,would,T1,vix,-4,101,0.3047,0.0019,0.4678,0.0
statement,would,T1,vix,-3,101,0.241,0.0152,0.4387,0.0
statement,would,T1,vix,-2,101,0.3703,0.0001,0.4608,0.0
statement,would,T1,vix,-1,101,0.2065,0.0383,0.3453,0.0004
statement,would,T1,vix,0,101,0.0372,0.7117,0.2989,0.0024
statement,would,T1,vix,1,101,0.1373,0.171,0.2986,0.0024
statement,would,T1,vix,2,101,0.1048,0.2968,0.2694,0.0064
statement,would,T1,vix,3,101,0.0799,0.427,0.2569,0.0095
statement,would,T1,vix,4,100,0.1716,0.0878,0.2877,0.0037
statement,would,T1,vix,5,99,0.1192,0.2399,0.2654,0.0079
statement,would,T1,vix,6,99,0.0397,0.6967,0.2274,0.0236
statement,would,T1,vix,7,98,0.0762,0.4557,0.194,0.0556
statement,would,T1,vix,8,97,0.1039,0.3111,0.2436,0.0162
statement,would,T1,vix,9,97,0.0464,0.6521,0.1694,0.0972
statement,would,T2,cfnai,-9,91,-0.0045,0.9665,-0.0727,0.4936
statement,would,T2,cfnai,-8,91,0.0336,0.7516,-0.0535,0.6148
statement,would,T2,cfnai,-7,91,0.0167,0.8755,-0.1231,0.2449
statement,would,T2,cfnai,-6,91,0.0686,0.5184,-0.0541,0.6103
statement,would,T2,cfnai,-5,91,-0.0023,0.9828,-0.1284,0.2252
statement,would,T2,cfnai,-4,91,0.0443,0.677,-0.1025,0.3335
statement,would,T2,cfnai,-3,91,-0.042,0.6925,-0.1303,0.2183
statement,would,T2,cfnai,-2,91,0.0094,0.9296,-0.1064,0.3153
statement,would,T2,cfnai,-1,91,-0.0582,0.584,-0.1497,0.1566
statement,would,T2,cfnai,0,91,-0.0648,0.5417,-0.1248,0.2385
statement,would,T2,cfnai,1,91,-0.0642,0.5455,-0.0859,0.4182
statement,would,T2,cfnai,2,91,-0.0244,0.8187,-0.0836,0.4305
statement,would,T2,cfnai,3,91,0.017,0.8729,-0.061,0.5659
statement,would,T2,cfnai,4,90,0.0889,0.4045,-0.0707,0.5076
statement,would,T2,cfnai,5,89,0.0913,0.3946,-0.0918,0.3921
statement,would,T2,cfnai,6,89,0.1213,0.2573,-0.0634,0.555
statement,would,T2,cfnai,7,88,0.066,0.541,-0.0779,0.4706
statement,would,T2,cfnai,8,87,0.0621,0.5676,-0.0764,0.4819
statement,would,T2,cfnai,9,87,0.0325,0.765,-0.1067,0.3252
statement,would,T2,vix,-9,91,0.4521,0.0,0.4466,0.0
statement,would,T2,vix,-8,91,0.5047,0.0,0.4865,0.0
statement,would,T2,vix,-7,91,0.437,0.0,0.4324,0.0
statement,would,T2,vix,-6,91,0.4125,0.0,0.3933,0.0001
statement,would,T2,vix,-5,91,0.4531,0.0,0.4655,0.0
statement,would,T2,vix,-4,91,0.4718,0.0,0.4772,0.0
statement,would,T2,vix,-3,91,0.4424,0.0,0.4648,0.0
statement,would,T2,vix,-2,91,0.4965,0.0,0.5043,0.0
statement,would,T2,vix,-1,91,0.4285,0.0,0.4327,0.0
statement,would,T2,vix,0,91,0.4125,0.0,0.429,0.0
statement,would,T2,vix,1,91,0.4074,0.0001,0.4399,0.0
statement,would,T2,vix,2,91,0.4092,0.0001,0.4176,0.0
statement,would,T2,vix,3,91,0.232,0.0269,0.4047,0.0001
statement,would,T2,vix,4,90,0.3113,0.0028,0.4266,0.0
statement,would,T2,vix,5,89,0.2003,0.0598,0.3902,0.0002
statement,would,T2,vix,6,89,0.1283,0.2309,0.3648,0.0004
statement,would,T2,vix,7,88,0.1991,0.063,0.3238,0.0021
statement,would,T2,vix,8,87,0.1792,0.0967,0.367,0.0005
statement,would,T2,vix,9,87,0.0935,0.389,0.2625,0.014
