layer,unit,n_tokens,zero_share,spec,var,label,coef,se,p,stars,n,r2,adj_r2
min_boilerplate,may/other,84,0.889,(3),const,const,0.32989,0.16122,0.04074,**,99,0.00665,-0.01405
min_boilerplate,may/other,84,0.889,(3),cfnai_ma3_lag2,CFNAI-MA3,0.02651,0.01934,0.17053,,99,0.00665,-0.01405
min_boilerplate,may/other,84,0.889,(3),vix_pre28,VIX,-0.00636,0.00753,0.39894,,99,0.00665,-0.01405
min_boilerplate,may/other,84,0.889,(6) excl-2020,const,const,0.27713,0.2325,0.23328,,91,0.04948,0.02787
min_boilerplate,may/other,84,0.889,(6) excl-2020,cfnai_ma3_lag2,CFNAI-MA3,0.57237,0.28741,0.04643,**,91,0.04948,0.02787
min_boilerplate,may/other,84,0.889,(6) excl-2020,vix_pre28,VIX,-0.00349,0.01263,0.78214,,91,0.04948,0.02787
min_boilerplate,may/other,84,0.889,(7) Δ,const,const,-0.01836,0.04164,0.65932,,98,0.01482,-0.00592
min_boilerplate,may/other,84,0.889,(7) Δ,d_cfnai,ΔCFNAI,0.02139,0.02299,0.35214,,98,0.01482,-0.00592
min_boilerplate,may/other,84,0.889,(7) Δ,d_vix,ΔVIX,-0.02245,0.0254,0.37678,,98,0.01482,-0.00592
min_boilerplate,may/other,84,0.889,(8) Δ excl-2020,const,const,-0.01108,0.04258,0.79478,,90,0.02454,0.00212
min_boilerplate,may/other,84,0.889,(8) Δ excl-2020,d_cfnai,ΔCFNAI,0.68084,0.54806,0.21414,,90,0.02454,0.00212
min_boilerplate,may/other,84,0.889,(8) Δ excl-2020,d_vix,ΔVIX,0.0003,0.02793,0.99153,,90,0.02454,0.00212
min_boilerplate,would/causative,28,0.879,(3),const,const,0.17521,0.08879,0.04846,**,99,0.00775,-0.01292
min_boilerplate,would/causative,28,0.879,(3),cfnai_ma3_lag2,CFNAI-MA3,0.00337,0.00405,0.40614,,99,0.00775,-0.01292
min_boilerplate,would/causative,28,0.879,(3),vix_pre28,VIX,-0.00455,0.00351,0.19452,,99,0.00775,-0.01292
min_boilerplate,would/causative,28,0.879,(6) excl-2020,const,const,0.15176,0.10599,0.15222,,91,0.00309,-0.01957
min_boilerplate,would/causative,28,0.879,(6) excl-2020,cfnai_ma3_lag2,CFNAI-MA3,0.05335,0.10072,0.59635,,91,0.00309,-0.01957
min_boilerplate,would/causative,28,0.879,(6) excl-2020,vix_pre28,VIX,-0.00326,0.00504,0.51752,,91,0.00309,-0.01957
min_boilerplate,would/causative,28,0.879,(7) Δ,const,const,-0.00657,0.01874,0.72581,,98,4e-05,-0.02101
min_boilerplate,would/causative,28,0.879,(7) Δ,d_cfnai,ΔCFNAI,0.00082,0.00642,0.89827,,98,4e-05,-0.02101
min_boilerplate,would/causative,28,0.879,(7) Δ,d_vix,ΔVIX,-0.00058,0.00782,0.94066,,98,4e-05,-0.02101
min_boilerplate,would/causative,28,0.879,(8) Δ excl-2020,const,const,-0.00631,0.02107,0.76466,,90,0.00653,-0.01631
min_boilerplate,would/causative,28,0.879,(8) Δ excl-2020,d_cfnai,ΔCFNAI,0.04349,0.23953,0.85592,,90,0.00653,-0.01631
min_boilerplate,would/causative,28,0.879,(8) Δ excl-2020,d_vix,ΔVIX,0.00861,0.00885,0.33061,,90,0.00653,-0.01631
min_committee,would/copular_adj,126,0.232,(3),const,const,-0.04396,1.10248,0.96819,,99,0.21804,0.20175
min_committee,would/copular_adj,126,0.232,(3),cfnai_ma3_lag2,CFNAI-MA3,0.38178,0.12554,0.00236,***,99,0.21804,0.20175
min_committee,would/copular_adj,126,0.232,(3),vix_pre28,VIX,0.12877,0.06552,0.04936,**,99,0.21804,0.20175
min_committee,would/copular_adj,126,0.232,(6) excl-2020,const,const,-1.25725,0.76726,0.10129,,91,0.36864,0.35429
min_committee,would/copular_adj,126,0.232,(6) excl-2020,cfnai_ma3_lag2,CFNAI-MA3,1.18956,0.69443,0.08671,*,91,0.36864,0.35429
min_committee,would/copular_adj,126,0.232,(6) excl-2020,vix_pre28,VIX,0.20414,0.04299,0.0,***,91,0.36864,0.35429
min_committee,would/copular_adj,126,0.232,(7) Δ,const,const,0.00178,0.08468,0.98324,,98,0.03113,0.01073
min_committee,would/copular_adj,126,0.232,(7) Δ,d_cfnai,ΔCFNAI,0.15008,0.11203,0.18038,,98,0.03113,0.01073
min_committee,would/copular_adj,126,0.232,(7) Δ,d_vix,ΔVIX,-0.01101,0.02445,0.65247,,98,0.03113,0.01073
min_committee,would/copular_adj,126,0.232,(8) Δ excl-2020,const,const,-0.05837,0.07628,0.44417,,90,0.00323,-0.01968
min_committee,would/copular_adj,126,0.232,(8) Δ excl-2020,d_cfnai,ΔCFNAI,-0.11523,0.51068,0.82149,,90,0.00323,-0.01968
min_committee,would/copular_adj,126,0.232,(8) Δ excl-2020,d_vix,ΔVIX,0.01589,0.02747,0.56309,,90,0.00323,-0.01968
min_committee,would/aspectual,116,0.212,(3),const,const,-0.03544,0.50461,0.94401,,99,0.21267,0.19626
min_committee,would/aspectual,116,0.212,(3),cfnai_ma3_lag2,CFNAI-MA3,-0.15397,0.06347,0.01528,**,99,0.21267,0.19626
min_committee,would/aspectual,116,0.212,(3),vix_pre28,VIX,0.11487,0.02325,0.0,***,99,0.21267,0.19626
min_committee,would/aspectual,116,0.212,(6) excl-2020,const,const,-0.30757,0.68076,0.65141,,91,0.16179,0.14274
min_committee,would/aspectual,116,0.212,(6) excl-2020,cfnai_ma3_lag2,CFNAI-MA3,-0.11933,1.19065,0.92017,,91,0.16179,0.14274
min_committee,would/aspectual,116,0.212,(6) excl-2020,vix_pre28,VIX,0.13302,0.03701,0.00033,***,91,0.16179,0.14274
min_committee,would/aspectual,116,0.212,(7) Δ,const,const,0.01176,0.05705,0.83671,,98,0.06957,0.04999
min_committee,would/aspectual,116,0.212,(7) Δ,d_cfnai,ΔCFNAI,-0.21377,0.05833,0.00025,***,98,0.06957,0.04999
min_committee,would/aspectual,116,0.212,(7) Δ,d_vix,ΔVIX,0.03399,0.03822,0.37383,,98,0.06957,0.04999
min_committee,would/aspectual,116,0.212,(8) Δ excl-2020,const,const,-0.01106,0.06343,0.86153,,90,0.03348,0.01126
min_committee,would/aspectual,116,0.212,(8) Δ excl-2020,d_cfnai,ΔCFNAI,0.84311,0.80077,0.2924,,90,0.03348,0.01126
min_committee,would/aspectual,116,0.212,(8) Δ excl-2020,d_vix,ΔVIX,-0.03517,0.02818,0.2121,,90,0.03348,0.01126
min_committee,would/activity,108,0.162,(3),const,const,0.66546,0.36124,0.06546,*,99,0.17896,0.16185
min_committee,would/activity,108,0.162,(3),cfnai_ma3_lag2,CFNAI-MA3,-0.22614,0.02934,0.0,***,99,0.17896,0.16185
min_committee,would/activity,108,0.162,(3),vix_pre28,VIX,0.0682,0.0142,0.0,***,99,0.17896,0.16185
min_committee,would/activity,108,0.162,(6) excl-2020,const,const,0.62117,0.45631,0.17343,,91,0.08723,0.06649
min_committee,would/activity,108,0.162,(6) excl-2020,cfnai_ma3_lag2,CFNAI-MA3,-0.01189,0.58729,0.98385,,91,0.08723,0.06649
min_committee,would/activity,108,0.162,(6) excl-2020,vix_pre28,VIX,0.06843,0.02272,0.00259,***,91,0.08723,0.06649
min_committee,would/activity,108,0.162,(7) Δ,const,const,-0.00104,0.05966,0.98613,,98,0.07659,0.05714
min_committee,would/activity,108,0.162,(7) Δ,d_cfnai,ΔCFNAI,-0.20286,0.04833,3e-05,***,98,0.07659,0.05714
min_committee,would/activity,108,0.162,(7) Δ,d_vix,ΔVIX,0.02632,0.02844,0.35473,,98,0.07659,0.05714
min_committee,would/activity,108,0.162,(8) Δ excl-2020,const,const,-0.0148,0.06244,0.81258,,90,0.05751,0.03584
min_committee,would/activity,108,0.162,(8) Δ excl-2020,d_cfnai,ΔCFNAI,-0.05646,0.4216,0.89348,,90,0.05751,0.03584
min_committee,would/activity,108,0.162,(8) Δ excl-2020,d_vix,ΔVIX,0.05914,0.02808,0.03516,**,90,0.05751,0.03584
min_committee,would/occurrence,89,0.556,(3),const,const,2.66255,0.54283,0.0,***,99,0.10887,0.0903
min_committee,would/occurrence,89,0.556,(3),cfnai_ma3_lag2,CFNAI-MA3,0.02972,0.04314,0.49093,,99,0.10887,0.0903
min_committee,would/occurrence,89,0.556,(3),vix_pre28,VIX,-0.0834,0.02383,0.00047,***,99,0.10887,0.0903
min_committee,would/occurrence,89,0.556,(6) excl-2020,const,const,2.9404,0.6512,1e-05,***,91,0.08624,0.06547
min_committee,would/occurrence,89,0.556,(6) excl-2020,cfnai_ma3_lag2,CFNAI-MA3,0.45713,0.74937,0.54185,,91,0.08624,0.06547
min_committee,would/occurrence,89,0.556,(6) excl-2020,vix_pre28,VIX,-0.0978,0.03412,0.00415,***,91,0.08624,0.06547
min_committee,would/occurrence,89,0.556,(7) Δ,const,const,-0.0395,0.08164,0.6285,,98,0.00056,-0.02048
min_committee,would/occurrence,89,0.556,(7) Δ,d_cfnai,ΔCFNAI,-0.00139,0.01721,0.93567,,98,0.00056,-0.02048
min_committee,would/occurrence,89,0.556,(7) Δ,d_vix,ΔVIX,-0.0064,0.02849,0.82234,,98,0.00056,-0.02048
min_committee,would/occurrence,89,0.556,(8) Δ excl-2020,const,const,-0.04745,0.08829,0.59102,,90,0.00217,-0.02077
min_committee,would/occurrence,89,0.556,(8) Δ excl-2020,d_cfnai,ΔCFNAI,-0.24197,0.43523,0.57823,,90,0.00217,-0.02077
min_committee,would/occurrence,89,0.556,(8) Δ excl-2020,d_vix,ΔVIX,-0.00973,0.04617,0.83312,,90,0.00217,-0.02077
min_committee,would/mental,71,0.414,(3),const,const,1.2458,0.5314,0.01906,**,99,0.16689,0.14953
min_committee,would/mental,71,0.414,(3),cfnai_ma3_lag2,CFNAI-MA3,-0.46923,0.07826,0.0,***,99,0.16689,0.14953
min_committee,would/mental,71,0.414,(3),vix_pre28,VIX,-0.00143,0.02936,0.96111,,99,0.16689,0.14953
min_committee,would/mental,71,0.414,(6) excl-2020,const,const,1.51486,0.5556,0.0064,***,91,0.15634,0.13717
min_committee,would/mental,71,0.414,(6) excl-2020,cfnai_ma3_lag2,CFNAI-MA3,-1.88426,0.47169,6e-05,***,91,0.15634,0.13717
min_committee,would/mental,71,0.414,(6) excl-2020,vix_pre28,VIX,-0.02069,0.03201,0.51794,,91,0.15634,0.13717
min_committee,would/mental,71,0.414,(7) Δ,const,const,0.05352,0.06724,0.42602,,98,0.098,0.07901
min_committee,would/mental,71,0.414,(7) Δ,d_cfnai,ΔCFNAI,-0.23986,0.06167,0.0001,***,98,0.098,0.07901
min_committee,would/mental,71,0.414,(7) Δ,d_vix,ΔVIX,0.01875,0.02668,0.48219,,98,0.098,0.07901
min_committee,would/mental,71,0.414,(8) Δ excl-2020,const,const,0.07949,0.06938,0.25192,,90,0.00482,-0.01805
min_committee,would/mental,71,0.414,(8) Δ excl-2020,d_cfnai,ΔCFNAI,-0.19525,0.5412,0.71826,,90,0.00482,-0.01805
min_committee,would/mental,71,0.414,(8) Δ excl-2020,d_vix,ΔVIX,0.0152,0.0391,0.69757,,90,0.00482,-0.01805
min_committee,would/policy_action,56,0.626,(3),const,const,1.93445,0.6128,0.0016,***,99,0.10166,0.08294
min_committee,would/policy_action,56,0.626,(3),cfnai_ma3_lag2,CFNAI-MA3,0.00838,0.02784,0.76333,,99,0.10166,0.08294
min_committee,would/policy_action,56,0.626,(3),vix_pre28,VIX,-0.06519,0.02789,0.0194,**,99,0.10166,0.08294
min_committee,would/policy_action,56,0.626,(6) excl-2020,const,const,2.48145,0.7158,0.00053,***,91,0.12968,0.1099
min_committee,would/policy_action,56,0.626,(6) excl-2020,cfnai_ma3_lag2,CFNAI-MA3,0.31701,0.60827,0.60225,,91,0.12968,0.1099
min_committee,would/policy_action,56,0.626,(6) excl-2020,vix_pre28,VIX,-0.09745,0.0347,0.00498,***,91,0.12968,0.1099
min_committee,would/policy_action,56,0.626,(7) Δ,const,const,-0.03026,0.06903,0.66113,,98,0.0594,0.0396
min_committee,would/policy_action,56,0.626,(7) Δ,d_cfnai,ΔCFNAI,-0.04051,0.03355,0.22736,,98,0.0594,0.0396
min_committee,would/policy_action,56,0.626,(7) Δ,d_vix,ΔVIX,0.05567,0.01943,0.00416,***,98,0.0594,0.0396
min_committee,would/policy_action,56,0.626,(8) Δ excl-2020,const,const,-0.01965,0.07432,0.79147,,90,0.08993,0.069
min_committee,would/policy_action,56,0.626,(8) Δ excl-2020,d_cfnai,ΔCFNAI,-0.95622,0.47574,0.04444,**,90,0.08993,0.069
min_committee,would/policy_action,56,0.626,(8) Δ excl-2020,d_vix,ΔVIX,0.07293,0.02784,0.00881,***,90,0.08993,0.069
min_committee,could/causative,55,0.465,(3),const,const,0.36534,0.56915,0.52093,,99,0.0617,0.04215
min_committee,could/causative,55,0.465,(3),cfnai_ma3_lag2,CFNAI-MA3,0.13519,0.04072,0.0009,***,99,0.0617,0.04215
min_committee,could/causative,55,0.465,(3),vix_pre28,VIX,0.041,0.03038,0.17714,,99,0.0617,0.04215
min_committee,could/causative,55,0.465,(6) excl-2020,const,const,-0.66179,0.37476,0.07741,*,91,0.19808,0.17986
min_committee,could/causative,55,0.465,(6) excl-2020,cfnai_ma3_lag2,CFNAI-MA3,-0.91577,0.61218,0.13467,,91,0.19808,0.17986
min_committee,could/causative,55,0.465,(6) excl-2020,vix_pre28,VIX,0.10427,0.02156,0.0,***,91,0.19808,0.17986
min_committee,could/causative,55,0.465,(7) Δ,const,const,0.02757,0.03003,0.35858,,98,0.0145,-0.00625
min_committee,could/causative,55,0.465,(7) Δ,d_cfnai,ΔCFNAI,0.05155,0.0162,0.00146,***,98,0.0145,-0.00625
min_committee,could/causative,55,0.465,(7) Δ,d_vix,ΔVIX,-8e-05,0.00792,0.99167,,98,0.0145,-0.00625
min_committee,could/causative,55,0.465,(8) Δ excl-2020,const,const,0.01895,0.03009,0.52879,,90,0.03125,0.00898
min_committee,could/causative,55,0.465,(8) Δ excl-2020,d_cfnai,ΔCFNAI,0.54219,0.35655,0.12835,,90,0.03125,0.00898
min_committee,could/causative,55,0.465,(8) Δ excl-2020,d_vix,ΔVIX,-0.00188,0.01205,0.87617,,90,0.03125,0.00898
min_committee,would/existence,52,0.586,(3),const,const,1.44168,0.56645,0.01092,**,99,0.06975,0.05037
min_committee,would/existence,52,0.586,(3),cfnai_ma3_lag2,CFNAI-MA3,0.09102,0.08952,0.30931,,99,0.06975,0.05037
min_committee,would/existence,52,0.586,(3),vix_pre28,VIX,-0.03912,0.02634,0.13756,,99,0.06975,0.05037
min_committee,would/existence,52,0.586,(6) excl-2020,const,const,2.26115,0.56065,6e-05,***,91,0.26605,0.24937
min_committee,would/existence,52,0.586,(6) excl-2020,cfnai_ma3_lag2,CFNAI-MA3,1.6333,0.72901,0.02506,**,91,0.26605,0.24937
min_committee,would/existence,52,0.586,(6) excl-2020,vix_pre28,VIX,-0.08894,0.02604,0.00064,***,91,0.26605,0.24937
min_committee,would/existence,52,0.586,(7) Δ,const,const,-0.00021,0.04438,0.99627,,98,0.00218,-0.01883
min_committee,would/existence,52,0.586,(7) Δ,d_cfnai,ΔCFNAI,0.01663,0.01257,0.18594,,98,0.00218,-0.01883
min_committee,would/existence,52,0.586,(7) Δ,d_vix,ΔVIX,0.00349,0.00714,0.62479,,98,0.00218,-0.01883
min_committee,would/existence,52,0.586,(8) Δ excl-2020,const,const,-0.01918,0.04659,0.68055,,90,0.0025,-0.02043
min_committee,would/existence,52,0.586,(8) Δ excl-2020,d_cfnai,ΔCFNAI,-0.00444,0.42749,0.99171,,90,0.0025,-0.02043
min_committee,would/existence,52,0.586,(8) Δ excl-2020,d_vix,ΔVIX,0.00826,0.0111,0.45656,,90,0.0025,-0.02043
min_directive_quote,will/aspectual,25,0.788,(3),const,const,2.5094,1.0775,0.01986,**,99,0.04238,0.02243
min_directive_quote,will/aspectual,25,0.788,(3),cfnai_ma3_lag2,CFNAI-MA3,0.00056,0.05288,0.9915,,99,0.04238,0.02243
min_directive_quote,will/aspectual,25,0.788,(3),vix_pre28,VIX,-0.0773,0.03952,0.05046,*,99,0.04238,0.02243
min_directive_quote,will/aspectual,25,0.788,(6) excl-2020,const,const,2.414,1.31017,0.0654,*,91,0.02344,0.00124
min_directive_quote,will/aspectual,25,0.788,(6) excl-2020,cfnai_ma3_lag2,CFNAI-MA3,0.00234,1.14018,0.99836,,91,0.02344,0.00124
min_directive_quote,will/aspectual,25,0.788,(6) excl-2020,vix_pre28,VIX,-0.07363,0.05818,0.20561,,91,0.02344,0.00124
min_directive_quote,will/aspectual,25,0.788,(7) Δ,const,const,-0.04425,0.09779,0.65093,,98,0.07704,0.05761
min_directive_quote,will/aspectual,25,0.788,(7) Δ,d_cfnai,ΔCFNAI,0.03454,0.0344,0.3154,,98,0.07704,0.05761
min_directive_quote,will/aspectual,25,0.788,(7) Δ,d_vix,ΔVIX,-0.06289,0.04051,0.12051,,98,0.07704,0.05761
min_directive_quote,will/aspectual,25,0.788,(8) Δ excl-2020,const,const,0.01716,0.09443,0.8558,,90,0.01363,-0.00905
min_directive_quote,will/aspectual,25,0.788,(8) Δ excl-2020,d_cfnai,ΔCFNAI,0.55905,0.46178,0.22603,,90,0.01363,-0.00905
min_directive_quote,will/aspectual,25,0.788,(8) Δ excl-2020,d_vix,ΔVIX,-0.00793,0.01078,0.46209,,90,0.01363,-0.00905
min_directive_quote,could/causative,18,0.818,(3),const,const,2.0301,0.97605,0.03753,**,99,0.03665,0.01658
min_directive_quote,could/causative,18,0.818,(3),cfnai_ma3_lag2,CFNAI-MA3,0.01794,0.04346,0.67981,,99,0.03665,0.01658
min_directive_quote,could/causative,18,0.818,(3),vix_pre28,VIX,-0.06298,0.03596,0.07985,*,99,0.03665,0.01658
min_directive_quote,could/causative,18,0.818,(6) excl-2020,const,const,2.11012,1.24387,0.08981,*,91,0.02404,0.00186
min_directive_quote,could/causative,18,0.818,(6) excl-2020,cfnai_ma3_lag2,CFNAI-MA3,0.36305,1.0309,0.72471,,91,0.02404,0.00186
min_directive_quote,could/causative,18,0.818,(6) excl-2020,vix_pre28,VIX,-0.06789,0.05566,0.22255,,91,0.02404,0.00186
min_directive_quote,could/causative,18,0.818,(7) Δ,const,const,-0.0463,0.06673,0.48774,,98,0.04242,0.02227
min_directive_quote,could/causative,18,0.818,(7) Δ,d_cfnai,ΔCFNAI,0.01862,0.01775,0.29442,,98,0.04242,0.02227
min_directive_quote,could/causative,18,0.818,(7) Δ,d_vix,ΔVIX,-0.03142,0.0217,0.1476,,98,0.04242,0.02227
min_directive_quote,could/causative,18,0.818,(8) Δ excl-2020,const,const,-0.01678,0.0691,0.80815,,90,0.00952,-0.01325
min_directive_quote,could/causative,18,0.818,(8) Δ excl-2020,d_cfnai,ΔCFNAI,0.34294,0.34676,0.32267,,90,0.00952,-0.01325
min_directive_quote,could/causative,18,0.818,(8) Δ excl-2020,d_vix,ΔVIX,-0.00429,0.00369,0.24501,,90,0.00952,-0.01325
min_directive_quote,will/causative,15,0.848,(3),const,const,1.77607,0.98024,0.07001,*,99,0.02762,0.00736
min_directive_quote,will/causative,15,0.848,(3),cfnai_ma3_lag2,CFNAI-MA3,0.03344,0.04593,0.46657,,99,0.02762,0.00736
min_directive_quote,will/causative,15,0.848,(3),vix_pre28,VIX,-0.05344,0.03604,0.13818,,99,0.02762,0.00736
min_directive_quote,will/causative,15,0.848,(6) excl-2020,const,const,1.95796,1.23539,0.11299,,91,0.02174,-0.00049
min_directive_quote,will/causative,15,0.848,(6) excl-2020,cfnai_ma3_lag2,CFNAI-MA3,0.54166,1.01271,0.59275,,91,0.02174,-0.00049
min_directive_quote,will/causative,15,0.848,(6) excl-2020,vix_pre28,VIX,-0.06235,0.05503,0.25726,,91,0.02174,-0.00049
min_directive_quote,will/causative,15,0.848,(7) Δ,const,const,-0.04834,0.05964,0.41762,,98,0.00017,-0.02088
min_directive_quote,will/causative,15,0.848,(7) Δ,d_cfnai,ΔCFNAI,0.00573,0.00781,0.46303,,98,0.00017,-0.02088
min_directive_quote,will/causative,15,0.848,(7) Δ,d_vix,ΔVIX,-0.00021,0.00105,0.84487,,98,0.00017,-0.02088
min_directive_quote,will/causative,15,0.848,(8) Δ excl-2020,const,const,-0.04829,0.05996,0.42058,,90,0.00789,-0.01492
min_directive_quote,will/causative,15,0.848,(8) Δ excl-2020,d_cfnai,ΔCFNAI,0.28537,0.34073,0.4023,,90,0.00789,-0.01492
min_directive_quote,will/causative,15,0.848,(8) Δ excl-2020,d_vix,ΔVIX,-0.00161,0.00251,0.52087,,90,0.00789,-0.01492
min_participants,would/copular_adj,321,0.071,(3),const,const,0.70176,0.27844,0.01173,**,99,0.13098,0.11288
min_participants,would/copular_adj,321,0.071,(3),cfnai_ma3_lag2,CFNAI-MA3,-0.18176,0.04412,4e-05,***,99,0.13098,0.11288
min_participants,would/copular_adj,321,0.071,(3),vix_pre28,VIX,0.03901,0.01531,0.01085,**,99,0.13098,0.11288
min_participants,would/copular_adj,321,0.071,(6) excl-2020,const,const,0.91198,0.41124,0.02658,**,91,0.02543,0.00328
min_participants,would/copular_adj,321,0.071,(6) excl-2020,cfnai_ma3_lag2,CFNAI-MA3,0.14604,0.38838,0.70691,,91,0.02543,0.00328
min_participants,would/copular_adj,321,0.071,(6) excl-2020,vix_pre28,VIX,0.02438,0.02399,0.30952,,91,0.02543,0.00328
min_participants,would/copular_adj,321,0.071,(7) Δ,const,const,0.00551,0.05894,0.92556,,98,0.01452,-0.00623
min_participants,would/copular_adj,321,0.071,(7) Δ,d_cfnai,ΔCFNAI,-0.08321,0.03629,0.02185,**,98,0.01452,-0.00623
min_participants,would/copular_adj,321,0.071,(7) Δ,d_vix,ΔVIX,-0.00846,0.02173,0.6971,,98,0.01452,-0.00623
min_participants,would/copular_adj,321,0.071,(8) Δ excl-2020,const,const,-0.00321,0.05511,0.95356,,90,0.00145,-0.02151
min_participants,would/copular_adj,321,0.071,(8) Δ excl-2020,d_cfnai,ΔCFNAI,-0.16284,0.61343,0.79065,,90,0.00145,-0.02151
min_participants,would/copular_adj,321,0.071,(8) Δ excl-2020,d_vix,ΔVIX,-0.00443,0.03286,0.89268,,90,0.00145,-0.02151
min_participants,could/causative,248,0.131,(3),const,const,0.80408,0.33129,0.01522,**,99,0.05101,0.03124
min_participants,could/causative,248,0.131,(3),cfnai_ma3_lag2,CFNAI-MA3,0.16023,0.06047,0.00806,***,99,0.05101,0.03124
min_participants,could/causative,248,0.131,(3),vix_pre28,VIX,0.01779,0.01944,0.36017,,99,0.05101,0.03124
min_participants,could/causative,248,0.131,(6) excl-2020,const,const,0.89043,0.46778,0.05697,*,91,0.01461,-0.00779
min_participants,could/causative,248,0.131,(6) excl-2020,cfnai_ma3_lag2,CFNAI-MA3,0.33019,0.31157,0.28926,,91,0.01461,-0.00779
min_participants,could/causative,248,0.131,(6) excl-2020,vix_pre28,VIX,0.01187,0.02852,0.67711,,91,0.01461,-0.00779
min_participants,could/causative,248,0.131,(7) Δ,const,const,0.00778,0.06173,0.89978,,98,0.07833,0.05893
min_participants,could/causative,248,0.131,(7) Δ,d_cfnai,ΔCFNAI,0.15432,0.06015,0.0103,**,98,0.07833,0.05893
min_participants,could/causative,248,0.131,(7) Δ,d_vix,ΔVIX,0.03861,0.02721,0.15589,,98,0.07833,0.05893
min_participants,could/causative,248,0.131,(8) Δ excl-2020,const,const,0.02817,0.06568,0.66802,,90,0.08734,0.06636
min_participants,could/causative,248,0.131,(8) Δ excl-2020,d_cfnai,ΔCFNAI,0.94966,0.52835,0.07227,*,90,0.08734,0.06636
min_participants,could/causative,248,0.131,(8) Δ excl-2020,d_vix,ΔVIX,0.06129,0.03408,0.07213,*,90,0.08734,0.06636
min_participants,would/other,213,0.091,(3),const,const,0.75206,0.22537,0.00085,***,99,0.0295,0.00928
min_participants,would/other,213,0.091,(3),cfnai_ma3_lag2,CFNAI-MA3,-0.09062,0.01472,0.0,***,99,0.0295,0.00928
min_participants,would/other,213,0.091,(3),vix_pre28,VIX,0.00966,0.01079,0.37076,,99,0.0295,0.00928
min_participants,would/other,213,0.091,(6) excl-2020,const,const,0.88012,0.29908,0.00325,***,91,0.00075,-0.02196
min_participants,would/other,213,0.091,(6) excl-2020,cfnai_ma3_lag2,CFNAI-MA3,-0.07912,0.2743,0.77299,,91,0.00075,-0.02196
min_participants,would/other,213,0.091,(6) excl-2020,vix_pre28,VIX,0.00209,0.01581,0.89484,,91,0.00075,-0.02196
min_participants,would/other,213,0.091,(7) Δ,const,const,-0.01732,0.05023,0.7302,,98,0.01235,-0.00844
min_participants,would/other,213,0.091,(7) Δ,d_cfnai,ΔCFNAI,-0.04475,0.0168,0.00773,***,98,0.01235,-0.00844
min_participants,would/other,213,0.091,(7) Δ,d_vix,ΔVIX,-0.01677,0.0258,0.5157,,98,0.01235,-0.00844
min_participants,would/other,213,0.091,(8) Δ excl-2020,const,const,-0.02157,0.05353,0.68703,,90,0.03238,0.01014
min_participants,would/other,213,0.091,(8) Δ excl-2020,d_cfnai,ΔCFNAI,-0.20082,0.62959,0.74976,,90,0.03238,0.01014
min_participants,would/other,213,0.091,(8) Δ excl-2020,d_vix,ΔVIX,-0.04363,0.02631,0.0973,*,90,0.03238,0.01014
min_participants,would/occurrence,187,0.202,(3),const,const,0.92901,0.24218,0.00012,***,99,0.01132,-0.00928
min_participants,would/occurrence,187,0.202,(3),cfnai_ma3_lag2,CFNAI-MA3,0.05235,0.02233,0.01905,**,99,0.01132,-0.00928
min_participants,would/occurrence,187,0.202,(3),vix_pre28,VIX,-0.00532,0.01239,0.66742,,99,0.01132,-0.00928
min_participants,would/occurrence,187,0.202,(6) excl-2020,const,const,0.67732,0.34774,0.05144,*,91,0.02078,-0.00147
min_participants,would/occurrence,187,0.202,(6) excl-2020,cfnai_ma3_lag2,CFNAI-MA3,-0.3942,0.22218,0.07602,*,91,0.02078,-0.00147
min_participants,would/occurrence,187,0.202,(6) excl-2020,vix_pre28,VIX,0.00929,0.01944,0.63279,,91,0.02078,-0.00147
min_participants,would/occurrence,187,0.202,(7) Δ,const,const,0.01068,0.03737,0.77509,,98,0.01581,-0.00491
min_participants,would/occurrence,187,0.202,(7) Δ,d_cfnai,ΔCFNAI,0.06729,0.02774,0.0153,**,98,0.01581,-0.00491
min_participants,would/occurrence,187,0.202,(7) Δ,d_vix,ΔVIX,0.00642,0.02265,0.77672,,98,0.01581,-0.00491
min_participants,would/occurrence,187,0.202,(8) Δ excl-2020,const,const,0.01985,0.03996,0.61944,,90,0.02881,0.00648
min_participants,would/occurrence,187,0.202,(8) Δ excl-2020,d_cfnai,ΔCFNAI,0.10717,0.46172,0.81645,,90,0.02881,0.00648
min_participants,would/occurrence,187,0.202,(8) Δ excl-2020,d_vix,ΔVIX,0.03508,0.02726,0.19818,,90,0.02881,0.00648
min_participants,would/activity,158,0.303,(3),const,const,-0.25249,0.29327,0.38925,,99,0.21325,0.19686
min_participants,would/activity,158,0.303,(3),cfnai_ma3_lag2,CFNAI-MA3,-0.09462,0.02837,0.00085,***,99,0.21325,0.19686
min_participants,would/activity,158,0.303,(3),vix_pre28,VIX,0.05146,0.01696,0.00241,***,99,0.21325,0.19686
min_participants,would/activity,158,0.303,(6) excl-2020,const,const,-0.67164,0.28112,0.01689,**,91,0.28212,0.26581
min_participants,would/activity,158,0.303,(6) excl-2020,cfnai_ma3_lag2,CFNAI-MA3,-0.07859,0.21311,0.7123,,91,0.28212,0.26581
min_participants,would/activity,158,0.303,(6) excl-2020,vix_pre28,VIX,0.07529,0.01819,3e-05,***,91,0.28212,0.26581
min_participants,would/activity,158,0.303,(7) Δ,const,const,0.01641,0.043,0.70269,,98,0.01306,-0.00771
min_participants,would/activity,158,0.303,(7) Δ,d_cfnai,ΔCFNAI,-0.06375,0.0492,0.195,,98,0.01306,-0.00771
min_participants,would/activity,158,0.303,(7) Δ,d_vix,ΔVIX,-0.00636,0.0244,0.79421,,98,0.01306,-0.00771
min_participants,would/activity,158,0.303,(8) Δ excl-2020,const,const,0.01721,0.0388,0.65739,,90,0.03363,0.01141
min_participants,would/activity,158,0.303,(8) Δ excl-2020,d_cfnai,ΔCFNAI,0.03155,0.42968,0.94147,,90,0.03363,0.01141
min_participants,would/activity,158,0.303,(8) Δ excl-2020,d_vix,ΔVIX,0.03666,0.01897,0.05335,*,90,0.03363,0.01141
min_participants,would/causative,155,0.232,(3),const,const,0.61541,0.22328,0.00585,***,99,0.01076,-0.00984
min_participants,would/causative,155,0.232,(3),cfnai_ma3_lag2,CFNAI-MA3,-0.04899,0.01988,0.01372,**,99,0.01076,-0.00984
min_participants,would/causative,155,0.232,(3),vix_pre28,VIX,0.0033,0.0094,0.7253,,99,0.01076,-0.00984
min_participants,would/causative,155,0.232,(6) excl-2020,const,const,0.61686,0.26398,0.01945,**,91,0.0125,-0.00994
min_participants,would/causative,155,0.232,(6) excl-2020,cfnai_ma3_lag2,CFNAI-MA3,0.24438,0.28548,0.39198,,91,0.0125,-0.00994
min_participants,would/causative,155,0.232,(6) excl-2020,vix_pre28,VIX,0.00456,0.01282,0.72216,,91,0.0125,-0.00994
min_participants,would/causative,155,0.232,(7) Δ,const,const,0.00491,0.03445,0.8867,,98,0.01834,-0.00233
min_participants,would/causative,155,0.232,(7) Δ,d_cfnai,ΔCFNAI,-0.06526,0.01197,0.0,***,98,0.01834,-0.00233
min_participants,would/causative,155,0.232,(7) Δ,d_vix,ΔVIX,0.0011,0.01342,0.93493,,98,0.01834,-0.00233
min_participants,would/causative,155,0.232,(8) Δ excl-2020,const,const,0.00373,0.03864,0.92307,,90,0.00408,-0.01882
min_participants,would/causative,155,0.232,(8) Δ excl-2020,d_cfnai,ΔCFNAI,-0.09912,0.28861,0.73126,,90,0.00408,-0.01882
min_participants,would/causative,155,0.232,(8) Δ excl-2020,d_vix,ΔVIX,-0.00931,0.01917,0.62704,,90,0.00408,-0.01882
min_participants,would/policy_action,152,0.273,(3),const,const,1.04582,0.3024,0.00054,***,99,0.03219,0.01203
min_participants,would/policy_action,152,0.273,(3),cfnai_ma3_lag2,CFNAI-MA3,0.00587,0.02396,0.80658,,99,0.03219,0.01203
min_participants,would/policy_action,152,0.273,(3),vix_pre28,VIX,-0.01978,0.01586,0.21225,,99,0.03219,0.01203
min_participants,would/policy_action,152,0.273,(6) excl-2020,const,const,1.45778,0.2615,0.0,***,91,0.0951,0.07453
min_participants,would/policy_action,152,0.273,(6) excl-2020,cfnai_ma3_lag2,CFNAI-MA3,0.1657,0.27193,0.54231,,91,0.0951,0.07453
min_participants,would/policy_action,152,0.273,(6) excl-2020,vix_pre28,VIX,-0.04499,0.01284,0.00046,***,91,0.0951,0.07453
min_participants,would/policy_action,152,0.273,(7) Δ,const,const,-0.01123,0.0435,0.79636,,98,0.01372,-0.00704
min_participants,would/policy_action,152,0.273,(7) Δ,d_cfnai,ΔCFNAI,0.04257,0.05058,0.40005,,98,0.01372,-0.00704
min_participants,would/policy_action,152,0.273,(7) Δ,d_vix,ΔVIX,-0.01727,0.0203,0.39499,,98,0.01372,-0.00704
min_participants,would/policy_action,152,0.273,(8) Δ excl-2020,const,const,-0.00748,0.04585,0.87042,,90,0.05402,0.03227
min_participants,would/policy_action,152,0.273,(8) Δ excl-2020,d_cfnai,ΔCFNAI,-0.15722,0.44351,0.72297,,90,0.05402,0.03227
min_participants,would/policy_action,152,0.273,(8) Δ excl-2020,d_vix,ΔVIX,-0.04736,0.02068,0.02198,**,90,0.05402,0.03227
min_participants,could/other,148,0.253,(3),const,const,0.65652,0.18021,0.00027,***,99,0.00782,-0.01285
min_participants,could/other,148,0.253,(3),cfnai_ma3_lag2,CFNAI-MA3,-0.0477,0.02301,0.03818,**,99,0.00782,-0.01285
min_participants,could/other,148,0.253,(3),vix_pre28,VIX,0.00031,0.01,0.97509,,99,0.00782,-0.01285
min_participants,could/other,148,0.253,(6) excl-2020,const,const,0.70463,0.26338,0.00746,***,91,0.00148,-0.02121
min_participants,could/other,148,0.253,(6) excl-2020,cfnai_ma3_lag2,CFNAI-MA3,0.08039,0.35751,0.82209,,91,0.00148,-0.02121
min_participants,could/other,148,0.253,(6) excl-2020,vix_pre28,VIX,-0.00354,0.01567,0.82147,,91,0.00148,-0.02121
min_participants,could/other,148,0.253,(7) Δ,const,const,0.0171,0.0405,0.67292,,98,0.00282,-0.01818
min_participants,could/other,148,0.253,(7) Δ,d_cfnai,ΔCFNAI,-0.00502,0.01955,0.7974,,98,0.00282,-0.01818
min_participants,could/other,148,0.253,(7) Δ,d_vix,ΔVIX,-0.00886,0.0243,0.7155,,98,0.00282,-0.01818
min_participants,could/other,148,0.253,(8) Δ excl-2020,const,const,0.03204,0.04315,0.45779,,90,0.03212,0.00987
min_participants,could/other,148,0.253,(8) Δ excl-2020,d_cfnai,ΔCFNAI,0.72673,0.55994,0.19433,,90,0.03212,0.00987
min_participants,could/other,148,0.253,(8) Δ excl-2020,d_vix,ΔVIX,0.00657,0.03084,0.83133,,90,0.03212,0.00987
min_special,would/copular_adj,90,0.2,(3),const,const,-0.33176,0.95314,0.72779,,40,0.19027,0.1465
min_special,would/copular_adj,90,0.2,(3),cfnai_ma3_lag2,CFNAI-MA3,0.00813,0.1175,0.94483,,40,0.19027,0.1465
min_special,would/copular_adj,90,0.2,(3),vix_pre28,VIX,0.13647,0.04953,0.00586,***,40,0.19027,0.1465
min_special,would/copular_adj,90,0.2,(6) excl-2020,const,const,-0.25324,1.19278,0.83186,,36,0.18119,0.13156
min_special,would/copular_adj,90,0.2,(6) excl-2020,cfnai_ma3_lag2,CFNAI-MA3,0.73204,0.41777,0.07973,*,36,0.18119,0.13156
min_special,would/copular_adj,90,0.2,(6) excl-2020,vix_pre28,VIX,0.13504,0.06564,0.03965,**,36,0.18119,0.13156
min_special,would/copular_adj,90,0.2,(7) Δ,const,const,0.02012,0.16976,0.90568,,39,0.24667,0.20482
min_special,would/copular_adj,90,0.2,(7) Δ,d_cfnai,ΔCFNAI,-0.07211,0.15104,0.63304,,39,0.24667,0.20482
min_special,would/copular_adj,90,0.2,(7) Δ,d_vix,ΔVIX,0.17836,0.04183,2e-05,***,39,0.24667,0.20482
min_special,would/copular_adj,90,0.2,(8) Δ excl-2020,const,const,0.02405,0.1977,0.90318,,35,0.3324,0.29067
min_special,would/copular_adj,90,0.2,(8) Δ excl-2020,d_cfnai,ΔCFNAI,-0.56153,0.4339,0.19562,,35,0.3324,0.29067
min_special,would/copular_adj,90,0.2,(8) Δ excl-2020,d_vix,ΔVIX,0.22739,0.03643,0.0,***,35,0.3324,0.29067
min_special,could/other,68,0.375,(3),const,const,0.9061,1.3045,0.48731,,40,0.02514,-0.02756
min_special,could/other,68,0.375,(3),cfnai_ma3_lag2,CFNAI-MA3,0.21456,0.10494,0.0409,**,40,0.02514,-0.02756
min_special,could/other,68,0.375,(3),vix_pre28,VIX,0.04007,0.07572,0.59665,,40,0.02514,-0.02756
min_special,could/other,68,0.375,(6) excl-2020,const,const,-0.05446,1.55077,0.97198,,36,0.04408,-0.01385
min_special,could/other,68,0.375,(6) excl-2020,cfnai_ma3_lag2,CFNAI-MA3,0.20485,0.9336,0.82633,,36,0.04408,-0.01385
min_special,could/other,68,0.375,(6) excl-2020,vix_pre28,VIX,0.09288,0.10158,0.36054,,36,0.04408,-0.01385
min_special,could/other,68,0.375,(7) Δ,const,const,0.02896,0.22671,0.89835,,39,0.01405,-0.04072
min_special,could/other,68,0.375,(7) Δ,d_cfnai,ΔCFNAI,0.16812,0.20912,0.42143,,39,0.01405,-0.04072
min_special,could/other,68,0.375,(7) Δ,d_vix,ΔVIX,-0.0028,0.1206,0.9815,,39,0.01405,-0.04072
min_special,could/other,68,0.375,(8) Δ excl-2020,const,const,-0.20867,0.23247,0.36938,,35,0.29618,0.25219
min_special,could/other,68,0.375,(8) Δ excl-2020,d_cfnai,ΔCFNAI,-3.9766,1.33115,0.00281,***,35,0.29618,0.25219
min_special,could/other,68,0.375,(8) Δ excl-2020,d_vix,ΔVIX,0.1236,0.07725,0.1096,,35,0.29618,0.25219
min_special,would/other,62,0.3,(3),const,const,3.33288,1.42927,0.01971,**,40,0.02843,-0.02409
min_special,would/other,62,0.3,(3),cfnai_ma3_lag2,CFNAI-MA3,0.08497,0.07821,0.27729,,40,0.02843,-0.02409
min_special,would/other,62,0.3,(3),vix_pre28,VIX,-0.08129,0.05336,0.12761,,40,0.02843,-0.02409
min_special,would/other,62,0.3,(6) excl-2020,const,const,3.29031,1.20934,0.00651,***,36,0.04598,-0.01184
min_special,would/other,62,0.3,(6) excl-2020,cfnai_ma3_lag2,CFNAI-MA3,-1.78235,1.48832,0.23109,,36,0.04598,-0.01184
min_special,would/other,62,0.3,(6) excl-2020,vix_pre28,VIX,-0.08012,0.0439,0.06801,*,36,0.04598,-0.01184
min_special,would/other,62,0.3,(7) Δ,const,const,0.09085,0.29346,0.75687,,39,0.01647,-0.03817
min_special,would/other,62,0.3,(7) Δ,d_cfnai,ΔCFNAI,0.08894,0.13585,0.51266,,39,0.01647,-0.03817
min_special,would/other,62,0.3,(7) Δ,d_vix,ΔVIX,-0.06721,0.0792,0.39605,,39,0.01647,-0.03817
min_special,would/other,62,0.3,(8) Δ excl-2020,const,const,0.01577,0.31566,0.96014,,35,0.02038,-0.04085
min_special,would/other,62,0.3,(8) Δ excl-2020,d_cfnai,ΔCFNAI,0.26679,1.28996,0.83615,,35,0.02038,-0.04085
min_special,would/other,62,0.3,(8) Δ excl-2020,d_vix,ΔVIX,-0.09531,0.07269,0.18979,,35,0.02038,-0.04085
min_special,could/activity,51,0.425,(3),const,const,-0.02506,0.78166,0.97443,,40,0.0544,0.00328
min_special,could/activity,51,0.425,(3),cfnai_ma3_lag2,CFNAI-MA3,0.06029,0.08111,0.45726,,40,0.0544,0.00328
min_special,could/activity,51,0.425,(3),vix_pre28,VIX,0.06323,0.04497,0.15965,,40,0.0544,0.00328
min_special,could/activity,51,0.425,(6) excl-2020,const,const,-0.38029,1.07417,0.72332,,36,0.07992,0.02416
min_special,could/activity,51,0.425,(6) excl-2020,cfnai_ma3_lag2,CFNAI-MA3,0.1677,0.62082,0.78707,,36,0.07992,0.02416
min_special,could/activity,51,0.425,(6) excl-2020,vix_pre28,VIX,0.07884,0.06573,0.2304,,36,0.07992,0.02416
min_special,could/activity,51,0.425,(7) Δ,const,const,-0.01505,0.13118,0.90869,,39,0.14264,0.09501
min_special,could/activity,51,0.425,(7) Δ,d_cfnai,ΔCFNAI,0.26362,0.07397,0.00037,***,39,0.14264,0.09501
min_special,could/activity,51,0.425,(7) Δ,d_vix,ΔVIX,0.10995,0.04167,0.00832,***,39,0.14264,0.09501
min_special,could/activity,51,0.425,(8) Δ excl-2020,const,const,-0.08416,0.135,0.533,,35,0.18888,0.13819
min_special,could/activity,51,0.425,(8) Δ excl-2020,d_cfnai,ΔCFNAI,-0.9911,0.38921,0.01088,**,35,0.18888,0.13819
min_special,could/activity,51,0.425,(8) Δ excl-2020,d_vix,ΔVIX,0.15173,0.04029,0.00017,***,35,0.18888,0.13819
min_special,could/causative,40,0.525,(3),const,const,0.41443,0.4926,0.40017,,40,0.2985,0.26058
min_special,could/causative,40,0.525,(3),cfnai_ma3_lag2,CFNAI-MA3,-0.4094,0.08248,0.0,***,40,0.2985,0.26058
min_special,could/causative,40,0.525,(3),vix_pre28,VIX,0.01648,0.02496,0.50924,,40,0.2985,0.26058
min_special,could/causative,40,0.525,(6) excl-2020,const,const,0.58901,0.52283,0.25992,,36,0.00229,-0.05817
min_special,could/causative,40,0.525,(6) excl-2020,cfnai_ma3_lag2,CFNAI-MA3,0.14215,0.44251,0.74803,,36,0.00229,-0.05817
min_special,could/causative,40,0.525,(6) excl-2020,vix_pre28,VIX,0.00383,0.0266,0.88554,,36,0.00229,-0.05817
min_special,could/causative,40,0.525,(7) Δ,const,const,0.02912,0.09856,0.76762,,39,0.16194,0.11538
min_special,could/causative,40,0.525,(7) Δ,d_cfnai,ΔCFNAI,-0.36346,0.11281,0.00127,***,39,0.16194,0.11538
min_special,could/causative,40,0.525,(7) Δ,d_vix,ΔVIX,-0.04957,0.0366,0.17557,,39,0.16194,0.11538
min_special,could/causative,40,0.525,(8) Δ excl-2020,const,const,-0.06482,0.11674,0.57874,,35,0.07998,0.02247
min_special,could/causative,40,0.525,(8) Δ excl-2020,d_cfnai,ΔCFNAI,-1.0402,0.71912,0.14804,,35,0.07998,0.02247
min_special,could/causative,40,0.525,(8) Δ excl-2020,d_vix,ΔVIX,-0.00695,0.04394,0.87441,,35,0.07998,0.02247
min_special,would/activity,40,0.425,(3),const,const,2.0594,0.98607,0.03675,**,40,0.0189,-0.03414
min_special,would/activity,40,0.425,(3),cfnai_ma3_lag2,CFNAI-MA3,0.03019,0.06197,0.62615,,40,0.0189,-0.03414
min_special,would/activity,40,0.425,(3),vix_pre28,VIX,-0.04492,0.04416,0.30905,,40,0.0189,-0.03414
min_special,would/activity,40,0.425,(6) excl-2020,const,const,1.5173,0.93566,0.10488,,36,0.05292,-0.00448
min_special,would/activity,40,0.425,(6) excl-2020,cfnai_ma3_lag2,CFNAI-MA3,-1.69196,0.85955,0.04902,**,36,0.05292,-0.00448
min_special,would/activity,40,0.425,(6) excl-2020,vix_pre28,VIX,-0.01537,0.048,0.74882,,36,0.05292,-0.00448
min_special,would/activity,40,0.425,(7) Δ,const,const,0.05965,0.1783,0.73797,,39,0.0101,-0.0449
min_special,would/activity,40,0.425,(7) Δ,d_cfnai,ΔCFNAI,0.03387,0.058,0.5592,,39,0.0101,-0.0449
min_special,would/activity,40,0.425,(7) Δ,d_vix,ΔVIX,-0.04167,0.04178,0.31856,,39,0.0101,-0.0449
min_special,would/activity,40,0.425,(8) Δ excl-2020,const,const,-0.01023,0.19382,0.95791,,35,0.01285,-0.04884
min_special,would/activity,40,0.425,(8) Δ excl-2020,d_cfnai,ΔCFNAI,-0.5575,0.87942,0.52611,,35,0.01285,-0.04884
min_special,would/activity,40,0.425,(8) Δ excl-2020,d_vix,ΔVIX,-0.03214,0.04568,0.48176,,35,0.01285,-0.04884
min_special,could/policy_action,39,0.525,(3),const,const,0.31264,0.5401,0.56269,,40,0.02625,-0.02639
min_special,could/policy_action,39,0.525,(3),cfnai_ma3_lag2,CFNAI-MA3,0.0773,0.07763,0.31936,,40,0.02625,-0.02639
min_special,could/policy_action,39,0.525,(3),vix_pre28,VIX,0.02672,0.03492,0.44422,,40,0.02625,-0.02639
min_special,could/policy_action,39,0.525,(6) excl-2020,const,const,0.7821,0.44271,0.07729,*,36,0.00389,-0.05648
min_special,could/policy_action,39,0.525,(6) excl-2020,cfnai_ma3_lag2,CFNAI-MA3,-0.21827,0.38299,0.56873,,36,0.00389,-0.05648
min_special,could/policy_action,39,0.525,(6) excl-2020,vix_pre28,VIX,-0.00186,0.02651,0.94418,,36,0.00389,-0.05648
min_special,could/policy_action,39,0.525,(7) Δ,const,const,0.02208,0.10708,0.83666,,39,0.02577,-0.02835
min_special,could/policy_action,39,0.525,(7) Δ,d_cfnai,ΔCFNAI,0.08089,0.09422,0.3906,,39,0.02577,-0.02835
min_special,could/policy_action,39,0.525,(7) Δ,d_vix,ΔVIX,0.02959,0.03126,0.34381,,39,0.02577,-0.02835
min_special,could/policy_action,39,0.525,(8) Δ excl-2020,const,const,-0.11456,0.14453,0.42798,,35,0.07111,0.01305
min_special,could/policy_action,39,0.525,(8) Δ excl-2020,d_cfnai,ΔCFNAI,-1.03911,0.42157,0.01371,**,35,0.07111,0.01305
min_special,could/policy_action,39,0.525,(8) Δ excl-2020,d_vix,ΔVIX,0.03127,0.02927,0.28532,,35,0.07111,0.01305
min_staff,would/occurrence,103,0.283,(3),const,const,0.52446,0.13358,9e-05,***,99,0.02513,0.00482
min_staff,would/occurrence,103,0.283,(3),cfnai_ma3_lag2,CFNAI-MA3,0.02885,0.01753,0.09993,*,99,0.02513,0.00482
min_staff,would/occurrence,103,0.283,(3),vix_pre28,VIX,-0.00684,0.00665,0.30432,,99,0.02513,0.00482
min_staff,would/occurrence,103,0.283,(6) excl-2020,const,const,0.60284,0.18668,0.00124,***,91,0.06936,0.04821
min_staff,would/occurrence,103,0.283,(6) excl-2020,cfnai_ma3_lag2,CFNAI-MA3,0.36107,0.16179,0.02564,**,91,0.06936,0.04821
min_staff,would/occurrence,103,0.283,(6) excl-2020,vix_pre28,VIX,-0.01095,0.01052,0.29775,,91,0.06936,0.04821
min_staff,would/occurrence,103,0.283,(7) Δ,const,const,-0.01163,0.02352,0.62107,,98,0.02289,0.00232
min_staff,would/occurrence,103,0.283,(7) Δ,d_cfnai,ΔCFNAI,0.039,0.01549,0.01182,**,98,0.02289,0.00232
min_staff,would/occurrence,103,0.283,(7) Δ,d_vix,ΔVIX,0.00404,0.01271,0.75068,,98,0.02289,0.00232
min_staff,would/occurrence,103,0.283,(8) Δ excl-2020,const,const,0.00226,0.02749,0.93451,,90,0.03625,0.01409
min_staff,would/occurrence,103,0.283,(8) Δ excl-2020,d_cfnai,ΔCFNAI,0.34889,0.21212,0.10001,,90,0.03625,0.01409
min_staff,would/occurrence,103,0.283,(8) Δ excl-2020,d_vix,ΔVIX,0.00729,0.01892,0.70023,,90,0.03625,0.01409
min_staff,would/policy_action,58,0.535,(3),const,const,0.4522,0.14854,0.00233,***,99,0.07468,0.0554
min_staff,would/policy_action,58,0.535,(3),cfnai_ma3_lag2,CFNAI-MA3,0.0026,0.01039,0.80265,,99,0.07468,0.0554
min_staff,would/policy_action,58,0.535,(3),vix_pre28,VIX,-0.01303,0.00737,0.07712,*,99,0.07468,0.0554
min_staff,would/policy_action,58,0.535,(6) excl-2020,const,const,0.66863,0.11657,0.0,***,91,0.17827,0.15959
min_staff,would/policy_action,58,0.535,(6) excl-2020,cfnai_ma3_lag2,CFNAI-MA3,0.22652,0.10626,0.03303,**,91,0.17827,0.15959
min_staff,would/policy_action,58,0.535,(6) excl-2020,vix_pre28,VIX,-0.0259,0.00586,1e-05,***,91,0.17827,0.15959
min_staff,would/policy_action,58,0.535,(7) Δ,const,const,-0.00365,0.01599,0.81927,,98,0.00943,-0.01142
min_staff,would/policy_action,58,0.535,(7) Δ,d_cfnai,ΔCFNAI,0.02108,0.00982,0.03188,**,98,0.00943,-0.01142
min_staff,would/policy_action,58,0.535,(7) Δ,d_vix,ΔVIX,-0.00193,0.00638,0.76171,,98,0.00943,-0.01142
min_staff,would/policy_action,58,0.535,(8) Δ excl-2020,const,const,-0.00458,0.01644,0.78054,,90,0.00701,-0.01581
min_staff,would/policy_action,58,0.535,(8) Δ excl-2020,d_cfnai,ΔCFNAI,-0.01777,0.14739,0.90402,,90,0.00701,-0.01581
min_staff,would/policy_action,58,0.535,(8) Δ excl-2020,d_vix,ΔVIX,-0.00642,0.0083,0.43919,,90,0.00701,-0.01581
min_staff,could/occurrence,43,0.657,(3),const,const,0.43309,0.13739,0.00162,***,99,0.11215,0.09365
min_staff,could/occurrence,43,0.657,(3),cfnai_ma3_lag2,CFNAI-MA3,0.00221,0.00703,0.75301,,99,0.11215,0.09365
min_staff,could/occurrence,43,0.657,(3),vix_pre28,VIX,-0.01448,0.00582,0.01292,**,99,0.11215,0.09365
min_staff,could/occurrence,43,0.657,(6) excl-2020,const,const,0.49513,0.18407,0.00715,***,91,0.09899,0.07851
min_staff,could/occurrence,43,0.657,(6) excl-2020,cfnai_ma3_lag2,CFNAI-MA3,0.05257,0.16116,0.74428,,91,0.09899,0.07851
min_staff,could/occurrence,43,0.657,(6) excl-2020,vix_pre28,VIX,-0.01795,0.00876,0.04039,**,91,0.09899,0.07851
min_staff,could/occurrence,43,0.657,(7) Δ,const,const,8e-05,0.01278,0.9949,,98,0.00107,-0.01996
min_staff,could/occurrence,43,0.657,(7) Δ,d_cfnai,ΔCFNAI,-0.00223,0.00318,0.48209,,98,0.00107,-0.01996
min_staff,could/occurrence,43,0.657,(7) Δ,d_vix,ΔVIX,-0.0013,0.00393,0.74097,,98,0.00107,-0.01996
min_staff,could/occurrence,43,0.657,(8) Δ excl-2020,const,const,-0.00238,0.01455,0.87024,,90,0.01743,-0.00516
min_staff,could/occurrence,43,0.657,(8) Δ excl-2020,d_cfnai,ΔCFNAI,-0.15129,0.10253,0.14004,,90,0.01743,-0.00516
min_staff,could/occurrence,43,0.657,(8) Δ excl-2020,d_vix,ΔVIX,-0.00158,0.00622,0.7998,,90,0.01743,-0.00516
min_staff,would/other,42,0.657,(3),const,const,-0.0462,0.10556,0.66159,,99,0.07989,0.06072
min_staff,would/other,42,0.657,(3),cfnai_ma3_lag2,CFNAI-MA3,0.00266,0.01324,0.84053,,99,0.07989,0.06072
min_staff,would/other,42,0.657,(3),vix_pre28,VIX,0.01128,0.00606,0.0628,*,99,0.07989,0.06072
min_staff,would/other,42,0.657,(6) excl-2020,const,const,-0.10277,0.08192,0.20966,,91,0.17222,0.15341
min_staff,would/other,42,0.657,(6) excl-2020,cfnai_ma3_lag2,CFNAI-MA3,0.21518,0.07585,0.00455,***,91,0.17222,0.15341
min_staff,would/other,42,0.657,(6) excl-2020,vix_pre28,VIX,0.01524,0.00451,0.00073,***,91,0.17222,0.15341
min_staff,would/other,42,0.657,(7) Δ,const,const,-0.0008,0.01468,0.95642,,98,0.07376,0.05426
min_staff,would/other,42,0.657,(7) Δ,d_cfnai,ΔCFNAI,-0.05012,0.01007,0.0,***,98,0.07376,0.05426
min_staff,would/other,42,0.657,(7) Δ,d_vix,ΔVIX,0.01151,0.00745,0.12255,,98,0.07376,0.05426
min_staff,would/other,42,0.657,(8) Δ excl-2020,const,const,-0.00148,0.01338,0.91162,,90,0.02566,0.00326
min_staff,would/other,42,0.657,(8) Δ excl-2020,d_cfnai,ΔCFNAI,-0.11371,0.21667,0.59971,,90,0.02566,0.00326
min_staff,would/other,42,0.657,(8) Δ excl-2020,d_vix,ΔVIX,0.01058,0.00906,0.24271,,90,0.02566,0.00326
min_staff,would/copular_adj,41,0.677,(3),const,const,0.28164,0.07031,6e-05,***,99,0.03875,0.01873
min_staff,would/copular_adj,41,0.677,(3),cfnai_ma3_lag2,CFNAI-MA3,0.03128,0.0121,0.00972,***,99,0.03875,0.01873
min_staff,would/copular_adj,41,0.677,(3),vix_pre28,VIX,-0.00627,0.00316,0.04756,**,99,0.03875,0.01873
min_staff,would/copular_adj,41,0.677,(6) excl-2020,const,const,0.3186,0.08335,0.00013,***,91,0.02758,0.00548
min_staff,would/copular_adj,41,0.677,(6) excl-2020,cfnai_ma3_lag2,CFNAI-MA3,-0.05638,0.10657,0.59679,,91,0.02758,0.00548
min_staff,would/copular_adj,41,0.677,(6) excl-2020,vix_pre28,VIX,-0.00874,0.00438,0.04572,**,91,0.02758,0.00548
min_staff,would/copular_adj,41,0.677,(7) Δ,const,const,0.00675,0.01724,0.69547,,98,0.04934,0.02932
min_staff,would/copular_adj,41,0.677,(7) Δ,d_cfnai,ΔCFNAI,0.04804,0.00956,0.0,***,98,0.04934,0.02932
min_staff,would/copular_adj,41,0.677,(7) Δ,d_vix,ΔVIX,-0.01335,0.00779,0.08648,*,98,0.04934,0.02932
min_staff,would/copular_adj,41,0.677,(8) Δ excl-2020,const,const,0.00354,0.01851,0.84813,,90,0.0406,0.01855
min_staff,would/copular_adj,41,0.677,(8) Δ excl-2020,d_cfnai,ΔCFNAI,-0.15144,0.19881,0.44623,,90,0.0406,0.01855
min_staff,would/copular_adj,41,0.677,(8) Δ excl-2020,d_vix,ΔVIX,-0.01805,0.01118,0.10658,,90,0.0406,0.01855
min_staff_desk,would/other,62,0.586,(3),const,const,1.09489,0.32311,0.0007,***,99,0.00705,-0.01364
min_staff_desk,would/other,62,0.586,(3),cfnai_ma3_lag2,CFNAI-MA3,0.02281,0.10065,0.82071,,99,0.00705,-0.01364
min_staff_desk,would/other,62,0.586,(3),vix_pre28,VIX,-0.01546,0.01841,0.40091,,99,0.00705,-0.01364
min_staff_desk,would/other,62,0.586,(6) excl-2020,const,const,1.39324,0.4077,0.00063,***,91,0.02389,0.00171
min_staff_desk,would/other,62,0.586,(6) excl-2020,cfnai_ma3_lag2,CFNAI-MA3,0.31398,0.42504,0.46009,,91,0.02389,0.00171
min_staff_desk,would/other,62,0.586,(6) excl-2020,vix_pre28,VIX,-0.03626,0.02385,0.12836,,91,0.02389,0.00171
min_staff_desk,would/other,62,0.586,(7) Δ,const,const,-0.04251,0.0846,0.61534,,98,0.04658,0.02651
min_staff_desk,would/other,62,0.586,(7) Δ,d_cfnai,ΔCFNAI,0.18088,0.0889,0.04188,**,98,0.04658,0.02651
min_staff_desk,would/other,62,0.586,(7) Δ,d_vix,ΔVIX,-0.05662,0.02842,0.04636,**,98,0.04658,0.02651
min_staff_desk,would/other,62,0.586,(8) Δ excl-2020,const,const,-0.06653,0.07784,0.3927,,90,0.00331,-0.0196
min_staff_desk,would/other,62,0.586,(8) Δ excl-2020,d_cfnai,ΔCFNAI,-0.13833,0.96288,0.88576,,90,0.00331,-0.0196
min_staff_desk,would/other,62,0.586,(8) Δ excl-2020,d_vix,ΔVIX,-0.02084,0.03415,0.54165,,90,0.00331,-0.0196
min_staff_desk,would/policy_action,46,0.687,(3),const,const,0.22569,0.27099,0.40495,,99,0.01411,-0.00643
min_staff_desk,would/policy_action,46,0.687,(3),cfnai_ma3_lag2,CFNAI-MA3,-0.02767,0.02885,0.3376,,99,0.01411,-0.00643
min_staff_desk,would/policy_action,46,0.687,(3),vix_pre28,VIX,0.01769,0.01235,0.15214,,99,0.01411,-0.00643
min_staff_desk,would/policy_action,46,0.687,(6) excl-2020,const,const,0.28032,0.35508,0.42984,,91,0.00737,-0.01519
min_staff_desk,would/policy_action,46,0.687,(6) excl-2020,cfnai_ma3_lag2,CFNAI-MA3,0.16001,0.42437,0.70614,,91,0.00737,-0.01519
min_staff_desk,would/policy_action,46,0.687,(6) excl-2020,vix_pre28,VIX,0.01301,0.018,0.46994,,91,0.00737,-0.01519
min_staff_desk,would/policy_action,46,0.687,(7) Δ,const,const,-0.01506,0.05307,0.77663,,98,0.0006,-0.02044
min_staff_desk,would/policy_action,46,0.687,(7) Δ,d_cfnai,ΔCFNAI,-0.00702,0.04024,0.86145,,98,0.0006,-0.02044
min_staff_desk,would/policy_action,46,0.687,(7) Δ,d_vix,ΔVIX,-0.00638,0.03739,0.86462,,98,0.0006,-0.02044
min_staff_desk,would/policy_action,46,0.687,(8) Δ excl-2020,const,const,-0.01228,0.04979,0.80524,,90,0.00262,-0.02031
min_staff_desk,would/policy_action,46,0.687,(8) Δ excl-2020,d_cfnai,ΔCFNAI,0.28276,0.47713,0.55343,,90,0.00262,-0.02031
min_staff_desk,would/policy_action,46,0.687,(8) Δ excl-2020,d_vix,ΔVIX,0.00748,0.0338,0.82486,,90,0.00262,-0.02031
min_staff_desk,would/copular_adj,39,0.798,(3),const,const,0.62398,0.27723,0.0244,**,99,0.00596,-0.01475
min_staff_desk,would/copular_adj,39,0.798,(3),cfnai_ma3_lag2,CFNAI-MA3,0.02526,0.0224,0.25934,,99,0.00596,-0.01475
min_staff_desk,would/copular_adj,39,0.798,(3),vix_pre28,VIX,-0.01119,0.01263,0.3756,,99,0.00596,-0.01475
min_staff_desk,would/copular_adj,39,0.798,(6) excl-2020,const,const,0.5046,0.42253,0.23239,,91,0.00058,-0.02213
min_staff_desk,would/copular_adj,39,0.798,(6) excl-2020,cfnai_ma3_lag2,CFNAI-MA3,-0.05952,0.49128,0.90357,,91,0.00058,-0.02213
min_staff_desk,would/copular_adj,39,0.798,(6) excl-2020,vix_pre28,VIX,-0.00361,0.02289,0.87475,,91,0.00058,-0.02213
min_staff_desk,would/copular_adj,39,0.798,(7) Δ,const,const,-0.01535,0.06156,0.80308,,98,4e-05,-0.02101
min_staff_desk,would/copular_adj,39,0.798,(7) Δ,d_cfnai,ΔCFNAI,-0.00045,0.02009,0.98201,,98,4e-05,-0.02101
min_staff_desk,would/copular_adj,39,0.798,(7) Δ,d_vix,ΔVIX,-0.00171,0.02096,0.93481,,98,4e-05,-0.02101
min_staff_desk,would/copular_adj,39,0.798,(8) Δ excl-2020,const,const,-0.0285,0.06778,0.67418,,90,0.00043,-0.02254
min_staff_desk,would/copular_adj,39,0.798,(8) Δ excl-2020,d_cfnai,ΔCFNAI,0.10271,0.91837,0.91095,,90,0.00043,-0.02254
min_staff_desk,would/copular_adj,39,0.798,(8) Δ excl-2020,d_vix,ΔVIX,0.00416,0.03283,0.89917,,90,0.00043,-0.02254
min_staff_desk,would/aspectual,37,0.737,(3),const,const,-0.28561,0.1661,0.08552,*,99,0.09277,0.07387
min_staff_desk,would/aspectual,37,0.737,(3),cfnai_ma3_lag2,CFNAI-MA3,0.1155,0.01751,0.0,***,99,0.09277,0.07387
min_staff_desk,would/aspectual,37,0.737,(3),vix_pre28,VIX,0.04044,0.00917,1e-05,***,99,0.09277,0.07387
min_staff_desk,would/aspectual,37,0.737,(6) excl-2020,const,const,-0.28003,0.23734,0.23806,,91,0.05175,0.0302
min_staff_desk,would/aspectual,37,0.737,(6) excl-2020,cfnai_ma3_lag2,CFNAI-MA3,0.1371,0.32629,0.67435,,91,0.05175,0.0302
min_staff_desk,would/aspectual,37,0.737,(6) excl-2020,vix_pre28,VIX,0.03863,0.01522,0.01115,**,91,0.05175,0.0302
min_staff_desk,would/aspectual,37,0.737,(7) Δ,const,const,0.00156,0.05757,0.97833,,98,0.05611,0.03624
min_staff_desk,would/aspectual,37,0.737,(7) Δ,d_cfnai,ΔCFNAI,0.20585,0.03098,0.0,***,98,0.05611,0.03624
min_staff_desk,would/aspectual,37,0.737,(7) Δ,d_vix,ΔVIX,-0.02057,0.02113,0.33033,,98,0.05611,0.03624
min_staff_desk,would/aspectual,37,0.737,(8) Δ excl-2020,const,const,-0.01492,0.05444,0.78408,,90,0.00352,-0.01939
min_staff_desk,would/aspectual,37,0.737,(8) Δ excl-2020,d_cfnai,ΔCFNAI,-0.07222,0.63073,0.90884,,90,0.00352,-0.01939
min_staff_desk,would/aspectual,37,0.737,(8) Δ excl-2020,d_vix,ΔVIX,-0.01739,0.03298,0.59802,,90,0.00352,-0.01939
min_staff_desk,would/activity,31,0.768,(3),const,const,0.58608,0.25402,0.02104,**,99,0.03337,0.01323
min_staff_desk,would/activity,31,0.768,(3),cfnai_ma3_lag2,CFNAI-MA3,-0.11625,0.03268,0.00038,***,99,0.03337,0.01323
min_staff_desk,would/activity,31,0.768,(3),vix_pre28,VIX,-0.01264,0.00978,0.196,,99,0.03337,0.01323
min_staff_desk,would/activity,31,0.768,(6) excl-2020,const,const,0.73473,0.33698,0.02923,**,91,0.02835,0.00627
min_staff_desk,would/activity,31,0.768,(6) excl-2020,cfnai_ma3_lag2,CFNAI-MA3,0.48023,0.41468,0.24683,,91,0.02835,0.00627
min_staff_desk,would/activity,31,0.768,(6) excl-2020,vix_pre28,VIX,-0.02069,0.01542,0.17981,,91,0.02835,0.00627
min_staff_desk,would/activity,31,0.768,(7) Δ,const,const,-0.01491,0.04712,0.75163,,98,0.03643,0.01614
min_staff_desk,would/activity,31,0.768,(7) Δ,d_cfnai,ΔCFNAI,-0.12775,0.0199,0.0,***,98,0.03643,0.01614
min_staff_desk,would/activity,31,0.768,(7) Δ,d_vix,ΔVIX,-0.01065,0.01762,0.54552,,98,0.03643,0.01614
min_staff_desk,would/activity,31,0.768,(8) Δ excl-2020,const,const,-0.01934,0.0505,0.7017,,90,0.00304,-0.01988
min_staff_desk,would/activity,31,0.768,(8) Δ excl-2020,d_cfnai,ΔCFNAI,-0.14274,0.59909,0.81168,,90,0.00304,-0.01988
min_staff_desk,would/activity,31,0.768,(8) Δ excl-2020,d_vix,ΔVIX,-0.01187,0.02827,0.6745,,90,0.00304,-0.01988
min_statement_quote,will/activity,131,0.0,(3),const,const,2.49199,0.59277,3e-05,***,99,0.11364,0.09518
min_statement_quote,will/activity,131,0.0,(3),cfnai_ma3_lag2,CFNAI-MA3,-0.30401,0.10745,0.00466,***,99,0.11364,0.09518
min_statement_quote,will/activity,131,0.0,(3),vix_pre28,VIX,0.05313,0.0264,0.04421,**,99,0.11364,0.09518
min_statement_quote,will/activity,131,0.0,(6) excl-2020,const,const,2.02271,0.59569,0.00068,***,91,0.18783,0.16937
min_statement_quote,will/activity,131,0.0,(6) excl-2020,cfnai_ma3_lag2,CFNAI-MA3,-2.40894,0.72063,0.00083,***,91,0.18783,0.16937
min_statement_quote,will/activity,131,0.0,(6) excl-2020,vix_pre28,VIX,0.0801,0.03266,0.01419,**,91,0.18783,0.16937
min_statement_quote,will/activity,131,0.0,(7) Δ,const,const,0.02581,0.06639,0.69751,,98,0.12706,0.10869
min_statement_quote,will/activity,131,0.0,(7) Δ,d_cfnai,ΔCFNAI,-0.16648,0.02858,0.0,***,98,0.12706,0.10869
min_statement_quote,will/activity,131,0.0,(7) Δ,d_vix,ΔVIX,0.04155,0.01941,0.0323,**,98,0.12706,0.10869
min_statement_quote,will/activity,131,0.0,(8) Δ excl-2020,const,const,0.04524,0.07054,0.52136,,90,0.0107,-0.01204
min_statement_quote,will/activity,131,0.0,(8) Δ excl-2020,d_cfnai,ΔCFNAI,-0.1113,0.2741,0.68471,,90,0.0107,-0.01204
min_statement_quote,will/activity,131,0.0,(8) Δ excl-2020,d_vix,ΔVIX,0.01941,0.01995,0.33045,,90,0.0107,-0.01204
min_statement_quote,will/aspectual,123,0.323,(3),const,const,0.24516,1.38772,0.85977,,99,0.12642,0.10822
min_statement_quote,will/aspectual,123,0.323,(3),cfnai_ma3_lag2,CFNAI-MA3,-0.05213,0.09481,0.58245,,99,0.12642,0.10822
min_statement_quote,will/aspectual,123,0.323,(3),vix_pre28,VIX,0.18232,0.0546,0.00084,***,99,0.12642,0.10822
min_statement_quote,will/aspectual,123,0.323,(6) excl-2020,const,const,-0.85689,1.39325,0.53854,,91,0.14122,0.1217
min_statement_quote,will/aspectual,123,0.323,(6) excl-2020,cfnai_ma3_lag2,CFNAI-MA3,-2.24688,2.01508,0.26483,,91,0.14122,0.1217
min_statement_quote,will/aspectual,123,0.323,(6) excl-2020,vix_pre28,VIX,0.24596,0.06575,0.00018,***,91,0.14122,0.1217
min_statement_quote,will/aspectual,123,0.323,(7) Δ,const,const,0.03025,0.09385,0.74719,,98,0.01614,-0.00457
min_statement_quote,will/aspectual,123,0.323,(7) Δ,d_cfnai,ΔCFNAI,0.11089,0.07562,0.14251,,98,0.01614,-0.00457
min_statement_quote,will/aspectual,123,0.323,(7) Δ,d_vix,ΔVIX,-0.02224,0.03145,0.4796,,98,0.01614,-0.00457
min_statement_quote,will/aspectual,123,0.323,(8) Δ excl-2020,const,const,0.00713,0.09643,0.94104,,90,0.05125,0.02944
min_statement_quote,will/aspectual,123,0.323,(8) Δ excl-2020,d_cfnai,ΔCFNAI,0.77352,0.62716,0.21744,,90,0.05125,0.02944
min_statement_quote,will/aspectual,123,0.323,(8) Δ excl-2020,d_vix,ΔVIX,-0.06939,0.02205,0.00165,***,90,0.05125,0.02944
min_statement_quote,will/mental,104,0.253,(3),const,const,4.23991,0.85867,0.0,***,99,0.21925,0.20298
min_statement_quote,will/mental,104,0.253,(3),cfnai_ma3_lag2,CFNAI-MA3,-0.57823,0.11086,0.0,***,99,0.21925,0.20298
min_statement_quote,will/mental,104,0.253,(3),vix_pre28,VIX,-0.09369,0.04907,0.05619,*,99,0.21925,0.20298
min_statement_quote,will/mental,104,0.253,(6) excl-2020,const,const,4.97587,0.81755,0.0,***,91,0.27808,0.26167
min_statement_quote,will/mental,104,0.253,(6) excl-2020,cfnai_ma3_lag2,CFNAI-MA3,-2.01367,0.89733,0.02483,**,91,0.27808,0.26167
min_statement_quote,will/mental,104,0.253,(6) excl-2020,vix_pre28,VIX,-0.14074,0.04558,0.00202,***,91,0.27808,0.26167
min_statement_quote,will/mental,104,0.253,(7) Δ,const,const,0.01489,0.06475,0.81818,,98,0.14413,0.12611
min_statement_quote,will/mental,104,0.253,(7) Δ,d_cfnai,ΔCFNAI,-0.29196,0.07757,0.00017,***,98,0.14413,0.12611
min_statement_quote,will/mental,104,0.253,(7) Δ,d_vix,ΔVIX,0.01565,0.02026,0.43989,,98,0.14413,0.12611
min_statement_quote,will/mental,104,0.253,(8) Δ excl-2020,const,const,0.0602,0.06103,0.32395,,90,0.00608,-0.01677
min_statement_quote,will/mental,104,0.253,(8) Δ excl-2020,d_cfnai,ΔCFNAI,0.14039,0.42612,0.74181,,90,0.00608,-0.01677
min_statement_quote,will/mental,104,0.253,(8) Δ excl-2020,d_vix,ΔVIX,0.01546,0.02122,0.4665,,90,0.00608,-0.01677
min_statement_quote,will/policy_action,57,0.606,(3),const,const,2.46651,0.6305,9e-05,***,99,0.09825,0.07947
min_statement_quote,will/policy_action,57,0.606,(3),cfnai_ma3_lag2,CFNAI-MA3,0.00344,0.04545,0.9396,,99,0.09825,0.07947
min_statement_quote,will/policy_action,57,0.606,(3),vix_pre28,VIX,-0.07725,0.02874,0.0072,***,99,0.09825,0.07947
min_statement_quote,will/policy_action,57,0.606,(6) excl-2020,const,const,2.92113,0.64342,1e-05,***,91,0.10777,0.08749
min_statement_quote,will/policy_action,57,0.606,(6) excl-2020,cfnai_ma3_lag2,CFNAI-MA3,-0.06796,0.65783,0.91772,,91,0.10777,0.08749
min_statement_quote,will/policy_action,57,0.606,(6) excl-2020,vix_pre28,VIX,-0.10373,0.03161,0.00103,***,91,0.10777,0.08749
min_statement_quote,will/policy_action,57,0.606,(7) Δ,const,const,-0.03983,0.06826,0.5596,,98,0.01746,-0.00323
min_statement_quote,will/policy_action,57,0.606,(7) Δ,d_cfnai,ΔCFNAI,-0.02146,0.02538,0.39794,,98,0.01746,-0.00323
min_statement_quote,will/policy_action,57,0.606,(7) Δ,d_vix,ΔVIX,0.0374,0.02303,0.10439,,98,0.01746,-0.00323
min_statement_quote,will/policy_action,57,0.606,(8) Δ excl-2020,const,const,-0.04586,0.07471,0.53932,,90,0.01314,-0.00955
min_statement_quote,will/policy_action,57,0.606,(8) Δ excl-2020,d_cfnai,ΔCFNAI,-0.39554,0.53899,0.46304,,90,0.01314,-0.00955
min_statement_quote,will/policy_action,57,0.606,(8) Δ excl-2020,d_vix,ΔVIX,0.03689,0.03621,0.30824,,90,0.01314,-0.00955
min_statement_quote,will/copular_adj,51,0.525,(3),const,const,0.51121,0.71408,0.47405,,99,0.08022,0.06106
min_statement_quote,will/copular_adj,51,0.525,(3),cfnai_ma3_lag2,CFNAI-MA3,0.31421,0.0825,0.00014,***,99,0.08022,0.06106
min_statement_quote,will/copular_adj,51,0.525,(3),vix_pre28,VIX,0.04437,0.03952,0.26159,,99,0.08022,0.06106
min_statement_quote,will/copular_adj,51,0.525,(6) excl-2020,const,const,0.0211,0.81326,0.9793,,91,0.15339,0.13415
min_statement_quote,will/copular_adj,51,0.525,(6) excl-2020,cfnai_ma3_lag2,CFNAI-MA3,1.66897,0.66445,0.01201,**,91,0.15339,0.13415
min_statement_quote,will/copular_adj,51,0.525,(6) excl-2020,vix_pre28,VIX,0.07764,0.04569,0.08924,*,91,0.15339,0.13415
min_statement_quote,will/copular_adj,51,0.525,(7) Δ,const,const,-0.02225,0.08828,0.80105,,98,0.06811,0.04849
min_statement_quote,will/copular_adj,51,0.525,(7) Δ,d_cfnai,ΔCFNAI,0.15713,0.03002,0.0,***,98,0.06811,0.04849
min_statement_quote,will/copular_adj,51,0.525,(7) Δ,d_vix,ΔVIX,-0.03852,0.01815,0.03385,**,98,0.06811,0.04849
min_statement_quote,will/copular_adj,51,0.525,(8) Δ excl-2020,const,const,-0.05122,0.09646,0.59541,,90,0.03951,0.01743
min_statement_quote,will/copular_adj,51,0.525,(8) Δ excl-2020,d_cfnai,ΔCFNAI,0.12962,0.52534,0.80512,,90,0.03951,0.01743
min_statement_quote,will/copular_adj,51,0.525,(8) Δ excl-2020,d_vix,ΔVIX,-0.0524,0.02726,0.05461,*,90,0.03951,0.01743
min_statement_quote,could/causative,50,0.495,(3),const,const,0.21917,0.89414,0.80636,,99,0.09025,0.0713
min_statement_quote,could/causative,50,0.495,(3),cfnai_ma3_lag2,CFNAI-MA3,0.23429,0.0535,1e-05,***,99,0.09025,0.0713
min_statement_quote,could/causative,50,0.495,(3),vix_pre28,VIX,0.07322,0.04718,0.12069,,99,0.09025,0.0713
min_statement_quote,could/causative,50,0.495,(6) excl-2020,const,const,-1.33818,0.60841,0.02784,**,91,0.23389,0.21648
min_statement_quote,could/causative,50,0.495,(6) excl-2020,cfnai_ma3_lag2,CFNAI-MA3,-1.26938,0.98312,0.19664,,91,0.23389,0.21648
min_statement_quote,could/causative,50,0.495,(6) excl-2020,vix_pre28,VIX,0.16897,0.0335,0.0,***,91,0.23389,0.21648
min_statement_quote,could/causative,50,0.495,(7) Δ,const,const,0.0293,0.02787,0.29317,,98,0.2637,0.2482
min_statement_quote,could/causative,50,0.495,(7) Δ,d_cfnai,ΔCFNAI,0.13973,0.03569,9e-05,***,98,0.2637,0.2482
min_statement_quote,could/causative,50,0.495,(7) Δ,d_vix,ΔVIX,-0.00705,0.00875,0.42033,,98,0.2637,0.2482
min_statement_quote,could/causative,50,0.495,(8) Δ excl-2020,const,const,0.00574,0.02283,0.80166,,90,0.00115,-0.02181
min_statement_quote,could/causative,50,0.495,(8) Δ excl-2020,d_cfnai,ΔCFNAI,-0.0476,0.13002,0.71431,,90,0.00115,-0.02181
min_statement_quote,could/causative,50,0.495,(8) Δ excl-2020,d_vix,ΔVIX,-0.00074,0.01155,0.94906,,90,0.00115,-0.02181
min_statement_quote,will/occurrence,47,0.636,(3),const,const,1.66499,0.7784,0.03244,**,99,0.02911,0.00888
min_statement_quote,will/occurrence,47,0.636,(3),cfnai_ma3_lag2,CFNAI-MA3,-0.08736,0.09841,0.3747,,99,0.02911,0.00888
min_statement_quote,will/occurrence,47,0.636,(3),vix_pre28,VIX,-0.03982,0.03552,0.26225,,99,0.02911,0.00888
min_statement_quote,will/occurrence,47,0.636,(6) excl-2020,const,const,2.79815,0.78875,0.00039,***,91,0.14142,0.1219
min_statement_quote,will/occurrence,47,0.636,(6) excl-2020,cfnai_ma3_lag2,CFNAI-MA3,1.36131,0.88079,0.12221,,91,0.14142,0.1219
min_statement_quote,will/occurrence,47,0.636,(6) excl-2020,vix_pre28,VIX,-0.10889,0.0371,0.00333,***,91,0.14142,0.1219
min_statement_quote,will/occurrence,47,0.636,(7) Δ,const,const,-0.03741,0.08431,0.65725,,98,0.01316,-0.00762
min_statement_quote,will/occurrence,47,0.636,(7) Δ,d_cfnai,ΔCFNAI,-0.10068,0.06712,0.1336,,98,0.01316,-0.00762
min_statement_quote,will/occurrence,47,0.636,(7) Δ,d_vix,ΔVIX,-0.00126,0.02769,0.96372,,98,0.01316,-0.00762
min_statement_quote,will/occurrence,47,0.636,(8) Δ excl-2020,const,const,-0.04147,0.08755,0.63575,,90,0.00537,-0.0175
min_statement_quote,will/occurrence,47,0.636,(8) Δ excl-2020,d_cfnai,ΔCFNAI,-0.01287,0.58605,0.98248,,90,0.00537,-0.0175
min_statement_quote,will/occurrence,47,0.636,(8) Δ excl-2020,d_vix,ΔVIX,-0.02215,0.03487,0.5254,,90,0.00537,-0.0175
min_statement_quote,would/copular_adj,46,0.535,(3),const,const,0.05549,0.91452,0.95161,,99,0.09882,0.08005
min_statement_quote,would/copular_adj,46,0.535,(3),cfnai_ma3_lag2,CFNAI-MA3,0.23223,0.05523,3e-05,***,99,0.09882,0.08005
min_statement_quote,would/copular_adj,46,0.535,(3),vix_pre28,VIX,0.07953,0.0483,0.09964,*,99,0.09882,0.08005
min_statement_quote,would/copular_adj,46,0.535,(6) excl-2020,const,const,-1.55884,0.60674,0.01019,**,91,0.25226,0.23526
min_statement_quote,would/copular_adj,46,0.535,(6) excl-2020,cfnai_ma3_lag2,CFNAI-MA3,-1.36028,1.00324,0.17514,,91,0.25226,0.23526
min_statement_quote,would/copular_adj,46,0.535,(6) excl-2020,vix_pre28,VIX,0.1786,0.03335,0.0,***,91,0.25226,0.23526
min_statement_quote,would/copular_adj,46,0.535,(7) Δ,const,const,0.04174,0.02399,0.08188,*,98,0.29894,0.28418
min_statement_quote,would/copular_adj,46,0.535,(7) Δ,d_cfnai,ΔCFNAI,0.13882,0.03555,9e-05,***,98,0.29894,0.28418
min_statement_quote,would/copular_adj,46,0.535,(7) Δ,d_vix,ΔVIX,-0.00681,0.00872,0.43502,,98,0.29894,0.28418
min_statement_quote,would/copular_adj,46,0.535,(8) Δ excl-2020,const,const,0.01873,0.01817,0.3026,,90,0.00417,-0.01872
min_statement_quote,would/copular_adj,46,0.535,(8) Δ excl-2020,d_cfnai,ΔCFNAI,-0.08593,0.12634,0.49639,,90,0.00417,-0.01872
min_statement_quote,would/copular_adj,46,0.535,(8) Δ excl-2020,d_vix,ΔVIX,-0.00013,0.01135,0.99054,,90,0.00417,-0.01872
min_vote,would/policy_action,97,0.071,(3),const,const,6.74102,1.0833,0.0,***,99,0.00149,-0.01932
min_vote,would/policy_action,97,0.071,(3),cfnai_ma3_lag2,CFNAI-MA3,-0.10347,0.11502,0.36833,,99,0.00149,-0.01932
min_vote,would/policy_action,97,0.071,(3),vix_pre28,VIX,-0.0136,0.04382,0.75634,,99,0.00149,-0.01932
min_vote,would/policy_action,97,0.071,(6) excl-2020,const,const,7.2032,1.32555,0.0,***,91,0.02544,0.00329
min_vote,would/policy_action,97,0.071,(6) excl-2020,cfnai_ma3_lag2,CFNAI-MA3,2.44973,1.16005,0.03471,**,91,0.02544,0.00329
min_vote,would/policy_action,97,0.071,(6) excl-2020,vix_pre28,VIX,-0.03773,0.06404,0.5558,,91,0.02544,0.00329
min_vote,would/policy_action,97,0.071,(7) Δ,const,const,-0.10112,0.19115,0.5968,,98,0.00532,-0.01562
min_vote,would/policy_action,97,0.071,(7) Δ,d_cfnai,ΔCFNAI,-0.20246,0.09072,0.02563,**,98,0.00532,-0.01562
min_vote,would/policy_action,97,0.071,(7) Δ,d_vix,ΔVIX,0.03545,0.08052,0.65975,,98,0.00532,-0.01562
min_vote,would/policy_action,97,0.071,(8) Δ excl-2020,const,const,-0.09044,0.20803,0.66373,,90,0.02022,-0.0023
min_vote,would/policy_action,97,0.071,(8) Δ excl-2020,d_cfnai,ΔCFNAI,2.86106,1.75474,0.103,,90,0.02022,-0.0023
min_vote,would/policy_action,97,0.071,(8) Δ excl-2020,d_vix,ΔVIX,0.05025,0.11802,0.67028,,90,0.02022,-0.0023
pc_chair,would/communication,846,0.0,(3),const,const,1.27902,0.22947,0.0,***,80,0.02021,-0.00524
pc_chair,would/communication,846,0.0,(3),cfnai_ma3_lag2,CFNAI-MA3,0.02563,0.03797,0.49961,,80,0.02021,-0.00524
pc_chair,would/communication,846,0.0,(3),vix_pre28,VIX,0.01599,0.01053,0.12874,,80,0.02021,-0.00524
pc_chair,would/communication,846,0.0,(6) excl-2020,const,const,1.18511,0.31992,0.00021,***,71,0.0232,-0.00553
pc_chair,would/communication,846,0.0,(6) excl-2020,cfnai_ma3_lag2,CFNAI-MA3,-0.33653,0.32413,0.29914,,71,0.0232,-0.00553
pc_chair,would/communication,846,0.0,(6) excl-2020,vix_pre28,VIX,0.01974,0.01868,0.29053,,71,0.0232,-0.00553
pc_chair,would/communication,846,0.0,(7) Δ,const,const,-0.01841,0.05461,0.73596,,79,0.04012,0.01486
pc_chair,would/communication,846,0.0,(7) Δ,d_cfnai,ΔCFNAI,0.12059,0.0347,0.00051,***,79,0.04012,0.01486
pc_chair,would/communication,846,0.0,(7) Δ,d_vix,ΔVIX,-0.01835,0.0182,0.3133,,79,0.04012,0.01486
pc_chair,would/communication,846,0.0,(8) Δ excl-2020,const,const,-0.03557,0.05997,0.55311,,70,0.00107,-0.02875
pc_chair,would/communication,846,0.0,(8) Δ excl-2020,d_cfnai,ΔCFNAI,-0.11979,0.47089,0.7992,,70,0.00107,-0.02875
pc_chair,would/communication,846,0.0,(8) Δ excl-2020,d_vix,ΔVIX,-0.00342,0.02345,0.88398,,70,0.00107,-0.02875
pc_chair,will/activity,845,0.0,(3),const,const,0.71093,0.34058,0.03685,**,80,0.09954,0.07615
pc_chair,will/activity,845,0.0,(3),cfnai_ma3_lag2,CFNAI-MA3,0.06402,0.02852,0.02481,**,80,0.09954,0.07615
pc_chair,will/activity,845,0.0,(3),vix_pre28,VIX,0.04767,0.01471,0.00119,***,80,0.09954,0.07615
pc_chair,will/activity,845,0.0,(6) excl-2020,const,const,0.77156,0.4373,0.07767,*,71,0.05743,0.02971
pc_chair,will/activity,845,0.0,(6) excl-2020,cfnai_ma3_lag2,CFNAI-MA3,-0.1758,0.4097,0.66785,,71,0.05743,0.02971
pc_chair,will/activity,845,0.0,(6) excl-2020,vix_pre28,VIX,0.04054,0.02161,0.06058,*,71,0.05743,0.02971
pc_chair,will/activity,845,0.0,(7) Δ,const,const,0.00702,0.06406,0.91276,,79,0.02432,-0.00135
pc_chair,will/activity,845,0.0,(7) Δ,d_cfnai,ΔCFNAI,0.10485,0.08231,0.20271,,79,0.02432,-0.00135
pc_chair,will/activity,845,0.0,(7) Δ,d_vix,ΔVIX,-0.02084,0.02829,0.46131,,79,0.02432,-0.00135
pc_chair,will/activity,845,0.0,(8) Δ excl-2020,const,const,-0.00985,0.0496,0.84259,,70,0.06743,0.0396
pc_chair,will/activity,845,0.0,(8) Δ excl-2020,d_cfnai,ΔCFNAI,-0.62251,0.46599,0.18159,,70,0.06743,0.0396
pc_chair,will/activity,845,0.0,(8) Δ excl-2020,d_vix,ΔVIX,-0.03731,0.0238,0.11697,,70,0.06743,0.0396
pc_chair,will/mental,589,0.0,(3),const,const,1.02473,0.20572,0.0,***,80,0.00305,-0.02284
pc_chair,will/mental,589,0.0,(3),cfnai_ma3_lag2,CFNAI-MA3,0.00854,0.02603,0.74285,,80,0.00305,-0.02284
pc_chair,will/mental,589,0.0,(3),vix_pre28,VIX,0.00441,0.01021,0.66614,,80,0.00305,-0.02284
pc_chair,will/mental,589,0.0,(6) excl-2020,const,const,0.75265,0.27212,0.00568,***,71,0.03529,0.00692
pc_chair,will/mental,589,0.0,(6) excl-2020,cfnai_ma3_lag2,CFNAI-MA3,-0.14295,0.26087,0.58371,,71,0.03529,0.00692
pc_chair,will/mental,589,0.0,(6) excl-2020,vix_pre28,VIX,0.02121,0.01415,0.13396,,71,0.03529,0.00692
pc_chair,will/mental,589,0.0,(7) Δ,const,const,-0.00634,0.03862,0.86954,,79,0.00073,-0.02557
pc_chair,will/mental,589,0.0,(7) Δ,d_cfnai,ΔCFNAI,-0.00831,0.01122,0.45865,,79,0.00073,-0.02557
pc_chair,will/mental,589,0.0,(7) Δ,d_vix,ΔVIX,-0.00231,0.01297,0.85838,,79,0.00073,-0.02557
pc_chair,will/mental,589,0.0,(8) Δ excl-2020,const,const,-0.01836,0.04266,0.66694,,70,0.00649,-0.02317
pc_chair,will/mental,589,0.0,(8) Δ excl-2020,d_cfnai,ΔCFNAI,-0.23816,0.42639,0.57648,,70,0.00649,-0.02317
pc_chair,will/mental,589,0.0,(8) Δ excl-2020,d_vix,ΔVIX,-0.00372,0.01598,0.81583,,70,0.00649,-0.02317
pc_chair,would/mental,475,0.0,(3),const,const,0.8225,0.18314,1e-05,***,80,0.01759,-0.00793
pc_chair,would/mental,475,0.0,(3),cfnai_ma3_lag2,CFNAI-MA3,0.05046,0.01314,0.00012,***,80,0.01759,-0.00793
pc_chair,would/mental,475,0.0,(3),vix_pre28,VIX,0.00432,0.00864,0.61711,,80,0.01759,-0.00793
pc_chair,would/mental,475,0.0,(6) excl-2020,const,const,0.77694,0.26671,0.00358,***,71,0.01158,-0.01749
pc_chair,would/mental,475,0.0,(6) excl-2020,cfnai_ma3_lag2,CFNAI-MA3,0.13598,0.25301,0.59096,,71,0.01158,-0.01749
pc_chair,would/mental,475,0.0,(6) excl-2020,vix_pre28,VIX,0.00723,0.01406,0.60724,,71,0.01158,-0.01749
pc_chair,would/mental,475,0.0,(7) Δ,const,const,0.00301,0.03618,0.93369,,79,0.03006,0.00454
pc_chair,would/mental,475,0.0,(7) Δ,d_cfnai,ΔCFNAI,0.0176,0.01976,0.37298,,79,0.03006,0.00454
pc_chair,would/mental,475,0.0,(7) Δ,d_vix,ΔVIX,0.02402,0.01989,0.22718,,79,0.03006,0.00454
pc_chair,would/mental,475,0.0,(8) Δ excl-2020,const,const,0.00029,0.04133,0.99446,,70,0.05987,0.03181
pc_chair,would/mental,475,0.0,(8) Δ excl-2020,d_cfnai,ΔCFNAI,-0.14307,0.40314,0.72267,,70,0.05987,0.03181
pc_chair,would/mental,475,0.0,(8) Δ excl-2020,d_vix,ΔVIX,0.04346,0.02381,0.06793,*,70,0.05987,0.03181
pc_chair,will/other,431,0.013,(3),const,const,0.35581,0.12929,0.00592,***,80,0.12679,0.10411
pc_chair,will/other,431,0.013,(3),cfnai_ma3_lag2,CFNAI-MA3,0.03329,0.02056,0.10538,,80,0.12679,0.10411
pc_chair,will/other,431,0.013,(3),vix_pre28,VIX,0.02335,0.00724,0.00126,***,80,0.12679,0.10411
pc_chair,will/other,431,0.013,(6) excl-2020,const,const,0.66018,0.1515,1e-05,***,71,0.15152,0.12657
pc_chair,will/other,431,0.013,(6) excl-2020,cfnai_ma3_lag2,CFNAI-MA3,0.55995,0.16554,0.00072,***,71,0.15152,0.12657
pc_chair,will/other,431,0.013,(6) excl-2020,vix_pre28,VIX,0.00524,0.00791,0.50757,,71,0.15152,0.12657
pc_chair,will/other,431,0.013,(7) Δ,const,const,0.00265,0.02668,0.92079,,79,0.03549,0.01011
pc_chair,will/other,431,0.013,(7) Δ,d_cfnai,ΔCFNAI,0.06028,0.03004,0.04475,**,79,0.03549,0.01011
pc_chair,will/other,431,0.013,(7) Δ,d_vix,ΔVIX,-0.00213,0.0092,0.81692,,79,0.03549,0.01011
pc_chair,will/other,431,0.013,(8) Δ excl-2020,const,const,-0.00341,0.02741,0.90096,,70,0.05344,0.02519
pc_chair,will/other,431,0.013,(8) Δ excl-2020,d_cfnai,ΔCFNAI,0.45238,0.18814,0.01619,**,70,0.05344,0.02519
pc_chair,will/other,431,0.013,(8) Δ excl-2020,d_vix,ΔVIX,-0.01476,0.00807,0.06735,*,70,0.05344,0.02519
pc_chair,will/existence,430,0.013,(3),const,const,0.48146,0.16316,0.00317,***,80,0.07856,0.05463
pc_chair,will/existence,430,0.013,(3),cfnai_ma3_lag2,CFNAI-MA3,0.04806,0.01725,0.00533,***,80,0.07856,0.05463
pc_chair,will/existence,430,0.013,(3),vix_pre28,VIX,0.01768,0.00818,0.03071,**,80,0.07856,0.05463
pc_chair,will/existence,430,0.013,(6) excl-2020,const,const,0.50651,0.19646,0.00993,***,71,0.03226,0.00379
pc_chair,will/existence,430,0.013,(6) excl-2020,cfnai_ma3_lag2,CFNAI-MA3,-0.10618,0.20868,0.61089,,71,0.03226,0.00379
pc_chair,will/existence,430,0.013,(6) excl-2020,vix_pre28,VIX,0.01543,0.00968,0.11105,,71,0.03226,0.00379
pc_chair,will/existence,430,0.013,(7) Δ,const,const,0.01504,0.03461,0.664,,79,0.10048,0.07681
pc_chair,will/existence,430,0.013,(7) Δ,d_cfnai,ΔCFNAI,0.10761,0.01539,0.0,***,79,0.10048,0.07681
pc_chair,will/existence,430,0.013,(7) Δ,d_vix,ΔVIX,-0.0167,0.01163,0.15105,,79,0.10048,0.07681
pc_chair,will/existence,430,0.013,(8) Δ excl-2020,const,const,0.02138,0.03444,0.53479,,70,0.03385,0.00501
pc_chair,will/existence,430,0.013,(8) Δ excl-2020,d_cfnai,ΔCFNAI,-0.18871,0.26478,0.47603,,70,0.03385,0.00501
pc_chair,will/existence,430,0.013,(8) Δ excl-2020,d_vix,ΔVIX,-0.01911,0.01513,0.20647,,70,0.03385,0.00501
pc_chair,can/activity,428,0.062,(3),const,const,0.09543,0.14451,0.509,,80,0.24461,0.22499
pc_chair,can/activity,428,0.062,(3),cfnai_ma3_lag2,CFNAI-MA3,-0.05952,0.02488,0.01675,**,80,0.24461,0.22499
pc_chair,can/activity,428,0.062,(3),vix_pre28,VIX,0.0357,0.00827,2e-05,***,80,0.24461,0.22499
pc_chair,can/activity,428,0.062,(6) excl-2020,const,const,0.33187,0.22633,0.14257,,71,0.17286,0.14854
pc_chair,can/activity,428,0.062,(6) excl-2020,cfnai_ma3_lag2,CFNAI-MA3,0.48307,0.1688,0.00421,***,71,0.17286,0.14854
pc_chair,can/activity,428,0.062,(6) excl-2020,vix_pre28,VIX,0.02203,0.01278,0.08467,*,71,0.17286,0.14854
pc_chair,can/activity,428,0.062,(7) Δ,const,const,0.00658,0.03157,0.83487,,79,0.0433,0.01812
pc_chair,can/activity,428,0.062,(7) Δ,d_cfnai,ΔCFNAI,-0.04636,0.01869,0.0131,**,79,0.0433,0.01812
pc_chair,can/activity,428,0.062,(7) Δ,d_vix,ΔVIX,0.01917,0.01135,0.09118,*,79,0.0433,0.01812
pc_chair,can/activity,428,0.062,(8) Δ excl-2020,const,const,0.01042,0.03198,0.74448,,70,0.03373,0.00489
pc_chair,can/activity,428,0.062,(8) Δ excl-2020,d_cfnai,ΔCFNAI,0.33686,0.28271,0.23344,,70,0.03373,0.00489
pc_chair,can/activity,428,0.062,(8) Δ excl-2020,d_vix,ΔVIX,0.01175,0.0152,0.43942,,70,0.03373,0.00489
pc_chair,will/copular_adj,400,0.037,(3),const,const,0.44726,0.17748,0.01173,**,80,0.07543,0.05141
pc_chair,will/copular_adj,400,0.037,(3),cfnai_ma3_lag2,CFNAI-MA3,0.06547,0.02494,0.00868,***,80,0.07543,0.05141
pc_chair,will/copular_adj,400,0.037,(3),vix_pre28,VIX,0.0163,0.00862,0.05857,*,80,0.07543,0.05141
pc_chair,will/copular_adj,400,0.037,(6) excl-2020,const,const,0.38616,0.27377,0.15838,,71,0.06581,0.03833
pc_chair,will/copular_adj,400,0.037,(6) excl-2020,cfnai_ma3_lag2,CFNAI-MA3,0.18483,0.18501,0.3178,,71,0.06581,0.03833
pc_chair,will/copular_adj,400,0.037,(6) excl-2020,vix_pre28,VIX,0.01922,0.01519,0.20575,,71,0.06581,0.03833
pc_chair,will/copular_adj,400,0.037,(7) Δ,const,const,-0.02173,0.02662,0.4144,,79,0.05673,0.0319
pc_chair,will/copular_adj,400,0.037,(7) Δ,d_cfnai,ΔCFNAI,0.08908,0.02595,0.0006,***,79,0.05673,0.0319
pc_chair,will/copular_adj,400,0.037,(7) Δ,d_vix,ΔVIX,-0.00498,0.01332,0.70829,,79,0.05673,0.0319
pc_chair,will/copular_adj,400,0.037,(8) Δ excl-2020,const,const,-0.04434,0.02683,0.09841,*,70,0.02824,-0.00077
pc_chair,will/copular_adj,400,0.037,(8) Δ excl-2020,d_cfnai,ΔCFNAI,-0.38616,0.41625,0.35355,,70,0.02824,-0.00077
pc_chair,will/copular_adj,400,0.037,(8) Δ excl-2020,d_vix,ΔVIX,0.01111,0.01669,0.50577,,70,0.02824,-0.00077
pc_journalist,could/other,175,0.175,(3),const,const,0.93482,0.30926,0.00251,***,80,0.04865,0.02394
pc_journalist,could/other,175,0.175,(3),cfnai_ma3_lag2,CFNAI-MA3,0.14535,0.03916,0.00021,***,80,0.04865,0.02394
pc_journalist,could/other,175,0.175,(3),vix_pre28,VIX,0.01663,0.01513,0.27192,,80,0.04865,0.02394
pc_journalist,could/other,175,0.175,(6) excl-2020,const,const,0.74014,0.4505,0.1004,,71,0.02867,0.0001
pc_journalist,could/other,175,0.175,(6) excl-2020,cfnai_ma3_lag2,CFNAI-MA3,0.133,0.43742,0.76109,,71,0.02867,0.0001
pc_journalist,could/other,175,0.175,(6) excl-2020,vix_pre28,VIX,0.02958,0.02534,0.24297,,71,0.02867,0.0001
pc_journalist,could/other,175,0.175,(7) Δ,const,const,0.00976,0.06229,0.8755,,79,0.07291,0.04851
pc_journalist,could/other,175,0.175,(7) Δ,d_cfnai,ΔCFNAI,0.1742,0.0772,0.02405,**,79,0.07291,0.04851
pc_journalist,could/other,175,0.175,(7) Δ,d_vix,ΔVIX,0.03671,0.0366,0.31593,,79,0.07291,0.04851
pc_journalist,could/other,175,0.175,(8) Δ excl-2020,const,const,0.05164,0.06954,0.45773,,70,0.15588,0.13068
pc_journalist,could/other,175,0.175,(8) Δ excl-2020,d_cfnai,ΔCFNAI,1.93195,0.50614,0.00014,***,70,0.15588,0.13068
pc_journalist,could/other,175,0.175,(8) Δ excl-2020,d_vix,ΔVIX,0.05402,0.04786,0.25896,,70,0.15588,0.13068
pc_journalist,would/other,172,0.15,(3),const,const,2.01325,0.27285,0.0,***,80,0.08889,0.06522
pc_journalist,would/other,172,0.15,(3),cfnai_ma3_lag2,CFNAI-MA3,0.09473,0.0331,0.00421,***,80,0.08889,0.06522
pc_journalist,would/other,172,0.15,(3),vix_pre28,VIX,-0.03871,0.01243,0.00185,***,80,0.08889,0.06522
pc_journalist,would/other,172,0.15,(6) excl-2020,const,const,2.02428,0.38816,0.0,***,71,0.0734,0.04615
pc_journalist,would/other,172,0.15,(6) excl-2020,cfnai_ma3_lag2,CFNAI-MA3,-0.34685,0.45668,0.44756,,71,0.0734,0.04615
pc_journalist,would/other,172,0.15,(6) excl-2020,vix_pre28,VIX,-0.04226,0.02236,0.05873,*,71,0.0734,0.04615
pc_journalist,would/other,172,0.15,(7) Δ,const,const,0.00577,0.05862,0.92157,,79,0.05355,0.02864
pc_journalist,would/other,172,0.15,(7) Δ,d_cfnai,ΔCFNAI,0.10625,0.03134,0.0007,***,79,0.05355,0.02864
pc_journalist,would/other,172,0.15,(7) Δ,d_vix,ΔVIX,-0.04294,0.02059,0.03699,**,79,0.05355,0.02864
pc_journalist,would/other,172,0.15,(8) Δ excl-2020,const,const,0.00935,0.06411,0.88404,,70,0.11803,0.09171
pc_journalist,would/other,172,0.15,(8) Δ excl-2020,d_cfnai,ΔCFNAI,-1.48883,0.65792,0.02364,**,70,0.11803,0.09171
pc_journalist,would/other,172,0.15,(8) Δ excl-2020,d_vix,ΔVIX,-0.0282,0.02614,0.28066,,70,0.11803,0.09171
pc_journalist,could/communication,134,0.212,(3),const,const,0.87307,0.24093,0.00029,***,80,0.00205,-0.02387
pc_journalist,could/communication,134,0.212,(3),cfnai_ma3_lag2,CFNAI-MA3,0.01591,0.03709,0.66802,,80,0.00205,-0.02387
pc_journalist,could/communication,134,0.212,(3),vix_pre28,VIX,0.0058,0.01146,0.61265,,80,0.00205,-0.02387
pc_journalist,could/communication,134,0.212,(6) excl-2020,const,const,0.74698,0.34874,0.0322,**,71,0.03928,0.01102
pc_journalist,could/communication,134,0.212,(6) excl-2020,cfnai_ma3_lag2,CFNAI-MA3,0.55036,0.42135,0.19149,,71,0.03928,0.01102
pc_journalist,could/communication,134,0.212,(6) excl-2020,vix_pre28,VIX,0.01653,0.02007,0.41016,,71,0.03928,0.01102
pc_journalist,could/communication,134,0.212,(7) Δ,const,const,-7e-05,0.06355,0.9991,,79,7e-05,-0.02624
pc_journalist,could/communication,134,0.212,(7) Δ,d_cfnai,ΔCFNAI,-0.00053,0.04437,0.99054,,79,7e-05,-0.02624
pc_journalist,could/communication,134,0.212,(7) Δ,d_vix,ΔVIX,0.00203,0.02052,0.92139,,79,7e-05,-0.02624
pc_journalist,could/communication,134,0.212,(8) Δ excl-2020,const,const,0.03433,0.07779,0.65896,,70,0.11683,0.09046
pc_journalist,could/communication,134,0.212,(8) Δ excl-2020,d_cfnai,ΔCFNAI,1.88487,0.64153,0.0033,***,70,0.11683,0.09046
pc_journalist,could/communication,134,0.212,(8) Δ excl-2020,d_vix,ΔVIX,-0.01808,0.02815,0.52079,,70,0.11683,0.09046
pc_journalist,would/mental,111,0.263,(3),const,const,0.63951,0.2122,0.00258,***,80,0.01931,-0.00616
pc_journalist,would/mental,111,0.263,(3),cfnai_ma3_lag2,CFNAI-MA3,-0.06657,0.0462,0.14962,,80,0.01931,-0.00616
pc_journalist,would/mental,111,0.263,(3),vix_pre28,VIX,0.00871,0.00998,0.38288,,80,0.01931,-0.00616
pc_journalist,would/mental,111,0.263,(6) excl-2020,const,const,0.74962,0.26843,0.00523,***,71,0.02411,-0.00459
pc_journalist,would/mental,111,0.263,(6) excl-2020,cfnai_ma3_lag2,CFNAI-MA3,0.42356,0.3233,0.19016,,71,0.02411,-0.00459
pc_journalist,would/mental,111,0.263,(6) excl-2020,vix_pre28,VIX,0.00166,0.01419,0.90682,,71,0.02411,-0.00459
pc_journalist,would/mental,111,0.263,(7) Δ,const,const,0.00068,0.05072,0.98934,,79,0.05945,0.0347
pc_journalist,would/mental,111,0.263,(7) Δ,d_cfnai,ΔCFNAI,-0.17734,0.05008,0.0004,***,79,0.05945,0.0347
pc_journalist,would/mental,111,0.263,(7) Δ,d_vix,ΔVIX,-0.00309,0.02237,0.88998,,79,0.05945,0.0347
pc_journalist,would/mental,111,0.263,(8) Δ excl-2020,const,const,-0.00512,0.0499,0.91833,,70,0.01023,-0.01932
pc_journalist,would/mental,111,0.263,(8) Δ excl-2020,d_cfnai,ΔCFNAI,0.36686,0.57756,0.52531,,70,0.01023,-0.01932
pc_journalist,would/mental,111,0.263,(8) Δ excl-2020,d_vix,ΔVIX,-0.02017,0.03302,0.54136,,70,0.01023,-0.01932
pc_journalist,can/other,105,0.3,(3),const,const,0.56024,0.22333,0.01212,**,80,0.01387,-0.01174
pc_journalist,can/other,105,0.3,(3),cfnai_ma3_lag2,CFNAI-MA3,-0.03701,0.04033,0.3587,,80,0.01387,-0.01174
pc_journalist,can/other,105,0.3,(3),vix_pre28,VIX,0.00985,0.00956,0.303,,80,0.01387,-0.01174
pc_journalist,can/other,105,0.3,(6) excl-2020,const,const,0.50179,0.27285,0.0659,*,71,0.01265,-0.01639
pc_journalist,can/other,105,0.3,(6) excl-2020,cfnai_ma3_lag2,CFNAI-MA3,0.12212,0.30029,0.68425,,71,0.01265,-0.01639
pc_journalist,can/other,105,0.3,(6) excl-2020,vix_pre28,VIX,0.01167,0.01275,0.35996,,71,0.01265,-0.01639
pc_journalist,can/other,105,0.3,(7) Δ,const,const,0.00926,0.05314,0.86169,,79,0.05671,0.03189
pc_journalist,can/other,105,0.3,(7) Δ,d_cfnai,ΔCFNAI,-0.00336,0.04573,0.94149,,79,0.05671,0.03189
pc_journalist,can/other,105,0.3,(7) Δ,d_vix,ΔVIX,-0.04386,0.02503,0.07973,*,79,0.05671,0.03189
pc_journalist,can/other,105,0.3,(8) Δ excl-2020,const,const,-0.02051,0.05716,0.71967,,70,0.04611,0.01764
pc_journalist,can/other,105,0.3,(8) Δ excl-2020,d_cfnai,ΔCFNAI,0.54569,0.27255,0.04527,**,70,0.04611,0.01764
pc_journalist,can/other,105,0.3,(8) Δ excl-2020,d_vix,ΔVIX,-0.03247,0.02218,0.14319,,70,0.04611,0.01764
pc_journalist,can/activity,105,0.338,(3),const,const,0.08126,0.33284,0.80712,,80,0.06627,0.04202
pc_journalist,can/activity,105,0.338,(3),cfnai_ma3_lag2,CFNAI-MA3,0.00086,0.07035,0.99023,,80,0.06627,0.04202
pc_journalist,can/activity,105,0.338,(3),vix_pre28,VIX,0.03694,0.02113,0.08046,*,80,0.06627,0.04202
pc_journalist,can/activity,105,0.338,(6) excl-2020,const,const,0.77793,0.35455,0.02823,**,71,0.01839,-0.01048
pc_journalist,can/activity,105,0.338,(6) excl-2020,cfnai_ma3_lag2,CFNAI-MA3,0.40369,0.46981,0.3902,,71,0.01839,-0.01048
pc_journalist,can/activity,105,0.338,(6) excl-2020,vix_pre28,VIX,-0.00711,0.01889,0.70675,,71,0.01839,-0.01048
pc_journalist,can/activity,105,0.338,(7) Δ,const,const,0.00834,0.0631,0.89487,,79,0.03116,0.00566
pc_journalist,can/activity,105,0.338,(7) Δ,d_cfnai,ΔCFNAI,0.08432,0.036,0.01916,**,79,0.03116,0.00566
pc_journalist,can/activity,105,0.338,(7) Δ,d_vix,ΔVIX,-0.03352,0.02723,0.21837,,79,0.03116,0.00566
pc_journalist,can/activity,105,0.338,(8) Δ excl-2020,const,const,-0.05868,0.08187,0.47358,,70,0.03389,0.00505
pc_journalist,can/activity,105,0.338,(8) Δ excl-2020,d_cfnai,ΔCFNAI,-0.23184,0.44401,0.60156,,70,0.03389,0.00505
pc_journalist,can/activity,105,0.338,(8) Δ excl-2020,d_vix,ΔVIX,-0.04194,0.02753,0.12761,,70,0.03389,0.00505
pc_journalist,can/communication,103,0.338,(3),const,const,0.90477,0.20349,1e-05,***,80,0.00944,-0.01629
pc_journalist,can/communication,103,0.338,(3),cfnai_ma3_lag2,CFNAI-MA3,0.05857,0.02884,0.04226,**,80,0.00944,-0.01629
pc_journalist,can/communication,103,0.338,(3),vix_pre28,VIX,-0.00651,0.01073,0.5443,,80,0.00944,-0.01629
pc_journalist,can/communication,103,0.338,(6) excl-2020,const,const,1.02801,0.27235,0.00016,***,71,0.01725,-0.01165
pc_journalist,can/communication,103,0.338,(6) excl-2020,cfnai_ma3_lag2,CFNAI-MA3,-0.15594,0.35933,0.66432,,71,0.01725,-0.01165
pc_journalist,can/communication,103,0.338,(6) excl-2020,vix_pre28,VIX,-0.0164,0.01516,0.27949,,71,0.01725,-0.01165
pc_journalist,can/communication,103,0.338,(7) Δ,const,const,0.01813,0.06386,0.7765,,79,0.01795,-0.00789
pc_journalist,can/communication,103,0.338,(7) Δ,d_cfnai,ΔCFNAI,0.01016,0.06319,0.87229,,79,0.01795,-0.00789
pc_journalist,can/communication,103,0.338,(7) Δ,d_vix,ΔVIX,-0.03447,0.0336,0.3049,,79,0.01795,-0.00789
pc_journalist,can/communication,103,0.338,(8) Δ excl-2020,const,const,0.02028,0.05333,0.70368,,70,0.05853,0.03042
pc_journalist,can/communication,103,0.338,(8) Δ excl-2020,d_cfnai,ΔCFNAI,-0.15451,0.48845,0.75175,,70,0.05853,0.03042
pc_journalist,can/communication,103,0.338,(8) Δ excl-2020,d_vix,ΔVIX,-0.05604,0.02095,0.00748,***,70,0.05853,0.03042
pc_journalist,could/activity,103,0.287,(3),const,const,0.84968,0.2381,0.00036,***,80,0.00193,-0.02399
pc_journalist,could/activity,103,0.287,(3),cfnai_ma3_lag2,CFNAI-MA3,-0.00154,0.07393,0.98334,,80,0.00193,-0.02399
pc_journalist,could/activity,103,0.287,(3),vix_pre28,VIX,-0.00505,0.01268,0.69026,,80,0.00193,-0.02399
pc_journalist,could/activity,103,0.287,(6) excl-2020,const,const,1.1277,0.22888,0.0,***,71,0.03325,0.00482
pc_journalist,could/activity,103,0.287,(6) excl-2020,cfnai_ma3_lag2,CFNAI-MA3,0.01508,0.3069,0.96082,,71,0.03325,0.00482
pc_journalist,could/activity,103,0.287,(6) excl-2020,vix_pre28,VIX,-0.02458,0.01138,0.03083,**,71,0.03325,0.00482
pc_journalist,could/activity,103,0.287,(7) Δ,const,const,-0.00997,0.05453,0.85496,,79,0.07582,0.0515
pc_journalist,could/activity,103,0.287,(7) Δ,d_cfnai,ΔCFNAI,0.13672,0.08682,0.11528,,79,0.07582,0.0515
pc_journalist,could/activity,103,0.287,(7) Δ,d_vix,ΔVIX,-0.04507,0.021,0.03185,**,79,0.07582,0.0515
pc_journalist,could/activity,103,0.287,(8) Δ excl-2020,const,const,-0.02059,0.04992,0.68006,,70,0.0131,-0.01636
pc_journalist,could/activity,103,0.287,(8) Δ excl-2020,d_cfnai,ΔCFNAI,-0.28507,0.59316,0.6308,,70,0.0131,-0.01636
pc_journalist,could/activity,103,0.287,(8) Δ excl-2020,d_vix,ΔVIX,-0.01785,0.02159,0.40841,,70,0.0131,-0.01636
pc_moderator,will/activity,79,0.449,(3),const,const,-1.75515,18.02712,0.92244,,49,0.08219,0.04228
pc_moderator,will/activity,79,0.449,(3),cfnai_ma3_lag2,CFNAI-MA3,2.60807,1.7938,0.14597,,49,0.08219,0.04228
pc_moderator,will/activity,79,0.449,(3),vix_pre28,VIX,1.57051,0.78063,0.04424,**,49,0.08219,0.04228
pc_moderator,will/activity,79,0.449,(6) excl-2020,const,const,1.64456,23.85171,0.94503,,42,0.26489,0.22719
pc_moderator,will/activity,79,0.449,(6) excl-2020,cfnai_ma3_lag2,CFNAI-MA3,53.25459,10.03788,0.0,***,42,0.26489,0.22719
pc_moderator,will/activity,79,0.449,(6) excl-2020,vix_pre28,VIX,1.455,1.3544,0.2827,,42,0.26489,0.22719
pc_moderator,will/activity,79,0.449,(7) Δ,const,const,0.75824,3.37375,0.82218,,48,0.02469,-0.01866
pc_moderator,will/activity,79,0.449,(7) Δ,d_cfnai,ΔCFNAI,3.3876,1.00613,0.00076,***,48,0.02469,-0.01866
pc_moderator,will/activity,79,0.449,(7) Δ,d_vix,ΔVIX,-0.71291,0.90038,0.42848,,48,0.02469,-0.01866
pc_moderator,will/activity,79,0.449,(8) Δ excl-2020,const,const,2.74466,3.64548,0.45151,,42,0.09061,0.04397
pc_moderator,will/activity,79,0.449,(8) Δ excl-2020,d_cfnai,ΔCFNAI,55.65258,39.93559,0.16345,,42,0.09061,0.04397
pc_moderator,will/activity,79,0.449,(8) Δ excl-2020,d_vix,ΔVIX,-0.16042,0.9213,0.86177,,42,0.09061,0.04397
speech_chair,will/other,253,0.258,(3),const,const,0.79207,0.39697,0.04601,**,124,0.0139,-0.0024
speech_chair,will/other,253,0.258,(3),cfnai_ma3_lag2,CFNAI-MA3,-0.04605,0.0491,0.34839,,124,0.0139,-0.0024
speech_chair,will/other,253,0.258,(3),vix_pre28,VIX,0.02377,0.02115,0.26109,,124,0.0139,-0.0024
speech_chair,will/other,253,0.258,(6) excl-2020,const,const,1.35279,0.37978,0.00037,***,118,0.00107,-0.0163
speech_chair,will/other,253,0.258,(6) excl-2020,cfnai_ma3_lag2,CFNAI-MA3,-0.00587,0.57499,0.99185,,118,0.00107,-0.0163
speech_chair,will/other,253,0.258,(6) excl-2020,vix_pre28,VIX,-0.01052,0.021,0.61641,,118,0.00107,-0.0163
speech_chair,will/other,253,0.258,(7) Δ,const,const,-0.00802,0.08085,0.92099,,123,0.00554,-0.01104
speech_chair,will/other,253,0.258,(7) Δ,d_cfnai,ΔCFNAI,-0.11619,0.0492,0.0182,**,123,0.00554,-0.01104
speech_chair,will/other,253,0.258,(7) Δ,d_vix,ΔVIX,0.02006,0.05374,0.70893,,123,0.00554,-0.01104
speech_chair,will/other,253,0.258,(8) Δ excl-2020,const,const,-0.0247,0.09201,0.78833,,117,0.0625,0.04605
speech_chair,will/other,253,0.258,(8) Δ excl-2020,d_cfnai,ΔCFNAI,0.25893,0.31141,0.40571,,117,0.0625,0.04605
speech_chair,will/other,253,0.258,(8) Δ excl-2020,d_vix,ΔVIX,-0.17228,0.07133,0.01573,**,117,0.0625,0.04605
speech_chair,will/activity,179,0.306,(3),const,const,0.17596,0.17402,0.31197,,124,0.13129,0.11693
speech_chair,will/activity,179,0.306,(3),cfnai_ma3_lag2,CFNAI-MA3,-0.28474,0.06133,0.0,***,124,0.13129,0.11693
speech_chair,will/activity,179,0.306,(3),vix_pre28,VIX,0.04033,0.00973,3e-05,***,124,0.13129,0.11693
speech_chair,will/activity,179,0.306,(6) excl-2020,const,const,-0.04459,0.30492,0.88374,,118,0.05614,0.03973
speech_chair,will/activity,179,0.306,(6) excl-2020,cfnai_ma3_lag2,CFNAI-MA3,-0.66097,0.64617,0.30636,,118,0.05614,0.03973
speech_chair,will/activity,179,0.306,(6) excl-2020,vix_pre28,VIX,0.05353,0.02005,0.0076,***,118,0.05614,0.03973
speech_chair,will/activity,179,0.306,(7) Δ,const,const,0.01825,0.05492,0.73961,,123,0.09231,0.07718
speech_chair,will/activity,179,0.306,(7) Δ,d_cfnai,ΔCFNAI,-0.45722,0.10905,3e-05,***,123,0.09231,0.07718
speech_chair,will/activity,179,0.306,(7) Δ,d_vix,ΔVIX,0.02119,0.01733,0.22132,,123,0.09231,0.07718
speech_chair,will/activity,179,0.306,(8) Δ excl-2020,const,const,-0.00294,0.05219,0.95505,,117,0.01624,-0.00102
speech_chair,will/activity,179,0.306,(8) Δ excl-2020,d_cfnai,ΔCFNAI,-0.56967,0.29225,0.05126,*,117,0.01624,-0.00102
speech_chair,will/activity,179,0.306,(8) Δ excl-2020,d_vix,ΔVIX,-0.00943,0.05912,0.87333,,117,0.01624,-0.00102
speech_chair,would/other,158,0.435,(3),const,const,0.7652,0.21462,0.00036,***,124,0.01917,0.00296
speech_chair,would/other,158,0.435,(3),cfnai_ma3_lag2,CFNAI-MA3,0.10343,0.02238,0.0,***,124,0.01917,0.00296
speech_chair,would/other,158,0.435,(3),vix_pre28,VIX,-0.00741,0.01084,0.49433,,124,0.01917,0.00296
speech_chair,would/other,158,0.435,(6) excl-2020,const,const,1.16983,0.26058,1e-05,***,118,0.03093,0.01408
speech_chair,would/other,158,0.435,(6) excl-2020,cfnai_ma3_lag2,CFNAI-MA3,0.29714,0.28488,0.29692,,118,0.03093,0.01408
speech_chair,would/other,158,0.435,(6) excl-2020,vix_pre28,VIX,-0.03222,0.01343,0.01646,**,118,0.03093,0.01408
speech_chair,would/other,158,0.435,(7) Δ,const,const,0.02807,0.04783,0.55724,,123,0.01533,-0.00108
speech_chair,would/other,158,0.435,(7) Δ,d_cfnai,ΔCFNAI,0.11401,0.04916,0.02039,**,123,0.01533,-0.00108
speech_chair,would/other,158,0.435,(7) Δ,d_vix,ΔVIX,0.00841,0.01158,0.46746,,123,0.01533,-0.00108
speech_chair,would/other,158,0.435,(8) Δ excl-2020,const,const,0.03193,0.04943,0.51837,,117,0.02693,0.00986
speech_chair,would/other,158,0.435,(8) Δ excl-2020,d_cfnai,ΔCFNAI,0.54258,0.18978,0.00425,***,117,0.02693,0.00986
speech_chair,would/other,158,0.435,(8) Δ excl-2020,d_vix,ΔVIX,-0.03051,0.03264,0.34987,,117,0.02693,0.00986
speech_chair,can/other,155,0.395,(3),const,const,0.37256,0.22247,0.094,*,124,0.0906,0.07557
speech_chair,can/other,155,0.395,(3),cfnai_ma3_lag2,CFNAI-MA3,-0.27475,0.05092,0.0,***,124,0.0906,0.07557
speech_chair,can/other,155,0.395,(3),vix_pre28,VIX,0.01747,0.01078,0.10493,,124,0.0906,0.07557
speech_chair,can/other,155,0.395,(6) excl-2020,const,const,0.81165,0.30609,0.00801,***,118,0.00533,-0.01197
speech_chair,can/other,155,0.395,(6) excl-2020,cfnai_ma3_lag2,CFNAI-MA3,0.30677,0.38906,0.43041,,118,0.00533,-0.01197
speech_chair,can/other,155,0.395,(6) excl-2020,vix_pre28,VIX,-0.00836,0.01673,0.61725,,118,0.00533,-0.01197
speech_chair,can/other,155,0.395,(7) Δ,const,const,0.00471,0.04947,0.92416,,123,0.13307,0.11862
speech_chair,can/other,155,0.395,(7) Δ,d_cfnai,ΔCFNAI,-0.42661,0.08818,0.0,***,123,0.13307,0.11862
speech_chair,can/other,155,0.395,(7) Δ,d_vix,ΔVIX,0.0302,0.01133,0.0077,***,123,0.13307,0.11862
speech_chair,can/other,155,0.395,(8) Δ excl-2020,const,const,0.00224,0.05177,0.9655,,117,0.03199,0.01501
speech_chair,can/other,155,0.395,(8) Δ excl-2020,d_cfnai,ΔCFNAI,-0.50053,0.15802,0.00154,***,117,0.03199,0.01501
speech_chair,can/other,155,0.395,(8) Δ excl-2020,d_vix,ΔVIX,0.05219,0.02677,0.05123,*,117,0.03199,0.01501
speech_chair,will/occurrence,119,0.548,(3),const,const,0.62917,0.10712,0.0,***,124,0.02068,0.0045
speech_chair,will/occurrence,119,0.548,(3),cfnai_ma3_lag2,CFNAI-MA3,0.01588,0.02479,0.5217,,124,0.02068,0.0045
speech_chair,will/occurrence,119,0.548,(3),vix_pre28,VIX,-0.01349,0.00495,0.00638,***,124,0.02068,0.0045
speech_chair,will/occurrence,119,0.548,(6) excl-2020,const,const,0.5724,0.20895,0.00615,***,118,0.02405,0.00708
speech_chair,will/occurrence,119,0.548,(6) excl-2020,cfnai_ma3_lag2,CFNAI-MA3,-0.38776,0.31445,0.21752,,118,0.02405,0.00708
speech_chair,will/occurrence,119,0.548,(6) excl-2020,vix_pre28,VIX,-0.01079,0.01254,0.38928,,118,0.02405,0.00708
speech_chair,will/occurrence,119,0.548,(7) Δ,const,const,-0.00258,0.03247,0.93663,,123,0.00946,-0.00705
speech_chair,will/occurrence,119,0.548,(7) Δ,d_cfnai,ΔCFNAI,0.04677,0.017,0.00593,***,123,0.00946,-0.00705
speech_chair,will/occurrence,119,0.548,(7) Δ,d_vix,ΔVIX,-0.01254,0.00829,0.13056,,123,0.00946,-0.00705
speech_chair,will/occurrence,119,0.548,(8) Δ excl-2020,const,const,0.00591,0.03531,0.86709,,117,0.0048,-0.01265
speech_chair,will/occurrence,119,0.548,(8) Δ excl-2020,d_cfnai,ΔCFNAI,0.20514,0.13977,0.14218,,117,0.0048,-0.01265
speech_chair,will/occurrence,119,0.548,(8) Δ excl-2020,d_vix,ΔVIX,-0.00874,0.03059,0.77504,,117,0.0048,-0.01265
speech_chair,will/communication,117,0.508,(3),const,const,0.59881,0.11049,0.0,***,124,0.01323,-0.00308
speech_chair,will/communication,117,0.508,(3),cfnai_ma3_lag2,CFNAI-MA3,0.02331,0.01904,0.22089,,124,0.01323,-0.00308
speech_chair,will/communication,117,0.508,(3),vix_pre28,VIX,-0.00922,0.00494,0.06192,*,124,0.01323,-0.00308
speech_chair,will/communication,117,0.508,(6) excl-2020,const,const,0.58556,0.19871,0.00321,***,118,0.00993,-0.00728
speech_chair,will/communication,117,0.508,(6) excl-2020,cfnai_ma3_lag2,CFNAI-MA3,-0.17613,0.24615,0.47428,,118,0.00993,-0.00728
speech_chair,will/communication,117,0.508,(6) excl-2020,vix_pre28,VIX,-0.00886,0.01107,0.42334,,118,0.00993,-0.00728
speech_chair,will/communication,117,0.508,(7) Δ,const,const,-0.00254,0.03343,0.93935,,123,0.01238,-0.00408
speech_chair,will/communication,117,0.508,(7) Δ,d_cfnai,ΔCFNAI,0.01747,0.01611,0.2783,,123,0.01238,-0.00408
speech_chair,will/communication,117,0.508,(7) Δ,d_vix,ΔVIX,-0.01525,0.00732,0.03731,**,123,0.01238,-0.00408
speech_chair,will/communication,117,0.508,(8) Δ excl-2020,const,const,-0.00605,0.03476,0.86176,,117,0.00587,-0.01157
speech_chair,will/communication,117,0.508,(8) Δ excl-2020,d_cfnai,ΔCFNAI,-0.01889,0.14094,0.8934,,117,0.00587,-0.01157
speech_chair,will/communication,117,0.508,(8) Δ excl-2020,d_vix,ΔVIX,-0.02022,0.02899,0.48546,,117,0.00587,-0.01157
speech_chair,will/aspectual,114,0.492,(3),const,const,0.47104,0.1979,0.01731,**,124,0.02622,0.01013
speech_chair,will/aspectual,114,0.492,(3),cfnai_ma3_lag2,CFNAI-MA3,-0.14933,0.02927,0.0,***,124,0.02622,0.01013
speech_chair,will/aspectual,114,0.492,(3),vix_pre28,VIX,0.00289,0.0103,0.77918,,124,0.02622,0.01013
speech_chair,will/aspectual,114,0.492,(6) excl-2020,const,const,0.46811,0.38183,0.22021,,118,0.00628,-0.011
speech_chair,will/aspectual,114,0.492,(6) excl-2020,cfnai_ma3_lag2,CFNAI-MA3,-0.33314,0.35648,0.35004,,118,0.00628,-0.011
speech_chair,will/aspectual,114,0.492,(6) excl-2020,vix_pre28,VIX,0.00314,0.02312,0.89194,,118,0.00628,-0.011
speech_chair,will/aspectual,114,0.492,(7) Δ,const,const,-0.00183,0.04447,0.96723,,123,0.03816,0.02213
speech_chair,will/aspectual,114,0.492,(7) Δ,d_cfnai,ΔCFNAI,-0.21738,0.04222,0.0,***,123,0.03816,0.02213
speech_chair,will/aspectual,114,0.492,(7) Δ,d_vix,ΔVIX,0.00472,0.01423,0.73993,,123,0.03816,0.02213
speech_chair,will/aspectual,114,0.492,(8) Δ excl-2020,const,const,-0.0066,0.04872,0.89229,,117,0.01329,-0.00402
speech_chair,will/aspectual,114,0.492,(8) Δ excl-2020,d_cfnai,ΔCFNAI,-0.16798,0.13467,0.21226,,117,0.01329,-0.00402
speech_chair,will/aspectual,114,0.492,(8) Δ excl-2020,d_vix,ΔVIX,-0.03408,0.04398,0.43847,,117,0.01329,-0.00402
speech_chair,can/activity,109,0.484,(3),const,const,0.37282,0.18859,0.04805,**,124,0.03107,0.01506
speech_chair,can/activity,109,0.484,(3),cfnai_ma3_lag2,CFNAI-MA3,-0.15196,0.04526,0.00079,***,124,0.03107,0.01506
speech_chair,can/activity,109,0.484,(3),vix_pre28,VIX,0.00897,0.01056,0.39561,,124,0.03107,0.01506
speech_chair,can/activity,109,0.484,(6) excl-2020,const,const,0.78524,0.30613,0.01032,**,118,0.00916,-0.00807
speech_chair,can/activity,109,0.484,(6) excl-2020,cfnai_ma3_lag2,CFNAI-MA3,0.31074,0.44025,0.48029,,118,0.00916,-0.00807
speech_chair,can/activity,109,0.484,(6) excl-2020,vix_pre28,VIX,-0.01606,0.01708,0.34702,,118,0.00916,-0.00807
speech_chair,can/activity,109,0.484,(7) Δ,const,const,0.01331,0.04977,0.78919,,123,0.00371,-0.0129
speech_chair,can/activity,109,0.484,(7) Δ,d_cfnai,ΔCFNAI,-0.07354,0.02806,0.00876,***,123,0.00371,-0.0129
speech_chair,can/activity,109,0.484,(7) Δ,d_vix,ΔVIX,-0.00145,0.01045,0.88938,,123,0.00371,-0.0129
speech_chair,can/activity,109,0.484,(8) Δ excl-2020,const,const,0.02037,0.05404,0.70619,,117,0.00033,-0.01721
speech_chair,can/activity,109,0.484,(8) Δ excl-2020,d_cfnai,ΔCFNAI,-0.03959,0.2301,0.86338,,117,0.00033,-0.01721
speech_chair,can/activity,109,0.484,(8) Δ excl-2020,d_vix,ΔVIX,0.00675,0.0353,0.84833,,117,0.00033,-0.01721
statement,will/activity,132,0.01,(3),const,const,3.12221,0.63796,0.0,***,101,0.05751,0.03827
statement,will/activity,132,0.01,(3),cfnai_ma3_lag2,CFNAI-MA3,-0.32122,0.08321,0.00011,***,101,0.05751,0.03827
statement,will/activity,132,0.01,(3),vix_pre28,VIX,0.01614,0.02774,0.5607,,101,0.05751,0.03827
statement,will/activity,132,0.01,(6) excl-2020,const,const,2.0312,0.57341,0.0004,***,91,0.18145,0.16284
statement,will/activity,132,0.01,(6) excl-2020,cfnai_ma3_lag2,CFNAI-MA3,-2.26217,0.6966,0.00116,***,91,0.18145,0.16284
statement,will/activity,132,0.01,(6) excl-2020,vix_pre28,VIX,0.07601,0.03127,0.01506,**,91,0.18145,0.16284
statement,will/activity,132,0.01,(7) Δ,const,const,0.02991,0.07587,0.6934,,100,0.04964,0.03005
statement,will/activity,132,0.01,(7) Δ,d_cfnai,ΔCFNAI,-0.11733,0.08386,0.1618,,100,0.04964,0.03005
statement,will/activity,132,0.01,(7) Δ,d_vix,ΔVIX,-0.05174,0.05802,0.37245,,100,0.04964,0.03005
statement,will/activity,132,0.01,(8) Δ excl-2020,const,const,0.04375,0.06828,0.52171,,90,0.01101,-0.01172
statement,will/activity,132,0.01,(8) Δ excl-2020,d_cfnai,ΔCFNAI,-0.11883,0.26944,0.65921,,90,0.01101,-0.01172
statement,will/activity,132,0.01,(8) Δ excl-2020,d_vix,ΔVIX,0.01914,0.01976,0.33273,,90,0.01101,-0.01172
statement,will/aspectual,126,0.327,(3),const,const,0.73053,1.30209,0.57477,,101,0.11166,0.09353
statement,will/aspectual,126,0.327,(3),cfnai_ma3_lag2,CFNAI-MA3,-0.06367,0.08722,0.46536,,101,0.11166,0.09353
statement,will/aspectual,126,0.327,(3),vix_pre28,VIX,0.14659,0.05263,0.00534,***,101,0.11166,0.09353
statement,will/aspectual,126,0.327,(6) excl-2020,const,const,-0.86442,1.34988,0.52193,,91,0.14285,0.12337
statement,will/aspectual,126,0.327,(6) excl-2020,cfnai_ma3_lag2,CFNAI-MA3,-2.02806,1.9591,0.30058,,91,0.14285,0.12337
statement,will/aspectual,126,0.327,(6) excl-2020,vix_pre28,VIX,0.24151,0.06362,0.00015,***,91,0.14285,0.12337
statement,will/aspectual,126,0.327,(7) Δ,const,const,0.02828,0.09355,0.76245,,100,0.01392,-0.00641
statement,will/aspectual,126,0.327,(7) Δ,d_cfnai,ΔCFNAI,0.10614,0.07257,0.14358,,100,0.01392,-0.00641
statement,will/aspectual,126,0.327,(7) Δ,d_vix,ΔVIX,-0.02212,0.03205,0.48994,,100,0.01392,-0.00641
statement,will/aspectual,126,0.327,(8) Δ excl-2020,const,const,0.00554,0.09447,0.95319,,90,0.04982,0.02797
statement,will/aspectual,126,0.327,(8) Δ excl-2020,d_cfnai,ΔCFNAI,0.75648,0.62668,0.22738,,90,0.04982,0.02797
statement,will/aspectual,126,0.327,(8) Δ excl-2020,d_vix,ΔVIX,-0.06785,0.0216,0.00168,***,90,0.04982,0.02797
statement,will/mental,105,0.257,(3),const,const,3.96696,0.795,0.0,***,101,0.21362,0.19757
statement,will/mental,105,0.257,(3),cfnai_ma3_lag2,CFNAI-MA3,-0.5702,0.10925,0.0,***,101,0.21362,0.19757
statement,will/mental,105,0.257,(3),vix_pre28,VIX,-0.08098,0.04307,0.0601,*,101,0.21362,0.19757
statement,will/mental,105,0.257,(6) excl-2020,const,const,4.96975,0.81322,0.0,***,91,0.27971,0.26334
statement,will/mental,105,0.257,(6) excl-2020,cfnai_ma3_lag2,CFNAI-MA3,-1.92511,0.89942,0.03232,**,91,0.27971,0.26334
statement,will/mental,105,0.257,(6) excl-2020,vix_pre28,VIX,-0.14249,0.04475,0.00145,***,91,0.27971,0.26334
statement,will/mental,105,0.257,(7) Δ,const,const,0.01368,0.06492,0.8331,,100,0.12996,0.11202
statement,will/mental,105,0.257,(7) Δ,d_cfnai,ΔCFNAI,-0.29253,0.07713,0.00015,***,100,0.12996,0.11202
statement,will/mental,105,0.257,(7) Δ,d_vix,ΔVIX,0.01179,0.01688,0.48502,,100,0.12996,0.11202
statement,will/mental,105,0.257,(8) Δ excl-2020,const,const,0.05877,0.05952,0.3235,,90,0.00596,-0.01689
statement,will/mental,105,0.257,(8) Δ excl-2020,d_cfnai,ΔCFNAI,0.12112,0.41682,0.77138,,90,0.00596,-0.01689
statement,will/mental,105,0.257,(8) Δ excl-2020,d_vix,ΔVIX,0.01537,0.0211,0.46648,,90,0.00596,-0.01689
statement,will/policy_action,57,0.614,(3),const,const,2.29427,0.57404,6e-05,***,101,0.10165,0.08332
statement,will/policy_action,57,0.614,(3),cfnai_ma3_lag2,CFNAI-MA3,0.00781,0.04656,0.86678,,101,0.10165,0.08332
statement,will/policy_action,57,0.614,(3),vix_pre28,VIX,-0.06826,0.02506,0.00645,***,101,0.10165,0.08332
statement,will/policy_action,57,0.614,(6) excl-2020,const,const,2.90785,0.63675,0.0,***,91,0.11008,0.08985
statement,will/policy_action,57,0.614,(6) excl-2020,cfnai_ma3_lag2,CFNAI-MA3,-0.05677,0.65142,0.93056,,91,0.11008,0.08985
statement,will/policy_action,57,0.614,(6) excl-2020,vix_pre28,VIX,-0.1036,0.03132,0.00094,***,91,0.11008,0.08985
statement,will/policy_action,57,0.614,(7) Δ,const,const,-0.03749,0.06595,0.56973,,100,0.007,-0.01348
statement,will/policy_action,57,0.614,(7) Δ,d_cfnai,ΔCFNAI,-0.01655,0.02156,0.44265,,100,0.007,-0.01348
statement,will/policy_action,57,0.614,(7) Δ,d_vix,ΔVIX,0.02296,0.02296,0.31735,,100,0.007,-0.01348
statement,will/policy_action,57,0.614,(8) Δ excl-2020,const,const,-0.04501,0.07334,0.53943,,90,0.01258,-0.01012
statement,will/policy_action,57,0.614,(8) Δ excl-2020,d_cfnai,ΔCFNAI,-0.3814,0.52502,0.46757,,90,0.01258,-0.01012
statement,will/policy_action,57,0.614,(8) Δ excl-2020,d_vix,ΔVIX,0.03513,0.0352,0.31831,,90,0.01258,-0.01012
statement,will/copular_adj,51,0.535,(3),const,const,0.81897,0.68724,0.23339,,101,0.06185,0.04271
statement,will/copular_adj,51,0.535,(3),cfnai_ma3_lag2,CFNAI-MA3,0.30545,0.09166,0.00086,***,101,0.06185,0.04271
statement,will/copular_adj,51,0.535,(3),vix_pre28,VIX,0.02463,0.03748,0.51097,,101,0.06185,0.04271
statement,will/copular_adj,51,0.535,(6) excl-2020,const,const,0.01365,0.80091,0.9864,,91,0.15771,0.13856
statement,will/copular_adj,51,0.535,(6) excl-2020,cfnai_ma3_lag2,CFNAI-MA3,1.68803,0.65473,0.00993,***,91,0.15771,0.13856
statement,will/copular_adj,51,0.535,(6) excl-2020,vix_pre28,VIX,0.07724,0.04499,0.086,*,91,0.15771,0.13856
statement,will/copular_adj,51,0.535,(7) Δ,const,const,-0.02142,0.08492,0.80084,,100,0.06903,0.04983
statement,will/copular_adj,51,0.535,(7) Δ,d_cfnai,ΔCFNAI,0.15619,0.03049,0.0,***,100,0.06903,0.04983
statement,will/copular_adj,51,0.535,(7) Δ,d_vix,ΔVIX,-0.03802,0.01813,0.03598,**,100,0.06903,0.04983
statement,will/copular_adj,51,0.535,(8) Δ excl-2020,const,const,-0.05087,0.095,0.59229,,90,0.03958,0.0175
statement,will/copular_adj,51,0.535,(8) Δ excl-2020,d_cfnai,ΔCFNAI,0.12142,0.52033,0.81548,,90,0.03958,0.0175
statement,will/copular_adj,51,0.535,(8) Δ excl-2020,d_vix,ΔVIX,-0.05168,0.02736,0.05893,*,90,0.03958,0.0175
statement,could/causative,50,0.505,(3),const,const,0.64181,0.89298,0.47231,,101,0.05686,0.03761
statement,could/causative,50,0.505,(3),cfnai_ma3_lag2,CFNAI-MA3,0.22371,0.04407,0.0,***,101,0.05686,0.03761
statement,could/causative,50,0.505,(3),vix_pre28,VIX,0.04491,0.04715,0.34081,,101,0.05686,0.03761
statement,could/causative,50,0.505,(6) excl-2020,const,const,-1.32489,0.59119,0.02502,**,91,0.23777,0.22045
statement,could/causative,50,0.505,(6) excl-2020,cfnai_ma3_lag2,CFNAI-MA3,-1.14992,0.95078,0.22649,,91,0.23777,0.22045
statement,could/causative,50,0.505,(6) excl-2020,vix_pre28,VIX,0.16567,0.0326,0.0,***,91,0.23777,0.22045
statement,could/causative,50,0.505,(7) Δ,const,const,0.02731,0.0269,0.30993,,100,0.2652,0.25005
statement,could/causative,50,0.505,(7) Δ,d_cfnai,ΔCFNAI,0.1392,0.03611,0.00012,***,100,0.2652,0.25005
statement,could/causative,50,0.505,(7) Δ,d_vix,ΔVIX,-0.0064,0.00897,0.47522,,100,0.2652,0.25005
statement,could/causative,50,0.505,(8) Δ excl-2020,const,const,0.00412,0.02263,0.85564,,90,0.00141,-0.02155
statement,could/causative,50,0.505,(8) Δ excl-2020,d_cfnai,ΔCFNAI,-0.05606,0.13106,0.66883,,90,0.00141,-0.02155
statement,could/causative,50,0.505,(8) Δ excl-2020,d_vix,ΔVIX,7e-05,0.01176,0.99494,,90,0.00141,-0.02155
statement,will/occurrence,47,0.644,(3),const,const,1.6371,0.66529,0.01386,**,101,0.03549,0.01581
statement,will/occurrence,47,0.644,(3),cfnai_ma3_lag2,CFNAI-MA3,-0.08668,0.10194,0.39517,,101,0.03549,0.01581
statement,will/occurrence,47,0.644,(3),vix_pre28,VIX,-0.03894,0.0278,0.16126,,101,0.03549,0.01581
statement,will/occurrence,47,0.644,(6) excl-2020,const,const,2.79494,0.79114,0.00041,***,91,0.14251,0.12302
statement,will/occurrence,47,0.644,(6) excl-2020,cfnai_ma3_lag2,CFNAI-MA3,1.366,0.88259,0.12169,,91,0.14251,0.12302
statement,will/occurrence,47,0.644,(6) excl-2020,vix_pre28,VIX,-0.10894,0.03718,0.00339,***,91,0.14251,0.12302
statement,will/occurrence,47,0.644,(7) Δ,const,const,-0.03517,0.08254,0.67,,100,0.01781,-0.00244
statement,will/occurrence,47,0.644,(7) Δ,d_cfnai,ΔCFNAI,-0.09698,0.06087,0.11113,,100,0.01781,-0.00244
statement,will/occurrence,47,0.644,(7) Δ,d_vix,ΔVIX,-0.0149,0.0259,0.56512,,100,0.01781,-0.00244
statement,will/occurrence,47,0.644,(8) Δ excl-2020,const,const,-0.04083,0.0871,0.63926,,90,0.00554,-0.01732
statement,will/occurrence,47,0.644,(8) Δ excl-2020,d_cfnai,ΔCFNAI,-0.01558,0.58094,0.9786,,90,0.00554,-0.01732
statement,will/occurrence,47,0.644,(8) Δ excl-2020,d_vix,ΔVIX,-0.02221,0.03458,0.52055,,90,0.00554,-0.01732
statement,would/copular_adj,46,0.545,(3),const,const,0.49928,0.91562,0.58555,,101,0.0627,0.04358
statement,would/copular_adj,46,0.545,(3),cfnai_ma3_lag2,CFNAI-MA3,0.22118,0.04549,0.0,***,101,0.0627,0.04358
statement,would/copular_adj,46,0.545,(3),vix_pre28,VIX,0.05004,0.04844,0.30162,,101,0.0627,0.04358
statement,would/copular_adj,46,0.545,(6) excl-2020,const,const,-1.54176,0.58947,0.00891,***,91,0.25647,0.23957
statement,would/copular_adj,46,0.545,(6) excl-2020,cfnai_ma3_lag2,CFNAI-MA3,-1.23922,0.9708,0.20178,,91,0.25647,0.23957
statement,would/copular_adj,46,0.545,(6) excl-2020,vix_pre28,VIX,0.17513,0.03245,0.0,***,91,0.25647,0.23957
statement,would/copular_adj,46,0.545,(7) Δ,const,const,0.0393,0.02322,0.09049,*,100,0.29966,0.28522
statement,would/copular_adj,46,0.545,(7) Δ,d_cfnai,ΔCFNAI,0.13831,0.03597,0.00012,***,100,0.29966,0.28522
statement,would/copular_adj,46,0.545,(7) Δ,d_vix,ΔVIX,-0.00616,0.00891,0.48883,,100,0.29966,0.28522
statement,would/copular_adj,46,0.545,(8) Δ excl-2020,const,const,0.01689,0.01816,0.35221,,90,0.00498,-0.01789
statement,would/copular_adj,46,0.545,(8) Δ excl-2020,d_cfnai,ΔCFNAI,-0.09364,0.12737,0.46225,,90,0.00498,-0.01789
statement,would/copular_adj,46,0.545,(8) Δ excl-2020,d_vix,ΔVIX,0.00067,0.01157,0.95411,,90,0.00498,-0.01789
