level,key,unit,period,macro,n_tokens,zero_share,n,r,p_r,rho,p_rho,q_rho,eligible,unit_level
genre,minutes,ALL,T1,cfnai,5589,0.0,99,-0.0389,0.702,0.0789,0.4378,0.8993,True,modal
genre,minutes,ALL,T1,vix,5589,0.0,99,0.1012,0.3189,0.0665,0.5132,0.6066,True,modal
genre,minutes,ALL,T2,cfnai,5004,0.0,91,0.1239,0.242,0.1532,0.1472,0.6255,True,modal
genre,minutes,ALL,T2,vix,5004,0.0,91,-0.0321,0.7623,-0.0079,0.9406,0.9406,True,modal
genre,minutes,ALL,T3,cfnai,6954,0.0,131,-0.028,0.7509,0.0851,0.334,0.8192,True,modal
genre,minutes,ALL,T3,vix,6954,0.0,131,-0.0193,0.827,-0.0649,0.4615,0.5454,True,modal
genre,minutes,ALL,H1,cfnai,2846,0.0,48,0.183,0.213,0.2179,0.1368,0.5152,True,modal
genre,minutes,ALL,H1,vix,2846,0.0,48,0.1711,0.2449,0.2154,0.1415,0.4179,True,modal
genre,minutes,ALL,H2,cfnai,2158,0.0,43,0.1073,0.4933,0.0463,0.7681,0.8253,True,modal
genre,minutes,ALL,H2,vix,2158,0.0,43,-0.0384,0.807,-0.0222,0.8876,0.9674,True,modal
genre,minutes,can,T1,cfnai,39,0.727,99,-0.2026,0.0443,0.0124,0.9029,0.9309,False,modal
genre,minutes,can,T1,vix,39,0.727,99,0.0659,0.5169,0.1331,0.189,0.273,False,modal
genre,minutes,can,T2,cfnai,34,0.736,91,0.025,0.8143,0.11,0.2994,0.6255,False,modal
genre,minutes,can,T2,vix,34,0.736,91,0.0477,0.6537,0.1523,0.1495,0.2591,False,modal
genre,minutes,can,T3,cfnai,46,0.748,131,-0.183,0.0364,0.0548,0.5338,0.8192,False,modal
genre,minutes,can,T3,vix,46,0.748,131,0.0473,0.5914,0.0958,0.2766,0.423,False,modal
genre,minutes,can,H1,cfnai,22,0.729,48,-0.0972,0.5109,0.03,0.8393,0.9451,False,modal
genre,minutes,can,H1,vix,22,0.729,48,0.0387,0.7937,0.1748,0.2348,0.5576,False,modal
genre,minutes,can,H2,cfnai,12,0.744,43,0.1583,0.3108,0.1972,0.2049,0.3723,False,modal
genre,minutes,can,H2,vix,12,0.744,43,0.211,0.1743,0.2864,0.0626,0.2725,False,modal
genre,minutes,could,T1,cfnai,1511,0.0,99,0.0243,0.8115,-0.0805,0.4281,0.8993,True,modal
genre,minutes,could,T1,vix,1511,0.0,99,0.1459,0.1497,0.2192,0.0293,0.0758,True,modal
genre,minutes,could,T2,cfnai,1340,0.0,91,-0.0819,0.44,-0.0976,0.3572,0.6255,True,modal
genre,minutes,could,T2,vix,1340,0.0,91,0.1571,0.1369,0.2254,0.0317,0.0824,True,modal
genre,minutes,could,T3,cfnai,1840,0.0,131,0.0187,0.8322,-0.049,0.5786,0.8192,True,modal
genre,minutes,could,T3,vix,1840,0.0,131,0.1041,0.2366,0.0923,0.2944,0.4252,True,modal
genre,minutes,could,H1,cfnai,722,0.0,48,-0.0823,0.578,-0.0614,0.6783,0.8592,True,modal
genre,minutes,could,H1,vix,722,0.0,48,0.2838,0.0506,0.3406,0.0178,0.1129,True,modal
genre,minutes,could,H2,cfnai,618,0.0,43,-0.1021,0.5148,-0.0871,0.5786,0.8253,True,modal
genre,minutes,could,H2,vix,618,0.0,43,-0.0618,0.694,-0.043,0.7841,0.9674,True,modal
genre,minutes,may,T1,cfnai,314,0.101,99,-0.0404,0.6913,-0.0921,0.3646,0.8993,True,modal
genre,minutes,may,T1,vix,314,0.101,99,-0.1852,0.0664,-0.232,0.0208,0.0602,True,modal
genre,minutes,may,T2,cfnai,295,0.088,91,-0.0558,0.5994,-0.0308,0.7722,0.7928,True,modal
genre,minutes,may,T2,vix,295,0.088,91,-0.2062,0.0498,-0.176,0.0951,0.1902,True,modal
genre,minutes,may,T3,cfnai,368,0.153,131,-0.0299,0.7347,-0.0305,0.7294,0.8245,True,modal
genre,minutes,may,T3,vix,368,0.153,131,-0.2608,0.0026,-0.3287,0.0001,0.0011,True,modal
genre,minutes,may,H1,cfnai,164,0.062,48,0.1835,0.2119,0.1921,0.191,0.5152,True,modal
genre,minutes,may,H1,vix,164,0.062,48,0.193,0.1888,0.1579,0.2839,0.5949,True,modal
genre,minutes,may,H2,cfnai,131,0.116,43,-0.1629,0.2966,-0.168,0.2816,0.4693,True,modal
genre,minutes,may,H2,vix,131,0.116,43,-0.4909,0.0008,-0.5584,0.0001,0.0025,True,modal
genre,minutes,should,T1,cfnai,324,0.091,99,0.0267,0.7934,0.0122,0.9044,0.9309,True,modal
genre,minutes,should,T1,vix,324,0.091,99,-0.1833,0.0693,-0.1401,0.1665,0.2547,True,modal
genre,minutes,should,T2,cfnai,300,0.088,91,0.0888,0.4024,0.0638,0.5478,0.6782,True,modal
genre,minutes,should,T2,vix,300,0.088,91,-0.1712,0.1047,-0.0928,0.3817,0.5962,True,modal
genre,minutes,should,T3,cfnai,399,0.137,131,0.0257,0.771,0.0422,0.6326,0.8224,True,modal
genre,minutes,should,T3,vix,399,0.137,131,-0.1967,0.0243,-0.1683,0.0547,0.1186,True,modal
genre,minutes,should,H1,cfnai,184,0.062,48,0.0897,0.5443,-0.0057,0.9693,0.9693,True,modal
genre,minutes,should,H1,vix,184,0.062,48,-0.0148,0.9203,0.0873,0.5552,0.8136,True,modal
genre,minutes,should,H2,cfnai,116,0.116,43,0.1151,0.4625,0.0825,0.599,0.8253,True,modal
genre,minutes,should,H2,vix,116,0.116,43,-0.1871,0.2295,-0.1783,0.2526,0.563,True,modal
genre,minutes,will,T1,cfnai,167,0.374,99,0.0357,0.7259,-0.0908,0.3715,0.8993,True,modal
genre,minutes,will,T1,vix,167,0.374,99,-0.1815,0.0721,-0.172,0.0887,0.1667,True,modal
genre,minutes,will,T2,cfnai,156,0.363,91,-0.0595,0.5756,-0.1303,0.2182,0.6255,True,modal
genre,minutes,will,T2,vix,156,0.363,91,-0.1615,0.1261,-0.1566,0.1383,0.2569,True,modal
genre,minutes,will,T3,cfnai,217,0.374,131,0.0287,0.7452,-0.0739,0.4014,0.8192,True,modal
genre,minutes,will,T3,vix,217,0.374,131,-0.1829,0.0365,-0.1836,0.0358,0.0846,True,modal
genre,minutes,will,H1,cfnai,108,0.271,48,0.0536,0.7175,0.0289,0.8456,0.9451,True,modal
genre,minutes,will,H1,vix,108,0.271,48,-0.0361,0.8074,0.0777,0.5995,0.8136,True,modal
genre,minutes,will,H2,cfnai,48,0.465,43,-0.218,0.1602,-0.2271,0.143,0.3723,True,modal
genre,minutes,will,H2,vix,48,0.465,43,-0.1808,0.246,-0.2883,0.0609,0.2725,True,modal
genre,minutes,would,T1,cfnai,3234,0.0,99,-0.0577,0.5705,0.2092,0.0377,0.6506,True,modal
genre,minutes,would,T1,vix,3234,0.0,99,0.1989,0.0484,0.1451,0.1518,0.2467,True,modal
genre,minutes,would,T2,cfnai,2879,0.0,91,0.2404,0.0217,0.2923,0.0049,0.1281,True,modal
genre,minutes,would,T2,vix,2879,0.0,91,0.0176,0.8681,0.0307,0.7724,0.8383,True,modal
genre,minutes,would,T3,cfnai,4084,0.0,131,-0.0465,0.5978,0.1745,0.0462,0.8192,True,modal
genre,minutes,would,T3,vix,4084,0.0,131,0.0874,0.3207,0.0427,0.6281,0.6985,True,modal
genre,minutes,would,H1,cfnai,1646,0.0,48,0.2846,0.0499,0.2553,0.08,0.5152,True,modal
genre,minutes,would,H1,vix,1646,0.0,48,-0.0642,0.6647,-0.025,0.8662,0.8943,True,modal
genre,minutes,would,H2,cfnai,1233,0.0,43,0.2409,0.1197,0.2097,0.1771,0.3723,True,modal
genre,minutes,would,H2,vix,1233,0.0,43,0.246,0.1118,0.2714,0.0784,0.2799,True,modal
genre,press_conf,ALL,T1,cfnai,10686,0.0,80,0.1105,0.3291,0.2165,0.0538,0.6506,True,modal
genre,press_conf,ALL,T1,vix,10686,0.0,80,0.3622,0.001,0.3188,0.004,0.0206,True,modal
genre,press_conf,ALL,T2,cfnai,9293,0.0,71,0.2947,0.0126,0.2575,0.0302,0.3921,True,modal
genre,press_conf,ALL,T2,vix,9293,0.0,71,0.2776,0.0191,0.2973,0.0118,0.0384,True,modal
genre,press_conf,ALL,T3,cfnai,12233,0.0,92,0.0967,0.3594,0.1422,0.1764,0.8192,True,modal
genre,press_conf,ALL,T3,vix,12233,0.0,92,0.3394,0.0009,0.2925,0.0047,0.0173,True,modal
genre,press_conf,ALL,H2,cfnai,6097,0.0,43,0.3415,0.025,0.3167,0.0385,0.2408,True,modal
genre,press_conf,ALL,H2,vix,6097,0.0,43,0.2372,0.1257,0.2523,0.1026,0.2849,True,modal
genre,press_conf,can,T1,cfnai,1610,0.0,80,-0.2073,0.0651,0.0682,0.548,0.8993,True,modal
genre,press_conf,can,T1,vix,1610,0.0,80,0.4569,0.0,0.4221,0.0001,0.0025,True,modal
genre,press_conf,can,T2,cfnai,1356,0.0,71,0.152,0.2056,0.1341,0.265,0.6255,True,modal
genre,press_conf,can,T2,vix,1356,0.0,71,0.2848,0.0161,0.3231,0.006,0.0268,True,modal
genre,press_conf,can,T3,cfnai,1862,0.0,92,-0.2004,0.0555,0.0369,0.727,0.8245,True,modal
genre,press_conf,can,T3,vix,1862,0.0,92,0.4599,0.0,0.4052,0.0001,0.0008,True,modal
genre,press_conf,can,H2,cfnai,980,0.0,43,0.2193,0.1577,0.2762,0.073,0.3041,True,modal
genre,press_conf,can,H2,vix,980,0.0,43,0.1467,0.3479,0.1577,0.3126,0.563,True,modal
genre,press_conf,could,T1,cfnai,626,0.013,80,-0.1577,0.1623,0.0615,0.588,0.8993,True,modal
genre,press_conf,could,T1,vix,626,0.013,80,-0.2411,0.0312,-0.2865,0.01,0.037,True,modal
genre,press_conf,could,T2,cfnai,554,0.0,71,0.0553,0.6471,0.0831,0.4906,0.6617,True,modal
genre,press_conf,could,T2,vix,554,0.0,71,-0.3134,0.0078,-0.3219,0.0062,0.0268,True,modal
genre,press_conf,could,T3,cfnai,719,0.011,92,-0.1447,0.1688,0.0406,0.7006,0.8245,True,modal
genre,press_conf,could,T3,vix,719,0.011,92,-0.2668,0.0102,-0.3183,0.002,0.0129,True,modal
genre,press_conf,could,H2,cfnai,321,0.0,43,-0.0398,0.8002,-0.0451,0.774,0.8253,True,modal
genre,press_conf,could,H2,vix,321,0.0,43,-0.1965,0.2066,-0.256,0.0976,0.2849,True,modal
genre,press_conf,may,T1,cfnai,485,0.013,80,0.0239,0.8333,0.0192,0.866,0.9309,True,modal
genre,press_conf,may,T1,vix,485,0.013,80,-0.0125,0.9125,-0.0236,0.8357,0.8507,True,modal
genre,press_conf,may,T2,cfnai,424,0.0,71,-0.0533,0.659,-0.0507,0.6744,0.7609,True,modal
genre,press_conf,may,T2,vix,424,0.0,71,-0.0643,0.5944,-0.0849,0.4816,0.5962,True,modal
genre,press_conf,may,T3,cfnai,562,0.011,92,0.0243,0.8178,0.0318,0.7633,0.8269,True,modal
genre,press_conf,may,T3,vix,562,0.011,92,-0.038,0.7193,-0.0487,0.6448,0.6985,True,modal
genre,press_conf,may,H2,cfnai,266,0.0,43,-0.0626,0.69,-0.0597,0.7038,0.8253,True,modal
genre,press_conf,may,H2,vix,266,0.0,43,-0.0321,0.8379,-0.0612,0.6968,0.9674,True,modal
genre,press_conf,should,T1,cfnai,497,0.013,80,0.0929,0.4123,0.1735,0.1238,0.8049,True,modal
genre,press_conf,should,T1,vix,497,0.013,80,-0.0115,0.9192,0.0376,0.7404,0.8021,True,modal
genre,press_conf,should,T2,cfnai,436,0.014,71,0.0375,0.7561,0.1019,0.3976,0.6255,True,modal
genre,press_conf,should,T2,vix,436,0.014,71,-0.0036,0.9761,-0.0222,0.8542,0.8884,True,modal
genre,press_conf,should,T3,cfnai,575,0.011,92,0.0867,0.4114,0.1349,0.1997,0.8192,True,modal
genre,press_conf,should,T3,vix,575,0.011,92,0.0351,0.7396,0.1214,0.2491,0.4128,True,modal
genre,press_conf,should,H2,cfnai,250,0.023,43,0.0563,0.7197,0.1113,0.4774,0.746,True,modal
genre,press_conf,should,H2,vix,250,0.023,43,0.054,0.7309,0.1276,0.4148,0.6914,True,modal
genre,press_conf,will,T1,cfnai,4341,0.0,80,0.14,0.2156,0.1239,0.2736,0.8993,True,modal
genre,press_conf,will,T1,vix,4341,0.0,80,0.3587,0.0011,0.3114,0.0049,0.0213,True,modal
genre,press_conf,will,T2,cfnai,3725,0.0,71,0.2246,0.0597,0.1393,0.2466,0.6255,True,modal
genre,press_conf,will,T2,vix,3725,0.0,71,0.277,0.0194,0.3134,0.0078,0.0289,True,modal
genre,press_conf,will,T3,cfnai,4942,0.0,92,0.1285,0.2221,0.0766,0.4679,0.8192,True,modal
genre,press_conf,will,T3,vix,4942,0.0,92,0.3096,0.0027,0.2483,0.017,0.0491,True,modal
genre,press_conf,will,H2,cfnai,2524,0.0,43,0.2868,0.0622,0.2287,0.1402,0.3723,True,modal
genre,press_conf,will,H2,vix,2524,0.0,43,0.1719,0.2703,0.2359,0.1278,0.3195,True,modal
genre,press_conf,would,T1,cfnai,3127,0.0,80,0.149,0.1873,0.2001,0.0751,0.6506,True,modal
genre,press_conf,would,T1,vix,3127,0.0,80,-0.1241,0.2727,-0.0986,0.3841,0.4756,True,modal
genre,press_conf,would,T2,cfnai,2798,0.0,71,0.0558,0.644,0.1418,0.238,0.6255,True,modal
genre,press_conf,would,T2,vix,2798,0.0,71,0.0275,0.8197,-0.0347,0.7738,0.8383,True,modal
genre,press_conf,would,T3,cfnai,3573,0.0,92,0.1376,0.191,0.1697,0.1059,0.8192,True,modal
genre,press_conf,would,T3,vix,3573,0.0,92,-0.0803,0.447,-0.0397,0.7074,0.7357,True,modal
genre,press_conf,would,H2,cfnai,1756,0.0,43,0.0835,0.5944,0.2047,0.188,0.3723,True,modal
genre,press_conf,would,H2,vix,1756,0.0,43,0.1363,0.3836,0.0879,0.5752,0.8987,True,modal
genre,speech,ALL,T1,cfnai,3203,0.0,124,-0.0885,0.3286,-0.0957,0.2906,0.8993,True,modal
genre,speech,ALL,T1,vix,3203,0.0,124,0.0939,0.2997,-0.0171,0.8507,0.8507,True,modal
genre,speech,ALL,T2,cfnai,3075,0.0,118,-0.0931,0.3159,-0.0742,0.4246,0.6255,True,modal
genre,speech,ALL,T2,vix,3075,0.0,118,-0.0617,0.5066,-0.0742,0.4242,0.5962,True,modal
genre,speech,ALL,T3,cfnai,4720,0.0,174,-0.096,0.2076,-0.1314,0.084,0.8192,True,modal
genre,speech,ALL,T3,vix,4720,0.0,174,0.076,0.3189,-0.0076,0.9209,0.9209,True,modal
genre,speech,ALL,H1,cfnai,2348,0.0,73,-0.1166,0.3257,-0.1561,0.1872,0.5152,True,modal
genre,speech,ALL,H1,vix,2348,0.0,73,-0.0759,0.5231,-0.1034,0.3841,0.6634,True,modal
genre,speech,ALL,H2,cfnai,727,0.0,45,-0.073,0.6336,-0.0404,0.7922,0.8253,True,modal
genre,speech,ALL,H2,vix,727,0.0,45,-0.0328,0.8307,0.031,0.84,0.9674,True,modal
genre,speech,can,T1,cfnai,514,0.121,124,-0.3423,0.0001,-0.0302,0.7393,0.9309,True,modal
genre,speech,can,T1,vix,514,0.121,124,0.2549,0.0043,0.1454,0.1072,0.1858,True,modal
genre,speech,can,T2,cfnai,483,0.127,118,0.0929,0.3172,0.0728,0.4331,0.6255,True,modal
genre,speech,can,T2,vix,483,0.127,118,0.0601,0.5182,0.0767,0.4089,0.5962,True,modal
genre,speech,can,T3,cfnai,810,0.103,174,-0.3114,0.0,-0.0794,0.2978,0.8192,True,modal
genre,speech,can,T3,vix,810,0.103,174,0.2252,0.0028,0.1213,0.1108,0.2217,True,modal
genre,speech,can,H1,cfnai,373,0.096,73,0.0461,0.6983,-0.0124,0.9174,0.9683,True,modal
genre,speech,can,H1,vix,373,0.096,73,0.1931,0.1016,0.1197,0.3131,0.5949,True,modal
genre,speech,can,H2,cfnai,110,0.178,45,0.2136,0.1588,0.2182,0.15,0.3723,True,modal
genre,speech,can,H2,vix,110,0.178,45,0.1627,0.2857,0.2771,0.0654,0.2725,True,modal
genre,speech,could,T1,cfnai,355,0.355,124,0.1104,0.2223,-0.0114,0.9002,0.9309,True,modal
genre,speech,could,T1,vix,355,0.355,124,-0.1496,0.0971,-0.153,0.0898,0.1667,True,modal
genre,speech,could,T2,cfnai,341,0.347,118,0.0136,0.8834,-0.0473,0.6111,0.7222,True,modal
genre,speech,could,T2,vix,341,0.347,118,-0.1683,0.0685,-0.1631,0.0777,0.1683,True,modal
genre,speech,could,T3,cfnai,496,0.339,174,0.0882,0.247,-0.0434,0.5699,0.8192,True,modal
genre,speech,could,T3,vix,496,0.339,174,-0.1081,0.1558,-0.0869,0.254,0.4128,True,modal
genre,speech,could,H1,cfnai,279,0.315,73,-0.0241,0.8393,-0.1033,0.3846,0.7117,True,modal
genre,speech,could,H1,vix,279,0.315,73,-0.1793,0.129,-0.1686,0.154,0.4179,True,modal
genre,speech,could,H2,cfnai,62,0.4,45,0.0721,0.638,0.0572,0.7089,0.8253,True,modal
genre,speech,could,H2,vix,62,0.4,45,-0.0947,0.5363,-0.0519,0.7347,0.9674,True,modal
genre,speech,may,T1,cfnai,382,0.266,124,0.0428,0.6371,-0.06,0.508,0.8993,True,modal
genre,speech,may,T1,vix,382,0.266,124,-0.1209,0.181,-0.11,0.2238,0.3063,True,modal
genre,speech,may,T2,cfnai,375,0.254,118,-0.1688,0.0676,-0.103,0.2672,0.6255,True,modal
genre,speech,may,T2,vix,375,0.254,118,-0.0567,0.5416,-0.0718,0.4399,0.5962,True,modal
genre,speech,may,T3,cfnai,562,0.253,174,0.0368,0.6293,-0.0402,0.5987,0.8192,True,modal
genre,speech,may,T3,vix,562,0.253,174,-0.0968,0.2037,-0.0621,0.4154,0.5399,True,modal
genre,speech,may,H1,cfnai,308,0.219,73,-0.0996,0.4016,-0.0498,0.6754,0.8592,True,modal
genre,speech,may,H1,vix,308,0.219,73,-0.0373,0.7542,0.0158,0.8943,0.8943,True,modal
genre,speech,may,H2,cfnai,67,0.311,45,-0.2899,0.0534,-0.216,0.1541,0.3723,True,modal
genre,speech,may,H2,vix,67,0.311,45,0.0798,0.6022,-0.0048,0.975,0.975,True,modal
genre,speech,should,T1,cfnai,210,0.452,124,0.0593,0.5127,-0.0079,0.9309,0.9309,True,modal
genre,speech,should,T1,vix,210,0.452,124,0.0166,0.8545,-0.1926,0.0321,0.0758,True,modal
genre,speech,should,T2,cfnai,205,0.449,118,-0.0761,0.4129,-0.0355,0.7024,0.7609,True,modal
genre,speech,should,T2,vix,205,0.449,118,-0.1192,0.1985,-0.1906,0.0387,0.0915,True,modal
genre,speech,should,T3,cfnai,343,0.408,174,0.0399,0.6013,-0.0676,0.3756,0.8192,True,modal
genre,speech,should,T3,vix,343,0.408,174,0.0773,0.3106,-0.0594,0.4361,0.5399,True,modal
genre,speech,should,H1,cfnai,174,0.329,73,0.2,0.0898,0.1381,0.2441,0.5152,True,modal
genre,speech,should,H1,vix,174,0.329,73,-0.0755,0.5257,-0.0389,0.7436,0.8455,True,modal
genre,speech,should,H2,cfnai,31,0.644,45,-0.2388,0.1142,-0.2822,0.0604,0.3019,False,modal
genre,speech,should,H2,vix,31,0.644,45,-0.0612,0.6899,-0.1546,0.3107,0.563,False,modal
genre,speech,will,T1,cfnai,1169,0.04,124,-0.0772,0.3943,-0.099,0.274,0.8993,True,modal
genre,speech,will,T1,vix,1169,0.04,124,0.1667,0.0643,0.1022,0.2587,0.3363,True,modal
genre,speech,will,T2,cfnai,1118,0.042,118,-0.0331,0.7221,-0.0767,0.4094,0.6255,True,modal
genre,speech,will,T2,vix,1118,0.042,118,0.0921,0.321,0.0686,0.4606,0.5962,True,modal
genre,speech,will,T3,cfnai,1669,0.046,174,-0.0781,0.3056,-0.091,0.2325,0.8192,True,modal
genre,speech,will,T3,vix,1669,0.046,174,0.1206,0.1131,0.0757,0.3211,0.4394,True,modal
genre,speech,will,H1,cfnai,776,0.027,73,-0.1613,0.1727,-0.1487,0.2093,0.5152,True,modal
genre,speech,will,H1,vix,776,0.027,73,0.0197,0.8687,0.0369,0.7565,0.8455,True,modal
genre,speech,will,H2,cfnai,342,0.067,45,0.0157,0.9182,-0.0029,0.9849,0.9849,True,modal
genre,speech,will,H2,vix,342,0.067,45,-0.1083,0.4787,-0.1531,0.3153,0.563,True,modal
genre,speech,would,T1,cfnai,573,0.202,124,0.1196,0.186,-0.0527,0.5609,0.8993,True,modal
genre,speech,would,T1,vix,573,0.202,124,-0.1138,0.2082,-0.2088,0.0199,0.0602,True,modal
genre,speech,would,T2,cfnai,553,0.203,118,-0.1242,0.1803,-0.1034,0.2652,0.6255,True,modal
genre,speech,would,T2,vix,553,0.203,118,-0.1623,0.0792,-0.2268,0.0135,0.0391,True,modal
genre,speech,would,T3,cfnai,840,0.161,174,0.0942,0.2164,-0.068,0.3725,0.8192,True,modal
genre,speech,would,T3,vix,840,0.161,174,-0.1375,0.0705,-0.2162,0.0042,0.0173,True,modal
genre,speech,would,H1,cfnai,438,0.151,73,-0.1391,0.2405,-0.1803,0.127,0.5152,True,modal
genre,speech,would,H1,vix,438,0.151,73,-0.2694,0.0212,-0.248,0.0344,0.1633,True,modal
genre,speech,would,H2,cfnai,115,0.289,45,-0.099,0.5177,-0.0442,0.773,0.8253,True,modal
genre,speech,would,H2,vix,115,0.289,45,0.0707,0.6444,0.0212,0.89,0.9674,True,modal
genre,statement,ALL,T1,cfnai,770,0.0,101,-0.0573,0.569,-0.1242,0.2158,0.8993,True,modal
genre,statement,ALL,T1,vix,770,0.0,101,0.0086,0.9323,0.0613,0.5425,0.6133,True,modal
genre,statement,ALL,T2,cfnai,697,0.0,91,-0.1355,0.2004,-0.1783,0.0909,0.6255,True,modal
genre,statement,ALL,T2,vix,697,0.0,91,0.0699,0.5105,0.0449,0.6729,0.7952,True,modal
genre,statement,ALL,T3,cfnai,1007,0.0,133,-0.0555,0.5259,-0.0964,0.2697,0.8192,True,modal
genre,statement,ALL,T3,vix,1007,0.0,133,-0.1174,0.1785,-0.1156,0.185,0.3436,True,modal
genre,statement,ALL,H1,cfnai,397,0.0,48,0.1574,0.2852,0.1747,0.2351,0.5152,True,modal
genre,statement,ALL,H1,vix,397,0.0,48,-0.2815,0.0526,-0.4048,0.0043,0.0411,True,modal
genre,statement,ALL,H2,cfnai,300,0.0,43,-0.5054,0.0005,-0.5183,0.0004,0.0093,True,modal
genre,statement,ALL,H2,vix,300,0.0,43,-0.4212,0.0049,-0.4722,0.0014,0.0174,True,modal
genre,statement,could,T1,cfnai,50,0.505,101,0.1416,0.1578,-0.0624,0.535,0.8993,True,modal
genre,statement,could,T1,vix,50,0.505,101,0.1793,0.0727,0.3319,0.0007,0.0045,True,modal
genre,statement,could,T2,cfnai,47,0.484,91,-0.079,0.4567,-0.1674,0.1127,0.6255,True,modal
genre,statement,could,T2,vix,47,0.484,91,0.4576,0.0,0.451,0.0,0.0001,True,modal
genre,statement,could,T3,cfnai,55,0.594,133,0.1259,0.1488,-0.0171,0.8452,0.879,True,modal
genre,statement,could,T3,vix,55,0.594,133,0.093,0.2871,0.1823,0.0357,0.0846,True,modal
genre,statement,could,H1,cfnai,4,0.917,48,0.1142,0.4395,0.0935,0.5272,0.8219,False,modal
genre,statement,could,H1,vix,4,0.917,48,-0.1163,0.4312,-0.0829,0.5755,0.8136,False,modal
genre,statement,could,H2,cfnai,43,0.0,43,-0.6024,0.0,-0.4384,0.0033,0.0409,True,modal
genre,statement,could,H2,vix,43,0.0,43,0.0006,0.9969,-0.0119,0.9398,0.975,True,modal
genre,statement,should,T1,cfnai,33,0.733,101,0.0254,0.8009,-0.012,0.9054,0.9309,False,modal
genre,statement,should,T1,vix,33,0.733,101,-0.2908,0.0032,-0.3372,0.0006,0.0045,False,modal
genre,statement,should,T2,cfnai,33,0.703,91,-0.0694,0.5132,-0.0279,0.7928,0.7928,False,modal
genre,statement,should,T2,vix,33,0.703,91,-0.2741,0.0086,-0.3054,0.0032,0.0211,False,modal
genre,statement,should,T3,cfnai,49,0.699,133,0.0124,0.887,-0.0608,0.4869,0.8192,False,modal
genre,statement,should,T3,vix,49,0.699,133,-0.2949,0.0006,-0.3634,0.0,0.0004,False,modal
genre,statement,should,H1,cfnai,33,0.438,48,-0.1058,0.4741,-0.0857,0.5624,0.8219,False,modal
genre,statement,should,H1,vix,33,0.438,48,0.053,0.7205,-0.0589,0.6911,0.8455,False,modal
genre,statement,should,H2,cfnai,0,1.0,43,,,,,,False,modal
genre,statement,should,H2,vix,0,1.0,43,,,,,,False,modal
genre,statement,will,T1,cfnai,607,0.0,101,-0.2325,0.0193,-0.0492,0.6252,0.9031,True,modal
genre,statement,will,T1,vix,607,0.0,101,-0.0981,0.3289,-0.1864,0.062,0.1343,True,modal
genre,statement,will,T2,cfnai,543,0.0,91,-0.0669,0.5284,-0.0701,0.509,0.6617,True,modal
genre,statement,will,T2,vix,543,0.0,91,-0.296,0.0044,-0.3391,0.001,0.0087,True,modal
genre,statement,will,T3,cfnai,820,0.0,133,-0.2045,0.0182,-0.0504,0.5647,0.8192,True,modal
genre,statement,will,T3,vix,820,0.0,133,-0.1674,0.0541,-0.2593,0.0026,0.0134,True,modal
genre,statement,will,H1,cfnai,339,0.0,48,0.1965,0.1807,0.1789,0.2237,0.5152,True,modal
genre,statement,will,H1,vix,339,0.0,48,-0.3656,0.0106,-0.4435,0.0016,0.0303,True,modal
genre,statement,will,H2,cfnai,204,0.0,43,-0.3503,0.0213,-0.3314,0.03,0.2408,True,modal
genre,statement,will,H2,vix,204,0.0,43,-0.3664,0.0157,-0.4157,0.0056,0.0464,True,modal
genre,statement,would,T1,cfnai,49,0.535,101,0.1529,0.1269,-0.0183,0.8561,0.9309,True,modal
genre,statement,would,T1,vix,49,0.535,101,0.1784,0.0742,0.3382,0.0005,0.0045,True,modal
genre,statement,would,T2,cfnai,46,0.516,91,0.0094,0.9296,-0.1064,0.3153,0.6255,True,modal
genre,statement,would,T2,vix,46,0.516,91,0.45,0.0,0.4553,0.0,0.0001,True,modal
genre,statement,would,T3,cfnai,51,0.632,133,0.1323,0.129,-0.01,0.9095,0.9095,False,modal
genre,statement,would,T3,vix,51,0.632,133,0.1056,0.2263,0.2206,0.0107,0.0349,False,modal
genre,statement,would,H1,cfnai,1,0.979,48,0.0999,0.4994,0.1212,0.412,0.7117,False,modal
genre,statement,would,H1,vix,1,0.979,48,-0.1672,0.256,-0.2158,0.1406,0.4179,False,modal
genre,statement,would,H2,cfnai,45,0.0,43,-0.1764,0.2577,-0.1957,0.2085,0.3723,True,modal
genre,statement,would,H2,vix,45,0.0,43,-0.0524,0.7388,-0.0475,0.7622,0.9674,True,modal
layer,min_committee,ALL,T1,cfnai,958,0.0,99,-0.0474,0.6416,0.0094,0.9261,0.9526,True,modal
layer,min_committee,ALL,T1,vix,958,0.0,99,0.1015,0.3176,0.1217,0.2303,0.3453,True,modal
layer,min_committee,ALL,T2,cfnai,886,0.0,91,-0.0122,0.9087,-0.0193,0.8556,0.9182,True,modal
layer,min_committee,ALL,T2,vix,886,0.0,91,0.07,0.5098,0.0982,0.3542,0.6054,True,modal
layer,min_committee,ALL,T3,cfnai,1254,0.0,131,-0.018,0.8386,0.1014,0.2492,0.6853,True,modal
layer,min_committee,ALL,T3,vix,1254,0.0,131,0.0817,0.3536,0.0972,0.2695,0.4089,True,modal
layer,min_committee,ALL,H1,cfnai,534,0.0,48,0.1202,0.4158,0.1794,0.2223,0.4339,True,modal
layer,min_committee,ALL,H1,vix,534,0.0,48,-0.124,0.401,-0.1138,0.4414,0.8348,True,modal
layer,min_committee,ALL,H2,cfnai,352,0.0,43,-0.2005,0.1973,-0.2228,0.1509,0.3904,True,modal
layer,min_committee,ALL,H2,vix,352,0.0,43,-0.2227,0.1512,-0.18,0.2482,0.5548,True,modal
layer,min_committee,could,T1,cfnai,83,0.293,99,0.1048,0.3018,-0.2509,0.0122,0.2693,True,modal
layer,min_committee,could,T1,vix,83,0.293,99,0.1305,0.198,0.2454,0.0144,0.0574,True,modal
layer,min_committee,could,T2,cfnai,79,0.275,91,-0.2739,0.0086,-0.3701,0.0003,0.0135,True,modal
layer,min_committee,could,T2,vix,79,0.275,91,0.3032,0.0035,0.3368,0.0011,0.0097,True,modal
layer,min_committee,could,T3,cfnai,130,0.282,131,0.0942,0.2848,-0.1302,0.1383,0.5533,True,modal
layer,min_committee,could,T3,vix,130,0.282,131,0.2199,0.0116,0.255,0.0033,0.0145,True,modal
layer,min_committee,could,H1,cfnai,35,0.521,48,-0.3045,0.0353,-0.415,0.0034,0.1074,False,modal
layer,min_committee,could,H1,vix,35,0.521,48,0.0651,0.6604,0.19,0.1959,0.607,False,modal
layer,min_committee,could,H2,cfnai,44,0.0,43,-0.6888,0.0,-0.5479,0.0001,0.0054,True,modal
layer,min_committee,could,H2,vix,44,0.0,43,-0.0958,0.5411,-0.1201,0.4431,0.6682,True,modal
layer,min_committee,should,T1,cfnai,85,0.455,99,0.0622,0.5407,-0.136,0.1794,0.7058,True,modal
layer,min_committee,should,T1,vix,85,0.455,99,-0.1307,0.1972,-0.0218,0.8306,0.8913,True,modal
layer,min_committee,should,T2,cfnai,84,0.418,91,-0.11,0.2993,-0.1872,0.0755,0.4535,True,modal
layer,min_committee,should,T2,vix,84,0.418,91,-0.0095,0.9284,0.0868,0.4135,0.6054,True,modal
layer,min_committee,should,T3,cfnai,107,0.496,131,0.0588,0.5045,-0.075,0.3944,0.7888,True,modal
layer,min_committee,should,T3,vix,107,0.496,131,-0.1503,0.0865,-0.0791,0.369,0.5074,True,modal
layer,min_committee,should,H1,cfnai,49,0.417,48,-0.1531,0.2988,-0.2765,0.0571,0.4063,True,modal
layer,min_committee,should,H1,vix,49,0.417,48,0.1175,0.4264,0.1848,0.2087,0.607,True,modal
layer,min_committee,should,H2,cfnai,35,0.419,43,-0.0976,0.5336,-0.1158,0.4595,0.7257,False,modal
layer,min_committee,should,H2,vix,35,0.419,43,-0.2356,0.1282,-0.1432,0.3595,0.594,False,modal
layer,min_committee,will,T1,cfnai,37,0.778,99,0.043,0.6727,-0.1594,0.115,0.6054,False,modal
layer,min_committee,will,T1,vix,37,0.778,99,-0.0598,0.5563,-0.0034,0.9734,0.98,False,modal
layer,min_committee,will,T2,cfnai,35,0.769,91,-0.2151,0.0406,-0.2325,0.0266,0.2212,False,modal
layer,min_committee,will,T2,vix,35,0.769,91,-0.0206,0.8467,0.0203,0.8488,0.8753,False,modal
layer,min_committee,will,T3,cfnai,62,0.718,131,0.0317,0.7193,-0.1538,0.0795,0.5281,False,modal
layer,min_committee,will,T3,vix,62,0.718,131,-0.0405,0.646,-0.0109,0.9018,0.9209,False,modal
layer,min_committee,will,H1,cfnai,20,0.75,48,-0.218,0.1366,-0.2468,0.0908,0.4063,False,modal
layer,min_committee,will,H1,vix,20,0.75,48,0.1163,0.4312,0.2103,0.1513,0.607,False,modal
layer,min_committee,will,H2,cfnai,15,0.791,43,-0.2246,0.1475,-0.2269,0.1434,0.3904,False,modal
layer,min_committee,will,H2,vix,15,0.791,43,-0.1804,0.2471,-0.1506,0.3349,0.5785,False,modal
layer,min_committee,would,T1,cfnai,719,0.0,99,-0.1311,0.1959,0.2568,0.0103,0.2693,True,modal
layer,min_committee,would,T1,vix,719,0.0,99,0.1841,0.0682,0.1155,0.2549,0.3557,True,modal
layer,min_committee,would,T2,cfnai,654,0.0,91,0.2716,0.0092,0.3039,0.0034,0.075,True,modal
layer,min_committee,would,T2,vix,654,0.0,91,0.0071,0.9466,-0.0194,0.8554,0.8753,True,modal
layer,min_committee,would,T3,cfnai,918,0.008,131,-0.0939,0.2861,0.2704,0.0018,0.0785,True,modal
layer,min_committee,would,T3,vix,918,0.008,131,0.1199,0.1725,0.0951,0.2797,0.4103,True,modal
layer,min_committee,would,H1,cfnai,407,0.0,48,0.3306,0.0217,0.3273,0.0232,0.3708,True,modal
layer,min_committee,would,H1,vix,407,0.0,48,-0.2642,0.0696,-0.3114,0.0312,0.275,True,modal
layer,min_committee,would,H2,cfnai,247,0.0,43,0.2661,0.0846,0.2778,0.0713,0.3076,True,modal
layer,min_committee,would,H2,vix,247,0.0,43,0.2613,0.0905,0.2775,0.0716,0.3024,True,modal
layer,min_participants,ALL,T1,cfnai,2756,0.0,99,-0.1318,0.1934,-0.0905,0.373,0.8872,True,modal
layer,min_participants,ALL,T1,vix,2756,0.0,99,0.2628,0.0086,0.1436,0.1562,0.2988,True,modal
layer,min_participants,ALL,T2,cfnai,2444,0.0,91,0.0339,0.7497,-0.0054,0.9595,0.9787,True,modal
layer,min_participants,ALL,T2,vix,2444,0.0,91,0.0495,0.6412,0.0637,0.5486,0.6705,True,modal
layer,min_participants,ALL,T3,cfnai,3359,0.0,131,-0.1152,0.1902,-0.0691,0.4331,0.824,True,modal
layer,min_participants,ALL,T3,vix,3359,0.0,131,0.0834,0.3436,0.0249,0.7773,0.8769,True,modal
layer,min_participants,ALL,H1,cfnai,1264,0.0,48,0.0642,0.6649,0.098,0.5074,0.6014,True,modal
layer,min_participants,ALL,H1,vix,1264,0.0,48,-0.0271,0.855,-0.0086,0.9539,0.9539,True,modal
layer,min_participants,ALL,H2,cfnai,1180,0.0,43,0.0008,0.9958,-0.0736,0.6391,0.8363,True,modal
layer,min_participants,ALL,H2,vix,1180,0.0,43,-0.0588,0.7082,-0.0453,0.773,0.9179,True,modal
layer,min_participants,could,T1,cfnai,875,0.0,99,0.0547,0.5905,-0.1749,0.0834,0.524,True,modal
layer,min_participants,could,T1,vix,875,0.0,99,0.1699,0.0926,0.1243,0.2204,0.3453,True,modal
layer,min_participants,could,T2,cfnai,776,0.0,91,-0.1261,0.2336,-0.2275,0.0301,0.2212,True,modal
layer,min_participants,could,T2,vix,776,0.0,91,0.0915,0.3882,0.0753,0.4782,0.6054,True,modal
layer,min_participants,could,T3,cfnai,1060,0.0,131,0.0395,0.6539,-0.1741,0.0468,0.5072,True,modal
layer,min_participants,could,T3,vix,1060,0.0,131,0.1084,0.2178,0.0585,0.5069,0.6195,True,modal
layer,min_participants,could,H1,cfnai,382,0.0,48,-0.2507,0.0856,-0.1824,0.2146,0.4339,True,modal
layer,min_participants,could,H1,vix,382,0.0,48,0.0251,0.8654,0.0583,0.6939,0.8485,True,modal
layer,min_participants,could,H2,cfnai,394,0.0,43,-0.0836,0.5943,-0.1876,0.2284,0.4567,True,modal
layer,min_participants,could,H2,vix,394,0.0,43,-0.065,0.6787,-0.1164,0.4572,0.6682,True,modal
layer,min_participants,may,T1,cfnai,157,0.323,99,0.0069,0.9459,-0.0308,0.7621,0.9526,True,modal
layer,min_participants,may,T1,vix,157,0.323,99,-0.037,0.7159,-0.1203,0.2355,0.3453,True,modal
layer,min_participants,may,T2,cfnai,147,0.297,91,-0.0394,0.7105,-0.0028,0.9787,0.9787,True,modal
layer,min_participants,may,T2,vix,147,0.297,91,-0.1258,0.2347,-0.0828,0.4351,0.6054,True,modal
layer,min_participants,may,T3,cfnai,182,0.389,131,0.015,0.8653,0.0273,0.7573,0.9596,True,modal
layer,min_participants,may,T3,vix,182,0.389,131,-0.1238,0.1589,-0.2071,0.0176,0.0495,True,modal
layer,min_participants,may,H1,cfnai,69,0.333,48,0.2373,0.1043,0.1905,0.1946,0.4339,True,modal
layer,min_participants,may,H1,vix,69,0.333,48,0.15,0.3087,0.1128,0.4454,0.8348,True,modal
layer,min_participants,may,H2,cfnai,78,0.256,43,-0.1986,0.2016,-0.1408,0.3679,0.6656,True,modal
layer,min_participants,may,H2,vix,78,0.256,43,-0.4725,0.0014,-0.5373,0.0002,0.0077,True,modal
layer,min_participants,should,T1,cfnai,149,0.283,99,-0.0769,0.4494,0.0293,0.7734,0.9526,True,modal
layer,min_participants,should,T1,vix,149,0.283,99,-0.2067,0.0401,-0.2386,0.0174,0.0589,True,modal
layer,min_participants,should,T2,cfnai,138,0.275,91,0.1185,0.2633,0.1466,0.1655,0.5344,True,modal
layer,min_participants,should,T2,vix,138,0.275,91,-0.2659,0.0108,-0.2437,0.0199,0.0626,True,modal
layer,min_participants,should,T3,cfnai,170,0.382,131,-0.0713,0.4185,0.0234,0.7911,0.967,True,modal
layer,min_participants,should,T3,vix,170,0.382,131,-0.2427,0.0052,-0.2917,0.0007,0.0064,True,modal
layer,min_participants,should,H1,cfnai,88,0.167,48,0.121,0.4125,0.13,0.3784,0.5327,True,modal
layer,min_participants,should,H1,vix,88,0.167,48,-0.1777,0.2268,-0.0855,0.5636,0.8485,True,modal
layer,min_participants,should,H2,cfnai,50,0.395,43,0.1462,0.3497,0.1348,0.3889,0.6717,True,modal
layer,min_participants,should,H2,vix,50,0.395,43,-0.1995,0.1995,-0.1551,0.3206,0.5785,True,modal
layer,min_participants,would,T1,cfnai,1537,0.0,99,-0.1939,0.0545,0.0175,0.8637,0.9526,True,modal
layer,min_participants,would,T1,vix,1537,0.0,99,0.3016,0.0024,0.2402,0.0166,0.0589,True,modal
layer,min_participants,would,T2,cfnai,1346,0.0,91,0.1213,0.2521,0.1307,0.2167,0.5344,True,modal
layer,min_participants,would,T2,vix,1346,0.0,91,0.1287,0.2239,0.1746,0.0978,0.2114,True,modal
layer,min_participants,would,T3,cfnai,1903,0.0,131,-0.1727,0.0485,0.0121,0.8908,0.9832,True,modal
layer,min_participants,would,T3,vix,1903,0.0,131,0.1622,0.0642,0.1452,0.0979,0.2153,True,modal
layer,min_participants,would,H1,cfnai,700,0.0,48,0.123,0.4051,0.1375,0.3513,0.5327,True,modal
layer,min_participants,would,H1,vix,700,0.0,48,-0.0661,0.6554,-0.0442,0.7656,0.8485,True,modal
layer,min_participants,would,H2,cfnai,646,0.0,43,0.1215,0.4378,0.036,0.8185,0.8407,True,modal
layer,min_participants,would,H2,vix,646,0.0,43,0.2432,0.1161,0.2821,0.0668,0.3024,True,modal
layer,min_special,ALL,T1,cfnai,783,0.0,40,0.0972,0.5508,0.1964,0.2246,0.7058,True,modal
layer,min_special,ALL,T1,vix,783,0.0,40,-0.0946,0.5614,-0.1612,0.3205,0.4273,True,modal
layer,min_special,ALL,T2,cfnai,675,0.0,36,0.1272,0.4599,0.2103,0.2182,0.5344,True,modal
layer,min_special,ALL,T2,vix,675,0.0,36,-0.0877,0.6111,-0.139,0.4188,0.6054,True,modal
layer,min_special,ALL,T3,cfnai,863,0.02,49,0.0862,0.556,0.2731,0.0576,0.5072,True,modal
layer,min_special,ALL,T3,vix,863,0.02,49,0.0543,0.711,-0.0327,0.8237,0.884,True,modal
layer,min_special,could,T1,cfnai,283,0.2,40,-0.1277,0.4323,0.0533,0.7439,0.9526,True,modal
layer,min_special,could,T1,vix,283,0.2,40,0.223,0.1666,0.2931,0.0664,0.1462,True,modal
layer,min_special,could,T2,cfnai,231,0.222,36,0.1102,0.5224,0.2041,0.2325,0.5344,True,modal
layer,min_special,could,T2,vix,231,0.222,36,0.226,0.185,0.2778,0.1009,0.2114,True,modal
layer,min_special,could,T3,cfnai,312,0.204,49,-0.1182,0.4186,0.1381,0.3441,0.787,True,modal
layer,min_special,could,T3,vix,312,0.204,49,0.2834,0.0485,0.315,0.0275,0.0711,True,modal
layer,min_special,should,T1,cfnai,58,0.325,40,0.1709,0.2917,0.2804,0.0797,0.524,True,modal
layer,min_special,should,T1,vix,58,0.325,40,0.1332,0.4124,0.3247,0.0409,0.1,True,modal
layer,min_special,should,T2,cfnai,49,0.333,36,0.1406,0.4135,0.2594,0.1266,0.4643,True,modal
layer,min_special,should,T2,vix,49,0.333,36,0.2434,0.1525,0.4434,0.0068,0.0298,True,modal
layer,min_special,should,T3,cfnai,65,0.347,49,0.1614,0.2678,0.3178,0.0261,0.5072,True,modal
layer,min_special,should,T3,vix,65,0.347,49,0.1083,0.4587,0.3367,0.018,0.0495,True,modal
layer,min_special,will,T1,cfnai,49,0.625,40,0.083,0.6104,0.1137,0.4847,0.9526,False,modal
layer,min_special,will,T1,vix,49,0.625,40,-0.2752,0.0856,-0.0606,0.7102,0.8223,False,modal
layer,min_special,will,T2,cfnai,46,0.667,36,0.0789,0.6473,0.1082,0.5301,0.7524,False,modal
layer,min_special,will,T2,vix,46,0.667,36,-0.2845,0.0927,-0.0966,0.575,0.6838,False,modal
layer,min_special,will,T3,cfnai,49,0.694,49,0.0693,0.636,0.1038,0.478,0.824,False,modal
layer,min_special,will,T3,vix,49,0.694,49,-0.2361,0.1024,-0.0339,0.8172,0.884,False,modal
layer,min_special,would,T1,cfnai,344,0.0,40,0.1301,0.4237,0.0485,0.7663,0.9526,True,modal
layer,min_special,would,T1,vix,344,0.0,40,-0.1362,0.4022,-0.1043,0.5218,0.656,True,modal
layer,min_special,would,T2,cfnai,310,0.0,36,-0.0455,0.7922,-0.0806,0.6404,0.8337,True,modal
layer,min_special,would,T2,vix,310,0.0,36,-0.1486,0.3872,-0.1236,0.4728,0.6054,True,modal
layer,min_special,would,T3,cfnai,383,0.041,49,0.1045,0.4748,0.0113,0.9384,0.9832,True,modal
layer,min_special,would,T3,vix,383,0.041,49,-0.0312,0.8314,-0.0247,0.866,0.9072,True,modal
layer,min_staff,ALL,T1,cfnai,539,0.0,99,-0.0103,0.9197,0.0753,0.4586,0.9526,True,modal
layer,min_staff,ALL,T1,vix,539,0.0,99,-0.2493,0.0128,-0.3326,0.0008,0.0068,True,modal
layer,min_staff,ALL,T2,cfnai,498,0.0,91,0.0513,0.629,0.0919,0.3861,0.6805,True,modal
layer,min_staff,ALL,T2,vix,498,0.0,91,-0.2997,0.0039,-0.3607,0.0004,0.0065,True,modal
layer,min_staff,ALL,T3,cfnai,704,0.008,131,-0.0074,0.933,0.0583,0.5082,0.8282,True,modal
layer,min_staff,ALL,T3,vix,704,0.008,131,-0.301,0.0005,-0.3929,0.0,0.0002,True,modal
layer,min_staff,ALL,H1,cfnai,333,0.0,48,0.245,0.0933,0.2804,0.0535,0.4063,True,modal
layer,min_staff,ALL,H1,vix,333,0.0,48,-0.0849,0.5659,-0.197,0.1795,0.607,True,modal
layer,min_staff,ALL,H2,cfnai,165,0.0,43,-0.0536,0.733,-0.0966,0.5376,0.7716,True,modal
layer,min_staff,ALL,H2,vix,165,0.0,43,-0.1601,0.3052,-0.2354,0.1286,0.3384,True,modal
layer,min_staff,could,T1,cfnai,132,0.364,99,0.0516,0.6118,-0.014,0.8903,0.9526,True,modal
layer,min_staff,could,T1,vix,132,0.364,99,-0.2303,0.0218,-0.2658,0.0078,0.0431,True,modal
layer,min_staff,could,T2,cfnai,128,0.341,91,-0.1203,0.2562,-0.041,0.6998,0.8353,True,modal
layer,min_staff,could,T2,vix,128,0.341,91,-0.1674,0.1128,-0.2039,0.0525,0.1284,True,modal
layer,min_staff,could,T3,cfnai,151,0.443,131,0.0468,0.5957,-0.0019,0.9832,0.9832,True,modal
layer,min_staff,could,T3,vix,151,0.443,131,-0.2572,0.003,-0.3046,0.0004,0.0044,True,modal
layer,min_staff,could,H1,cfnai,82,0.312,48,0.1363,0.3556,0.2379,0.1035,0.4063,True,modal
layer,min_staff,could,H1,vix,82,0.312,48,-0.0108,0.9419,-0.1082,0.4644,0.8348,True,modal
layer,min_staff,could,H2,cfnai,46,0.372,43,-0.3327,0.0293,-0.2958,0.0542,0.3076,True,modal
layer,min_staff,could,H2,vix,46,0.372,43,-0.2589,0.0936,-0.3369,0.0272,0.2064,True,modal
layer,min_staff,may,T1,cfnai,57,0.535,99,-0.1131,0.2651,0.0125,0.9022,0.9526,True,modal
layer,min_staff,may,T1,vix,57,0.535,99,-0.2432,0.0153,-0.2549,0.0109,0.0479,True,modal
layer,min_staff,may,T2,cfnai,55,0.505,91,-0.0082,0.9385,0.0491,0.6442,0.8337,True,modal
layer,min_staff,may,T2,vix,55,0.505,91,-0.2245,0.0324,-0.2274,0.0302,0.0886,True,modal
layer,min_staff,may,T3,cfnai,75,0.534,131,-0.1014,0.249,-0.007,0.9365,0.9832,True,modal
layer,min_staff,may,T3,vix,75,0.534,131,-0.2518,0.0037,-0.2666,0.0021,0.0115,True,modal
layer,min_staff,may,H1,cfnai,42,0.292,48,0.099,0.5031,0.2515,0.0847,0.4063,True,modal
layer,min_staff,may,H1,vix,42,0.292,48,0.1061,0.4729,0.1069,0.4696,0.8348,True,modal
layer,min_staff,may,H2,cfnai,13,0.744,43,-0.0533,0.7341,-0.0941,0.5482,0.7716,False,modal
layer,min_staff,may,H2,vix,13,0.744,43,-0.2245,0.1477,-0.2849,0.0641,0.3024,False,modal
layer,min_staff,would,T1,cfnai,327,0.071,99,-0.027,0.7905,0.1278,0.2073,0.7058,True,modal
layer,min_staff,would,T1,vix,327,0.071,99,-0.1086,0.2845,-0.2287,0.0228,0.0668,True,modal
layer,min_staff,would,T2,cfnai,294,0.077,91,0.1911,0.0696,0.1773,0.0928,0.4535,True,modal
layer,min_staff,would,T2,vix,294,0.077,91,-0.2463,0.0186,-0.32,0.002,0.0146,True,modal
layer,min_staff,would,T3,cfnai,445,0.069,131,-0.0222,0.8009,0.1043,0.2359,0.6853,True,modal
layer,min_staff,would,T3,vix,445,0.069,131,-0.1626,0.0635,-0.2693,0.0019,0.0115,True,modal
layer,min_staff,would,H1,cfnai,196,0.021,48,0.2467,0.0909,0.2306,0.1148,0.4063,True,modal
layer,min_staff,would,H1,vix,196,0.021,48,-0.1629,0.2686,-0.2624,0.0716,0.4583,True,modal
layer,min_staff,would,H2,cfnai,98,0.14,43,0.2322,0.1341,0.1277,0.4146,0.685,True,modal
layer,min_staff,would,H2,vix,98,0.14,43,0.0318,0.8396,-0.0138,0.9302,0.9652,True,modal
layer,min_staff_desk,ALL,T1,cfnai,553,0.152,99,0.0821,0.4192,0.139,0.17,0.7058,True,modal
layer,min_staff_desk,ALL,T1,vix,553,0.152,99,0.0851,0.4025,0.139,0.1699,0.2991,True,modal
layer,min_staff_desk,ALL,T2,cfnai,501,0.165,91,0.1994,0.058,0.1615,0.1262,0.4643,True,modal
layer,min_staff_desk,ALL,T2,vix,501,0.165,91,0.0627,0.5546,0.1195,0.2593,0.496,True,modal
layer,min_staff_desk,ALL,T3,cfnai,774,0.237,131,0.0664,0.4512,0.1352,0.1235,0.5533,True,modal
layer,min_staff_desk,ALL,T3,vix,774,0.237,131,0.1122,0.2019,0.1127,0.1999,0.3518,True,modal
layer,min_staff_desk,ALL,H1,cfnai,258,0.271,48,0.2035,0.1655,0.1404,0.3411,0.5327,True,modal
layer,min_staff_desk,ALL,H1,vix,258,0.271,48,-0.0176,0.9055,0.0435,0.7689,0.8485,True,modal
layer,min_staff_desk,ALL,H2,cfnai,243,0.047,43,0.2347,0.1298,0.1999,0.1986,0.4402,True,modal
layer,min_staff_desk,ALL,H2,vix,243,0.047,43,0.186,0.2324,0.2357,0.1281,0.3384,True,modal
layer,min_staff_desk,could,T1,cfnai,138,0.434,99,0.1148,0.2579,0.2128,0.0344,0.505,True,modal
layer,min_staff_desk,could,T1,vix,138,0.434,99,0.1656,0.1014,0.2113,0.0358,0.0926,True,modal
layer,min_staff_desk,could,T2,cfnai,126,0.451,91,0.2248,0.0321,0.2517,0.0161,0.2212,True,modal
layer,min_staff_desk,could,T2,vix,126,0.451,91,0.1545,0.1436,0.2217,0.0347,0.0953,True,modal
layer,min_staff_desk,could,T3,cfnai,187,0.481,131,0.095,0.2803,0.1817,0.0378,0.5072,True,modal
layer,min_staff_desk,could,T3,vix,187,0.481,131,0.1775,0.0425,0.1465,0.0949,0.2153,True,modal
layer,min_staff_desk,could,H1,cfnai,66,0.5,48,0.2078,0.1565,0.2405,0.0996,0.4063,True,modal
layer,min_staff_desk,could,H1,vix,66,0.5,48,0.0557,0.707,0.1251,0.3969,0.8348,True,modal
layer,min_staff_desk,could,H2,cfnai,60,0.395,43,0.2479,0.1089,0.2691,0.0809,0.3076,True,modal
layer,min_staff_desk,could,H2,vix,60,0.395,43,0.2793,0.0697,0.4045,0.0071,0.0677,True,modal
layer,min_staff_desk,may,T1,cfnai,41,0.717,99,-0.0293,0.7731,-0.003,0.9764,0.9764,False,modal
layer,min_staff_desk,may,T1,vix,41,0.717,99,-0.0697,0.4933,-0.0026,0.98,0.98,False,modal
layer,min_staff_desk,may,T2,cfnai,40,0.703,91,0.0511,0.6305,0.0276,0.7954,0.8749,False,modal
layer,min_staff_desk,may,T2,vix,40,0.703,91,-0.0107,0.9196,0.041,0.6995,0.7891,False,modal
layer,min_staff_desk,may,T3,cfnai,46,0.771,131,-0.0294,0.7392,-0.0032,0.9713,0.9832,False,modal
layer,min_staff_desk,may,T3,vix,46,0.771,131,-0.1126,0.2003,-0.0685,0.4369,0.5492,False,modal
layer,min_staff_desk,may,H1,cfnai,19,0.708,48,0.0792,0.5926,0.1554,0.2916,0.4911,False,modal
layer,min_staff_desk,may,H1,vix,19,0.708,48,0.0329,0.8245,0.057,0.7005,0.8485,False,modal
layer,min_staff_desk,may,H2,cfnai,21,0.698,43,0.0342,0.8278,-0.0551,0.7258,0.8363,False,modal
layer,min_staff_desk,may,H2,vix,21,0.698,43,-0.0898,0.5668,0.0218,0.8895,0.9652,False,modal
layer,min_staff_desk,should,T1,cfnai,27,0.838,99,0.0713,0.4832,0.0551,0.588,0.9526,False,modal
layer,min_staff_desk,should,T1,vix,27,0.838,99,-0.0123,0.9039,0.0457,0.6536,0.7772,False,modal
layer,min_staff_desk,should,T2,cfnai,25,0.846,91,0.1032,0.3304,0.0317,0.7655,0.8749,False,modal
layer,min_staff_desk,should,T2,vix,25,0.846,91,-0.089,0.4017,-0.003,0.9773,0.9773,False,modal
layer,min_staff_desk,should,T3,cfnai,49,0.824,131,0.059,0.5031,0.0399,0.6506,0.9234,False,modal
layer,min_staff_desk,should,T3,vix,49,0.824,131,0.0633,0.4724,0.1039,0.2376,0.3992,False,modal
layer,min_staff_desk,should,H1,cfnai,17,0.875,48,0.1515,0.304,-0.0171,0.9081,0.9174,False,modal
layer,min_staff_desk,should,H1,vix,17,0.875,48,-0.0397,0.7887,-0.0556,0.7072,0.8485,False,modal
layer,min_staff_desk,should,H2,cfnai,8,0.814,43,0.0996,0.5252,0.0806,0.6075,0.8245,False,modal
layer,min_staff_desk,should,H2,vix,8,0.814,43,-0.1324,0.3972,-0.0587,0.7084,0.9179,False,modal
layer,min_staff_desk,will,T1,cfnai,35,0.768,99,0.0737,0.4684,0.0265,0.7949,0.9526,False,modal
layer,min_staff_desk,will,T1,vix,35,0.768,99,-0.1056,0.2984,-0.1403,0.166,0.2991,False,modal
layer,min_staff_desk,will,T2,cfnai,31,0.769,91,-0.0323,0.7612,0.0118,0.9117,0.9551,False,modal
layer,min_staff_desk,will,T2,vix,31,0.769,91,-0.1583,0.134,-0.1313,0.2149,0.4298,False,modal
layer,min_staff_desk,will,T3,cfnai,50,0.786,131,0.0471,0.5932,0.0063,0.943,0.9832,False,modal
layer,min_staff_desk,will,T3,vix,50,0.786,131,-0.0841,0.3396,-0.1319,0.1332,0.2548,False,modal
layer,min_staff_desk,will,H1,cfnai,18,0.771,48,0.0526,0.7225,0.1115,0.4504,0.5544,False,modal
layer,min_staff_desk,will,H1,vix,18,0.771,48,-0.0462,0.7553,0.046,0.7562,0.8485,False,modal
layer,min_staff_desk,will,H2,cfnai,13,0.767,43,-0.0978,0.5327,-0.0531,0.7354,0.8363,False,modal
layer,min_staff_desk,will,H2,vix,13,0.767,43,-0.2654,0.0854,-0.2274,0.1425,0.3384,False,modal
layer,min_staff_desk,would,T1,cfnai,307,0.182,99,0.0274,0.7879,0.0886,0.3831,0.8872,True,modal
layer,min_staff_desk,would,T1,vix,307,0.182,99,0.0763,0.453,0.1262,0.2131,0.3453,True,modal
layer,min_staff_desk,would,T2,cfnai,275,0.198,91,0.1391,0.1886,0.1235,0.2436,0.5344,True,modal
layer,min_staff_desk,would,T2,vix,275,0.198,91,0.0754,0.4773,0.0974,0.3586,0.6054,True,modal
layer,min_staff_desk,would,T3,cfnai,435,0.267,131,0.0295,0.7382,0.1317,0.1337,0.5533,True,modal
layer,min_staff_desk,would,T3,vix,435,0.267,131,0.1113,0.2058,0.1337,0.128,0.2548,True,modal
layer,min_staff_desk,would,H1,cfnai,137,0.292,48,0.15,0.309,0.1201,0.4161,0.5327,True,modal
layer,min_staff_desk,would,H1,vix,137,0.292,48,-0.0465,0.7536,-0.0164,0.912,0.9414,True,modal
layer,min_staff_desk,would,H2,cfnai,138,0.093,43,0.1454,0.3523,0.1539,0.3244,0.6164,True,modal
layer,min_staff_desk,would,H2,vix,138,0.093,43,0.21,0.1765,0.2322,0.134,0.3384,True,modal
layer,pc_chair,ALL,T1,cfnai,10686,0.0,80,0.1105,0.3291,0.2165,0.0538,0.524,True,modal
layer,pc_chair,ALL,T1,vix,10686,0.0,80,0.3622,0.001,0.3188,0.004,0.029,True,modal
layer,pc_chair,ALL,T2,cfnai,9293,0.0,71,0.2947,0.0126,0.2575,0.0302,0.2212,True,modal
layer,pc_chair,ALL,T2,vix,9293,0.0,71,0.2776,0.0191,0.2973,0.0118,0.0433,True,modal
layer,pc_chair,ALL,T3,cfnai,12233,0.0,92,0.0967,0.3594,0.1422,0.1764,0.6468,True,modal
layer,pc_chair,ALL,T3,vix,12233,0.0,92,0.3394,0.0009,0.2925,0.0047,0.0171,True,modal
layer,pc_chair,ALL,H2,cfnai,6097,0.0,43,0.3415,0.025,0.3167,0.0385,0.2928,True,modal
layer,pc_chair,ALL,H2,vix,6097,0.0,43,0.2372,0.1257,0.2523,0.1026,0.3384,True,modal
layer,pc_chair,can,T1,cfnai,1610,0.0,80,-0.2073,0.0651,0.0682,0.548,0.9526,True,modal
layer,pc_chair,can,T1,vix,1610,0.0,80,0.4569,0.0,0.4221,0.0001,0.0042,True,modal
layer,pc_chair,can,T2,cfnai,1356,0.0,71,0.152,0.2056,0.1341,0.265,0.5344,True,modal
layer,pc_chair,can,T2,vix,1356,0.0,71,0.2848,0.0161,0.3231,0.006,0.0298,True,modal
layer,pc_chair,can,T3,cfnai,1862,0.0,92,-0.2004,0.0555,0.0369,0.727,0.9596,True,modal
layer,pc_chair,can,T3,vix,1862,0.0,92,0.4599,0.0,0.4052,0.0001,0.0009,True,modal
layer,pc_chair,can,H2,cfnai,980,0.0,43,0.2193,0.1577,0.2762,0.073,0.3076,True,modal
layer,pc_chair,can,H2,vix,980,0.0,43,0.1467,0.3479,0.1577,0.3126,0.5785,True,modal
layer,pc_chair,could,T1,cfnai,626,0.013,80,-0.1577,0.1623,0.0615,0.588,0.9526,True,modal
layer,pc_chair,could,T1,vix,626,0.013,80,-0.2411,0.0312,-0.2865,0.01,0.0479,True,modal
layer,pc_chair,could,T2,cfnai,554,0.0,71,0.0553,0.6471,0.0831,0.4906,0.7444,True,modal
layer,pc_chair,could,T2,vix,554,0.0,71,-0.3134,0.0078,-0.3219,0.0062,0.0298,True,modal
layer,pc_chair,could,T3,cfnai,719,0.011,92,-0.1447,0.1688,0.0406,0.7006,0.9596,True,modal
layer,pc_chair,could,T3,vix,719,0.011,92,-0.2668,0.0102,-0.3183,0.002,0.0115,True,modal
layer,pc_chair,could,H2,cfnai,321,0.0,43,-0.0398,0.8002,-0.0451,0.774,0.8363,True,modal
layer,pc_chair,could,H2,vix,321,0.0,43,-0.1965,0.2066,-0.256,0.0976,0.3384,True,modal
layer,pc_chair,may,T1,cfnai,485,0.013,80,0.0239,0.8333,0.0192,0.866,0.9526,True,modal
layer,pc_chair,may,T1,vix,485,0.013,80,-0.0125,0.9125,-0.0236,0.8357,0.8913,True,modal
layer,pc_chair,may,T2,cfnai,424,0.0,71,-0.0533,0.659,-0.0507,0.6744,0.8353,True,modal
layer,pc_chair,may,T2,vix,424,0.0,71,-0.0643,0.5944,-0.0849,0.4816,0.6054,True,modal
layer,pc_chair,may,T3,cfnai,562,0.011,92,0.0243,0.8178,0.0318,0.7633,0.9596,True,modal
layer,pc_chair,may,T3,vix,562,0.011,92,-0.038,0.7193,-0.0487,0.6448,0.7668,True,modal
layer,pc_chair,may,H2,cfnai,266,0.0,43,-0.0626,0.69,-0.0597,0.7038,0.8363,True,modal
layer,pc_chair,may,H2,vix,266,0.0,43,-0.0321,0.8379,-0.0612,0.6968,0.9179,True,modal
layer,pc_chair,should,T1,cfnai,497,0.013,80,0.0929,0.4123,0.1735,0.1238,0.6054,True,modal
layer,pc_chair,should,T1,vix,497,0.013,80,-0.0115,0.9192,0.0376,0.7404,0.8353,True,modal
layer,pc_chair,should,T2,cfnai,436,0.014,71,0.0375,0.7561,0.1019,0.3976,0.6805,True,modal
layer,pc_chair,should,T2,vix,436,0.014,71,-0.0036,0.9761,-0.0222,0.8542,0.8753,True,modal
layer,pc_chair,should,T3,cfnai,575,0.011,92,0.0867,0.4114,0.1349,0.1997,0.6758,True,modal
layer,pc_chair,should,T3,vix,575,0.011,92,0.0351,0.7396,0.1214,0.2491,0.3992,True,modal
layer,pc_chair,should,H2,cfnai,250,0.023,43,0.0563,0.7197,0.1113,0.4774,0.7257,True,modal
layer,pc_chair,should,H2,vix,250,0.023,43,0.054,0.7309,0.1276,0.4148,0.6568,True,modal
layer,pc_chair,will,T1,cfnai,4341,0.0,80,0.14,0.2156,0.1239,0.2736,0.7521,True,modal
layer,pc_chair,will,T1,vix,4341,0.0,80,0.3587,0.0011,0.3114,0.0049,0.031,True,modal
layer,pc_chair,will,T2,cfnai,3725,0.0,71,0.2246,0.0597,0.1393,0.2466,0.5344,True,modal
layer,pc_chair,will,T2,vix,3725,0.0,71,0.277,0.0194,0.3134,0.0078,0.0311,True,modal
layer,pc_chair,will,T3,cfnai,4942,0.0,92,0.1285,0.2221,0.0766,0.4679,0.824,True,modal
layer,pc_chair,will,T3,vix,4942,0.0,92,0.3096,0.0027,0.2483,0.017,0.0495,True,modal
layer,pc_chair,will,H2,cfnai,2524,0.0,43,0.2868,0.0622,0.2287,0.1402,0.3904,True,modal
layer,pc_chair,will,H2,vix,2524,0.0,43,0.1719,0.2703,0.2359,0.1278,0.3384,True,modal
layer,pc_chair,would,T1,cfnai,3127,0.0,80,0.149,0.1873,0.2001,0.0751,0.524,True,modal
layer,pc_chair,would,T1,vix,3127,0.0,80,-0.1241,0.2727,-0.0986,0.3841,0.4971,True,modal
layer,pc_chair,would,T2,cfnai,2798,0.0,71,0.0558,0.644,0.1418,0.238,0.5344,True,modal
layer,pc_chair,would,T2,vix,2798,0.0,71,0.0275,0.8197,-0.0347,0.7738,0.8512,True,modal
layer,pc_chair,would,T3,cfnai,3573,0.0,92,0.1376,0.191,0.1697,0.1059,0.5533,True,modal
layer,pc_chair,would,T3,vix,3573,0.0,92,-0.0803,0.447,-0.0397,0.7074,0.8191,True,modal
layer,pc_chair,would,H2,cfnai,1756,0.0,43,0.0835,0.5944,0.2047,0.188,0.4402,True,modal
layer,pc_chair,would,H2,vix,1756,0.0,43,0.1363,0.3836,0.0879,0.5752,0.8095,True,modal
layer,speech_chair,ALL,T1,cfnai,3203,0.0,124,-0.0885,0.3286,-0.0957,0.2906,0.7521,True,modal
layer,speech_chair,ALL,T1,vix,3203,0.0,124,0.0939,0.2997,-0.0171,0.8507,0.8913,True,modal
layer,speech_chair,ALL,T2,cfnai,3075,0.0,118,-0.0931,0.3159,-0.0742,0.4246,0.6805,True,modal
layer,speech_chair,ALL,T2,vix,3075,0.0,118,-0.0617,0.5066,-0.0742,0.4242,0.6054,True,modal
layer,speech_chair,ALL,T3,cfnai,4720,0.0,174,-0.096,0.2076,-0.1314,0.084,0.5281,True,modal
layer,speech_chair,ALL,T3,vix,4720,0.0,174,0.076,0.3189,-0.0076,0.9209,0.9209,True,modal
layer,speech_chair,ALL,H1,cfnai,2348,0.0,73,-0.1166,0.3257,-0.1561,0.1872,0.4339,True,modal
layer,speech_chair,ALL,H1,vix,2348,0.0,73,-0.0759,0.5231,-0.1034,0.3841,0.8348,True,modal
layer,speech_chair,ALL,H2,cfnai,727,0.0,45,-0.073,0.6336,-0.0404,0.7922,0.8363,True,modal
layer,speech_chair,ALL,H2,vix,727,0.0,45,-0.0328,0.8307,0.031,0.84,0.9652,True,modal
layer,speech_chair,can,T1,cfnai,514,0.121,124,-0.3423,0.0001,-0.0302,0.7393,0.9526,True,modal
layer,speech_chair,can,T1,vix,514,0.121,124,0.2549,0.0043,0.1454,0.1072,0.2144,True,modal
layer,speech_chair,can,T2,cfnai,483,0.127,118,0.0929,0.3172,0.0728,0.4331,0.6805,True,modal
layer,speech_chair,can,T2,vix,483,0.127,118,0.0601,0.5182,0.0767,0.4089,0.6054,True,modal
layer,speech_chair,can,T3,cfnai,810,0.103,174,-0.3114,0.0,-0.0794,0.2978,0.7278,True,modal
layer,speech_chair,can,T3,vix,810,0.103,174,0.2252,0.0028,0.1213,0.1108,0.2322,True,modal
layer,speech_chair,can,H1,cfnai,373,0.096,73,0.0461,0.6983,-0.0124,0.9174,0.9174,True,modal
layer,speech_chair,can,H1,vix,373,0.096,73,0.1931,0.1016,0.1197,0.3131,0.8348,True,modal
layer,speech_chair,can,H2,cfnai,110,0.178,45,0.2136,0.1588,0.2182,0.15,0.3904,True,modal
layer,speech_chair,can,H2,vix,110,0.178,45,0.1627,0.2857,0.2771,0.0654,0.3024,True,modal
layer,speech_chair,could,T1,cfnai,355,0.355,124,0.1104,0.2223,-0.0114,0.9002,0.9526,True,modal
layer,speech_chair,could,T1,vix,355,0.355,124,-0.1496,0.0971,-0.153,0.0898,0.1881,True,modal
layer,speech_chair,could,T2,cfnai,341,0.347,118,0.0136,0.8834,-0.0473,0.6111,0.8337,True,modal
layer,speech_chair,could,T2,vix,341,0.347,118,-0.1683,0.0685,-0.1631,0.0777,0.1798,True,modal
layer,speech_chair,could,T3,cfnai,496,0.339,174,0.0882,0.247,-0.0434,0.5699,0.8646,True,modal
layer,speech_chair,could,T3,vix,496,0.339,174,-0.1081,0.1558,-0.0869,0.254,0.3992,True,modal
layer,speech_chair,could,H1,cfnai,279,0.315,73,-0.0241,0.8393,-0.1033,0.3846,0.5327,True,modal
layer,speech_chair,could,H1,vix,279,0.315,73,-0.1793,0.129,-0.1686,0.154,0.607,True,modal
layer,speech_chair,could,H2,cfnai,62,0.4,45,0.0721,0.638,0.0572,0.7089,0.8363,True,modal
layer,speech_chair,could,H2,vix,62,0.4,45,-0.0947,0.5363,-0.0519,0.7347,0.9179,True,modal
layer,speech_chair,may,T1,cfnai,382,0.266,124,0.0428,0.6371,-0.06,0.508,0.9526,True,modal
layer,speech_chair,may,T1,vix,382,0.266,124,-0.1209,0.181,-0.11,0.2238,0.3453,True,modal
layer,speech_chair,may,T2,cfnai,375,0.254,118,-0.1688,0.0676,-0.103,0.2672,0.5344,True,modal
layer,speech_chair,may,T2,vix,375,0.254,118,-0.0567,0.5416,-0.0718,0.4399,0.6054,True,modal
layer,speech_chair,may,T3,cfnai,562,0.253,174,0.0368,0.6293,-0.0402,0.5987,0.8781,True,modal
layer,speech_chair,may,T3,vix,562,0.253,174,-0.0968,0.2037,-0.0621,0.4154,0.5492,True,modal
layer,speech_chair,may,H1,cfnai,308,0.219,73,-0.0996,0.4016,-0.0498,0.6754,0.7205,True,modal
layer,speech_chair,may,H1,vix,308,0.219,73,-0.0373,0.7542,0.0158,0.8943,0.9414,True,modal
layer,speech_chair,may,H2,cfnai,67,0.311,45,-0.2899,0.0534,-0.216,0.1541,0.3904,True,modal
layer,speech_chair,may,H2,vix,67,0.311,45,0.0798,0.6022,-0.0048,0.975,0.975,True,modal
layer,speech_chair,should,T1,cfnai,210,0.452,124,0.0593,0.5127,-0.0079,0.9309,0.9526,True,modal
layer,speech_chair,should,T1,vix,210,0.452,124,0.0166,0.8545,-0.1926,0.0321,0.0882,True,modal
layer,speech_chair,should,T2,cfnai,205,0.449,118,-0.0761,0.4129,-0.0355,0.7024,0.8353,True,modal
layer,speech_chair,should,T2,vix,205,0.449,118,-0.1192,0.1985,-0.1906,0.0387,0.1002,True,modal
layer,speech_chair,should,T3,cfnai,343,0.408,174,0.0399,0.6013,-0.0676,0.3756,0.787,True,modal
layer,speech_chair,should,T3,vix,343,0.408,174,0.0773,0.3106,-0.0594,0.4361,0.5492,True,modal
layer,speech_chair,should,H1,cfnai,174,0.329,73,0.2,0.0898,0.1381,0.2441,0.4339,True,modal
layer,speech_chair,should,H1,vix,174,0.329,73,-0.0755,0.5257,-0.0389,0.7436,0.8485,True,modal
layer,speech_chair,should,H2,cfnai,31,0.644,45,-0.2388,0.1142,-0.2822,0.0604,0.3076,False,modal
layer,speech_chair,should,H2,vix,31,0.644,45,-0.0612,0.6899,-0.1546,0.3107,0.5785,False,modal
layer,speech_chair,will,T1,cfnai,1169,0.04,124,-0.0772,0.3943,-0.099,0.274,0.7521,True,modal
layer,speech_chair,will,T1,vix,1169,0.04,124,0.1667,0.0643,0.1022,0.2587,0.3557,True,modal
layer,speech_chair,will,T2,cfnai,1118,0.042,118,-0.0331,0.7221,-0.0767,0.4094,0.6805,True,modal
layer,speech_chair,will,T2,vix,1118,0.042,118,0.0921,0.321,0.0686,0.4606,0.6054,True,modal
layer,speech_chair,will,T3,cfnai,1669,0.046,174,-0.0781,0.3056,-0.091,0.2325,0.6853,True,modal
layer,speech_chair,will,T3,vix,1669,0.046,174,0.1206,0.1131,0.0757,0.3211,0.4558,True,modal
layer,speech_chair,will,H1,cfnai,776,0.027,73,-0.1613,0.1727,-0.1487,0.2093,0.4339,True,modal
layer,speech_chair,will,H1,vix,776,0.027,73,0.0197,0.8687,0.0369,0.7565,0.8485,True,modal
layer,speech_chair,will,H2,cfnai,342,0.067,45,0.0157,0.9182,-0.0029,0.9849,0.9849,True,modal
layer,speech_chair,will,H2,vix,342,0.067,45,-0.1083,0.4787,-0.1531,0.3153,0.5785,True,modal
layer,speech_chair,would,T1,cfnai,573,0.202,124,0.1196,0.186,-0.0527,0.5609,0.9526,True,modal
layer,speech_chair,would,T1,vix,573,0.202,124,-0.1138,0.2082,-0.2088,0.0199,0.0627,True,modal
layer,speech_chair,would,T2,cfnai,553,0.203,118,-0.1242,0.1803,-0.1034,0.2652,0.5344,True,modal
layer,speech_chair,would,T2,vix,553,0.203,118,-0.1623,0.0792,-0.2268,0.0135,0.0458,True,modal
layer,speech_chair,would,T3,cfnai,840,0.161,174,0.0942,0.2164,-0.068,0.3725,0.787,True,modal
layer,speech_chair,would,T3,vix,840,0.161,174,-0.1375,0.0705,-0.2162,0.0042,0.0167,True,modal
layer,speech_chair,would,H1,cfnai,438,0.151,73,-0.1391,0.2405,-0.1803,0.127,0.4063,True,modal
layer,speech_chair,would,H1,vix,438,0.151,73,-0.2694,0.0212,-0.248,0.0344,0.275,True,modal
layer,speech_chair,would,H2,cfnai,115,0.289,45,-0.099,0.5177,-0.0442,0.773,0.8363,True,modal
layer,speech_chair,would,H2,vix,115,0.289,45,0.0707,0.6444,0.0212,0.89,0.9652,True,modal
layer,statement,ALL,T1,cfnai,770,0.0,101,-0.0573,0.569,-0.1242,0.2158,0.7058,True,modal
layer,statement,ALL,T1,vix,770,0.0,101,0.0086,0.9323,0.0613,0.5425,0.6631,True,modal
layer,statement,ALL,T2,cfnai,697,0.0,91,-0.1355,0.2004,-0.1783,0.0909,0.4535,True,modal
layer,statement,ALL,T2,vix,697,0.0,91,0.0699,0.5105,0.0449,0.6729,0.7791,True,modal
layer,statement,ALL,T3,cfnai,1007,0.0,133,-0.0555,0.5259,-0.0964,0.2697,0.6981,True,modal
layer,statement,ALL,T3,vix,1007,0.0,133,-0.1174,0.1785,-0.1156,0.185,0.3392,True,modal
layer,statement,ALL,H1,cfnai,397,0.0,48,0.1574,0.2852,0.1747,0.2351,0.4339,True,modal
layer,statement,ALL,H1,vix,397,0.0,48,-0.2815,0.0526,-0.4048,0.0043,0.0692,True,modal
layer,statement,ALL,H2,cfnai,300,0.0,43,-0.5054,0.0005,-0.5183,0.0004,0.007,True,modal
layer,statement,ALL,H2,vix,300,0.0,43,-0.4212,0.0049,-0.4722,0.0014,0.0264,True,modal
layer,statement,could,T1,cfnai,50,0.505,101,0.1416,0.1578,-0.0624,0.535,0.9526,True,modal
layer,statement,could,T1,vix,50,0.505,101,0.1793,0.0727,0.3319,0.0007,0.0068,True,modal
layer,statement,could,T2,cfnai,47,0.484,91,-0.079,0.4567,-0.1674,0.1127,0.4643,True,modal
layer,statement,could,T2,vix,47,0.484,91,0.4576,0.0,0.451,0.0,0.0002,True,modal
layer,statement,could,T3,cfnai,55,0.594,133,0.1259,0.1488,-0.0171,0.8452,0.9832,True,modal
layer,statement,could,T3,vix,55,0.594,133,0.093,0.2871,0.1823,0.0357,0.0874,True,modal
layer,statement,could,H1,cfnai,4,0.917,48,0.1142,0.4395,0.0935,0.5272,0.6025,False,modal
layer,statement,could,H1,vix,4,0.917,48,-0.1163,0.4312,-0.0829,0.5755,0.8485,False,modal
layer,statement,could,H2,cfnai,43,0.0,43,-0.6024,0.0,-0.4384,0.0033,0.0415,True,modal
layer,statement,could,H2,vix,43,0.0,43,0.0006,0.9969,-0.0119,0.9398,0.9652,True,modal
layer,statement,should,T1,cfnai,33,0.733,101,0.0254,0.8009,-0.012,0.9054,0.9526,False,modal
layer,statement,should,T1,vix,33,0.733,101,-0.2908,0.0032,-0.3372,0.0006,0.0068,False,modal
layer,statement,should,T2,cfnai,33,0.703,91,-0.0694,0.5132,-0.0279,0.7928,0.8749,False,modal
layer,statement,should,T2,vix,33,0.703,91,-0.2741,0.0086,-0.3054,0.0032,0.0204,False,modal
layer,statement,should,T3,cfnai,49,0.699,133,0.0124,0.887,-0.0608,0.4869,0.824,False,modal
layer,statement,should,T3,vix,49,0.699,133,-0.2949,0.0006,-0.3634,0.0,0.0004,False,modal
layer,statement,should,H1,cfnai,33,0.438,48,-0.1058,0.4741,-0.0857,0.5624,0.6205,False,modal
layer,statement,should,H1,vix,33,0.438,48,0.053,0.7205,-0.0589,0.6911,0.8485,False,modal
layer,statement,should,H2,cfnai,0,1.0,43,,,,,,False,modal
layer,statement,should,H2,vix,0,1.0,43,,,,,,False,modal
layer,statement,will,T1,cfnai,607,0.0,101,-0.2325,0.0193,-0.0492,0.6252,0.9526,True,modal
layer,statement,will,T1,vix,607,0.0,101,-0.0981,0.3289,-0.1864,0.062,0.1436,True,modal
layer,statement,will,T2,cfnai,543,0.0,91,-0.0669,0.5284,-0.0701,0.509,0.7465,True,modal
layer,statement,will,T2,vix,543,0.0,91,-0.296,0.0044,-0.3391,0.001,0.0097,True,modal
layer,statement,will,T3,cfnai,820,0.0,133,-0.2045,0.0182,-0.0504,0.5647,0.8646,True,modal
layer,statement,will,T3,vix,820,0.0,133,-0.1674,0.0541,-0.2593,0.0026,0.0126,True,modal
layer,statement,will,H1,cfnai,339,0.0,48,0.1965,0.1807,0.1789,0.2237,0.4339,True,modal
layer,statement,will,H1,vix,339,0.0,48,-0.3656,0.0106,-0.4435,0.0016,0.051,True,modal
layer,statement,will,H2,cfnai,204,0.0,43,-0.3503,0.0213,-0.3314,0.03,0.2847,True,modal
layer,statement,will,H2,vix,204,0.0,43,-0.3664,0.0157,-0.4157,0.0056,0.0677,True,modal
layer,statement,would,T1,cfnai,49,0.535,101,0.1529,0.1269,-0.0183,0.8561,0.9526,True,modal
layer,statement,would,T1,vix,49,0.535,101,0.1784,0.0742,0.3382,0.0005,0.0068,True,modal
layer,statement,would,T2,cfnai,46,0.516,91,0.0094,0.9296,-0.1064,0.3153,0.6032,True,modal
layer,statement,would,T2,vix,46,0.516,91,0.45,0.0,0.4553,0.0,0.0002,True,modal
layer,statement,would,T3,cfnai,51,0.632,133,0.1323,0.129,-0.01,0.9095,0.9832,False,modal
layer,statement,would,T3,vix,51,0.632,133,0.1056,0.2263,0.2206,0.0107,0.0363,False,modal
layer,statement,would,H1,cfnai,1,0.979,48,0.0999,0.4994,0.1212,0.412,0.5327,False,modal
layer,statement,would,H1,vix,1,0.979,48,-0.1672,0.256,-0.2158,0.1406,0.607,False,modal
layer,statement,would,H2,cfnai,45,0.0,43,-0.1764,0.2577,-0.1957,0.2085,0.4402,True,modal
layer,statement,would,H2,vix,45,0.0,43,-0.0524,0.7388,-0.0475,0.7622,0.9179,True,modal
genre,minutes,could/activity,T1,cfnai,199,0.162,99,-0.1632,0.1065,-0.1689,0.0947,0.6001,True,U3
genre,minutes,could/activity,T1,vix,199,0.162,99,0.1554,0.1246,0.0735,0.4694,0.6762,True,U3
genre,minutes,could/activity,T2,cfnai,172,0.165,91,-0.0813,0.4435,-0.0921,0.3852,0.9526,True,U3
genre,minutes,could/activity,T2,vix,172,0.165,91,0.0749,0.4802,0.0727,0.4936,0.7,True,U3
genre,minutes,could/activity,T3,cfnai,237,0.221,131,-0.1436,0.1017,-0.1454,0.0975,0.5838,True,U3
genre,minutes,could/activity,T3,vix,237,0.221,131,0.1672,0.0563,0.044,0.6178,0.8238,True,U3
genre,minutes,could/activity,H1,cfnai,83,0.208,48,0.1057,0.4744,0.0956,0.5183,0.9568,True,U3
genre,minutes,could/activity,H1,vix,83,0.208,48,0.1538,0.2967,0.1548,0.2933,0.704,True,U3
genre,minutes,could/activity,H2,cfnai,89,0.116,43,-0.2109,0.1747,-0.2736,0.0758,0.4989,True,U3
genre,minutes,could/activity,H2,vix,89,0.116,43,-0.1813,0.2445,-0.3004,0.0503,0.449,True,U3
genre,minutes,could/aspectual,T1,cfnai,40,0.677,99,-0.1366,0.1777,-0.0773,0.4468,0.9626,False,U3
genre,minutes,could/aspectual,T1,vix,40,0.677,99,-0.0147,0.8851,0.0716,0.4812,0.6836,False,U3
genre,minutes,could/aspectual,T2,cfnai,35,0.681,91,-0.0693,0.5138,-0.039,0.7134,0.9606,False,U3
genre,minutes,could/aspectual,T2,vix,35,0.681,91,0.0521,0.6236,0.123,0.2455,0.5447,False,U3
genre,minutes,could/aspectual,T3,cfnai,45,0.733,131,-0.1173,0.1821,-0.0135,0.8782,0.9693,False,U3
genre,minutes,could/aspectual,T3,vix,45,0.733,131,-0.0411,0.6413,0.016,0.8558,0.9814,False,U3
genre,minutes,could/aspectual,H1,cfnai,14,0.729,48,0.005,0.973,0.0015,0.9922,0.9922,False,U3
genre,minutes,could/aspectual,H1,vix,14,0.729,48,0.2275,0.1199,0.1881,0.2005,0.6113,False,U3
genre,minutes,could/aspectual,H2,cfnai,21,0.628,43,-0.1122,0.4738,-0.0603,0.7007,0.9232,False,U3
genre,minutes,could/aspectual,H2,vix,21,0.628,43,-0.2058,0.1856,-0.1767,0.2571,0.7473,False,U3
genre,minutes,could/causative,T1,cfnai,385,0.051,99,0.1158,0.2536,0.099,0.3295,0.9153,True,U3
genre,minutes,could/causative,T1,vix,385,0.051,99,0.1513,0.135,0.2019,0.0451,0.1611,True,U3
genre,minutes,could/causative,T2,cfnai,345,0.055,91,0.0264,0.8039,0.0305,0.7744,0.9606,True,U3
genre,minutes,could/causative,T2,vix,345,0.055,91,0.2103,0.0454,0.2159,0.0398,0.1605,True,U3
genre,minutes,could/causative,T3,cfnai,469,0.053,131,0.1034,0.24,0.1149,0.1911,0.7705,True,U3
genre,minutes,could/causative,T3,vix,469,0.053,131,0.1159,0.1876,0.1204,0.1709,0.3748,True,U3
genre,minutes,could/causative,H1,cfnai,159,0.104,48,0.1243,0.3998,0.1364,0.3551,0.9568,True,U3
genre,minutes,could/causative,H1,vix,159,0.104,48,-0.0977,0.5088,-0.0178,0.9044,0.9745,True,U3
genre,minutes,could/causative,H2,cfnai,186,0.0,43,-0.0471,0.7641,-0.051,0.7454,0.9339,True,U3
genre,minutes,could/causative,H2,vix,186,0.0,43,0.1745,0.2632,0.1635,0.2947,0.7714,True,U3
genre,minutes,could/copular_adj,T1,cfnai,91,0.424,99,-0.0619,0.5428,-0.1469,0.1468,0.6553,True,U3
genre,minutes,could/copular_adj,T1,vix,91,0.424,99,-0.0178,0.8611,0.0576,0.5715,0.7764,True,U3
genre,minutes,could/copular_adj,T2,cfnai,82,0.44,91,-0.193,0.0668,-0.1479,0.1617,0.7773,True,U3
genre,minutes,could/copular_adj,T2,vix,82,0.44,91,0.0279,0.7927,0.0762,0.4726,0.7,True,U3
genre,minutes,could/copular_adj,T3,cfnai,120,0.45,131,-0.0452,0.608,-0.0826,0.3484,0.8753,True,U3
genre,minutes,could/copular_adj,T3,vix,120,0.45,131,0.0522,0.5535,0.0634,0.4716,0.7756,True,U3
genre,minutes,could/copular_adj,H1,cfnai,53,0.354,48,-0.3484,0.0152,-0.2613,0.0728,0.7062,True,U3
genre,minutes,could/copular_adj,H1,vix,53,0.354,48,0.0791,0.5928,0.2456,0.0924,0.4753,True,U3
genre,minutes,could/copular_adj,H2,cfnai,29,0.535,43,-0.0916,0.5591,-0.0396,0.8007,0.9354,False,U3
genre,minutes,could/copular_adj,H2,vix,29,0.535,43,0.1531,0.3271,0.181,0.2455,0.7307,False,U3
genre,minutes,could/copular_nom,T1,cfnai,31,0.758,99,0.0992,0.3284,-0.031,0.761,0.9626,False,U3
genre,minutes,could/copular_nom,T1,vix,31,0.758,99,-0.0856,0.3996,-0.0512,0.6148,0.787,False,U3
genre,minutes,could/copular_nom,T2,cfnai,28,0.769,91,-0.0738,0.4872,-0.0851,0.4226,0.9526,False,U3
genre,minutes,could/copular_nom,T2,vix,28,0.769,91,-0.0752,0.4789,-0.0479,0.6522,0.7992,False,U3
genre,minutes,could/copular_nom,T3,cfnai,41,0.756,131,0.0884,0.3152,-0.0223,0.8,0.9693,False,U3
genre,minutes,could/copular_nom,T3,vix,41,0.756,131,-0.0416,0.6371,-0.0259,0.7691,0.9334,False,U3
genre,minutes,could/copular_nom,H1,cfnai,23,0.667,48,-0.1633,0.2674,-0.2019,0.1688,0.9347,False,U3
genre,minutes,could/copular_nom,H1,vix,23,0.667,48,0.011,0.9407,0.08,0.589,0.8902,False,U3
genre,minutes,could/copular_nom,H2,cfnai,5,0.884,43,0.0396,0.8008,0.0153,0.9223,0.9607,False,U3
genre,minutes,could/copular_nom,H2,vix,5,0.884,43,0.1933,0.2143,0.2006,0.1971,0.6693,False,U3
genre,minutes,could/existence,T1,cfnai,61,0.556,99,0.0018,0.9856,-0.0015,0.9885,0.9885,True,U3
genre,minutes,could/existence,T1,vix,61,0.556,99,-0.0285,0.7791,-0.0044,0.9658,0.9981,True,U3
genre,minutes,could/existence,T2,cfnai,54,0.571,91,-0.0023,0.9825,0.008,0.9402,0.9684,True,U3
genre,minutes,could/existence,T2,vix,54,0.571,91,0.0226,0.8318,0.0246,0.8167,0.8876,True,U3
genre,minutes,could/existence,T3,cfnai,76,0.565,131,0.0001,0.9992,-0.0175,0.8432,0.9693,True,U3
genre,minutes,could/existence,T3,vix,76,0.565,131,0.0034,0.969,-0.0116,0.8955,0.9851,True,U3
genre,minutes,could/existence,H1,cfnai,34,0.542,48,-0.36,0.012,-0.317,0.0282,0.6197,False,U3
genre,minutes,could/existence,H1,vix,34,0.542,48,0.0628,0.6716,0.1074,0.4675,0.8902,False,U3
genre,minutes,could/existence,H2,cfnai,20,0.605,43,0.2908,0.0585,0.3562,0.0191,0.1986,False,U3
genre,minutes,could/existence,H2,vix,20,0.605,43,0.1109,0.4792,0.0701,0.6549,0.958,False,U3
genre,minutes,could/mental,T1,cfnai,52,0.646,99,0.1166,0.2504,0.1722,0.0883,0.6001,False,U3
genre,minutes,could/mental,T1,vix,52,0.646,99,0.0454,0.6554,-0.0051,0.9601,0.9981,False,U3
genre,minutes,could/mental,T2,cfnai,45,0.67,91,0.2032,0.0534,0.1577,0.1354,0.7374,False,U3
genre,minutes,could/mental,T2,vix,45,0.67,91,0.0087,0.9349,-0.037,0.7277,0.8663,False,U3
genre,minutes,could/mental,T3,cfnai,58,0.695,131,0.1081,0.2192,0.1586,0.0704,0.5838,False,U3
genre,minutes,could/mental,T3,vix,58,0.695,131,0.001,0.9909,-0.0535,0.544,0.8,False,U3
genre,minutes,could/mental,H1,cfnai,29,0.562,48,-0.0454,0.7594,-0.0302,0.8386,0.9849,False,U3
genre,minutes,could/mental,H1,vix,29,0.562,48,0.0315,0.8318,0.031,0.8343,0.9745,False,U3
genre,minutes,could/mental,H2,cfnai,16,0.791,43,0.3679,0.0152,0.348,0.0222,0.2136,False,U3
genre,minutes,could/mental,H2,vix,16,0.791,43,0.1157,0.4599,0.1434,0.3588,0.7797,False,U3
genre,minutes,could/occurrence,T1,cfnai,227,0.101,99,0.1365,0.178,0.035,0.7308,0.9626,True,U3
genre,minutes,could/occurrence,T1,vix,227,0.101,99,0.1285,0.2051,0.0021,0.9834,0.9981,True,U3
genre,minutes,could/occurrence,T2,cfnai,206,0.11,91,-0.044,0.6786,-0.0162,0.879,0.9606,True,U3
genre,minutes,could/occurrence,T2,vix,206,0.11,91,0.0847,0.4249,0.0256,0.8093,0.8876,True,U3
genre,minutes,could/occurrence,T3,cfnai,276,0.107,131,0.1215,0.1669,0.0218,0.8047,0.9693,True,U3
genre,minutes,could/occurrence,T3,vix,276,0.107,131,0.0328,0.7099,-0.0606,0.4916,0.7821,True,U3
genre,minutes,could/occurrence,H1,cfnai,112,0.167,48,0.053,0.7204,0.0746,0.6144,0.9568,True,U3
genre,minutes,could/occurrence,H1,vix,112,0.167,48,0.026,0.8607,-0.0047,0.9745,0.9745,True,U3
genre,minutes,could/occurrence,H2,cfnai,94,0.047,43,-0.1302,0.4053,-0.0641,0.6832,0.9232,True,U3
genre,minutes,could/occurrence,H2,vix,94,0.047,43,0.1247,0.4257,-0.0129,0.9345,0.9872,True,U3
genre,minutes,could/other,T1,cfnai,260,0.152,99,-0.0319,0.7541,-0.1215,0.2309,0.7924,True,U3
genre,minutes,could/other,T1,vix,260,0.152,99,-0.0097,0.9244,0.0251,0.8053,0.9587,True,U3
genre,minutes,could/other,T2,cfnai,231,0.165,91,0.0015,0.9886,-0.0737,0.4875,0.9606,True,U3
genre,minutes,could/other,T2,vix,231,0.165,91,0.0317,0.7658,0.0692,0.5144,0.7,True,U3
genre,minutes,could/other,T3,cfnai,317,0.153,131,-0.0351,0.6905,-0.1276,0.1465,0.7326,True,U3
genre,minutes,could/other,T3,vix,317,0.153,131,-0.0021,0.9808,-0.0077,0.9308,0.9909,True,U3
genre,minutes,could/other,H1,cfnai,131,0.125,48,-0.1594,0.2793,-0.1708,0.2458,0.9568,True,U3
genre,minutes,could/other,H1,vix,131,0.125,48,0.4894,0.0004,0.412,0.0036,0.1164,True,U3
genre,minutes,could/other,H2,cfnai,100,0.209,43,0.0975,0.534,0.0294,0.8517,0.9354,True,U3
genre,minutes,could/other,H2,vix,100,0.209,43,-0.2669,0.0836,-0.2318,0.1347,0.6024,True,U3
genre,minutes,could/policy_action,T1,cfnai,126,0.404,99,-0.0295,0.7721,-0.1174,0.2472,0.7924,True,U3
genre,minutes,could/policy_action,T1,vix,126,0.404,99,0.1757,0.082,0.2434,0.0152,0.0825,True,U3
genre,minutes,could/policy_action,T2,cfnai,108,0.44,91,-0.1341,0.205,-0.152,0.1505,0.7524,True,U3
genre,minutes,could/policy_action,T2,vix,108,0.44,91,0.0759,0.4748,0.175,0.0972,0.3037,True,U3
genre,minutes,could/policy_action,T3,cfnai,155,0.405,131,-0.0278,0.7522,-0.094,0.2857,0.8207,True,U3
genre,minutes,could/policy_action,T3,vix,155,0.405,131,0.1175,0.1814,0.1613,0.0657,0.213,True,U3
genre,minutes,could/policy_action,H1,cfnai,61,0.417,48,0.031,0.8341,0.0036,0.9804,0.9922,True,U3
genre,minutes,could/policy_action,H1,vix,61,0.417,48,0.3795,0.0078,0.4138,0.0035,0.1164,True,U3
genre,minutes,could/policy_action,H2,cfnai,47,0.465,43,-0.24,0.1211,-0.2472,0.1101,0.5638,True,U3
genre,minutes,could/policy_action,H2,vix,47,0.465,43,-0.1349,0.3886,-0.079,0.6147,0.958,True,U3
genre,minutes,may/causative,T1,cfnai,58,0.566,99,-0.015,0.8831,0.0123,0.904,0.9626,True,U3
genre,minutes,may/causative,T1,vix,58,0.566,99,-0.1482,0.1432,-0.1596,0.1146,0.3049,True,U3
genre,minutes,may/causative,T2,cfnai,54,0.56,91,0.0703,0.5077,0.0738,0.487,0.9606,True,U3
genre,minutes,may/causative,T2,vix,54,0.56,91,-0.1197,0.2584,-0.1097,0.3007,0.5447,True,U3
genre,minutes,may/causative,T3,cfnai,66,0.611,131,-0.0124,0.8881,0.0405,0.646,0.9693,False,U3
genre,minutes,may/causative,T3,vix,66,0.611,131,-0.1769,0.0432,-0.1985,0.023,0.1316,False,U3
genre,minutes,may/causative,H1,cfnai,36,0.479,48,0.0448,0.7622,0.0573,0.699,0.9568,False,U3
genre,minutes,may/causative,H1,vix,36,0.479,48,0.0096,0.9483,0.0166,0.911,0.9745,False,U3
genre,minutes,may/causative,H2,cfnai,18,0.651,43,0.1166,0.4567,0.087,0.5792,0.8824,False,U3
genre,minutes,may/causative,H2,vix,18,0.651,43,-0.1052,0.502,-0.0758,0.6291,0.958,False,U3
genre,minutes,may/copular_adj,T1,cfnai,77,0.566,99,-0.041,0.687,-0.158,0.1182,0.6001,True,U3
genre,minutes,may/copular_adj,T1,vix,77,0.566,99,-0.0313,0.7587,-0.0221,0.8281,0.9674,True,U3
genre,minutes,may/copular_adj,T2,cfnai,72,0.56,91,-0.1734,0.1002,-0.1426,0.1777,0.8043,True,U3
genre,minutes,may/copular_adj,T2,vix,72,0.56,91,-0.0799,0.4513,-0.0221,0.8351,0.8876,True,U3
genre,minutes,may/copular_adj,T3,cfnai,81,0.649,131,-0.0328,0.7104,-0.0589,0.5041,0.9455,False,U3
genre,minutes,may/copular_adj,T3,vix,81,0.649,131,-0.0553,0.5306,-0.0497,0.5732,0.8238,False,U3
genre,minutes,may/copular_adj,H1,cfnai,27,0.646,48,0.0351,0.813,0.0415,0.7795,0.9849,False,U3
genre,minutes,may/copular_adj,H1,vix,27,0.646,48,0.1572,0.286,0.1274,0.3883,0.8472,False,U3
genre,minutes,may/copular_adj,H2,cfnai,45,0.465,43,-0.2768,0.0724,-0.2397,0.1216,0.5638,True,U3
genre,minutes,may/copular_adj,H2,vix,45,0.465,43,-0.443,0.0029,-0.5273,0.0003,0.0175,True,U3
genre,minutes,may/occurrence,T1,cfnai,56,0.576,99,-0.0907,0.372,0.0828,0.4152,0.9626,True,U3
genre,minutes,may/occurrence,T1,vix,56,0.576,99,-0.1123,0.2684,-0.1145,0.2592,0.4764,True,U3
genre,minutes,may/occurrence,T2,cfnai,53,0.56,91,0.0442,0.6776,0.1397,0.1866,0.8043,True,U3
genre,minutes,may/occurrence,T2,vix,53,0.56,91,-0.1216,0.2508,-0.0975,0.3577,0.5962,True,U3
genre,minutes,may/occurrence,T3,cfnai,63,0.626,131,-0.0857,0.3303,0.0823,0.3501,0.8753,False,U3
genre,minutes,may/occurrence,T3,vix,63,0.626,131,-0.1481,0.0915,-0.1534,0.0802,0.2386,False,U3
genre,minutes,may/occurrence,H1,cfnai,39,0.396,48,0.0372,0.8019,0.1127,0.4456,0.9568,False,U3
genre,minutes,may/occurrence,H1,vix,39,0.396,48,0.0948,0.5215,0.0865,0.5587,0.8902,False,U3
genre,minutes,may/occurrence,H2,cfnai,14,0.744,43,0.0804,0.6081,0.1596,0.3068,0.6776,False,U3
genre,minutes,may/occurrence,H2,vix,14,0.744,43,-0.0547,0.7276,-0.0535,0.7335,0.9618,False,U3
genre,minutes,may/other,T1,cfnai,39,0.707,99,-0.0249,0.8066,-0.1903,0.0592,0.508,False,U3
genre,minutes,may/other,T1,vix,39,0.707,99,-0.0013,0.9895,-0.0699,0.492,0.691,False,U3
genre,minutes,may/other,T2,cfnai,34,0.714,91,0.0669,0.5288,-0.1406,0.1837,0.8043,False,U3
genre,minutes,may/other,T2,vix,34,0.714,91,-0.1164,0.272,-0.0743,0.4842,0.7,False,U3
genre,minutes,may/other,T3,cfnai,52,0.695,131,-0.0205,0.816,-0.154,0.0791,0.5838,False,U3
genre,minutes,may/other,T3,vix,52,0.695,131,-0.0847,0.3361,-0.152,0.0831,0.2415,False,U3
genre,minutes,may/other,H1,cfnai,12,0.771,48,0.0314,0.8325,0.0668,0.6518,0.9568,False,U3
genre,minutes,may/other,H1,vix,12,0.771,48,0.0653,0.6591,0.0296,0.8415,0.9745,False,U3
genre,minutes,may/other,H2,cfnai,22,0.651,43,0.0698,0.6565,-0.2396,0.1218,0.5638,False,U3
genre,minutes,may/other,H2,vix,22,0.651,43,-0.3913,0.0095,-0.4237,0.0046,0.1932,False,U3
genre,minutes,should/activity,T1,cfnai,44,0.687,99,0.0305,0.7645,0.0219,0.8297,0.9626,False,U3
genre,minutes,should/activity,T1,vix,44,0.687,99,-0.187,0.0638,-0.2217,0.0274,0.1181,False,U3
genre,minutes,should/activity,T2,cfnai,43,0.67,91,-0.0228,0.8299,0.0397,0.7085,0.9606,False,U3
genre,minutes,should/activity,T2,vix,43,0.67,91,-0.1174,0.2677,-0.1599,0.1299,0.3517,False,U3
genre,minutes,should/activity,T3,cfnai,53,0.71,131,0.0305,0.7293,0.0449,0.6107,0.9693,False,U3
genre,minutes,should/activity,T3,vix,53,0.71,131,-0.1676,0.0557,-0.1932,0.027,0.1316,False,U3
genre,minutes,should/activity,H1,cfnai,38,0.458,48,-0.0725,0.6241,-0.051,0.7309,0.9568,False,U3
genre,minutes,should/activity,H1,vix,38,0.458,48,0.08,0.5888,0.0931,0.5293,0.8902,False,U3
genre,minutes,should/activity,H2,cfnai,5,0.907,43,0.0904,0.5641,0.1096,0.4842,0.7965,False,U3
genre,minutes,should/activity,H2,vix,5,0.907,43,0.2558,0.0978,0.1435,0.3585,0.7797,False,U3
genre,minutes,should/aspectual,T1,cfnai,34,0.737,99,-0.0766,0.4509,-0.0886,0.3832,0.9626,False,U3
genre,minutes,should/aspectual,T1,vix,34,0.737,99,-0.2732,0.0062,-0.2846,0.0043,0.0384,False,U3
genre,minutes,should/aspectual,T2,cfnai,32,0.736,91,-0.0753,0.4779,-0.045,0.6717,0.9606,False,U3
genre,minutes,should/aspectual,T2,vix,32,0.736,91,-0.2769,0.0079,-0.2687,0.01,0.0696,False,U3
genre,minutes,should/aspectual,T3,cfnai,49,0.718,131,-0.0624,0.4788,-0.095,0.2804,0.8207,False,U3
genre,minutes,should/aspectual,T3,vix,49,0.718,131,-0.2533,0.0035,-0.2695,0.0019,0.0257,False,U3
genre,minutes,should/aspectual,H1,cfnai,23,0.646,48,-0.025,0.8663,-0.0414,0.7802,0.9849,False,U3
genre,minutes,should/aspectual,H1,vix,23,0.646,48,-0.1259,0.3939,-0.0512,0.7298,0.9383,False,U3
genre,minutes,should/aspectual,H2,cfnai,9,0.837,43,-0.1092,0.4857,-0.1144,0.4651,0.7752,False,U3
genre,minutes,should/aspectual,H2,vix,9,0.837,43,-0.3349,0.0281,-0.3556,0.0193,0.3692,False,U3
genre,minutes,should/communication,T1,cfnai,49,0.626,99,0.0042,0.9672,-0.1105,0.2762,0.8219,False,U3
genre,minutes,should/communication,T1,vix,49,0.626,99,-0.0703,0.4896,0.0509,0.617,0.787,False,U3
genre,minutes,should/communication,T2,cfnai,47,0.615,91,-0.078,0.4622,-0.137,0.1954,0.8043,False,U3
genre,minutes,should/communication,T2,vix,47,0.615,91,-0.0055,0.9584,0.0989,0.351,0.593,False,U3
genre,minutes,should/communication,T3,cfnai,59,0.672,131,0.0092,0.9171,-0.0465,0.598,0.9693,False,U3
genre,minutes,should/communication,T3,vix,59,0.672,131,-0.0735,0.4041,0.0099,0.9106,0.9897,False,U3
genre,minutes,should/communication,H1,cfnai,20,0.729,48,0.0182,0.9024,-0.004,0.9787,0.9922,False,U3
genre,minutes,should/communication,H1,vix,20,0.729,48,0.0628,0.6714,0.1387,0.3471,0.8062,False,U3
genre,minutes,should/communication,H2,cfnai,27,0.488,43,-0.159,0.3086,-0.1861,0.2321,0.6746,False,U3
genre,minutes,should/communication,H2,vix,27,0.488,43,-0.2699,0.0801,-0.2606,0.0915,0.6002,False,U3
genre,minutes,should/other,T1,cfnai,73,0.505,99,0.0692,0.4963,0.1579,0.1186,0.6001,True,U3
genre,minutes,should/other,T1,vix,73,0.505,99,-0.079,0.437,-0.1266,0.2118,0.427,True,U3
genre,minutes,should/other,T2,cfnai,64,0.505,91,0.1647,0.1188,0.1964,0.0621,0.5542,True,U3
genre,minutes,should/other,T2,vix,64,0.505,91,-0.1194,0.2596,-0.1123,0.2893,0.5447,True,U3
genre,minutes,should/other,T3,cfnai,85,0.557,131,0.0613,0.4869,0.1467,0.0945,0.5838,True,U3
genre,minutes,should/other,T3,vix,85,0.557,131,-0.0498,0.572,-0.1369,0.1188,0.297,True,U3
genre,minutes,should/other,H1,cfnai,41,0.396,48,0.2654,0.0683,0.2565,0.0785,0.7062,True,U3
genre,minutes,should/other,H1,vix,41,0.396,48,-0.0918,0.5348,-0.0579,0.6957,0.9107,True,U3
genre,minutes,should/other,H2,cfnai,23,0.628,43,0.1225,0.4337,0.1571,0.3144,0.6776,False,U3
genre,minutes,should/other,H2,vix,23,0.628,43,-0.029,0.8534,0.0279,0.8593,0.9854,False,U3
genre,minutes,would/activity,T1,cfnai,360,0.02,99,-0.2104,0.0366,-0.0549,0.5896,0.9626,True,U3
genre,minutes,would/activity,T1,vix,360,0.02,99,0.4513,0.0,0.4204,0.0,0.001,True,U3
genre,minutes,would/activity,T2,cfnai,308,0.022,91,0.1069,0.3134,0.0335,0.7523,0.9606,True,U3
genre,minutes,would/activity,T2,vix,308,0.022,91,0.4963,0.0,0.4147,0.0,0.0009,True,U3
genre,minutes,would/activity,T3,cfnai,420,0.061,131,-0.1847,0.0347,-0.0036,0.9676,0.9754,True,U3
genre,minutes,would/activity,T3,vix,420,0.061,131,0.2725,0.0016,0.2291,0.0085,0.0708,True,U3
genre,minutes,would/activity,H1,cfnai,133,0.042,48,-0.0314,0.8321,-0.0782,0.5972,0.9568,True,U3
genre,minutes,would/activity,H1,vix,133,0.042,48,0.3108,0.0316,0.2215,0.1303,0.6113,True,U3
genre,minutes,would/activity,H2,cfnai,175,0.0,43,0.1546,0.3221,0.1522,0.33,0.6992,True,U3
genre,minutes,would/activity,H2,vix,175,0.0,43,0.4034,0.0073,0.3519,0.0207,0.3692,True,U3
genre,minutes,would/aspectual,T1,cfnai,306,0.061,99,0.0503,0.621,-0.0081,0.9365,0.9626,True,U3
genre,minutes,would/aspectual,T1,vix,306,0.061,99,0.2179,0.0302,0.182,0.0713,0.2073,True,U3
genre,minutes,would/aspectual,T2,cfnai,263,0.066,91,0.0651,0.54,-0.0538,0.6126,0.9606,True,U3
genre,minutes,would/aspectual,T2,vix,263,0.066,91,0.0695,0.5124,0.082,0.4396,0.6955,True,U3
genre,minutes,would/aspectual,T3,cfnai,361,0.107,131,0.0434,0.6222,0.0185,0.834,0.9693,True,U3
genre,minutes,would/aspectual,T3,vix,361,0.107,131,0.149,0.0893,0.0972,0.2696,0.4968,True,U3
genre,minutes,would/aspectual,H1,cfnai,115,0.125,48,-0.2051,0.162,-0.1926,0.1896,0.943,True,U3
genre,minutes,would/aspectual,H1,vix,115,0.125,48,-0.0797,0.5902,-0.2168,0.1389,0.6113,True,U3
genre,minutes,would/aspectual,H2,cfnai,148,0.0,43,0.2348,0.1297,0.2029,0.1919,0.6386,True,U3
genre,minutes,would/aspectual,H2,vix,148,0.0,43,-0.1762,0.2583,-0.1066,0.4962,0.8804,True,U3
genre,minutes,would/causative,T1,cfnai,263,0.141,99,-0.124,0.2213,0.0575,0.5716,0.9626,True,U3
genre,minutes,would/causative,T1,vix,263,0.141,99,-0.0264,0.7952,0.0028,0.9781,0.9981,True,U3
genre,minutes,would/causative,T2,cfnai,239,0.143,91,0.0875,0.4098,0.1559,0.14,0.7374,True,U3
genre,minutes,would/causative,T2,vix,239,0.143,91,-0.0984,0.3537,-0.0213,0.8411,0.8876,True,U3
genre,minutes,would/causative,T3,cfnai,341,0.122,131,-0.1077,0.221,0.0741,0.4003,0.8936,True,U3
genre,minutes,would/causative,T3,vix,341,0.122,131,-0.0909,0.3018,-0.0488,0.5803,0.8238,True,U3
genre,minutes,would/causative,H1,cfnai,137,0.104,48,0.1071,0.4688,0.1581,0.2831,0.9568,True,U3
genre,minutes,would/causative,H1,vix,137,0.104,48,-0.2424,0.097,-0.1953,0.1835,0.6113,True,U3
genre,minutes,would/causative,H2,cfnai,102,0.186,43,0.0854,0.5859,0.1274,0.4157,0.7752,True,U3
genre,minutes,would/causative,H2,vix,102,0.186,43,0.0693,0.659,0.1833,0.2394,0.7297,True,U3
genre,minutes,would/communication,T1,cfnai,76,0.545,99,-0.0728,0.474,0.0403,0.6922,0.9626,True,U3
genre,minutes,would/communication,T1,vix,76,0.545,99,-0.1297,0.2009,-0.192,0.0569,0.1871,True,U3
genre,minutes,would/communication,T2,cfnai,66,0.582,91,0.0302,0.7764,0.0733,0.4897,0.9606,True,U3
genre,minutes,would/communication,T2,vix,66,0.582,91,-0.2301,0.0282,-0.2899,0.0053,0.0391,True,U3
genre,minutes,would/communication,T3,cfnai,91,0.573,131,-0.0693,0.4316,0.0074,0.9334,0.9693,True,U3
genre,minutes,would/communication,T3,vix,91,0.573,131,-0.128,0.1451,-0.1999,0.0221,0.1316,True,U3
genre,minutes,would/communication,H1,cfnai,53,0.417,48,0.065,0.6606,0.1052,0.4768,0.9568,True,U3
genre,minutes,would/communication,H1,vix,53,0.417,48,-0.1391,0.3458,-0.1791,0.2231,0.6113,True,U3
genre,minutes,would/communication,H2,cfnai,13,0.767,43,0.043,0.7842,0.0167,0.9152,0.9607,False,U3
genre,minutes,would/communication,H2,vix,13,0.767,43,0.0027,0.9861,0.0047,0.9762,0.9919,False,U3
genre,minutes,would/copular_adj,T1,cfnai,617,0.0,99,-0.0005,0.9961,0.1753,0.0827,0.6001,True,U3
genre,minutes,would/copular_adj,T1,vix,617,0.0,99,0.3635,0.0002,0.3659,0.0002,0.0035,True,U3
genre,minutes,would/copular_adj,T2,cfnai,540,0.0,91,0.1763,0.0947,0.1989,0.0587,0.5542,True,U3
genre,minutes,would/copular_adj,T2,vix,540,0.0,91,0.3419,0.0009,0.3055,0.0032,0.0311,True,U3
genre,minutes,would/copular_adj,T3,cfnai,762,0.0,131,-0.0033,0.9704,0.1488,0.0899,0.5838,True,U3
genre,minutes,would/copular_adj,T3,vix,762,0.0,131,0.2643,0.0023,0.2663,0.0021,0.0263,True,U3
genre,minutes,would/copular_adj,H1,cfnai,273,0.0,48,0.2923,0.0438,0.306,0.0344,0.6197,True,U3
genre,minutes,would/copular_adj,H1,vix,273,0.0,48,0.2659,0.0677,0.2889,0.0465,0.4181,True,U3
genre,minutes,would/copular_adj,H2,cfnai,267,0.0,43,0.1084,0.4889,0.0723,0.645,0.9059,True,U3
genre,minutes,would/copular_adj,H2,vix,267,0.0,43,0.2795,0.0695,0.2167,0.1628,0.635,True,U3
genre,minutes,would/copular_nom,T1,cfnai,62,0.535,99,-0.0489,0.631,-0.0139,0.8917,0.9626,True,U3
genre,minutes,would/copular_nom,T1,vix,62,0.535,99,-0.0351,0.7299,-0.0359,0.7243,0.8964,True,U3
genre,minutes,would/copular_nom,T2,cfnai,55,0.56,91,-0.0122,0.9089,-0.0283,0.7902,0.9606,True,U3
genre,minutes,would/copular_nom,T2,vix,55,0.56,91,-0.1137,0.2832,-0.0903,0.3944,0.6488,True,U3
genre,minutes,would/copular_nom,T3,cfnai,83,0.534,131,-0.0368,0.6765,-0.0224,0.7998,0.9693,True,U3
genre,minutes,would/copular_nom,T3,vix,83,0.534,131,-0.08,0.3637,-0.0465,0.598,0.8238,True,U3
genre,minutes,would/copular_nom,H1,cfnai,31,0.562,48,0.0253,0.8646,0.0101,0.9456,0.9922,False,U3
genre,minutes,would/copular_nom,H1,vix,31,0.562,48,-0.0255,0.8637,-0.0286,0.8469,0.9745,False,U3
genre,minutes,would/copular_nom,H2,cfnai,24,0.558,43,-0.0358,0.8199,-0.0297,0.85,0.9354,False,U3
genre,minutes,would/copular_nom,H2,vix,24,0.558,43,-0.2071,0.1826,-0.2018,0.1943,0.6693,False,U3
genre,minutes,would/existence,T1,cfnai,188,0.222,99,0.1274,0.2087,0.4201,0.0,0.0019,True,U3
genre,minutes,would/existence,T1,vix,188,0.222,99,0.0927,0.3614,0.0372,0.7148,0.8935,True,U3
genre,minutes,would/existence,T2,cfnai,161,0.231,91,0.4174,0.0,0.4238,0.0,0.0036,True,U3
genre,minutes,would/existence,T2,vix,161,0.231,91,-0.0426,0.6886,-0.0725,0.4946,0.7,True,U3
genre,minutes,would/existence,T3,cfnai,227,0.26,131,0.1053,0.2315,0.3286,0.0001,0.008,True,U3
genre,minutes,would/existence,T3,vix,227,0.26,131,0.0385,0.6625,0.0187,0.8324,0.9725,True,U3
genre,minutes,would/existence,H1,cfnai,98,0.104,48,0.4515,0.0013,0.4537,0.0012,0.0865,True,U3
genre,minutes,would/existence,H1,vix,98,0.104,48,-0.1049,0.4781,-0.0999,0.4992,0.8902,True,U3
genre,minutes,would/existence,H2,cfnai,63,0.372,43,0.4295,0.004,0.4062,0.0069,0.0955,True,U3
genre,minutes,would/existence,H2,vix,63,0.372,43,0.1604,0.3043,0.1416,0.365,0.7797,True,U3
genre,minutes,would/mental,T1,cfnai,164,0.131,99,-0.1388,0.1707,-0.2504,0.0124,0.3104,True,U3
genre,minutes,would/mental,T1,vix,164,0.131,99,-0.1113,0.2729,-0.2252,0.025,0.1117,True,U3
genre,minutes,would/mental,T2,cfnai,149,0.132,91,-0.1149,0.2781,-0.1801,0.0876,0.6317,True,U3
genre,minutes,would/mental,T2,vix,149,0.132,91,-0.2124,0.0433,-0.2563,0.0142,0.0887,True,U3
genre,minutes,would/mental,T3,cfnai,209,0.145,131,-0.1326,0.1311,-0.2844,0.001,0.0413,True,U3
genre,minutes,would/mental,T3,vix,209,0.145,131,-0.0787,0.3719,-0.1676,0.0557,0.2048,True,U3
genre,minutes,would/mental,H1,cfnai,90,0.104,48,-0.1902,0.1955,-0.2256,0.1232,0.7885,True,U3
genre,minutes,would/mental,H1,vix,90,0.104,48,-0.2234,0.127,-0.1877,0.2015,0.6113,True,U3
genre,minutes,would/mental,H2,cfnai,59,0.163,43,-0.0647,0.6804,-0.1326,0.3965,0.7752,True,U3
genre,minutes,would/mental,H2,vix,59,0.163,43,-0.1307,0.4035,-0.2427,0.1168,0.6024,True,U3
genre,minutes,would/occurrence,T1,cfnai,426,0.01,99,0.1292,0.2025,0.0352,0.7294,0.9626,True,U3
genre,minutes,would/occurrence,T1,vix,426,0.01,99,-0.1885,0.0617,-0.2204,0.0283,0.1181,True,U3
genre,minutes,would/occurrence,T2,cfnai,404,0.011,91,-0.0086,0.9352,0.0377,0.7226,0.9606,True,U3
genre,minutes,would/occurrence,T2,vix,404,0.011,91,-0.079,0.4565,-0.1168,0.2704,0.5447,True,U3
genre,minutes,would/occurrence,T3,cfnai,546,0.023,131,0.1247,0.1559,0.0784,0.3732,0.8853,True,U3
genre,minutes,would/occurrence,T3,vix,546,0.023,131,-0.1446,0.0993,-0.1719,0.0496,0.1954,True,U3
genre,minutes,would/occurrence,H1,cfnai,275,0.0,48,0.0488,0.742,0.0632,0.6695,0.9568,True,U3
genre,minutes,would/occurrence,H1,vix,275,0.0,48,0.2079,0.1563,0.1768,0.2292,0.6113,True,U3
genre,minutes,would/occurrence,H2,cfnai,129,0.023,43,-0.0129,0.9344,-0.0339,0.829,0.9354,True,U3
genre,minutes,would/occurrence,H2,vix,129,0.023,43,0.1976,0.2039,0.124,0.4283,0.8292,True,U3
genre,minutes,would/other,T1,cfnai,405,0.061,99,-0.0539,0.5963,0.0624,0.5395,0.9626,True,U3
genre,minutes,would/other,T1,vix,405,0.061,99,0.1117,0.2709,0.1332,0.1886,0.3966,True,U3
genre,minutes,would/other,T2,cfnai,361,0.066,91,0.0323,0.7609,0.066,0.5342,0.9606,True,U3
genre,minutes,would/other,T2,vix,361,0.066,91,0.053,0.6181,0.0679,0.5225,0.7,True,U3
genre,minutes,would/other,T3,cfnai,574,0.053,131,-0.0454,0.6062,-0.0046,0.9582,0.9754,True,U3
genre,minutes,would/other,T3,vix,574,0.053,131,0.1482,0.0912,0.1634,0.0621,0.21,True,U3
genre,minutes,would/other,H1,cfnai,198,0.083,48,-0.0265,0.8579,-0.0152,0.9181,0.9922,True,U3
genre,minutes,would/other,H1,vix,198,0.083,48,-0.0466,0.753,-0.0112,0.9396,0.9745,True,U3
genre,minutes,would/other,H2,cfnai,163,0.047,43,0.0722,0.6453,0.1293,0.4084,0.7752,True,U3
genre,minutes,would/other,H2,vix,163,0.047,43,0.1322,0.398,0.1949,0.2104,0.6863,True,U3
genre,minutes,would/policy_action,T1,cfnai,345,0.101,99,0.0364,0.7205,-0.0453,0.6559,0.9626,True,U3
genre,minutes,would/policy_action,T1,vix,345,0.101,99,-0.2705,0.0068,-0.3789,0.0001,0.0028,True,U3
genre,minutes,would/policy_action,T2,cfnai,314,0.11,91,0.0293,0.7826,-0.0226,0.8314,0.9606,True,U3
genre,minutes,would/policy_action,T2,vix,314,0.11,91,-0.419,0.0,-0.4372,0.0,0.0006,True,U3
genre,minutes,would/policy_action,T3,cfnai,430,0.13,131,0.0272,0.7574,-0.0611,0.4885,0.9455,True,U3
genre,minutes,would/policy_action,T3,vix,430,0.13,131,-0.2528,0.0036,-0.3894,0.0,0.0003,True,U3
genre,minutes,would/policy_action,H1,cfnai,230,0.0,48,0.1782,0.2255,0.1351,0.36,0.9568,True,U3
genre,minutes,would/policy_action,H1,vix,230,0.0,48,-0.2476,0.0898,-0.2674,0.0662,0.4661,True,U3
genre,minutes,would/policy_action,H2,cfnai,84,0.233,43,-0.0496,0.7521,-0.1976,0.204,0.6538,True,U3
genre,minutes,would/policy_action,H2,vix,84,0.233,43,-0.2106,0.1752,-0.1555,0.3193,0.7797,True,U3
genre,press_conf,can/activity,T1,cfnai,428,0.062,80,-0.1925,0.0872,0.2461,0.0278,0.4343,True,U3
genre,press_conf,can/activity,T1,vix,428,0.062,80,0.4702,0.0,0.4366,0.0001,0.0016,True,U3
genre,press_conf,can/activity,T2,cfnai,348,0.07,71,0.3449,0.0032,0.3371,0.004,0.1686,True,U3
genre,press_conf,can/activity,T2,vix,348,0.07,71,0.316,0.0073,0.3327,0.0046,0.0382,True,U3
genre,press_conf,can/activity,T3,cfnai,512,0.054,92,-0.1743,0.0965,0.2218,0.0336,0.5381,True,U3
genre,press_conf,can/activity,T3,vix,512,0.054,92,0.4201,0.0,0.3888,0.0001,0.0035,True,U3
genre,press_conf,can/activity,H2,cfnai,259,0.047,43,0.3904,0.0097,0.4295,0.0041,0.0844,True,U3
genre,press_conf,can/activity,H2,vix,259,0.047,43,0.193,0.215,0.2381,0.1242,0.6024,True,U3
genre,press_conf,can/causative,T1,cfnai,61,0.588,80,-0.0889,0.4331,-0.0392,0.7301,0.9626,True,U3
genre,press_conf,can/causative,T1,vix,61,0.588,80,0.0801,0.4798,-0.0046,0.9679,0.9981,True,U3
genre,press_conf,can/causative,T2,cfnai,52,0.606,71,0.0669,0.5796,0.1098,0.3619,0.9526,False,U3
genre,press_conf,can/causative,T2,vix,52,0.606,71,0.0321,0.7904,-0.0282,0.8153,0.8876,False,U3
genre,press_conf,can/causative,T3,cfnai,74,0.543,92,-0.0886,0.401,-0.0705,0.5041,0.9455,True,U3
genre,press_conf,can/causative,T3,vix,74,0.543,92,0.076,0.4715,-0.0022,0.9831,0.9991,True,U3
genre,press_conf,can/causative,H2,cfnai,34,0.674,43,0.0633,0.6868,0.1154,0.4612,0.7752,False,U3
genre,press_conf,can/causative,H2,vix,34,0.674,43,0.0576,0.7135,0.1534,0.326,0.7797,False,U3
genre,press_conf,can/communication,T1,cfnai,155,0.25,80,-0.0701,0.5366,-0.0723,0.5238,0.9626,True,U3
genre,press_conf,can/communication,T1,vix,155,0.25,80,0.1002,0.3767,-0.0129,0.9098,0.9981,True,U3
genre,press_conf,can/communication,T2,cfnai,128,0.268,71,-0.0574,0.6345,-0.0131,0.9135,0.9606,True,U3
genre,press_conf,can/communication,T2,vix,128,0.268,71,-0.0082,0.9459,-0.0608,0.6142,0.7711,True,U3
genre,press_conf,can/communication,T3,cfnai,171,0.261,92,-0.0664,0.5296,-0.0349,0.7415,0.9693,True,U3
genre,press_conf,can/communication,T3,vix,171,0.261,92,0.1508,0.1513,0.0459,0.6641,0.8647,True,U3
genre,press_conf,can/communication,H2,cfnai,92,0.279,43,-0.1268,0.4177,-0.1282,0.4128,0.7752,True,U3
genre,press_conf,can/communication,H2,vix,92,0.279,43,-0.0811,0.6054,-0.0989,0.5283,0.8804,True,U3
genre,press_conf,can/copular_adj,T1,cfnai,50,0.575,80,0.1776,0.115,0.0616,0.5875,0.9626,True,U3
genre,press_conf,can/copular_adj,T1,vix,50,0.575,80,-0.0788,0.487,-0.0899,0.4277,0.652,True,U3
genre,press_conf,can/copular_adj,T2,cfnai,45,0.563,71,-0.0655,0.5874,-0.0215,0.8589,0.9606,True,U3
genre,press_conf,can/copular_adj,T2,vix,45,0.563,71,-0.0242,0.8412,-0.0604,0.6169,0.7711,True,U3
genre,press_conf,can/copular_adj,T3,cfnai,60,0.554,92,0.169,0.1072,0.0807,0.4444,0.9455,True,U3
genre,press_conf,can/copular_adj,T3,vix,60,0.554,92,-0.0394,0.709,-0.0393,0.7099,0.8874,True,U3
genre,press_conf,can/copular_adj,H2,cfnai,27,0.581,43,-0.0602,0.7014,-0.0299,0.849,0.9354,False,U3
genre,press_conf,can/copular_adj,H2,vix,27,0.581,43,0.0689,0.6607,0.0165,0.9163,0.9872,False,U3
genre,press_conf,can/copular_nom,T1,cfnai,46,0.588,80,-0.2012,0.0736,-0.1537,0.1735,0.7227,True,U3
genre,press_conf,can/copular_nom,T1,vix,46,0.588,80,-0.0683,0.5473,-0.1292,0.2532,0.4764,True,U3
genre,press_conf,can/copular_nom,T2,cfnai,39,0.606,71,-0.0153,0.8993,-0.0986,0.4131,0.9526,False,U3
genre,press_conf,can/copular_nom,T2,vix,39,0.606,71,-0.1076,0.3718,-0.1766,0.1408,0.3591,False,U3
genre,press_conf,can/copular_nom,T3,cfnai,49,0.62,92,-0.1941,0.0638,-0.1391,0.1861,0.7705,False,U3
genre,press_conf,can/copular_nom,T3,vix,49,0.62,92,-0.0259,0.8064,-0.0719,0.4959,0.7821,False,U3
genre,press_conf,can/copular_nom,H2,cfnai,23,0.628,43,0.0324,0.8367,-0.0492,0.754,0.9339,False,U3
genre,press_conf,can/copular_nom,H2,vix,23,0.628,43,-0.0678,0.6658,-0.048,0.7597,0.9618,False,U3
genre,press_conf,can/existence,T1,cfnai,75,0.438,80,-0.0668,0.556,0.1274,0.2599,0.8122,True,U3
genre,press_conf,can/existence,T1,vix,75,0.438,80,0.255,0.0224,0.2056,0.0673,0.2003,True,U3
genre,press_conf,can/existence,T2,cfnai,64,0.465,71,0.1527,0.2036,0.1422,0.2369,0.8243,True,U3
genre,press_conf,can/existence,T2,vix,64,0.465,71,0.307,0.0092,0.1819,0.1291,0.3517,True,U3
genre,press_conf,can/existence,T3,cfnai,78,0.478,92,-0.0649,0.5388,0.1326,0.2078,0.8116,True,U3
genre,press_conf,can/existence,T3,vix,78,0.478,92,0.2361,0.0235,0.1745,0.0962,0.2672,True,U3
genre,press_conf,can/existence,H2,cfnai,50,0.395,43,0.1472,0.3463,0.1616,0.3006,0.6776,True,U3
genre,press_conf,can/existence,H2,vix,50,0.395,43,0.3428,0.0244,0.3179,0.0378,0.4294,True,U3
genre,press_conf,can/mental,T1,cfnai,237,0.138,80,-0.1196,0.2907,-0.1114,0.3253,0.9153,True,U3
genre,press_conf,can/mental,T1,vix,237,0.138,80,0.1068,0.3455,0.1217,0.2821,0.5038,True,U3
genre,press_conf,can/mental,T2,cfnai,211,0.127,71,-0.1441,0.2306,-0.0968,0.4217,0.9526,True,U3
genre,press_conf,can/mental,T2,vix,211,0.127,71,0.1225,0.309,0.0846,0.4831,0.7,True,U3
genre,press_conf,can/mental,T3,cfnai,267,0.13,92,-0.1167,0.268,-0.0947,0.3691,0.8853,True,U3
genre,press_conf,can/mental,T3,vix,267,0.13,92,0.1268,0.2284,0.142,0.177,0.3779,True,U3
genre,press_conf,can/mental,H2,cfnai,154,0.093,43,-0.1771,0.2559,-0.1392,0.3734,0.7529,True,U3
genre,press_conf,can/mental,H2,vix,154,0.093,43,0.0114,0.9422,-0.1197,0.4445,0.8292,True,U3
genre,press_conf,can/occurrence,T1,cfnai,63,0.512,80,-0.087,0.443,-0.0124,0.9128,0.9626,True,U3
genre,press_conf,can/occurrence,T1,vix,63,0.512,80,0.0853,0.4519,0.1177,0.2983,0.5251,True,U3
genre,press_conf,can/occurrence,T2,cfnai,58,0.493,71,0.0574,0.6347,0.0254,0.8335,0.9606,True,U3
genre,press_conf,can/occurrence,T2,vix,58,0.493,71,0.1515,0.2072,0.1624,0.1761,0.4192,True,U3
genre,press_conf,can/occurrence,T3,cfnai,68,0.533,92,-0.0819,0.4379,0.0231,0.8267,0.9693,True,U3
genre,press_conf,can/occurrence,T3,vix,68,0.533,92,0.1105,0.2945,0.1379,0.1899,0.3879,True,U3
genre,press_conf,can/occurrence,H2,cfnai,43,0.419,43,0.1397,0.3717,0.1213,0.4385,0.7752,True,U3
genre,press_conf,can/occurrence,H2,vix,43,0.419,43,0.1798,0.2485,0.2342,0.1306,0.6024,True,U3
genre,press_conf,can/other,T1,cfnai,351,0.062,80,-0.1707,0.13,0.0143,0.8997,0.9626,True,U3
genre,press_conf,can/other,T1,vix,351,0.062,80,0.3599,0.001,0.3126,0.0047,0.0396,True,U3
genre,press_conf,can/other,T2,cfnai,298,0.056,71,0.0458,0.7043,0.0972,0.42,0.9526,True,U3
genre,press_conf,can/other,T2,vix,298,0.056,71,0.1881,0.1161,0.2827,0.0169,0.0907,True,U3
genre,press_conf,can/other,T3,cfnai,411,0.054,92,-0.1663,0.1131,-0.0282,0.7895,0.9693,True,U3
genre,press_conf,can/other,T3,vix,411,0.054,92,0.305,0.0031,0.2819,0.0065,0.0578,True,U3
genre,press_conf,can/other,H2,cfnai,215,0.0,43,0.0491,0.7546,0.1664,0.2861,0.6776,True,U3
genre,press_conf,can/other,H2,vix,215,0.0,43,-0.1049,0.5033,0.0021,0.9893,0.9919,True,U3
genre,press_conf,can/policy_action,T1,cfnai,104,0.388,80,0.0383,0.7361,0.0294,0.7957,0.9626,True,U3
genre,press_conf,can/policy_action,T1,vix,104,0.388,80,0.2361,0.035,0.195,0.083,0.2307,True,U3
genre,press_conf,can/policy_action,T2,cfnai,78,0.423,71,0.0486,0.6875,0.0239,0.8431,0.9606,True,U3
genre,press_conf,can/policy_action,T2,vix,78,0.423,71,0.0181,0.8812,0.0759,0.5295,0.7,True,U3
genre,press_conf,can/policy_action,T3,cfnai,130,0.359,92,0.0295,0.78,-0.0303,0.7743,0.9693,True,U3
genre,press_conf,can/policy_action,T3,vix,130,0.359,92,0.263,0.0113,0.2309,0.0268,0.1316,True,U3
genre,press_conf,can/policy_action,H2,cfnai,53,0.395,43,0.1289,0.4101,0.0996,0.5252,0.8525,True,U3
genre,press_conf,can/policy_action,H2,vix,53,0.395,43,0.0159,0.9196,0.0022,0.9889,0.9919,True,U3
genre,press_conf,could/activity,T1,cfnai,110,0.287,80,0.086,0.4483,0.2319,0.0385,0.4812,True,U3
genre,press_conf,could/activity,T1,vix,110,0.287,80,-0.1215,0.283,-0.1672,0.1383,0.3256,True,U3
genre,press_conf,could/activity,T2,cfnai,101,0.282,71,0.163,0.1744,0.2328,0.0507,0.5542,True,U3
genre,press_conf,could/activity,T2,vix,101,0.282,71,-0.0475,0.6938,-0.1329,0.2692,0.5447,True,U3
genre,press_conf,could/activity,T3,cfnai,133,0.272,92,0.0844,0.4238,0.2114,0.043,0.5381,True,U3
genre,press_conf,could/activity,T3,vix,133,0.272,92,-0.1598,0.1281,-0.2044,0.0507,0.1954,True,U3
genre,press_conf,could/activity,H2,cfnai,61,0.326,43,0.1906,0.2208,0.2551,0.0988,0.5367,True,U3
genre,press_conf,could/activity,H2,vix,61,0.326,43,0.0963,0.5392,0.0735,0.6397,0.958,True,U3
genre,press_conf,could/causative,T1,cfnai,88,0.4,80,0.1153,0.3084,0.0199,0.861,0.9626,True,U3
genre,press_conf,could/causative,T1,vix,88,0.4,80,-0.301,0.0067,-0.3878,0.0004,0.0053,True,U3
genre,press_conf,could/causative,T2,cfnai,74,0.394,71,0.0192,0.8739,-0.0156,0.8969,0.9606,True,U3
genre,press_conf,could/causative,T2,vix,74,0.394,71,-0.4624,0.0,-0.485,0.0,0.0006,True,U3
genre,press_conf,could/causative,T3,cfnai,96,0.424,92,0.1078,0.3062,0.0132,0.9005,0.9693,True,U3
genre,press_conf,could/causative,T3,vix,96,0.424,92,-0.2944,0.0044,-0.3828,0.0002,0.0035,True,U3
genre,press_conf,could/causative,H2,cfnai,35,0.488,43,0.0549,0.7268,-0.022,0.8885,0.9555,False,U3
genre,press_conf,could/causative,H2,vix,35,0.488,43,-0.3866,0.0105,-0.3942,0.0089,0.2719,False,U3
genre,press_conf,could/copular_adj,T1,cfnai,51,0.575,80,-0.1612,0.153,-0.0737,0.5161,0.9626,True,U3
genre,press_conf,could/copular_adj,T1,vix,51,0.575,80,0.1529,0.1758,0.0818,0.4706,0.6762,True,U3
genre,press_conf,could/copular_adj,T2,cfnai,45,0.563,71,-0.1174,0.3295,-0.0548,0.6501,0.9606,True,U3
genre,press_conf,could/copular_adj,T2,vix,45,0.563,71,0.1108,0.3575,0.0615,0.6104,0.7711,True,U3
genre,press_conf,could/copular_adj,T3,cfnai,56,0.587,92,-0.1627,0.1212,-0.1143,0.278,0.8207,True,U3
genre,press_conf,could/copular_adj,T3,vix,56,0.587,92,0.1378,0.1902,0.0705,0.5042,0.7821,True,U3
genre,press_conf,could/copular_adj,H2,cfnai,28,0.581,43,-0.1944,0.2116,-0.2125,0.1714,0.616,False,U3
genre,press_conf,could/copular_adj,H2,vix,28,0.581,43,0.1274,0.4155,0.0492,0.7541,0.9618,False,U3
genre,press_conf,could/copular_nom,T1,cfnai,54,0.55,80,-0.2229,0.0469,-0.1752,0.12,0.6001,True,U3
genre,press_conf,could/copular_nom,T1,vix,54,0.55,80,0.0246,0.8285,0.0172,0.8799,0.9981,True,U3
genre,press_conf,could/copular_nom,T2,cfnai,45,0.577,71,-0.0974,0.4189,-0.1002,0.4056,0.9526,True,U3
genre,press_conf,could/copular_nom,T2,vix,45,0.577,71,-0.1097,0.3624,-0.0335,0.7812,0.8876,True,U3
genre,press_conf,could/copular_nom,T3,cfnai,57,0.576,92,-0.2174,0.0374,-0.153,0.1455,0.7326,True,U3
genre,press_conf,could/copular_nom,T3,vix,57,0.576,92,0.0653,0.5361,0.0692,0.5124,0.7821,True,U3
genre,press_conf,could/copular_nom,H2,cfnai,31,0.535,43,-0.1808,0.2461,-0.2019,0.1941,0.6386,False,U3
genre,press_conf,could/copular_nom,H2,vix,31,0.535,43,-0.3001,0.0505,-0.2935,0.0561,0.4674,False,U3
genre,press_conf,could/existence,T1,cfnai,71,0.575,80,-0.1741,0.1225,-0.1329,0.2398,0.7924,True,U3
genre,press_conf,could/existence,T1,vix,71,0.575,80,-0.1397,0.2166,-0.161,0.1536,0.3367,True,U3
genre,press_conf,could/existence,T2,cfnai,65,0.563,71,-0.2076,0.0823,-0.1372,0.2538,0.8573,True,U3
genre,press_conf,could/existence,T2,vix,65,0.563,71,-0.1556,0.195,-0.1804,0.1323,0.3517,True,U3
genre,press_conf,could/existence,T3,cfnai,79,0.576,92,-0.1673,0.1109,-0.1118,0.2889,0.8207,True,U3
genre,press_conf,could/existence,T3,vix,79,0.576,92,-0.1475,0.1606,-0.1695,0.1063,0.2779,True,U3
genre,press_conf,could/existence,H2,cfnai,41,0.605,43,-0.2693,0.0808,-0.2822,0.0667,0.468,False,U3
genre,press_conf,could/existence,H2,vix,41,0.605,43,-0.2366,0.1265,-0.2328,0.1329,0.6024,False,U3
genre,press_conf,could/mental,T1,cfnai,43,0.662,80,-0.054,0.6341,0.1166,0.3031,0.881,False,U3
genre,press_conf,could/mental,T1,vix,43,0.662,80,-0.0465,0.6823,-0.0605,0.5941,0.7844,False,U3
genre,press_conf,could/mental,T2,cfnai,38,0.662,71,0.157,0.191,0.1949,0.1033,0.6455,False,U3
genre,press_conf,could/mental,T2,vix,38,0.662,71,0.0134,0.912,-0.0248,0.8376,0.8876,False,U3
genre,press_conf,could/mental,T3,cfnai,43,0.707,92,-0.0548,0.6039,0.1201,0.2542,0.8207,False,U3
genre,press_conf,could/mental,T3,vix,43,0.707,92,-0.0373,0.7239,-0.0524,0.6195,0.8238,False,U3
genre,press_conf,could/mental,H2,cfnai,23,0.674,43,0.1079,0.4912,0.0494,0.7529,0.9339,False,U3
genre,press_conf,could/mental,H2,vix,23,0.674,43,0.1518,0.331,0.0584,0.7099,0.9618,False,U3
genre,press_conf,could/occurrence,T1,cfnai,51,0.588,80,-0.0209,0.8537,0.1399,0.2158,0.7708,True,U3
genre,press_conf,could/occurrence,T1,vix,51,0.588,80,-0.2051,0.0681,-0.1644,0.1451,0.3256,True,U3
genre,press_conf,could/occurrence,T2,cfnai,47,0.577,71,0.0379,0.7536,0.1304,0.2782,0.8827,True,U3
genre,press_conf,could/occurrence,T2,vix,47,0.577,71,-0.2153,0.0714,-0.1833,0.1261,0.3517,True,U3
genre,press_conf,could/occurrence,T3,cfnai,56,0.598,92,-0.0207,0.8447,0.1431,0.1734,0.7476,True,U3
genre,press_conf,could/occurrence,T3,vix,56,0.598,92,-0.2075,0.0471,-0.1788,0.0882,0.2505,True,U3
genre,press_conf,could/occurrence,H2,cfnai,21,0.605,43,0.0965,0.5384,0.1674,0.2834,0.6776,False,U3
genre,press_conf,could/occurrence,H2,vix,21,0.605,43,-0.1043,0.5057,-0.0458,0.7707,0.9618,False,U3
genre,press_conf,could/other,T1,cfnai,81,0.45,80,-0.1099,0.3319,-0.038,0.7376,0.9626,True,U3
genre,press_conf,could/other,T1,vix,81,0.45,80,-0.2283,0.0417,-0.2825,0.0111,0.0635,True,U3
genre,press_conf,could/other,T2,cfnai,70,0.465,71,-0.043,0.7221,-0.0083,0.9455,0.9684,True,U3
genre,press_conf,could/other,T2,vix,70,0.465,71,-0.2809,0.0176,-0.3304,0.0049,0.0383,True,U3
genre,press_conf,could/other,T3,cfnai,95,0.446,92,-0.1055,0.317,-0.047,0.6562,0.9693,True,U3
genre,press_conf,could/other,T3,vix,95,0.446,92,-0.2441,0.019,-0.2962,0.0042,0.0438,True,U3
genre,press_conf,could/other,H2,cfnai,31,0.605,43,-0.157,0.3146,-0.1653,0.2894,0.6776,False,U3
genre,press_conf,could/other,H2,vix,31,0.605,43,-0.0649,0.6791,-0.1234,0.4304,0.8292,False,U3
genre,press_conf,may/activity,T1,cfnai,65,0.537,80,0.1913,0.0892,0.2105,0.061,0.508,True,U3
genre,press_conf,may/activity,T1,vix,65,0.537,80,0.1969,0.0799,0.212,0.0591,0.1894,True,U3
genre,press_conf,may/activity,T2,cfnai,56,0.535,71,0.0668,0.5799,0.0867,0.4724,0.9606,True,U3
genre,press_conf,may/activity,T2,vix,56,0.535,71,0.2582,0.0297,0.2078,0.082,0.277,True,U3
genre,press_conf,may/activity,T3,cfnai,69,0.554,92,0.1831,0.0806,0.187,0.0743,0.5838,True,U3
genre,press_conf,may/activity,T3,vix,69,0.554,92,0.1871,0.0741,0.2036,0.0516,0.1954,True,U3
genre,press_conf,may/activity,H2,cfnai,45,0.419,43,0.0498,0.7513,0.0757,0.6294,0.9048,True,U3
genre,press_conf,may/activity,H2,vix,45,0.419,43,0.2022,0.1935,0.1561,0.3176,0.7797,True,U3
genre,press_conf,may/copular_adj,T1,cfnai,61,0.5,80,-0.0547,0.6301,-0.2169,0.0533,0.508,True,U3
genre,press_conf,may/copular_adj,T1,vix,61,0.5,80,-0.0353,0.7558,0.0008,0.9947,0.9981,True,U3
genre,press_conf,may/copular_adj,T2,cfnai,54,0.535,71,-0.2937,0.0129,-0.2722,0.0217,0.4511,True,U3
genre,press_conf,may/copular_adj,T2,vix,54,0.535,71,-0.1003,0.4052,-0.069,0.5677,0.7391,True,U3
genre,press_conf,may/copular_adj,T3,cfnai,69,0.5,92,-0.0532,0.6142,-0.196,0.0611,0.5838,True,U3
genre,press_conf,may/copular_adj,T3,vix,69,0.5,92,-0.0051,0.9614,0.0536,0.6121,0.8238,True,U3
genre,press_conf,may/copular_adj,H2,cfnai,41,0.512,43,-0.3983,0.0082,-0.4451,0.0028,0.0818,True,U3
genre,press_conf,may/copular_adj,H2,vix,41,0.512,43,-0.2974,0.0528,-0.3029,0.0483,0.449,True,U3
genre,press_conf,may/copular_nom,T1,cfnai,70,0.512,80,-0.0337,0.7668,-0.0414,0.7157,0.9626,True,U3
genre,press_conf,may/copular_nom,T1,vix,70,0.512,80,0.0237,0.8344,0.0192,0.8658,0.9981,True,U3
genre,press_conf,may/copular_nom,T2,cfnai,58,0.549,71,0.0177,0.8837,-0.0558,0.6439,0.9606,True,U3
genre,press_conf,may/copular_nom,T2,vix,58,0.549,71,-0.097,0.4211,-0.0504,0.6763,0.8208,True,U3
genre,press_conf,may/copular_nom,T3,cfnai,81,0.489,92,-0.0276,0.7942,-0.0125,0.906,0.9693,True,U3
genre,press_conf,may/copular_nom,T3,vix,81,0.489,92,0.0221,0.8347,0.0166,0.8753,0.9818,True,U3
genre,press_conf,may/copular_nom,H2,cfnai,38,0.512,43,0.1398,0.3713,0.0601,0.7016,0.9232,False,U3
genre,press_conf,may/copular_nom,H2,vix,38,0.512,43,-0.1202,0.4426,-0.0342,0.8279,0.9679,False,U3
genre,press_conf,may/existence,T1,cfnai,68,0.412,80,0.0454,0.6893,-0.0384,0.7353,0.9626,True,U3
genre,press_conf,may/existence,T1,vix,68,0.412,80,-0.0927,0.4135,-0.1362,0.2285,0.4477,True,U3
genre,press_conf,may/existence,T2,cfnai,63,0.408,71,-0.0896,0.4574,-0.1164,0.3338,0.9271,True,U3
genre,press_conf,may/existence,T2,vix,63,0.408,71,-0.0645,0.5928,-0.1259,0.2954,0.5447,True,U3
genre,press_conf,may/existence,T3,cfnai,80,0.402,92,0.0465,0.66,-0.005,0.9625,0.9754,True,U3
genre,press_conf,may/existence,T3,vix,80,0.402,92,-0.1094,0.299,-0.1488,0.1569,0.3501,True,U3
genre,press_conf,may/existence,H2,cfnai,42,0.419,43,-0.187,0.2299,-0.2129,0.1705,0.616,True,U3
genre,press_conf,may/existence,H2,vix,42,0.419,43,-0.1084,0.4889,-0.1872,0.2293,0.7166,True,U3
genre,press_conf,may/occurrence,T1,cfnai,39,0.675,80,-0.0083,0.9419,0.0261,0.8184,0.9626,False,U3
genre,press_conf,may/occurrence,T1,vix,39,0.675,80,-0.0638,0.5739,-0.0133,0.9071,0.9981,False,U3
genre,press_conf,may/occurrence,T2,cfnai,36,0.676,71,0.0026,0.983,0.0562,0.6415,0.9606,False,U3
genre,press_conf,may/occurrence,T2,vix,36,0.676,71,0.0219,0.8561,0.0433,0.7202,0.8656,False,U3
genre,press_conf,may/occurrence,T3,cfnai,48,0.641,92,-0.0054,0.9591,0.0408,0.699,0.9693,False,U3
genre,press_conf,may/occurrence,T3,vix,48,0.641,92,-0.0448,0.6716,0.007,0.947,0.9948,False,U3
genre,press_conf,may/occurrence,H2,cfnai,21,0.698,43,0.0108,0.9454,0.0734,0.64,0.9059,False,U3
genre,press_conf,may/occurrence,H2,vix,21,0.698,43,0.1228,0.4329,0.2735,0.076,0.5275,False,U3
genre,press_conf,may/other,T1,cfnai,69,0.45,80,-0.0644,0.5701,0.0086,0.9393,0.9626,True,U3
genre,press_conf,may/other,T1,vix,69,0.45,80,0.1964,0.0808,0.0986,0.3841,0.6077,True,U3
genre,press_conf,may/other,T2,cfnai,52,0.493,71,-0.0323,0.7891,-0.0129,0.9149,0.9606,True,U3
genre,press_conf,may/other,T2,vix,52,0.493,71,-0.0105,0.9306,-0.0847,0.4824,0.7,True,U3
genre,press_conf,may/other,T3,cfnai,78,0.446,92,-0.0642,0.5434,-0.003,0.9773,0.9773,True,U3
genre,press_conf,may/other,T3,vix,78,0.446,92,0.1375,0.1911,0.0202,0.8487,0.9814,True,U3
genre,press_conf,may/other,H2,cfnai,27,0.605,43,0.0144,0.927,0.0823,0.6,0.8824,False,U3
genre,press_conf,may/other,H2,vix,27,0.605,43,0.1835,0.239,0.2143,0.1676,0.635,False,U3
genre,press_conf,should/activity,T1,cfnai,114,0.275,80,0.0412,0.7168,-0.0614,0.5887,0.9626,True,U3
genre,press_conf,should/activity,T1,vix,114,0.275,80,-0.0387,0.7329,-0.0361,0.7509,0.9202,True,U3
genre,press_conf,should/activity,T2,cfnai,103,0.268,71,-0.0659,0.5848,-0.1339,0.2656,0.8735,True,U3
genre,press_conf,should/activity,T2,vix,103,0.268,71,0.0238,0.844,-0.0236,0.845,0.8876,True,U3
genre,press_conf,should/activity,T3,cfnai,132,0.304,92,0.0309,0.77,-0.0772,0.4646,0.9455,True,U3
genre,press_conf,should/activity,T3,vix,132,0.304,92,-0.0232,0.8266,0.0006,0.9956,0.9991,True,U3
genre,press_conf,should/activity,H2,cfnai,62,0.279,43,-0.0679,0.6651,-0.1727,0.2681,0.6776,True,U3
genre,press_conf,should/activity,H2,vix,62,0.279,43,0.0287,0.8551,-0.0379,0.8091,0.9679,True,U3
genre,press_conf,should/copular_nom,T1,cfnai,43,0.6,80,0.095,0.402,0.0603,0.5954,0.9626,True,U3
genre,press_conf,should/copular_nom,T1,vix,43,0.6,80,0.1812,0.1077,0.1323,0.242,0.4653,True,U3
genre,press_conf,should/copular_nom,T2,cfnai,35,0.62,71,0.008,0.9475,-0.0351,0.7712,0.9606,False,U3
genre,press_conf,should/copular_nom,T2,vix,35,0.62,71,0.1966,0.1003,0.0785,0.5153,0.7,False,U3
genre,press_conf,should/copular_nom,T3,cfnai,47,0.609,92,0.0949,0.3682,0.086,0.4149,0.9098,False,U3
genre,press_conf,should/copular_nom,T3,vix,47,0.609,92,0.171,0.1031,0.1371,0.1924,0.3879,False,U3
genre,press_conf,should/copular_nom,H2,cfnai,22,0.651,43,-0.0041,0.9794,0.0456,0.7714,0.9354,False,U3
genre,press_conf,should/copular_nom,H2,vix,22,0.651,43,0.3401,0.0256,0.302,0.049,0.449,False,U3
genre,press_conf,should/mental,T1,cfnai,72,0.412,80,0.0623,0.5829,0.056,0.622,0.9626,True,U3
genre,press_conf,should/mental,T1,vix,72,0.412,80,-0.1298,0.251,-0.1026,0.365,0.5925,True,U3
genre,press_conf,should/mental,T2,cfnai,66,0.423,71,0.0514,0.6704,0.0619,0.6079,0.9606,True,U3
genre,press_conf,should/mental,T2,vix,66,0.423,71,-0.1637,0.1726,-0.1248,0.2997,0.5447,True,U3
genre,press_conf,should/mental,T3,cfnai,83,0.413,92,0.0578,0.5843,0.0679,0.5202,0.9508,True,U3
genre,press_conf,should/mental,T3,vix,83,0.413,92,-0.0861,0.4144,-0.0369,0.7271,0.8969,True,U3
genre,press_conf,should/mental,H2,cfnai,36,0.419,43,-0.133,0.3951,-0.1636,0.2946,0.6776,False,U3
genre,press_conf,should/mental,H2,vix,36,0.419,43,-0.081,0.6054,-0.0237,0.8802,0.9864,False,U3
genre,press_conf,should/other,T1,cfnai,68,0.463,80,0.0104,0.9272,0.1559,0.1673,0.7213,True,U3
genre,press_conf,should/other,T1,vix,68,0.463,80,0.0959,0.3975,0.0848,0.4543,0.6762,True,U3
genre,press_conf,should/other,T2,cfnai,57,0.479,71,0.2394,0.0444,0.1519,0.2059,0.8043,True,U3
genre,press_conf,should/other,T2,vix,57,0.479,71,0.0298,0.8054,0.0301,0.8033,0.8876,True,U3
genre,press_conf,should/other,T3,cfnai,80,0.435,92,0.0126,0.9051,0.1443,0.1698,0.7476,True,U3
genre,press_conf,should/other,T3,vix,80,0.435,92,0.1378,0.1904,0.1373,0.1917,0.3879,True,U3
genre,press_conf,should/other,H2,cfnai,32,0.512,43,0.4798,0.0011,0.265,0.0859,0.5367,False,U3
genre,press_conf,should/other,H2,vix,32,0.512,43,-0.0715,0.6486,-0.0099,0.9498,0.9893,False,U3
genre,press_conf,will/activity,T1,cfnai,845,0.0,80,0.0582,0.6081,-0.0206,0.8558,0.9626,True,U3
genre,press_conf,will/activity,T1,vix,845,0.0,80,0.3041,0.0061,0.3037,0.0062,0.0482,True,U3
genre,press_conf,will/activity,T2,cfnai,718,0.0,71,0.0093,0.9388,-0.0649,0.5905,0.9606,True,U3
genre,press_conf,will/activity,T2,vix,718,0.0,71,0.2332,0.0503,0.2795,0.0183,0.0913,True,U3
genre,press_conf,will/activity,T3,cfnai,951,0.0,92,0.0507,0.6311,-0.0489,0.6433,0.9693,True,U3
genre,press_conf,will/activity,T3,vix,951,0.0,92,0.2515,0.0156,0.2321,0.026,0.1316,True,U3
genre,press_conf,will/activity,H2,cfnai,557,0.0,43,0.0274,0.8614,0.0482,0.7589,0.9339,True,U3
genre,press_conf,will/activity,H2,vix,557,0.0,43,-0.0753,0.6312,-0.0601,0.7018,0.9618,True,U3
genre,press_conf,will/aspectual,T1,cfnai,336,0.013,80,0.0711,0.531,0.0613,0.5888,0.9626,True,U3
genre,press_conf,will/aspectual,T1,vix,336,0.013,80,0.2557,0.0221,0.2361,0.035,0.1358,True,U3
genre,press_conf,will/aspectual,T2,cfnai,275,0.014,71,0.1527,0.2036,0.0746,0.5365,0.9606,True,U3
genre,press_conf,will/aspectual,T2,vix,275,0.014,71,0.0449,0.7103,0.1503,0.2108,0.4791,True,U3
genre,press_conf,will/aspectual,T3,cfnai,406,0.011,92,0.0754,0.4751,0.0916,0.3851,0.8853,True,U3
genre,press_conf,will/aspectual,T3,vix,406,0.011,92,0.2543,0.0144,0.2235,0.0322,0.1455,True,U3
genre,press_conf,will/aspectual,H2,cfnai,155,0.0,43,0.2274,0.1426,0.2096,0.1774,0.616,True,U3
genre,press_conf,will/aspectual,H2,vix,155,0.0,43,0.2586,0.094,0.3846,0.0109,0.2719,True,U3
genre,press_conf,will/causative,T1,cfnai,105,0.35,80,0.1096,0.3333,0.1442,0.202,0.7708,True,U3
genre,press_conf,will/causative,T1,vix,105,0.35,80,0.0804,0.4784,0.0599,0.5973,0.7844,True,U3
genre,press_conf,will/causative,T2,cfnai,96,0.324,71,0.0578,0.6319,0.1538,0.2003,0.8043,True,U3
genre,press_conf,will/causative,T2,vix,96,0.324,71,0.0758,0.5297,0.0634,0.5994,0.7711,True,U3
genre,press_conf,will/causative,T3,cfnai,123,0.337,92,0.1034,0.3265,0.1183,0.2614,0.8207,True,U3
genre,press_conf,will/causative,T3,vix,123,0.337,92,0.0741,0.483,0.0716,0.4973,0.7821,True,U3
genre,press_conf,will/causative,H2,cfnai,49,0.372,43,0.0496,0.7523,0.145,0.3535,0.7365,True,U3
genre,press_conf,will/causative,H2,vix,49,0.372,43,0.2158,0.1645,0.226,0.1451,0.6254,True,U3
genre,press_conf,will/communication,T1,cfnai,267,0.113,80,0.0556,0.6243,0.0339,0.7652,0.9626,True,U3
genre,press_conf,will/communication,T1,vix,267,0.113,80,0.0648,0.5677,0.1646,0.1445,0.3256,True,U3
genre,press_conf,will/communication,T2,cfnai,236,0.113,71,0.0929,0.441,-0.0068,0.9549,0.9684,True,U3
genre,press_conf,will/communication,T2,vix,236,0.113,71,0.1663,0.1657,0.2339,0.0496,0.1938,True,U3
genre,press_conf,will/communication,T3,cfnai,281,0.141,92,0.0466,0.6588,0.0135,0.8983,0.9693,True,U3
genre,press_conf,will/communication,T3,vix,281,0.141,92,0.0686,0.5162,0.152,0.1481,0.3366,True,U3
genre,press_conf,will/communication,H2,cfnai,184,0.023,43,0.0973,0.5349,0.0533,0.7341,0.9339,True,U3
genre,press_conf,will/communication,H2,vix,184,0.023,43,-0.0247,0.8752,0.0429,0.7848,0.9618,True,U3
genre,press_conf,will/copular_adj,T1,cfnai,400,0.037,80,0.1619,0.1514,0.1414,0.2108,0.7708,True,U3
genre,press_conf,will/copular_adj,T1,vix,400,0.037,80,0.2075,0.0648,0.1912,0.0893,0.2426,True,U3
genre,press_conf,will/copular_adj,T2,cfnai,338,0.042,71,0.1611,0.1795,0.1293,0.2824,0.8827,True,U3
genre,press_conf,will/copular_adj,T2,vix,338,0.042,71,0.2354,0.0481,0.1775,0.1387,0.3591,True,U3
genre,press_conf,will/copular_adj,T3,cfnai,460,0.033,92,0.1531,0.1451,0.121,0.2506,0.8207,True,U3
genre,press_conf,will/copular_adj,T3,vix,460,0.033,92,0.1665,0.1127,0.1287,0.2215,0.4327,True,U3
genre,press_conf,will/copular_adj,H2,cfnai,215,0.023,43,0.2769,0.0722,0.2346,0.13,0.572,True,U3
genre,press_conf,will/copular_adj,H2,vix,215,0.023,43,0.4343,0.0036,0.3333,0.029,0.4023,True,U3
genre,press_conf,will/copular_nom,T1,cfnai,287,0.05,80,-0.1341,0.2357,-0.1501,0.1839,0.7414,True,U3
genre,press_conf,will/copular_nom,T1,vix,287,0.05,80,0.2347,0.0362,0.1689,0.1341,0.3256,True,U3
genre,press_conf,will/copular_nom,T2,cfnai,241,0.056,71,0.0173,0.8864,-0.0448,0.7104,0.9606,True,U3
genre,press_conf,will/copular_nom,T2,vix,241,0.056,71,0.1282,0.2868,0.1276,0.2889,0.5447,True,U3
genre,press_conf,will/copular_nom,T3,cfnai,319,0.054,92,-0.1293,0.2192,-0.1181,0.2622,0.8207,True,U3
genre,press_conf,will/copular_nom,T3,vix,319,0.054,92,0.2346,0.0244,0.1601,0.1274,0.3011,True,U3
genre,press_conf,will/copular_nom,H2,cfnai,164,0.047,43,-0.0297,0.8502,-0.1181,0.4507,0.7752,True,U3
genre,press_conf,will/copular_nom,H2,vix,164,0.047,43,0.1006,0.5211,0.1207,0.4406,0.8292,True,U3
genre,press_conf,will/copular_prep,T1,cfnai,60,0.512,80,0.035,0.7579,0.0123,0.914,0.9626,True,U3
genre,press_conf,will/copular_prep,T1,vix,60,0.512,80,0.2075,0.0648,-0.094,0.4071,0.6282,True,U3
genre,press_conf,will/copular_prep,T2,cfnai,49,0.521,71,0.1553,0.1959,0.0785,0.5154,0.9606,True,U3
genre,press_conf,will/copular_prep,T2,vix,49,0.521,71,-0.1617,0.1779,-0.1377,0.2521,0.5447,True,U3
genre,press_conf,will/copular_prep,T3,cfnai,72,0.489,92,0.0265,0.8018,-0.0468,0.6576,0.9693,True,U3
genre,press_conf,will/copular_prep,T3,vix,72,0.489,92,0.1801,0.0858,-0.0655,0.535,0.7961,True,U3
genre,press_conf,will/copular_prep,H2,cfnai,32,0.465,43,0.1619,0.2995,0.0671,0.6691,0.9192,False,U3
genre,press_conf,will/copular_prep,H2,vix,32,0.465,43,-0.1596,0.3065,-0.1744,0.2633,0.748,False,U3
genre,press_conf,will/existence,T1,cfnai,430,0.013,80,0.1185,0.2953,-0.0269,0.813,0.9626,True,U3
genre,press_conf,will/existence,T1,vix,430,0.013,80,0.2431,0.0298,0.235,0.0358,0.1358,True,U3
genre,press_conf,will/existence,T2,cfnai,373,0.014,71,-0.0181,0.8807,-0.0339,0.7788,0.9606,True,U3
genre,press_conf,will/existence,T2,vix,373,0.014,71,0.1673,0.1631,0.2201,0.0651,0.2468,True,U3
genre,press_conf,will/existence,T3,cfnai,475,0.011,92,0.1117,0.289,-0.0138,0.896,0.9693,True,U3
genre,press_conf,will/existence,T3,vix,475,0.011,92,0.2077,0.0469,0.1979,0.0586,0.2093,True,U3
genre,press_conf,will/existence,H2,cfnai,271,0.0,43,-0.0372,0.8128,-0.0338,0.8298,0.9354,True,U3
genre,press_conf,will/existence,H2,vix,271,0.0,43,-0.1043,0.5058,-0.023,0.8838,0.9864,True,U3
genre,press_conf,will/mental,T1,cfnai,589,0.0,80,0.0163,0.886,-0.0601,0.5964,0.9626,True,U3
genre,press_conf,will/mental,T1,vix,589,0.0,80,0.0513,0.6516,0.1469,0.1936,0.3966,True,U3
genre,press_conf,will/mental,T2,cfnai,532,0.0,71,-0.0175,0.8848,-0.0374,0.7568,0.9606,True,U3
genre,press_conf,will/mental,T2,vix,532,0.0,71,0.1755,0.1431,0.2526,0.0336,0.1446,True,U3
genre,press_conf,will/mental,T3,cfnai,671,0.0,92,0.0035,0.9735,-0.1079,0.3059,0.8295,True,U3
genre,press_conf,will/mental,T3,vix,671,0.0,92,-0.0241,0.8197,0.0533,0.614,0.8238,True,U3
genre,press_conf,will/mental,H2,cfnai,357,0.0,43,-0.0319,0.839,-0.0291,0.8531,0.9354,True,U3
genre,press_conf,will/mental,H2,vix,357,0.0,43,0.1226,0.4334,0.1031,0.5104,0.8804,True,U3
genre,press_conf,will/occurrence,T1,cfnai,275,0.075,80,0.1858,0.099,0.2241,0.0457,0.5006,True,U3
genre,press_conf,will/occurrence,T1,vix,275,0.075,80,0.2522,0.024,0.2922,0.0085,0.0534,True,U3
genre,press_conf,will/occurrence,T2,cfnai,241,0.085,71,0.2235,0.061,0.2493,0.036,0.5005,True,U3
genre,press_conf,will/occurrence,T2,vix,241,0.085,71,0.3265,0.0055,0.3687,0.0016,0.0195,True,U3
genre,press_conf,will/occurrence,T3,cfnai,330,0.076,92,0.1715,0.1021,0.157,0.135,0.7326,True,U3
genre,press_conf,will/occurrence,T3,vix,330,0.076,92,0.2315,0.0264,0.2594,0.0125,0.0978,True,U3
genre,press_conf,will/occurrence,H2,cfnai,146,0.116,43,0.3975,0.0083,0.4099,0.0063,0.0955,True,U3
genre,press_conf,will/occurrence,H2,vix,146,0.116,43,0.4145,0.0057,0.5294,0.0003,0.0175,True,U3
genre,press_conf,will/other,T1,cfnai,431,0.013,80,0.0713,0.5295,0.234,0.0367,0.4812,True,U3
genre,press_conf,will/other,T1,vix,431,0.013,80,0.3416,0.0019,0.2934,0.0082,0.0534,True,U3
genre,press_conf,will/other,T2,cfnai,357,0.014,71,0.3842,0.0009,0.2766,0.0195,0.4511,True,U3
genre,press_conf,will/other,T2,vix,357,0.014,71,0.1628,0.1749,0.2056,0.0854,0.2808,True,U3
genre,press_conf,will/other,T3,cfnai,493,0.011,92,0.0663,0.5299,0.1976,0.0591,0.5838,True,U3
genre,press_conf,will/other,T3,vix,493,0.011,92,0.3437,0.0008,0.2888,0.0052,0.0503,True,U3
genre,press_conf,will/other,H2,cfnai,255,0.0,43,0.4518,0.0024,0.4162,0.0055,0.0955,True,U3
genre,press_conf,will/other,H2,vix,255,0.0,43,0.0425,0.7867,0.1222,0.4351,0.8292,True,U3
genre,press_conf,will/policy_action,T1,cfnai,297,0.062,80,0.113,0.3183,0.0556,0.6242,0.9626,True,U3
genre,press_conf,will/policy_action,T1,vix,297,0.062,80,-0.2037,0.07,-0.3353,0.0024,0.0227,True,U3
genre,press_conf,will/policy_action,T2,cfnai,255,0.07,71,0.1905,0.1116,0.0862,0.4746,0.9606,True,U3
genre,press_conf,will/policy_action,T2,vix,255,0.07,71,-0.3574,0.0022,-0.3633,0.0018,0.021,True,U3
genre,press_conf,will/policy_action,T3,cfnai,340,0.054,92,0.106,0.3147,0.0167,0.8743,0.9693,True,U3
genre,press_conf,will/policy_action,T3,vix,340,0.054,92,-0.2106,0.0439,-0.332,0.0012,0.0219,True,U3
genre,press_conf,will/policy_action,H2,cfnai,131,0.116,43,0.2446,0.114,0.0039,0.98,0.98,True,U3
genre,press_conf,will/policy_action,H2,vix,131,0.116,43,-0.2079,0.181,-0.1714,0.2718,0.7551,True,U3
genre,press_conf,would/activity,T1,cfnai,344,0.013,80,0.026,0.819,-0.0169,0.8818,0.9626,True,U3
genre,press_conf,would/activity,T1,vix,344,0.013,80,-0.0875,0.4402,0.0004,0.9975,0.9981,True,U3
genre,press_conf,would/activity,T2,cfnai,319,0.0,71,-0.0669,0.5793,-0.0512,0.6716,0.9606,True,U3
genre,press_conf,would/activity,T2,vix,319,0.0,71,0.0507,0.6744,0.0851,0.4805,0.7,True,U3
genre,press_conf,would/activity,T3,cfnai,388,0.011,92,0.0186,0.8604,-0.0547,0.6048,0.9693,True,U3
genre,press_conf,would/activity,T3,vix,388,0.011,92,-0.0614,0.5609,0.0362,0.7319,0.8969,True,U3
genre,press_conf,would/activity,H2,cfnai,203,0.0,43,-0.0369,0.8142,-0.0842,0.5912,0.8824,True,U3
genre,press_conf,would/activity,H2,vix,203,0.0,43,0.1003,0.5222,0.1352,0.3875,0.7941,True,U3
genre,press_conf,would/aspectual,T1,cfnai,53,0.588,80,-0.1275,0.2596,0.1836,0.103,0.6001,True,U3
genre,press_conf,would/aspectual,T1,vix,53,0.588,80,0.1123,0.3213,0.1359,0.2292,0.4477,True,U3
genre,press_conf,would/aspectual,T2,cfnai,46,0.592,71,0.1917,0.1093,0.2406,0.0433,0.5412,True,U3
genre,press_conf,would/aspectual,T2,vix,46,0.592,71,0.2122,0.0757,0.1907,0.1111,0.3306,True,U3
genre,press_conf,would/aspectual,T3,cfnai,64,0.576,92,-0.1184,0.2609,0.1464,0.1637,0.7476,True,U3
genre,press_conf,would/aspectual,T3,vix,64,0.576,92,0.0465,0.6602,0.0466,0.6593,0.8647,True,U3
genre,press_conf,would/aspectual,H2,cfnai,33,0.512,43,0.2031,0.1915,0.2871,0.0619,0.468,False,U3
genre,press_conf,would/aspectual,H2,vix,33,0.512,43,0.2387,0.1231,0.2217,0.153,0.635,False,U3
genre,press_conf,would/causative,T1,cfnai,89,0.425,80,0.0333,0.7693,-0.0646,0.569,0.9626,True,U3
genre,press_conf,would/causative,T1,vix,89,0.425,80,-0.3126,0.0048,-0.2328,0.0377,0.1385,True,U3
genre,press_conf,would/causative,T2,cfnai,86,0.366,71,-0.1028,0.3935,-0.0574,0.6345,0.9606,True,U3
genre,press_conf,would/causative,T2,vix,86,0.366,71,-0.2118,0.0762,-0.0954,0.4287,0.6871,True,U3
genre,press_conf,would/causative,T3,cfnai,106,0.391,92,0.0278,0.7925,-0.1014,0.3362,0.8753,True,U3
genre,press_conf,would/causative,T3,vix,106,0.391,92,-0.2719,0.0087,-0.191,0.0681,0.213,True,U3
genre,press_conf,would/causative,H2,cfnai,54,0.302,43,-0.1794,0.2496,-0.1911,0.2195,0.6693,True,U3
genre,press_conf,would/causative,H2,vix,54,0.302,43,-0.3174,0.0381,-0.2798,0.0692,0.5231,True,U3
genre,press_conf,would/communication,T1,cfnai,846,0.0,80,0.0332,0.7699,-0.0833,0.4627,0.9626,True,U3
genre,press_conf,would/communication,T1,vix,846,0.0,80,0.1349,0.2327,0.1038,0.3596,0.5915,True,U3
genre,press_conf,would/communication,T2,cfnai,733,0.0,71,-0.084,0.4861,-0.1066,0.3761,0.9526,True,U3
genre,press_conf,would/communication,T2,vix,733,0.0,71,0.0999,0.4069,0.0386,0.7495,0.8838,True,U3
genre,press_conf,would/communication,T3,cfnai,898,0.0,92,0.0255,0.8093,-0.0546,0.6055,0.9693,True,U3
genre,press_conf,would/communication,T3,vix,898,0.0,92,0.15,0.1535,0.1124,0.2859,0.5115,True,U3
genre,press_conf,would/communication,H2,cfnai,511,0.0,43,-0.1336,0.3932,-0.1166,0.4563,0.7752,True,U3
genre,press_conf,would/communication,H2,vix,511,0.0,43,0.064,0.6836,-0.0453,0.773,0.9618,True,U3
genre,press_conf,would/copular_adj,T1,cfnai,270,0.075,80,0.0395,0.7281,0.0928,0.4131,0.9626,True,U3
genre,press_conf,would/copular_adj,T1,vix,270,0.075,80,-0.2733,0.0142,-0.2932,0.0083,0.0534,True,U3
genre,press_conf,would/copular_adj,T2,cfnai,253,0.056,71,0.1257,0.2961,0.142,0.2374,0.8243,True,U3
genre,press_conf,would/copular_adj,T2,vix,253,0.056,71,-0.1347,0.2627,-0.1923,0.1081,0.3296,True,U3
genre,press_conf,would/copular_adj,T3,cfnai,336,0.065,92,0.0349,0.741,0.0701,0.5068,0.9455,True,U3
genre,press_conf,would/copular_adj,T3,vix,336,0.065,92,-0.2073,0.0474,-0.2334,0.0252,0.1316,True,U3
genre,press_conf,would/copular_adj,H2,cfnai,147,0.047,43,0.0855,0.5856,0.0357,0.8204,0.9354,True,U3
genre,press_conf,would/copular_adj,H2,vix,147,0.047,43,0.0228,0.8847,-0.0521,0.74,0.9618,True,U3
genre,press_conf,would/copular_nom,T1,cfnai,219,0.087,80,0.1038,0.3597,-0.0224,0.8433,0.9626,True,U3
genre,press_conf,would/copular_nom,T1,vix,219,0.087,80,-0.1242,0.2723,-0.1478,0.1907,0.3966,True,U3
genre,press_conf,would/copular_nom,T2,cfnai,201,0.07,71,-0.0944,0.4334,-0.1168,0.3322,0.9271,True,U3
genre,press_conf,would/copular_nom,T2,vix,201,0.07,71,-0.0267,0.8253,-0.0754,0.532,0.7,True,U3
genre,press_conf,would/copular_nom,T3,cfnai,259,0.098,92,0.1013,0.3368,-0.0112,0.9154,0.9693,True,U3
genre,press_conf,would/copular_nom,T3,vix,259,0.098,92,-0.1358,0.1969,-0.1415,0.1784,0.3779,True,U3
genre,press_conf,would/copular_nom,H2,cfnai,116,0.047,43,-0.1245,0.4265,-0.1417,0.3646,0.7471,True,U3
genre,press_conf,would/copular_nom,H2,vix,116,0.047,43,-0.0497,0.7517,-0.1365,0.3827,0.7941,True,U3
genre,press_conf,would/copular_prep,T1,cfnai,44,0.65,80,0.0338,0.7661,0.079,0.4863,0.9626,False,U3
genre,press_conf,would/copular_prep,T1,vix,44,0.65,80,0.1131,0.318,0.1673,0.138,0.3256,False,U3
genre,press_conf,would/copular_prep,T2,cfnai,37,0.676,71,-0.0553,0.6469,-0.0003,0.9979,0.9979,False,U3
genre,press_conf,would/copular_prep,T2,vix,37,0.676,71,0.1167,0.3323,0.1162,0.3346,0.5891,False,U3
genre,press_conf,would/copular_prep,T3,cfnai,54,0.62,92,0.036,0.7334,0.1066,0.3119,0.8295,False,U3
genre,press_conf,would/copular_prep,T3,vix,54,0.62,92,0.1552,0.1396,0.1693,0.1067,0.2779,False,U3
genre,press_conf,would/copular_prep,H2,cfnai,29,0.605,43,-0.0634,0.6863,0.0555,0.7239,0.9339,False,U3
genre,press_conf,would/copular_prep,H2,vix,29,0.605,43,-0.0257,0.8701,-0.0619,0.6932,0.9618,False,U3
genre,press_conf,would/existence,T1,cfnai,251,0.087,80,0.0982,0.3862,0.1326,0.241,0.7924,True,U3
genre,press_conf,would/existence,T1,vix,251,0.087,80,0.0567,0.6175,0.1167,0.3025,0.5251,True,U3
genre,press_conf,would/existence,T2,cfnai,215,0.085,71,0.0425,0.7246,0.1005,0.4042,0.9526,True,U3
genre,press_conf,would/existence,T2,vix,215,0.085,71,0.1174,0.3295,0.1356,0.2596,0.5447,True,U3
genre,press_conf,would/existence,T3,cfnai,298,0.076,92,0.0976,0.3549,0.1171,0.2662,0.8207,True,U3
genre,press_conf,would/existence,T3,vix,298,0.076,92,0.0116,0.9126,0.0775,0.4629,0.7715,True,U3
genre,press_conf,would/existence,H2,cfnai,157,0.07,43,0.0037,0.9813,0.091,0.5618,0.8778,True,U3
genre,press_conf,would/existence,H2,vix,157,0.07,43,-0.0922,0.5564,-0.0625,0.6904,0.9618,True,U3
genre,press_conf,would/mental,T1,cfnai,475,0.0,80,0.1215,0.2831,0.2579,0.0209,0.3738,True,U3
genre,press_conf,would/mental,T1,vix,475,0.0,80,0.0428,0.7065,0.0249,0.8265,0.9674,True,U3
genre,press_conf,would/mental,T2,cfnai,422,0.0,71,0.0856,0.4777,0.1762,0.1416,0.7374,True,U3
genre,press_conf,would/mental,T2,vix,422,0.0,71,0.0857,0.4773,-0.0297,0.8057,0.8876,True,U3
genre,press_conf,would/mental,T3,cfnai,512,0.011,92,0.1079,0.3059,0.2183,0.0365,0.5381,True,U3
genre,press_conf,would/mental,T3,vix,512,0.011,92,0.0581,0.5823,0.0436,0.6796,0.8758,True,U3
genre,press_conf,would/mental,H2,cfnai,257,0.0,43,0.0647,0.68,0.1741,0.2641,0.6776,True,U3
genre,press_conf,would/mental,H2,vix,257,0.0,43,0.2031,0.1916,0.0504,0.7481,0.9618,True,U3
genre,press_conf,would/occurrence,T1,cfnai,50,0.575,80,-0.1847,0.101,-0.0382,0.7368,0.9626,True,U3
genre,press_conf,would/occurrence,T1,vix,50,0.575,80,-0.0775,0.4942,-0.1105,0.3291,0.5559,True,U3
genre,press_conf,would/occurrence,T2,cfnai,44,0.563,71,-0.1077,0.3714,-0.0217,0.8575,0.9606,True,U3
genre,press_conf,would/occurrence,T2,vix,44,0.563,71,-0.095,0.4305,-0.127,0.2912,0.5447,True,U3
genre,press_conf,would/occurrence,T3,cfnai,71,0.511,92,-0.161,0.1253,-0.0711,0.5008,0.9455,True,U3
genre,press_conf,would/occurrence,T3,vix,71,0.511,92,-0.1208,0.2514,-0.1303,0.2159,0.4283,True,U3
genre,press_conf,would/occurrence,H2,cfnai,20,0.674,43,-0.0218,0.8898,0.0475,0.7621,0.9339,False,U3
genre,press_conf,would/occurrence,H2,vix,20,0.674,43,0.1629,0.2967,0.1465,0.3485,0.7797,False,U3
genre,press_conf,would/other,T1,cfnai,388,0.062,80,0.1992,0.0764,0.2217,0.0481,0.5006,True,U3
genre,press_conf,would/other,T1,vix,388,0.062,80,-0.1728,0.1253,-0.1754,0.1197,0.3117,True,U3
genre,press_conf,would/other,T2,cfnai,353,0.056,71,0.2213,0.0636,0.1484,0.2168,0.8212,True,U3
genre,press_conf,would/other,T2,vix,353,0.056,71,-0.1116,0.3543,-0.1348,0.2622,0.5447,True,U3
genre,press_conf,would/other,T3,cfnai,475,0.054,92,0.1862,0.0756,0.1735,0.0981,0.5838,True,U3
genre,press_conf,would/other,T3,vix,475,0.054,92,-0.1166,0.2684,-0.1161,0.2702,0.4968,True,U3
genre,press_conf,would/other,H2,cfnai,184,0.07,43,0.4756,0.0013,0.3795,0.0121,0.1373,True,U3
genre,press_conf,would/other,H2,vix,184,0.07,43,0.1681,0.2812,0.2361,0.1275,0.6024,True,U3
genre,press_conf,would/policy_action,T1,cfnai,91,0.388,80,0.0294,0.796,0.0517,0.6488,0.9626,True,U3
genre,press_conf,would/policy_action,T1,vix,91,0.388,80,-0.1466,0.1945,-0.1153,0.3086,0.5285,True,U3
genre,press_conf,would/policy_action,T2,cfnai,82,0.366,71,0.0647,0.5917,0.0457,0.7053,0.9606,True,U3
genre,press_conf,would/policy_action,T2,vix,82,0.366,71,-0.0436,0.7179,-0.0282,0.8154,0.8876,True,U3
genre,press_conf,would/policy_action,T3,cfnai,104,0.38,92,0.0245,0.8165,0.0179,0.8652,0.9693,True,U3
genre,press_conf,would/policy_action,T3,vix,104,0.38,92,-0.0938,0.3736,-0.0539,0.6097,0.8238,True,U3
genre,press_conf,would/policy_action,H2,cfnai,42,0.419,43,0.2614,0.0904,0.0756,0.6297,0.9048,True,U3
genre,press_conf,would/policy_action,H2,vix,42,0.419,43,-0.0155,0.9213,-0.0263,0.8672,0.9854,True,U3
genre,speech,can/activity,T1,cfnai,109,0.484,124,-0.1626,0.0712,-0.1006,0.2664,0.8122,True,U3
genre,speech,can/activity,T1,vix,109,0.484,124,0.0936,0.301,0.0137,0.8796,0.9981,True,U3
genre,speech,can/activity,T2,cfnai,101,0.508,118,0.0525,0.5722,-0.0274,0.7684,0.9606,True,U3
genre,speech,can/activity,T2,vix,101,0.508,118,-0.0639,0.4916,-0.0896,0.3345,0.5891,True,U3
genre,speech,can/activity,T3,cfnai,187,0.443,174,-0.1374,0.0706,-0.1171,0.1238,0.7035,True,U3
genre,speech,can/activity,T3,vix,187,0.443,174,0.1154,0.1294,0.0116,0.8797,0.9818,True,U3
genre,speech,can/activity,H1,cfnai,77,0.397,73,0.1197,0.313,-0.0535,0.6531,0.9568,True,U3
genre,speech,can/activity,H1,vix,77,0.397,73,0.1255,0.29,0.0833,0.4834,0.8902,True,U3
genre,speech,can/activity,H2,cfnai,24,0.689,45,0.0075,0.9612,-0.0071,0.9631,0.9709,False,U3
genre,speech,can/activity,H2,vix,24,0.689,45,-0.127,0.4059,-0.0302,0.8439,0.9768,False,U3
genre,speech,can/causative,T1,cfnai,50,0.702,124,0.0366,0.6862,0.029,0.7489,0.9626,False,U3
genre,speech,can/causative,T1,vix,50,0.702,124,0.1248,0.1674,-0.1011,0.2637,0.4777,False,U3
genre,speech,can/causative,T2,cfnai,46,0.712,118,0.2357,0.0102,0.0901,0.3317,0.9271,False,U3
genre,speech,can/causative,T2,vix,46,0.712,118,0.0061,0.9481,-0.1657,0.0729,0.268,False,U3
genre,speech,can/causative,T3,cfnai,70,0.718,174,0.0329,0.6666,0.029,0.7041,0.9693,False,U3
genre,speech,can/causative,T3,vix,70,0.718,174,0.0609,0.4249,-0.1196,0.1159,0.2956,False,U3
genre,speech,can/causative,H1,cfnai,35,0.644,73,0.1917,0.1042,0.0623,0.6007,0.9568,False,U3
genre,speech,can/causative,H1,vix,35,0.644,73,-0.1807,0.1261,-0.2038,0.0838,0.4661,False,U3
genre,speech,can/causative,H2,cfnai,11,0.822,45,0.2658,0.0776,0.159,0.297,0.6776,False,U3
genre,speech,can/causative,H2,vix,11,0.822,45,0.1457,0.3396,0.1451,0.3416,0.7797,False,U3
genre,speech,can/copular_adj,T1,cfnai,41,0.766,124,0.0281,0.7567,0.024,0.7909,0.9626,False,U3
genre,speech,can/copular_adj,T1,vix,41,0.766,124,0.2989,0.0007,0.1247,0.1676,0.3611,False,U3
genre,speech,can/copular_adj,T2,cfnai,39,0.771,118,0.0455,0.6244,0.0492,0.5968,0.9606,False,U3
genre,speech,can/copular_adj,T2,vix,39,0.771,118,0.2908,0.0014,0.1177,0.2044,0.473,False,U3
genre,speech,can/copular_adj,T3,cfnai,62,0.73,174,0.027,0.7237,0.0422,0.5806,0.9693,False,U3
genre,speech,can/copular_adj,T3,vix,62,0.73,174,0.2243,0.0029,0.0766,0.3149,0.5466,False,U3
genre,speech,can/copular_adj,H1,cfnai,31,0.74,73,-0.0218,0.855,-0.0516,0.6649,0.9568,False,U3
genre,speech,can/copular_adj,H1,vix,31,0.74,73,0.3395,0.0033,0.1036,0.3829,0.8472,False,U3
genre,speech,can/copular_adj,H2,cfnai,8,0.822,45,0.0997,0.5146,0.1841,0.2259,0.6724,False,U3
genre,speech,can/copular_adj,H2,vix,8,0.822,45,0.3419,0.0215,0.326,0.0289,0.4023,False,U3
genre,speech,can/mental,T1,cfnai,40,0.782,124,0.0388,0.6684,0.0152,0.8668,0.9626,False,U3
genre,speech,can/mental,T1,vix,40,0.782,124,-0.0247,0.7856,0.0472,0.6024,0.7844,False,U3
genre,speech,can/mental,T2,cfnai,40,0.771,118,-0.0204,0.8263,-0.012,0.8972,0.9606,False,U3
genre,speech,can/mental,T2,vix,40,0.771,118,0.062,0.5049,0.097,0.2959,0.5447,False,U3
genre,speech,can/mental,T3,cfnai,69,0.73,174,0.0281,0.7126,-0.0229,0.7646,0.9693,False,U3
genre,speech,can/mental,T3,vix,69,0.73,174,-0.0214,0.7789,0.0166,0.8283,0.9725,False,U3
genre,speech,can/mental,H1,cfnai,28,0.767,73,-0.0529,0.6566,-0.0173,0.8845,0.9922,False,U3
genre,speech,can/mental,H1,vix,28,0.767,73,0.087,0.464,0.1446,0.2223,0.6113,False,U3
genre,speech,can/mental,H2,cfnai,12,0.778,45,-0.0109,0.9432,-0.0302,0.8441,0.9354,False,U3
genre,speech,can/mental,H2,vix,12,0.778,45,-0.04,0.794,0.0121,0.937,0.9872,False,U3
genre,speech,can/other,T1,cfnai,155,0.395,124,-0.2747,0.002,0.0333,0.7132,0.9626,True,U3
genre,speech,can/other,T1,vix,155,0.395,124,0.1662,0.065,-0.0002,0.9981,0.9981,True,U3
genre,speech,can/other,T2,cfnai,145,0.407,118,0.0605,0.5151,0.0921,0.321,0.9271,True,U3
genre,speech,can/other,T2,vix,145,0.407,118,-0.024,0.7964,-0.0619,0.5056,0.7,True,U3
genre,speech,can/other,T3,cfnai,241,0.351,174,-0.249,0.0009,0.0189,0.8048,0.9693,True,U3
genre,speech,can/other,T3,vix,241,0.351,174,0.1858,0.0141,0.0475,0.534,0.7961,True,U3
genre,speech,can/other,H1,cfnai,118,0.329,73,-0.0881,0.4586,-0.0412,0.7294,0.9568,True,U3
genre,speech,can/other,H1,vix,118,0.329,73,0.0361,0.7618,0.0119,0.9206,0.9745,True,U3
genre,speech,can/other,H2,cfnai,27,0.533,45,0.2767,0.0658,0.2174,0.1515,0.6107,False,U3
genre,speech,can/other,H2,vix,27,0.533,45,0.0996,0.5149,0.0433,0.7778,0.9618,False,U3
genre,speech,can/policy_action,T1,cfnai,38,0.75,124,0.0025,0.9782,-0.0268,0.768,0.9626,False,U3
genre,speech,can/policy_action,T1,vix,38,0.75,124,-0.004,0.965,-0.0504,0.5784,0.7774,False,U3
genre,speech,can/policy_action,T2,cfnai,37,0.746,118,-0.0475,0.6092,-0.0232,0.8027,0.9606,False,U3
genre,speech,can/policy_action,T2,vix,37,0.746,118,0.0154,0.8683,-0.0448,0.6302,0.78,False,U3
genre,speech,can/policy_action,T3,cfnai,62,0.741,174,-0.0087,0.9097,-0.0656,0.3895,0.8853,False,U3
genre,speech,can/policy_action,T3,vix,62,0.741,174,0.0004,0.9963,-0.0499,0.5131,0.7821,False,U3
genre,speech,can/policy_action,H1,cfnai,29,0.685,73,0.0414,0.7278,0.0456,0.7015,0.9568,False,U3
genre,speech,can/policy_action,H1,vix,29,0.685,73,0.0605,0.6112,0.0697,0.5582,0.8902,False,U3
genre,speech,can/policy_action,H2,cfnai,8,0.844,45,-0.1228,0.4218,-0.1168,0.4447,0.7752,False,U3
genre,speech,can/policy_action,H2,vix,8,0.844,45,0.0662,0.6655,0.0756,0.6216,0.958,False,U3
genre,speech,could/activity,T1,cfnai,57,0.669,124,0.139,0.1235,0.0526,0.5619,0.9626,False,U3
genre,speech,could/activity,T1,vix,57,0.669,124,-0.0125,0.8901,-0.0848,0.3491,0.5819,False,U3
genre,speech,could/activity,T2,cfnai,54,0.661,118,-0.0649,0.4853,-0.0187,0.841,0.9606,False,U3
genre,speech,could/activity,T2,vix,54,0.661,118,0.0321,0.7296,-0.0697,0.4531,0.7,False,U3
genre,speech,could/activity,T3,cfnai,98,0.632,174,0.1219,0.1091,0.0192,0.8015,0.9693,False,U3
genre,speech,could/activity,T3,vix,98,0.632,174,0.0271,0.7224,-0.0097,0.8985,0.9851,False,U3
genre,speech,could/activity,H1,cfnai,38,0.603,73,-0.082,0.4904,-0.1289,0.2771,0.9568,False,U3
genre,speech,could/activity,H1,vix,38,0.603,73,0.0237,0.8424,-0.0998,0.4008,0.8487,False,U3
genre,speech,could/activity,H2,cfnai,16,0.756,45,-0.0507,0.7406,0.1187,0.4374,0.7752,False,U3
genre,speech,could/activity,H2,vix,16,0.756,45,0.0762,0.619,0.1888,0.2141,0.6863,False,U3
genre,speech,could/causative,T1,cfnai,58,0.726,124,-0.0019,0.983,-0.0665,0.4629,0.9626,False,U3
genre,speech,could/causative,T1,vix,58,0.726,124,-0.0502,0.5801,-0.0799,0.3774,0.6048,False,U3
genre,speech,could/causative,T2,cfnai,54,0.737,118,-0.0901,0.332,-0.0647,0.4863,0.9606,False,U3
genre,speech,could/causative,T2,vix,54,0.737,118,-0.1116,0.229,-0.1313,0.1565,0.3838,False,U3
genre,speech,could/causative,T3,cfnai,74,0.73,174,-0.0019,0.9801,-0.0241,0.7527,0.9693,False,U3
genre,speech,could/causative,T3,vix,74,0.73,174,-0.0583,0.4448,-0.0408,0.5934,0.8238,False,U3
genre,speech,could/causative,H1,cfnai,43,0.671,73,-0.0313,0.7925,-0.0514,0.6659,0.9568,False,U3
genre,speech,could/causative,H1,vix,43,0.671,73,-0.1007,0.3967,-0.0741,0.5333,0.8902,False,U3
genre,speech,could/causative,H2,cfnai,11,0.844,45,-0.1268,0.4064,-0.093,0.5433,0.8658,False,U3
genre,speech,could/causative,H2,vix,11,0.844,45,-0.1263,0.4083,-0.0016,0.9919,0.9919,False,U3
genre,speech,could/occurrence,T1,cfnai,41,0.847,124,0.0302,0.7393,-0.0305,0.7366,0.9626,False,U3
genre,speech,could/occurrence,T1,vix,41,0.847,124,-0.2135,0.0173,-0.2915,0.001,0.0109,False,U3
genre,speech,could/occurrence,T2,cfnai,41,0.839,118,-0.0228,0.8063,-0.0543,0.5595,0.9606,False,U3
genre,speech,could/occurrence,T2,vix,41,0.839,118,-0.2492,0.0065,-0.2781,0.0023,0.0239,False,U3
genre,speech,could/occurrence,T3,cfnai,48,0.856,174,0.0233,0.7601,-0.0366,0.6317,0.9693,False,U3
genre,speech,could/occurrence,T3,vix,48,0.856,174,-0.2066,0.0062,-0.2838,0.0001,0.0035,False,U3
genre,speech,could/occurrence,H1,cfnai,38,0.781,73,0.0142,0.9049,-0.0614,0.606,0.9568,False,U3
genre,speech,could/occurrence,H1,vix,38,0.781,73,-0.2038,0.0838,-0.2259,0.0546,0.4368,False,U3
genre,speech,could/occurrence,H2,cfnai,3,0.933,45,-0.0568,0.7108,-0.0087,0.9547,0.9709,False,U3
genre,speech,could/occurrence,H2,vix,3,0.933,45,-0.1864,0.2202,-0.2337,0.1224,0.6024,False,U3
genre,speech,could/other,T1,cfnai,81,0.597,124,0.0954,0.2918,0.0751,0.4072,0.9626,True,U3
genre,speech,could/other,T1,vix,81,0.597,124,-0.1471,0.1031,-0.2271,0.0112,0.0635,True,U3
genre,speech,could/other,T2,cfnai,78,0.593,118,0.1416,0.1261,0.0461,0.6205,0.9606,True,U3
genre,speech,could/other,T2,vix,78,0.593,118,-0.1313,0.1566,-0.2281,0.013,0.0854,True,U3
genre,speech,could/other,T3,cfnai,116,0.586,174,0.0687,0.3675,-0.0064,0.9327,0.9693,True,U3
genre,speech,could/other,T3,vix,116,0.586,174,-0.1026,0.1779,-0.1391,0.0672,0.213,True,U3
genre,speech,could/other,H1,cfnai,66,0.507,73,-0.0025,0.983,0.0532,0.6548,0.9568,True,U3
genre,speech,could/other,H1,vix,66,0.507,73,-0.1179,0.3204,-0.2095,0.0753,0.4661,True,U3
genre,speech,could/other,H2,cfnai,12,0.733,45,0.2908,0.0526,0.0682,0.6563,0.9115,False,U3
genre,speech,could/other,H2,vix,12,0.733,45,-0.0596,0.6974,-0.0769,0.6158,0.958,False,U3
genre,speech,may/activity,T1,cfnai,71,0.597,124,0.0044,0.9612,-0.0413,0.6486,0.9626,True,U3
genre,speech,may/activity,T1,vix,71,0.597,124,0.0166,0.8544,-0.0114,0.9002,0.9981,True,U3
genre,speech,may/activity,T2,cfnai,70,0.585,118,-0.1472,0.1117,-0.0591,0.5246,0.9606,True,U3
genre,speech,may/activity,T2,vix,70,0.585,118,0.1087,0.2414,0.0234,0.8015,0.8876,True,U3
genre,speech,may/activity,T3,cfnai,101,0.563,174,-0.0021,0.9776,-0.0525,0.4912,0.9455,True,U3
genre,speech,may/activity,T3,vix,101,0.563,174,0.0023,0.9761,0.0062,0.9354,0.9909,True,U3
genre,speech,may/activity,H1,cfnai,48,0.589,73,-0.1969,0.095,-0.1782,0.1314,0.7885,True,U3
genre,speech,may/activity,H1,vix,48,0.589,73,-0.0025,0.9833,0.007,0.9532,0.9745,True,U3
genre,speech,may/activity,H2,cfnai,22,0.578,45,-0.1552,0.3088,-0.0073,0.9621,0.9709,False,U3
genre,speech,may/activity,H2,vix,22,0.578,45,-0.0214,0.8892,-0.0332,0.8285,0.9679,False,U3
genre,speech,may/causative,T1,cfnai,43,0.75,124,-0.0073,0.9361,-0.0175,0.8466,0.9626,False,U3
genre,speech,may/causative,T1,vix,43,0.75,124,-0.067,0.4597,-0.2087,0.02,0.1001,False,U3
genre,speech,may/causative,T2,cfnai,42,0.746,118,-0.0513,0.5813,-0.0091,0.9222,0.9606,False,U3
genre,speech,may/causative,T2,vix,42,0.746,118,-0.1094,0.2385,-0.2218,0.0158,0.0897,False,U3
genre,speech,may/causative,T3,cfnai,69,0.747,174,-0.0112,0.8838,-0.0137,0.8572,0.9693,False,U3
genre,speech,may/causative,T3,vix,69,0.747,174,-0.0678,0.3743,-0.1497,0.0486,0.1954,False,U3
genre,speech,may/causative,H1,cfnai,37,0.644,73,-0.0369,0.7563,0.0593,0.6182,0.9568,False,U3
genre,speech,may/causative,H1,vix,37,0.644,73,-0.1031,0.3854,-0.0805,0.4984,0.8902,False,U3
genre,speech,may/causative,H2,cfnai,5,0.911,45,-0.0466,0.7614,-0.1689,0.2672,0.6776,False,U3
genre,speech,may/causative,H2,vix,5,0.911,45,0.1236,0.4186,-0.0173,0.91,0.9872,False,U3
genre,speech,may/copular_adj,T1,cfnai,45,0.782,124,0.0237,0.7942,-0.0069,0.9395,0.9626,False,U3
genre,speech,may/copular_adj,T1,vix,45,0.782,124,-0.152,0.092,-0.1931,0.0317,0.1276,False,U3
genre,speech,may/copular_adj,T2,cfnai,45,0.771,118,-0.0801,0.3885,-0.0358,0.7007,0.9606,False,U3
genre,speech,may/copular_adj,T2,vix,45,0.771,118,-0.139,0.1332,-0.1622,0.0793,0.277,False,U3
genre,speech,may/copular_adj,T3,cfnai,70,0.741,174,0.0269,0.7244,0.0304,0.6902,0.9693,False,U3
genre,speech,may/copular_adj,T3,vix,70,0.741,174,-0.1133,0.1368,-0.1239,0.1032,0.2779,False,U3
genre,speech,may/copular_adj,H1,cfnai,41,0.685,73,0.057,0.6319,0.0479,0.6871,0.9568,False,U3
genre,speech,may/copular_adj,H1,vix,41,0.685,73,-0.0239,0.8407,-0.0338,0.7764,0.9745,False,U3
genre,speech,may/copular_adj,H2,cfnai,4,0.911,45,-0.2566,0.0888,-0.2276,0.1327,0.572,False,U3
genre,speech,may/copular_adj,H2,vix,4,0.911,45,-0.0494,0.7472,-0.0987,0.5187,0.8804,False,U3
genre,speech,may/existence,T1,cfnai,30,0.831,124,0.0102,0.9104,0.0551,0.5436,0.9626,False,U3
genre,speech,may/existence,T1,vix,30,0.831,124,0.0263,0.7715,-0.0082,0.9282,0.9981,False,U3
genre,speech,may/existence,T2,cfnai,29,0.831,118,0.0437,0.6384,0.0765,0.4103,0.9526,False,U3
genre,speech,may/existence,T2,vix,29,0.831,118,0.1059,0.2539,-0.0031,0.9733,0.9811,False,U3
genre,speech,may/existence,T3,cfnai,47,0.805,174,0.0125,0.8699,0.0508,0.5056,0.9455,False,U3
genre,speech,may/existence,T3,vix,47,0.805,174,0.0469,0.5385,0.0169,0.8244,0.9725,False,U3
genre,speech,may/existence,H1,cfnai,21,0.808,73,0.1165,0.3262,0.1301,0.2726,0.9568,False,U3
genre,speech,may/existence,H1,vix,21,0.808,73,-0.0281,0.8137,-0.052,0.6619,0.898,False,U3
genre,speech,may/existence,H2,cfnai,8,0.867,45,-0.0217,0.8877,0.0128,0.9337,0.9646,False,U3
genre,speech,may/existence,H2,vix,8,0.867,45,0.2721,0.0706,0.2263,0.1349,0.6024,False,U3
genre,speech,may/occurrence,T1,cfnai,31,0.798,124,0.0132,0.884,-0.0015,0.9869,0.9885,False,U3
genre,speech,may/occurrence,T1,vix,31,0.798,124,-0.0671,0.4593,-0.0614,0.4985,0.6923,False,U3
genre,speech,may/occurrence,T2,cfnai,31,0.788,118,-0.0698,0.4526,-0.0275,0.7678,0.9606,False,U3
genre,speech,may/occurrence,T2,vix,31,0.788,118,-0.0365,0.6944,-0.024,0.7963,0.8876,False,U3
genre,speech,may/occurrence,T3,cfnai,48,0.787,174,0.013,0.8644,0.0107,0.8884,0.9693,False,U3
genre,speech,may/occurrence,T3,vix,48,0.787,174,-0.038,0.619,-0.0128,0.8668,0.9818,False,U3
genre,speech,may/occurrence,H1,cfnai,26,0.726,73,-0.1243,0.2946,-0.0438,0.7131,0.9568,False,U3
genre,speech,may/occurrence,H1,vix,26,0.726,73,0.0486,0.6832,0.147,0.2147,0.6113,False,U3
genre,speech,may/occurrence,H2,cfnai,5,0.889,45,0.0612,0.6898,-0.0189,0.902,0.9555,False,U3
genre,speech,may/occurrence,H2,vix,5,0.889,45,0.0691,0.6518,0.0351,0.8188,0.9679,False,U3
genre,speech,may/other,T1,cfnai,83,0.694,124,0.1062,0.2403,0.0476,0.5998,0.9626,False,U3
genre,speech,may/other,T1,vix,83,0.694,124,-0.0609,0.5019,-0.1021,0.2591,0.4764,False,U3
genre,speech,may/other,T2,cfnai,81,0.686,118,-0.0711,0.444,-0.017,0.8549,0.9606,False,U3
genre,speech,may/other,T2,vix,81,0.686,118,-0.0151,0.8713,-0.0884,0.3413,0.5925,False,U3
genre,speech,may/other,T3,cfnai,119,0.655,174,0.0963,0.206,0.0789,0.3007,0.8295,False,U3
genre,speech,may/other,T3,vix,119,0.655,174,-0.0497,0.5145,-0.029,0.7037,0.8874,False,U3
genre,speech,may/other,H1,cfnai,69,0.616,73,0.0002,0.999,0.0244,0.8379,0.9849,False,U3
genre,speech,may/other,H1,vix,69,0.616,73,-0.0072,0.9517,-0.0314,0.7921,0.9745,False,U3
genre,speech,may/other,H2,cfnai,12,0.8,45,-0.1415,0.3538,-0.0818,0.5933,0.8824,False,U3
genre,speech,may/other,H2,vix,12,0.8,45,0.1866,0.2197,0.118,0.4403,0.8292,False,U3
genre,speech,should/activity,T1,cfnai,40,0.766,124,0.0245,0.7871,0.0392,0.6657,0.9626,False,U3
genre,speech,should/activity,T1,vix,40,0.766,124,0.2646,0.003,-0.0024,0.9789,0.9981,False,U3
genre,speech,should/activity,T2,cfnai,38,0.763,118,-0.0241,0.7957,0.0379,0.6833,0.9606,False,U3
genre,speech,should/activity,T2,vix,38,0.763,118,0.0768,0.4083,0.0021,0.9819,0.9819,False,U3
genre,speech,should/activity,T3,cfnai,73,0.707,174,0.0207,0.7865,0.0107,0.8882,0.9693,False,U3
genre,speech,should/activity,T3,vix,73,0.707,174,0.2039,0.007,0.0806,0.2905,0.5115,False,U3
genre,speech,should/activity,H1,cfnai,29,0.726,73,0.2094,0.0754,0.1231,0.2997,0.9568,False,U3
genre,speech,should/activity,H1,vix,29,0.726,73,0.0954,0.4218,0.0623,0.6007,0.8902,False,U3
genre,speech,should/activity,H2,cfnai,9,0.822,45,-0.1553,0.3084,-0.116,0.4479,0.7752,False,U3
genre,speech,should/activity,H2,vix,9,0.822,45,0.0452,0.7679,0.0433,0.7777,0.9618,False,U3
genre,speech,should/other,T1,cfnai,56,0.734,124,0.0325,0.7203,-0.0308,0.7339,0.9626,False,U3
genre,speech,should/other,T1,vix,56,0.734,124,0.0378,0.6768,-0.2126,0.0177,0.0924,False,U3
genre,speech,should/other,T2,cfnai,55,0.729,118,-0.0393,0.6726,-0.0443,0.634,0.9606,False,U3
genre,speech,should/other,T2,vix,55,0.729,118,-0.0645,0.4874,-0.2224,0.0155,0.0897,False,U3
genre,speech,should/other,T3,cfnai,84,0.707,174,0.0218,0.7756,-0.0933,0.2209,0.8207,False,U3
genre,speech,should/other,T3,vix,84,0.707,174,0.0631,0.4081,-0.1149,0.1312,0.3037,False,U3
genre,speech,should/other,H1,cfnai,48,0.644,73,0.1262,0.2872,0.0451,0.7048,0.9568,False,U3
genre,speech,should/other,H1,vix,48,0.644,73,-0.0783,0.51,-0.1467,0.2157,0.6113,False,U3
genre,speech,should/other,H2,cfnai,7,0.867,45,-0.1679,0.2704,-0.2059,0.1747,0.616,False,U3
genre,speech,should/other,H2,vix,7,0.867,45,0.0503,0.7428,-0.068,0.6571,0.958,False,U3
genre,speech,will/activity,T1,cfnai,179,0.306,124,-0.2672,0.0027,-0.2182,0.0149,0.3105,True,U3
genre,speech,will/activity,T1,vix,179,0.306,124,0.2849,0.0013,0.165,0.067,0.2003,True,U3
genre,speech,will/activity,T2,cfnai,167,0.314,118,-0.0729,0.4329,-0.1933,0.036,0.5005,True,U3
genre,speech,will/activity,T2,vix,167,0.314,118,0.1993,0.0305,0.1312,0.1566,0.3838,True,U3
genre,speech,will/activity,T3,cfnai,254,0.299,174,-0.2512,0.0008,-0.1785,0.0185,0.3845,True,U3
genre,speech,will/activity,T3,vix,254,0.299,174,0.2122,0.0049,0.1419,0.0619,0.21,True,U3
genre,speech,will/activity,H1,cfnai,100,0.329,73,-0.295,0.0113,-0.1961,0.0964,0.7431,True,U3
genre,speech,will/activity,H1,vix,100,0.329,73,0.0376,0.7523,0.0593,0.6182,0.8902,True,U3
genre,speech,will/activity,H2,cfnai,67,0.289,45,0.0028,0.9853,-0.1581,0.2997,0.6776,True,U3
genre,speech,will/activity,H2,vix,67,0.289,45,0.0211,0.8906,-0.0846,0.5808,0.9429,True,U3
genre,speech,will/aspectual,T1,cfnai,114,0.492,124,-0.1603,0.0754,-0.1148,0.2043,0.7708,True,U3
genre,speech,will/aspectual,T1,vix,114,0.492,124,0.0488,0.5901,0.0226,0.803,0.9587,True,U3
genre,speech,will/aspectual,T2,cfnai,110,0.5,118,-0.0776,0.4036,-0.0738,0.4268,0.9526,True,U3
genre,speech,will/aspectual,T2,vix,110,0.5,118,-0.0042,0.9643,-0.0063,0.9456,0.961,True,U3
genre,speech,will/aspectual,T3,cfnai,163,0.506,174,-0.1546,0.0417,-0.1259,0.0979,0.5838,True,U3
genre,speech,will/aspectual,T3,vix,163,0.506,174,0.0357,0.6397,-0.0003,0.9971,0.9991,True,U3
genre,speech,will/aspectual,H1,cfnai,67,0.507,73,0.0771,0.5167,0.054,0.65,0.9568,True,U3
genre,speech,will/aspectual,H1,vix,67,0.507,73,-0.0134,0.9107,0.0593,0.6184,0.8902,True,U3
genre,speech,will/aspectual,H2,cfnai,43,0.489,45,-0.2099,0.1664,-0.2185,0.1493,0.6107,True,U3
genre,speech,will/aspectual,H2,vix,43,0.489,45,-0.1919,0.2067,-0.1955,0.1981,0.6693,True,U3
genre,speech,will/causative,T1,cfnai,50,0.734,124,0.0796,0.3795,0.047,0.6042,0.9626,False,U3
genre,speech,will/causative,T1,vix,50,0.734,124,-0.0853,0.3465,-0.1751,0.0518,0.1798,False,U3
genre,speech,will/causative,T2,cfnai,47,0.737,118,0.1534,0.0973,0.0239,0.7971,0.9606,False,U3
genre,speech,will/causative,T2,vix,47,0.737,118,-0.0799,0.3895,-0.1992,0.0306,0.1416,False,U3
genre,speech,will/causative,T3,cfnai,76,0.701,174,0.076,0.319,0.0476,0.5324,0.9508,False,U3
genre,speech,will/causative,T3,vix,76,0.701,174,-0.1032,0.1756,-0.1172,0.1234,0.3011,False,U3
genre,speech,will/causative,H1,cfnai,34,0.671,73,-0.0066,0.956,0.0049,0.9673,0.9922,False,U3
genre,speech,will/causative,H1,vix,34,0.671,73,-0.2518,0.0316,-0.2035,0.0842,0.4661,False,U3
genre,speech,will/causative,H2,cfnai,13,0.844,45,0.2498,0.098,0.0391,0.7988,0.9354,False,U3
genre,speech,will/causative,H2,vix,13,0.844,45,0.0186,0.9036,-0.0169,0.9122,0.9872,False,U3
genre,speech,will/communication,T1,cfnai,117,0.508,124,0.0512,0.5722,-0.0368,0.6845,0.9626,True,U3
genre,speech,will/communication,T1,vix,117,0.508,124,-0.11,0.2241,-0.1314,0.1459,0.3256,True,U3
genre,speech,will/communication,T2,cfnai,114,0.508,118,-0.0768,0.4082,-0.0641,0.4902,0.9606,True,U3
genre,speech,will/communication,T2,vix,114,0.508,118,-0.081,0.3831,-0.1249,0.1777,0.4192,True,U3
genre,speech,will/communication,T3,cfnai,172,0.471,174,0.0479,0.5303,-0.0303,0.6918,0.9693,True,U3
genre,speech,will/communication,T3,vix,172,0.471,174,-0.0487,0.5234,-0.0809,0.2884,0.5115,True,U3
genre,speech,will/communication,H1,cfnai,91,0.425,73,-0.2485,0.034,-0.2656,0.0232,0.6197,True,U3
genre,speech,will/communication,H1,vix,91,0.425,73,-0.0327,0.7836,-0.0501,0.6735,0.898,True,U3
genre,speech,will/communication,H2,cfnai,23,0.644,45,0.0683,0.6556,0.1545,0.3108,0.6776,False,U3
genre,speech,will/communication,H2,vix,23,0.644,45,-0.0845,0.5812,-0.0433,0.7778,0.9618,False,U3
genre,speech,will/copular_adj,T1,cfnai,84,0.589,124,0.1052,0.2449,0.008,0.9297,0.9626,True,U3
genre,speech,will/copular_adj,T1,vix,84,0.589,124,0.0864,0.3398,0.0047,0.9588,0.9981,True,U3
genre,speech,will/copular_adj,T2,cfnai,80,0.593,118,0.0341,0.7138,-0.0274,0.7683,0.9606,True,U3
genre,speech,will/copular_adj,T2,vix,80,0.593,118,0.0696,0.4538,-0.0117,0.8997,0.9218,True,U3
genre,speech,will/copular_adj,T3,cfnai,125,0.552,174,0.0979,0.199,0.0481,0.5285,0.9508,True,U3
genre,speech,will/copular_adj,T3,vix,125,0.552,174,0.0935,0.2199,0.0001,0.9991,0.9991,True,U3
genre,speech,will/copular_adj,H1,cfnai,56,0.562,73,0.0686,0.5644,-0.0195,0.8698,0.9922,True,U3
genre,speech,will/copular_adj,H1,vix,56,0.562,73,0.0887,0.4555,0.0553,0.6419,0.8902,True,U3
genre,speech,will/copular_adj,H2,cfnai,24,0.644,45,0.0031,0.9841,-0.0598,0.6965,0.9232,False,U3
genre,speech,will/copular_adj,H2,vix,24,0.644,45,-0.0084,0.9566,-0.0383,0.8026,0.9679,False,U3
genre,speech,will/copular_nom,T1,cfnai,41,0.758,124,-0.0084,0.9266,-0.1352,0.1342,0.6215,False,U3
genre,speech,will/copular_nom,T1,vix,41,0.758,124,0.0943,0.2973,-0.0038,0.9662,0.9981,False,U3
genre,speech,will/copular_nom,T2,cfnai,38,0.771,118,-0.0279,0.7641,-0.0936,0.3133,0.9271,False,U3
genre,speech,will/copular_nom,T2,vix,38,0.771,118,-0.0307,0.7415,-0.0582,0.5315,0.7,False,U3
genre,speech,will/copular_nom,T3,cfnai,56,0.741,174,-0.0087,0.909,-0.1038,0.173,0.7476,False,U3
genre,speech,will/copular_nom,T3,vix,56,0.741,174,0.0455,0.5513,0.0034,0.9642,0.9961,False,U3
genre,speech,will/copular_nom,H1,cfnai,28,0.767,73,0.0639,0.5913,0.0552,0.6426,0.9568,False,U3
genre,speech,will/copular_nom,H1,vix,28,0.767,73,0.0188,0.8743,0.0117,0.9218,0.9745,False,U3
genre,speech,will/copular_nom,H2,cfnai,10,0.778,45,-0.12,0.4322,-0.2862,0.0567,0.468,False,U3
genre,speech,will/copular_nom,H2,vix,10,0.778,45,-0.1186,0.4377,-0.1604,0.2926,0.7714,False,U3
genre,speech,will/existence,T1,cfnai,58,0.669,124,0.0033,0.9713,0.0541,0.5504,0.9626,False,U3
genre,speech,will/existence,T1,vix,58,0.669,124,0.134,0.1378,-0.0772,0.3941,0.6157,False,U3
genre,speech,will/existence,T2,cfnai,57,0.661,118,0.0732,0.4308,0.0619,0.5057,0.9606,False,U3
genre,speech,will/existence,T2,vix,57,0.661,118,0.1947,0.0346,-0.0644,0.4884,0.7,False,U3
genre,speech,will/existence,T3,cfnai,87,0.638,174,-0.0041,0.9569,0.012,0.8753,0.9693,False,U3
genre,speech,will/existence,T3,vix,87,0.638,174,0.0681,0.3718,-0.074,0.3316,0.5602,False,U3
genre,speech,will/existence,H1,cfnai,43,0.603,73,0.3208,0.0057,0.2246,0.0561,0.6734,False,U3
genre,speech,will/existence,H1,vix,43,0.603,73,0.1316,0.2669,-0.0844,0.4775,0.8902,False,U3
genre,speech,will/existence,H2,cfnai,14,0.756,45,-0.054,0.7248,-0.1539,0.3128,0.6776,False,U3
genre,speech,will/existence,H2,vix,14,0.756,45,0.2223,0.1422,0.0983,0.5204,0.8804,False,U3
genre,speech,will/mental,T1,cfnai,68,0.637,124,0.0398,0.6609,0.0232,0.7981,0.9626,False,U3
genre,speech,will/mental,T1,vix,68,0.637,124,0.0147,0.8712,0.0337,0.7102,0.8935,False,U3
genre,speech,will/mental,T2,cfnai,68,0.619,118,-0.0631,0.4973,-0.016,0.8635,0.9606,False,U3
genre,speech,will/mental,T2,vix,68,0.619,118,0.1481,0.1095,0.1017,0.2732,0.5447,False,U3
genre,speech,will/mental,T3,cfnai,87,0.644,174,0.0232,0.7616,-0.0516,0.4993,0.9455,False,U3
genre,speech,will/mental,T3,vix,87,0.644,174,-0.0373,0.6252,-0.0298,0.6958,0.8874,False,U3
genre,speech,will/mental,H1,cfnai,38,0.671,73,-0.2005,0.089,-0.0616,0.6045,0.9568,False,U3
genre,speech,will/mental,H1,vix,38,0.671,73,0.0335,0.7784,-0.0048,0.9676,0.9745,False,U3
genre,speech,will/mental,H2,cfnai,30,0.533,45,-0.0462,0.763,0.0342,0.8237,0.9354,False,U3
genre,speech,will/mental,H2,vix,30,0.533,45,-0.0735,0.6314,-0.0676,0.6591,0.958,False,U3
genre,speech,will/occurrence,T1,cfnai,119,0.548,124,0.0438,0.6292,-0.1382,0.1257,0.6045,True,U3
genre,speech,will/occurrence,T1,vix,119,0.548,124,-0.1423,0.1149,-0.2353,0.0085,0.0534,True,U3
genre,speech,will/occurrence,T2,cfnai,117,0.542,118,-0.1384,0.1351,-0.1981,0.0315,0.5005,True,U3
genre,speech,will/occurrence,T2,vix,117,0.542,118,-0.1031,0.2665,-0.2186,0.0174,0.0907,True,U3
genre,speech,will/occurrence,T3,cfnai,173,0.54,174,0.0305,0.6894,-0.156,0.0398,0.5381,True,U3
genre,speech,will/occurrence,T3,vix,173,0.54,174,-0.0965,0.2051,-0.1375,0.0704,0.2146,True,U3
genre,speech,will/occurrence,H1,cfnai,91,0.493,73,-0.0392,0.742,-0.1482,0.2109,0.9491,True,U3
genre,speech,will/occurrence,H1,vix,91,0.493,73,-0.0611,0.6079,-0.1591,0.1789,0.6113,True,U3
genre,speech,will/occurrence,H2,cfnai,26,0.622,45,-0.2348,0.1205,-0.2495,0.0984,0.5367,False,U3
genre,speech,will/occurrence,H2,vix,26,0.622,45,-0.1239,0.4174,-0.2124,0.1614,0.635,False,U3
genre,speech,will/other,T1,cfnai,253,0.258,124,-0.0456,0.615,-0.0176,0.8463,0.9626,True,U3
genre,speech,will/other,T1,vix,253,0.258,124,0.1147,0.2046,0.0667,0.4615,0.6762,True,U3
genre,speech,will/other,T2,cfnai,236,0.263,118,-0.0092,0.9217,0.014,0.8803,0.9606,True,U3
genre,speech,will/other,T2,vix,236,0.263,118,-0.0327,0.725,0.0164,0.8598,0.8956,True,U3
genre,speech,will/other,T3,cfnai,359,0.241,174,-0.0481,0.5289,-0.0067,0.9299,0.9693,True,U3
genre,speech,will/other,T3,vix,359,0.241,174,0.1123,0.1402,0.0908,0.2332,0.4484,True,U3
genre,speech,will/other,H1,cfnai,171,0.205,73,-0.0589,0.6204,0.023,0.847,0.9849,True,U3
genre,speech,will/other,H1,vix,171,0.205,73,0.0573,0.6302,0.0665,0.5764,0.8902,True,U3
genre,speech,will/other,H2,cfnai,65,0.356,45,0.0426,0.7811,-0.0193,0.8998,0.9555,True,U3
genre,speech,will/other,H2,vix,65,0.356,45,-0.1582,0.2993,-0.0965,0.5282,0.8804,True,U3
genre,speech,will/policy_action,T1,cfnai,77,0.645,124,0.0854,0.3456,0.0308,0.7339,0.9626,False,U3
genre,speech,will/policy_action,T1,vix,77,0.645,124,0.0477,0.5989,0.0661,0.4656,0.6762,False,U3
genre,speech,will/policy_action,T2,cfnai,75,0.644,118,0.1264,0.1727,0.0046,0.9607,0.9684,False,U3
genre,speech,will/policy_action,T2,vix,75,0.644,118,0.1165,0.2091,0.077,0.4074,0.6613,False,U3
genre,speech,will/policy_action,T3,cfnai,102,0.649,174,0.059,0.4396,-0.0891,0.2424,0.8207,False,U3
genre,speech,will/policy_action,T3,vix,102,0.649,174,0.0636,0.4047,0.1159,0.1277,0.3011,False,U3
genre,speech,will/policy_action,H1,cfnai,51,0.671,73,-0.2412,0.0398,-0.2278,0.0526,0.6734,False,U3
genre,speech,will/policy_action,H1,vix,51,0.671,73,-0.0355,0.7656,-0.0242,0.8388,0.9745,False,U3
genre,speech,will/policy_action,H2,cfnai,24,0.6,45,0.2889,0.0543,0.2751,0.0674,0.468,False,U3
genre,speech,will/policy_action,H2,vix,24,0.6,45,0.0699,0.6482,0.1047,0.4935,0.8804,False,U3
genre,speech,would/activity,T1,cfnai,52,0.734,124,0.0242,0.7898,0.0601,0.5072,0.9626,False,U3
genre,speech,would/activity,T1,vix,52,0.734,124,-0.1564,0.0827,-0.291,0.001,0.0109,False,U3
genre,speech,would/activity,T2,cfnai,52,0.72,118,-0.0679,0.4649,0.0306,0.7425,0.9606,False,U3
genre,speech,would/activity,T2,vix,52,0.72,118,-0.1511,0.1025,-0.2637,0.0039,0.0349,False,U3
genre,speech,would/activity,T3,cfnai,80,0.695,174,0.0213,0.7802,0.0268,0.7256,0.9693,False,U3
genre,speech,would/activity,T3,vix,80,0.695,174,-0.1463,0.054,-0.2376,0.0016,0.0249,False,U3
genre,speech,would/activity,H1,cfnai,46,0.63,73,-0.0847,0.4764,-0.0273,0.8189,0.9849,False,U3
genre,speech,would/activity,H1,vix,46,0.63,73,-0.0921,0.4384,-0.2529,0.0308,0.3701,False,U3
genre,speech,would/activity,H2,cfnai,6,0.867,45,-0.0161,0.9166,0.1192,0.4353,0.7752,False,U3
genre,speech,would/activity,H2,vix,6,0.867,45,0.0798,0.6024,0.1592,0.2962,0.7714,False,U3
genre,speech,would/causative,T1,cfnai,48,0.766,124,0.0573,0.5272,0.0201,0.825,0.9626,False,U3
genre,speech,would/causative,T1,vix,48,0.766,124,-0.0676,0.4555,-0.132,0.1439,0.3256,False,U3
genre,speech,would/causative,T2,cfnai,46,0.771,118,-0.0522,0.5743,-0.0101,0.914,0.9606,False,U3
genre,speech,would/causative,T2,vix,46,0.771,118,-0.0497,0.5929,-0.1542,0.0955,0.3037,False,U3
genre,speech,would/causative,T3,cfnai,69,0.741,174,0.0504,0.5089,0.0083,0.9134,0.9693,False,U3
genre,speech,would/causative,T3,vix,69,0.741,174,-0.0937,0.2187,-0.1673,0.0274,0.1316,False,U3
genre,speech,would/causative,H1,cfnai,35,0.726,73,0.0332,0.7801,0.0676,0.5698,0.9568,False,U3
genre,speech,would/causative,H1,vix,35,0.726,73,-0.2147,0.0681,-0.2546,0.0297,0.3701,False,U3
genre,speech,would/causative,H2,cfnai,11,0.844,45,-0.1203,0.4312,-0.0921,0.5472,0.8658,False,U3
genre,speech,would/causative,H2,vix,11,0.844,45,0.0972,0.5255,0.1374,0.368,0.7797,False,U3
genre,speech,would/copular_adj,T1,cfnai,92,0.669,124,0.1303,0.1493,-0.0335,0.7119,0.9626,False,U3
genre,speech,would/copular_adj,T1,vix,92,0.669,124,-0.0995,0.2714,-0.1573,0.0811,0.2303,False,U3
genre,speech,would/copular_adj,T2,cfnai,89,0.661,118,-0.1181,0.2027,-0.1123,0.2262,0.8243,False,U3
genre,speech,would/copular_adj,T2,vix,89,0.661,118,-0.0904,0.3301,-0.1463,0.1139,0.3312,False,U3
genre,speech,would/copular_adj,T3,cfnai,139,0.603,174,0.1143,0.1333,-0.0216,0.7771,0.9693,False,U3
genre,speech,would/copular_adj,T3,vix,139,0.603,174,-0.1355,0.0746,-0.1535,0.0431,0.186,False,U3
genre,speech,would/copular_adj,H1,cfnai,71,0.616,73,-0.0338,0.7765,-0.0585,0.6231,0.9568,False,U3
genre,speech,would/copular_adj,H1,vix,71,0.616,73,-0.0883,0.4576,-0.073,0.5395,0.8902,False,U3
genre,speech,would/copular_adj,H2,cfnai,18,0.733,45,-0.1908,0.2093,-0.2079,0.1706,0.616,False,U3
genre,speech,would/copular_adj,H2,vix,18,0.733,45,-0.1373,0.3683,-0.1479,0.3321,0.7797,False,U3
genre,speech,would/existence,T1,cfnai,47,0.742,124,-0.0481,0.5961,-0.1499,0.0965,0.6001,False,U3
genre,speech,would/existence,T1,vix,47,0.742,124,-0.0517,0.5684,-0.1672,0.0635,0.1984,False,U3
genre,speech,would/existence,T2,cfnai,45,0.737,118,-0.2115,0.0215,-0.1563,0.091,0.6317,False,U3
genre,speech,would/existence,T2,vix,45,0.737,118,-0.0024,0.9797,-0.161,0.0816,0.277,False,U3
genre,speech,would/existence,T3,cfnai,65,0.741,174,-0.038,0.6183,-0.067,0.3798,0.8853,False,U3
genre,speech,would/existence,T3,vix,65,0.741,174,-0.0736,0.3345,-0.1702,0.0248,0.1316,False,U3
genre,speech,would/existence,H1,cfnai,34,0.685,73,-0.0848,0.4758,-0.0927,0.4353,0.9568,False,U3
genre,speech,would/existence,H1,vix,34,0.685,73,-0.2288,0.0515,-0.2423,0.0389,0.3997,False,U3
genre,speech,would/existence,H2,cfnai,11,0.822,45,-0.2855,0.0573,-0.3021,0.0437,0.3899,False,U3
genre,speech,would/existence,H2,vix,11,0.822,45,0.026,0.8654,0.0903,0.5551,0.913,False,U3
genre,speech,would/mental,T1,cfnai,39,0.79,124,-0.0605,0.5045,0.0051,0.9555,0.971,False,U3
genre,speech,would/mental,T1,vix,39,0.79,124,0.0956,0.2911,-0.0529,0.5597,0.7688,False,U3
genre,speech,would/mental,T2,cfnai,37,0.797,118,-0.0288,0.7571,0.0549,0.555,0.9606,False,U3
genre,speech,would/mental,T2,vix,37,0.797,118,0.0693,0.4561,-0.0873,0.3471,0.593,False,U3
genre,speech,would/mental,T3,cfnai,50,0.787,174,-0.0642,0.4003,-0.0137,0.8579,0.9693,False,U3
genre,speech,would/mental,T3,vix,50,0.787,174,0.0525,0.4913,-0.0741,0.3312,0.5602,False,U3
genre,speech,would/mental,H1,cfnai,30,0.726,73,-0.0698,0.5572,0.0228,0.8481,0.9849,False,U3
genre,speech,would/mental,H1,vix,30,0.726,73,-0.0217,0.8554,0.0093,0.9375,0.9745,False,U3
genre,speech,would/mental,H2,cfnai,7,0.911,45,0.0161,0.9166,0.0862,0.5733,0.8824,False,U3
genre,speech,would/mental,H2,vix,7,0.911,45,0.2857,0.0571,0.2055,0.1757,0.6459,False,U3
genre,speech,would/occurrence,T1,cfnai,42,0.766,124,0.0859,0.3428,0.0442,0.6261,0.9626,False,U3
genre,speech,would/occurrence,T1,vix,42,0.766,124,-0.0057,0.9503,0.024,0.7917,0.9587,False,U3
genre,speech,would/occurrence,T2,cfnai,40,0.771,118,0.0566,0.5429,0.0187,0.8407,0.9606,False,U3
genre,speech,would/occurrence,T2,vix,40,0.771,118,0.0405,0.663,0.0138,0.8821,0.9113,False,U3
genre,speech,would/occurrence,T3,cfnai,59,0.764,174,0.0634,0.4056,0.0278,0.7162,0.9693,False,U3
genre,speech,would/occurrence,T3,vix,59,0.764,174,-0.0335,0.661,-0.0189,0.8049,0.9674,False,U3
genre,speech,would/occurrence,H1,cfnai,28,0.753,73,0.0242,0.839,0.0156,0.8958,0.9922,False,U3
genre,speech,would/occurrence,H1,vix,28,0.753,73,-0.131,0.2693,-0.0113,0.9242,0.9745,False,U3
genre,speech,would/occurrence,H2,cfnai,12,0.8,45,0.0749,0.625,0.0257,0.8668,0.9421,False,U3
genre,speech,would/occurrence,H2,vix,12,0.8,45,0.1464,0.3374,0.1143,0.4548,0.836,False,U3
genre,speech,would/other,T1,cfnai,158,0.435,124,0.1238,0.1707,0.0779,0.3896,0.9626,True,U3
genre,speech,would/other,T1,vix,158,0.435,124,-0.0813,0.3694,-0.172,0.0561,0.1871,True,U3
genre,speech,would/other,T2,cfnai,152,0.441,118,0.0302,0.7453,0.0505,0.5873,0.9606,True,U3
genre,speech,would/other,T2,vix,152,0.441,118,-0.1598,0.084,-0.1968,0.0327,0.1446,True,U3
genre,speech,would/other,T3,cfnai,241,0.391,174,0.0982,0.1975,0.0059,0.9383,0.9693,True,U3
genre,speech,would/other,T3,vix,241,0.391,174,-0.0265,0.7283,-0.0874,0.2515,0.4764,True,U3
genre,speech,would/other,H1,cfnai,118,0.329,73,-0.0689,0.5625,-0.0895,0.4517,0.9568,True,U3
genre,speech,would/other,H1,vix,118,0.329,73,-0.1166,0.3257,-0.1251,0.2916,0.704,True,U3
genre,speech,would/other,H2,cfnai,34,0.622,45,0.1181,0.4397,0.1892,0.2132,0.6662,False,U3
genre,speech,would/other,H2,vix,34,0.622,45,-0.1563,0.3051,-0.1519,0.3193,0.7797,False,U3
genre,statement,could/causative,T1,cfnai,50,0.505,101,0.1416,0.1578,-0.0624,0.535,0.9626,True,U3
genre,statement,could/causative,T1,vix,50,0.505,101,0.1793,0.0727,0.3319,0.0007,0.0087,True,U3
genre,statement,could/causative,T2,cfnai,47,0.484,91,-0.079,0.4567,-0.1674,0.1127,0.6709,True,U3
genre,statement,could/causative,T2,vix,47,0.484,91,0.4576,0.0,0.451,0.0,0.0005,True,U3
genre,statement,could/causative,T3,cfnai,54,0.594,133,0.127,0.1453,-0.0108,0.9017,0.9693,True,U3
genre,statement,could/causative,T3,vix,54,0.594,133,0.0968,0.2675,0.1855,0.0326,0.1455,True,U3
genre,statement,could/causative,H1,cfnai,4,0.917,48,0.1142,0.4395,0.0935,0.5272,0.9568,False,U3
genre,statement,could/causative,H1,vix,4,0.917,48,-0.1163,0.4312,-0.0829,0.5755,0.8902,False,U3
genre,statement,could/causative,H2,cfnai,43,0.0,43,-0.6024,0.0,-0.4384,0.0033,0.0818,True,U3
genre,statement,could/causative,H2,vix,43,0.0,43,0.0006,0.9969,-0.0119,0.9398,0.9872,True,U3
genre,statement,will/activity,T1,cfnai,132,0.01,101,-0.2299,0.0207,-0.342,0.0005,0.0193,True,U3
genre,statement,will/activity,T1,vix,132,0.01,101,0.0872,0.3857,0.2237,0.0245,0.1117,True,U3
genre,statement,will/activity,T2,cfnai,118,0.0,91,-0.3411,0.0009,-0.2858,0.006,0.1886,True,U3
genre,statement,will/activity,T2,vix,118,0.0,91,0.1861,0.0773,0.241,0.0214,0.1029,True,U3
genre,statement,will/activity,T3,cfnai,158,0.105,133,-0.1864,0.0317,-0.227,0.0086,0.2152,True,U3
genre,statement,will/activity,T3,vix,158,0.105,133,-0.0797,0.3619,-0.004,0.9636,0.9961,True,U3
genre,statement,will/activity,H1,cfnai,65,0.0,48,-0.2107,0.1507,0.0035,0.981,0.9922,True,U3
genre,statement,will/activity,H1,vix,65,0.0,48,0.2214,0.1304,0.1913,0.1928,0.6113,True,U3
genre,statement,will/activity,H2,cfnai,53,0.0,43,-0.4682,0.0015,-0.4736,0.0013,0.0818,True,U3
genre,statement,will/activity,H2,vix,53,0.0,43,-0.0957,0.5415,-0.0729,0.6423,0.958,True,U3
genre,statement,will/aspectual,T1,cfnai,126,0.327,101,-0.0514,0.6098,-0.1604,0.1092,0.6001,True,U3
genre,statement,will/aspectual,T1,vix,126,0.327,101,0.3333,0.0007,0.4061,0.0,0.001,True,U3
genre,statement,will/aspectual,T2,cfnai,106,0.352,91,-0.0878,0.4077,-0.1753,0.0964,0.6345,True,U3
genre,statement,will/aspectual,T2,vix,106,0.352,91,0.3444,0.0008,0.3925,0.0001,0.0021,True,U3
genre,statement,will/aspectual,T3,cfnai,175,0.286,133,-0.0489,0.576,-0.1494,0.0861,0.5838,True,U3
genre,statement,will/aspectual,T3,vix,175,0.286,133,0.2974,0.0005,0.3372,0.0001,0.003,True,U3
genre,statement,will/aspectual,H1,cfnai,21,0.667,48,-0.1966,0.1804,-0.1744,0.2359,0.9568,False,U3
genre,statement,will/aspectual,H1,vix,21,0.667,48,0.0793,0.5921,0.0686,0.643,0.8902,False,U3
genre,statement,will/aspectual,H2,cfnai,85,0.0,43,-0.2722,0.0774,-0.2556,0.0981,0.5367,True,U3
genre,statement,will/aspectual,H2,vix,85,0.0,43,-0.338,0.0266,-0.3254,0.0333,0.4157,True,U3
genre,statement,will/copular_adj,T1,cfnai,51,0.535,101,0.2216,0.0259,0.3931,0.0,0.003,True,U3
genre,statement,will/copular_adj,T1,vix,51,0.535,101,0.094,0.3499,0.151,0.1317,0.3256,True,U3
genre,statement,will/copular_adj,T2,cfnai,48,0.516,91,0.3161,0.0023,0.3377,0.0011,0.0664,True,U3
genre,statement,will/copular_adj,T2,vix,48,0.516,91,0.2958,0.0044,0.219,0.037,0.1542,True,U3
genre,statement,will/copular_adj,T3,cfnai,61,0.579,133,0.2041,0.0185,0.3528,0.0,0.0039,True,U3
genre,statement,will/copular_adj,T3,vix,61,0.579,133,-0.0058,0.9472,-0.0076,0.9312,0.9909,True,U3
genre,statement,will/copular_adj,H1,cfnai,24,0.542,48,0.169,0.2509,0.1897,0.1965,0.943,False,U3
genre,statement,will/copular_adj,H1,vix,24,0.542,48,0.2032,0.166,0.1699,0.2483,0.6385,False,U3
genre,statement,will/copular_adj,H2,cfnai,24,0.488,43,0.4096,0.0064,0.3861,0.0105,0.1319,False,U3
genre,statement,will/copular_adj,H2,vix,24,0.488,43,0.311,0.0424,0.2779,0.0711,0.5231,False,U3
genre,statement,will/mental,T1,cfnai,105,0.257,101,-0.3389,0.0005,-0.2851,0.0039,0.1204,True,U3
genre,statement,will/mental,T1,vix,105,0.257,101,-0.2849,0.0039,-0.3682,0.0002,0.0032,True,U3
genre,statement,will/mental,T2,cfnai,96,0.242,91,-0.3509,0.0007,-0.1811,0.0858,0.6317,True,U3
genre,statement,will/mental,T2,vix,96,0.242,91,-0.4549,0.0,-0.4192,0.0,0.0009,True,U3
genre,statement,will/mental,T3,cfnai,142,0.248,133,-0.3167,0.0002,-0.2701,0.0017,0.052,True,U3
genre,statement,will/mental,T3,vix,142,0.248,133,-0.3121,0.0003,-0.4091,0.0,0.0001,True,U3
genre,statement,will/mental,H1,cfnai,75,0.0,48,-0.0181,0.9027,0.0783,0.5967,0.9568,True,U3
genre,statement,will/mental,H1,vix,75,0.0,48,-0.1939,0.1866,-0.3527,0.014,0.2511,True,U3
genre,statement,will/mental,H2,cfnai,21,0.512,43,-0.5294,0.0003,-0.4529,0.0023,0.0818,False,U3
genre,statement,will/mental,H2,vix,21,0.512,43,-0.3178,0.0378,-0.2571,0.096,0.6002,False,U3
genre,statement,will/occurrence,T1,cfnai,47,0.644,101,-0.0514,0.6099,0.1767,0.0771,0.6001,False,U3
genre,statement,will/occurrence,T1,vix,47,0.644,101,-0.1763,0.0778,-0.2295,0.021,0.1009,False,U3
genre,statement,will/occurrence,T2,cfnai,42,0.659,91,0.1554,0.1413,0.203,0.0537,0.5542,False,U3
genre,statement,will/occurrence,T2,vix,42,0.659,91,-0.3085,0.0029,-0.3639,0.0004,0.0054,False,U3
genre,statement,will/occurrence,T3,cfnai,84,0.579,133,-0.0444,0.6121,0.0954,0.2747,0.8207,True,U3
genre,statement,will/occurrence,T3,vix,84,0.579,133,-0.1846,0.0334,-0.211,0.0148,0.1085,True,U3
genre,statement,will/occurrence,H1,cfnai,36,0.458,48,0.281,0.0531,0.2381,0.1032,0.7431,False,U3
genre,statement,will/occurrence,H1,vix,36,0.458,48,-0.276,0.0575,-0.4,0.0049,0.1164,False,U3
genre,statement,will/occurrence,H2,cfnai,6,0.884,43,0.1361,0.384,0.1699,0.2761,0.6776,False,U3
genre,statement,will/occurrence,H2,vix,6,0.884,43,0.0031,0.9845,0.0483,0.7585,0.9618,False,U3
genre,statement,will/policy_action,T1,cfnai,57,0.614,101,0.0326,0.7461,0.0384,0.7031,0.9626,False,U3
genre,statement,will/policy_action,T1,vix,57,0.614,101,-0.3188,0.0012,-0.4124,0.0,0.001,False,U3
genre,statement,will/policy_action,T2,cfnai,56,0.582,91,-0.0715,0.5008,0.027,0.7998,0.9606,True,U3
genre,statement,will/policy_action,T2,vix,56,0.582,91,-0.3317,0.0013,-0.3871,0.0002,0.0023,True,U3
genre,statement,will/policy_action,T3,cfnai,86,0.556,133,0.0307,0.7261,0.0312,0.7217,0.9693,True,U3
genre,statement,will/policy_action,T3,vix,86,0.556,133,-0.1365,0.1171,-0.1989,0.0217,0.1316,True,U3
genre,statement,will/policy_action,H1,cfnai,52,0.271,48,0.1195,0.4185,0.1435,0.3305,0.9568,True,U3
genre,statement,will/policy_action,H1,vix,52,0.271,48,-0.109,0.4608,-0.2037,0.1649,0.6113,True,U3
genre,statement,will/policy_action,H2,cfnai,4,0.93,43,-0.2232,0.1502,-0.2406,0.1201,0.5638,False,U3
genre,statement,will/policy_action,H2,vix,4,0.93,43,-0.0551,0.7256,0.0029,0.9852,0.9919,False,U3
genre,statement,would/copular_adj,T1,cfnai,46,0.545,101,0.1358,0.1757,-0.0771,0.4432,0.9626,True,U3
genre,statement,would/copular_adj,T1,vix,46,0.545,101,0.1983,0.0468,0.3589,0.0002,0.0036,True,U3
genre,statement,would/copular_adj,T2,cfnai,43,0.527,91,-0.0854,0.4209,-0.1809,0.0861,0.6317,True,U3
genre,statement,would/copular_adj,T2,vix,43,0.527,91,0.474,0.0,0.4739,0.0,0.0003,True,U3
genre,statement,would/copular_adj,T3,cfnai,46,0.654,133,0.1216,0.1633,-0.0208,0.8119,0.9693,False,U3
genre,statement,would/copular_adj,T3,vix,46,0.654,133,0.1316,0.131,0.2467,0.0042,0.0438,False,U3
genre,statement,would/copular_adj,H1,cfnai,0,1.0,48,,,,,,False,U3
genre,statement,would/copular_adj,H1,vix,0,1.0,48,,,,,,False,U3
genre,statement,would/copular_adj,H2,cfnai,43,0.0,43,-0.6024,0.0,-0.4384,0.0033,0.0818,True,U3
genre,statement,would/copular_adj,H2,vix,43,0.0,43,0.0006,0.9969,-0.0119,0.9398,0.9872,True,U3
layer,min_committee,could/causative,T1,cfnai,55,0.465,99,0.1159,0.2534,-0.0966,0.3416,0.9468,True,U3
layer,min_committee,could/causative,T1,vix,55,0.465,99,0.2079,0.0389,0.3253,0.001,0.0082,True,U3
layer,min_committee,could/causative,T2,cfnai,52,0.451,91,-0.1115,0.2927,-0.2037,0.0528,0.4012,True,U3
layer,min_committee,could/causative,T2,vix,52,0.451,91,0.402,0.0001,0.4138,0.0,0.0007,True,U3
layer,min_committee,could/causative,T3,cfnai,75,0.481,131,0.1063,0.2269,-0.0371,0.6742,0.9708,True,U3
layer,min_committee,could/causative,T3,vix,75,0.481,131,0.2137,0.0142,0.2754,0.0015,0.0147,True,U3
layer,min_committee,could/causative,H1,cfnai,9,0.854,48,0.1356,0.358,0.0568,0.7014,0.9647,False,U3
layer,min_committee,could/causative,H1,vix,9,0.854,48,-0.0756,0.6097,-0.0154,0.9173,0.9902,False,U3
layer,min_committee,could/causative,H2,cfnai,43,0.0,43,-0.6488,0.0,-0.5441,0.0002,0.0219,True,U3
layer,min_committee,could/causative,H2,vix,43,0.0,43,-0.0669,0.67,-0.0994,0.526,0.8765,True,U3
layer,min_committee,should/communication,T1,cfnai,38,0.707,99,0.0505,0.6195,-0.0852,0.402,0.9468,False,U3
layer,min_committee,should/communication,T1,vix,38,0.707,99,0.0213,0.8343,0.1665,0.0996,0.2618,False,U3
layer,min_committee,should/communication,T2,cfnai,37,0.692,91,-0.1124,0.2886,-0.1334,0.2075,0.7963,False,U3
layer,min_committee,should/communication,T2,vix,37,0.692,91,0.132,0.2122,0.2394,0.0223,0.0931,False,U3
layer,min_committee,should/communication,T3,cfnai,46,0.74,131,0.0498,0.572,-0.0345,0.6954,0.9708,False,U3
layer,min_committee,should/communication,T3,vix,46,0.74,131,0.0123,0.8889,0.1151,0.1907,0.3848,False,U3
layer,min_committee,should/communication,H1,cfnai,11,0.854,48,0.021,0.8875,-0.0805,0.5865,0.9647,False,U3
layer,min_committee,should/communication,H1,vix,11,0.854,48,0.1635,0.2668,0.2628,0.0712,0.4238,False,U3
layer,min_committee,should/communication,H2,cfnai,26,0.512,43,-0.2025,0.1927,-0.1521,0.3302,0.6714,False,U3
layer,min_committee,should/communication,H2,vix,26,0.512,43,-0.1991,0.2005,-0.1271,0.4166,0.8765,False,U3
layer,min_committee,would/activity,T1,cfnai,108,0.162,99,-0.2468,0.0138,-0.1065,0.2941,0.9281,True,U3
layer,min_committee,would/activity,T1,vix,108,0.162,99,0.3651,0.0002,0.3282,0.0009,0.0082,True,U3
layer,min_committee,would/activity,T2,cfnai,94,0.176,91,0.0533,0.6157,-0.0104,0.9219,0.9629,True,U3
layer,min_committee,would/activity,T2,vix,94,0.176,91,0.2953,0.0045,0.2865,0.0059,0.0336,True,U3
layer,min_committee,would/activity,T3,cfnai,126,0.26,131,-0.1934,0.0269,-0.0004,0.9968,0.9968,True,U3
layer,min_committee,would/activity,T3,vix,126,0.26,131,0.2125,0.0148,0.1642,0.061,0.191,True,U3
layer,min_committee,would/activity,H1,cfnai,44,0.271,48,-0.0809,0.5846,-0.0089,0.9519,0.9928,True,U3
layer,min_committee,would/activity,H1,vix,44,0.271,48,-0.0465,0.7537,-0.0549,0.7108,0.9879,True,U3
layer,min_committee,would/activity,H2,cfnai,50,0.07,43,0.1234,0.4305,0.0463,0.7682,0.9216,True,U3
layer,min_committee,would/activity,H2,vix,50,0.07,43,0.1681,0.2812,0.1077,0.4917,0.8765,True,U3
layer,min_committee,would/aspectual,T1,cfnai,116,0.212,99,-0.1509,0.1361,-0.0852,0.4019,0.9468,True,U3
layer,min_committee,would/aspectual,T1,vix,116,0.212,99,0.448,0.0,0.4753,0.0,0.0,True,U3
layer,min_committee,would/aspectual,T2,cfnai,103,0.22,91,0.0583,0.5833,-0.0887,0.4028,0.8918,True,U3
layer,min_committee,would/aspectual,T2,vix,103,0.22,91,0.4018,0.0001,0.4222,0.0,0.0006,True,U3
layer,min_committee,would/aspectual,T3,cfnai,130,0.305,131,-0.1372,0.1181,-0.0716,0.4161,0.8818,True,U3
layer,min_committee,would/aspectual,T3,vix,130,0.305,131,0.2847,0.001,0.2705,0.0018,0.0158,True,U3
layer,min_committee,would/aspectual,H1,cfnai,36,0.417,48,-0.1705,0.2466,-0.1727,0.2404,0.9424,False,U3
layer,min_committee,would/aspectual,H1,vix,36,0.417,48,0.0265,0.8583,0.0272,0.8543,0.9902,False,U3
layer,min_committee,would/aspectual,H2,cfnai,67,0.0,43,0.144,0.3569,0.0676,0.6666,0.8944,True,U3
layer,min_committee,would/aspectual,H2,vix,67,0.0,43,0.0972,0.5351,0.0979,0.5324,0.8765,True,U3
layer,min_committee,would/causative,T1,cfnai,48,0.717,99,-0.1646,0.1035,-0.0372,0.715,0.9468,False,U3
layer,min_committee,would/causative,T1,vix,48,0.717,99,-0.0968,0.3405,-0.229,0.0226,0.0867,False,U3
layer,min_committee,would/causative,T2,cfnai,43,0.736,91,0.0332,0.7549,0.0687,0.5177,0.9424,False,U3
layer,min_committee,would/causative,T2,vix,43,0.736,91,-0.3211,0.0019,-0.3852,0.0002,0.0018,False,U3
layer,min_committee,would/causative,T3,cfnai,68,0.687,131,-0.1427,0.1041,0.0071,0.9357,0.9725,False,U3
layer,min_committee,would/causative,T3,vix,68,0.687,131,-0.1161,0.1867,-0.1687,0.054,0.1826,False,U3
layer,min_committee,would/causative,H1,cfnai,40,0.542,48,0.0304,0.8375,-0.0063,0.9661,0.9928,True,U3
layer,min_committee,would/causative,H1,vix,40,0.542,48,-0.3944,0.0055,-0.3936,0.0056,0.2312,True,U3
layer,min_committee,would/causative,H2,cfnai,3,0.953,43,0.1288,0.4106,0.1457,0.3511,0.6816,False,U3
layer,min_committee,would/causative,H2,vix,3,0.953,43,0.231,0.1361,0.1204,0.4418,0.8765,False,U3
layer,min_committee,would/copular_adj,T1,cfnai,126,0.232,99,0.1968,0.0509,0.2871,0.004,0.0624,True,U3
layer,min_committee,would/copular_adj,T1,vix,126,0.232,99,0.4032,0.0,0.4869,0.0,0.0,True,U3
layer,min_committee,would/copular_adj,T2,cfnai,112,0.22,91,0.268,0.0102,0.1984,0.0594,0.4217,True,U3
layer,min_committee,would/copular_adj,T2,vix,112,0.22,91,0.5857,0.0,0.5395,0.0,0.0,True,U3
layer,min_committee,would/copular_adj,T3,cfnai,177,0.237,131,0.1716,0.05,0.2875,0.0009,0.0308,True,U3
layer,min_committee,would/copular_adj,T3,vix,177,0.237,131,0.3217,0.0002,0.4216,0.0,0.0001,True,U3
layer,min_committee,would/copular_adj,H1,cfnai,35,0.417,48,0.3489,0.0151,0.3757,0.0085,0.2326,False,U3
layer,min_committee,would/copular_adj,H1,vix,35,0.417,48,0.2435,0.0953,0.1225,0.4068,0.9016,False,U3
layer,min_committee,would/copular_adj,H2,cfnai,77,0.0,43,0.362,0.017,0.4555,0.0021,0.0491,True,U3
layer,min_committee,would/copular_adj,H2,vix,77,0.0,43,0.4712,0.0014,0.3998,0.0079,0.2003,True,U3
layer,min_committee,would/existence,T1,cfnai,52,0.586,99,0.124,0.2213,0.425,0.0,0.0008,True,U3
layer,min_committee,would/existence,T1,vix,52,0.586,99,-0.2437,0.0151,-0.2637,0.0083,0.0434,True,U3
layer,min_committee,would/existence,T2,cfnai,47,0.593,91,0.3098,0.0028,0.4008,0.0001,0.0065,True,U3
layer,min_committee,would/existence,T2,vix,47,0.593,91,-0.3465,0.0008,-0.3548,0.0006,0.0053,True,U3
layer,min_committee,would/existence,T3,cfnai,59,0.641,131,0.1145,0.1927,0.3799,0.0,0.0005,False,U3
layer,min_committee,would/existence,T3,vix,59,0.641,131,-0.2184,0.0122,-0.2204,0.0114,0.0725,False,U3
layer,min_committee,would/existence,H1,cfnai,43,0.312,48,0.566,0.0,0.5998,0.0,0.0005,True,U3
layer,min_committee,would/existence,H1,vix,43,0.312,48,-0.2182,0.1363,-0.2869,0.0481,0.3942,True,U3
layer,min_committee,would/existence,H2,cfnai,4,0.907,43,0.3948,0.0088,0.3361,0.0276,0.2064,False,U3
layer,min_committee,would/existence,H2,vix,4,0.907,43,0.0767,0.6247,0.1345,0.3897,0.8765,False,U3
layer,min_committee,would/mental,T1,cfnai,71,0.414,99,-0.4085,0.0,-0.4792,0.0,0.0001,True,U3
layer,min_committee,would/mental,T1,vix,71,0.414,99,0.0315,0.7569,-0.0908,0.3715,0.5553,True,U3
layer,min_committee,would/mental,T2,cfnai,63,0.418,91,-0.3873,0.0001,-0.3984,0.0001,0.0065,True,U3
layer,min_committee,would/mental,T2,vix,63,0.418,91,-0.1513,0.1523,-0.1515,0.1517,0.3474,True,U3
layer,min_committee,would/mental,T3,cfnai,80,0.489,131,-0.3774,0.0,-0.4067,0.0,0.0002,True,U3
layer,min_committee,would/mental,T3,vix,80,0.489,131,0.0266,0.7634,-0.1013,0.2495,0.4521,True,U3
layer,min_committee,would/mental,H1,cfnai,39,0.375,48,-0.2979,0.0397,-0.2849,0.0497,0.5113,False,U3
layer,min_committee,would/mental,H1,vix,39,0.375,48,-0.254,0.0815,-0.1826,0.2142,0.6286,False,U3
layer,min_committee,would/mental,H2,cfnai,24,0.465,43,-0.4457,0.0027,-0.4201,0.005,0.0618,False,U3
layer,min_committee,would/mental,H2,vix,24,0.465,43,-0.2166,0.163,-0.206,0.185,0.6571,False,U3
layer,min_committee,would/occurrence,T1,cfnai,89,0.556,99,0.0524,0.6066,0.0758,0.4557,0.9468,True,U3
layer,min_committee,would/occurrence,T1,vix,89,0.556,99,-0.3292,0.0009,-0.3569,0.0003,0.0041,True,U3
layer,min_committee,would/occurrence,T2,cfnai,89,0.516,91,0.014,0.8953,0.0736,0.4882,0.931,True,U3
layer,min_committee,would/occurrence,T2,vix,89,0.516,91,-0.2854,0.0061,-0.303,0.0035,0.0237,True,U3
layer,min_committee,would/occurrence,T3,cfnai,110,0.527,131,0.0522,0.5541,0.0751,0.3936,0.8599,True,U3
layer,min_committee,would/occurrence,T3,vix,110,0.527,131,-0.2726,0.0016,-0.31,0.0003,0.0041,True,U3
layer,min_committee,would/occurrence,H1,cfnai,82,0.188,48,0.0644,0.6636,0.0521,0.7251,0.9647,True,U3
layer,min_committee,would/occurrence,H1,vix,82,0.188,48,0.1374,0.3516,0.1318,0.3719,0.9016,True,U3
layer,min_committee,would/occurrence,H2,cfnai,7,0.884,43,0.0611,0.6973,0.0483,0.7584,0.9216,False,U3
layer,min_committee,would/occurrence,H2,vix,7,0.884,43,-0.1347,0.3892,-0.0907,0.5628,0.8939,False,U3
layer,min_committee,would/other,T1,cfnai,26,0.798,99,0.1425,0.1595,0.3151,0.0015,0.0353,False,U3
layer,min_committee,would/other,T1,vix,26,0.798,99,0.0605,0.5519,0.0919,0.3655,0.5521,False,U3
layer,min_committee,would/other,T2,cfnai,23,0.813,91,0.2965,0.0043,0.2782,0.0076,0.1347,False,U3
layer,min_committee,would/other,T2,vix,23,0.813,91,-0.0339,0.7496,0.0245,0.8179,0.8866,False,U3
layer,min_committee,would/other,T3,cfnai,53,0.74,131,0.0759,0.3887,0.2291,0.0085,0.1222,False,U3
layer,min_committee,would/other,T3,vix,53,0.74,131,0.1712,0.0506,0.171,0.0508,0.1787,False,U3
layer,min_committee,would/other,H1,cfnai,15,0.792,48,0.0536,0.7173,0.053,0.7206,0.9647,False,U3
layer,min_committee,would/other,H1,vix,15,0.792,48,0.0206,0.8893,0.074,0.6171,0.9586,False,U3
layer,min_committee,would/other,H2,cfnai,8,0.837,43,0.5367,0.0002,0.4964,0.0007,0.048,False,U3
layer,min_committee,would/other,H2,vix,8,0.837,43,-0.019,0.9036,0.0438,0.7803,0.946,False,U3
layer,min_committee,would/policy_action,T1,cfnai,56,0.626,99,0.0373,0.7137,0.0286,0.7787,0.9468,False,U3
layer,min_committee,would/policy_action,T1,vix,56,0.626,99,-0.3187,0.0013,-0.4226,0.0,0.0005,False,U3
layer,min_committee,would/policy_action,T2,cfnai,55,0.604,91,-0.0091,0.9316,0.0337,0.7513,0.9629,False,U3
layer,min_committee,would/policy_action,T2,vix,55,0.604,91,-0.3552,0.0005,-0.4339,0.0,0.0004,False,U3
layer,min_committee,would/policy_action,T3,cfnai,68,0.649,131,0.0335,0.7039,0.0365,0.679,0.9708,False,U3
layer,min_committee,would/policy_action,T3,vix,68,0.649,131,-0.3155,0.0002,-0.4061,0.0,0.0001,False,U3
layer,min_committee,would/policy_action,H1,cfnai,52,0.292,48,0.2168,0.1389,0.2238,0.1263,0.7697,True,U3
layer,min_committee,would/policy_action,H1,vix,52,0.292,48,-0.1978,0.1777,-0.3194,0.0269,0.3166,True,U3
layer,min_committee,would/policy_action,H2,cfnai,3,0.953,43,-0.2248,0.1472,-0.3192,0.0369,0.2375,False,U3
layer,min_committee,would/policy_action,H2,vix,3,0.953,43,-0.1002,0.5226,-0.065,0.679,0.946,False,U3
layer,min_participants,could/activity,T1,cfnai,114,0.354,99,-0.1292,0.2024,-0.3101,0.0018,0.0362,True,U3
layer,min_participants,could/activity,T1,vix,114,0.354,99,0.1739,0.0852,0.0213,0.834,0.9628,True,U3
layer,min_participants,could/activity,T2,cfnai,101,0.341,91,-0.226,0.0313,-0.2859,0.006,0.1224,True,U3
layer,min_participants,could/activity,T2,vix,101,0.341,91,0.0589,0.5792,0.0276,0.7947,0.8866,True,U3
layer,min_participants,could/activity,T3,cfnai,131,0.412,131,-0.1223,0.1642,-0.2447,0.0048,0.0951,True,U3
layer,min_participants,could/activity,T3,vix,131,0.412,131,0.109,0.2152,-0.0182,0.8363,0.9577,True,U3
layer,min_participants,could/activity,H1,cfnai,38,0.438,48,-0.2086,0.1548,-0.0469,0.7518,0.9785,False,U3
layer,min_participants,could/activity,H1,vix,38,0.438,48,-0.0749,0.6129,-0.0018,0.9902,0.9902,False,U3
layer,min_participants,could/activity,H2,cfnai,63,0.233,43,-0.2695,0.0806,-0.3917,0.0094,0.0905,True,U3
layer,min_participants,could/activity,H2,vix,63,0.233,43,-0.1221,0.4352,-0.3197,0.0366,0.4251,True,U3
layer,min_participants,could/causative,T1,cfnai,248,0.131,99,0.1916,0.0574,0.1301,0.1993,0.8065,True,U3
layer,min_participants,could/causative,T1,vix,248,0.131,99,0.1012,0.3191,0.0932,0.3587,0.5521,True,U3
layer,min_participants,could/causative,T2,cfnai,221,0.143,91,0.1029,0.3319,0.0618,0.5606,0.9476,True,U3
layer,min_participants,could/causative,T2,vix,221,0.143,91,0.0818,0.4411,0.0568,0.5929,0.7724,True,U3
layer,min_participants,could/causative,T3,cfnai,295,0.16,131,0.1733,0.0477,0.1427,0.104,0.6712,True,U3
layer,min_participants,could/causative,T3,vix,295,0.16,131,0.0911,0.3009,0.0463,0.5994,0.8146,True,U3
layer,min_participants,could/causative,H1,cfnai,119,0.146,48,0.0518,0.7265,0.0644,0.6637,0.9647,True,U3
layer,min_participants,could/causative,H1,vix,119,0.146,48,-0.0908,0.5394,0.0037,0.9801,0.9902,True,U3
layer,min_participants,could/causative,H2,cfnai,102,0.14,43,0.1279,0.4137,0.0232,0.8825,0.9513,True,U3
layer,min_participants,could/causative,H2,vix,102,0.14,43,0.1785,0.2522,0.1691,0.2785,0.8173,True,U3
layer,min_participants,could/copular_adj,T1,cfnai,52,0.596,99,0.004,0.9684,-0.1456,0.1505,0.737,True,U3
layer,min_participants,could/copular_adj,T1,vix,52,0.596,99,-0.0139,0.8916,0.0643,0.527,0.6993,True,U3
layer,min_participants,could/copular_adj,T2,cfnai,46,0.615,91,-0.2291,0.0289,-0.1759,0.0953,0.5096,False,U3
layer,min_participants,could/copular_adj,T2,vix,46,0.615,91,0.0067,0.9497,0.0647,0.5424,0.7266,False,U3
layer,min_participants,could/copular_adj,T3,cfnai,66,0.634,131,0.0012,0.9892,-0.1221,0.1649,0.7552,False,U3
layer,min_participants,could/copular_adj,T3,vix,66,0.634,131,0.0356,0.6864,0.0728,0.4087,0.6521,False,U3
layer,min_participants,could/copular_adj,H1,cfnai,27,0.604,48,-0.3739,0.0088,-0.3235,0.0249,0.3967,False,U3
layer,min_participants,could/copular_adj,H1,vix,27,0.604,48,-0.0907,0.5399,0.0192,0.8971,0.9902,False,U3
layer,min_participants,could/copular_adj,H2,cfnai,19,0.628,43,-0.1323,0.3975,-0.0315,0.841,0.9425,False,U3
layer,min_participants,could/copular_adj,H2,vix,19,0.628,43,0.2229,0.1508,0.2465,0.1111,0.6121,False,U3
layer,min_participants,could/existence,T1,cfnai,38,0.677,99,-0.0173,0.8653,0.1198,0.2377,0.8347,False,U3
layer,min_participants,could/existence,T1,vix,38,0.677,99,-0.0138,0.8925,-0.0005,0.9958,0.9981,False,U3
layer,min_participants,could/existence,T2,cfnai,35,0.681,91,0.1014,0.339,0.1628,0.1231,0.5828,False,U3
layer,min_participants,could/existence,T2,vix,35,0.681,91,0.0762,0.473,0.0488,0.6461,0.7842,False,U3
layer,min_participants,could/existence,T3,cfnai,49,0.679,131,-0.025,0.7767,0.0454,0.6068,0.9574,False,U3
layer,min_participants,could/existence,T3,vix,49,0.679,131,0.0405,0.6459,0.0046,0.958,0.9921,False,U3
layer,min_participants,could/existence,H1,cfnai,19,0.688,48,-0.008,0.957,0.0208,0.8883,0.9928,False,U3
layer,min_participants,could/existence,H1,vix,19,0.688,48,0.0063,0.9659,0.0199,0.8929,0.9902,False,U3
layer,min_participants,could/existence,H2,cfnai,16,0.674,43,0.1844,0.2365,0.3128,0.0411,0.2523,False,U3
layer,min_participants,could/existence,H2,vix,16,0.674,43,0.1629,0.2967,0.1054,0.5013,0.8765,False,U3
layer,min_participants,could/occurrence,T1,cfnai,132,0.202,99,0.0727,0.4747,-0.0295,0.7722,0.9468,True,U3
layer,min_participants,could/occurrence,T1,vix,132,0.202,99,0.1653,0.102,0.1194,0.2393,0.4462,True,U3
layer,min_participants,could/occurrence,T2,cfnai,117,0.22,91,-0.0854,0.4209,-0.0843,0.427,0.8918,True,U3
layer,min_participants,could/occurrence,T2,vix,117,0.22,91,0.0851,0.4225,0.1103,0.2977,0.5066,True,U3
layer,min_participants,could/occurrence,T3,cfnai,164,0.229,131,0.0554,0.5297,-0.0527,0.5501,0.93,True,U3
layer,min_participants,could/occurrence,T3,vix,164,0.229,131,0.1224,0.1638,0.1047,0.2341,0.435,True,U3
layer,min_participants,could/occurrence,H1,cfnai,50,0.354,48,-0.1483,0.3145,-0.1329,0.3677,0.9647,True,U3
layer,min_participants,could/occurrence,H1,vix,50,0.354,48,-0.0228,0.8775,0.0143,0.923,0.9902,True,U3
layer,min_participants,could/occurrence,H2,cfnai,67,0.07,43,-0.0757,0.6294,0.017,0.9138,0.9563,True,U3
layer,min_participants,could/occurrence,H2,vix,67,0.07,43,-0.1108,0.4793,-0.1476,0.3448,0.8553,True,U3
layer,min_participants,could/other,T1,cfnai,148,0.253,99,-0.0884,0.3842,-0.1845,0.0675,0.4564,True,U3
layer,min_participants,could/other,T1,vix,148,0.253,99,0.0113,0.9116,0.0114,0.911,0.9874,True,U3
layer,min_participants,could/other,T2,cfnai,130,0.275,91,0.0269,0.8003,-0.1217,0.2506,0.8369,True,U3
layer,min_participants,could/other,T2,vix,130,0.275,91,-0.022,0.8362,0.0039,0.971,0.9802,True,U3
layer,min_participants,could/other,T3,cfnai,178,0.29,131,-0.0938,0.2867,-0.242,0.0054,0.0951,True,U3
layer,min_participants,could/other,T3,vix,178,0.29,131,-0.0358,0.6851,-0.019,0.8292,0.9573,True,U3
layer,min_participants,could/other,H1,cfnai,68,0.25,48,-0.1996,0.1737,-0.1738,0.2376,0.9424,True,U3
layer,min_participants,could/other,H1,vix,68,0.25,48,0.2599,0.0744,0.1891,0.198,0.6286,True,U3
layer,min_participants,could/other,H2,cfnai,62,0.302,43,0.149,0.3404,-0.064,0.6836,0.9048,True,U3
layer,min_participants,could/other,H2,vix,62,0.302,43,-0.2669,0.0835,-0.2436,0.1154,0.6121,True,U3
layer,min_participants,could/policy_action,T1,cfnai,55,0.596,99,-0.0263,0.7958,-0.09,0.3757,0.9468,True,U3
layer,min_participants,could/policy_action,T1,vix,55,0.596,99,0.1627,0.1076,0.2545,0.011,0.0512,True,U3
layer,min_participants,could/policy_action,T2,cfnai,47,0.637,91,-0.162,0.1249,-0.1417,0.1803,0.753,False,U3
layer,min_participants,could/policy_action,T2,vix,47,0.637,91,0.1049,0.3224,0.1813,0.0855,0.2529,False,U3
layer,min_participants,could/policy_action,T3,cfnai,67,0.618,131,-0.029,0.7426,-0.1032,0.2408,0.777,False,U3
layer,min_participants,could/policy_action,T3,vix,67,0.618,131,0.0755,0.3916,0.164,0.0612,0.191,False,U3
layer,min_participants,could/policy_action,H1,cfnai,13,0.75,48,0.1388,0.3469,0.1411,0.3387,0.9647,False,U3
layer,min_participants,could/policy_action,H1,vix,13,0.75,48,0.1386,0.3474,0.0874,0.5549,0.9586,False,U3
layer,min_participants,could/policy_action,H2,cfnai,34,0.512,43,-0.2828,0.0662,-0.3226,0.0349,0.2355,False,U3
layer,min_participants,could/policy_action,H2,vix,34,0.512,43,-0.1289,0.41,-0.0627,0.6895,0.946,False,U3
layer,min_participants,may/copular_adj,T1,cfnai,42,0.727,99,-0.0146,0.8863,-0.2132,0.0341,0.3644,False,U3
layer,min_participants,may/copular_adj,T1,vix,42,0.727,99,0.0297,0.7705,-0.0422,0.678,0.8445,False,U3
layer,min_participants,may/copular_adj,T2,cfnai,38,0.725,91,-0.2146,0.0411,-0.2217,0.0347,0.3412,False,U3
layer,min_participants,may/copular_adj,T2,vix,38,0.725,91,-0.0774,0.4658,-0.0656,0.537,0.7263,False,U3
layer,min_participants,may/copular_adj,T3,cfnai,44,0.779,131,-0.0094,0.9152,-0.1298,0.1394,0.7552,False,U3
layer,min_participants,may/copular_adj,T3,vix,44,0.779,131,-0.005,0.9552,-0.076,0.388,0.6332,False,U3
layer,min_participants,may/copular_adj,H1,cfnai,11,0.833,48,-0.0375,0.8001,-0.0574,0.6982,0.9647,False,U3
layer,min_participants,may/copular_adj,H1,vix,11,0.833,48,0.1368,0.3537,0.043,0.7718,0.9902,False,U3
layer,min_participants,may/copular_adj,H2,cfnai,27,0.605,43,-0.3098,0.0432,-0.2949,0.0549,0.3061,False,U3
layer,min_participants,may/copular_adj,H2,vix,27,0.605,43,-0.4272,0.0043,-0.5353,0.0002,0.0177,False,U3
layer,min_participants,would/activity,T1,cfnai,158,0.303,99,-0.186,0.0653,-0.0831,0.4136,0.9468,True,U3
layer,min_participants,would/activity,T1,vix,158,0.303,99,0.4382,0.0,0.4678,0.0,0.0,True,U3
layer,min_participants,would/activity,T2,cfnai,130,0.319,91,0.073,0.4914,-0.0158,0.8818,0.9629,True,U3
layer,min_participants,would/activity,T2,vix,130,0.319,91,0.5304,0.0,0.4888,0.0,0.0001,True,U3
layer,min_participants,would/activity,T3,cfnai,182,0.359,131,-0.1721,0.0494,-0.0652,0.4595,0.8995,True,U3
layer,min_participants,would/activity,T3,vix,182,0.359,131,0.2788,0.0013,0.2785,0.0013,0.014,True,U3
layer,min_participants,would/activity,H1,cfnai,39,0.438,48,-0.1506,0.3068,-0.1819,0.2158,0.9424,False,U3
layer,min_participants,would/activity,H1,vix,39,0.438,48,0.4184,0.0031,0.312,0.0309,0.3166,False,U3
layer,min_participants,would/activity,H2,cfnai,91,0.186,43,0.1321,0.3983,0.1435,0.3585,0.6816,True,U3
layer,min_participants,would/activity,H2,vix,91,0.186,43,0.4155,0.0056,0.3968,0.0084,0.2003,True,U3
layer,min_participants,would/aspectual,T1,cfnai,120,0.333,99,0.0577,0.5707,0.0823,0.4183,0.9468,True,U3
layer,min_participants,would/aspectual,T1,vix,120,0.333,99,0.0561,0.5811,-0.0308,0.7621,0.9171,True,U3
layer,min_participants,would/aspectual,T2,cfnai,101,0.341,91,0.0903,0.3946,0.0265,0.8035,0.9629,True,U3
layer,min_participants,would/aspectual,T2,vix,101,0.341,91,-0.1709,0.1053,-0.1713,0.1045,0.2908,True,U3
layer,min_participants,would/aspectual,T3,cfnai,144,0.382,131,0.0539,0.5411,0.1188,0.1767,0.7552,True,U3
layer,min_participants,would/aspectual,T3,vix,144,0.382,131,0.044,0.6179,-0.0327,0.7105,0.8697,True,U3
layer,min_participants,would/aspectual,H1,cfnai,53,0.312,48,-0.0171,0.908,-0.0241,0.8708,0.9928,True,U3
layer,min_participants,would/aspectual,H1,vix,53,0.312,48,-0.1439,0.3293,-0.2426,0.0966,0.4274,True,U3
layer,min_participants,would/aspectual,H2,cfnai,48,0.372,43,0.1623,0.2985,0.0918,0.558,0.8522,True,U3
layer,min_participants,would/aspectual,H2,vix,48,0.372,43,-0.2528,0.102,-0.2209,0.1545,0.6134,True,U3
layer,min_participants,would/causative,T1,cfnai,155,0.232,99,-0.098,0.3344,0.089,0.3812,0.9468,True,U3
layer,min_participants,would/causative,T1,vix,155,0.232,99,0.043,0.6728,0.1001,0.324,0.535,True,U3
layer,min_participants,would/causative,T2,cfnai,144,0.231,91,0.1059,0.3178,0.1769,0.0934,0.5096,True,U3
layer,min_participants,would/causative,T2,vix,144,0.231,91,0.0553,0.6026,0.1178,0.2662,0.503,True,U3
layer,min_participants,would/causative,T3,cfnai,199,0.229,131,-0.0781,0.375,0.0892,0.3108,0.777,True,U3
layer,min_participants,would/causative,T3,vix,199,0.229,131,-0.0113,0.8985,0.0679,0.4411,0.6883,True,U3
layer,min_participants,would/causative,H1,cfnai,68,0.25,48,0.0905,0.5406,0.1315,0.3729,0.9647,True,U3
layer,min_participants,would/causative,H1,vix,68,0.25,48,-0.1795,0.2222,-0.117,0.4283,0.9243,True,U3
layer,min_participants,would/causative,H2,cfnai,76,0.209,43,0.1075,0.4925,0.1728,0.2678,0.644,True,U3
layer,min_participants,would/causative,H2,vix,76,0.209,43,0.0753,0.6312,0.2268,0.1436,0.6121,True,U3
layer,min_participants,would/copular_adj,T1,cfnai,321,0.071,99,-0.2522,0.0118,-0.0283,0.7808,0.9468,True,U3
layer,min_participants,would/copular_adj,T1,vix,321,0.071,99,0.282,0.0047,0.2198,0.0288,0.1022,True,U3
layer,min_participants,would/copular_adj,T2,cfnai,271,0.077,91,0.0713,0.5016,0.0776,0.4646,0.931,True,U3
layer,min_participants,would/copular_adj,T2,vix,271,0.077,91,0.1535,0.1462,0.1634,0.1218,0.3144,True,U3
layer,min_participants,would/copular_adj,T3,cfnai,375,0.115,131,-0.229,0.0085,-0.0653,0.459,0.8995,True,U3
layer,min_participants,would/copular_adj,T3,vix,375,0.115,131,0.1596,0.0686,0.1291,0.1416,0.3192,True,U3
layer,min_participants,would/copular_adj,H1,cfnai,134,0.062,48,0.1475,0.317,0.1472,0.3179,0.9647,True,U3
layer,min_participants,would/copular_adj,H1,vix,134,0.062,48,-0.0137,0.9262,0.0452,0.7605,0.9902,True,U3
layer,min_participants,would/copular_adj,H2,cfnai,137,0.093,43,0.0208,0.8947,-0.001,0.9948,0.9948,True,U3
layer,min_participants,would/copular_adj,H2,vix,137,0.093,43,0.2228,0.151,0.27,0.08,0.5399,True,U3
layer,min_participants,would/copular_nom,T1,cfnai,31,0.737,99,-0.0433,0.6707,0.0085,0.9333,0.9598,False,U3
layer,min_participants,would/copular_nom,T1,vix,31,0.737,99,0.0163,0.8731,0.0485,0.6333,0.7959,False,U3
layer,min_participants,would/copular_nom,T2,cfnai,27,0.758,91,0.0064,0.9519,0.0284,0.7893,0.9629,False,U3
layer,min_participants,would/copular_nom,T2,vix,27,0.758,91,-0.0627,0.5548,-0.0095,0.9286,0.9612,False,U3
layer,min_participants,would/copular_nom,T3,cfnai,41,0.733,131,-0.0322,0.7146,0.0246,0.7806,0.9725,False,U3
layer,min_participants,would/copular_nom,T3,vix,41,0.733,131,-0.0434,0.6225,-0.004,0.9641,0.9921,False,U3
layer,min_participants,would/copular_nom,H1,cfnai,14,0.771,48,-0.0127,0.9319,-0.0017,0.9909,0.9928,False,U3
layer,min_participants,would/copular_nom,H1,vix,14,0.771,48,0.0116,0.9374,0.059,0.6905,0.9762,False,U3
layer,min_participants,would/copular_nom,H2,cfnai,13,0.744,43,0.0181,0.9081,0.0702,0.6544,0.8944,False,U3
layer,min_participants,would/copular_nom,H2,vix,13,0.744,43,-0.1657,0.2883,-0.1249,0.425,0.8765,False,U3
layer,min_participants,would/existence,T1,cfnai,93,0.455,99,0.0952,0.3484,0.3445,0.0005,0.0136,True,U3
layer,min_participants,would/existence,T1,vix,93,0.455,99,0.1902,0.0593,0.145,0.152,0.3254,True,U3
layer,min_participants,would/existence,T2,cfnai,76,0.473,91,0.3481,0.0007,0.3423,0.0009,0.0377,True,U3
layer,min_participants,would/existence,T2,vix,76,0.473,91,0.1097,0.3004,0.0451,0.6714,0.8071,True,U3
layer,min_participants,would/existence,T3,cfnai,108,0.489,131,0.0848,0.3357,0.2675,0.002,0.0475,True,U3
layer,min_participants,would/existence,T3,vix,108,0.489,131,0.1377,0.1167,0.1043,0.2359,0.435,True,U3
layer,min_participants,would/existence,H1,cfnai,35,0.479,48,0.3515,0.0143,0.3757,0.0085,0.2326,False,U3
layer,min_participants,would/existence,H1,vix,35,0.479,48,-0.0492,0.7396,-0.0687,0.6427,0.9586,False,U3
layer,min_participants,would/existence,H2,cfnai,41,0.465,43,0.3463,0.0229,0.3516,0.0208,0.165,True,U3
layer,min_participants,would/existence,H2,vix,41,0.465,43,0.1315,0.4007,0.1222,0.435,0.8765,True,U3
layer,min_participants,would/mental,T1,cfnai,75,0.404,99,0.0122,0.9047,-0.0441,0.6647,0.9468,True,U3
layer,min_participants,would/mental,T1,vix,75,0.404,99,-0.0354,0.7283,-0.0742,0.4653,0.6357,True,U3
layer,min_participants,would/mental,T2,cfnai,69,0.407,91,-0.0707,0.5055,-0.0493,0.6429,0.9629,True,U3
layer,min_participants,would/mental,T2,vix,69,0.407,91,-0.0878,0.4081,-0.085,0.4232,0.6532,True,U3
layer,min_participants,would/mental,T3,cfnai,104,0.382,131,0.0003,0.9975,-0.1142,0.194,0.7651,True,U3
layer,min_participants,would/mental,T3,vix,104,0.382,131,-0.0411,0.6413,-0.0567,0.5198,0.7456,True,U3
layer,min_participants,would/mental,H1,cfnai,42,0.312,48,-0.0691,0.6409,-0.1092,0.4602,0.9647,True,U3
layer,min_participants,would/mental,H1,vix,42,0.312,48,-0.1017,0.4914,0.0069,0.9626,0.9902,True,U3
layer,min_participants,would/mental,H2,cfnai,27,0.512,43,-0.0656,0.676,-0.028,0.8587,0.9425,False,U3
layer,min_participants,would/mental,H2,vix,27,0.512,43,0.0427,0.7857,0.0571,0.716,0.946,False,U3
layer,min_participants,would/occurrence,T1,cfnai,187,0.202,99,0.0946,0.3514,-0.0744,0.4644,0.9468,True,U3
layer,min_participants,would/occurrence,T1,vix,187,0.202,99,-0.0572,0.5736,-0.0095,0.9254,0.9911,True,U3
layer,min_participants,would/occurrence,T2,cfnai,174,0.209,91,-0.1288,0.2238,-0.1195,0.2593,0.8369,True,U3
layer,min_participants,would/occurrence,T2,vix,174,0.209,91,0.0393,0.7116,0.0724,0.4952,0.7103,True,U3
layer,min_participants,would/occurrence,T3,cfnai,249,0.183,131,0.0952,0.2795,0.004,0.9641,0.9778,True,U3
layer,min_participants,would/occurrence,T3,vix,249,0.183,131,0.0282,0.7493,0.054,0.5403,0.7522,True,U3
layer,min_participants,would/occurrence,H1,cfnai,111,0.146,48,-0.0667,0.6523,-0.063,0.6706,0.9647,True,U3
layer,min_participants,would/occurrence,H1,vix,111,0.146,48,0.33,0.022,0.2731,0.0604,0.4125,True,U3
layer,min_participants,would/occurrence,H2,cfnai,63,0.279,43,-0.1855,0.2337,-0.2312,0.1357,0.4952,True,U3
layer,min_participants,would/occurrence,H2,vix,63,0.279,43,0.0874,0.5775,0.1168,0.4558,0.8765,True,U3
layer,min_participants,would/other,T1,cfnai,213,0.091,99,-0.1513,0.135,-0.066,0.5164,0.9468,True,U3
layer,min_participants,would/other,T1,vix,213,0.091,99,0.0951,0.3493,0.156,0.1231,0.312,True,U3
layer,min_participants,would/other,T2,cfnai,190,0.099,91,-0.0238,0.8225,0.0089,0.9334,0.9674,True,U3
layer,min_participants,would/other,T2,vix,190,0.099,91,0.0089,0.9336,0.1066,0.3145,0.5255,True,U3
layer,min_participants,would/other,T3,cfnai,281,0.099,131,-0.1352,0.1236,-0.1087,0.2167,0.777,True,U3
layer,min_participants,would/other,T3,vix,281,0.099,131,0.0907,0.303,0.1602,0.0676,0.1975,True,U3
layer,min_participants,would/other,H1,cfnai,94,0.125,48,0.0261,0.8603,-0.0179,0.9041,0.9928,True,U3
layer,min_participants,would/other,H1,vix,94,0.125,48,-0.097,0.5121,-0.0255,0.8635,0.9902,True,U3
layer,min_participants,would/other,H2,cfnai,96,0.07,43,-0.0681,0.6642,0.0351,0.823,0.9425,True,U3
layer,min_participants,would/other,H2,vix,96,0.07,43,-0.0117,0.9408,0.0982,0.5311,0.8765,True,U3
layer,min_participants,would/policy_action,T1,cfnai,152,0.273,99,0.0265,0.7943,-0.0821,0.4189,0.9468,True,U3
layer,min_participants,would/policy_action,T1,vix,152,0.273,99,-0.1791,0.076,-0.2681,0.0073,0.0434,True,U3
layer,min_participants,would/policy_action,T2,cfnai,137,0.286,91,-0.001,0.9925,-0.0443,0.6766,0.9629,True,U3
layer,min_participants,would/policy_action,T2,vix,137,0.286,91,-0.303,0.0035,-0.3186,0.0021,0.0165,True,U3
layer,min_participants,would/policy_action,T3,cfnai,180,0.359,131,0.0167,0.8497,-0.0951,0.28,0.777,True,U3
layer,min_participants,would/policy_action,T3,vix,180,0.359,131,-0.2066,0.0179,-0.324,0.0002,0.0024,True,U3
layer,min_participants,would/policy_action,H1,cfnai,91,0.25,48,0.1556,0.291,0.0895,0.5451,0.9647,True,U3
layer,min_participants,would/policy_action,H1,vix,91,0.25,48,-0.297,0.0404,-0.3227,0.0253,0.3166,True,U3
layer,min_participants,would/policy_action,H2,cfnai,46,0.326,43,-0.1376,0.3788,-0.1994,0.1998,0.5738,True,U3
layer,min_participants,would/policy_action,H2,vix,46,0.326,43,-0.1434,0.3589,-0.11,0.4827,0.8765,True,U3
layer,min_special,could/activity,T1,cfnai,51,0.425,40,-0.0074,0.9641,0.1587,0.3282,0.9468,True,U3
layer,min_special,could/activity,T1,vix,51,0.425,40,0.2245,0.1638,0.2081,0.1975,0.395,True,U3
layer,min_special,could/activity,T2,cfnai,38,0.444,36,0.0968,0.5742,0.23,0.1772,0.753,False,U3
layer,min_special,could/activity,T2,vix,38,0.444,36,0.281,0.0969,0.2257,0.1857,0.3878,False,U3
layer,min_special,could/activity,T3,cfnai,55,0.469,49,-0.0179,0.903,0.1804,0.2147,0.777,True,U3
layer,min_special,could/activity,T3,vix,55,0.469,49,0.2102,0.1472,0.179,0.2185,0.425,True,U3
layer,min_special,could/causative,T1,cfnai,40,0.525,40,-0.5419,0.0003,-0.1062,0.5143,0.9468,True,U3
layer,min_special,could/causative,T1,vix,40,0.525,40,0.2302,0.1529,0.1769,0.2749,0.4819,True,U3
layer,min_special,could/causative,T2,cfnai,31,0.583,36,0.044,0.7988,0.1022,0.5531,0.9476,False,U3
layer,min_special,could/causative,T2,vix,31,0.583,36,0.0288,0.8676,0.0814,0.6372,0.78,False,U3
layer,min_special,could/causative,T3,cfnai,45,0.571,49,-0.4929,0.0003,-0.0076,0.9586,0.9778,True,U3
layer,min_special,could/causative,T3,vix,45,0.571,49,0.326,0.0222,0.2356,0.1032,0.2706,True,U3
layer,min_special,could/other,T1,cfnai,68,0.375,40,0.1251,0.4418,0.1398,0.3897,0.9468,True,U3
layer,min_special,could/other,T1,vix,68,0.375,40,0.0551,0.7356,0.0411,0.8014,0.9424,True,U3
layer,min_special,could/other,T2,cfnai,59,0.389,36,0.0727,0.6736,0.1585,0.3558,0.8918,True,U3
layer,min_special,could/other,T2,vix,59,0.389,36,0.2086,0.2221,0.1635,0.3405,0.5445,True,U3
layer,min_special,could/other,T3,cfnai,77,0.388,49,0.113,0.4394,0.0757,0.6053,0.9574,True,U3
layer,min_special,could/other,T3,vix,77,0.388,49,0.1189,0.416,0.0998,0.4951,0.7434,True,U3
layer,min_special,could/policy_action,T1,cfnai,39,0.525,40,0.0779,0.6328,0.1007,0.5363,0.9468,False,U3
layer,min_special,could/policy_action,T1,vix,39,0.525,40,0.1119,0.4918,0.1499,0.3559,0.5521,False,U3
layer,min_special,could/policy_action,T2,cfnai,33,0.528,36,-0.0617,0.7206,-0.007,0.9678,0.9747,False,U3
layer,min_special,could/policy_action,T2,vix,33,0.528,36,-0.0234,0.8921,0.0816,0.6359,0.78,False,U3
layer,min_special,could/policy_action,T3,cfnai,41,0.592,49,0.0582,0.6913,0.1256,0.3899,0.8599,True,U3
layer,min_special,could/policy_action,T3,vix,41,0.592,49,0.0798,0.5857,0.1211,0.4071,0.6521,True,U3
layer,min_special,would/activity,T1,cfnai,40,0.425,40,0.0632,0.6985,-0.099,0.5433,0.9468,True,U3
layer,min_special,would/activity,T1,vix,40,0.425,40,-0.1355,0.4046,-0.032,0.8445,0.9671,True,U3
layer,min_special,would/activity,T2,cfnai,36,0.444,36,-0.2273,0.1824,-0.1643,0.3382,0.8876,False,U3
layer,min_special,would/activity,T2,vix,36,0.444,36,-0.0884,0.6081,0.0143,0.9341,0.9612,False,U3
layer,min_special,would/activity,T3,cfnai,42,0.51,49,0.0463,0.7519,-0.0973,0.5059,0.8995,True,U3
layer,min_special,would/activity,T3,vix,42,0.51,49,-0.1359,0.3517,-0.0379,0.7959,0.9498,True,U3
layer,min_special,would/copular_adj,T1,cfnai,90,0.2,40,-0.1249,0.4426,0.2032,0.2086,0.8065,True,U3
layer,min_special,would/copular_adj,T1,vix,90,0.2,40,0.4361,0.0049,0.3789,0.0159,0.0685,True,U3
layer,min_special,would/copular_adj,T2,cfnai,81,0.222,36,0.205,0.2303,0.2419,0.1552,0.6889,True,U3
layer,min_special,would/copular_adj,T2,vix,81,0.222,36,0.4111,0.0127,0.3367,0.0446,0.1585,True,U3
layer,min_special,would/copular_adj,T3,cfnai,97,0.265,49,-0.1317,0.3672,0.1258,0.3889,0.8599,True,U3
layer,min_special,would/copular_adj,T3,vix,97,0.265,49,0.4646,0.0008,0.4086,0.0036,0.0297,True,U3
layer,min_special,would/other,T1,cfnai,62,0.3,40,0.0898,0.5816,-0.0016,0.9923,0.9923,True,U3
layer,min_special,would/other,T1,vix,62,0.3,40,-0.1632,0.3144,-0.2015,0.2125,0.419,True,U3
layer,min_special,would/other,T2,cfnai,57,0.306,36,-0.1782,0.2983,-0.1654,0.3349,0.8876,True,U3
layer,min_special,would/other,T2,vix,57,0.306,36,-0.1582,0.3568,-0.2032,0.2347,0.4694,True,U3
layer,min_special,would/other,T3,cfnai,72,0.347,49,0.0848,0.5626,0.0267,0.8553,0.9725,True,U3
layer,min_special,would/other,T3,vix,72,0.347,49,-0.0839,0.5664,-0.1149,0.4319,0.6815,True,U3
layer,min_staff,could/occurrence,T1,cfnai,43,0.657,99,0.0407,0.6891,0.0175,0.8635,0.9468,False,U3
layer,min_staff,could/occurrence,T1,vix,43,0.657,99,-0.3348,0.0007,-0.3509,0.0004,0.0041,False,U3
layer,min_staff,could/occurrence,T2,cfnai,43,0.626,91,-0.0132,0.9012,0.0116,0.9129,0.9629,False,U3
layer,min_staff,could/occurrence,T2,vix,43,0.626,91,-0.3112,0.0027,-0.312,0.0026,0.0185,False,U3
layer,min_staff,could/occurrence,T3,cfnai,46,0.718,131,0.037,0.6747,0.0247,0.7793,0.9725,False,U3
layer,min_staff,could/occurrence,T3,vix,46,0.718,131,-0.3349,0.0001,-0.3543,0.0,0.0011,False,U3
layer,min_staff,could/occurrence,H1,cfnai,34,0.479,48,0.3227,0.0253,0.3153,0.029,0.3967,False,U3
layer,min_staff,could/occurrence,H1,vix,34,0.479,48,-0.1815,0.2171,-0.2409,0.099,0.4274,False,U3
layer,min_staff,could/occurrence,H2,cfnai,9,0.791,43,-0.2954,0.0544,-0.3331,0.029,0.2064,False,U3
layer,min_staff,could/occurrence,H2,vix,9,0.791,43,-0.2278,0.1418,-0.2799,0.0691,0.5336,False,U3
layer,min_staff,would/copular_adj,T1,cfnai,41,0.677,99,0.1415,0.1623,0.0957,0.3458,0.9468,False,U3
layer,min_staff,would/copular_adj,T1,vix,41,0.677,99,-0.1495,0.1398,-0.1509,0.136,0.3187,False,U3
layer,min_staff,would/copular_adj,T2,cfnai,38,0.67,91,-0.0771,0.4678,0.02,0.8507,0.9629,False,U3
layer,min_staff,would/copular_adj,T2,vix,38,0.67,91,-0.159,0.1321,-0.1581,0.1345,0.3238,False,U3
layer,min_staff,would/copular_adj,T3,cfnai,52,0.687,131,0.1261,0.1512,0.0931,0.2903,0.777,False,U3
layer,min_staff,would/copular_adj,T3,vix,52,0.687,131,-0.1732,0.0479,-0.1708,0.0511,0.1787,False,U3
layer,min_staff,would/copular_adj,H1,cfnai,22,0.667,48,0.1437,0.3297,0.1724,0.2413,0.9424,False,U3
layer,min_staff,would/copular_adj,H1,vix,22,0.667,48,-0.1041,0.4815,-0.2313,0.1136,0.4658,False,U3
layer,min_staff,would/copular_adj,H2,cfnai,16,0.674,43,-0.2164,0.1633,-0.1661,0.2871,0.644,False,U3
layer,min_staff,would/copular_adj,H2,vix,16,0.674,43,-0.2532,0.1014,-0.2294,0.1389,0.6121,False,U3
layer,min_staff,would/occurrence,T1,cfnai,103,0.283,99,0.1053,0.2996,0.1097,0.2798,0.9031,True,U3
layer,min_staff,would/occurrence,T1,vix,103,0.283,99,-0.1278,0.2074,-0.2201,0.0286,0.1022,True,U3
layer,min_staff,would/occurrence,T2,cfnai,96,0.275,91,0.2192,0.0368,0.1751,0.0969,0.5096,True,U3
layer,min_staff,would/occurrence,T2,vix,96,0.275,91,-0.102,0.3362,-0.1791,0.0893,0.2589,True,U3
layer,min_staff,would/occurrence,T3,cfnai,138,0.29,131,0.091,0.3012,0.1023,0.2448,0.777,True,U3
layer,min_staff,would/occurrence,T3,vix,138,0.29,131,-0.1316,0.1341,-0.2133,0.0144,0.0806,True,U3
layer,min_staff,would/occurrence,H1,cfnai,64,0.083,48,0.1975,0.1786,0.2311,0.1141,0.7697,True,U3
layer,min_staff,would/occurrence,H1,vix,64,0.083,48,0.0004,0.998,-0.1232,0.4042,0.9016,True,U3
layer,min_staff,would/occurrence,H2,cfnai,32,0.488,43,0.2679,0.0825,0.1512,0.3332,0.6714,False,U3
layer,min_staff,would/occurrence,H2,vix,32,0.488,43,0.0654,0.6769,0.0525,0.738,0.946,False,U3
layer,min_staff,would/other,T1,cfnai,42,0.657,99,-0.0139,0.8915,0.2001,0.0471,0.3792,False,U3
layer,min_staff,would/other,T1,vix,42,0.657,99,0.2824,0.0046,0.2629,0.0086,0.0434,False,U3
layer,min_staff,would/other,T2,cfnai,37,0.659,91,0.2806,0.0071,0.2285,0.0294,0.3412,False,U3
layer,min_staff,would/other,T2,vix,37,0.659,91,0.3533,0.0006,0.2745,0.0085,0.0462,False,U3
layer,min_staff,would/other,T3,cfnai,80,0.573,131,-0.009,0.919,0.1176,0.1809,0.7552,True,U3
layer,min_staff,would/other,T3,vix,80,0.573,131,0.1446,0.0993,0.1765,0.0437,0.1723,True,U3
layer,min_staff,would/other,H1,cfnai,18,0.667,48,-0.0264,0.8589,0.0041,0.9779,0.9928,False,U3
layer,min_staff,would/other,H1,vix,18,0.667,48,0.111,0.4526,0.1054,0.4759,0.9586,False,U3
layer,min_staff,would/other,H2,cfnai,19,0.651,43,0.4629,0.0018,0.44,0.0032,0.0491,False,U3
layer,min_staff,would/other,H2,vix,19,0.651,43,0.5658,0.0001,0.4984,0.0007,0.0302,False,U3
layer,min_staff,would/policy_action,T1,cfnai,58,0.535,99,0.0356,0.7268,0.0782,0.4415,0.9468,True,U3
layer,min_staff,would/policy_action,T1,vix,58,0.535,99,-0.2731,0.0062,-0.3506,0.0004,0.0041,True,U3
layer,min_staff,would/policy_action,T2,cfnai,54,0.538,91,0.1051,0.3216,0.1004,0.3438,0.8876,True,U3
layer,min_staff,would/policy_action,T2,vix,54,0.538,91,-0.3817,0.0002,-0.3943,0.0001,0.0015,True,U3
layer,min_staff,would/policy_action,T3,cfnai,72,0.557,131,0.0308,0.7268,0.0603,0.4941,0.8995,True,U3
layer,min_staff,would/policy_action,T3,vix,72,0.557,131,-0.2675,0.002,-0.3517,0.0,0.0011,True,U3
layer,min_staff,would/policy_action,H1,cfnai,48,0.25,48,0.147,0.3186,0.1322,0.3703,0.9647,True,U3
layer,min_staff,would/policy_action,H1,vix,48,0.25,48,-0.2079,0.1562,-0.1548,0.2936,0.7523,True,U3
layer,min_staff,would/policy_action,H2,cfnai,6,0.86,43,0.2532,0.1013,0.1472,0.3462,0.6816,False,U3
layer,min_staff,would/policy_action,H2,vix,6,0.86,43,-0.1168,0.4557,-0.0947,0.5456,0.8875,False,U3
layer,min_staff_desk,would/activity,T1,cfnai,31,0.768,99,-0.1559,0.1233,-0.0531,0.6015,0.9468,False,U3
layer,min_staff_desk,would/activity,T1,vix,31,0.768,99,-0.0802,0.4301,-0.0352,0.7295,0.8931,False,U3
layer,min_staff_desk,would/activity,T2,cfnai,29,0.769,91,0.1191,0.2609,0.0244,0.8187,0.9629,False,U3
layer,min_staff_desk,would/activity,T2,vix,29,0.769,91,-0.0944,0.3733,-0.0599,0.5728,0.7531,False,U3
layer,min_staff_desk,would/activity,T3,cfnai,43,0.763,131,-0.1306,0.1372,-0.0351,0.6905,0.9708,False,U3
layer,min_staff_desk,would/activity,T3,vix,43,0.763,131,-0.0486,0.5813,-0.0088,0.9203,0.9921,False,U3
layer,min_staff_desk,would/activity,H1,cfnai,19,0.729,48,0.1388,0.3468,0.1176,0.4259,0.9647,False,U3
layer,min_staff_desk,would/activity,H1,vix,19,0.729,48,-0.0204,0.8907,-0.0112,0.9396,0.9902,False,U3
layer,min_staff_desk,would/activity,H2,cfnai,10,0.814,43,0.1336,0.3931,-0.106,0.4989,0.8018,False,U3
layer,min_staff_desk,would/activity,H2,vix,10,0.814,43,-0.0463,0.7682,-0.0185,0.9064,0.9818,False,U3
layer,min_staff_desk,would/aspectual,T1,cfnai,37,0.737,99,0.1237,0.2226,0.0774,0.4466,0.9468,False,U3
layer,min_staff_desk,would/aspectual,T1,vix,37,0.737,99,0.2656,0.0079,0.2505,0.0124,0.055,False,U3
layer,min_staff_desk,would/aspectual,T2,cfnai,30,0.769,91,0.0798,0.4519,0.0856,0.4199,0.8918,False,U3
layer,min_staff_desk,would/aspectual,T2,vix,30,0.769,91,0.2243,0.0326,0.226,0.0312,0.1231,False,U3
layer,min_staff_desk,would/aspectual,T3,cfnai,44,0.756,131,0.1176,0.1809,0.0615,0.4851,0.8995,False,U3
layer,min_staff_desk,would/aspectual,T3,vix,44,0.756,131,0.2214,0.011,0.2196,0.0117,0.0725,False,U3
layer,min_staff_desk,would/aspectual,H1,cfnai,6,0.875,48,-0.0806,0.586,-0.0352,0.8122,0.9928,False,U3
layer,min_staff_desk,would/aspectual,H1,vix,6,0.875,48,0.0927,0.5307,-0.023,0.8764,0.9902,False,U3
layer,min_staff_desk,would/aspectual,H2,cfnai,24,0.651,43,0.1067,0.4957,0.2033,0.1911,0.5697,False,U3
layer,min_staff_desk,would/aspectual,H2,vix,24,0.651,43,0.0922,0.5565,0.1711,0.2727,0.8173,False,U3
layer,min_staff_desk,would/copular_adj,T1,cfnai,39,0.798,99,0.0355,0.7269,0.0226,0.8239,0.9468,False,U3
layer,min_staff_desk,would/copular_adj,T1,vix,39,0.798,99,-0.0715,0.4818,-0.0014,0.9892,0.9981,False,U3
layer,min_staff_desk,would/copular_adj,T2,cfnai,38,0.791,91,-0.0174,0.8703,-0.0216,0.839,0.9629,False,U3
layer,min_staff_desk,would/copular_adj,T2,vix,38,0.791,91,-0.0197,0.8532,0.0305,0.7742,0.8866,False,U3
layer,min_staff_desk,would/copular_adj,T3,cfnai,61,0.786,131,0.0309,0.7261,0.0351,0.6904,0.9708,False,U3
layer,min_staff_desk,would/copular_adj,T3,vix,61,0.786,131,0.0089,0.9193,0.0398,0.652,0.8495,False,U3
layer,min_staff_desk,would/copular_adj,H1,cfnai,31,0.708,48,0.1361,0.3562,0.1221,0.4085,0.9647,False,U3
layer,min_staff_desk,would/copular_adj,H1,vix,31,0.708,48,0.2286,0.1181,0.249,0.0879,0.4238,False,U3
layer,min_staff_desk,would/copular_adj,H2,cfnai,7,0.884,43,-0.1953,0.2094,-0.283,0.0659,0.3137,False,U3
layer,min_staff_desk,would/copular_adj,H2,vix,7,0.884,43,-0.0463,0.7682,0.0084,0.9573,0.9866,False,U3
layer,min_staff_desk,would/other,T1,cfnai,62,0.586,99,0.0292,0.7739,0.0525,0.6058,0.9468,True,U3
layer,min_staff_desk,would/other,T1,vix,62,0.586,99,-0.0811,0.425,-0.0943,0.353,0.5521,True,U3
layer,min_staff_desk,would/other,T2,cfnai,54,0.604,91,0.0378,0.7219,0.073,0.4917,0.931,False,U3
layer,min_staff_desk,would/other,T2,vix,54,0.604,91,-0.14,0.1855,-0.1405,0.1842,0.3878,False,U3
layer,min_staff_desk,would/other,T3,cfnai,88,0.603,131,0.0362,0.6812,0.1172,0.1825,0.7552,False,U3
layer,min_staff_desk,would/other,T3,vix,88,0.603,131,-0.0011,0.9898,-0.009,0.9188,0.9921,False,U3
layer,min_staff_desk,would/other,H1,cfnai,31,0.521,48,0.0398,0.7885,0.0049,0.9735,0.9928,False,U3
layer,min_staff_desk,would/other,H1,vix,31,0.521,48,-0.2271,0.1207,-0.1906,0.1945,0.6286,False,U3
layer,min_staff_desk,would/other,H2,cfnai,23,0.698,43,0.055,0.7263,0.1085,0.4887,0.7948,False,U3
layer,min_staff_desk,would/other,H2,vix,23,0.698,43,0.094,0.5487,0.1969,0.2056,0.6938,False,U3
layer,min_staff_desk,would/policy_action,T1,cfnai,46,0.687,99,-0.043,0.6726,-0.0147,0.8849,0.9519,False,U3
layer,min_staff_desk,would/policy_action,T1,vix,46,0.687,99,0.1143,0.2601,0.1214,0.2314,0.438,False,U3
layer,min_staff_desk,would/policy_action,T2,cfnai,39,0.703,91,0.0546,0.6073,0.0449,0.6724,0.9629,False,U3
layer,min_staff_desk,would/policy_action,T2,vix,39,0.703,91,0.0753,0.4778,0.1107,0.296,0.5066,False,U3
layer,min_staff_desk,would/policy_action,T3,cfnai,73,0.702,131,-0.0175,0.8424,0.0473,0.5913,0.9574,False,U3
layer,min_staff_desk,would/policy_action,T3,vix,73,0.702,131,0.1603,0.0675,0.1404,0.1096,0.2732,False,U3
layer,min_staff_desk,would/policy_action,H1,cfnai,15,0.833,48,0.0259,0.8614,-0.0013,0.9928,0.9928,False,U3
layer,min_staff_desk,would/policy_action,H1,vix,15,0.833,48,-0.0084,0.9546,-0.0525,0.723,0.9881,False,U3
layer,min_staff_desk,would/policy_action,H2,cfnai,24,0.558,43,0.0666,0.6714,0.0865,0.5812,0.8612,False,U3
layer,min_staff_desk,would/policy_action,H2,vix,24,0.558,43,-0.0106,0.9465,-0.0221,0.8882,0.9818,False,U3
layer,pc_chair,can/activity,T1,cfnai,428,0.062,80,-0.1925,0.0872,0.2461,0.0278,0.3289,True,U3
layer,pc_chair,can/activity,T1,vix,428,0.062,80,0.4702,0.0,0.4366,0.0001,0.001,True,U3
layer,pc_chair,can/activity,T2,cfnai,348,0.07,71,0.3449,0.0032,0.3371,0.004,0.1149,True,U3
layer,pc_chair,can/activity,T2,vix,348,0.07,71,0.316,0.0073,0.3327,0.0046,0.0283,True,U3
layer,pc_chair,can/activity,T3,cfnai,512,0.054,92,-0.1743,0.0965,0.2218,0.0336,0.3978,True,U3
layer,pc_chair,can/activity,T3,vix,512,0.054,92,0.4201,0.0,0.3888,0.0001,0.0024,True,U3
layer,pc_chair,can/activity,H2,cfnai,259,0.047,43,0.3904,0.0097,0.4295,0.0041,0.0547,True,U3
layer,pc_chair,can/activity,H2,vix,259,0.047,43,0.193,0.215,0.2381,0.1242,0.6121,True,U3
layer,pc_chair,can/causative,T1,cfnai,61,0.588,80,-0.0889,0.4331,-0.0392,0.7301,0.9468,True,U3
layer,pc_chair,can/causative,T1,vix,61,0.588,80,0.0801,0.4798,-0.0046,0.9679,0.9981,True,U3
layer,pc_chair,can/causative,T2,cfnai,52,0.606,71,0.0669,0.5796,0.1098,0.3619,0.8918,False,U3
layer,pc_chair,can/causative,T2,vix,52,0.606,71,0.0321,0.7904,-0.0282,0.8153,0.8866,False,U3
layer,pc_chair,can/causative,T3,cfnai,74,0.543,92,-0.0886,0.401,-0.0705,0.5041,0.8995,True,U3
layer,pc_chair,can/causative,T3,vix,74,0.543,92,0.076,0.4715,-0.0022,0.9831,0.9991,True,U3
layer,pc_chair,can/causative,H2,cfnai,34,0.674,43,0.0633,0.6868,0.1154,0.4612,0.7593,False,U3
layer,pc_chair,can/causative,H2,vix,34,0.674,43,0.0576,0.7135,0.1534,0.326,0.8553,False,U3
layer,pc_chair,can/communication,T1,cfnai,155,0.25,80,-0.0701,0.5366,-0.0723,0.5238,0.9468,True,U3
layer,pc_chair,can/communication,T1,vix,155,0.25,80,0.1002,0.3767,-0.0129,0.9098,0.9874,True,U3
layer,pc_chair,can/communication,T2,cfnai,128,0.268,71,-0.0574,0.6345,-0.0131,0.9135,0.9629,True,U3
layer,pc_chair,can/communication,T2,vix,128,0.268,71,-0.0082,0.9459,-0.0608,0.6142,0.7752,True,U3
layer,pc_chair,can/communication,T3,cfnai,171,0.261,92,-0.0664,0.5296,-0.0349,0.7415,0.9725,True,U3
layer,pc_chair,can/communication,T3,vix,171,0.261,92,0.1508,0.1513,0.0459,0.6641,0.8496,True,U3
layer,pc_chair,can/communication,H2,cfnai,92,0.279,43,-0.1268,0.4177,-0.1282,0.4128,0.753,True,U3
layer,pc_chair,can/communication,H2,vix,92,0.279,43,-0.0811,0.6054,-0.0989,0.5283,0.8765,True,U3
layer,pc_chair,can/copular_adj,T1,cfnai,50,0.575,80,0.1776,0.115,0.0616,0.5875,0.9468,True,U3
layer,pc_chair,can/copular_adj,T1,vix,50,0.575,80,-0.0788,0.487,-0.0899,0.4277,0.6073,True,U3
layer,pc_chair,can/copular_adj,T2,cfnai,45,0.563,71,-0.0655,0.5874,-0.0215,0.8589,0.9629,True,U3
layer,pc_chair,can/copular_adj,T2,vix,45,0.563,71,-0.0242,0.8412,-0.0604,0.6169,0.7752,True,U3
layer,pc_chair,can/copular_adj,T3,cfnai,60,0.554,92,0.169,0.1072,0.0807,0.4444,0.8995,True,U3
layer,pc_chair,can/copular_adj,T3,vix,60,0.554,92,-0.0394,0.709,-0.0393,0.7099,0.8697,True,U3
layer,pc_chair,can/copular_adj,H2,cfnai,27,0.581,43,-0.0602,0.7014,-0.0299,0.849,0.9425,False,U3
layer,pc_chair,can/copular_adj,H2,vix,27,0.581,43,0.0689,0.6607,0.0165,0.9163,0.9818,False,U3
layer,pc_chair,can/copular_nom,T1,cfnai,46,0.588,80,-0.2012,0.0736,-0.1537,0.1735,0.7945,True,U3
layer,pc_chair,can/copular_nom,T1,vix,46,0.588,80,-0.0683,0.5473,-0.1292,0.2532,0.461,True,U3
layer,pc_chair,can/copular_nom,T2,cfnai,39,0.606,71,-0.0153,0.8993,-0.0986,0.4131,0.8918,False,U3
layer,pc_chair,can/copular_nom,T2,vix,39,0.606,71,-0.1076,0.3718,-0.1766,0.1408,0.3277,False,U3
layer,pc_chair,can/copular_nom,T3,cfnai,49,0.62,92,-0.1941,0.0638,-0.1391,0.1861,0.7552,False,U3
layer,pc_chair,can/copular_nom,T3,vix,49,0.62,92,-0.0259,0.8064,-0.0719,0.4959,0.7434,False,U3
layer,pc_chair,can/copular_nom,H2,cfnai,23,0.628,43,0.0324,0.8367,-0.0492,0.754,0.9216,False,U3
layer,pc_chair,can/copular_nom,H2,vix,23,0.628,43,-0.0678,0.6658,-0.048,0.7597,0.946,False,U3
layer,pc_chair,can/existence,T1,cfnai,75,0.438,80,-0.0668,0.556,0.1274,0.2599,0.8789,True,U3
layer,pc_chair,can/existence,T1,vix,75,0.438,80,0.255,0.0224,0.2056,0.0673,0.1911,True,U3
layer,pc_chair,can/existence,T2,cfnai,64,0.465,71,0.1527,0.2036,0.1422,0.2369,0.8222,True,U3
layer,pc_chair,can/existence,T2,vix,64,0.465,71,0.307,0.0092,0.1819,0.1291,0.3215,True,U3
layer,pc_chair,can/existence,T3,cfnai,78,0.478,92,-0.0649,0.5388,0.1326,0.2078,0.777,True,U3
layer,pc_chair,can/existence,T3,vix,78,0.478,92,0.2361,0.0235,0.1745,0.0962,0.2627,True,U3
layer,pc_chair,can/existence,H2,cfnai,50,0.395,43,0.1472,0.3463,0.1616,0.3006,0.644,True,U3
layer,pc_chair,can/existence,H2,vix,50,0.395,43,0.3428,0.0244,0.3179,0.0378,0.4251,True,U3
layer,pc_chair,can/mental,T1,cfnai,237,0.138,80,-0.1196,0.2907,-0.1114,0.3253,0.9468,True,U3
layer,pc_chair,can/mental,T1,vix,237,0.138,80,0.1068,0.3455,0.1217,0.2821,0.4885,True,U3
layer,pc_chair,can/mental,T2,cfnai,211,0.127,71,-0.1441,0.2306,-0.0968,0.4217,0.8918,True,U3
layer,pc_chair,can/mental,T2,vix,211,0.127,71,0.1225,0.309,0.0846,0.4831,0.7072,True,U3
layer,pc_chair,can/mental,T3,cfnai,267,0.13,92,-0.1167,0.268,-0.0947,0.3691,0.8599,True,U3
layer,pc_chair,can/mental,T3,vix,267,0.13,92,0.1268,0.2284,0.142,0.177,0.378,True,U3
layer,pc_chair,can/mental,H2,cfnai,154,0.093,43,-0.1771,0.2559,-0.1392,0.3734,0.6906,True,U3
layer,pc_chair,can/mental,H2,vix,154,0.093,43,0.0114,0.9422,-0.1197,0.4445,0.8765,True,U3
layer,pc_chair,can/occurrence,T1,cfnai,63,0.512,80,-0.087,0.443,-0.0124,0.9128,0.9598,True,U3
layer,pc_chair,can/occurrence,T1,vix,63,0.512,80,0.0853,0.4519,0.1177,0.2983,0.5104,True,U3
layer,pc_chair,can/occurrence,T2,cfnai,58,0.493,71,0.0574,0.6347,0.0254,0.8335,0.9629,True,U3
layer,pc_chair,can/occurrence,T2,vix,58,0.493,71,0.1515,0.2072,0.1624,0.1761,0.3824,True,U3
layer,pc_chair,can/occurrence,T3,cfnai,68,0.533,92,-0.0819,0.4379,0.0231,0.8267,0.9725,True,U3
layer,pc_chair,can/occurrence,T3,vix,68,0.533,92,0.1105,0.2945,0.1379,0.1899,0.3848,True,U3
layer,pc_chair,can/occurrence,H2,cfnai,43,0.419,43,0.1397,0.3717,0.1213,0.4385,0.7593,True,U3
layer,pc_chair,can/occurrence,H2,vix,43,0.419,43,0.1798,0.2485,0.2342,0.1306,0.6121,True,U3
layer,pc_chair,can/other,T1,cfnai,351,0.062,80,-0.1707,0.13,0.0143,0.8997,0.9598,True,U3
layer,pc_chair,can/other,T1,vix,351,0.062,80,0.3599,0.001,0.3126,0.0047,0.0337,True,U3
layer,pc_chair,can/other,T2,cfnai,298,0.056,71,0.0458,0.7043,0.0972,0.42,0.8918,True,U3
layer,pc_chair,can/other,T2,vix,298,0.056,71,0.1881,0.1161,0.2827,0.0169,0.0798,True,U3
layer,pc_chair,can/other,T3,cfnai,411,0.054,92,-0.1663,0.1131,-0.0282,0.7895,0.9725,True,U3
layer,pc_chair,can/other,T3,vix,411,0.054,92,0.305,0.0031,0.2819,0.0065,0.0438,True,U3
layer,pc_chair,can/other,H2,cfnai,215,0.0,43,0.0491,0.7546,0.1664,0.2861,0.644,True,U3
layer,pc_chair,can/other,H2,vix,215,0.0,43,-0.1049,0.5033,0.0021,0.9893,0.9919,True,U3
layer,pc_chair,can/policy_action,T1,cfnai,104,0.388,80,0.0383,0.7361,0.0294,0.7957,0.9468,True,U3
layer,pc_chair,can/policy_action,T1,vix,104,0.388,80,0.2361,0.035,0.195,0.083,0.2268,True,U3
layer,pc_chair,can/policy_action,T2,cfnai,78,0.423,71,0.0486,0.6875,0.0239,0.8431,0.9629,True,U3
layer,pc_chair,can/policy_action,T2,vix,78,0.423,71,0.0181,0.8812,0.0759,0.5295,0.7263,True,U3
layer,pc_chair,can/policy_action,T3,cfnai,130,0.359,92,0.0295,0.78,-0.0303,0.7743,0.9725,True,U3
layer,pc_chair,can/policy_action,T3,vix,130,0.359,92,0.263,0.0113,0.2309,0.0268,0.1215,True,U3
layer,pc_chair,can/policy_action,H2,cfnai,53,0.395,43,0.1289,0.4101,0.0996,0.5252,0.8341,True,U3
layer,pc_chair,can/policy_action,H2,vix,53,0.395,43,0.0159,0.9196,0.0022,0.9889,0.9919,True,U3
layer,pc_chair,could/activity,T1,cfnai,110,0.287,80,0.086,0.4483,0.2319,0.0385,0.3644,True,U3
layer,pc_chair,could/activity,T1,vix,110,0.287,80,-0.1215,0.283,-0.1672,0.1383,0.3187,True,U3
layer,pc_chair,could/activity,T2,cfnai,101,0.282,71,0.163,0.1744,0.2328,0.0507,0.4012,True,U3
layer,pc_chair,could/activity,T2,vix,101,0.282,71,-0.0475,0.6938,-0.1329,0.2692,0.503,True,U3
layer,pc_chair,could/activity,T3,cfnai,133,0.272,92,0.0844,0.4238,0.2114,0.043,0.4075,True,U3
layer,pc_chair,could/activity,T3,vix,133,0.272,92,-0.1598,0.1281,-0.2044,0.0507,0.1787,True,U3
layer,pc_chair,could/activity,H2,cfnai,61,0.326,43,0.1906,0.2208,0.2551,0.0988,0.404,True,U3
layer,pc_chair,could/activity,H2,vix,61,0.326,43,0.0963,0.5392,0.0735,0.6397,0.946,True,U3
layer,pc_chair,could/causative,T1,cfnai,88,0.4,80,0.1153,0.3084,0.0199,0.861,0.9468,True,U3
layer,pc_chair,could/causative,T1,vix,88,0.4,80,-0.301,0.0067,-0.3878,0.0004,0.0041,True,U3
layer,pc_chair,could/causative,T2,cfnai,74,0.394,71,0.0192,0.8739,-0.0156,0.8969,0.9629,True,U3
layer,pc_chair,could/causative,T2,vix,74,0.394,71,-0.4624,0.0,-0.485,0.0,0.0004,True,U3
layer,pc_chair,could/causative,T3,cfnai,96,0.424,92,0.1078,0.3062,0.0132,0.9005,0.9725,True,U3
layer,pc_chair,could/causative,T3,vix,96,0.424,92,-0.2944,0.0044,-0.3828,0.0002,0.0024,True,U3
layer,pc_chair,could/causative,H2,cfnai,35,0.488,43,0.0549,0.7268,-0.022,0.8885,0.9513,False,U3
layer,pc_chair,could/causative,H2,vix,35,0.488,43,-0.3866,0.0105,-0.3942,0.0089,0.2003,False,U3
layer,pc_chair,could/copular_adj,T1,cfnai,51,0.575,80,-0.1612,0.153,-0.0737,0.5161,0.9468,True,U3
layer,pc_chair,could/copular_adj,T1,vix,51,0.575,80,0.1529,0.1758,0.0818,0.4706,0.6365,True,U3
layer,pc_chair,could/copular_adj,T2,cfnai,45,0.563,71,-0.1174,0.3295,-0.0548,0.6501,0.9629,True,U3
layer,pc_chair,could/copular_adj,T2,vix,45,0.563,71,0.1108,0.3575,0.0615,0.6104,0.7752,True,U3
layer,pc_chair,could/copular_adj,T3,cfnai,56,0.587,92,-0.1627,0.1212,-0.1143,0.278,0.777,True,U3
layer,pc_chair,could/copular_adj,T3,vix,56,0.587,92,0.1378,0.1902,0.0705,0.5042,0.7435,True,U3
layer,pc_chair,could/copular_adj,H2,cfnai,28,0.581,43,-0.1944,0.2116,-0.2125,0.1714,0.5443,False,U3
layer,pc_chair,could/copular_adj,H2,vix,28,0.581,43,0.1274,0.4155,0.0492,0.7541,0.946,False,U3
layer,pc_chair,could/copular_nom,T1,cfnai,54,0.55,80,-0.2229,0.0469,-0.1752,0.12,0.6555,True,U3
layer,pc_chair,could/copular_nom,T1,vix,54,0.55,80,0.0246,0.8285,0.0172,0.8799,0.9838,True,U3
layer,pc_chair,could/copular_nom,T2,cfnai,45,0.577,71,-0.0974,0.4189,-0.1002,0.4056,0.8918,True,U3
layer,pc_chair,could/copular_nom,T2,vix,45,0.577,71,-0.1097,0.3624,-0.0335,0.7812,0.8866,True,U3
layer,pc_chair,could/copular_nom,T3,cfnai,57,0.576,92,-0.2174,0.0374,-0.153,0.1455,0.7552,True,U3
layer,pc_chair,could/copular_nom,T3,vix,57,0.576,92,0.0653,0.5361,0.0692,0.5124,0.7435,True,U3
layer,pc_chair,could/copular_nom,H2,cfnai,31,0.535,43,-0.1808,0.2461,-0.2019,0.1941,0.5697,False,U3
layer,pc_chair,could/copular_nom,H2,vix,31,0.535,43,-0.3001,0.0505,-0.2935,0.0561,0.5048,False,U3
layer,pc_chair,could/existence,T1,cfnai,71,0.575,80,-0.1741,0.1225,-0.1329,0.2398,0.8347,True,U3
layer,pc_chair,could/existence,T1,vix,71,0.575,80,-0.1397,0.2166,-0.161,0.1536,0.3254,True,U3
layer,pc_chair,could/existence,T2,cfnai,65,0.563,71,-0.2076,0.0823,-0.1372,0.2538,0.8369,True,U3
layer,pc_chair,could/existence,T2,vix,65,0.563,71,-0.1556,0.195,-0.1804,0.1323,0.3238,True,U3
layer,pc_chair,could/existence,T3,cfnai,79,0.576,92,-0.1673,0.1109,-0.1118,0.2889,0.777,True,U3
layer,pc_chair,could/existence,T3,vix,79,0.576,92,-0.1475,0.1606,-0.1695,0.1063,0.2706,True,U3
layer,pc_chair,could/existence,H2,cfnai,41,0.605,43,-0.2693,0.0808,-0.2822,0.0667,0.3137,False,U3
layer,pc_chair,could/existence,H2,vix,41,0.605,43,-0.2366,0.1265,-0.2328,0.1329,0.6121,False,U3
layer,pc_chair,could/mental,T1,cfnai,43,0.662,80,-0.054,0.6341,0.1166,0.3031,0.9356,False,U3
layer,pc_chair,could/mental,T1,vix,43,0.662,80,-0.0465,0.6823,-0.0605,0.5941,0.7638,False,U3
layer,pc_chair,could/mental,T2,cfnai,38,0.662,71,0.157,0.191,0.1949,0.1033,0.5237,False,U3
layer,pc_chair,could/mental,T2,vix,38,0.662,71,0.0134,0.912,-0.0248,0.8376,0.9011,False,U3
layer,pc_chair,could/mental,T3,cfnai,43,0.707,92,-0.0548,0.6039,0.1201,0.2542,0.777,False,U3
layer,pc_chair,could/mental,T3,vix,43,0.707,92,-0.0373,0.7239,-0.0524,0.6195,0.8146,False,U3
layer,pc_chair,could/mental,H2,cfnai,23,0.674,43,0.1079,0.4912,0.0494,0.7529,0.9216,False,U3
layer,pc_chair,could/mental,H2,vix,23,0.674,43,0.1518,0.331,0.0584,0.7099,0.946,False,U3
layer,pc_chair,could/occurrence,T1,cfnai,51,0.588,80,-0.0209,0.8537,0.1399,0.2158,0.8065,True,U3
layer,pc_chair,could/occurrence,T1,vix,51,0.588,80,-0.2051,0.0681,-0.1644,0.1451,0.3187,True,U3
layer,pc_chair,could/occurrence,T2,cfnai,47,0.577,71,0.0379,0.7536,0.1304,0.2782,0.8534,True,U3
layer,pc_chair,could/occurrence,T2,vix,47,0.577,71,-0.2153,0.0714,-0.1833,0.1261,0.3197,True,U3
layer,pc_chair,could/occurrence,T3,cfnai,56,0.598,92,-0.0207,0.8447,0.1431,0.1734,0.7552,True,U3
layer,pc_chair,could/occurrence,T3,vix,56,0.598,92,-0.2075,0.0471,-0.1788,0.0882,0.2455,True,U3
layer,pc_chair,could/occurrence,H2,cfnai,21,0.605,43,0.0965,0.5384,0.1674,0.2834,0.644,False,U3
layer,pc_chair,could/occurrence,H2,vix,21,0.605,43,-0.1043,0.5057,-0.0458,0.7707,0.946,False,U3
layer,pc_chair,could/other,T1,cfnai,81,0.45,80,-0.1099,0.3319,-0.038,0.7376,0.9468,True,U3
layer,pc_chair,could/other,T1,vix,81,0.45,80,-0.2283,0.0417,-0.2825,0.0111,0.0512,True,U3
layer,pc_chair,could/other,T2,cfnai,70,0.465,71,-0.043,0.7221,-0.0083,0.9455,0.9729,True,U3
layer,pc_chair,could/other,T2,vix,70,0.465,71,-0.2809,0.0176,-0.3304,0.0049,0.029,True,U3
layer,pc_chair,could/other,T3,cfnai,95,0.446,92,-0.1055,0.317,-0.047,0.6562,0.9708,True,U3
layer,pc_chair,could/other,T3,vix,95,0.446,92,-0.2441,0.019,-0.2962,0.0042,0.0314,True,U3
layer,pc_chair,could/other,H2,cfnai,31,0.605,43,-0.157,0.3146,-0.1653,0.2894,0.644,False,U3
layer,pc_chair,could/other,H2,vix,31,0.605,43,-0.0649,0.6791,-0.1234,0.4304,0.8765,False,U3
layer,pc_chair,may/activity,T1,cfnai,65,0.537,80,0.1913,0.0892,0.2105,0.061,0.4328,True,U3
layer,pc_chair,may/activity,T1,vix,65,0.537,80,0.1969,0.0799,0.212,0.0591,0.1785,True,U3
layer,pc_chair,may/activity,T2,cfnai,56,0.535,71,0.0668,0.5799,0.0867,0.4724,0.931,True,U3
layer,pc_chair,may/activity,T2,vix,56,0.535,71,0.2582,0.0297,0.2078,0.082,0.2529,True,U3
layer,pc_chair,may/activity,T3,cfnai,69,0.554,92,0.1831,0.0806,0.187,0.0743,0.5862,True,U3
layer,pc_chair,may/activity,T3,vix,69,0.554,92,0.1871,0.0741,0.2036,0.0516,0.1787,True,U3
layer,pc_chair,may/activity,H2,cfnai,45,0.419,43,0.0498,0.7513,0.0757,0.6294,0.8855,True,U3
layer,pc_chair,may/activity,H2,vix,45,0.419,43,0.2022,0.1935,0.1561,0.3176,0.8553,True,U3
layer,pc_chair,may/copular_adj,T1,cfnai,61,0.5,80,-0.0547,0.6301,-0.2169,0.0533,0.3983,True,U3
layer,pc_chair,may/copular_adj,T1,vix,61,0.5,80,-0.0353,0.7558,0.0008,0.9947,0.9981,True,U3
layer,pc_chair,may/copular_adj,T2,cfnai,54,0.535,71,-0.2937,0.0129,-0.2722,0.0217,0.3075,True,U3
layer,pc_chair,may/copular_adj,T2,vix,54,0.535,71,-0.1003,0.4052,-0.069,0.5677,0.7531,True,U3
layer,pc_chair,may/copular_adj,T3,cfnai,69,0.5,92,-0.0532,0.6142,-0.196,0.0611,0.5105,True,U3
layer,pc_chair,may/copular_adj,T3,vix,69,0.5,92,-0.0051,0.9614,0.0536,0.6121,0.8146,True,U3
layer,pc_chair,may/copular_adj,H2,cfnai,41,0.512,43,-0.3983,0.0082,-0.4451,0.0028,0.0491,True,U3
layer,pc_chair,may/copular_adj,H2,vix,41,0.512,43,-0.2974,0.0528,-0.3029,0.0483,0.4726,True,U3
layer,pc_chair,may/copular_nom,T1,cfnai,70,0.512,80,-0.0337,0.7668,-0.0414,0.7157,0.9468,True,U3
layer,pc_chair,may/copular_nom,T1,vix,70,0.512,80,0.0237,0.8344,0.0192,0.8658,0.9835,True,U3
layer,pc_chair,may/copular_nom,T2,cfnai,58,0.549,71,0.0177,0.8837,-0.0558,0.6439,0.9629,True,U3
layer,pc_chair,may/copular_nom,T2,vix,58,0.549,71,-0.097,0.4211,-0.0504,0.6763,0.8071,True,U3
layer,pc_chair,may/copular_nom,T3,cfnai,81,0.489,92,-0.0276,0.7942,-0.0125,0.906,0.9725,True,U3
layer,pc_chair,may/copular_nom,T3,vix,81,0.489,92,0.0221,0.8347,0.0166,0.8753,0.9759,True,U3
layer,pc_chair,may/copular_nom,H2,cfnai,38,0.512,43,0.1398,0.3713,0.0601,0.7016,0.9108,False,U3
layer,pc_chair,may/copular_nom,H2,vix,38,0.512,43,-0.1202,0.4426,-0.0342,0.8279,0.956,False,U3
layer,pc_chair,may/existence,T1,cfnai,68,0.412,80,0.0454,0.6893,-0.0384,0.7353,0.9468,True,U3
layer,pc_chair,may/existence,T1,vix,68,0.412,80,-0.0927,0.4135,-0.1362,0.2285,0.438,True,U3
layer,pc_chair,may/existence,T2,cfnai,63,0.408,71,-0.0896,0.4574,-0.1164,0.3338,0.8876,True,U3
layer,pc_chair,may/existence,T2,vix,63,0.408,71,-0.0645,0.5928,-0.1259,0.2954,0.5066,True,U3
layer,pc_chair,may/existence,T3,cfnai,80,0.402,92,0.0465,0.66,-0.005,0.9625,0.9778,True,U3
layer,pc_chair,may/existence,T3,vix,80,0.402,92,-0.1094,0.299,-0.1488,0.1569,0.3427,True,U3
layer,pc_chair,may/existence,H2,cfnai,42,0.419,43,-0.187,0.2299,-0.2129,0.1705,0.5443,True,U3
layer,pc_chair,may/existence,H2,vix,42,0.419,43,-0.1084,0.4889,-0.1872,0.2293,0.7371,True,U3
layer,pc_chair,may/occurrence,T1,cfnai,39,0.675,80,-0.0083,0.9419,0.0261,0.8184,0.9468,False,U3
layer,pc_chair,may/occurrence,T1,vix,39,0.675,80,-0.0638,0.5739,-0.0133,0.9071,0.9874,False,U3
layer,pc_chair,may/occurrence,T2,cfnai,36,0.676,71,0.0026,0.983,0.0562,0.6415,0.9629,False,U3
layer,pc_chair,may/occurrence,T2,vix,36,0.676,71,0.0219,0.8561,0.0433,0.7202,0.8522,False,U3
layer,pc_chair,may/occurrence,T3,cfnai,48,0.641,92,-0.0054,0.9591,0.0408,0.699,0.9708,False,U3
layer,pc_chair,may/occurrence,T3,vix,48,0.641,92,-0.0448,0.6716,0.007,0.947,0.9921,False,U3
layer,pc_chair,may/occurrence,H2,cfnai,21,0.698,43,0.0108,0.9454,0.0734,0.64,0.8907,False,U3
layer,pc_chair,may/occurrence,H2,vix,21,0.698,43,0.1228,0.4329,0.2735,0.076,0.5398,False,U3
layer,pc_chair,may/other,T1,cfnai,69,0.45,80,-0.0644,0.5701,0.0086,0.9393,0.9598,True,U3
layer,pc_chair,may/other,T1,vix,69,0.45,80,0.1964,0.0808,0.0986,0.3841,0.5622,True,U3
layer,pc_chair,may/other,T2,cfnai,52,0.493,71,-0.0323,0.7891,-0.0129,0.9149,0.9629,True,U3
layer,pc_chair,may/other,T2,vix,52,0.493,71,-0.0105,0.9306,-0.0847,0.4824,0.7072,True,U3
layer,pc_chair,may/other,T3,cfnai,78,0.446,92,-0.0642,0.5434,-0.003,0.9773,0.9843,True,U3
layer,pc_chair,may/other,T3,vix,78,0.446,92,0.1375,0.1911,0.0202,0.8487,0.9641,True,U3
layer,pc_chair,may/other,H2,cfnai,27,0.605,43,0.0144,0.927,0.0823,0.6,0.8618,False,U3
layer,pc_chair,may/other,H2,vix,27,0.605,43,0.1835,0.239,0.2143,0.1676,0.6287,False,U3
layer,pc_chair,should/activity,T1,cfnai,114,0.275,80,0.0412,0.7168,-0.0614,0.5887,0.9468,True,U3
layer,pc_chair,should/activity,T1,vix,114,0.275,80,-0.0387,0.7329,-0.0361,0.7509,0.9113,True,U3
layer,pc_chair,should/activity,T2,cfnai,103,0.268,71,-0.0659,0.5848,-0.1339,0.2656,0.838,True,U3
layer,pc_chair,should/activity,T2,vix,103,0.268,71,0.0238,0.844,-0.0236,0.845,0.9022,True,U3
layer,pc_chair,should/activity,T3,cfnai,132,0.304,92,0.0309,0.77,-0.0772,0.4646,0.8995,True,U3
layer,pc_chair,should/activity,T3,vix,132,0.304,92,-0.0232,0.8266,0.0006,0.9956,0.9991,True,U3
layer,pc_chair,should/activity,H2,cfnai,62,0.279,43,-0.0679,0.6651,-0.1727,0.2681,0.644,True,U3
layer,pc_chair,should/activity,H2,vix,62,0.279,43,0.0287,0.8551,-0.0379,0.8091,0.956,True,U3
layer,pc_chair,should/copular_nom,T1,cfnai,43,0.6,80,0.095,0.402,0.0603,0.5954,0.9468,True,U3
layer,pc_chair,should/copular_nom,T1,vix,43,0.6,80,0.1812,0.1077,0.1323,0.242,0.4462,True,U3
layer,pc_chair,should/copular_nom,T2,cfnai,35,0.62,71,0.008,0.9475,-0.0351,0.7712,0.9629,False,U3
layer,pc_chair,should/copular_nom,T2,vix,35,0.62,71,0.1966,0.1003,0.0785,0.5153,0.7245,False,U3
layer,pc_chair,should/copular_nom,T3,cfnai,47,0.609,92,0.0949,0.3682,0.086,0.4149,0.8818,False,U3
layer,pc_chair,should/copular_nom,T3,vix,47,0.609,92,0.171,0.1031,0.1371,0.1924,0.3848,False,U3
layer,pc_chair,should/copular_nom,H2,cfnai,22,0.651,43,-0.0041,0.9794,0.0456,0.7714,0.9216,False,U3
layer,pc_chair,should/copular_nom,H2,vix,22,0.651,43,0.3401,0.0256,0.302,0.049,0.4726,False,U3
layer,pc_chair,should/mental,T1,cfnai,72,0.412,80,0.0623,0.5829,0.056,0.622,0.9468,True,U3
layer,pc_chair,should/mental,T1,vix,72,0.412,80,-0.1298,0.251,-0.1026,0.365,0.5521,True,U3
layer,pc_chair,should/mental,T2,cfnai,66,0.423,71,0.0514,0.6704,0.0619,0.6079,0.9629,True,U3
layer,pc_chair,should/mental,T2,vix,66,0.423,71,-0.1637,0.1726,-0.1248,0.2997,0.5066,True,U3
layer,pc_chair,should/mental,T3,cfnai,83,0.413,92,0.0578,0.5843,0.0679,0.5202,0.9109,True,U3
layer,pc_chair,should/mental,T3,vix,83,0.413,92,-0.0861,0.4144,-0.0369,0.7271,0.8807,True,U3
layer,pc_chair,should/mental,H2,cfnai,36,0.419,43,-0.133,0.3951,-0.1636,0.2946,0.644,False,U3
layer,pc_chair,should/mental,H2,vix,36,0.419,43,-0.081,0.6054,-0.0237,0.8802,0.9818,False,U3
layer,pc_chair,should/other,T1,cfnai,68,0.463,80,0.0104,0.9272,0.1559,0.1673,0.7921,True,U3
layer,pc_chair,should/other,T1,vix,68,0.463,80,0.0959,0.3975,0.0848,0.4543,0.6357,True,U3
layer,pc_chair,should/other,T2,cfnai,57,0.479,71,0.2394,0.0444,0.1519,0.2059,0.7963,True,U3
layer,pc_chair,should/other,T2,vix,57,0.479,71,0.0298,0.8054,0.0301,0.8033,0.8866,True,U3
layer,pc_chair,should/other,T3,cfnai,80,0.435,92,0.0126,0.9051,0.1443,0.1698,0.7552,True,U3
layer,pc_chair,should/other,T3,vix,80,0.435,92,0.1378,0.1904,0.1373,0.1917,0.3848,True,U3
layer,pc_chair,should/other,H2,cfnai,32,0.512,43,0.4798,0.0011,0.265,0.0859,0.3867,False,U3
layer,pc_chair,should/other,H2,vix,32,0.512,43,-0.0715,0.6486,-0.0099,0.9498,0.9863,False,U3
layer,pc_chair,will/activity,T1,cfnai,845,0.0,80,0.0582,0.6081,-0.0206,0.8558,0.9468,True,U3
layer,pc_chair,will/activity,T1,vix,845,0.0,80,0.3041,0.0061,0.3037,0.0062,0.0417,True,U3
layer,pc_chair,will/activity,T2,cfnai,718,0.0,71,0.0093,0.9388,-0.0649,0.5905,0.9629,True,U3
layer,pc_chair,will/activity,T2,vix,718,0.0,71,0.2332,0.0503,0.2795,0.0183,0.081,True,U3
layer,pc_chair,will/activity,T3,cfnai,951,0.0,92,0.0507,0.6311,-0.0489,0.6433,0.9708,True,U3
layer,pc_chair,will/activity,T3,vix,951,0.0,92,0.2515,0.0156,0.2321,0.026,0.1215,True,U3
layer,pc_chair,will/activity,H2,cfnai,557,0.0,43,0.0274,0.8614,0.0482,0.7589,0.9216,True,U3
layer,pc_chair,will/activity,H2,vix,557,0.0,43,-0.0753,0.6312,-0.0601,0.7018,0.946,True,U3
layer,pc_chair,will/aspectual,T1,cfnai,336,0.013,80,0.0711,0.531,0.0613,0.5888,0.9468,True,U3
layer,pc_chair,will/aspectual,T1,vix,336,0.013,80,0.2557,0.0221,0.2361,0.035,0.1184,True,U3
layer,pc_chair,will/aspectual,T2,cfnai,275,0.014,71,0.1527,0.2036,0.0746,0.5365,0.9476,True,U3
layer,pc_chair,will/aspectual,T2,vix,275,0.014,71,0.0449,0.7103,0.1503,0.2108,0.4276,True,U3
layer,pc_chair,will/aspectual,T3,cfnai,406,0.011,92,0.0754,0.4751,0.0916,0.3851,0.8599,True,U3
layer,pc_chair,will/aspectual,T3,vix,406,0.011,92,0.2543,0.0144,0.2235,0.0322,0.1361,True,U3
layer,pc_chair,will/aspectual,H2,cfnai,155,0.0,43,0.2274,0.1426,0.2096,0.1774,0.5443,True,U3
layer,pc_chair,will/aspectual,H2,vix,155,0.0,43,0.2586,0.094,0.3846,0.0109,0.2098,True,U3
layer,pc_chair,will/causative,T1,cfnai,105,0.35,80,0.1096,0.3333,0.1442,0.202,0.8065,True,U3
layer,pc_chair,will/causative,T1,vix,105,0.35,80,0.0804,0.4784,0.0599,0.5973,0.7638,True,U3
layer,pc_chair,will/causative,T2,cfnai,96,0.324,71,0.0578,0.6319,0.1538,0.2003,0.7963,True,U3
layer,pc_chair,will/causative,T2,vix,96,0.324,71,0.0758,0.5297,0.0634,0.5994,0.7738,True,U3
layer,pc_chair,will/causative,T3,cfnai,123,0.337,92,0.1034,0.3265,0.1183,0.2614,0.777,True,U3
layer,pc_chair,will/causative,T3,vix,123,0.337,92,0.0741,0.483,0.0716,0.4973,0.7434,True,U3
layer,pc_chair,will/causative,H2,cfnai,49,0.372,43,0.0496,0.7523,0.145,0.3535,0.6816,True,U3
layer,pc_chair,will/causative,H2,vix,49,0.372,43,0.2158,0.1645,0.226,0.1451,0.6121,True,U3
layer,pc_chair,will/communication,T1,cfnai,267,0.113,80,0.0556,0.6243,0.0339,0.7652,0.9468,True,U3
layer,pc_chair,will/communication,T1,vix,267,0.113,80,0.0648,0.5677,0.1646,0.1445,0.3187,True,U3
layer,pc_chair,will/communication,T2,cfnai,236,0.113,71,0.0929,0.441,-0.0068,0.9549,0.9744,True,U3
layer,pc_chair,will/communication,T2,vix,236,0.113,71,0.1663,0.1657,0.2339,0.0496,0.1718,True,U3
layer,pc_chair,will/communication,T3,cfnai,281,0.141,92,0.0466,0.6588,0.0135,0.8983,0.9725,True,U3
layer,pc_chair,will/communication,T3,vix,281,0.141,92,0.0686,0.5162,0.152,0.1481,0.3286,True,U3
layer,pc_chair,will/communication,H2,cfnai,184,0.023,43,0.0973,0.5349,0.0533,0.7341,0.9216,True,U3
layer,pc_chair,will/communication,H2,vix,184,0.023,43,-0.0247,0.8752,0.0429,0.7848,0.946,True,U3
layer,pc_chair,will/copular_adj,T1,cfnai,400,0.037,80,0.1619,0.1514,0.1414,0.2108,0.8065,True,U3
layer,pc_chair,will/copular_adj,T1,vix,400,0.037,80,0.2075,0.0648,0.1912,0.0893,0.2392,True,U3
layer,pc_chair,will/copular_adj,T2,cfnai,338,0.042,71,0.1611,0.1795,0.1293,0.2824,0.8534,True,U3
layer,pc_chair,will/copular_adj,T2,vix,338,0.042,71,0.2354,0.0481,0.1775,0.1387,0.3277,True,U3
layer,pc_chair,will/copular_adj,T3,cfnai,460,0.033,92,0.1531,0.1451,0.121,0.2506,0.777,True,U3
layer,pc_chair,will/copular_adj,T3,vix,460,0.033,92,0.1665,0.1127,0.1287,0.2215,0.4251,True,U3
layer,pc_chair,will/copular_adj,H2,cfnai,215,0.023,43,0.2769,0.0722,0.2346,0.13,0.4952,True,U3
layer,pc_chair,will/copular_adj,H2,vix,215,0.023,43,0.4343,0.0036,0.3333,0.029,0.4251,True,U3
layer,pc_chair,will/copular_nom,T1,cfnai,287,0.05,80,-0.1341,0.2357,-0.1501,0.1839,0.8065,True,U3
layer,pc_chair,will/copular_nom,T1,vix,287,0.05,80,0.2347,0.0362,0.1689,0.1341,0.3187,True,U3
layer,pc_chair,will/copular_nom,T2,cfnai,241,0.056,71,0.0173,0.8864,-0.0448,0.7104,0.9629,True,U3
layer,pc_chair,will/copular_nom,T2,vix,241,0.056,71,0.1282,0.2868,0.1276,0.2889,0.5066,True,U3
layer,pc_chair,will/copular_nom,T3,cfnai,319,0.054,92,-0.1293,0.2192,-0.1181,0.2622,0.777,True,U3
layer,pc_chair,will/copular_nom,T3,vix,319,0.054,92,0.2346,0.0244,0.1601,0.1274,0.2972,True,U3
layer,pc_chair,will/copular_nom,H2,cfnai,164,0.047,43,-0.0297,0.8502,-0.1181,0.4507,0.7593,True,U3
layer,pc_chair,will/copular_nom,H2,vix,164,0.047,43,0.1006,0.5211,0.1207,0.4406,0.8765,True,U3
layer,pc_chair,will/copular_prep,T1,cfnai,60,0.512,80,0.035,0.7579,0.0123,0.914,0.9598,True,U3
layer,pc_chair,will/copular_prep,T1,vix,60,0.512,80,0.2075,0.0648,-0.094,0.4071,0.5839,True,U3
layer,pc_chair,will/copular_prep,T2,cfnai,49,0.521,71,0.1553,0.1959,0.0785,0.5154,0.9424,True,U3
layer,pc_chair,will/copular_prep,T2,vix,49,0.521,71,-0.1617,0.1779,-0.1377,0.2521,0.4972,True,U3
layer,pc_chair,will/copular_prep,T3,cfnai,72,0.489,92,0.0265,0.8018,-0.0468,0.6576,0.9708,True,U3
layer,pc_chair,will/copular_prep,T3,vix,72,0.489,92,0.1801,0.0858,-0.0655,0.535,0.7522,True,U3
layer,pc_chair,will/copular_prep,H2,cfnai,32,0.465,43,0.1619,0.2995,0.0671,0.6691,0.8944,False,U3
layer,pc_chair,will/copular_prep,H2,vix,32,0.465,43,-0.1596,0.3065,-0.1744,0.2633,0.8173,False,U3
layer,pc_chair,will/existence,T1,cfnai,430,0.013,80,0.1185,0.2953,-0.0269,0.813,0.9468,True,U3
layer,pc_chair,will/existence,T1,vix,430,0.013,80,0.2431,0.0298,0.235,0.0358,0.1184,True,U3
layer,pc_chair,will/existence,T2,cfnai,373,0.014,71,-0.0181,0.8807,-0.0339,0.7788,0.9629,True,U3
layer,pc_chair,will/existence,T2,vix,373,0.014,71,0.1673,0.1631,0.2201,0.0651,0.2203,True,U3
layer,pc_chair,will/existence,T3,cfnai,475,0.011,92,0.1117,0.289,-0.0138,0.896,0.9725,True,U3
layer,pc_chair,will/existence,T3,vix,475,0.011,92,0.2077,0.0469,0.1979,0.0586,0.191,True,U3
layer,pc_chair,will/existence,H2,cfnai,271,0.0,43,-0.0372,0.8128,-0.0338,0.8298,0.9425,True,U3
layer,pc_chair,will/existence,H2,vix,271,0.0,43,-0.1043,0.5058,-0.023,0.8838,0.9818,True,U3
layer,pc_chair,will/mental,T1,cfnai,589,0.0,80,0.0163,0.886,-0.0601,0.5964,0.9468,True,U3
layer,pc_chair,will/mental,T1,vix,589,0.0,80,0.0513,0.6516,0.1469,0.1936,0.3926,True,U3
layer,pc_chair,will/mental,T2,cfnai,532,0.0,71,-0.0175,0.8848,-0.0374,0.7568,0.9629,True,U3
layer,pc_chair,will/mental,T2,vix,532,0.0,71,0.1755,0.1431,0.2526,0.0336,0.1254,True,U3
layer,pc_chair,will/mental,T3,cfnai,671,0.0,92,0.0035,0.9735,-0.1079,0.3059,0.777,True,U3
layer,pc_chair,will/mental,T3,vix,671,0.0,92,-0.0241,0.8197,0.0533,0.614,0.8146,True,U3
layer,pc_chair,will/mental,H2,cfnai,357,0.0,43,-0.0319,0.839,-0.0291,0.8531,0.9425,True,U3
layer,pc_chair,will/mental,H2,vix,357,0.0,43,0.1226,0.4334,0.1031,0.5104,0.8765,True,U3
layer,pc_chair,will/occurrence,T1,cfnai,275,0.075,80,0.1858,0.099,0.2241,0.0457,0.3792,True,U3
layer,pc_chair,will/occurrence,T1,vix,275,0.075,80,0.2522,0.024,0.2922,0.0085,0.0434,True,U3
layer,pc_chair,will/occurrence,T2,cfnai,241,0.085,71,0.2235,0.061,0.2493,0.036,0.3412,True,U3
layer,pc_chair,will/occurrence,T2,vix,241,0.085,71,0.3265,0.0055,0.3687,0.0016,0.0138,True,U3
layer,pc_chair,will/occurrence,T3,cfnai,330,0.076,92,0.1715,0.1021,0.157,0.135,0.7552,True,U3
layer,pc_chair,will/occurrence,T3,vix,330,0.076,92,0.2315,0.0264,0.2594,0.0125,0.0741,True,U3
layer,pc_chair,will/occurrence,H2,cfnai,146,0.116,43,0.3975,0.0083,0.4099,0.0063,0.0659,True,U3
layer,pc_chair,will/occurrence,H2,vix,146,0.116,43,0.4145,0.0057,0.5294,0.0003,0.0177,True,U3
layer,pc_chair,will/other,T1,cfnai,431,0.013,80,0.0713,0.5295,0.234,0.0367,0.3644,True,U3
layer,pc_chair,will/other,T1,vix,431,0.013,80,0.3416,0.0019,0.2934,0.0082,0.0434,True,U3
layer,pc_chair,will/other,T2,cfnai,357,0.014,71,0.3842,0.0009,0.2766,0.0195,0.3075,True,U3
layer,pc_chair,will/other,T2,vix,357,0.014,71,0.1628,0.1749,0.2056,0.0854,0.2529,True,U3
layer,pc_chair,will/other,T3,cfnai,493,0.011,92,0.0663,0.5299,0.1976,0.0591,0.5105,True,U3
layer,pc_chair,will/other,T3,vix,493,0.011,92,0.3437,0.0008,0.2888,0.0052,0.0371,True,U3
layer,pc_chair,will/other,H2,cfnai,255,0.0,43,0.4518,0.0024,0.4162,0.0055,0.0619,True,U3
layer,pc_chair,will/other,H2,vix,255,0.0,43,0.0425,0.7867,0.1222,0.4351,0.8765,True,U3
layer,pc_chair,will/policy_action,T1,cfnai,297,0.062,80,0.113,0.3183,0.0556,0.6242,0.9468,True,U3
layer,pc_chair,will/policy_action,T1,vix,297,0.062,80,-0.2037,0.07,-0.3353,0.0024,0.0177,True,U3
layer,pc_chair,will/policy_action,T2,cfnai,255,0.07,71,0.1905,0.1116,0.0862,0.4746,0.931,True,U3
layer,pc_chair,will/policy_action,T2,vix,255,0.07,71,-0.3574,0.0022,-0.3633,0.0018,0.0154,True,U3
layer,pc_chair,will/policy_action,T3,cfnai,340,0.054,92,0.106,0.3147,0.0167,0.8743,0.9725,True,U3
layer,pc_chair,will/policy_action,T3,vix,340,0.054,92,-0.2106,0.0439,-0.332,0.0012,0.014,True,U3
layer,pc_chair,will/policy_action,H2,cfnai,131,0.116,43,0.2446,0.114,0.0039,0.98,0.9874,True,U3
layer,pc_chair,will/policy_action,H2,vix,131,0.116,43,-0.2079,0.181,-0.1714,0.2718,0.8173,True,U3
layer,pc_chair,would/activity,T1,cfnai,344,0.013,80,0.026,0.819,-0.0169,0.8818,0.9519,True,U3
layer,pc_chair,would/activity,T1,vix,344,0.013,80,-0.0875,0.4402,0.0004,0.9975,0.9981,True,U3
layer,pc_chair,would/activity,T2,cfnai,319,0.0,71,-0.0669,0.5793,-0.0512,0.6716,0.9629,True,U3
layer,pc_chair,would/activity,T2,vix,319,0.0,71,0.0507,0.6744,0.0851,0.4805,0.7072,True,U3
layer,pc_chair,would/activity,T3,cfnai,388,0.011,92,0.0186,0.8604,-0.0547,0.6048,0.9574,True,U3
layer,pc_chair,would/activity,T3,vix,388,0.011,92,-0.0614,0.5609,0.0362,0.7319,0.8807,True,U3
layer,pc_chair,would/activity,H2,cfnai,203,0.0,43,-0.0369,0.8142,-0.0842,0.5912,0.8612,True,U3
layer,pc_chair,would/activity,H2,vix,203,0.0,43,0.1003,0.5222,0.1352,0.3875,0.8765,True,U3
layer,pc_chair,would/aspectual,T1,cfnai,53,0.588,80,-0.1275,0.2596,0.1836,0.103,0.6092,True,U3
layer,pc_chair,would/aspectual,T1,vix,53,0.588,80,0.1123,0.3213,0.1359,0.2292,0.438,True,U3
layer,pc_chair,would/aspectual,T2,cfnai,46,0.592,71,0.1917,0.1093,0.2406,0.0433,0.3843,True,U3
layer,pc_chair,would/aspectual,T2,vix,46,0.592,71,0.2122,0.0757,0.1907,0.1111,0.2976,True,U3
layer,pc_chair,would/aspectual,T3,cfnai,64,0.576,92,-0.1184,0.2609,0.1464,0.1637,0.7552,True,U3
layer,pc_chair,would/aspectual,T3,vix,64,0.576,92,0.0465,0.6602,0.0466,0.6593,0.8496,True,U3
layer,pc_chair,would/aspectual,H2,cfnai,33,0.512,43,0.2031,0.1915,0.2871,0.0619,0.3137,False,U3
layer,pc_chair,would/aspectual,H2,vix,33,0.512,43,0.2387,0.1231,0.2217,0.153,0.6134,False,U3
layer,pc_chair,would/causative,T1,cfnai,89,0.425,80,0.0333,0.7693,-0.0646,0.569,0.9468,True,U3
layer,pc_chair,would/causative,T1,vix,89,0.425,80,-0.3126,0.0048,-0.2328,0.0377,0.1216,True,U3
layer,pc_chair,would/causative,T2,cfnai,86,0.366,71,-0.1028,0.3935,-0.0574,0.6345,0.9629,True,U3
layer,pc_chair,would/causative,T2,vix,86,0.366,71,-0.2118,0.0762,-0.0954,0.4287,0.6546,True,U3
layer,pc_chair,would/causative,T3,cfnai,106,0.391,92,0.0278,0.7925,-0.1014,0.3362,0.8231,True,U3
layer,pc_chair,would/causative,T3,vix,106,0.391,92,-0.2719,0.0087,-0.191,0.0681,0.1975,True,U3
layer,pc_chair,would/causative,H2,cfnai,54,0.302,43,-0.1794,0.2496,-0.1911,0.2195,0.6048,True,U3
layer,pc_chair,would/causative,H2,vix,54,0.302,43,-0.3174,0.0381,-0.2798,0.0692,0.5336,True,U3
layer,pc_chair,would/communication,T1,cfnai,846,0.0,80,0.0332,0.7699,-0.0833,0.4627,0.9468,True,U3
layer,pc_chair,would/communication,T1,vix,846,0.0,80,0.1349,0.2327,0.1038,0.3596,0.5521,True,U3
layer,pc_chair,would/communication,T2,cfnai,733,0.0,71,-0.084,0.4861,-0.1066,0.3761,0.8918,True,U3
layer,pc_chair,would/communication,T2,vix,733,0.0,71,0.0999,0.4069,0.0386,0.7495,0.8796,True,U3
layer,pc_chair,would/communication,T3,cfnai,898,0.0,92,0.0255,0.8093,-0.0546,0.6055,0.9574,True,U3
layer,pc_chair,would/communication,T3,vix,898,0.0,92,0.15,0.1535,0.1124,0.2859,0.497,True,U3
layer,pc_chair,would/communication,H2,cfnai,511,0.0,43,-0.1336,0.3932,-0.1166,0.4563,0.7593,True,U3
layer,pc_chair,would/communication,H2,vix,511,0.0,43,0.064,0.6836,-0.0453,0.773,0.946,True,U3
layer,pc_chair,would/copular_adj,T1,cfnai,270,0.075,80,0.0395,0.7281,0.0928,0.4131,0.9468,True,U3
layer,pc_chair,would/copular_adj,T1,vix,270,0.075,80,-0.2733,0.0142,-0.2932,0.0083,0.0434,True,U3
layer,pc_chair,would/copular_adj,T2,cfnai,253,0.056,71,0.1257,0.2961,0.142,0.2374,0.8222,True,U3
layer,pc_chair,would/copular_adj,T2,vix,253,0.056,71,-0.1347,0.2627,-0.1923,0.1081,0.2952,True,U3
layer,pc_chair,would/copular_adj,T3,cfnai,336,0.065,92,0.0349,0.741,0.0701,0.5068,0.8995,True,U3
layer,pc_chair,would/copular_adj,T3,vix,336,0.065,92,-0.2073,0.0474,-0.2334,0.0252,0.1215,True,U3
layer,pc_chair,would/copular_adj,H2,cfnai,147,0.047,43,0.0855,0.5856,0.0357,0.8204,0.9425,True,U3
layer,pc_chair,would/copular_adj,H2,vix,147,0.047,43,0.0228,0.8847,-0.0521,0.74,0.946,True,U3
layer,pc_chair,would/copular_nom,T1,cfnai,219,0.087,80,0.1038,0.3597,-0.0224,0.8433,0.9468,True,U3
layer,pc_chair,would/copular_nom,T1,vix,219,0.087,80,-0.1242,0.2723,-0.1478,0.1907,0.3924,True,U3
layer,pc_chair,would/copular_nom,T2,cfnai,201,0.07,71,-0.0944,0.4334,-0.1168,0.3322,0.8876,True,U3
layer,pc_chair,would/copular_nom,T2,vix,201,0.07,71,-0.0267,0.8253,-0.0754,0.532,0.7263,True,U3
layer,pc_chair,would/copular_nom,T3,cfnai,259,0.098,92,0.1013,0.3368,-0.0112,0.9154,0.9725,True,U3
layer,pc_chair,would/copular_nom,T3,vix,259,0.098,92,-0.1358,0.1969,-0.1415,0.1784,0.378,True,U3
layer,pc_chair,would/copular_nom,H2,cfnai,116,0.047,43,-0.1245,0.4265,-0.1417,0.3646,0.6836,True,U3
layer,pc_chair,would/copular_nom,H2,vix,116,0.047,43,-0.0497,0.7517,-0.1365,0.3827,0.8765,True,U3
layer,pc_chair,would/copular_prep,T1,cfnai,44,0.65,80,0.0338,0.7661,0.079,0.4863,0.9468,False,U3
layer,pc_chair,would/copular_prep,T1,vix,44,0.65,80,0.1131,0.318,0.1673,0.138,0.3187,False,U3
layer,pc_chair,would/copular_prep,T2,cfnai,37,0.676,71,-0.0553,0.6469,-0.0003,0.9979,0.9979,False,U3
layer,pc_chair,would/copular_prep,T2,vix,37,0.676,71,0.1167,0.3323,0.1162,0.3346,0.5445,False,U3
layer,pc_chair,would/copular_prep,T3,cfnai,54,0.62,92,0.036,0.7334,0.1066,0.3119,0.777,False,U3
layer,pc_chair,would/copular_prep,T3,vix,54,0.62,92,0.1552,0.1396,0.1693,0.1067,0.2706,False,U3
layer,pc_chair,would/copular_prep,H2,cfnai,29,0.605,43,-0.0634,0.6863,0.0555,0.7239,0.9216,False,U3
layer,pc_chair,would/copular_prep,H2,vix,29,0.605,43,-0.0257,0.8701,-0.0619,0.6932,0.946,False,U3
layer,pc_chair,would/existence,T1,cfnai,251,0.087,80,0.0982,0.3862,0.1326,0.241,0.8347,True,U3
layer,pc_chair,would/existence,T1,vix,251,0.087,80,0.0567,0.6175,0.1167,0.3025,0.5113,True,U3
layer,pc_chair,would/existence,T2,cfnai,215,0.085,71,0.0425,0.7246,0.1005,0.4042,0.8918,True,U3
layer,pc_chair,would/existence,T2,vix,215,0.085,71,0.1174,0.3295,0.1356,0.2596,0.503,True,U3
layer,pc_chair,would/existence,T3,cfnai,298,0.076,92,0.0976,0.3549,0.1171,0.2662,0.777,True,U3
layer,pc_chair,would/existence,T3,vix,298,0.076,92,0.0116,0.9126,0.0775,0.4629,0.7145,True,U3
layer,pc_chair,would/existence,H2,cfnai,157,0.07,43,0.0037,0.9813,0.091,0.5618,0.8522,True,U3
layer,pc_chair,would/existence,H2,vix,157,0.07,43,-0.0922,0.5564,-0.0625,0.6904,0.946,True,U3
layer,pc_chair,would/mental,T1,cfnai,475,0.0,80,0.1215,0.2831,0.2579,0.0209,0.2702,True,U3
layer,pc_chair,would/mental,T1,vix,475,0.0,80,0.0428,0.7065,0.0249,0.8265,0.962,True,U3
layer,pc_chair,would/mental,T2,cfnai,422,0.0,71,0.0856,0.4777,0.1762,0.1416,0.6485,True,U3
layer,pc_chair,would/mental,T2,vix,422,0.0,71,0.0857,0.4773,-0.0297,0.8057,0.8866,True,U3
layer,pc_chair,would/mental,T3,cfnai,512,0.011,92,0.1079,0.3059,0.2183,0.0365,0.399,True,U3
layer,pc_chair,would/mental,T3,vix,512,0.011,92,0.0581,0.5823,0.0436,0.6796,0.8617,True,U3
layer,pc_chair,would/mental,H2,cfnai,257,0.0,43,0.0647,0.68,0.1741,0.2641,0.644,True,U3
layer,pc_chair,would/mental,H2,vix,257,0.0,43,0.2031,0.1916,0.0504,0.7481,0.946,True,U3
layer,pc_chair,would/occurrence,T1,cfnai,50,0.575,80,-0.1847,0.101,-0.0382,0.7368,0.9468,True,U3
layer,pc_chair,would/occurrence,T1,vix,50,0.575,80,-0.0775,0.4942,-0.1105,0.3291,0.5372,True,U3
layer,pc_chair,would/occurrence,T2,cfnai,44,0.563,71,-0.1077,0.3714,-0.0217,0.8575,0.9629,True,U3
layer,pc_chair,would/occurrence,T2,vix,44,0.563,71,-0.095,0.4305,-0.127,0.2912,0.5066,True,U3
layer,pc_chair,would/occurrence,T3,cfnai,71,0.511,92,-0.161,0.1253,-0.0711,0.5008,0.8995,True,U3
layer,pc_chair,would/occurrence,T3,vix,71,0.511,92,-0.1208,0.2514,-0.1303,0.2159,0.425,True,U3
layer,pc_chair,would/occurrence,H2,cfnai,20,0.674,43,-0.0218,0.8898,0.0475,0.7621,0.9216,False,U3
layer,pc_chair,would/occurrence,H2,vix,20,0.674,43,0.1629,0.2967,0.1465,0.3485,0.8553,False,U3
layer,pc_chair,would/other,T1,cfnai,388,0.062,80,0.1992,0.0764,0.2217,0.0481,0.3792,True,U3
layer,pc_chair,would/other,T1,vix,388,0.062,80,-0.1728,0.1253,-0.1754,0.1197,0.309,True,U3
layer,pc_chair,would/other,T2,cfnai,353,0.056,71,0.2213,0.0636,0.1484,0.2168,0.8102,True,U3
layer,pc_chair,would/other,T2,vix,353,0.056,71,-0.1116,0.3543,-0.1348,0.2622,0.503,True,U3
layer,pc_chair,would/other,T3,cfnai,475,0.054,92,0.1862,0.0756,0.1735,0.0981,0.6632,True,U3
layer,pc_chair,would/other,T3,vix,475,0.054,92,-0.1166,0.2684,-0.1161,0.2702,0.4797,True,U3
layer,pc_chair,would/other,H2,cfnai,184,0.07,43,0.4756,0.0013,0.3795,0.0121,0.102,True,U3
layer,pc_chair,would/other,H2,vix,184,0.07,43,0.1681,0.2812,0.2361,0.1275,0.6121,True,U3
layer,pc_chair,would/policy_action,T1,cfnai,91,0.388,80,0.0294,0.796,0.0517,0.6488,0.9468,True,U3
layer,pc_chair,would/policy_action,T1,vix,91,0.388,80,-0.1466,0.1945,-0.1153,0.3086,0.5156,True,U3
layer,pc_chair,would/policy_action,T2,cfnai,82,0.366,71,0.0647,0.5917,0.0457,0.7053,0.9629,True,U3
layer,pc_chair,would/policy_action,T2,vix,82,0.366,71,-0.0436,0.7179,-0.0282,0.8154,0.8866,True,U3
layer,pc_chair,would/policy_action,T3,cfnai,104,0.38,92,0.0245,0.8165,0.0179,0.8652,0.9725,True,U3
layer,pc_chair,would/policy_action,T3,vix,104,0.38,92,-0.0938,0.3736,-0.0539,0.6097,0.8146,True,U3
layer,pc_chair,would/policy_action,H2,cfnai,42,0.419,43,0.2614,0.0904,0.0756,0.6297,0.8855,True,U3
layer,pc_chair,would/policy_action,H2,vix,42,0.419,43,-0.0155,0.9213,-0.0263,0.8672,0.9818,True,U3
layer,speech_chair,can/activity,T1,cfnai,109,0.484,124,-0.1626,0.0712,-0.1006,0.2664,0.8797,True,U3
layer,speech_chair,can/activity,T1,vix,109,0.484,124,0.0936,0.301,0.0137,0.8796,0.9838,True,U3
layer,speech_chair,can/activity,T2,cfnai,101,0.508,118,0.0525,0.5722,-0.0274,0.7684,0.9629,True,U3
layer,speech_chair,can/activity,T2,vix,101,0.508,118,-0.0639,0.4916,-0.0896,0.3345,0.5445,True,U3
layer,speech_chair,can/activity,T3,cfnai,187,0.443,174,-0.1374,0.0706,-0.1171,0.1238,0.7552,True,U3
layer,speech_chair,can/activity,T3,vix,187,0.443,174,0.1154,0.1294,0.0116,0.8797,0.9759,True,U3
layer,speech_chair,can/activity,H1,cfnai,77,0.397,73,0.1197,0.313,-0.0535,0.6531,0.9647,True,U3
layer,speech_chair,can/activity,H1,vix,77,0.397,73,0.1255,0.29,0.0833,0.4834,0.9586,True,U3
layer,speech_chair,can/activity,H2,cfnai,24,0.689,45,0.0075,0.9612,-0.0071,0.9631,0.9776,False,U3
layer,speech_chair,can/activity,H2,vix,24,0.689,45,-0.127,0.4059,-0.0302,0.8439,0.9655,False,U3
layer,speech_chair,can/causative,T1,cfnai,50,0.702,124,0.0366,0.6862,0.029,0.7489,0.9468,False,U3
layer,speech_chair,can/causative,T1,vix,50,0.702,124,0.1248,0.1674,-0.1011,0.2637,0.4681,False,U3
layer,speech_chair,can/causative,T2,cfnai,46,0.712,118,0.2357,0.0102,0.0901,0.3317,0.8876,False,U3
layer,speech_chair,can/causative,T2,vix,46,0.712,118,0.0061,0.9481,-0.1657,0.0729,0.2407,False,U3
layer,speech_chair,can/causative,T3,cfnai,70,0.718,174,0.0329,0.6666,0.029,0.7041,0.9708,False,U3
layer,speech_chair,can/causative,T3,vix,70,0.718,174,0.0609,0.4249,-0.1196,0.1159,0.2836,False,U3
layer,speech_chair,can/causative,H1,cfnai,35,0.644,73,0.1917,0.1042,0.0623,0.6007,0.9647,False,U3
layer,speech_chair,can/causative,H1,vix,35,0.644,73,-0.1807,0.1261,-0.2038,0.0838,0.4238,False,U3
layer,speech_chair,can/causative,H2,cfnai,11,0.822,45,0.2658,0.0776,0.159,0.297,0.644,False,U3
layer,speech_chair,can/causative,H2,vix,11,0.822,45,0.1457,0.3396,0.1451,0.3416,0.8553,False,U3
layer,speech_chair,can/copular_adj,T1,cfnai,41,0.766,124,0.0281,0.7567,0.024,0.7909,0.9468,False,U3
layer,speech_chair,can/copular_adj,T1,vix,41,0.766,124,0.2989,0.0007,0.1247,0.1676,0.3499,False,U3
layer,speech_chair,can/copular_adj,T2,cfnai,39,0.771,118,0.0455,0.6244,0.0492,0.5968,0.9629,False,U3
layer,speech_chair,can/copular_adj,T2,vix,39,0.771,118,0.2908,0.0014,0.1177,0.2044,0.4206,False,U3
layer,speech_chair,can/copular_adj,T3,cfnai,62,0.73,174,0.027,0.7237,0.0422,0.5806,0.9574,False,U3
layer,speech_chair,can/copular_adj,T3,vix,62,0.73,174,0.2243,0.0029,0.0766,0.3149,0.5323,False,U3
layer,speech_chair,can/copular_adj,H1,cfnai,31,0.74,73,-0.0218,0.855,-0.0516,0.6649,0.9647,False,U3
layer,speech_chair,can/copular_adj,H1,vix,31,0.74,73,0.3395,0.0033,0.1036,0.3829,0.9016,False,U3
layer,speech_chair,can/copular_adj,H2,cfnai,8,0.822,45,0.0997,0.5146,0.1841,0.2259,0.61,False,U3
layer,speech_chair,can/copular_adj,H2,vix,8,0.822,45,0.3419,0.0215,0.326,0.0289,0.4251,False,U3
layer,speech_chair,can/mental,T1,cfnai,40,0.782,124,0.0388,0.6684,0.0152,0.8668,0.9468,False,U3
layer,speech_chair,can/mental,T1,vix,40,0.782,124,-0.0247,0.7856,0.0472,0.6024,0.7638,False,U3
layer,speech_chair,can/mental,T2,cfnai,40,0.771,118,-0.0204,0.8263,-0.012,0.8972,0.9629,False,U3
layer,speech_chair,can/mental,T2,vix,40,0.771,118,0.062,0.5049,0.097,0.2959,0.5066,False,U3
layer,speech_chair,can/mental,T3,cfnai,69,0.73,174,0.0281,0.7126,-0.0229,0.7646,0.9725,False,U3
layer,speech_chair,can/mental,T3,vix,69,0.73,174,-0.0214,0.7789,0.0166,0.8283,0.9573,False,U3
layer,speech_chair,can/mental,H1,cfnai,28,0.767,73,-0.0529,0.6566,-0.0173,0.8845,0.9928,False,U3
layer,speech_chair,can/mental,H1,vix,28,0.767,73,0.087,0.464,0.1446,0.2223,0.6286,False,U3
layer,speech_chair,can/mental,H2,cfnai,12,0.778,45,-0.0109,0.9432,-0.0302,0.8441,0.9425,False,U3
layer,speech_chair,can/mental,H2,vix,12,0.778,45,-0.04,0.794,0.0121,0.937,0.9836,False,U3
layer,speech_chair,can/other,T1,cfnai,155,0.395,124,-0.2747,0.002,0.0333,0.7132,0.9468,True,U3
layer,speech_chair,can/other,T1,vix,155,0.395,124,0.1662,0.065,-0.0002,0.9981,0.9981,True,U3
layer,speech_chair,can/other,T2,cfnai,145,0.407,118,0.0605,0.5151,0.0921,0.321,0.8876,True,U3
layer,speech_chair,can/other,T2,vix,145,0.407,118,-0.024,0.7964,-0.0619,0.5056,0.718,True,U3
layer,speech_chair,can/other,T3,cfnai,241,0.351,174,-0.249,0.0009,0.0189,0.8048,0.9725,True,U3
layer,speech_chair,can/other,T3,vix,241,0.351,174,0.1858,0.0141,0.0475,0.534,0.7522,True,U3
layer,speech_chair,can/other,H1,cfnai,118,0.329,73,-0.0881,0.4586,-0.0412,0.7294,0.9647,True,U3
layer,speech_chair,can/other,H1,vix,118,0.329,73,0.0361,0.7618,0.0119,0.9206,0.9902,True,U3
layer,speech_chair,can/other,H2,cfnai,27,0.533,45,0.2767,0.0658,0.2174,0.1515,0.5243,False,U3
layer,speech_chair,can/other,H2,vix,27,0.533,45,0.0996,0.5149,0.0433,0.7778,0.946,False,U3
layer,speech_chair,can/policy_action,T1,cfnai,38,0.75,124,0.0025,0.9782,-0.0268,0.768,0.9468,False,U3
layer,speech_chair,can/policy_action,T1,vix,38,0.75,124,-0.004,0.965,-0.0504,0.5784,0.7535,False,U3
layer,speech_chair,can/policy_action,T2,cfnai,37,0.746,118,-0.0475,0.6092,-0.0232,0.8027,0.9629,False,U3
layer,speech_chair,can/policy_action,T2,vix,37,0.746,118,0.0154,0.8683,-0.0448,0.6302,0.78,False,U3
layer,speech_chair,can/policy_action,T3,cfnai,62,0.741,174,-0.0087,0.9097,-0.0656,0.3895,0.8599,False,U3
layer,speech_chair,can/policy_action,T3,vix,62,0.741,174,0.0004,0.9963,-0.0499,0.5131,0.7435,False,U3
layer,speech_chair,can/policy_action,H1,cfnai,29,0.685,73,0.0414,0.7278,0.0456,0.7015,0.9647,False,U3
layer,speech_chair,can/policy_action,H1,vix,29,0.685,73,0.0605,0.6112,0.0697,0.5582,0.9586,False,U3
layer,speech_chair,can/policy_action,H2,cfnai,8,0.844,45,-0.1228,0.4218,-0.1168,0.4447,0.7593,False,U3
layer,speech_chair,can/policy_action,H2,vix,8,0.844,45,0.0662,0.6655,0.0756,0.6216,0.946,False,U3
layer,speech_chair,could/activity,T1,cfnai,57,0.669,124,0.139,0.1235,0.0526,0.5619,0.9468,False,U3
layer,speech_chair,could/activity,T1,vix,57,0.669,124,-0.0125,0.8901,-0.0848,0.3491,0.5521,False,U3
layer,speech_chair,could/activity,T2,cfnai,54,0.661,118,-0.0649,0.4853,-0.0187,0.841,0.9629,False,U3
layer,speech_chair,could/activity,T2,vix,54,0.661,118,0.0321,0.7296,-0.0697,0.4531,0.6845,False,U3
layer,speech_chair,could/activity,T3,cfnai,98,0.632,174,0.1219,0.1091,0.0192,0.8015,0.9725,False,U3
layer,speech_chair,could/activity,T3,vix,98,0.632,174,0.0271,0.7224,-0.0097,0.8985,0.989,False,U3
layer,speech_chair,could/activity,H1,cfnai,38,0.603,73,-0.082,0.4904,-0.1289,0.2771,0.9647,False,U3
layer,speech_chair,could/activity,H1,vix,38,0.603,73,0.0237,0.8424,-0.0998,0.4008,0.9016,False,U3
layer,speech_chair,could/activity,H2,cfnai,16,0.756,45,-0.0507,0.7406,0.1187,0.4374,0.7593,False,U3
layer,speech_chair,could/activity,H2,vix,16,0.756,45,0.0762,0.619,0.1888,0.2141,0.705,False,U3
layer,speech_chair,could/causative,T1,cfnai,58,0.726,124,-0.0019,0.983,-0.0665,0.4629,0.9468,False,U3
layer,speech_chair,could/causative,T1,vix,58,0.726,124,-0.0502,0.5801,-0.0799,0.3774,0.5583,False,U3
layer,speech_chair,could/causative,T2,cfnai,54,0.737,118,-0.0901,0.332,-0.0647,0.4863,0.931,False,U3
layer,speech_chair,could/causative,T2,vix,54,0.737,118,-0.1116,0.229,-0.1313,0.1565,0.3474,False,U3
layer,speech_chair,could/causative,T3,cfnai,74,0.73,174,-0.0019,0.9801,-0.0241,0.7527,0.9725,False,U3
layer,speech_chair,could/causative,T3,vix,74,0.73,174,-0.0583,0.4448,-0.0408,0.5934,0.8146,False,U3
layer,speech_chair,could/causative,H1,cfnai,43,0.671,73,-0.0313,0.7925,-0.0514,0.6659,0.9647,False,U3
layer,speech_chair,could/causative,H1,vix,43,0.671,73,-0.1007,0.3967,-0.0741,0.5333,0.9586,False,U3
layer,speech_chair,could/causative,H2,cfnai,11,0.844,45,-0.1268,0.4064,-0.093,0.5433,0.849,False,U3
layer,speech_chair,could/causative,H2,vix,11,0.844,45,-0.1263,0.4083,-0.0016,0.9919,0.9919,False,U3
layer,speech_chair,could/occurrence,T1,cfnai,41,0.847,124,0.0302,0.7393,-0.0305,0.7366,0.9468,False,U3
layer,speech_chair,could/occurrence,T1,vix,41,0.847,124,-0.2135,0.0173,-0.2915,0.001,0.0082,False,U3
layer,speech_chair,could/occurrence,T2,cfnai,41,0.839,118,-0.0228,0.8063,-0.0543,0.5595,0.9476,False,U3
layer,speech_chair,could/occurrence,T2,vix,41,0.839,118,-0.2492,0.0065,-0.2781,0.0023,0.0172,False,U3
layer,speech_chair,could/occurrence,T3,cfnai,48,0.856,174,0.0233,0.7601,-0.0366,0.6317,0.9708,False,U3
layer,speech_chair,could/occurrence,T3,vix,48,0.856,174,-0.2066,0.0062,-0.2838,0.0001,0.0024,False,U3
layer,speech_chair,could/occurrence,H1,cfnai,38,0.781,73,0.0142,0.9049,-0.0614,0.606,0.9647,False,U3
layer,speech_chair,could/occurrence,H1,vix,38,0.781,73,-0.2038,0.0838,-0.2259,0.0546,0.4071,False,U3
layer,speech_chair,could/occurrence,H2,cfnai,3,0.933,45,-0.0568,0.7108,-0.0087,0.9547,0.9776,False,U3
layer,speech_chair,could/occurrence,H2,vix,3,0.933,45,-0.1864,0.2202,-0.2337,0.1224,0.6121,False,U3
layer,speech_chair,could/other,T1,cfnai,81,0.597,124,0.0954,0.2918,0.0751,0.4072,0.9468,True,U3
layer,speech_chair,could/other,T1,vix,81,0.597,124,-0.1471,0.1031,-0.2271,0.0112,0.0512,True,U3
layer,speech_chair,could/other,T2,cfnai,78,0.593,118,0.1416,0.1261,0.0461,0.6205,0.9629,True,U3
layer,speech_chair,could/other,T2,vix,78,0.593,118,-0.1313,0.1566,-0.2281,0.013,0.0683,True,U3
layer,speech_chair,could/other,T3,cfnai,116,0.586,174,0.0687,0.3675,-0.0064,0.9327,0.9725,True,U3
layer,speech_chair,could/other,T3,vix,116,0.586,174,-0.1026,0.1779,-0.1391,0.0672,0.1975,True,U3
layer,speech_chair,could/other,H1,cfnai,66,0.507,73,-0.0025,0.983,0.0532,0.6548,0.9647,True,U3
layer,speech_chair,could/other,H1,vix,66,0.507,73,-0.1179,0.3204,-0.2095,0.0753,0.4238,True,U3
layer,speech_chair,could/other,H2,cfnai,12,0.733,45,0.2908,0.0526,0.0682,0.6563,0.8944,False,U3
layer,speech_chair,could/other,H2,vix,12,0.733,45,-0.0596,0.6974,-0.0769,0.6158,0.946,False,U3
layer,speech_chair,may/activity,T1,cfnai,71,0.597,124,0.0044,0.9612,-0.0413,0.6486,0.9468,True,U3
layer,speech_chair,may/activity,T1,vix,71,0.597,124,0.0166,0.8544,-0.0114,0.9002,0.9874,True,U3
layer,speech_chair,may/activity,T2,cfnai,70,0.585,118,-0.1472,0.1117,-0.0591,0.5246,0.943,True,U3
layer,speech_chair,may/activity,T2,vix,70,0.585,118,0.1087,0.2414,0.0234,0.8015,0.8866,True,U3
layer,speech_chair,may/activity,T3,cfnai,101,0.563,174,-0.0021,0.9776,-0.0525,0.4912,0.8995,True,U3
layer,speech_chair,may/activity,T3,vix,101,0.563,174,0.0023,0.9761,0.0062,0.9354,0.9921,True,U3
layer,speech_chair,may/activity,H1,cfnai,48,0.589,73,-0.1969,0.095,-0.1782,0.1314,0.7697,True,U3
layer,speech_chair,may/activity,H1,vix,48,0.589,73,-0.0025,0.9833,0.007,0.9532,0.9902,True,U3
layer,speech_chair,may/activity,H2,cfnai,22,0.578,45,-0.1552,0.3088,-0.0073,0.9621,0.9776,False,U3
layer,speech_chair,may/activity,H2,vix,22,0.578,45,-0.0214,0.8892,-0.0332,0.8285,0.956,False,U3
layer,speech_chair,may/causative,T1,cfnai,43,0.75,124,-0.0073,0.9361,-0.0175,0.8466,0.9468,False,U3
layer,speech_chair,may/causative,T1,vix,43,0.75,124,-0.067,0.4597,-0.2087,0.02,0.0812,False,U3
layer,speech_chair,may/causative,T2,cfnai,42,0.746,118,-0.0513,0.5813,-0.0091,0.9222,0.9629,False,U3
layer,speech_chair,may/causative,T2,vix,42,0.746,118,-0.1094,0.2385,-0.2218,0.0158,0.0773,False,U3
layer,speech_chair,may/causative,T3,cfnai,69,0.747,174,-0.0112,0.8838,-0.0137,0.8572,0.9725,False,U3
layer,speech_chair,may/causative,T3,vix,69,0.747,174,-0.0678,0.3743,-0.1497,0.0486,0.1787,False,U3
layer,speech_chair,may/causative,H1,cfnai,37,0.644,73,-0.0369,0.7563,0.0593,0.6182,0.9647,False,U3
layer,speech_chair,may/causative,H1,vix,37,0.644,73,-0.1031,0.3854,-0.0805,0.4984,0.9586,False,U3
layer,speech_chair,may/causative,H2,cfnai,5,0.911,45,-0.0466,0.7614,-0.1689,0.2672,0.644,False,U3
layer,speech_chair,may/causative,H2,vix,5,0.911,45,0.1236,0.4186,-0.0173,0.91,0.9818,False,U3
layer,speech_chair,may/copular_adj,T1,cfnai,45,0.782,124,0.0237,0.7942,-0.0069,0.9395,0.9598,False,U3
layer,speech_chair,may/copular_adj,T1,vix,45,0.782,124,-0.152,0.092,-0.1931,0.0317,0.1096,False,U3
layer,speech_chair,may/copular_adj,T2,cfnai,45,0.771,118,-0.0801,0.3885,-0.0358,0.7007,0.9629,False,U3
layer,speech_chair,may/copular_adj,T2,vix,45,0.771,118,-0.139,0.1332,-0.1622,0.0793,0.2529,False,U3
layer,speech_chair,may/copular_adj,T3,cfnai,70,0.741,174,0.0269,0.7244,0.0304,0.6902,0.9708,False,U3
layer,speech_chair,may/copular_adj,T3,vix,70,0.741,174,-0.1133,0.1368,-0.1239,0.1032,0.2706,False,U3
layer,speech_chair,may/copular_adj,H1,cfnai,41,0.685,73,0.057,0.6319,0.0479,0.6871,0.9647,False,U3
layer,speech_chair,may/copular_adj,H1,vix,41,0.685,73,-0.0239,0.8407,-0.0338,0.7764,0.9902,False,U3
layer,speech_chair,may/copular_adj,H2,cfnai,4,0.911,45,-0.2566,0.0888,-0.2276,0.1327,0.4952,False,U3
layer,speech_chair,may/copular_adj,H2,vix,4,0.911,45,-0.0494,0.7472,-0.0987,0.5187,0.8765,False,U3
layer,speech_chair,may/existence,T1,cfnai,30,0.831,124,0.0102,0.9104,0.0551,0.5436,0.9468,False,U3
layer,speech_chair,may/existence,T1,vix,30,0.831,124,0.0263,0.7715,-0.0082,0.9282,0.9911,False,U3
layer,speech_chair,may/existence,T2,cfnai,29,0.831,118,0.0437,0.6384,0.0765,0.4103,0.8918,False,U3
layer,speech_chair,may/existence,T2,vix,29,0.831,118,0.1059,0.2539,-0.0031,0.9733,0.9802,False,U3
layer,speech_chair,may/existence,T3,cfnai,47,0.805,174,0.0125,0.8699,0.0508,0.5056,0.8995,False,U3
layer,speech_chair,may/existence,T3,vix,47,0.805,174,0.0469,0.5385,0.0169,0.8244,0.9573,False,U3
layer,speech_chair,may/existence,H1,cfnai,21,0.808,73,0.1165,0.3262,0.1301,0.2726,0.9647,False,U3
layer,speech_chair,may/existence,H1,vix,21,0.808,73,-0.0281,0.8137,-0.052,0.6619,0.9689,False,U3
layer,speech_chair,may/existence,H2,cfnai,8,0.867,45,-0.0217,0.8877,0.0128,0.9337,0.9697,False,U3
layer,speech_chair,may/existence,H2,vix,8,0.867,45,0.2721,0.0706,0.2263,0.1349,0.6121,False,U3
layer,speech_chair,may/occurrence,T1,cfnai,31,0.798,124,0.0132,0.884,-0.0015,0.9869,0.9923,False,U3
layer,speech_chair,may/occurrence,T1,vix,31,0.798,124,-0.0671,0.4593,-0.0614,0.4985,0.6677,False,U3
layer,speech_chair,may/occurrence,T2,cfnai,31,0.788,118,-0.0698,0.4526,-0.0275,0.7678,0.9629,False,U3
layer,speech_chair,may/occurrence,T2,vix,31,0.788,118,-0.0365,0.6944,-0.024,0.7963,0.8866,False,U3
layer,speech_chair,may/occurrence,T3,cfnai,48,0.787,174,0.013,0.8644,0.0107,0.8884,0.9725,False,U3
layer,speech_chair,may/occurrence,T3,vix,48,0.787,174,-0.038,0.619,-0.0128,0.8668,0.9759,False,U3
layer,speech_chair,may/occurrence,H1,cfnai,26,0.726,73,-0.1243,0.2946,-0.0438,0.7131,0.9647,False,U3
layer,speech_chair,may/occurrence,H1,vix,26,0.726,73,0.0486,0.6832,0.147,0.2147,0.6286,False,U3
layer,speech_chair,may/occurrence,H2,cfnai,5,0.889,45,0.0612,0.6898,-0.0189,0.902,0.9513,False,U3
layer,speech_chair,may/occurrence,H2,vix,5,0.889,45,0.0691,0.6518,0.0351,0.8188,0.956,False,U3
layer,speech_chair,may/other,T1,cfnai,83,0.694,124,0.1062,0.2403,0.0476,0.5998,0.9468,False,U3
layer,speech_chair,may/other,T1,vix,83,0.694,124,-0.0609,0.5019,-0.1021,0.2591,0.4657,False,U3
layer,speech_chair,may/other,T2,cfnai,81,0.686,118,-0.0711,0.444,-0.017,0.8549,0.9629,False,U3
layer,speech_chair,may/other,T2,vix,81,0.686,118,-0.0151,0.8713,-0.0884,0.3413,0.5445,False,U3
layer,speech_chair,may/other,T3,cfnai,119,0.655,174,0.0963,0.206,0.0789,0.3007,0.777,False,U3
layer,speech_chair,may/other,T3,vix,119,0.655,174,-0.0497,0.5145,-0.029,0.7037,0.8697,False,U3
layer,speech_chair,may/other,H1,cfnai,69,0.616,73,0.0002,0.999,0.0244,0.8379,0.9928,False,U3
layer,speech_chair,may/other,H1,vix,69,0.616,73,-0.0072,0.9517,-0.0314,0.7921,0.9902,False,U3
layer,speech_chair,may/other,H2,cfnai,12,0.8,45,-0.1415,0.3538,-0.0818,0.5933,0.8612,False,U3
layer,speech_chair,may/other,H2,vix,12,0.8,45,0.1866,0.2197,0.118,0.4403,0.8765,False,U3
layer,speech_chair,should/activity,T1,cfnai,40,0.766,124,0.0245,0.7871,0.0392,0.6657,0.9468,False,U3
layer,speech_chair,should/activity,T1,vix,40,0.766,124,0.2646,0.003,-0.0024,0.9789,0.9981,False,U3
layer,speech_chair,should/activity,T2,cfnai,38,0.763,118,-0.0241,0.7957,0.0379,0.6833,0.9629,False,U3
layer,speech_chair,should/activity,T2,vix,38,0.763,118,0.0768,0.4083,0.0021,0.9819,0.9819,False,U3
layer,speech_chair,should/activity,T3,cfnai,73,0.707,174,0.0207,0.7865,0.0107,0.8882,0.9725,False,U3
layer,speech_chair,should/activity,T3,vix,73,0.707,174,0.2039,0.007,0.0806,0.2905,0.497,False,U3
layer,speech_chair,should/activity,H1,cfnai,29,0.726,73,0.2094,0.0754,0.1231,0.2997,0.9647,False,U3
layer,speech_chair,should/activity,H1,vix,29,0.726,73,0.0954,0.4218,0.0623,0.6007,0.9586,False,U3
layer,speech_chair,should/activity,H2,cfnai,9,0.822,45,-0.1553,0.3084,-0.116,0.4479,0.7593,False,U3
layer,speech_chair,should/activity,H2,vix,9,0.822,45,0.0452,0.7679,0.0433,0.7777,0.946,False,U3
layer,speech_chair,should/other,T1,cfnai,56,0.734,124,0.0325,0.7203,-0.0308,0.7339,0.9468,False,U3
layer,speech_chair,should/other,T1,vix,56,0.734,124,0.0378,0.6768,-0.2126,0.0177,0.0741,False,U3
layer,speech_chair,should/other,T2,cfnai,55,0.729,118,-0.0393,0.6726,-0.0443,0.634,0.9629,False,U3
layer,speech_chair,should/other,T2,vix,55,0.729,118,-0.0645,0.4874,-0.2224,0.0155,0.0773,False,U3
layer,speech_chair,should/other,T3,cfnai,84,0.707,174,0.0218,0.7756,-0.0933,0.2209,0.777,False,U3
layer,speech_chair,should/other,T3,vix,84,0.707,174,0.0631,0.4081,-0.1149,0.1312,0.3005,False,U3
layer,speech_chair,should/other,H1,cfnai,48,0.644,73,0.1262,0.2872,0.0451,0.7048,0.9647,False,U3
layer,speech_chair,should/other,H1,vix,48,0.644,73,-0.0783,0.51,-0.1467,0.2157,0.6286,False,U3
layer,speech_chair,should/other,H2,cfnai,7,0.867,45,-0.1679,0.2704,-0.2059,0.1747,0.5443,False,U3
layer,speech_chair,should/other,H2,vix,7,0.867,45,0.0503,0.7428,-0.068,0.6571,0.946,False,U3
layer,speech_chair,will/activity,T1,cfnai,179,0.306,124,-0.2672,0.0027,-0.2182,0.0149,0.2117,True,U3
layer,speech_chair,will/activity,T1,vix,179,0.306,124,0.2849,0.0013,0.165,0.067,0.1911,True,U3
layer,speech_chair,will/activity,T2,cfnai,167,0.314,118,-0.0729,0.4329,-0.1933,0.036,0.3412,True,U3
layer,speech_chair,will/activity,T2,vix,167,0.314,118,0.1993,0.0305,0.1312,0.1566,0.3474,True,U3
layer,speech_chair,will/activity,T3,cfnai,254,0.299,174,-0.2512,0.0008,-0.1785,0.0185,0.2383,True,U3
layer,speech_chair,will/activity,T3,vix,254,0.299,174,0.2122,0.0049,0.1419,0.0619,0.191,True,U3
layer,speech_chair,will/activity,H1,cfnai,100,0.329,73,-0.295,0.0113,-0.1961,0.0964,0.7694,True,U3
layer,speech_chair,will/activity,H1,vix,100,0.329,73,0.0376,0.7523,0.0593,0.6182,0.9586,True,U3
layer,speech_chair,will/activity,H2,cfnai,67,0.289,45,0.0028,0.9853,-0.1581,0.2997,0.644,True,U3
layer,speech_chair,will/activity,H2,vix,67,0.289,45,0.0211,0.8906,-0.0846,0.5808,0.9117,True,U3
layer,speech_chair,will/aspectual,T1,cfnai,114,0.492,124,-0.1603,0.0754,-0.1148,0.2043,0.8065,True,U3
layer,speech_chair,will/aspectual,T1,vix,114,0.492,124,0.0488,0.5901,0.0226,0.803,0.9424,True,U3
layer,speech_chair,will/aspectual,T2,cfnai,110,0.5,118,-0.0776,0.4036,-0.0738,0.4268,0.8918,True,U3
layer,speech_chair,will/aspectual,T2,vix,110,0.5,118,-0.0042,0.9643,-0.0063,0.9456,0.966,True,U3
layer,speech_chair,will/aspectual,T3,cfnai,163,0.506,174,-0.1546,0.0417,-0.1259,0.0979,0.6632,True,U3
layer,speech_chair,will/aspectual,T3,vix,163,0.506,174,0.0357,0.6397,-0.0003,0.9971,0.9991,True,U3
layer,speech_chair,will/aspectual,H1,cfnai,67,0.507,73,0.0771,0.5167,0.054,0.65,0.9647,True,U3
layer,speech_chair,will/aspectual,H1,vix,67,0.507,73,-0.0134,0.9107,0.0593,0.6184,0.9586,True,U3
layer,speech_chair,will/aspectual,H2,cfnai,43,0.489,45,-0.2099,0.1664,-0.2185,0.1493,0.5243,True,U3
layer,speech_chair,will/aspectual,H2,vix,43,0.489,45,-0.1919,0.2067,-0.1955,0.1981,0.6858,True,U3
layer,speech_chair,will/causative,T1,cfnai,50,0.734,124,0.0796,0.3795,0.047,0.6042,0.9468,False,U3
layer,speech_chair,will/causative,T1,vix,50,0.734,124,-0.0853,0.3465,-0.1751,0.0518,0.1634,False,U3
layer,speech_chair,will/causative,T2,cfnai,47,0.737,118,0.1534,0.0973,0.0239,0.7971,0.9629,False,U3
layer,speech_chair,will/causative,T2,vix,47,0.737,118,-0.0799,0.3895,-0.1992,0.0306,0.1231,False,U3
layer,speech_chair,will/causative,T3,cfnai,76,0.701,174,0.076,0.319,0.0476,0.5324,0.9109,False,U3
layer,speech_chair,will/causative,T3,vix,76,0.701,174,-0.1032,0.1756,-0.1172,0.1234,0.2971,False,U3
layer,speech_chair,will/causative,H1,cfnai,34,0.671,73,-0.0066,0.956,0.0049,0.9673,0.9928,False,U3
layer,speech_chair,will/causative,H1,vix,34,0.671,73,-0.2518,0.0316,-0.2035,0.0842,0.4238,False,U3
layer,speech_chair,will/causative,H2,cfnai,13,0.844,45,0.2498,0.098,0.0391,0.7988,0.9425,False,U3
layer,speech_chair,will/causative,H2,vix,13,0.844,45,0.0186,0.9036,-0.0169,0.9122,0.9818,False,U3
layer,speech_chair,will/communication,T1,cfnai,117,0.508,124,0.0512,0.5722,-0.0368,0.6845,0.9468,True,U3
layer,speech_chair,will/communication,T1,vix,117,0.508,124,-0.11,0.2241,-0.1314,0.1459,0.3187,True,U3
layer,speech_chair,will/communication,T2,cfnai,114,0.508,118,-0.0768,0.4082,-0.0641,0.4902,0.931,True,U3
layer,speech_chair,will/communication,T2,vix,114,0.508,118,-0.081,0.3831,-0.1249,0.1777,0.3824,True,U3
layer,speech_chair,will/communication,T3,cfnai,172,0.471,174,0.0479,0.5303,-0.0303,0.6918,0.9708,True,U3
layer,speech_chair,will/communication,T3,vix,172,0.471,174,-0.0487,0.5234,-0.0809,0.2884,0.497,True,U3
layer,speech_chair,will/communication,H1,cfnai,91,0.425,73,-0.2485,0.034,-0.2656,0.0232,0.3967,True,U3
layer,speech_chair,will/communication,H1,vix,91,0.425,73,-0.0327,0.7836,-0.0501,0.6735,0.9689,True,U3
layer,speech_chair,will/communication,H2,cfnai,23,0.644,45,0.0683,0.6556,0.1545,0.3108,0.6498,False,U3
layer,speech_chair,will/communication,H2,vix,23,0.644,45,-0.0845,0.5812,-0.0433,0.7778,0.946,False,U3
layer,speech_chair,will/copular_adj,T1,cfnai,84,0.589,124,0.1052,0.2449,0.008,0.9297,0.9598,True,U3
layer,speech_chair,will/copular_adj,T1,vix,84,0.589,124,0.0864,0.3398,0.0047,0.9588,0.9981,True,U3
layer,speech_chair,will/copular_adj,T2,cfnai,80,0.593,118,0.0341,0.7138,-0.0274,0.7683,0.9629,True,U3
layer,speech_chair,will/copular_adj,T2,vix,80,0.593,118,0.0696,0.4538,-0.0117,0.8997,0.9394,True,U3
layer,speech_chair,will/copular_adj,T3,cfnai,125,0.552,174,0.0979,0.199,0.0481,0.5285,0.9109,True,U3
layer,speech_chair,will/copular_adj,T3,vix,125,0.552,174,0.0935,0.2199,0.0001,0.9991,0.9991,True,U3
layer,speech_chair,will/copular_adj,H1,cfnai,56,0.562,73,0.0686,0.5644,-0.0195,0.8698,0.9928,True,U3
layer,speech_chair,will/copular_adj,H1,vix,56,0.562,73,0.0887,0.4555,0.0553,0.6419,0.9586,True,U3
layer,speech_chair,will/copular_adj,H2,cfnai,24,0.644,45,0.0031,0.9841,-0.0598,0.6965,0.9108,False,U3
layer,speech_chair,will/copular_adj,H2,vix,24,0.644,45,-0.0084,0.9566,-0.0383,0.8026,0.956,False,U3
layer,speech_chair,will/copular_nom,T1,cfnai,41,0.758,124,-0.0084,0.9266,-0.1352,0.1342,0.6808,False,U3
layer,speech_chair,will/copular_nom,T1,vix,41,0.758,124,0.0943,0.2973,-0.0038,0.9662,0.9981,False,U3
layer,speech_chair,will/copular_nom,T2,cfnai,38,0.771,118,-0.0279,0.7641,-0.0936,0.3133,0.8876,False,U3
layer,speech_chair,will/copular_nom,T2,vix,38,0.771,118,-0.0307,0.7415,-0.0582,0.5315,0.7263,False,U3
layer,speech_chair,will/copular_nom,T3,cfnai,56,0.741,174,-0.0087,0.909,-0.1038,0.173,0.7552,False,U3
layer,speech_chair,will/copular_nom,T3,vix,56,0.741,174,0.0455,0.5513,0.0034,0.9642,0.9921,False,U3
layer,speech_chair,will/copular_nom,H1,cfnai,28,0.767,73,0.0639,0.5913,0.0552,0.6426,0.9647,False,U3
layer,speech_chair,will/copular_nom,H1,vix,28,0.767,73,0.0188,0.8743,0.0117,0.9218,0.9902,False,U3
layer,speech_chair,will/copular_nom,H2,cfnai,10,0.778,45,-0.12,0.4322,-0.2862,0.0567,0.3061,False,U3
layer,speech_chair,will/copular_nom,H2,vix,10,0.778,45,-0.1186,0.4377,-0.1604,0.2926,0.8331,False,U3
layer,speech_chair,will/existence,T1,cfnai,58,0.669,124,0.0033,0.9713,0.0541,0.5504,0.9468,False,U3
layer,speech_chair,will/existence,T1,vix,58,0.669,124,0.134,0.1378,-0.0772,0.3941,0.571,False,U3
layer,speech_chair,will/existence,T2,cfnai,57,0.661,118,0.0732,0.4308,0.0619,0.5057,0.9424,False,U3
layer,speech_chair,will/existence,T2,vix,57,0.661,118,0.1947,0.0346,-0.0644,0.4884,0.7076,False,U3
layer,speech_chair,will/existence,T3,cfnai,87,0.638,174,-0.0041,0.9569,0.012,0.8753,0.9725,False,U3
layer,speech_chair,will/existence,T3,vix,87,0.638,174,0.0681,0.3718,-0.074,0.3316,0.5476,False,U3
layer,speech_chair,will/existence,H1,cfnai,43,0.603,73,0.3208,0.0057,0.2246,0.0561,0.5113,False,U3
layer,speech_chair,will/existence,H1,vix,43,0.603,73,0.1316,0.2669,-0.0844,0.4775,0.9586,False,U3
layer,speech_chair,will/existence,H2,cfnai,14,0.756,45,-0.054,0.7248,-0.1539,0.3128,0.6498,False,U3
layer,speech_chair,will/existence,H2,vix,14,0.756,45,0.2223,0.1422,0.0983,0.5204,0.8765,False,U3
layer,speech_chair,will/mental,T1,cfnai,68,0.637,124,0.0398,0.6609,0.0232,0.7981,0.9468,False,U3
layer,speech_chair,will/mental,T1,vix,68,0.637,124,0.0147,0.8712,0.0337,0.7102,0.8769,False,U3
layer,speech_chair,will/mental,T2,cfnai,68,0.619,118,-0.0631,0.4973,-0.016,0.8635,0.9629,False,U3
layer,speech_chair,will/mental,T2,vix,68,0.619,118,0.1481,0.1095,0.1017,0.2732,0.5038,False,U3
layer,speech_chair,will/mental,T3,cfnai,87,0.644,174,0.0232,0.7616,-0.0516,0.4993,0.8995,False,U3
layer,speech_chair,will/mental,T3,vix,87,0.644,174,-0.0373,0.6252,-0.0298,0.6958,0.8697,False,U3
layer,speech_chair,will/mental,H1,cfnai,38,0.671,73,-0.2005,0.089,-0.0616,0.6045,0.9647,False,U3
layer,speech_chair,will/mental,H1,vix,38,0.671,73,0.0335,0.7784,-0.0048,0.9676,0.9902,False,U3
layer,speech_chair,will/mental,H2,cfnai,30,0.533,45,-0.0462,0.763,0.0342,0.8237,0.9425,False,U3
layer,speech_chair,will/mental,H2,vix,30,0.533,45,-0.0735,0.6314,-0.0676,0.6591,0.946,False,U3
layer,speech_chair,will/occurrence,T1,cfnai,119,0.548,124,0.0438,0.6292,-0.1382,0.1257,0.6612,True,U3
layer,speech_chair,will/occurrence,T1,vix,119,0.548,124,-0.1423,0.1149,-0.2353,0.0085,0.0434,True,U3
layer,speech_chair,will/occurrence,T2,cfnai,117,0.542,118,-0.1384,0.1351,-0.1981,0.0315,0.3412,True,U3
layer,speech_chair,will/occurrence,T2,vix,117,0.542,118,-0.1031,0.2665,-0.2186,0.0174,0.0798,True,U3
layer,speech_chair,will/occurrence,T3,cfnai,173,0.54,174,0.0305,0.6894,-0.156,0.0398,0.4037,True,U3
layer,speech_chair,will/occurrence,T3,vix,173,0.54,174,-0.0965,0.2051,-0.1375,0.0704,0.1999,True,U3
layer,speech_chair,will/occurrence,H1,cfnai,91,0.493,73,-0.0392,0.742,-0.1482,0.2109,0.9424,True,U3
layer,speech_chair,will/occurrence,H1,vix,91,0.493,73,-0.0611,0.6079,-0.1591,0.1789,0.6286,True,U3
layer,speech_chair,will/occurrence,H2,cfnai,26,0.622,45,-0.2348,0.1205,-0.2495,0.0984,0.404,False,U3
layer,speech_chair,will/occurrence,H2,vix,26,0.622,45,-0.1239,0.4174,-0.2124,0.1614,0.6224,False,U3
layer,speech_chair,will/other,T1,cfnai,253,0.258,124,-0.0456,0.615,-0.0176,0.8463,0.9468,True,U3
layer,speech_chair,will/other,T1,vix,253,0.258,124,0.1147,0.2046,0.0667,0.4615,0.6357,True,U3
layer,speech_chair,will/other,T2,cfnai,236,0.263,118,-0.0092,0.9217,0.014,0.8803,0.9629,True,U3
layer,speech_chair,will/other,T2,vix,236,0.263,118,-0.0327,0.725,0.0164,0.8598,0.9111,True,U3
layer,speech_chair,will/other,T3,cfnai,359,0.241,174,-0.0481,0.5289,-0.0067,0.9299,0.9725,True,U3
layer,speech_chair,will/other,T3,vix,359,0.241,174,0.1123,0.1402,0.0908,0.2332,0.435,True,U3
layer,speech_chair,will/other,H1,cfnai,171,0.205,73,-0.0589,0.6204,0.023,0.847,0.9928,True,U3
layer,speech_chair,will/other,H1,vix,171,0.205,73,0.0573,0.6302,0.0665,0.5764,0.9586,True,U3
layer,speech_chair,will/other,H2,cfnai,65,0.356,45,0.0426,0.7811,-0.0193,0.8998,0.9513,True,U3
layer,speech_chair,will/other,H2,vix,65,0.356,45,-0.1582,0.2993,-0.0965,0.5282,0.8765,True,U3
layer,speech_chair,will/policy_action,T1,cfnai,77,0.645,124,0.0854,0.3456,0.0308,0.7339,0.9468,False,U3
layer,speech_chair,will/policy_action,T1,vix,77,0.645,124,0.0477,0.5989,0.0661,0.4656,0.6357,False,U3
layer,speech_chair,will/policy_action,T2,cfnai,75,0.644,118,0.1264,0.1727,0.0046,0.9607,0.9744,False,U3
layer,speech_chair,will/policy_action,T2,vix,75,0.644,118,0.1165,0.2091,0.077,0.4074,0.6357,False,U3
layer,speech_chair,will/policy_action,T3,cfnai,102,0.649,174,0.059,0.4396,-0.0891,0.2424,0.777,False,U3
layer,speech_chair,will/policy_action,T3,vix,102,0.649,174,0.0636,0.4047,0.1159,0.1277,0.2972,False,U3
layer,speech_chair,will/policy_action,H1,cfnai,51,0.671,73,-0.2412,0.0398,-0.2278,0.0526,0.5113,False,U3
layer,speech_chair,will/policy_action,H1,vix,51,0.671,73,-0.0355,0.7656,-0.0242,0.8388,0.9902,False,U3
layer,speech_chair,will/policy_action,H2,cfnai,24,0.6,45,0.2889,0.0543,0.2751,0.0674,0.3137,False,U3
layer,speech_chair,will/policy_action,H2,vix,24,0.6,45,0.0699,0.6482,0.1047,0.4935,0.8765,False,U3
layer,speech_chair,would/activity,T1,cfnai,52,0.734,124,0.0242,0.7898,0.0601,0.5072,0.9468,False,U3
layer,speech_chair,would/activity,T1,vix,52,0.734,124,-0.1564,0.0827,-0.291,0.001,0.0082,False,U3
layer,speech_chair,would/activity,T2,cfnai,52,0.72,118,-0.0679,0.4649,0.0306,0.7425,0.9629,False,U3
layer,speech_chair,would/activity,T2,vix,52,0.72,118,-0.1511,0.1025,-0.2637,0.0039,0.0252,False,U3
layer,speech_chair,would/activity,T3,cfnai,80,0.695,174,0.0213,0.7802,0.0268,0.7256,0.972,False,U3
layer,speech_chair,would/activity,T3,vix,80,0.695,174,-0.1463,0.054,-0.2376,0.0016,0.0151,False,U3
layer,speech_chair,would/activity,H1,cfnai,46,0.63,73,-0.0847,0.4764,-0.0273,0.8189,0.9928,False,U3
layer,speech_chair,would/activity,H1,vix,46,0.63,73,-0.0921,0.4384,-0.2529,0.0308,0.3166,False,U3
layer,speech_chair,would/activity,H2,cfnai,6,0.867,45,-0.0161,0.9166,0.1192,0.4353,0.7593,False,U3
layer,speech_chair,would/activity,H2,vix,6,0.867,45,0.0798,0.6024,0.1592,0.2962,0.8331,False,U3
layer,speech_chair,would/causative,T1,cfnai,48,0.766,124,0.0573,0.5272,0.0201,0.825,0.9468,False,U3
layer,speech_chair,would/causative,T1,vix,48,0.766,124,-0.0676,0.4555,-0.132,0.1439,0.3187,False,U3
layer,speech_chair,would/causative,T2,cfnai,46,0.771,118,-0.0522,0.5743,-0.0101,0.914,0.9629,False,U3
layer,speech_chair,would/causative,T2,vix,46,0.771,118,-0.0497,0.5929,-0.1542,0.0955,0.2712,False,U3
layer,speech_chair,would/causative,T3,cfnai,69,0.741,174,0.0504,0.5089,0.0083,0.9134,0.9725,False,U3
layer,speech_chair,would/causative,T3,vix,69,0.741,174,-0.0937,0.2187,-0.1673,0.0274,0.1215,False,U3
layer,speech_chair,would/causative,H1,cfnai,35,0.726,73,0.0332,0.7801,0.0676,0.5698,0.9647,False,U3
layer,speech_chair,would/causative,H1,vix,35,0.726,73,-0.2147,0.0681,-0.2546,0.0297,0.3166,False,U3
layer,speech_chair,would/causative,H2,cfnai,11,0.844,45,-0.1203,0.4312,-0.0921,0.5472,0.849,False,U3
layer,speech_chair,would/causative,H2,vix,11,0.844,45,0.0972,0.5255,0.1374,0.368,0.8765,False,U3
layer,speech_chair,would/copular_adj,T1,cfnai,92,0.669,124,0.1303,0.1493,-0.0335,0.7119,0.9468,False,U3
layer,speech_chair,would/copular_adj,T1,vix,92,0.669,124,-0.0995,0.2714,-0.1573,0.0811,0.2257,False,U3
layer,speech_chair,would/copular_adj,T2,cfnai,89,0.661,118,-0.1181,0.2027,-0.1123,0.2262,0.8222,False,U3
layer,speech_chair,would/copular_adj,T2,vix,89,0.661,118,-0.0904,0.3301,-0.1463,0.1139,0.2996,False,U3
layer,speech_chair,would/copular_adj,T3,cfnai,139,0.603,174,0.1143,0.1333,-0.0216,0.7771,0.9725,False,U3
layer,speech_chair,would/copular_adj,T3,vix,139,0.603,174,-0.1355,0.0746,-0.1535,0.0431,0.1723,False,U3
layer,speech_chair,would/copular_adj,H1,cfnai,71,0.616,73,-0.0338,0.7765,-0.0585,0.6231,0.9647,False,U3
layer,speech_chair,would/copular_adj,H1,vix,71,0.616,73,-0.0883,0.4576,-0.073,0.5395,0.9586,False,U3
layer,speech_chair,would/copular_adj,H2,cfnai,18,0.733,45,-0.1908,0.2093,-0.2079,0.1706,0.5443,False,U3
layer,speech_chair,would/copular_adj,H2,vix,18,0.733,45,-0.1373,0.3683,-0.1479,0.3321,0.8553,False,U3
layer,speech_chair,would/existence,T1,cfnai,47,0.742,124,-0.0481,0.5961,-0.1499,0.0965,0.596,False,U3
layer,speech_chair,would/existence,T1,vix,47,0.742,124,-0.0517,0.5684,-0.1672,0.0635,0.1878,False,U3
layer,speech_chair,would/existence,T2,cfnai,45,0.737,118,-0.2115,0.0215,-0.1563,0.091,0.5096,False,U3
layer,speech_chair,would/existence,T2,vix,45,0.737,118,-0.0024,0.9797,-0.161,0.0816,0.2529,False,U3
layer,speech_chair,would/existence,T3,cfnai,65,0.741,174,-0.038,0.6183,-0.067,0.3798,0.8599,False,U3
layer,speech_chair,would/existence,T3,vix,65,0.741,174,-0.0736,0.3345,-0.1702,0.0248,0.1215,False,U3
layer,speech_chair,would/existence,H1,cfnai,34,0.685,73,-0.0848,0.4758,-0.0927,0.4353,0.9647,False,U3
layer,speech_chair,would/existence,H1,vix,34,0.685,73,-0.2288,0.0515,-0.2423,0.0389,0.3541,False,U3
layer,speech_chair,would/existence,H2,cfnai,11,0.822,45,-0.2855,0.0573,-0.3021,0.0437,0.2563,False,U3
layer,speech_chair,would/existence,H2,vix,11,0.822,45,0.026,0.8654,0.0903,0.5551,0.8921,False,U3
layer,speech_chair,would/mental,T1,cfnai,39,0.79,124,-0.0605,0.5045,0.0051,0.9555,0.9691,False,U3
layer,speech_chair,would/mental,T1,vix,39,0.79,124,0.0956,0.2911,-0.0529,0.5597,0.7359,False,U3
layer,speech_chair,would/mental,T2,cfnai,37,0.797,118,-0.0288,0.7571,0.0549,0.555,0.9476,False,U3
layer,speech_chair,would/mental,T2,vix,37,0.797,118,0.0693,0.4561,-0.0873,0.3471,0.5477,False,U3
layer,speech_chair,would/mental,T3,cfnai,50,0.787,174,-0.0642,0.4003,-0.0137,0.8579,0.9725,False,U3
layer,speech_chair,would/mental,T3,vix,50,0.787,174,0.0525,0.4913,-0.0741,0.3312,0.5476,False,U3
layer,speech_chair,would/mental,H1,cfnai,30,0.726,73,-0.0698,0.5572,0.0228,0.8481,0.9928,False,U3
layer,speech_chair,would/mental,H1,vix,30,0.726,73,-0.0217,0.8554,0.0093,0.9375,0.9902,False,U3
layer,speech_chair,would/mental,H2,cfnai,7,0.911,45,0.0161,0.9166,0.0862,0.5733,0.86,False,U3
layer,speech_chair,would/mental,H2,vix,7,0.911,45,0.2857,0.0571,0.2055,0.1757,0.641,False,U3
layer,speech_chair,would/occurrence,T1,cfnai,42,0.766,124,0.0859,0.3428,0.0442,0.6261,0.9468,False,U3
layer,speech_chair,would/occurrence,T1,vix,42,0.766,124,-0.0057,0.9503,0.024,0.7917,0.9424,False,U3
layer,speech_chair,would/occurrence,T2,cfnai,40,0.771,118,0.0566,0.5429,0.0187,0.8407,0.9629,False,U3
layer,speech_chair,would/occurrence,T2,vix,40,0.771,118,0.0405,0.663,0.0138,0.8821,0.9279,False,U3
layer,speech_chair,would/occurrence,T3,cfnai,59,0.764,174,0.0634,0.4056,0.0278,0.7162,0.972,False,U3
layer,speech_chair,would/occurrence,T3,vix,59,0.764,174,-0.0335,0.661,-0.0189,0.8049,0.9524,False,U3
layer,speech_chair,would/occurrence,H1,cfnai,28,0.753,73,0.0242,0.839,0.0156,0.8958,0.9928,False,U3
layer,speech_chair,would/occurrence,H1,vix,28,0.753,73,-0.131,0.2693,-0.0113,0.9242,0.9902,False,U3
layer,speech_chair,would/occurrence,H2,cfnai,12,0.8,45,0.0749,0.625,0.0257,0.8668,0.9436,False,U3
layer,speech_chair,would/occurrence,H2,vix,12,0.8,45,0.1464,0.3374,0.1143,0.4548,0.8765,False,U3
layer,speech_chair,would/other,T1,cfnai,158,0.435,124,0.1238,0.1707,0.0779,0.3896,0.9468,True,U3
layer,speech_chair,would/other,T1,vix,158,0.435,124,-0.0813,0.3694,-0.172,0.0561,0.1733,True,U3
layer,speech_chair,would/other,T2,cfnai,152,0.441,118,0.0302,0.7453,0.0505,0.5873,0.9629,True,U3
layer,speech_chair,would/other,T2,vix,152,0.441,118,-0.1598,0.084,-0.1968,0.0327,0.1254,True,U3
layer,speech_chair,would/other,T3,cfnai,241,0.391,174,0.0982,0.1975,0.0059,0.9383,0.9725,True,U3
layer,speech_chair,would/other,T3,vix,241,0.391,174,-0.0265,0.7283,-0.0874,0.2515,0.4521,True,U3
layer,speech_chair,would/other,H1,cfnai,118,0.329,73,-0.0689,0.5625,-0.0895,0.4517,0.9647,True,U3
layer,speech_chair,would/other,H1,vix,118,0.329,73,-0.1166,0.3257,-0.1251,0.2916,0.7523,True,U3
layer,speech_chair,would/other,H2,cfnai,34,0.622,45,0.1181,0.4397,0.1892,0.2132,0.5996,False,U3
layer,speech_chair,would/other,H2,vix,34,0.622,45,-0.1563,0.3051,-0.1519,0.3193,0.8553,False,U3
layer,statement,could/causative,T1,cfnai,50,0.505,101,0.1416,0.1578,-0.0624,0.535,0.9468,True,U3
layer,statement,could/causative,T1,vix,50,0.505,101,0.1793,0.0727,0.3319,0.0007,0.0071,True,U3
layer,statement,could/causative,T2,cfnai,47,0.484,91,-0.079,0.4567,-0.1674,0.1127,0.5519,True,U3
layer,statement,could/causative,T2,vix,47,0.484,91,0.4576,0.0,0.451,0.0,0.0003,True,U3
layer,statement,could/causative,T3,cfnai,54,0.594,133,0.127,0.1453,-0.0108,0.9017,0.9725,True,U3
layer,statement,could/causative,T3,vix,54,0.594,133,0.0968,0.2675,0.1855,0.0326,0.1361,True,U3
layer,statement,could/causative,H1,cfnai,4,0.917,48,0.1142,0.4395,0.0935,0.5272,0.9647,False,U3
layer,statement,could/causative,H1,vix,4,0.917,48,-0.1163,0.4312,-0.0829,0.5755,0.9586,False,U3
layer,statement,could/causative,H2,cfnai,43,0.0,43,-0.6024,0.0,-0.4384,0.0033,0.0491,True,U3
layer,statement,could/causative,H2,vix,43,0.0,43,0.0006,0.9969,-0.0119,0.9398,0.9836,True,U3
layer,statement,will/activity,T1,cfnai,132,0.01,101,-0.2299,0.0207,-0.342,0.0005,0.0136,True,U3
layer,statement,will/activity,T1,vix,132,0.01,101,0.0872,0.3857,0.2237,0.0245,0.0916,True,U3
layer,statement,will/activity,T2,cfnai,118,0.0,91,-0.3411,0.0009,-0.2858,0.006,0.1224,True,U3
layer,statement,will/activity,T2,vix,118,0.0,91,0.1861,0.0773,0.241,0.0214,0.0921,True,U3
layer,statement,will/activity,T3,cfnai,158,0.105,133,-0.1864,0.0317,-0.227,0.0086,0.1222,True,U3
layer,statement,will/activity,T3,vix,158,0.105,133,-0.0797,0.3619,-0.004,0.9636,0.9921,True,U3
layer,statement,will/activity,H1,cfnai,65,0.0,48,-0.2107,0.1507,0.0035,0.981,0.9928,True,U3
layer,statement,will/activity,H1,vix,65,0.0,48,0.2214,0.1304,0.1913,0.1928,0.6286,True,U3
layer,statement,will/activity,H2,cfnai,53,0.0,43,-0.4682,0.0015,-0.4736,0.0013,0.0491,True,U3
layer,statement,will/activity,H2,vix,53,0.0,43,-0.0957,0.5415,-0.0729,0.6423,0.946,True,U3
layer,statement,will/aspectual,T1,cfnai,126,0.327,101,-0.0514,0.6098,-0.1604,0.1092,0.6202,True,U3
layer,statement,will/aspectual,T1,vix,126,0.327,101,0.3333,0.0007,0.4061,0.0,0.0006,True,U3
layer,statement,will/aspectual,T2,cfnai,106,0.352,91,-0.0878,0.4077,-0.1753,0.0964,0.5096,True,U3
layer,statement,will/aspectual,T2,vix,106,0.352,91,0.3444,0.0008,0.3925,0.0001,0.0015,True,U3
layer,statement,will/aspectual,T3,cfnai,175,0.286,133,-0.0489,0.576,-0.1494,0.0861,0.6432,True,U3
layer,statement,will/aspectual,T3,vix,175,0.286,133,0.2974,0.0005,0.3372,0.0001,0.0017,True,U3
layer,statement,will/aspectual,H1,cfnai,21,0.667,48,-0.1966,0.1804,-0.1744,0.2359,0.9424,False,U3
layer,statement,will/aspectual,H1,vix,21,0.667,48,0.0793,0.5921,0.0686,0.643,0.9586,False,U3
layer,statement,will/aspectual,H2,cfnai,85,0.0,43,-0.2722,0.0774,-0.2556,0.0981,0.404,True,U3
layer,statement,will/aspectual,H2,vix,85,0.0,43,-0.338,0.0266,-0.3254,0.0333,0.4251,True,U3
layer,statement,will/copular_adj,T1,cfnai,51,0.535,101,0.2216,0.0259,0.3931,0.0,0.0023,True,U3
layer,statement,will/copular_adj,T1,vix,51,0.535,101,0.094,0.3499,0.151,0.1317,0.3187,True,U3
layer,statement,will/copular_adj,T2,cfnai,48,0.516,91,0.3161,0.0023,0.3377,0.0011,0.0377,True,U3
layer,statement,will/copular_adj,T2,vix,48,0.516,91,0.2958,0.0044,0.219,0.037,0.1347,True,U3
layer,statement,will/copular_adj,T3,cfnai,61,0.579,133,0.2041,0.0185,0.3528,0.0,0.0015,True,U3
layer,statement,will/copular_adj,T3,vix,61,0.579,133,-0.0058,0.9472,-0.0076,0.9312,0.9921,True,U3
layer,statement,will/copular_adj,H1,cfnai,24,0.542,48,0.169,0.2509,0.1897,0.1965,0.9424,False,U3
layer,statement,will/copular_adj,H1,vix,24,0.542,48,0.2032,0.166,0.1699,0.2483,0.6787,False,U3
layer,statement,will/copular_adj,H2,cfnai,24,0.488,43,0.4096,0.0064,0.3861,0.0105,0.0949,False,U3
layer,statement,will/copular_adj,H2,vix,24,0.488,43,0.311,0.0424,0.2779,0.0711,0.5336,False,U3
layer,statement,will/mental,T1,cfnai,105,0.257,101,-0.3389,0.0005,-0.2851,0.0039,0.0624,True,U3
layer,statement,will/mental,T1,vix,105,0.257,101,-0.2849,0.0039,-0.3682,0.0002,0.0027,True,U3
layer,statement,will/mental,T2,cfnai,96,0.242,91,-0.3509,0.0007,-0.1811,0.0858,0.5096,True,U3
layer,statement,will/mental,T2,vix,96,0.242,91,-0.4549,0.0,-0.4192,0.0,0.0006,True,U3
layer,statement,will/mental,T3,cfnai,142,0.248,133,-0.3167,0.0002,-0.2701,0.0017,0.0472,True,U3
layer,statement,will/mental,T3,vix,142,0.248,133,-0.3121,0.0003,-0.4091,0.0,0.0001,True,U3
layer,statement,will/mental,H1,cfnai,75,0.0,48,-0.0181,0.9027,0.0783,0.5967,0.9647,True,U3
layer,statement,will/mental,H1,vix,75,0.0,48,-0.1939,0.1866,-0.3527,0.014,0.3166,True,U3
layer,statement,will/mental,H2,cfnai,21,0.512,43,-0.5294,0.0003,-0.4529,0.0023,0.0491,False,U3
layer,statement,will/mental,H2,vix,21,0.512,43,-0.3178,0.0378,-0.2571,0.096,0.6121,False,U3
layer,statement,will/occurrence,T1,cfnai,47,0.644,101,-0.0514,0.6099,0.1767,0.0771,0.4976,False,U3
layer,statement,will/occurrence,T1,vix,47,0.644,101,-0.1763,0.0778,-0.2295,0.021,0.0828,False,U3
layer,statement,will/occurrence,T2,cfnai,42,0.659,91,0.1554,0.1413,0.203,0.0537,0.4012,False,U3
layer,statement,will/occurrence,T2,vix,42,0.659,91,-0.3085,0.0029,-0.3639,0.0004,0.004,False,U3
layer,statement,will/occurrence,T3,cfnai,84,0.579,133,-0.0444,0.6121,0.0954,0.2747,0.777,True,U3
layer,statement,will/occurrence,T3,vix,84,0.579,133,-0.1846,0.0334,-0.211,0.0148,0.0806,True,U3
layer,statement,will/occurrence,H1,cfnai,36,0.458,48,0.281,0.0531,0.2381,0.1032,0.7694,False,U3
layer,statement,will/occurrence,H1,vix,36,0.458,48,-0.276,0.0575,-0.4,0.0049,0.2312,False,U3
layer,statement,will/occurrence,H2,cfnai,6,0.884,43,0.1361,0.384,0.1699,0.2761,0.644,False,U3
layer,statement,will/occurrence,H2,vix,6,0.884,43,0.0031,0.9845,0.0483,0.7585,0.946,False,U3
layer,statement,will/policy_action,T1,cfnai,57,0.614,101,0.0326,0.7461,0.0384,0.7031,0.9468,False,U3
layer,statement,will/policy_action,T1,vix,57,0.614,101,-0.3188,0.0012,-0.4124,0.0,0.0005,False,U3
layer,statement,will/policy_action,T2,cfnai,56,0.582,91,-0.0715,0.5008,0.027,0.7998,0.9629,True,U3
layer,statement,will/policy_action,T2,vix,56,0.582,91,-0.3317,0.0013,-0.3871,0.0002,0.0018,True,U3
layer,statement,will/policy_action,T3,cfnai,86,0.556,133,0.0307,0.7261,0.0312,0.7217,0.972,True,U3
layer,statement,will/policy_action,T3,vix,86,0.556,133,-0.1365,0.1171,-0.1989,0.0217,0.1142,True,U3
layer,statement,will/policy_action,H1,cfnai,52,0.271,48,0.1195,0.4185,0.1435,0.3305,0.9647,True,U3
layer,statement,will/policy_action,H1,vix,52,0.271,48,-0.109,0.4608,-0.2037,0.1649,0.6286,True,U3
layer,statement,will/policy_action,H2,cfnai,4,0.93,43,-0.2232,0.1502,-0.2406,0.1201,0.4767,False,U3
layer,statement,will/policy_action,H2,vix,4,0.93,43,-0.0551,0.7256,0.0029,0.9852,0.9919,False,U3
layer,statement,would/copular_adj,T1,cfnai,46,0.545,101,0.1358,0.1757,-0.0771,0.4432,0.9468,True,U3
layer,statement,would/copular_adj,T1,vix,46,0.545,101,0.1983,0.0468,0.3589,0.0002,0.0036,True,U3
layer,statement,would/copular_adj,T2,cfnai,43,0.527,91,-0.0854,0.4209,-0.1809,0.0861,0.5096,True,U3
layer,statement,would/copular_adj,T2,vix,43,0.527,91,0.474,0.0,0.4739,0.0,0.0001,True,U3
layer,statement,would/copular_adj,T3,cfnai,46,0.654,133,0.1216,0.1633,-0.0208,0.8119,0.9725,False,U3
layer,statement,would/copular_adj,T3,vix,46,0.654,133,0.1316,0.131,0.2467,0.0042,0.0314,False,U3
layer,statement,would/copular_adj,H1,cfnai,0,1.0,48,,,,,,False,U3
layer,statement,would/copular_adj,H1,vix,0,1.0,48,,,,,,False,U3
layer,statement,would/copular_adj,H2,cfnai,43,0.0,43,-0.6024,0.0,-0.4384,0.0033,0.0491,True,U3
layer,statement,would/copular_adj,H2,vix,43,0.0,43,0.0006,0.9969,-0.0119,0.9398,0.9836,True,U3
