layer,series,spec,var,label,coef,se,p,stars,n,r2,adj_r2
min_boilerplate,ALL,(1),const,const,1.72153,0.50813,0.0007,***,99,3e-05,-0.01028
min_boilerplate,ALL,(1),cfnai_ma3_lag2,CFNAI-MA3,0.02105,0.11663,0.85677,,99,3e-05,-0.01028
min_boilerplate,ALL,(2),const,const,0.41359,2.31118,0.85798,,99,0.00922,-0.001
min_boilerplate,ALL,(2),vix_pre28,VIX,0.07255,0.13058,0.57849,,99,0.00922,-0.001
min_boilerplate,ALL,(3),const,const,0.40058,2.35958,0.86519,,99,0.00942,-0.01122
min_boilerplate,ALL,(3),cfnai_ma3_lag2,CFNAI-MA3,0.05764,0.20227,0.77569,,99,0.00942,-0.01122
min_boilerplate,ALL,(3),vix_pre28,VIX,0.07356,0.1344,0.58418,,99,0.00942,-0.01122
min_boilerplate,ALL,(4),const,const,-0.82429,2.13387,0.69928,,99,0.10156,0.06333
min_boilerplate,ALL,(4),cfnai_ma3_lag2,CFNAI-MA3,-0.20538,0.22944,0.37071,,99,0.10156,0.06333
min_boilerplate,ALL,(4),vix_pre28,VIX,0.18086,0.12895,0.16074,,99,0.10156,0.06333
min_boilerplate,ALL,(4),unrate_gap_lag1,Unemp. gap,-0.76728,0.50181,0.12626,,99,0.10156,0.06333
min_boilerplate,ALL,(4),corepce_gap_lag2,Core PCE gap,-1.24189,0.42602,0.00356,***,99,0.10156,0.06333
min_boilerplate,ALL,(5),const,const,0.32076,1.78363,0.85728,,99,0.12651,0.09893
min_boilerplate,ALL,(5),cfnai_ma3_lag2,CFNAI-MA3,0.39658,0.26054,0.12797,,99,0.12651,0.09893
min_boilerplate,ALL,(5),vix_pre28,VIX,0.16505,0.11022,0.13427,,99,0.12651,0.09893
min_boilerplate,ALL,(5),post_fw,post-2020-09,-3.30786,1.04504,0.00155,***,99,0.12651,0.09893
min_boilerplate,ALL,(6) excl-2020,const,const,3.28893,1.49643,0.02796,**,91,0.01491,-0.00748
min_boilerplate,ALL,(6) excl-2020,cfnai_ma3_lag2,CFNAI-MA3,-0.33783,1.51013,0.82299,,91,0.01491,-0.00748
min_boilerplate,ALL,(6) excl-2020,vix_pre28,VIX,-0.10444,0.06869,0.12841,,91,0.01491,-0.00748
min_boilerplate,ALL,(7) Δ,const,const,-0.07119,0.29323,0.80818,,98,0.04213,0.02197
min_boilerplate,ALL,(7) Δ,d_cfnai,ΔCFNAI,0.74976,0.4446,0.09173,*,98,0.04213,0.02197
min_boilerplate,ALL,(7) Δ,d_vix,ΔVIX,0.12523,0.12295,0.30844,,98,0.04213,0.02197
min_boilerplate,ALL,(8) Δ excl-2020,const,const,-0.0605,0.28718,0.83315,,90,0.00079,-0.02218
min_boilerplate,ALL,(8) Δ excl-2020,d_cfnai,ΔCFNAI,0.64008,2.50802,0.79856,,90,0.00079,-0.02218
min_boilerplate,ALL,(8) Δ excl-2020,d_vix,ΔVIX,-0.0308,0.12197,0.80064,,90,0.00079,-0.02218
min_boilerplate,could,(1),const,const,0.29295,0.12823,0.02234,**,99,2e-05,-0.01029
min_boilerplate,could,(1),cfnai_ma3_lag2,CFNAI-MA3,-0.00489,0.02969,0.86907,,99,2e-05,-0.01029
min_boilerplate,could,(2),const,const,0.42233,0.39058,0.27956,,99,0.0013,-0.00899
min_boilerplate,could,(2),vix_pre28,VIX,-0.00716,0.01809,0.69211,,99,0.0013,-0.00899
min_boilerplate,could,(3),const,const,0.42426,0.395,0.2828,,99,0.00137,-0.01944
min_boilerplate,could,(3),cfnai_ma3_lag2,CFNAI-MA3,-0.00853,0.03321,0.79728,,99,0.00137,-0.01944
min_boilerplate,could,(3),vix_pre28,VIX,-0.00731,0.01845,0.69183,,99,0.00137,-0.01944
min_boilerplate,could,(4),const,const,0.18399,0.31762,0.56239,,99,0.04854,0.00805
min_boilerplate,could,(4),cfnai_ma3_lag2,CFNAI-MA3,-0.07483,0.06658,0.26103,,99,0.04854,0.00805
min_boilerplate,could,(4),vix_pre28,VIX,0.01341,0.01542,0.38448,,99,0.04854,0.00805
min_boilerplate,could,(4),unrate_gap_lag1,Unemp. gap,-0.17092,0.12015,0.15486,,99,0.04854,0.00805
min_boilerplate,could,(4),corepce_gap_lag2,Core PCE gap,-0.22531,0.09584,0.01873,**,99,0.04854,0.00805
min_boilerplate,could,(5),const,const,0.41117,0.35747,0.25006,,99,0.04709,0.017
min_boilerplate,could,(5),cfnai_ma3_lag2,CFNAI-MA3,0.04706,0.03723,0.20614,,99,0.04709,0.017
min_boilerplate,could,(5),vix_pre28,VIX,0.00769,0.01428,0.59002,,99,0.04709,0.017
min_boilerplate,could,(5),post_fw,post-2020-09,-0.54254,0.2185,0.01303,**,99,0.04709,0.017
min_boilerplate,could,(6) excl-2020,const,const,0.6695,0.3804,0.0784,*,91,0.01513,-0.00725
min_boilerplate,could,(6) excl-2020,cfnai_ma3_lag2,CFNAI-MA3,-0.3423,0.4152,0.4097,,91,0.01513,-0.00725
min_boilerplate,could,(6) excl-2020,vix_pre28,VIX,-0.02307,0.01589,0.14665,,91,0.01513,-0.00725
min_boilerplate,could,(7) Δ,const,const,-0.00922,0.07677,0.90444,,98,0.00035,-0.0207
min_boilerplate,could,(7) Δ,d_cfnai,ΔCFNAI,0.00489,0.01798,0.78571,,98,0.00035,-0.0207
min_boilerplate,could,(7) Δ,d_vix,ΔVIX,0.00627,0.02726,0.81795,,98,0.00035,-0.0207
min_boilerplate,could,(8) Δ excl-2020,const,const,-0.00589,0.07762,0.93949,,90,0.00239,-0.02054
min_boilerplate,could,(8) Δ excl-2020,d_cfnai,ΔCFNAI,0.27023,0.78736,0.73144,,90,0.00239,-0.02054
min_boilerplate,could,(8) Δ excl-2020,d_vix,ΔVIX,-0.01818,0.03079,0.55492,,90,0.00239,-0.02054
min_boilerplate,may,(1),const,const,0.41169,0.09856,3e-05,***,99,0.00281,-0.00747
min_boilerplate,may,(1),cfnai_ma3_lag2,CFNAI-MA3,0.05402,0.03077,0.07916,*,99,0.00281,-0.00747
min_boilerplate,may,(2),const,const,0.65788,0.30521,0.03112,**,99,0.00532,-0.00493
min_boilerplate,may,(2),vix_pre28,VIX,-0.01394,0.01432,0.33005,,99,0.00532,-0.00493
min_boilerplate,may,(3),const,const,0.64716,0.30266,0.03249,**,99,0.00747,-0.0132
min_boilerplate,may,(3),cfnai_ma3_lag2,CFNAI-MA3,0.0475,0.03349,0.15613,,99,0.00747,-0.0132
min_boilerplate,may,(3),vix_pre28,VIX,-0.01311,0.01414,0.35379,,99,0.00747,-0.0132
min_boilerplate,may,(4),const,const,0.53023,0.32939,0.10745,,99,0.03484,-0.00623
min_boilerplate,may,(4),cfnai_ma3_lag2,CFNAI-MA3,0.05691,0.06827,0.40451,,99,0.03484,-0.00623
min_boilerplate,may,(4),vix_pre28,VIX,-0.00211,0.01669,0.89924,,99,0.03484,-0.00623
min_boilerplate,may,(4),unrate_gap_lag1,Unemp. gap,-0.02534,0.07335,0.72972,,99,0.03484,-0.00623
min_boilerplate,may,(4),corepce_gap_lag2,Core PCE gap,-0.16148,0.07489,0.03108,**,99,0.03484,-0.00623
min_boilerplate,may,(5),const,const,0.63427,0.34245,0.064,*,99,0.05519,0.02536
min_boilerplate,may,(5),cfnai_ma3_lag2,CFNAI-MA3,0.10223,0.04073,0.01207,**,99,0.05519,0.02536
min_boilerplate,may,(5),vix_pre28,VIX,0.00166,0.01709,0.92258,,99,0.05519,0.02536
min_boilerplate,may,(5),post_fw,post-2020-09,-0.53409,0.15328,0.00049,***,99,0.05519,0.02536
min_boilerplate,may,(6) excl-2020,const,const,0.55731,0.43583,0.20099,,91,0.04443,0.02271
min_boilerplate,may,(6) excl-2020,cfnai_ma3_lag2,CFNAI-MA3,1.01253,0.5214,0.05214,*,91,0.04443,0.02271
min_boilerplate,may,(6) excl-2020,vix_pre28,VIX,-0.00817,0.02408,0.73443,,91,0.04443,0.02271
min_boilerplate,may,(7) Δ,const,const,-0.03524,0.07787,0.65091,,98,0.0097,-0.01115
min_boilerplate,may,(7) Δ,d_cfnai,ΔCFNAI,0.04173,0.04314,0.33338,,98,0.0097,-0.01115
min_boilerplate,may,(7) Δ,d_vix,ΔVIX,-0.03367,0.04592,0.46341,,98,0.0097,-0.01115
min_boilerplate,may,(8) Δ excl-2020,const,const,-0.01656,0.08063,0.83725,,90,0.03651,0.01437
min_boilerplate,may,(8) Δ excl-2020,d_cfnai,ΔCFNAI,1.5553,0.9666,0.10761,,90,0.03651,0.01437
min_boilerplate,may,(8) Δ excl-2020,d_vix,ΔVIX,0.00832,0.04987,0.86757,,90,0.03651,0.01437
min_boilerplate,will,(1),const,const,0.21895,0.12594,0.08212,*,99,0.0,-0.01031
min_boilerplate,will,(1),cfnai_ma3_lag2,CFNAI-MA3,-5e-05,0.01309,0.99691,,99,0.0,-0.01031
min_boilerplate,will,(2),const,const,-1.2118,0.86976,0.16354,,99,0.19522,0.18692
min_boilerplate,will,(2),vix_pre28,VIX,0.07947,0.05287,0.13278,,99,0.19522,0.18692
min_boilerplate,will,(3),const,const,-1.22079,0.89365,0.17192,,99,0.19693,0.18019
min_boilerplate,will,(3),cfnai_ma3_lag2,CFNAI-MA3,0.03983,0.07651,0.6027,,99,0.19693,0.18019
min_boilerplate,will,(3),vix_pre28,VIX,0.08017,0.05467,0.14255,,99,0.19693,0.18019
min_boilerplate,will,(4),const,const,-1.59207,0.90366,0.0781,*,99,0.32892,0.30036
min_boilerplate,will,(4),cfnai_ma3_lag2,CFNAI-MA3,-0.08362,0.05517,0.1296,,99,0.32892,0.30036
min_boilerplate,will,(4),vix_pre28,VIX,0.11174,0.05923,0.0592,*,99,0.32892,0.30036
min_boilerplate,will,(4),unrate_gap_lag1,Unemp. gap,-0.29326,0.1493,0.0495,**,99,0.32892,0.30036
min_boilerplate,will,(4),corepce_gap_lag2,Core PCE gap,-0.32208,0.1726,0.06204,*,99,0.32892,0.30036
min_boilerplate,will,(5),const,const,-1.23761,0.76598,0.10615,,99,0.28874,0.26628
min_boilerplate,will,(5),cfnai_ma3_lag2,CFNAI-MA3,0.11126,0.10675,0.29731,,99,0.28874,0.26628
min_boilerplate,will,(5),vix_pre28,VIX,0.09945,0.05613,0.07644,*,99,0.28874,0.26628
min_boilerplate,will,(5),post_fw,post-2020-09,-0.69716,0.40839,0.08781,*,99,0.28874,0.26628
min_boilerplate,will,(6) excl-2020,const,const,0.08264,0.0918,0.36802,,91,0.00364,-0.019
min_boilerplate,will,(6) excl-2020,cfnai_ma3_lag2,CFNAI-MA3,0.0894,0.12649,0.47969,,91,0.00364,-0.019
min_boilerplate,will,(6) excl-2020,vix_pre28,VIX,0.00109,0.00449,0.80747,,91,0.00364,-0.019
min_boilerplate,will,(7) Δ,const,const,-0.00936,0.06648,0.888,,98,0.23818,0.22214
min_boilerplate,will,(7) Δ,d_cfnai,ΔCFNAI,0.36511,0.20779,0.0789,*,98,0.23818,0.22214
min_boilerplate,will,(7) Δ,d_vix,ΔVIX,0.08279,0.05474,0.13043,,98,0.23818,0.22214
min_boilerplate,will,(8) Δ excl-2020,const,const,-0.00047,0.02628,0.98587,,90,0.01124,-0.01149
min_boilerplate,will,(8) Δ excl-2020,d_cfnai,ΔCFNAI,0.2897,0.35334,0.41228,,90,0.01124,-0.01149
min_boilerplate,will,(8) Δ excl-2020,d_vix,ΔVIX,-0.00547,0.00901,0.54421,,90,0.01124,-0.01149
min_boilerplate,would,(1),const,const,0.65459,0.24099,0.0066,***,99,8e-05,-0.01022
min_boilerplate,would,(1),cfnai_ma3_lag2,CFNAI-MA3,-0.01931,0.07038,0.78383,,99,8e-05,-0.01022
min_boilerplate,would,(2),const,const,1.34082,0.88895,0.13147,,99,0.00936,-0.00085
min_boilerplate,would,(2),vix_pre28,VIX,-0.03802,0.04054,0.34834,,99,0.00936,-0.00085
min_boilerplate,would,(3),const,const,1.34952,0.89452,0.13139,,99,0.0097,-0.01093
min_boilerplate,would,(3),cfnai_ma3_lag2,CFNAI-MA3,-0.03856,0.06867,0.57451,,99,0.0097,-0.01093
min_boilerplate,would,(3),vix_pre28,VIX,-0.0387,0.04099,0.34519,,99,0.0097,-0.01093
min_boilerplate,would,(4),const,const,1.05334,0.791,0.18297,,99,0.03247,-0.0087
min_boilerplate,would,(4),cfnai_ma3_lag2,CFNAI-MA3,-0.08275,0.09241,0.37051,,99,0.03247,-0.0087
min_boilerplate,would,(4),vix_pre28,VIX,-0.01233,0.03438,0.71993,,99,0.03247,-0.0087
min_boilerplate,would,(4),unrate_gap_lag1,Unemp. gap,-0.1586,0.16279,0.32992,,99,0.03247,-0.0087
min_boilerplate,would,(4),corepce_gap_lag2,Core PCE gap,-0.32442,0.12381,0.00879,***,99,0.03247,-0.0087
min_boilerplate,would,(5),const,const,1.32544,0.78934,0.09312,*,99,0.04911,0.01908
min_boilerplate,would,(5),cfnai_ma3_lag2,CFNAI-MA3,0.0637,0.07391,0.38878,,99,0.04911,0.01908
min_boilerplate,would,(5),vix_pre28,VIX,-0.0111,0.02881,0.70013,,99,0.04911,0.01908
min_boilerplate,would,(5),post_fw,post-2020-09,-0.99792,0.36451,0.00619,***,99,0.04911,0.01908
min_boilerplate,would,(6) excl-2020,const,const,1.87604,0.91593,0.04054,**,91,0.03312,0.01115
min_boilerplate,would,(6) excl-2020,cfnai_ma3_lag2,CFNAI-MA3,-0.94767,0.7902,0.23042,,91,0.03312,0.01115
min_boilerplate,would,(6) excl-2020,vix_pre28,VIX,-0.07218,0.04167,0.08327,*,91,0.03312,0.01115
min_boilerplate,would,(7) Δ,const,const,-0.01339,0.15199,0.92978,,98,0.00069,-0.02035
min_boilerplate,would,(7) Δ,d_cfnai,ΔCFNAI,0.05979,0.05335,0.26239,,98,0.00069,-0.02035
min_boilerplate,would,(7) Δ,d_vix,ΔVIX,0.00365,0.03962,0.92658,,98,0.00069,-0.02035
min_boilerplate,would,(8) Δ excl-2020,const,const,-0.03114,0.16421,0.84958,,90,0.00487,-0.01801
min_boilerplate,would,(8) Δ excl-2020,d_cfnai,ΔCFNAI,-1.03809,1.32614,0.43375,,90,0.00487,-0.01801
min_boilerplate,would,(8) Δ excl-2020,d_vix,ΔVIX,-0.02779,0.05713,0.62673,,90,0.00487,-0.01801
min_committee,ALL,(1),const,const,15.2246,0.49104,0.0,***,99,0.00224,-0.00804
min_committee,ALL,(1),cfnai_ma3_lag2,CFNAI-MA3,-0.12768,0.08348,0.12614,,99,0.00224,-0.00804
min_committee,ALL,(2),const,const,14.31228,1.17127,0.0,***,99,0.0103,9e-05
min_committee,ALL,(2),vix_pre28,VIX,0.05131,0.04402,0.24376,,99,0.0103,9e-05
min_committee,ALL,(3),const,const,14.33553,1.17492,0.0,***,99,0.01174,-0.00884
min_committee,ALL,(3),cfnai_ma3_lag2,CFNAI-MA3,-0.10306,0.07275,0.15662,,99,0.01174,-0.00884
min_committee,ALL,(3),vix_pre28,VIX,0.04951,0.04438,0.26467,,99,0.01174,-0.00884
min_committee,ALL,(4),const,const,15.62642,1.17185,0.0,***,99,0.21395,0.1805
min_committee,ALL,(4),cfnai_ma3_lag2,CFNAI-MA3,0.31941,0.22234,0.15084,,99,0.21395,0.1805
min_committee,ALL,(4),vix_pre28,VIX,-0.0604,0.0573,0.29187,,99,0.21395,0.1805
min_committee,ALL,(4),unrate_gap_lag1,Unemp. gap,1.01027,0.35229,0.00413,***,99,0.21395,0.1805
min_committee,ALL,(4),corepce_gap_lag2,Core PCE gap,1.12817,0.3106,0.00028,***,99,0.21395,0.1805
min_committee,ALL,(5),const,const,14.39801,1.26605,0.0,***,99,0.17199,0.14584
min_committee,ALL,(5),cfnai_ma3_lag2,CFNAI-MA3,-0.36836,0.09401,9e-05,***,99,0.17199,0.14584
min_committee,ALL,(5),vix_pre28,VIX,-0.02211,0.04671,0.63599,,99,0.17199,0.14584
min_committee,ALL,(5),post_fw,post-2020-09,2.58922,0.74202,0.00048,***,99,0.17199,0.14584
min_committee,ALL,(6) excl-2020,const,const,14.42356,1.37696,0.0,***,91,0.00557,-0.01703
min_committee,ALL,(6) excl-2020,cfnai_ma3_lag2,CFNAI-MA3,-0.33296,1.46351,0.82003,,91,0.00557,-0.01703
min_committee,ALL,(6) excl-2020,vix_pre28,VIX,0.04777,0.06362,0.45272,,91,0.00557,-0.01703
min_committee,ALL,(7) Δ,const,const,0.01425,0.16536,0.93132,,98,0.02498,0.00446
min_committee,ALL,(7) Δ,d_cfnai,ΔCFNAI,-0.26742,0.07651,0.00047,***,98,0.02498,0.00446
min_committee,ALL,(7) Δ,d_vix,ΔVIX,0.07757,0.08617,0.36805,,98,0.02498,0.00446
min_committee,ALL,(8) Δ excl-2020,const,const,-0.06832,0.16375,0.67653,,90,0.01574,-0.00689
min_committee,ALL,(8) Δ excl-2020,d_cfnai,ΔCFNAI,-1.92214,1.45116,0.18532,,90,0.01574,-0.00689
min_committee,ALL,(8) Δ excl-2020,d_vix,ΔVIX,-0.00177,0.08744,0.98383,,90,0.01574,-0.00689
min_committee,could,(1),const,const,1.44914,0.18577,0.0,***,99,0.01099,0.00079
min_committee,could,(1),cfnai_ma3_lag2,CFNAI-MA3,0.10287,0.06227,0.09855,*,99,0.01099,0.00079
min_committee,could,(2),const,const,1.00767,0.58034,0.0825,*,99,0.01702,0.00689
min_committee,could,(2),vix_pre28,VIX,0.02401,0.03024,0.42715,,99,0.01702,0.00689
min_committee,could,(3),const,const,0.98154,0.55803,0.07859,*,99,0.03083,0.01064
min_committee,could,(3),cfnai_ma3_lag2,CFNAI-MA3,0.11582,0.06521,0.07573,*,99,0.03083,0.01064
min_committee,could,(3),vix_pre28,VIX,0.02604,0.02796,0.35179,,99,0.03083,0.01064
min_committee,could,(4),const,const,1.15378,0.37643,0.00218,***,99,0.24396,0.21179
min_committee,could,(4),cfnai_ma3_lag2,CFNAI-MA3,0.00983,0.08259,0.90523,,99,0.24396,0.21179
min_committee,could,(4),vix_pre28,VIX,0.00782,0.01863,0.67468,,99,0.24396,0.21179
min_committee,could,(4),unrate_gap_lag1,Unemp. gap,-0.09055,0.08269,0.27348,,99,0.24396,0.21179
min_committee,could,(4),corepce_gap_lag2,Core PCE gap,0.35244,0.09852,0.00035,***,99,0.24396,0.21179
min_committee,could,(5),const,const,1.01513,0.30674,0.00093,***,99,0.38053,0.36097
min_committee,could,(5),cfnai_ma3_lag2,CFNAI-MA3,-0.02683,0.07038,0.70307,,99,0.38053,0.36097
min_committee,could,(5),vix_pre28,VIX,-0.01247,0.01204,0.30041,,99,0.38053,0.36097
min_committee,could,(5),post_fw,post-2020-09,1.39215,0.21725,0.0,***,99,0.38053,0.36097
min_committee,could,(6) excl-2020,const,const,0.00357,0.39322,0.99276,,91,0.20566,0.18761
min_committee,could,(6) excl-2020,cfnai_ma3_lag2,CFNAI-MA3,-1.5871,0.46192,0.00059,***,91,0.20566,0.18761
min_committee,could,(6) excl-2020,vix_pre28,VIX,0.08582,0.01962,1e-05,***,91,0.20566,0.18761
min_committee,could,(7) Δ,const,const,0.02826,0.05216,0.58789,,98,0.00588,-0.01505
min_committee,could,(7) Δ,d_cfnai,ΔCFNAI,0.05291,0.02036,0.00934,***,98,0.00588,-0.01505
min_committee,could,(7) Δ,d_vix,ΔVIX,-0.01079,0.01938,0.57754,,98,0.00588,-0.01505
min_committee,could,(8) Δ excl-2020,const,const,0.05889,0.05912,0.31921,,90,0.02363,0.00118
min_committee,could,(8) Δ excl-2020,d_cfnai,ΔCFNAI,0.3109,0.65389,0.63446,,90,0.02363,0.00118
min_committee,could,(8) Δ excl-2020,d_vix,ΔVIX,-0.03819,0.02045,0.06187,*,90,0.02363,0.00118
min_committee,should,(1),const,const,1.27143,0.23849,0.0,***,99,0.00387,-0.0064
min_committee,should,(1),cfnai_ma3_lag2,CFNAI-MA3,0.08174,0.07055,0.24662,,99,0.00387,-0.0064
min_committee,should,(2),const,const,1.844,0.45774,6e-05,***,99,0.01708,0.00695
min_committee,should,(2),vix_pre28,VIX,-0.03221,0.02294,0.16021,,99,0.01708,0.00695
min_committee,should,(3),const,const,1.82905,0.45442,6e-05,***,99,0.01961,-0.00082
min_committee,should,(3),cfnai_ma3_lag2,CFNAI-MA3,0.0663,0.0557,0.23397,,99,0.01961,-0.00082
min_committee,should,(3),vix_pre28,VIX,-0.03105,0.02266,0.1706,,99,0.01961,-0.00082
min_committee,should,(4),const,const,1.90034,0.41994,1e-05,***,99,0.03066,-0.01059
min_committee,should,(4),cfnai_ma3_lag2,CFNAI-MA3,0.13873,0.13371,0.29948,,99,0.03066,-0.01059
min_committee,should,(4),vix_pre28,VIX,-0.03605,0.02207,0.10242,,99,0.03066,-0.01059
min_committee,should,(4),unrate_gap_lag1,Unemp. gap,0.12394,0.1586,0.43452,,99,0.03066,-0.01059
min_committee,should,(4),corepce_gap_lag2,Core PCE gap,0.00124,0.17297,0.99427,,99,0.03066,-0.01059
min_committee,should,(5),const,const,1.84227,0.44311,3e-05,***,99,0.04984,0.01983
min_committee,should,(5),cfnai_ma3_lag2,CFNAI-MA3,0.01014,0.07681,0.895,,99,0.04984,0.01983
min_committee,should,(5),vix_pre28,VIX,-0.04621,0.02123,0.02948,**,99,0.04984,0.01983
min_committee,should,(5),post_fw,post-2020-09,0.54809,0.486,0.25942,,99,0.04984,0.01983
min_committee,should,(6) excl-2020,const,const,1.28901,0.67436,0.05594,*,91,0.01223,-0.01022
min_committee,should,(6) excl-2020,cfnai_ma3_lag2,CFNAI-MA3,-0.70169,0.81789,0.39094,,91,0.01223,-0.01022
min_committee,should,(6) excl-2020,vix_pre28,VIX,0.00368,0.04195,0.93014,,91,0.01223,-0.01022
min_committee,should,(7) Δ,const,const,0.02801,0.08381,0.73819,,98,0.00352,-0.01746
min_committee,should,(7) Δ,d_cfnai,ΔCFNAI,0.05349,0.03563,0.13325,,98,0.00352,-0.01746
min_committee,should,(7) Δ,d_vix,ΔVIX,-0.00691,0.0224,0.75757,,98,0.00352,-0.01746
min_committee,should,(8) Δ excl-2020,const,const,0.01121,0.09132,0.9023,,90,0.03182,0.00956
min_committee,should,(8) Δ excl-2020,d_cfnai,ΔCFNAI,-1.21697,0.69715,0.08087,*,90,0.03182,0.00956
min_committee,should,(8) Δ excl-2020,d_vix,ΔVIX,0.00221,0.03715,0.95247,,90,0.03182,0.00956
min_committee,will,(1),const,const,0.59692,0.24146,0.01343,**,99,0.00185,-0.00844
min_committee,will,(1),cfnai_ma3_lag2,CFNAI-MA3,0.05377,0.05903,0.3624,,99,0.00185,-0.00844
min_committee,will,(2),const,const,0.84487,0.48848,0.0837,*,99,0.00358,-0.00669
min_committee,will,(2),vix_pre28,VIX,-0.01404,0.01848,0.44746,,99,0.00358,-0.00669
min_committee,will,(3),const,const,0.83422,0.4918,0.08984,*,99,0.00499,-0.01574
min_committee,will,(3),cfnai_ma3_lag2,CFNAI-MA3,0.04719,0.05892,0.42317,,99,0.00499,-0.01574
min_committee,will,(3),vix_pre28,VIX,-0.01321,0.01866,0.47876,,99,0.00499,-0.01574
min_committee,will,(4),const,const,1.13611,0.57426,0.04788,**,99,0.11158,0.07378
min_committee,will,(4),cfnai_ma3_lag2,CFNAI-MA3,0.03716,0.12711,0.77003,,99,0.11158,0.07378
min_committee,will,(4),vix_pre28,VIX,-0.0413,0.02983,0.16617,,99,0.11158,0.07378
min_committee,will,(4),unrate_gap_lag1,Unemp. gap,0.0852,0.10288,0.40755,,99,0.11158,0.07378
min_committee,will,(4),corepce_gap_lag2,Core PCE gap,0.39918,0.30151,0.18553,,99,0.11158,0.07378
min_committee,will,(5),const,const,0.84593,0.46161,0.06687,*,99,0.03111,0.00051
min_committee,will,(5),cfnai_ma3_lag2,CFNAI-MA3,-0.0025,0.0957,0.97917,,99,0.03111,0.00051
min_committee,will,(5),vix_pre28,VIX,-0.02663,0.02531,0.29285,,99,0.03111,0.00051
min_committee,will,(5),post_fw,post-2020-09,0.48497,0.59476,0.41484,,99,0.03111,0.00051
min_committee,will,(6) excl-2020,const,const,0.48982,0.45939,0.28631,,91,0.04667,0.025
min_committee,will,(6) excl-2020,cfnai_ma3_lag2,CFNAI-MA3,-1.32812,0.73856,0.07213,*,91,0.04667,0.025
min_committee,will,(6) excl-2020,vix_pre28,VIX,0.00637,0.02442,0.79408,,91,0.04667,0.025
min_committee,will,(7) Δ,const,const,0.00393,0.07921,0.96042,,98,0.08388,0.0646
min_committee,will,(7) Δ,d_cfnai,ΔCFNAI,0.17291,0.02981,0.0,***,98,0.08388,0.0646
min_committee,will,(7) Δ,d_vix,ΔVIX,-0.05765,0.02508,0.0215,**,98,0.08388,0.0646
min_committee,will,(8) Δ excl-2020,const,const,0.02167,0.08498,0.79873,,90,0.06289,0.04135
min_committee,will,(8) Δ excl-2020,d_cfnai,ΔCFNAI,0.0889,0.45712,0.84581,,90,0.06289,0.04135
min_committee,will,(8) Δ excl-2020,d_vix,ΔVIX,-0.07511,0.03407,0.02747,**,90,0.06289,0.04135
min_committee,would,(1),const,const,11.40039,0.51237,0.0,***,99,0.01718,0.00705
min_committee,would,(1),cfnai_ma3_lag2,CFNAI-MA3,-0.37626,0.24867,0.13026,,99,0.01718,0.00705
min_committee,would,(2),const,const,9.64979,1.70844,0.0,***,99,0.03389,0.02393
min_committee,would,(2),vix_pre28,VIX,0.09911,0.07605,0.19252,,99,0.03389,0.02393
min_committee,would,(3),const,const,9.72419,1.68441,0.0,***,99,0.04698,0.02712
min_committee,would,(3),cfnai_ma3_lag2,CFNAI-MA3,-0.32983,0.19582,0.09212,*,99,0.04698,0.02712
min_committee,would,(3),vix_pre28,VIX,0.09334,0.07305,0.20136,,99,0.04698,0.02712
min_committee,would,(4),const,const,10.37674,1.62636,0.0,***,99,0.13936,0.10274
min_committee,would,(4),cfnai_ma3_lag2,CFNAI-MA3,0.14288,0.26542,0.59037,,99,0.13936,0.10274
min_committee,would,(4),vix_pre28,VIX,0.04345,0.07377,0.55584,,99,0.13936,0.10274
min_committee,would,(4),unrate_gap_lag1,Unemp. gap,0.87038,0.3151,0.00574,***,99,0.13936,0.10274
min_committee,would,(4),corepce_gap_lag2,Core PCE gap,0.24801,0.37569,0.50916,,99,0.13936,0.10274
min_committee,would,(5),const,const,9.72635,1.68295,0.0,***,99,0.04714,0.01705
min_committee,would,(5),cfnai_ma3_lag2,CFNAI-MA3,-0.33896,0.21424,0.11361,,99,0.04714,0.01705
min_committee,would,(5),vix_pre28,VIX,0.09087,0.0651,0.16273,,99,0.04714,0.01705
min_committee,would,(5),post_fw,post-2020-09,0.08914,0.95156,0.92537,,99,0.04714,0.01705
min_committee,would,(6) excl-2020,const,const,11.795,1.85365,0.0,***,91,0.07581,0.05481
min_committee,would,(6) excl-2020,cfnai_ma3_lag2,CFNAI-MA3,3.68052,1.28101,0.00406,***,91,0.07581,0.05481
min_committee,would,(6) excl-2020,vix_pre28,VIX,-0.03037,0.09091,0.7383,,91,0.07581,0.05481
min_committee,would,(7) Δ,const,const,-0.04651,0.17734,0.79314,,98,0.10694,0.08814
min_committee,would,(7) Δ,d_cfnai,ΔCFNAI,-0.5541,0.0431,0.0,***,98,0.10694,0.08814
min_committee,would,(7) Δ,d_vix,ΔVIX,0.16131,0.05828,0.00564,***,98,0.10694,0.08814
min_committee,would,(8) Δ excl-2020,const,const,-0.16282,0.19314,0.39923,,90,0.02989,0.00759
min_committee,would,(8) Δ excl-2020,d_cfnai,ΔCFNAI,-1.30516,1.26874,0.30362,,90,0.02989,0.00759
min_committee,would,(8) Δ excl-2020,d_vix,ΔVIX,0.12352,0.07517,0.10032,,90,0.02989,0.00759
min_directive_quote,ALL,(1),const,const,4.46394,1.23661,0.00031,***,99,0.00252,-0.00776
min_directive_quote,ALL,(1),cfnai_ma3_lag2,CFNAI-MA3,0.2721,0.27472,0.32196,,99,0.00252,-0.00776
min_directive_quote,ALL,(2),const,const,2.8248,3.17523,0.37366,,99,0.00778,-0.00245
min_directive_quote,ALL,(2),vix_pre28,VIX,0.0897,0.13377,0.50253,,99,0.00778,-0.00245
min_directive_quote,ALL,(3),const,const,2.75272,3.15949,0.38362,,99,0.01123,-0.00937
min_directive_quote,ALL,(3),cfnai_ma3_lag2,CFNAI-MA3,0.31949,0.27002,0.23672,,99,0.01123,-0.00937
min_directive_quote,ALL,(3),vix_pre28,VIX,0.09529,0.13274,0.47283,,99,0.01123,-0.00937
min_directive_quote,ALL,(4),const,const,3.83241,2.69692,0.15531,,99,0.10561,0.06755
min_directive_quote,ALL,(4),cfnai_ma3_lag2,CFNAI-MA3,1.21677,0.8664,0.1602,,99,0.10561,0.06755
min_directive_quote,ALL,(4),vix_pre28,VIX,0.01527,0.11837,0.89739,,99,0.10561,0.06755
min_directive_quote,ALL,(4),unrate_gap_lag1,Unemp. gap,1.59993,0.95492,0.09384,*,99,0.10561,0.06755
min_directive_quote,ALL,(4),corepce_gap_lag2,Core PCE gap,0.26716,0.82421,0.74583,,99,0.10561,0.06755
min_directive_quote,ALL,(5),const,const,2.66995,3.35937,0.42674,,99,0.08078,0.05176
min_directive_quote,ALL,(5),cfnai_ma3_lag2,CFNAI-MA3,0.67094,0.39532,0.08966,*,99,0.08078,0.05176
min_directive_quote,ALL,(5),vix_pre28,VIX,0.19015,0.14724,0.19655,,99,0.08078,0.05176
min_directive_quote,ALL,(5),post_fw,post-2020-09,-3.42987,2.25547,0.12834,,99,0.08078,0.05176
min_directive_quote,ALL,(6) excl-2020,const,const,2.09795,3.79947,0.58083,,91,0.06951,0.04836
min_directive_quote,ALL,(6) excl-2020,cfnai_ma3_lag2,CFNAI-MA3,5.85831,3.11139,0.05972,*,91,0.06951,0.04836
min_directive_quote,ALL,(6) excl-2020,vix_pre28,VIX,0.14314,0.17897,0.42384,,91,0.06951,0.04836
min_directive_quote,ALL,(7) Δ,const,const,-0.13882,0.23093,0.54776,,98,0.02833,0.00787
min_directive_quote,ALL,(7) Δ,d_cfnai,ΔCFNAI,0.10004,0.06582,0.12854,,98,0.02833,0.00787
min_directive_quote,ALL,(7) Δ,d_vix,ΔVIX,-0.09494,0.05681,0.0947,*,98,0.02833,0.00787
min_directive_quote,ALL,(8) Δ excl-2020,const,const,-0.09197,0.24122,0.70302,,90,0.01603,-0.00659
min_directive_quote,ALL,(8) Δ excl-2020,d_cfnai,ΔCFNAI,1.55181,1.28374,0.22673,,90,0.01603,-0.00659
min_directive_quote,ALL,(8) Δ excl-2020,d_vix,ΔVIX,-0.04245,0.03557,0.23275,,90,0.01603,-0.00659
min_directive_quote,could,(1),const,const,0.89911,0.41018,0.02838,**,99,0.00078,-0.00952
min_directive_quote,could,(1),cfnai_ma3_lag2,CFNAI-MA3,0.04926,0.0694,0.47783,,99,0.00078,-0.00952
min_directive_quote,could,(2),const,const,2.03415,0.97801,0.03754,**,99,0.03654,0.02661
min_directive_quote,could,(2),vix_pre28,VIX,-0.06329,0.03601,0.07883,*,99,0.03654,0.02661
min_directive_quote,could,(3),const,const,2.0301,0.97605,0.03753,**,99,0.03665,0.01658
min_directive_quote,could,(3),cfnai_ma3_lag2,CFNAI-MA3,0.01794,0.04346,0.67981,,99,0.03665,0.01658
min_directive_quote,could,(3),vix_pre28,VIX,-0.06298,0.03596,0.07985,*,99,0.03665,0.01658
min_directive_quote,could,(4),const,const,1.9252,0.90344,0.03309,**,99,0.17235,0.13713
min_directive_quote,could,(4),cfnai_ma3_lag2,CFNAI-MA3,0.23373,0.26372,0.37547,,99,0.17235,0.13713
min_directive_quote,could,(4),vix_pre28,VIX,-0.04857,0.03858,0.20806,,99,0.17235,0.13713
min_directive_quote,could,(4),unrate_gap_lag1,Unemp. gap,0.26506,0.31943,0.40665,,99,0.17235,0.13713
min_directive_quote,could,(4),corepce_gap_lag2,Core PCE gap,-0.40273,0.22298,0.0709,*,99,0.17235,0.13713
min_directive_quote,could,(5),const,const,1.98915,1.00586,0.04798,**,99,0.19719,0.17184
min_directive_quote,could,(5),cfnai_ma3_lag2,CFNAI-MA3,0.19181,0.08869,0.03057,**,99,0.19719,0.17184
min_directive_quote,could,(5),vix_pre28,VIX,-0.01604,0.03361,0.63308,,99,0.19719,0.17184
min_directive_quote,could,(5),post_fw,post-2020-09,-1.69692,0.68482,0.01322,**,99,0.19719,0.17184
min_directive_quote,could,(6) excl-2020,const,const,2.11012,1.24387,0.08981,*,91,0.02404,0.00186
min_directive_quote,could,(6) excl-2020,cfnai_ma3_lag2,CFNAI-MA3,0.36305,1.0309,0.72471,,91,0.02404,0.00186
min_directive_quote,could,(6) excl-2020,vix_pre28,VIX,-0.06789,0.05566,0.22255,,91,0.02404,0.00186
min_directive_quote,could,(7) Δ,const,const,-0.0463,0.06673,0.48774,,98,0.04242,0.02227
min_directive_quote,could,(7) Δ,d_cfnai,ΔCFNAI,0.01862,0.01775,0.29442,,98,0.04242,0.02227
min_directive_quote,could,(7) Δ,d_vix,ΔVIX,-0.03142,0.0217,0.1476,,98,0.04242,0.02227
min_directive_quote,could,(8) Δ excl-2020,const,const,-0.01678,0.0691,0.80815,,90,0.00952,-0.01325
min_directive_quote,could,(8) Δ excl-2020,d_cfnai,ΔCFNAI,0.34294,0.34676,0.32267,,90,0.00952,-0.01325
min_directive_quote,could,(8) Δ excl-2020,d_vix,ΔVIX,-0.00429,0.00369,0.24501,,90,0.00952,-0.01325
min_directive_quote,will,(1),const,const,2.1011,0.82772,0.01113,**,99,0.00119,-0.00911
min_directive_quote,will,(1),cfnai_ma3_lag2,CFNAI-MA3,0.12961,0.15201,0.39387,,99,0.00119,-0.00911
min_directive_quote,will,(2),const,const,4.07347,2.00797,0.04249,**,99,0.02447,0.01441
min_directive_quote,will,(2),vix_pre28,VIX,-0.1102,0.07614,0.14779,,99,0.02447,0.01441
min_directive_quote,will,(3),const,const,4.05645,2.00453,0.04301,**,99,0.02487,0.00455
min_directive_quote,will,(3),cfnai_ma3_lag2,CFNAI-MA3,0.07545,0.1116,0.49897,,99,0.02487,0.00455
min_directive_quote,will,(3),vix_pre28,VIX,-0.10888,0.07612,0.15262,,99,0.02487,0.00455
min_directive_quote,will,(4),const,const,3.81067,1.9035,0.04529,**,99,0.10699,0.06899
min_directive_quote,will,(4),cfnai_ma3_lag2,CFNAI-MA3,0.40246,0.51771,0.43693,,99,0.10699,0.06899
min_directive_quote,will,(4),vix_pre28,VIX,-0.07904,0.0818,0.33391,,99,0.10699,0.06899
min_directive_quote,will,(4),unrate_gap_lag1,Unemp. gap,0.37317,0.62345,0.54946,,99,0.10699,0.06899
min_directive_quote,will,(4),corepce_gap_lag2,Core PCE gap,-0.7215,0.52538,0.16966,,99,0.10699,0.06899
min_directive_quote,will,(5),const,const,3.97207,2.12152,0.06117,*,99,0.17545,0.14941
min_directive_quote,will,(5),cfnai_ma3_lag2,CFNAI-MA3,0.43376,0.18825,0.02121,**,99,0.17545,0.14941
min_directive_quote,will,(5),vix_pre28,VIX,-0.01216,0.08056,0.88,,99,0.17545,0.14941
min_directive_quote,will,(5),post_fw,post-2020-09,-3.49689,1.37706,0.0111,**,99,0.17545,0.14941
min_directive_quote,will,(6) excl-2020,const,const,3.85811,2.54142,0.12899,,91,0.0113,-0.01117
min_directive_quote,will,(6) excl-2020,cfnai_ma3_lag2,CFNAI-MA3,0.90212,2.27278,0.69142,,91,0.0113,-0.01117
min_directive_quote,will,(6) excl-2020,vix_pre28,VIX,-0.09531,0.11575,0.41026,,91,0.0113,-0.01117
min_directive_quote,will,(7) Δ,const,const,-0.08935,0.17307,0.60566,,98,0.04455,0.02443
min_directive_quote,will,(7) Δ,d_cfnai,ΔCFNAI,0.06415,0.05442,0.23849,,98,0.04455,0.02443
min_directive_quote,will,(7) Δ,d_vix,ΔVIX,-0.11257,0.04827,0.01969,**,98,0.04455,0.02443
min_directive_quote,will,(8) Δ excl-2020,const,const,-0.03126,0.17707,0.85986,,90,0.0221,-0.00038
min_directive_quote,will,(8) Δ excl-2020,d_cfnai,ΔCFNAI,0.96917,0.79114,0.22056,,90,0.0221,-0.00038
min_directive_quote,will,(8) Δ excl-2020,d_vix,ΔVIX,-0.08971,0.06278,0.15301,,90,0.0221,-0.00038
min_front_matter,ALL,(1),const,const,0.61575,0.2088,0.00319,***,99,0.00152,-0.00878
min_front_matter,ALL,(1),cfnai_ma3_lag2,CFNAI-MA3,0.07708,0.20259,0.7036,,99,0.00152,-0.00878
min_front_matter,ALL,(2),const,const,0.74765,0.58554,0.20166,,99,0.00043,-0.00987
min_front_matter,ALL,(2),vix_pre28,VIX,-0.00771,0.02699,0.77517,,99,0.00043,-0.00987
min_front_matter,ALL,(3),const,const,0.73098,0.6037,0.22596,,99,0.00181,-0.01898
min_front_matter,ALL,(3),cfnai_ma3_lag2,CFNAI-MA3,0.07389,0.21064,0.72576,,99,0.00181,-0.01898
min_front_matter,ALL,(3),vix_pre28,VIX,-0.00642,0.02894,0.82455,,99,0.00181,-0.01898
min_front_matter,ALL,(4),const,const,0.85069,0.44216,0.05436,*,99,0.06327,0.02341
min_front_matter,ALL,(4),cfnai_ma3_lag2,CFNAI-MA3,0.30336,0.21191,0.15227,,99,0.06327,0.02341
min_front_matter,ALL,(4),vix_pre28,VIX,-0.01244,0.01552,0.42267,,99,0.06327,0.02341
min_front_matter,ALL,(4),unrate_gap_lag1,Unemp. gap,0.35781,0.21892,0.10216,,99,0.06327,0.02341
min_front_matter,ALL,(4),corepce_gap_lag2,Core PCE gap,-0.13204,0.14179,0.35175,,99,0.06327,0.02341
min_front_matter,ALL,(5),const,const,0.71273,0.57227,0.21297,,99,0.02719,-0.00353
min_front_matter,ALL,(5),cfnai_ma3_lag2,CFNAI-MA3,0.15139,0.22114,0.4936,,99,0.02719,-0.00353
min_front_matter,ALL,(5),vix_pre28,VIX,0.0145,0.02527,0.56597,,99,0.02719,-0.00353
min_front_matter,ALL,(5),post_fw,post-2020-09,-0.75634,0.32119,0.01853,**,99,0.02719,-0.00353
min_front_matter,ALL,(6) excl-2020,const,const,1.13995,0.59314,0.05462,*,91,0.00978,-0.01273
min_front_matter,ALL,(6) excl-2020,cfnai_ma3_lag2,CFNAI-MA3,-0.44317,0.47648,0.35232,,91,0.00978,-0.01273
min_front_matter,ALL,(6) excl-2020,vix_pre28,VIX,-0.03546,0.02507,0.15726,,91,0.00978,-0.01273
min_front_matter,ALL,(7) Δ,const,const,0.00788,0.15682,0.95991,,98,0.05487,0.03497
min_front_matter,ALL,(7) Δ,d_cfnai,ΔCFNAI,0.451,0.224,0.04407,**,98,0.05487,0.03497
min_front_matter,ALL,(7) Δ,d_vix,ΔVIX,-0.11381,0.06068,0.06071,*,98,0.05487,0.03497
min_front_matter,ALL,(8) Δ excl-2020,const,const,0.00484,0.14954,0.97416,,90,0.01346,-0.00922
min_front_matter,ALL,(8) Δ excl-2020,d_cfnai,ΔCFNAI,0.46941,1.43744,0.744,,90,0.01346,-0.00922
min_front_matter,ALL,(8) Δ excl-2020,d_vix,ΔVIX,-0.09387,0.08402,0.2639,,90,0.01346,-0.00922
min_front_matter,would,(1),const,const,0.29237,0.13752,0.0335,**,99,0.0046,-0.00566
min_front_matter,would,(1),cfnai_ma3_lag2,CFNAI-MA3,0.0875,0.04084,0.03215,**,99,0.0046,-0.00566
min_front_matter,would,(2),const,const,0.58816,0.37846,0.12017,,99,0.00486,-0.0054
min_front_matter,would,(2),vix_pre28,VIX,-0.01686,0.01457,0.2471,,99,0.00486,-0.0054
min_front_matter,would,(3),const,const,0.57016,0.38619,0.13984,,99,0.00865,-0.012
min_front_matter,would,(3),cfnai_ma3_lag2,CFNAI-MA3,0.0798,0.04842,0.09934,*,99,0.00865,-0.012
min_front_matter,would,(3),vix_pre28,VIX,-0.01547,0.01539,0.31488,,99,0.00865,-0.012
min_front_matter,would,(4),const,const,0.49995,0.29654,0.09181,*,99,0.02826,-0.01309
min_front_matter,would,(4),cfnai_ma3_lag2,CFNAI-MA3,0.12133,0.07828,0.12115,,99,0.02826,-0.01309
min_front_matter,would,(4),vix_pre28,VIX,-0.00808,0.00973,0.40614,,99,0.02826,-0.01309
min_front_matter,would,(4),unrate_gap_lag1,Unemp. gap,0.03459,0.10769,0.74807,,99,0.02826,-0.01309
min_front_matter,would,(4),corepce_gap_lag2,Core PCE gap,-0.14158,0.09033,0.11702,,99,0.02826,-0.01309
min_front_matter,would,(5),const,const,0.55839,0.3783,0.13993,,99,0.03347,0.00295
min_front_matter,would,(5),cfnai_ma3_lag2,CFNAI-MA3,0.12977,0.0527,0.0138,**,99,0.03347,0.00295
min_front_matter,would,(5),vix_pre28,VIX,-0.00198,0.01148,0.86305,,99,0.03347,0.00295
min_front_matter,would,(5),post_fw,post-2020-09,-0.48765,0.22027,0.02684,**,99,0.03347,0.00295
min_front_matter,would,(6) excl-2020,const,const,0.68789,0.40866,0.09232,*,91,0.00946,-0.01305
min_front_matter,would,(6) excl-2020,cfnai_ma3_lag2,CFNAI-MA3,-0.30186,0.30306,0.31923,,91,0.00946,-0.01305
min_front_matter,would,(6) excl-2020,vix_pre28,VIX,-0.02393,0.01685,0.15555,,91,0.00946,-0.01305
min_front_matter,would,(7) Δ,const,const,0.00458,0.0982,0.96283,,98,0.03624,0.01595
min_front_matter,would,(7) Δ,d_cfnai,ΔCFNAI,0.20819,0.04148,0.0,***,98,0.03624,0.01595
min_front_matter,would,(7) Δ,d_vix,ΔVIX,-0.06702,0.03809,0.07851,*,98,0.03624,0.01595
min_front_matter,would,(8) Δ excl-2020,const,const,0.00218,0.10144,0.98284,,90,0.02491,0.0025
min_front_matter,would,(8) Δ excl-2020,d_cfnai,ΔCFNAI,0.28669,0.84341,0.73392,,90,0.02491,0.0025
min_front_matter,would,(8) Δ excl-2020,d_vix,ΔVIX,-0.08761,0.05558,0.11497,,90,0.02491,0.0025
min_participants,ALL,(1),const,const,12.23738,0.36193,0.0,***,99,0.01738,0.00725
min_participants,ALL,(1),cfnai_ma3_lag2,CFNAI-MA3,-0.32941,0.17017,0.0529,*,99,0.01738,0.00725
min_participants,ALL,(2),const,const,10.04909,1.21747,0.0,***,99,0.06908,0.05949
min_participants,ALL,(2),vix_pre28,VIX,0.12319,0.06891,0.07384,*,99,0.06908,0.05949
min_participants,ALL,(3),const,const,10.11012,1.16373,0.0,***,99,0.0807,0.06155
min_participants,ALL,(3),cfnai_ma3_lag2,CFNAI-MA3,-0.27049,0.12059,0.0249,**,99,0.0807,0.06155
min_participants,ALL,(3),vix_pre28,VIX,0.11846,0.06452,0.06637,*,99,0.0807,0.06155
min_participants,ALL,(4),const,const,10.04356,1.25999,0.0,***,99,0.0828,0.04377
min_participants,ALL,(4),cfnai_ma3_lag2,CFNAI-MA3,-0.25605,0.23635,0.27864,,99,0.0828,0.04377
min_participants,ALL,(4),vix_pre28,VIX,0.12491,0.07584,0.09954,*,99,0.0828,0.04377
min_participants,ALL,(4),unrate_gap_lag1,Unemp. gap,-0.00182,0.29155,0.99502,,99,0.0828,0.04377
min_participants,ALL,(4),corepce_gap_lag2,Core PCE gap,-0.1032,0.29243,0.72414,,99,0.0828,0.04377
min_participants,ALL,(5),const,const,10.11199,1.17682,0.0,***,99,0.08087,0.05184
min_participants,ALL,(5),cfnai_ma3_lag2,CFNAI-MA3,-0.27843,0.15246,0.06781,*,99,0.08087,0.05184
min_participants,ALL,(5),vix_pre28,VIX,0.11631,0.07525,0.1222,,99,0.08087,0.05184
min_participants,ALL,(5),post_fw,post-2020-09,0.07755,0.7787,0.92067,,99,0.08087,0.05184
min_participants,ALL,(6) excl-2020,const,const,11.56944,1.10267,0.0,***,91,0.00308,-0.01958
min_participants,ALL,(6) excl-2020,cfnai_ma3_lag2,CFNAI-MA3,0.27223,1.0686,0.79892,,91,0.00308,-0.01958
min_participants,ALL,(6) excl-2020,vix_pre28,VIX,0.02411,0.05483,0.66012,,91,0.00308,-0.01958
min_participants,ALL,(7) Δ,const,const,0.06619,0.19434,0.73344,,98,0.03055,0.01015
min_participants,ALL,(7) Δ,d_cfnai,ΔCFNAI,0.40133,0.14314,0.00505,***,98,0.03055,0.01015
min_participants,ALL,(7) Δ,d_vix,ΔVIX,-0.04322,0.05417,0.42497,,98,0.03055,0.01015
min_participants,ALL,(8) Δ excl-2020,const,const,0.10943,0.18482,0.55378,,90,0.02639,0.00401
min_participants,ALL,(8) Δ excl-2020,d_cfnai,ΔCFNAI,2.18313,2.32415,0.34756,,90,0.02639,0.00401
min_participants,ALL,(8) Δ excl-2020,d_vix,ΔVIX,-0.08159,0.06245,0.19138,,90,0.02639,0.00401
min_participants,could,(1),const,const,3.95802,0.21933,0.0,***,99,0.003,-0.00728
min_participants,could,(1),cfnai_ma3_lag2,CFNAI-MA3,0.08262,0.09249,0.37167,,99,0.003,-0.00728
min_participants,could,(2),const,const,3.08449,0.59646,0.0,***,99,0.02888,0.01887
min_participants,could,(2),vix_pre28,VIX,0.04811,0.03672,0.19012,,99,0.02888,0.01887
min_participants,could,(3),const,const,3.06025,0.61618,0.0,***,99,0.03391,0.01378
min_participants,could,(3),cfnai_ma3_lag2,CFNAI-MA3,0.10749,0.08583,0.21044,,99,0.03391,0.01378
min_participants,could,(3),vix_pre28,VIX,0.04999,0.03818,0.19035,,99,0.03391,0.01378
min_participants,could,(4),const,const,2.90337,0.60323,0.0,***,99,0.04967,0.00923
min_participants,could,(4),cfnai_ma3_lag2,CFNAI-MA3,0.09955,0.13827,0.47157,,99,0.04967,0.00923
min_participants,could,(4),vix_pre28,VIX,0.0643,0.03645,0.07774,*,99,0.04967,0.00923
min_participants,could,(4),unrate_gap_lag1,Unemp. gap,-0.06254,0.14606,0.66852,,99,0.04967,0.00923
min_participants,could,(4),corepce_gap_lag2,Core PCE gap,-0.19108,0.18199,0.29374,,99,0.04967,0.00923
min_participants,could,(5),const,const,3.07513,0.63476,0.0,***,99,0.06292,0.03333
min_participants,could,(5),cfnai_ma3_lag2,CFNAI-MA3,0.04429,0.09197,0.63015,,99,0.06292,0.03333
min_participants,could,(5),vix_pre28,VIX,0.03293,0.03895,0.39779,,99,0.06292,0.03333
min_participants,could,(5),post_fw,post-2020-09,0.6168,0.39177,0.1154,,99,0.06292,0.03333
min_participants,could,(6) excl-2020,const,const,3.11157,0.94813,0.00103,***,91,0.02971,0.00765
min_participants,could,(6) excl-2020,cfnai_ma3_lag2,CFNAI-MA3,-1.05072,0.82539,0.20302,,91,0.02971,0.00765
min_participants,could,(6) excl-2020,vix_pre28,VIX,0.04264,0.06182,0.49037,,91,0.02971,0.00765
min_participants,could,(7) Δ,const,const,0.0553,0.09959,0.57867,,98,0.0748,0.05532
min_participants,could,(7) Δ,d_cfnai,ΔCFNAI,0.32778,0.04057,0.0,***,98,0.0748,0.05532
min_participants,could,(7) Δ,d_vix,ΔVIX,0.06635,0.05587,0.23502,,98,0.0748,0.05532
min_participants,could,(8) Δ excl-2020,const,const,0.09334,0.11014,0.39672,,90,0.07017,0.04879
min_participants,could,(8) Δ excl-2020,d_cfnai,ΔCFNAI,1.25085,1.30371,0.33733,,90,0.07017,0.04879
min_participants,could,(8) Δ excl-2020,d_vix,ΔVIX,0.12347,0.06579,0.06054,*,90,0.07017,0.04879
min_participants,may,(1),const,const,0.71168,0.08681,0.0,***,99,5e-05,-0.01026
min_participants,may,(1),cfnai_ma3_lag2,CFNAI-MA3,0.0046,0.03788,0.90345,,99,5e-05,-0.01026
min_participants,may,(2),const,const,0.79449,0.35097,0.02359,**,99,0.00137,-0.00892
min_participants,may,(2),vix_pre28,VIX,-0.00462,0.01827,0.80027,,99,0.00137,-0.00892
min_participants,may,(3),const,const,0.79397,0.3564,0.0259,**,99,0.00138,-0.01942
min_participants,may,(3),cfnai_ma3_lag2,CFNAI-MA3,0.00232,0.04084,0.95478,,99,0.00138,-0.01942
min_participants,may,(3),vix_pre28,VIX,-0.00458,0.01876,0.80704,,99,0.00138,-0.01942
min_participants,may,(4),const,const,0.71957,0.36649,0.0496,**,99,0.06773,0.02806
min_participants,may,(4),cfnai_ma3_lag2,CFNAI-MA3,-0.08522,0.03262,0.00898,***,99,0.06773,0.02806
min_participants,may,(4),vix_pre28,VIX,0.00037,0.02084,0.98586,,99,0.06773,0.02806
min_participants,may,(4),unrate_gap_lag1,Unemp. gap,-0.14593,0.0481,0.00241,***,99,0.06773,0.02806
min_participants,may,(4),corepce_gap_lag2,Core PCE gap,0.01356,0.07699,0.86022,,99,0.06773,0.02806
min_participants,may,(5),const,const,0.7978,0.37098,0.03151,**,99,0.01127,-0.01995
min_participants,may,(5),cfnai_ma3_lag2,CFNAI-MA3,-0.01395,0.05234,0.78986,,99,0.01127,-0.01995
min_participants,may,(5),vix_pre28,VIX,-0.00897,0.02329,0.7,,99,0.01127,-0.01995
min_participants,may,(5),post_fw,post-2020-09,0.15873,0.21494,0.46021,,99,0.01127,-0.01995
min_participants,may,(6) excl-2020,const,const,1.05148,0.3468,0.00243,***,91,0.01608,-0.00628
min_participants,may,(6) excl-2020,cfnai_ma3_lag2,CFNAI-MA3,-0.04903,0.3127,0.8754,,91,0.01608,-0.00628
min_participants,may,(6) excl-2020,vix_pre28,VIX,-0.01869,0.01727,0.27913,,91,0.01608,-0.00628
min_participants,may,(7) Δ,const,const,0.00484,0.04613,0.91649,,98,0.02198,0.00139
min_participants,may,(7) Δ,d_cfnai,ΔCFNAI,0.10079,0.05998,0.0929,*,98,0.02198,0.00139
min_participants,may,(7) Δ,d_vix,ΔVIX,0.00506,0.02727,0.85272,,98,0.02198,0.00139
min_participants,may,(8) Δ excl-2020,const,const,0.02474,0.04579,0.58906,,90,0.02099,-0.00151
min_participants,may,(8) Δ excl-2020,d_cfnai,ΔCFNAI,0.38804,0.4116,0.34579,,90,0.02099,-0.00151
min_participants,may,(8) Δ excl-2020,d_vix,ΔVIX,-0.03032,0.03396,0.37192,,90,0.02099,-0.00151
min_participants,should,(1),const,const,0.65093,0.07227,0.0,***,99,0.00591,-0.00434
min_participants,should,(1),cfnai_ma3_lag2,CFNAI-MA3,-0.04318,0.03671,0.23959,,99,0.00591,-0.00434
min_participants,should,(2),const,const,1.04664,0.22297,0.0,***,99,0.04271,0.03284
min_participants,should,(2),vix_pre28,VIX,-0.02177,0.0118,0.06519,*,99,0.04271,0.03284
min_participants,should,(3),const,const,1.05893,0.21432,0.0,***,99,0.05204,0.03229
min_participants,should,(3),cfnai_ma3_lag2,CFNAI-MA3,-0.05448,0.03165,0.08525,*,99,0.05204,0.03229
min_participants,should,(3),vix_pre28,VIX,-0.02272,0.0111,0.0407,**,99,0.05204,0.03229
min_participants,should,(4),const,const,1.03641,0.2246,0.0,***,99,0.06145,0.02152
min_participants,should,(4),cfnai_ma3_lag2,CFNAI-MA3,-0.04262,0.05991,0.47679,,99,0.06145,0.02152
min_participants,should,(4),vix_pre28,VIX,-0.02038,0.01288,0.11363,,99,0.06145,0.02152
min_participants,should,(4),unrate_gap_lag1,Unemp. gap,0.00905,0.06494,0.88911,,99,0.06145,0.02152
min_participants,should,(4),corepce_gap_lag2,Core PCE gap,-0.04358,0.05769,0.45,,99,0.06145,0.02152
min_participants,should,(5),const,const,1.05293,0.18392,0.0,***,99,0.08615,0.05729
min_participants,should,(5),cfnai_ma3_lag2,CFNAI-MA3,-0.02898,0.03439,0.39937,,99,0.08615,0.05729
min_participants,should,(5),vix_pre28,VIX,-0.01584,0.00955,0.09722,*,99,0.08615,0.05729
min_participants,should,(5),post_fw,post-2020-09,-0.24881,0.14058,0.07675,*,99,0.08615,0.05729
min_participants,should,(6) excl-2020,const,const,1.36346,0.19895,0.0,***,91,0.10026,0.07981
min_participants,should,(6) excl-2020,cfnai_ma3_lag2,CFNAI-MA3,0.46916,0.27962,0.09337,*,91,0.10026,0.07981
min_participants,should,(6) excl-2020,vix_pre28,VIX,-0.04044,0.00925,1e-05,***,91,0.10026,0.07981
min_participants,should,(7) Δ,const,const,-0.01762,0.04377,0.68732,,98,0.01272,-0.00806
min_participants,should,(7) Δ,d_cfnai,ΔCFNAI,-0.01121,0.05518,0.83908,,98,0.01272,-0.00806
min_participants,should,(7) Δ,d_vix,ΔVIX,-0.01871,0.02139,0.38167,,98,0.01272,-0.00806
min_participants,should,(8) Δ excl-2020,const,const,-0.00418,0.04311,0.92276,,90,0.09701,0.07625
min_participants,should,(8) Δ excl-2020,d_cfnai,ΔCFNAI,1.12367,0.43502,0.00979,***,90,0.09701,0.07625
min_participants,should,(8) Δ excl-2020,d_vix,ΔVIX,-0.04075,0.02819,0.14832,,90,0.09701,0.07625
min_participants,would,(1),const,const,6.7519,0.28635,0.0,***,99,0.03758,0.02766
min_participants,would,(1),cfnai_ma3_lag2,CFNAI-MA3,-0.36013,0.15539,0.02047,**,99,0.03758,0.02766
min_participants,would,(2),const,const,4.89237,0.79768,0.0,***,99,0.09096,0.08159
min_participants,would,(2),vix_pre28,VIX,0.10508,0.04558,0.02115,**,99,0.09096,0.08159
min_participants,would,(3),const,const,4.96244,0.75929,0.0,***,99,0.11866,0.1003
min_participants,would,(3),cfnai_ma3_lag2,CFNAI-MA3,-0.31057,0.1056,0.00327,***,99,0.11866,0.1003
min_participants,would,(3),vix_pre28,VIX,0.09965,0.04196,0.01756,**,99,0.11866,0.1003
min_participants,would,(4),const,const,5.136,0.86814,0.0,***,99,0.12787,0.09076
min_participants,would,(4),cfnai_ma3_lag2,CFNAI-MA3,-0.22124,0.15922,0.16468,,99,0.12787,0.09076
min_participants,would,(4),vix_pre28,VIX,0.08558,0.05249,0.10304,,99,0.12787,0.09076
min_participants,would,(4),unrate_gap_lag1,Unemp. gap,0.18098,0.22313,0.41732,,99,0.12787,0.09076
min_participants,would,(4),corepce_gap_lag2,Core PCE gap,0.11123,0.21043,0.5971,,99,0.12787,0.09076
min_participants,would,(5),const,const,4.95397,0.72831,0.0,***,99,0.12486,0.09723
min_participants,would,(5),cfnai_ma3_lag2,CFNAI-MA3,-0.27461,0.11445,0.01642,**,99,0.12486,0.09723
min_participants,would,(5),vix_pre28,VIX,0.10935,0.04077,0.00732,***,99,0.12486,0.09723
min_participants,would,(5),post_fw,post-2020-09,-0.35089,0.48695,0.47117,,99,0.12486,0.09723
min_participants,would,(6) excl-2020,const,const,5.82297,1.07697,0.0,***,91,0.02632,0.00419
min_participants,would,(6) excl-2020,cfnai_ma3_lag2,CFNAI-MA3,0.78202,0.6662,0.24045,,91,0.02632,0.00419
min_participants,would,(6) excl-2020,vix_pre28,VIX,0.04306,0.06382,0.49986,,91,0.02632,0.00419
min_participants,would,(7) Δ,const,const,0.02322,0.14188,0.86998,,98,0.03281,0.01245
min_participants,would,(7) Δ,d_cfnai,ΔCFNAI,0.0042,0.07873,0.95745,,98,0.03281,0.01245
min_participants,would,(7) Δ,d_vix,ΔVIX,-0.0888,0.0633,0.16067,,98,0.03281,0.01245
min_participants,would,(8) Δ excl-2020,const,const,-0.00294,0.12721,0.98153,,90,0.05086,0.02904
min_participants,would,(8) Δ excl-2020,d_cfnai,ΔCFNAI,-0.49486,1.51158,0.74338,,90,0.05086,0.02904
min_participants,would,(8) Δ excl-2020,d_vix,ΔVIX,-0.12557,0.06405,0.04996,**,90,0.05086,0.02904
min_special,ALL,(1),const,const,19.37402,1.45267,0.0,***,40,0.00944,-0.01662
min_special,ALL,(1),cfnai_ma3_lag2,CFNAI-MA3,0.40318,0.16605,0.01518,**,40,0.00944,-0.01662
min_special,ALL,(2),const,const,21.30258,3.95968,0.0,***,40,0.00895,-0.01713
min_special,ALL,(2),vix_pre28,VIX,-0.11191,0.21262,0.59867,,40,0.00895,-0.01713
min_special,ALL,(3),const,const,20.90973,4.22658,0.0,***,40,0.01413,-0.03916
min_special,ALL,(3),cfnai_ma3_lag2,CFNAI-MA3,0.31321,0.33661,0.35212,,40,0.01413,-0.03916
min_special,ALL,(3),vix_pre28,VIX,-0.08496,0.2383,0.72147,,40,0.01413,-0.03916
min_special,ALL,(4),const,const,22.67249,5.1037,1e-05,***,40,0.12151,0.02111
min_special,ALL,(4),cfnai_ma3_lag2,CFNAI-MA3,2.21778,0.60869,0.00027,***,40,0.12151,0.02111
min_special,ALL,(4),vix_pre28,VIX,-0.17351,0.30211,0.56574,,40,0.12151,0.02111
min_special,ALL,(4),unrate_gap_lag1,Unemp. gap,1.79799,0.8117,0.02675,**,40,0.12151,0.02111
min_special,ALL,(4),corepce_gap_lag2,Core PCE gap,-0.87481,1.10025,0.42656,,40,0.12151,0.02111
min_special,ALL,(5),const,const,19.91954,4.17056,0.0,***,40,0.05095,-0.02813
min_special,ALL,(5),cfnai_ma3_lag2,CFNAI-MA3,0.66136,0.43705,0.13022,,40,0.05095,-0.02813
min_special,ALL,(5),vix_pre28,VIX,0.03382,0.2405,0.88818,,40,0.05095,-0.02813
min_special,ALL,(5),post_fw,post-2020-09,-2.88836,3.12314,0.35506,,40,0.05095,-0.02813
min_special,ALL,(6) excl-2020,const,const,22.18053,5.67692,9e-05,***,36,0.03092,-0.02782
min_special,ALL,(6) excl-2020,cfnai_ma3_lag2,CFNAI-MA3,3.99444,3.66046,0.27517,,36,0.03092,-0.02782
min_special,ALL,(6) excl-2020,vix_pre28,VIX,-0.17372,0.3413,0.61076,,36,0.03092,-0.02782
min_special,ALL,(7) Δ,const,const,-0.15255,0.61508,0.80412,,39,0.05324,0.00064
min_special,ALL,(7) Δ,d_cfnai,ΔCFNAI,0.94284,0.30196,0.00179,***,39,0.05324,0.00064
min_special,ALL,(7) Δ,d_vix,ΔVIX,0.04053,0.15373,0.79205,,39,0.05324,0.00064
min_special,ALL,(8) Δ excl-2020,const,const,-0.81076,0.67186,0.22753,,35,0.07876,0.02119
min_special,ALL,(8) Δ excl-2020,d_cfnai,ΔCFNAI,-5.08322,0.93206,0.0,***,35,0.07876,0.02119
min_special,ALL,(8) Δ excl-2020,d_vix,ΔVIX,0.22425,0.1248,0.07237,*,35,0.07876,0.02119
min_special,could,(1),const,const,5.91297,1.02108,0.0,***,40,0.01631,-0.00958
min_special,could,(1),cfnai_ma3_lag2,CFNAI-MA3,-0.40108,0.1317,0.00232,***,40,0.01631,-0.00958
min_special,could,(2),const,const,2.3672,2.15471,0.27193,,40,0.04973,0.02472
min_special,could,(2),vix_pre28,VIX,0.19963,0.11531,0.0834,*,40,0.04973,0.02472
min_special,could,(3),const,const,2.62897,2.36785,0.26688,,40,0.05374,0.00259
min_special,could,(3),cfnai_ma3_lag2,CFNAI-MA3,-0.20869,0.2074,0.31431,,40,0.05374,0.00259
min_special,could,(3),vix_pre28,VIX,0.18167,0.13133,0.16657,,40,0.05374,0.00259
min_special,could,(4),const,const,1.77881,3.52388,0.61371,,40,0.12889,0.02933
min_special,could,(4),cfnai_ma3_lag2,CFNAI-MA3,0.44551,0.76173,0.55864,,40,0.12889,0.02933
min_special,could,(4),vix_pre28,VIX,0.24616,0.18489,0.18306,,40,0.12889,0.02933
min_special,could,(4),unrate_gap_lag1,Unemp. gap,0.29961,0.94193,0.75042,,40,0.12889,0.02933
min_special,could,(4),corepce_gap_lag2,Core PCE gap,-1.36177,0.63813,0.03284,**,40,0.12889,0.02933
min_special,could,(5),const,const,1.80078,2.52623,0.47595,,40,0.0987,0.02359
min_special,could,(5),cfnai_ma3_lag2,CFNAI-MA3,0.08249,0.24021,0.73128,,40,0.0987,0.02359
min_special,could,(5),vix_pre28,VIX,0.28101,0.13329,0.035,**,40,0.0987,0.02359
min_special,could,(5),post_fw,post-2020-09,-2.4158,2.40227,0.31459,,40,0.0987,0.02359
min_special,could,(6) excl-2020,const,const,1.80605,2.97039,0.54318,,36,0.05446,-0.00285
min_special,could,(6) excl-2020,cfnai_ma3_lag2,CFNAI-MA3,1.08691,1.93513,0.57434,,36,0.05446,-0.00285
min_special,could,(6) excl-2020,vix_pre28,VIX,0.21028,0.18804,0.26345,,36,0.05446,-0.00285
min_special,could,(7) Δ,const,const,0.059,0.4936,0.90485,,39,0.02445,-0.02975
min_special,could,(7) Δ,d_cfnai,ΔCFNAI,0.3058,0.57748,0.59643,,39,0.02445,-0.02975
min_special,could,(7) Δ,d_vix,ΔVIX,0.13613,0.22446,0.5442,,39,0.02445,-0.02975
min_special,could,(8) Δ excl-2020,const,const,-0.47738,0.57482,0.40626,,35,0.2945,0.25041
min_special,could,(8) Δ excl-2020,d_cfnai,ΔCFNAI,-7.94581,1.57027,0.0,***,35,0.2945,0.25041
min_special,could,(8) Δ excl-2020,d_vix,ΔVIX,0.44237,0.10711,4e-05,***,35,0.2945,0.25041
min_special,should,(1),const,const,1.58518,0.27854,0.0,***,40,0.0292,0.00366
min_special,should,(1),cfnai_ma3_lag2,CFNAI-MA3,0.20261,0.04221,0.0,***,40,0.0292,0.00366
min_special,should,(2),const,const,0.68834,1.32071,0.60223,,40,0.01775,-0.0081
min_special,should,(2),vix_pre28,VIX,0.04503,0.06327,0.47666,,40,0.01775,-0.0081
min_special,should,(3),const,const,0.34294,1.26979,0.7871,,40,0.06679,0.01634
min_special,should,(3),cfnai_ma3_lag2,CFNAI-MA3,0.27538,0.05787,0.0,***,40,0.06679,0.01634
min_special,should,(3),vix_pre28,VIX,0.06872,0.05886,0.24302,,40,0.06679,0.01634
min_special,should,(4),const,const,0.71228,1.45634,0.62478,,40,0.08838,-0.0158
min_special,should,(4),cfnai_ma3_lag2,CFNAI-MA3,0.52741,0.19383,0.00651,***,40,0.08838,-0.0158
min_special,should,(4),vix_pre28,VIX,0.04813,0.07349,0.51249,,40,0.08838,-0.0158
min_special,should,(4),unrate_gap_lag1,Unemp. gap,0.26765,0.21551,0.21425,,40,0.08838,-0.0158
min_special,should,(4),corepce_gap_lag2,Core PCE gap,-0.01655,0.15509,0.91501,,40,0.08838,-0.0158
min_special,should,(5),const,const,0.28598,1.26224,0.82076,,40,0.06828,-0.00937
min_special,should,(5),cfnai_ma3_lag2,CFNAI-MA3,0.29541,0.09766,0.00249,***,40,0.06828,-0.00937
min_special,should,(5),vix_pre28,VIX,0.07555,0.0627,0.22822,,40,0.06828,-0.00937
min_special,should,(5),post_fw,post-2020-09,-0.16614,0.50297,0.74116,,40,0.06828,-0.00937
min_special,should,(6) excl-2020,const,const,-0.04005,1.53601,0.9792,,36,0.0665,0.00992
min_special,should,(6) excl-2020,cfnai_ma3_lag2,CFNAI-MA3,0.64165,0.78994,0.41663,,36,0.0665,0.00992
min_special,should,(6) excl-2020,vix_pre28,VIX,0.08899,0.07404,0.2294,,36,0.0665,0.00992
min_special,should,(7) Δ,const,const,0.0153,0.19083,0.93608,,39,0.07999,0.02888
min_special,should,(7) Δ,d_cfnai,ΔCFNAI,0.33823,0.12307,0.00599,***,39,0.07999,0.02888
min_special,should,(7) Δ,d_vix,ΔVIX,0.09103,0.07539,0.22726,,39,0.07999,0.02888
min_special,should,(8) Δ excl-2020,const,const,-0.06939,0.22063,0.75311,,35,0.09067,0.03384
min_special,should,(8) Δ excl-2020,d_cfnai,ΔCFNAI,-1.16961,1.11219,0.29297,,35,0.09067,0.03384
min_special,should,(8) Δ excl-2020,d_vix,ΔVIX,0.14519,0.07471,0.05197,*,35,0.09067,0.03384
min_special,will,(1),const,const,1.77637,0.61975,0.00415,***,40,0.0069,-0.01924
min_special,will,(1),cfnai_ma3_lag2,CFNAI-MA3,0.22034,0.1209,0.06837,*,40,0.0069,-0.01924
min_special,will,(2),const,const,5.53916,2.67354,0.03828,**,40,0.07575,0.05143
min_special,will,(2),vix_pre28,VIX,-0.20816,0.12082,0.08491,*,40,0.07575,0.05143
min_special,will,(3),const,const,5.53928,2.71603,0.0414,**,40,0.07575,0.02579
min_special,will,(3),cfnai_ma3_lag2,CFNAI-MA3,-0.0001,0.09049,0.99915,,40,0.07575,0.02579
min_special,will,(3),vix_pre28,VIX,-0.20817,0.12429,0.09396,*,40,0.07575,0.02579
min_special,will,(4),const,const,6.58989,3.51863,0.06109,*,40,0.1303,0.03091
min_special,will,(4),cfnai_ma3_lag2,CFNAI-MA3,0.89254,0.83129,0.28297,,40,0.1303,0.03091
min_special,will,(4),vix_pre28,VIX,-0.2643,0.17658,0.13444,,40,0.1303,0.03091
min_special,will,(4),unrate_gap_lag1,Unemp. gap,0.89171,0.89653,0.31992,,40,0.1303,0.03091
min_special,will,(4),corepce_gap_lag2,Core PCE gap,-0.24637,0.44033,0.57581,,40,0.1303,0.03091
min_special,will,(5),const,const,5.00864,2.58889,0.05303,*,40,0.10161,0.02675
min_special,will,(5),cfnai_ma3_lag2,CFNAI-MA3,0.18648,0.13669,0.17251,,40,0.10161,0.02675
min_special,will,(5),vix_pre28,VIX,-0.14452,0.11727,0.21782,,40,0.10161,0.02675
min_special,will,(5),post_fw,post-2020-09,-1.54788,0.74116,0.03676,**,40,0.10161,0.02675
min_special,will,(6) excl-2020,const,const,7.09892,3.59829,0.04851,**,36,0.10371,0.04939
min_special,will,(6) excl-2020,cfnai_ma3_lag2,CFNAI-MA3,2.60067,2.89617,0.3692,,36,0.10371,0.04939
min_special,will,(6) excl-2020,vix_pre28,VIX,-0.29363,0.17738,0.09786,*,36,0.10371,0.04939
min_special,will,(7) Δ,const,const,-0.44167,0.4108,0.28231,,39,0.05402,0.00147
min_special,will,(7) Δ,d_cfnai,ΔCFNAI,-0.03376,0.18024,0.85144,,39,0.05402,0.00147
min_special,will,(7) Δ,d_vix,ΔVIX,-0.20027,0.11709,0.0872,*,39,0.05402,0.00147
min_special,will,(8) Δ excl-2020,const,const,-0.48077,0.42232,0.25496,,35,0.08779,0.03078
min_special,will,(8) Δ excl-2020,d_cfnai,ΔCFNAI,2.30309,1.43766,0.10916,,35,0.08779,0.03078
min_special,will,(8) Δ excl-2020,d_vix,ΔVIX,-0.29794,0.15676,0.05735,*,35,0.08779,0.03078
min_special,would,(1),const,const,9.08565,0.83705,0.0,***,40,0.01692,-0.00895
min_special,would,(1),cfnai_ma3_lag2,CFNAI-MA3,0.43717,0.10738,5e-05,***,40,0.01692,-0.00895
min_special,would,(2),const,const,11.34435,3.00869,0.00016,***,40,0.01854,-0.00729
min_special,would,(2),vix_pre28,VIX,-0.13043,0.13695,0.3409,,40,0.01854,-0.00729
min_special,would,(3),const,const,10.93166,3.28648,0.00088,***,40,0.02725,-0.02533
min_special,would,(3),cfnai_ma3_lag2,CFNAI-MA3,0.32903,0.18808,0.08022,*,40,0.02725,-0.02533
min_special,would,(3),vix_pre28,VIX,-0.10212,0.15691,0.51515,,40,0.02725,-0.02533
min_special,would,(4),const,const,12.16983,3.7924,0.00133,***,40,0.04327,-0.06607
min_special,would,(4),cfnai_ma3_lag2,CFNAI-MA3,0.54311,0.58962,0.35699,,40,0.04327,-0.06607
min_special,would,(4),vix_pre28,VIX,-0.17989,0.19788,0.36332,,40,0.04327,-0.06607
min_special,would,(4),unrate_gap_lag1,Unemp. gap,0.42929,0.64968,0.50876,,40,0.04327,-0.06607
min_special,would,(4),corepce_gap_lag2,Core PCE gap,0.65994,0.64261,0.30444,,40,0.04327,-0.06607
min_special,would,(5),const,const,11.22092,3.37413,0.00088,***,40,0.03204,-0.04862
min_special,would,(5),cfnai_ma3_lag2,CFNAI-MA3,0.22732,0.32597,0.48557,,40,0.03204,-0.04862
min_special,would,(5),vix_pre28,VIX,-0.13682,0.18129,0.45043,,40,0.03204,-0.04862
min_special,would,(5),post_fw,post-2020-09,0.84376,1.95786,0.6665,,40,0.03204,-0.04862
min_special,would,(6) excl-2020,const,const,12.1173,3.5204,0.00058,***,36,0.02218,-0.03708
min_special,would,(6) excl-2020,cfnai_ma3_lag2,CFNAI-MA3,-0.22415,2.74717,0.93497,,36,0.02218,-0.03708
min_special,would,(6) excl-2020,vix_pre28,VIX,-0.16642,0.18006,0.35537,,36,0.02218,-0.03708
min_special,would,(7) Δ,const,const,0.18001,0.54051,0.73911,,39,0.0074,-0.04775
min_special,would,(7) Δ,d_cfnai,ΔCFNAI,0.28959,0.25988,0.26514,,39,0.0074,-0.04775
min_special,would,(7) Δ,d_vix,ΔVIX,0.06108,0.1496,0.68305,,39,0.0074,-0.04775
min_special,would,(8) Δ excl-2020,const,const,0.13388,0.61445,0.82752,,35,0.00522,-0.05695
min_special,would,(8) Δ excl-2020,d_cfnai,ΔCFNAI,1.50243,2.94661,0.61013,,35,0.00522,-0.05695
min_special,would,(8) Δ excl-2020,d_vix,ΔVIX,-0.00952,0.14201,0.94654,,35,0.00522,-0.05695
min_staff,ALL,(1),const,const,2.11771,0.16841,0.0,***,99,0.00011,-0.0102
min_staff,ALL,(1),cfnai_ma3_lag2,CFNAI-MA3,-0.00959,0.03936,0.80739,,99,0.00011,-0.0102
min_staff,ALL,(2),const,const,2.90613,0.46767,0.0,***,99,0.06217,0.0525
min_staff,ALL,(2),vix_pre28,VIX,-0.04375,0.02091,0.03641,**,99,0.06217,0.0525
min_staff,ALL,(3),const,const,2.91326,0.46348,0.0,***,99,0.0633,0.04379
min_staff,ALL,(3),cfnai_ma3_lag2,CFNAI-MA3,-0.03163,0.03313,0.33977,,99,0.0633,0.04379
min_staff,ALL,(3),vix_pre28,VIX,-0.0443,0.0205,0.03072,**,99,0.0633,0.04379
min_staff,ALL,(4),const,const,2.67954,0.35321,0.0,***,99,0.1184,0.08088
min_staff,ALL,(4),cfnai_ma3_lag2,CFNAI-MA3,-0.11919,0.05904,0.0435,**,99,0.1184,0.08088
min_staff,ALL,(4),vix_pre28,VIX,-0.02464,0.01468,0.0933,*,99,0.1184,0.08088
min_staff,ALL,(4),unrate_gap_lag1,Unemp. gap,-0.19828,0.10322,0.05475,*,99,0.1184,0.08088
min_staff,ALL,(4),corepce_gap_lag2,Core PCE gap,-0.1905,0.10051,0.05806,*,99,0.1184,0.08088
min_staff,ALL,(5),const,const,2.89483,0.39455,0.0,***,99,0.17919,0.15327
min_staff,ALL,(5),cfnai_ma3_lag2,CFNAI-MA3,0.04665,0.04671,0.31785,,99,0.17919,0.15327
min_staff,ALL,(5),vix_pre28,VIX,-0.02317,0.01395,0.09676,*,99,0.17919,0.15327
min_staff,ALL,(5),post_fw,post-2020-09,-0.764,0.2587,0.00314,***,99,0.17919,0.15327
min_staff,ALL,(6) excl-2020,const,const,3.40515,0.52422,0.0,***,91,0.10192,0.08151
min_staff,ALL,(6) excl-2020,cfnai_ma3_lag2,CFNAI-MA3,0.50038,0.49191,0.30905,,91,0.10192,0.08151
min_staff,ALL,(6) excl-2020,vix_pre28,VIX,-0.07235,0.02605,0.00548,***,91,0.10192,0.08151
min_staff,ALL,(7) Δ,const,const,-0.01652,0.05461,0.76228,,98,0.00617,-0.01475
min_staff,ALL,(7) Δ,d_cfnai,ΔCFNAI,-0.05378,0.02967,0.06995,*,98,0.00617,-0.01475
min_staff,ALL,(7) Δ,d_vix,ΔVIX,-0.00822,0.03084,0.78975,,98,0.00617,-0.01475
min_staff,ALL,(8) Δ excl-2020,const,const,-0.01475,0.06168,0.81093,,90,0.0248,0.00239
min_staff,ALL,(8) Δ excl-2020,d_cfnai,ΔCFNAI,-0.34499,0.70766,0.6259,,90,0.0248,0.00239
min_staff,ALL,(8) Δ excl-2020,d_vix,ΔVIX,-0.04081,0.04608,0.37579,,90,0.0248,0.00239
min_staff,could,(1),const,const,0.53634,0.09304,0.0,***,99,0.00267,-0.00762
min_staff,could,(1),cfnai_ma3_lag2,CFNAI-MA3,0.02539,0.03319,0.44431,,99,0.00267,-0.00762
min_staff,could,(2),const,const,0.91652,0.20585,1e-05,***,99,0.05304,0.04328
min_staff,could,(2),vix_pre28,VIX,-0.02124,0.00815,0.00914,***,99,0.05304,0.04328
min_staff,could,(3),const,const,0.91315,0.20597,1e-05,***,99,0.05395,0.03425
min_staff,could,(3),cfnai_ma3_lag2,CFNAI-MA3,0.01495,0.02313,0.51802,,99,0.05395,0.03425
min_staff,could,(3),vix_pre28,VIX,-0.02098,0.0082,0.01051,**,99,0.05395,0.03425
min_staff,could,(4),const,const,0.78145,0.14801,0.0,***,99,0.21746,0.18416
min_staff,could,(4),cfnai_ma3_lag2,CFNAI-MA3,-0.09237,0.05006,0.06499,*,99,0.21746,0.18416
min_staff,could,(4),vix_pre28,VIX,-0.01117,0.00789,0.15662,,99,0.21746,0.18416
min_staff,could,(4),unrate_gap_lag1,Unemp. gap,-0.19221,0.07656,0.01205,**,99,0.21746,0.18416
min_staff,could,(4),corepce_gap_lag2,Core PCE gap,-0.03523,0.05803,0.54378,,99,0.21746,0.18416
min_staff,could,(5),const,const,0.91233,0.20487,1e-05,***,99,0.05479,0.02494
min_staff,could,(5),cfnai_ma3_lag2,CFNAI-MA3,0.01844,0.03021,0.54157,,99,0.05479,0.02494
min_staff,could,(5),vix_pre28,VIX,-0.02004,0.00753,0.0078,***,99,0.05479,0.02494
min_staff,could,(5),post_fw,post-2020-09,-0.03403,0.17795,0.84836,,99,0.05479,0.02494
min_staff,could,(6) excl-2020,const,const,0.86616,0.25653,0.00073,***,91,0.03616,0.01425
min_staff,could,(6) excl-2020,cfnai_ma3_lag2,CFNAI-MA3,-0.21561,0.28016,0.44154,,91,0.03616,0.01425
min_staff,could,(6) excl-2020,vix_pre28,VIX,-0.01775,0.01207,0.14117,,91,0.03616,0.01425
min_staff,could,(7) Δ,const,const,0.00013,0.02694,0.99612,,98,0.00166,-0.01935
min_staff,could,(7) Δ,d_cfnai,ΔCFNAI,-0.01187,0.01056,0.26114,,98,0.00166,-0.01935
min_staff,could,(7) Δ,d_vix,ΔVIX,-0.00223,0.01155,0.84697,,98,0.00166,-0.01935
min_staff,could,(8) Δ excl-2020,const,const,0.00071,0.029,0.98053,,90,0.01245,-0.01025
min_staff,could,(8) Δ excl-2020,d_cfnai,ΔCFNAI,-0.2357,0.2434,0.33286,,90,0.01245,-0.01025
min_staff,could,(8) Δ excl-2020,d_vix,ΔVIX,-0.00803,0.01747,0.64581,,90,0.01245,-0.01025
min_staff,may,(1),const,const,0.22491,0.03846,0.0,***,99,0.01279,0.00261
min_staff,may,(1),cfnai_ma3_lag2,CFNAI-MA3,-0.02839,0.01119,0.01117,**,99,0.01279,0.00261
min_staff,may,(2),const,const,0.43357,0.09128,0.0,***,99,0.05915,0.04945
min_staff,may,(2),vix_pre28,VIX,-0.01145,0.00418,0.00622,***,99,0.05915,0.04945
min_staff,may,(3),const,const,0.44132,0.08886,0.0,***,99,0.07774,0.05853
min_staff,may,(3),cfnai_ma3_lag2,CFNAI-MA3,-0.03438,0.01176,0.00345,***,99,0.07774,0.05853
min_staff,may,(3),vix_pre28,VIX,-0.01205,0.00391,0.00206,***,99,0.07774,0.05853
min_staff,may,(4),const,const,0.40169,0.07676,0.0,***,99,0.1013,0.06306
min_staff,may,(4),cfnai_ma3_lag2,CFNAI-MA3,-0.04425,0.01746,0.01127,**,99,0.1013,0.06306
min_staff,may,(4),vix_pre28,VIX,-0.00861,0.00392,0.02794,**,99,0.1013,0.06306
min_staff,may,(4),unrate_gap_lag1,Unemp. gap,-0.02671,0.02992,0.37208,,99,0.1013,0.06306
min_staff,may,(4),corepce_gap_lag2,Core PCE gap,-0.0385,0.028,0.16904,,99,0.1013,0.06306
min_staff,may,(5),const,const,0.43801,0.08442,0.0,***,99,0.12978,0.1023
min_staff,may,(5),cfnai_ma3_lag2,CFNAI-MA3,-0.0203,0.01505,0.17738,,99,0.12978,0.1023
min_staff,may,(5),vix_pre28,VIX,-0.00825,0.00366,0.02409,**,99,0.12978,0.1023
min_staff,may,(5),post_fw,post-2020-09,-0.13737,0.06559,0.03623,**,99,0.12978,0.1023
min_staff,may,(6) excl-2020,const,const,0.47712,0.11444,3e-05,***,91,0.05162,0.03007
min_staff,may,(6) excl-2020,cfnai_ma3_lag2,CFNAI-MA3,0.04205,0.13477,0.75504,,91,0.05162,0.03007
min_staff,may,(6) excl-2020,vix_pre28,VIX,-0.01382,0.00605,0.02247,**,91,0.05162,0.03007
min_staff,may,(7) Δ,const,const,0.00038,0.01691,0.98187,,98,0.01959,-0.00105
min_staff,may,(7) Δ,d_cfnai,ΔCFNAI,-0.02815,0.01596,0.07781,*,98,0.01959,-0.00105
min_staff,may,(7) Δ,d_vix,ΔVIX,-0.00642,0.0077,0.40484,,98,0.01959,-0.00105
min_staff,may,(8) Δ excl-2020,const,const,0.00113,0.01885,0.95234,,90,0.00581,-0.01705
min_staff,may,(8) Δ excl-2020,d_cfnai,ΔCFNAI,0.0838,0.1866,0.65338,,90,0.00581,-0.01705
min_staff,may,(8) Δ excl-2020,d_vix,ΔVIX,-0.00653,0.01215,0.59094,,90,0.00581,-0.01705
min_staff,would,(1),const,const,1.26485,0.09605,0.0,***,99,0.00073,-0.00957
min_staff,would,(1),cfnai_ma3_lag2,CFNAI-MA3,-0.01693,0.02953,0.56648,,99,0.00073,-0.00957
min_staff,would,(2),const,const,1.49589,0.34811,2e-05,***,99,0.0118,0.00161
min_staff,would,(2),vix_pre28,VIX,-0.01275,0.0174,0.46364,,99,0.0118,0.00161
min_staff,would,(3),const,const,1.50118,0.34315,1e-05,***,99,0.01319,-0.00737
min_staff,would,(3),cfnai_ma3_lag2,CFNAI-MA3,-0.02347,0.02981,0.43111,,99,0.01319,-0.00737
min_staff,would,(3),vix_pre28,VIX,-0.01316,0.01691,0.43629,,99,0.01319,-0.00737
min_staff,would,(4),const,const,1.45792,0.32087,1e-05,***,99,0.06643,0.0267
min_staff,would,(4),cfnai_ma3_lag2,CFNAI-MA3,0.01582,0.04561,0.72862,,99,0.06643,0.0267
min_staff,would,(4),vix_pre28,VIX,-0.00831,0.01637,0.61178,,99,0.06643,0.0267
min_staff,would,(4),unrate_gap_lag1,Unemp. gap,0.04033,0.05634,0.47408,,99,0.06643,0.0267
min_staff,would,(4),corepce_gap_lag2,Core PCE gap,-0.10429,0.05921,0.07819,*,99,0.06643,0.0267
min_staff,would,(5),const,const,1.48695,0.24957,0.0,***,99,0.16755,0.14127
min_staff,would,(5),cfnai_ma3_lag2,CFNAI-MA3,0.03697,0.03453,0.28431,,99,0.16755,0.14127
min_staff,would,(5),vix_pre28,VIX,0.00316,0.01117,0.77758,,99,0.16755,0.14127
min_staff,would,(5),post_fw,post-2020-09,-0.58989,0.15128,0.0001,***,99,0.16755,0.14127
min_staff,would,(6) excl-2020,const,const,2.03416,0.31797,0.0,***,91,0.1192,0.09918
min_staff,would,(6) excl-2020,cfnai_ma3_lag2,CFNAI-MA3,0.74181,0.24171,0.00215,***,91,0.1192,0.09918
min_staff,would,(6) excl-2020,vix_pre28,VIX,-0.04447,0.01745,0.0108,**,91,0.1192,0.09918
min_staff,would,(7) Δ,const,const,-0.01639,0.04186,0.69546,,98,0.00272,-0.01828
min_staff,would,(7) Δ,d_cfnai,ΔCFNAI,-0.00113,0.01676,0.94604,,98,0.00272,-0.01828
min_staff,would,(7) Δ,d_vix,ΔVIX,-0.00936,0.02564,0.71502,,98,0.00272,-0.01828
min_staff,would,(8) Δ excl-2020,const,const,-0.02164,0.04456,0.62719,,90,0.02817,0.00583
min_staff,would,(8) Δ excl-2020,d_cfnai,ΔCFNAI,-0.20987,0.52727,0.69061,,90,0.02817,0.00583
min_staff,would,(8) Δ excl-2020,d_vix,ΔVIX,-0.03564,0.03582,0.31965,,90,0.02817,0.00583
min_staff_desk,ALL,(1),const,const,6.66272,0.64728,0.0,***,99,0.00674,-0.0035
min_staff_desk,ALL,(1),cfnai_ma3_lag2,CFNAI-MA3,0.37905,0.22272,0.08876,*,99,0.00674,-0.0035
min_staff_desk,ALL,(2),const,const,5.30256,2.1477,0.01355,**,99,0.00724,-0.003
min_staff_desk,ALL,(2),vix_pre28,VIX,0.07367,0.09421,0.43422,,99,0.00724,-0.003
min_staff_desk,ALL,(3),const,const,5.20796,2.13475,0.0147,**,99,0.01541,-0.0051
min_staff_desk,ALL,(3),cfnai_ma3_lag2,CFNAI-MA3,0.41934,0.18842,0.02604,**,99,0.01541,-0.0051
min_staff_desk,ALL,(3),vix_pre28,VIX,0.08101,0.09373,0.38743,,99,0.01541,-0.0051
min_staff_desk,ALL,(4),const,const,6.08359,2.16115,0.00488,***,99,0.05123,0.01086
min_staff_desk,ALL,(4),cfnai_ma3_lag2,CFNAI-MA3,0.84356,0.42924,0.04939,**,99,0.05123,0.01086
min_staff_desk,ALL,(4),vix_pre28,VIX,0.00947,0.10585,0.92872,,99,0.05123,0.01086
min_staff_desk,ALL,(4),unrate_gap_lag1,Unemp. gap,0.87633,0.5524,0.11265,,99,0.05123,0.01086
min_staff_desk,ALL,(4),corepce_gap_lag2,Core PCE gap,0.59408,0.39498,0.13256,,99,0.05123,0.01086
min_staff_desk,ALL,(5),const,const,5.19413,2.12634,0.01458,**,99,0.01809,-0.01292
min_staff_desk,ALL,(5),cfnai_ma3_lag2,CFNAI-MA3,0.47807,0.22774,0.0358,**,99,0.01809,-0.01292
min_staff_desk,ALL,(5),vix_pre28,VIX,0.09686,0.08014,0.22681,,99,0.01809,-0.01292
min_staff_desk,ALL,(5),post_fw,post-2020-09,-0.57317,1.11239,0.60637,,99,0.01809,-0.01292
min_staff_desk,ALL,(6) excl-2020,const,const,6.06482,3.22685,0.06018,*,91,0.04043,0.01862
min_staff_desk,ALL,(6) excl-2020,cfnai_ma3_lag2,CFNAI-MA3,4.34831,2.97663,0.14407,,91,0.04043,0.01862
min_staff_desk,ALL,(6) excl-2020,vix_pre28,VIX,0.0293,0.16381,0.85803,,91,0.04043,0.01862
min_staff_desk,ALL,(7) Δ,const,const,-0.15909,0.30582,0.60292,,98,0.02684,0.00635
min_staff_desk,ALL,(7) Δ,d_cfnai,ΔCFNAI,0.6239,0.20233,0.00204,***,98,0.02684,0.00635
min_staff_desk,ALL,(7) Δ,d_vix,ΔVIX,-0.15863,0.10791,0.14154,,98,0.02684,0.00635
min_staff_desk,ALL,(8) Δ excl-2020,const,const,-0.03816,0.36689,0.91717,,90,0.03788,0.01576
min_staff_desk,ALL,(8) Δ excl-2020,d_cfnai,ΔCFNAI,5.53172,4.50744,0.21973,,90,0.03788,0.01576
min_staff_desk,ALL,(8) Δ excl-2020,d_vix,ΔVIX,-0.20953,0.16592,0.20666,,90,0.03788,0.01576
min_staff_desk,could,(1),const,const,1.64291,0.2237,0.0,***,99,0.01318,0.00301
min_staff_desk,could,(1),cfnai_ma3_lag2,CFNAI-MA3,0.19541,0.07745,0.01163,**,99,0.01318,0.00301
min_staff_desk,could,(2),const,const,0.67359,0.59596,0.25837,,99,0.02743,0.0174
min_staff_desk,could,(2),vix_pre28,VIX,0.05287,0.02683,0.04879,**,99,0.02743,0.0174
min_staff_desk,could,(3),const,const,0.62313,0.59775,0.2972,,99,0.04454,0.02463
min_staff_desk,could,(3),cfnai_ma3_lag2,CFNAI-MA3,0.22366,0.0688,0.00115,***,99,0.04454,0.02463
min_staff_desk,could,(3),vix_pre28,VIX,0.05679,0.02746,0.03867,**,99,0.04454,0.02463
min_staff_desk,could,(4),const,const,0.7161,0.61901,0.24733,,99,0.04716,0.00662
min_staff_desk,could,(4),cfnai_ma3_lag2,CFNAI-MA3,0.25573,0.15167,0.09177,*,99,0.04716,0.00662
min_staff_desk,could,(4),vix_pre28,VIX,0.04891,0.03105,0.11518,,99,0.04716,0.00662
min_staff_desk,could,(4),unrate_gap_lag1,Unemp. gap,0.07505,0.18295,0.68166,,99,0.04716,0.00662
min_staff_desk,could,(4),corepce_gap_lag2,Core PCE gap,0.0792,0.15104,0.60003,,99,0.04716,0.00662
min_staff_desk,could,(5),const,const,0.61307,0.59034,0.29904,,99,0.05497,0.02513
min_staff_desk,could,(5),cfnai_ma3_lag2,CFNAI-MA3,0.2664,0.07669,0.00051,***,99,0.05497,0.02513
min_staff_desk,could,(5),vix_pre28,VIX,0.06832,0.02474,0.00574,***,99,0.05497,0.02513
min_staff_desk,could,(5),post_fw,post-2020-09,-0.41712,0.39791,0.29451,,99,0.05497,0.02513
min_staff_desk,could,(6) excl-2020,const,const,0.8178,0.8326,0.32599,,91,0.06356,0.04228
min_staff_desk,could,(6) excl-2020,cfnai_ma3_lag2,CFNAI-MA3,1.65477,0.9251,0.07366,*,91,0.06356,0.04228
min_staff_desk,could,(6) excl-2020,vix_pre28,VIX,0.04781,0.04317,0.26817,,91,0.06356,0.04228
min_staff_desk,could,(7) Δ,const,const,-0.01611,0.12647,0.89866,,98,0.03658,0.0163
min_staff_desk,could,(7) Δ,d_cfnai,ΔCFNAI,0.34053,0.04877,0.0,***,98,0.03658,0.0163
min_staff_desk,could,(7) Δ,d_vix,ΔVIX,0.01585,0.03957,0.68876,,98,0.03658,0.0163
min_staff_desk,could,(8) Δ excl-2020,const,const,0.06515,0.15937,0.68268,,90,0.0066,-0.01624
min_staff_desk,could,(8) Δ excl-2020,d_cfnai,ΔCFNAI,0.94899,1.69835,0.57632,,90,0.0066,-0.01624
min_staff_desk,could,(8) Δ excl-2020,d_vix,ΔVIX,0.01787,0.0629,0.77639,,90,0.0066,-0.01624
min_staff_desk,may,(1),const,const,0.48273,0.08913,0.0,***,99,0.00086,-0.00944
min_staff_desk,may,(1),cfnai_ma3_lag2,CFNAI-MA3,-0.02311,0.04049,0.56827,,99,0.00086,-0.00944
min_staff_desk,may,(2),const,const,0.67001,0.24686,0.00665,***,99,0.00485,-0.00541
min_staff_desk,may,(2),vix_pre28,VIX,-0.01029,0.01089,0.34502,,99,0.00485,-0.00541
min_staff_desk,may,(3),const,const,0.67643,0.248,0.00638,***,99,0.00615,-0.01456
min_staff_desk,may,(3),cfnai_ma3_lag2,CFNAI-MA3,-0.02847,0.03757,0.44857,,99,0.00615,-0.01456
min_staff_desk,may,(3),vix_pre28,VIX,-0.01079,0.01102,0.32765,,99,0.00615,-0.01456
min_staff_desk,may,(4),const,const,0.74669,0.22825,0.00107,***,99,0.02598,-0.01547
min_staff_desk,may,(4),cfnai_ma3_lag2,CFNAI-MA3,-0.03893,0.04943,0.43099,,99,0.02598,-0.01547
min_staff_desk,may,(4),vix_pre28,VIX,-0.0175,0.00954,0.06657,*,99,0.02598,-0.01547
min_staff_desk,may,(4),unrate_gap_lag1,Unemp. gap,0.00856,0.05355,0.87303,,99,0.02598,-0.01547
min_staff_desk,may,(4),corepce_gap_lag2,Core PCE gap,0.10301,0.07423,0.16523,,99,0.02598,-0.01547
min_staff_desk,may,(5),const,const,0.68003,0.23772,0.00423,***,99,0.01238,-0.01881
min_staff_desk,may,(5),cfnai_ma3_lag2,CFNAI-MA3,-0.04375,0.04295,0.30843,,99,0.01238,-0.01881
min_staff_desk,may,(5),vix_pre28,VIX,-0.01491,0.00972,0.12504,,99,0.01238,-0.01881
min_staff_desk,may,(5),post_fw,post-2020-09,0.1491,0.18656,0.42416,,99,0.01238,-0.01881
min_staff_desk,may,(6) excl-2020,const,const,0.58732,0.35119,0.09445,*,91,0.00304,-0.01962
min_staff_desk,may,(6) excl-2020,cfnai_ma3_lag2,CFNAI-MA3,0.2096,0.51731,0.68534,,91,0.00304,-0.01962
min_staff_desk,may,(6) excl-2020,vix_pre28,VIX,-0.00406,0.01862,0.82752,,91,0.00304,-0.01962
min_staff_desk,may,(7) Δ,const,const,-0.01395,0.05666,0.80557,,98,0.01064,-0.01019
min_staff_desk,may,(7) Δ,d_cfnai,ΔCFNAI,-0.02205,0.05038,0.6616,,98,0.01064,-0.01019
min_staff_desk,may,(7) Δ,d_vix,ΔVIX,-0.02374,0.01543,0.12389,,98,0.01064,-0.01019
min_staff_desk,may,(8) Δ excl-2020,const,const,0.03182,0.07145,0.65611,,90,0.07799,0.05679
min_staff_desk,may,(8) Δ excl-2020,d_cfnai,ΔCFNAI,1.49713,0.83011,0.0713,*,90,0.07799,0.05679
min_staff_desk,may,(8) Δ excl-2020,d_vix,ΔVIX,-0.04733,0.02291,0.03879,**,90,0.07799,0.05679
min_staff_desk,should,(1),const,const,0.29159,0.09196,0.00152,***,99,0.00508,-0.00518
min_staff_desk,should,(1),cfnai_ma3_lag2,CFNAI-MA3,0.05395,0.03028,0.0748,*,99,0.00508,-0.00518
min_staff_desk,should,(2),const,const,0.31818,0.368,0.38724,,99,0.00015,-0.01016
min_staff_desk,should,(2),vix_pre28,VIX,-0.00175,0.01689,0.91771,,99,0.00015,-0.01016
min_staff_desk,should,(3),const,const,0.3061,0.36682,0.40402,,99,0.00511,-0.01561
min_staff_desk,should,(3),cfnai_ma3_lag2,CFNAI-MA3,0.05355,0.02546,0.03542,**,99,0.00511,-0.01561
min_staff_desk,should,(3),vix_pre28,VIX,-0.00081,0.0169,0.96186,,99,0.00511,-0.01561
min_staff_desk,should,(4),const,const,0.37297,0.39313,0.34276,,99,0.03619,-0.00482
min_staff_desk,should,(4),cfnai_ma3_lag2,CFNAI-MA3,0.12322,0.08112,0.12879,,99,0.03619,-0.00482
min_staff_desk,should,(4),vix_pre28,VIX,-0.00546,0.02032,0.7883,,99,0.03619,-0.00482
min_staff_desk,should,(4),unrate_gap_lag1,Unemp. gap,0.11865,0.10734,0.26898,,99,0.03619,-0.00482
min_staff_desk,should,(4),corepce_gap_lag2,Core PCE gap,-0.00098,0.05612,0.98609,,99,0.03619,-0.00482
min_staff_desk,should,(5),const,const,0.30323,0.35835,0.39746,,99,0.00941,-0.02187
min_staff_desk,should,(5),cfnai_ma3_lag2,CFNAI-MA3,0.06575,0.03484,0.05914,*,99,0.00941,-0.02187
min_staff_desk,should,(5),vix_pre28,VIX,0.00248,0.01455,0.86444,,99,0.00941,-0.02187
min_staff_desk,should,(5),post_fw,post-2020-09,-0.11901,0.1586,0.45303,,99,0.00941,-0.02187
min_staff_desk,should,(6) excl-2020,const,const,0.63839,0.56316,0.25697,,91,0.02285,0.00064
min_staff_desk,should,(6) excl-2020,cfnai_ma3_lag2,CFNAI-MA3,0.44972,0.55039,0.41387,,91,0.02285,0.00064
min_staff_desk,should,(6) excl-2020,vix_pre28,VIX,-0.02051,0.02827,0.46817,,91,0.02285,0.00064
min_staff_desk,should,(7) Δ,const,const,-0.00192,0.05217,0.97063,,98,0.0176,-0.00308
min_staff_desk,should,(7) Δ,d_cfnai,ΔCFNAI,0.00541,0.03366,0.87236,,98,0.0176,-0.00308
min_staff_desk,should,(7) Δ,d_vix,ΔVIX,0.02973,0.02012,0.1395,,98,0.0176,-0.00308
min_staff_desk,should,(8) Δ excl-2020,const,const,0.01706,0.0603,0.7772,,90,0.00466,-0.01823
min_staff_desk,should,(8) Δ excl-2020,d_cfnai,ΔCFNAI,0.21519,0.50342,0.66904,,90,0.00466,-0.01823
min_staff_desk,should,(8) Δ excl-2020,d_vix,ΔVIX,0.01436,0.02461,0.55962,,90,0.00466,-0.01823
min_staff_desk,will,(1),const,const,0.46107,0.08131,0.0,***,99,0.00543,-0.00482
min_staff_desk,will,(1),cfnai_ma3_lag2,CFNAI-MA3,0.06211,0.02582,0.01615,**,99,0.00543,-0.00482
min_staff_desk,will,(2),const,const,0.75585,0.32841,0.02136,**,99,0.01114,0.00095
min_staff_desk,will,(2),vix_pre28,VIX,-0.01668,0.01646,0.31081,,99,0.01114,0.00095
min_staff_desk,will,(3),const,const,0.7436,0.3317,0.02497,**,99,0.01526,-0.00526
min_staff_desk,will,(3),cfnai_ma3_lag2,CFNAI-MA3,0.05428,0.03383,0.10859,,99,0.01526,-0.00526
min_staff_desk,will,(3),vix_pre28,VIX,-0.01573,0.01678,0.34833,,99,0.01526,-0.00526
min_staff_desk,will,(4),const,const,0.74828,0.3212,0.01983,**,99,0.01954,-0.02218
min_staff_desk,will,(4),cfnai_ma3_lag2,CFNAI-MA3,0.07752,0.05233,0.13851,,99,0.01954,-0.02218
min_staff_desk,will,(4),vix_pre28,VIX,-0.01566,0.01599,0.32758,,99,0.01954,-0.02218
min_staff_desk,will,(4),unrate_gap_lag1,Unemp. gap,0.03378,0.05328,0.52603,,99,0.01954,-0.02218
min_staff_desk,will,(4),corepce_gap_lag2,Core PCE gap,-0.02291,0.0652,0.72534,,99,0.01954,-0.02218
min_staff_desk,will,(5),const,const,0.74367,0.33118,0.02474,**,99,0.01526,-0.01584
min_staff_desk,will,(5),cfnai_ma3_lag2,CFNAI-MA3,0.05399,0.03846,0.16036,,99,0.01526,-0.01584
min_staff_desk,will,(5),vix_pre28,VIX,-0.01581,0.01698,0.3517,,99,0.01526,-0.01584
min_staff_desk,will,(5),post_fw,post-2020-09,0.00285,0.16486,0.98622,,99,0.01526,-0.01584
min_staff_desk,will,(6) excl-2020,const,const,0.9408,0.37756,0.01271,**,91,0.02506,0.0029
min_staff_desk,will,(6) excl-2020,cfnai_ma3_lag2,CFNAI-MA3,-0.00928,0.28879,0.97437,,91,0.02506,0.0029
min_staff_desk,will,(6) excl-2020,vix_pre28,VIX,-0.02986,0.01877,0.11165,,91,0.02506,0.0029
min_staff_desk,will,(7) Δ,const,const,-0.02885,0.06292,0.64658,,98,0.01342,-0.00735
min_staff_desk,will,(7) Δ,d_cfnai,ΔCFNAI,-0.0121,0.06274,0.84708,,98,0.01342,-0.00735
min_staff_desk,will,(7) Δ,d_vix,ΔVIX,-0.03216,0.0358,0.36893,,98,0.01342,-0.00735
min_staff_desk,will,(8) Δ excl-2020,const,const,0.01641,0.06591,0.8034,,90,0.08746,0.06648
min_staff_desk,will,(8) Δ excl-2020,d_cfnai,ΔCFNAI,1.6117,0.66025,0.01464,**,90,0.08746,0.06648
min_staff_desk,will,(8) Δ excl-2020,d_vix,ΔVIX,-0.06061,0.03292,0.06557,*,90,0.08746,0.06648
min_staff_desk,would,(1),const,const,3.73637,0.37541,0.0,***,99,0.00075,-0.00955
min_staff_desk,would,(1),cfnai_ma3_lag2,CFNAI-MA3,0.08072,0.12818,0.52886,,99,0.00075,-0.00955
min_staff_desk,would,(2),const,const,2.96981,1.22488,0.01533,**,99,0.00582,-0.00443
min_staff_desk,would,(2),vix_pre28,VIX,0.04218,0.05886,0.47359,,99,0.00582,-0.00443
min_staff_desk,would,(3),const,const,2.94667,1.22211,0.0159,**,99,0.00702,-0.01367
min_staff_desk,would,(3),cfnai_ma3_lag2,CFNAI-MA3,0.10259,0.1113,0.35664,,99,0.00702,-0.01367
min_staff_desk,would,(3),vix_pre28,VIX,0.04397,0.05884,0.45488,,99,0.00702,-0.01367
min_staff_desk,would,(4),const,const,3.60162,1.19616,0.0026,***,99,0.05528,0.01508
min_staff_desk,would,(4),cfnai_ma3_lag2,CFNAI-MA3,0.41275,0.19724,0.03638,**,99,0.05528,0.01508
min_staff_desk,would,(4),vix_pre28,VIX,-0.00969,0.05985,0.87135,,99,0.05528,0.01508
min_staff_desk,would,(4),unrate_gap_lag1,Unemp. gap,0.64556,0.26452,0.01467,**,99,0.05528,0.01508
min_staff_desk,would,(4),corepce_gap_lag2,Core PCE gap,0.45324,0.26825,0.0911,*,99,0.05528,0.01508
min_staff_desk,would,(5),const,const,2.94247,1.21677,0.0156,**,99,0.00762,-0.02372
min_staff_desk,would,(5),cfnai_ma3_lag2,CFNAI-MA3,0.1204,0.13151,0.35993,,99,0.00762,-0.02372
min_staff_desk,would,(5),vix_pre28,VIX,0.04878,0.05176,0.34601,,99,0.00762,-0.02372
min_staff_desk,would,(5),post_fw,post-2020-09,-0.17375,0.65202,0.78986,,99,0.00762,-0.02372
min_staff_desk,would,(6) excl-2020,const,const,3.02814,1.88859,0.10885,,91,0.02185,-0.00038
min_staff_desk,would,(6) excl-2020,cfnai_ma3_lag2,CFNAI-MA3,1.83417,1.56971,0.24261,,91,0.02185,-0.00038
min_staff_desk,would,(6) excl-2020,vix_pre28,VIX,0.03644,0.10212,0.72122,,91,0.02185,-0.00038
min_staff_desk,would,(7) Δ,const,const,-0.09785,0.19876,0.62252,,98,0.03326,0.01291
min_staff_desk,would,(7) Δ,d_cfnai,ΔCFNAI,0.2663,0.08282,0.0013,***,98,0.03326,0.01291
min_staff_desk,would,(7) Δ,d_vix,ΔVIX,-0.15552,0.06584,0.01817,**,98,0.03326,0.01291
min_staff_desk,would,(8) Δ excl-2020,const,const,-0.1744,0.20944,0.40501,,90,0.01479,-0.00786
min_staff_desk,would,(8) Δ excl-2020,d_cfnai,ΔCFNAI,0.87867,3.07142,0.77482,,90,0.01479,-0.00786
min_staff_desk,would,(8) Δ excl-2020,d_vix,ΔVIX,-0.13139,0.10309,0.20249,,90,0.01479,-0.00786
min_statement_quote,ALL,(1),const,const,18.91797,0.83229,0.0,***,99,0.00359,-0.00668
min_statement_quote,ALL,(1),cfnai_ma3_lag2,CFNAI-MA3,-0.2246,0.13786,0.10328,,99,0.00359,-0.00668
min_statement_quote,ALL,(2),const,const,17.47151,1.74311,0.0,***,99,0.01342,0.00325
min_statement_quote,ALL,(2),vix_pre28,VIX,0.08146,0.06264,0.19343,,99,0.01342,0.00325
min_statement_quote,ALL,(3),const,const,17.5134,1.75268,0.0,***,99,0.01586,-0.00465
min_statement_quote,ALL,(3),cfnai_ma3_lag2,CFNAI-MA3,-0.1857,0.14018,0.18527,,99,0.01586,-0.00465
min_statement_quote,ALL,(3),vix_pre28,VIX,0.07821,0.06364,0.21909,,99,0.01586,-0.00465
min_statement_quote,ALL,(4),const,const,19.39759,1.90021,0.0,***,99,0.29356,0.2635
min_statement_quote,ALL,(4),cfnai_ma3_lag2,CFNAI-MA3,0.12596,0.30556,0.68018,,99,0.29356,0.2635
min_statement_quote,ALL,(4),vix_pre28,VIX,-0.08888,0.10155,0.38146,,99,0.29356,0.2635
min_statement_quote,ALL,(4),unrate_gap_lag1,Unemp. gap,1.0513,0.40533,0.0095,***,99,0.29356,0.2635
min_statement_quote,ALL,(4),corepce_gap_lag2,Core PCE gap,2.02594,0.61276,0.00095,***,99,0.29356,0.2635
min_statement_quote,ALL,(5),const,const,17.65425,1.90069,0.0,***,99,0.43703,0.41925
min_statement_quote,ALL,(5),cfnai_ma3_lag2,CFNAI-MA3,-0.78376,0.19903,8e-05,***,99,0.43703,0.41925
min_statement_quote,ALL,(5),vix_pre28,VIX,-0.08322,0.09863,0.39881,,99,0.43703,0.41925
min_statement_quote,ALL,(5),post_fw,post-2020-09,5.83666,1.13123,0.0,***,99,0.43703,0.41925
min_statement_quote,ALL,(6) excl-2020,const,const,17.16357,1.86223,0.0,***,91,0.03852,0.01667
min_statement_quote,ALL,(6) excl-2020,cfnai_ma3_lag2,CFNAI-MA3,-3.29836,2.46334,0.18058,,91,0.03852,0.01667
min_statement_quote,ALL,(6) excl-2020,vix_pre28,VIX,0.09886,0.08625,0.25172,,91,0.03852,0.01667
min_statement_quote,ALL,(7) Δ,const,const,-0.00998,0.17865,0.95547,,98,0.01515,-0.00558
min_statement_quote,ALL,(7) Δ,d_cfnai,ΔCFNAI,-0.05117,0.04323,0.23651,,98,0.01515,-0.00558
min_statement_quote,ALL,(7) Δ,d_vix,ΔVIX,0.05924,0.07119,0.40534,,98,0.01515,-0.00558
min_statement_quote,ALL,(8) Δ excl-2020,const,const,-0.1151,0.17447,0.50942,,90,0.00609,-0.01676
min_statement_quote,ALL,(8) Δ excl-2020,d_cfnai,ΔCFNAI,-0.29909,1.11184,0.78793,,90,0.00609,-0.01676
min_statement_quote,ALL,(8) Δ excl-2020,d_vix,ΔVIX,-0.04102,0.06081,0.49994,,90,0.00609,-0.01676
min_statement_quote,could,(1),const,const,1.53413,0.34902,1e-05,***,99,0.01857,0.00846
min_statement_quote,could,(1),cfnai_ma3_lag2,CFNAI-MA3,0.19787,0.04889,5e-05,***,99,0.01857,0.00846
min_statement_quote,could,(2),const,const,0.27203,0.93758,0.77171,,99,0.06444,0.05479
min_statement_quote,could,(2),vix_pre28,VIX,0.06912,0.05124,0.17736,,99,0.06444,0.05479
min_statement_quote,could,(3),const,const,0.21917,0.89414,0.80636,,99,0.09025,0.0713
min_statement_quote,could,(3),cfnai_ma3_lag2,CFNAI-MA3,0.23429,0.0535,1e-05,***,99,0.09025,0.0713
min_statement_quote,could,(3),vix_pre28,VIX,0.07322,0.04718,0.12069,,99,0.09025,0.0713
min_statement_quote,could,(4),const,const,1.03139,0.39402,0.00885,***,99,0.59033,0.57289
min_statement_quote,could,(4),cfnai_ma3_lag2,CFNAI-MA3,0.24793,0.0964,0.01011,**,99,0.59033,0.57289
min_statement_quote,could,(4),vix_pre28,VIX,-0.00145,0.01968,0.94137,,99,0.59033,0.57289
min_statement_quote,could,(4),unrate_gap_lag1,Unemp. gap,0.28565,0.091,0.0017,***,99,0.59033,0.57289
min_statement_quote,could,(4),corepce_gap_lag2,Core PCE gap,1.02343,0.14258,0.0,***,99,0.59033,0.57289
min_statement_quote,could,(5),const,const,0.29523,0.17633,0.09408,*,99,0.90906,0.90619
min_statement_quote,could,(5),cfnai_ma3_lag2,CFNAI-MA3,-0.08867,0.05082,0.08107,*,99,0.90906,0.90619
min_statement_quote,could,(5),vix_pre28,VIX,-0.01395,0.00827,0.09173,*,99,0.90906,0.90619
min_statement_quote,could,(5),post_fw,post-2020-09,3.15181,0.18501,0.0,***,99,0.90906,0.90619
min_statement_quote,could,(6) excl-2020,const,const,-1.33818,0.60841,0.02784,**,91,0.23389,0.21648
min_statement_quote,could,(6) excl-2020,cfnai_ma3_lag2,CFNAI-MA3,-1.26938,0.98312,0.19664,,91,0.23389,0.21648
min_statement_quote,could,(6) excl-2020,vix_pre28,VIX,0.16897,0.0335,0.0,***,91,0.23389,0.21648
min_statement_quote,could,(7) Δ,const,const,0.0293,0.02787,0.29317,,98,0.2637,0.2482
min_statement_quote,could,(7) Δ,d_cfnai,ΔCFNAI,0.13973,0.03569,9e-05,***,98,0.2637,0.2482
min_statement_quote,could,(7) Δ,d_vix,ΔVIX,-0.00705,0.00875,0.42033,,98,0.2637,0.2482
min_statement_quote,could,(8) Δ excl-2020,const,const,0.00574,0.02283,0.80166,,90,0.00115,-0.02181
min_statement_quote,could,(8) Δ excl-2020,d_cfnai,ΔCFNAI,-0.0476,0.13002,0.71431,,90,0.00115,-0.02181
min_statement_quote,could,(8) Δ excl-2020,d_vix,ΔVIX,-0.00074,0.01155,0.94906,,90,0.00115,-0.02181
min_statement_quote,should,(1),const,const,0.55666,0.19774,0.00488,***,99,0.00065,-0.00965
min_statement_quote,should,(1),cfnai_ma3_lag2,CFNAI-MA3,0.02117,0.04387,0.62938,,99,0.00065,-0.00965
min_statement_quote,should,(2),const,const,1.38829,0.50212,0.00569,***,99,0.08864,0.07924
min_statement_quote,should,(2),vix_pre28,VIX,-0.0463,0.01998,0.02051,**,99,0.08864,0.07924
min_statement_quote,should,(3),const,const,1.38871,0.50225,0.00569,***,99,0.08864,0.06966
min_statement_quote,should,(3),cfnai_ma3_lag2,CFNAI-MA3,-0.00187,0.02458,0.93928,,99,0.08864,0.06966
min_statement_quote,should,(3),vix_pre28,VIX,-0.04633,0.02001,0.02058,**,99,0.08864,0.06966
min_statement_quote,should,(4),const,const,1.31971,0.43698,0.00253,***,99,0.27133,0.24033
min_statement_quote,should,(4),cfnai_ma3_lag2,CFNAI-MA3,0.11085,0.13391,0.40778,,99,0.27133,0.24033
min_statement_quote,should,(4),vix_pre28,VIX,-0.0375,0.02003,0.06116,*,99,0.27133,0.24033
min_statement_quote,should,(4),unrate_gap_lag1,Unemp. gap,0.1338,0.1653,0.41825,,99,0.27133,0.24033
min_statement_quote,should,(4),corepce_gap_lag2,Core PCE gap,-0.22856,0.10723,0.03305,**,99,0.27133,0.24033
min_statement_quote,should,(5),const,const,1.36422,0.45008,0.00244,***,99,0.34887,0.32831
min_statement_quote,should,(5),cfnai_ma3_lag2,CFNAI-MA3,0.1021,0.03707,0.00588,***,99,0.34887,0.32831
min_statement_quote,should,(5),vix_pre28,VIX,-0.01827,0.01561,0.24181,,99,0.34887,0.32831
min_statement_quote,should,(5),post_fw,post-2020-09,-1.01473,0.29291,0.00053,***,99,0.34887,0.32831
min_statement_quote,should,(6) excl-2020,const,const,1.53903,0.64385,0.01683,**,91,0.07553,0.05451
min_statement_quote,should,(6) excl-2020,cfnai_ma3_lag2,CFNAI-MA3,-0.06217,0.58473,0.91532,,91,0.07553,0.05451
min_statement_quote,should,(6) excl-2020,vix_pre28,VIX,-0.05479,0.03035,0.07101,*,91,0.07553,0.05451
min_statement_quote,should,(7) Δ,const,const,-0.02483,0.0215,0.24807,,98,0.00084,-0.0202
min_statement_quote,should,(7) Δ,d_cfnai,ΔCFNAI,-0.00012,0.00341,0.97098,,98,0.00084,-0.0202
min_statement_quote,should,(7) Δ,d_vix,ΔVIX,-0.0014,0.00343,0.68323,,98,0.00084,-0.0202
min_statement_quote,should,(8) Δ excl-2020,const,const,-0.02796,0.02439,0.25173,,90,0.0032,-0.01971
min_statement_quote,should,(8) Δ excl-2020,d_cfnai,ΔCFNAI,-0.04975,0.11074,0.65327,,90,0.0032,-0.01971
min_statement_quote,should,(8) Δ excl-2020,d_vix,ΔVIX,-0.00224,0.00567,0.69345,,90,0.0032,-0.01971
min_statement_quote,will,(1),const,const,14.63456,0.53293,0.0,***,99,0.05733,0.04761
min_statement_quote,will,(1),cfnai_ma3_lag2,CFNAI-MA3,-0.67508,0.1649,4e-05,***,99,0.05733,0.04761
min_statement_quote,will,(2),const,const,14.46162,2.0607,0.0,***,99,0.0006,-0.0097
min_statement_quote,will,(2),vix_pre28,VIX,0.01296,0.10934,0.90566,,99,0.0006,-0.0097
min_statement_quote,will,(3),const,const,14.61378,1.95147,0.0,***,99,0.05734,0.0377
min_statement_quote,will,(3),cfnai_ma3_lag2,CFNAI-MA3,-0.6745,0.16637,5e-05,***,99,0.05734,0.0377
min_statement_quote,will,(3),vix_pre28,VIX,0.00116,0.0997,0.99074,,99,0.05734,0.0377
min_statement_quote,will,(4),const,const,14.83623,1.92077,0.0,***,99,0.07264,0.03318
min_statement_quote,will,(4),cfnai_ma3_lag2,CFNAI-MA3,-0.48683,0.23522,0.03848,**,99,0.07264,0.03318
min_statement_quote,will,(4),vix_pre28,VIX,-0.01527,0.10157,0.88051,,99,0.07264,0.03318
min_statement_quote,will,(4),unrate_gap_lag1,Unemp. gap,0.33353,0.30784,0.2786,,99,0.07264,0.03318
min_statement_quote,will,(4),corepce_gap_lag2,Core PCE gap,0.05156,0.41297,0.90065,,99,0.07264,0.03318
min_statement_quote,will,(5),const,const,14.62572,2.02204,0.0,***,99,0.06269,0.03309
min_statement_quote,will,(5),cfnai_ma3_lag2,CFNAI-MA3,-0.7252,0.20049,0.0003,***,99,0.06269,0.03309
min_statement_quote,will,(5),vix_pre28,VIX,-0.01253,0.10874,0.90829,,99,0.06269,0.03309
min_statement_quote,will,(5),post_fw,post-2020-09,0.49475,1.04435,0.63569,,99,0.06269,0.03309
min_statement_quote,will,(6) excl-2020,const,const,17.41224,1.72504,0.0,***,91,0.08193,0.06106
min_statement_quote,will,(6) excl-2020,cfnai_ma3_lag2,CFNAI-MA3,-0.62582,1.40666,0.65639,,91,0.08193,0.06106
min_statement_quote,will,(6) excl-2020,vix_pre28,VIX,-0.17394,0.08609,0.04334,**,91,0.08193,0.06106
min_statement_quote,will,(7) Δ,const,const,-0.05503,0.17106,0.74768,,98,0.04095,0.02076
min_statement_quote,will,(7) Δ,d_cfnai,ΔCFNAI,-0.33161,0.07115,0.0,***,98,0.04095,0.02076
min_statement_quote,will,(7) Δ,d_vix,ΔVIX,0.05654,0.08153,0.48799,,98,0.04095,0.02076
min_statement_quote,will,(8) Δ excl-2020,const,const,-0.12051,0.17198,0.48349,,90,0.01546,-0.00717
min_statement_quote,will,(8) Δ excl-2020,d_cfnai,ΔCFNAI,-0.64713,1.05887,0.5411,,90,0.01546,-0.00717
min_statement_quote,will,(8) Δ excl-2020,d_vix,ΔVIX,-0.06503,0.05659,0.2505,,90,0.01546,-0.00717
min_statement_quote,would,(1),const,const,1.55026,0.35797,1e-05,***,99,0.0218,0.01171
min_statement_quote,would,(1),cfnai_ma3_lag2,CFNAI-MA3,0.22337,0.05556,6e-05,***,99,0.0218,0.01171
min_statement_quote,would,(2),const,const,0.24292,0.94755,0.79767,,99,0.0635,0.05385
min_statement_quote,would,(2),vix_pre28,VIX,0.07151,0.05176,0.16709,,99,0.0635,0.05385
min_statement_quote,would,(3),const,const,0.18399,0.90139,0.83826,,99,0.09305,0.07416
min_statement_quote,would,(3),cfnai_ma3_lag2,CFNAI-MA3,0.26122,0.05859,1e-05,***,99,0.09305,0.07416
min_statement_quote,would,(3),vix_pre28,VIX,0.07608,0.04748,0.1091,,99,0.09305,0.07416
min_statement_quote,would,(4),const,const,1.03277,0.40815,0.01139,**,99,0.60546,0.58867
min_statement_quote,would,(4),cfnai_ma3_lag2,CFNAI-MA3,0.26957,0.09219,0.00345,***,99,0.60546,0.58867
min_statement_quote,would,(4),vix_pre28,VIX,-0.00208,0.02043,0.91889,,99,0.60546,0.58867
min_statement_quote,would,(4),unrate_gap_lag1,Unemp. gap,0.29032,0.10154,0.00425,***,99,0.60546,0.58867
min_statement_quote,would,(4),corepce_gap_lag2,Core PCE gap,1.07684,0.13874,0.0,***,99,0.60546,0.58867
min_statement_quote,would,(5),const,const,0.26368,0.13794,0.05594,*,99,0.92072,0.91822
min_statement_quote,would,(5),cfnai_ma3_lag2,CFNAI-MA3,-0.07715,0.0404,0.05618,*,99,0.92072,0.91822
min_statement_quote,would,(5),vix_pre28,VIX,-0.01526,0.00826,0.06475,*,99,0.92072,0.91822
min_statement_quote,would,(5),post_fw,post-2020-09,3.30227,0.12755,0.0,***,99,0.92072,0.91822
min_statement_quote,would,(6) excl-2020,const,const,-1.29662,0.64065,0.04298,**,91,0.20459,0.18651
min_statement_quote,would,(6) excl-2020,cfnai_ma3_lag2,CFNAI-MA3,-0.67174,1.25431,0.59228,,91,0.20459,0.18651
min_statement_quote,would,(6) excl-2020,vix_pre28,VIX,0.16805,0.03352,0.0,***,91,0.20459,0.18651
min_statement_quote,would,(7) Δ,const,const,0.0418,0.02975,0.15998,,98,0.13575,0.11756
min_statement_quote,would,(7) Δ,d_cfnai,ΔCFNAI,0.15192,0.03413,1e-05,***,98,0.13575,0.11756
min_statement_quote,would,(7) Δ,d_vix,ΔVIX,-0.00748,0.00943,0.42782,,98,0.13575,0.11756
min_statement_quote,would,(8) Δ excl-2020,const,const,0.02933,0.029,0.31195,,90,0.04966,0.02781
min_statement_quote,would,(8) Δ excl-2020,d_cfnai,ΔCFNAI,0.60626,0.45744,0.18506,,90,0.04966,0.02781
min_statement_quote,would,(8) Δ excl-2020,d_vix,ΔVIX,-0.00359,0.01396,0.79719,,90,0.04966,0.02781
min_vote,ALL,(1),const,const,9.22412,0.82912,0.0,***,99,0.00256,-0.00773
min_vote,ALL,(1),cfnai_ma3_lag2,CFNAI-MA3,0.23921,0.14931,0.10914,,99,0.00256,-0.00773
min_vote,ALL,(2),const,const,11.57403,2.19733,0.0,***,99,0.02204,0.01196
min_vote,ALL,(2),vix_pre28,VIX,-0.13172,0.08735,0.13158,,99,0.02204,0.01196
min_vote,ALL,(3),const,const,11.5345,2.19264,0.0,***,99,0.0234,0.00306
min_vote,ALL,(3),cfnai_ma3_lag2,CFNAI-MA3,0.17522,0.14163,0.21604,,99,0.0234,0.00306
min_vote,ALL,(3),vix_pre28,VIX,-0.12865,0.08738,0.14095,,99,0.0234,0.00306
min_vote,ALL,(4),const,const,11.62223,2.14649,0.0,***,99,0.10817,0.07022
min_vote,ALL,(4),cfnai_ma3_lag2,CFNAI-MA3,0.74586,0.62058,0.22941,,99,0.10817,0.07022
min_vote,ALL,(4),vix_pre28,VIX,-0.12426,0.10091,0.21818,,99,0.10817,0.07022
min_vote,ALL,(4),unrate_gap_lag1,Unemp. gap,0.82085,0.71695,0.25225,,99,0.10817,0.07022
min_vote,ALL,(4),corepce_gap_lag2,Core PCE gap,-0.59728,0.40296,0.13828,,99,0.10817,0.07022
min_vote,ALL,(5),const,const,11.43715,2.07139,0.0,***,99,0.14978,0.12293
min_vote,ALL,(5),cfnai_ma3_lag2,CFNAI-MA3,0.58856,0.2395,0.01399,**,99,0.14978,0.12293
min_vote,ALL,(5),vix_pre28,VIX,-0.01708,0.08341,0.83778,,99,0.14978,0.12293
min_vote,ALL,(5),post_fw,post-2020-09,-4.03399,1.35055,0.00282,***,99,0.14978,0.12293
min_vote,ALL,(6) excl-2020,const,const,12.50086,2.8839,1e-05,***,91,0.03551,0.01359
min_vote,ALL,(6) excl-2020,cfnai_ma3_lag2,CFNAI-MA3,3.2389,2.32376,0.16337,,91,0.03551,0.01359
min_vote,ALL,(6) excl-2020,vix_pre28,VIX,-0.17987,0.13577,0.18524,,91,0.03551,0.01359
min_vote,ALL,(7) Δ,const,const,-0.10394,0.29992,0.72891,,98,0.00551,-0.01542
min_vote,ALL,(7) Δ,d_cfnai,ΔCFNAI,0.08075,0.0948,0.39434,,98,0.00551,-0.01542
min_vote,ALL,(7) Δ,d_vix,ΔVIX,0.08394,0.15269,0.58251,,98,0.00551,-0.01542
min_vote,ALL,(8) Δ excl-2020,const,const,-0.1205,0.33119,0.71599,,90,0.00923,-0.01355
min_vote,ALL,(8) Δ excl-2020,d_cfnai,ΔCFNAI,0.76515,2.41761,0.75163,,90,0.00923,-0.01355
min_vote,ALL,(8) Δ excl-2020,d_vix,ΔVIX,0.14068,0.23711,0.55299,,90,0.00923,-0.01355
min_vote,could,(1),const,const,0.48716,0.16636,0.00341,***,99,1e-05,-0.0103
min_vote,could,(1),cfnai_ma3_lag2,CFNAI-MA3,0.00426,0.0507,0.93305,,99,1e-05,-0.0103
min_vote,could,(2),const,const,0.05798,0.42626,0.8918,,99,0.00658,-0.00366
min_vote,could,(2),vix_pre28,VIX,0.02382,0.02378,0.31653,,99,0.00658,-0.00366
min_vote,could,(3),const,const,0.05432,0.4325,0.90006,,99,0.00669,-0.014
min_vote,could,(3),cfnai_ma3_lag2,CFNAI-MA3,0.01625,0.06569,0.80463,,99,0.00669,-0.014
min_vote,could,(3),vix_pre28,VIX,0.0241,0.02427,0.32071,,99,0.00669,-0.014
min_vote,could,(4),const,const,-0.19742,0.37724,0.60074,,99,0.03248,-0.00869
min_vote,could,(4),cfnai_ma3_lag2,CFNAI-MA3,-0.10582,0.0791,0.18096,,99,0.03248,-0.00869
min_vote,could,(4),vix_pre28,VIX,0.04467,0.02294,0.05153,*,99,0.03248,-0.00869
min_vote,could,(4),unrate_gap_lag1,Unemp. gap,-0.25209,0.1301,0.05266,*,99,0.03248,-0.00869
min_vote,could,(4),corepce_gap_lag2,Core PCE gap,-0.17066,0.15796,0.27995,,99,0.03248,-0.00869
min_vote,could,(5),const,const,0.04183,0.44897,0.92577,,99,0.02569,-0.00508
min_vote,could,(5),cfnai_ma3_lag2,CFNAI-MA3,0.06928,0.05955,0.2447,,99,0.02569,-0.00508
min_vote,could,(5),vix_pre28,VIX,0.03842,0.02475,0.12062,,99,0.02569,-0.00508
min_vote,could,(5),post_fw,post-2020-09,-0.51755,0.29093,0.07525,*,99,0.02569,-0.00508
min_vote,could,(6) excl-2020,const,const,-0.23056,0.53585,0.667,,91,0.01621,-0.00615
min_vote,could,(6) excl-2020,cfnai_ma3_lag2,CFNAI-MA3,-0.67272,0.73453,0.35974,,91,0.01621,-0.00615
min_vote,could,(6) excl-2020,vix_pre28,VIX,0.04192,0.035,0.23101,,91,0.01621,-0.00615
min_vote,could,(7) Δ,const,const,-0.00392,0.11372,0.9725,,98,0.01254,-0.00825
min_vote,could,(7) Δ,d_cfnai,ΔCFNAI,-0.02352,0.03743,0.5297,,98,0.01254,-0.00825
min_vote,could,(7) Δ,d_vix,ΔVIX,0.06008,0.0475,0.20595,,98,0.01254,-0.00825
min_vote,could,(8) Δ excl-2020,const,const,0.00141,0.12219,0.99082,,90,0.00798,-0.01482
min_vote,could,(8) Δ excl-2020,d_cfnai,ΔCFNAI,-0.00866,1.1548,0.99401,,90,0.00798,-0.01482
min_vote,could,(8) Δ excl-2020,d_vix,ΔVIX,0.06003,0.07357,0.41452,,90,0.00798,-0.01482
min_vote,would,(1),const,const,7.33803,0.45105,0.0,***,99,0.00049,-0.00981
min_vote,would,(1),cfnai_ma3_lag2,CFNAI-MA3,-0.07318,0.0972,0.45149,,99,0.00049,-0.00981
min_vote,would,(2),const,const,8.22302,1.144,0.0,***,99,0.00622,-0.00402
min_vote,would,(2),vix_pre28,VIX,-0.04879,0.05085,0.33731,,99,0.00622,-0.00402
min_vote,would,(3),const,const,8.2452,1.15089,0.0,***,99,0.0071,-0.01358
min_vote,would,(3),cfnai_ma3_lag2,CFNAI-MA3,-0.09831,0.09994,0.32525,,99,0.0071,-0.01358
min_vote,would,(3),vix_pre28,VIX,-0.05052,0.05149,0.32654,,99,0.0071,-0.01358
min_vote,would,(4),const,const,8.45365,1.21779,0.0,***,99,0.05609,0.01593
min_vote,would,(4),cfnai_ma3_lag2,CFNAI-MA3,0.25088,0.39221,0.52239,,99,0.05609,0.01593
min_vote,would,(4),vix_pre28,VIX,-0.06211,0.06876,0.36633,,99,0.05609,0.01593
min_vote,would,(4),unrate_gap_lag1,Unemp. gap,0.55312,0.47482,0.24406,,99,0.05609,0.01593
min_vote,would,(4),corepce_gap_lag2,Core PCE gap,-0.16724,0.31764,0.59854,,99,0.05609,0.01593
min_vote,would,(5),const,const,8.20564,1.15221,0.0,***,99,0.05003,0.02004
min_vote,would,(5),cfnai_ma3_lag2,CFNAI-MA3,0.06966,0.15175,0.6462,,99,0.05003,0.02004
min_vote,would,(5),vix_pre28,VIX,-0.00517,0.06066,0.93203,,99,0.05003,0.02004
min_vote,would,(5),post_fw,post-2020-09,-1.63931,0.88727,0.06466,*,99,0.05003,0.02004
min_vote,would,(6) excl-2020,const,const,8.46965,1.52193,0.0,***,91,0.01648,-0.00588
min_vote,would,(6) excl-2020,cfnai_ma3_lag2,CFNAI-MA3,1.92023,1.12724,0.08848,*,91,0.01648,-0.00588
min_vote,would,(6) excl-2020,vix_pre28,VIX,-0.05897,0.08247,0.47458,,91,0.01648,-0.00588
min_vote,would,(7) Δ,const,const,-0.10946,0.21024,0.60262,,98,0.03277,0.01241
min_vote,would,(7) Δ,d_cfnai,ΔCFNAI,-0.26174,0.0738,0.00039,***,98,0.03277,0.01241
min_vote,would,(7) Δ,d_vix,ΔVIX,0.1631,0.1404,0.24537,,98,0.03277,0.01241
min_vote,would,(8) Δ excl-2020,const,const,-0.08819,0.23288,0.70492,,90,0.0643,0.04279
min_vote,would,(8) Δ excl-2020,d_cfnai,ΔCFNAI,2.66448,1.70472,0.11805,,90,0.0643,0.04279
min_vote,would,(8) Δ excl-2020,d_vix,ΔVIX,0.25667,0.19428,0.18646,,90,0.0643,0.04279
pc_chair,ALL,(1),const,const,20.07287,0.45554,0.0,***,80,0.01222,-0.00045
pc_chair,ALL,(1),cfnai_ma3_lag2,CFNAI-MA3,0.26562,0.22988,0.24789,,80,0.01222,-0.00045
pc_chair,ALL,(2),const,const,16.73282,0.86649,0.0,***,80,0.13122,0.12008
pc_chair,ALL,(2),vix_pre28,VIX,0.17584,0.0341,0.0,***,80,0.13122,0.12008
pc_chair,ALL,(3),const,const,16.66235,0.89373,0.0,***,80,0.15126,0.12921
pc_chair,ALL,(3),cfnai_ma3_lag2,CFNAI-MA3,0.34138,0.14103,0.0155,**,80,0.15126,0.12921
pc_chair,ALL,(3),vix_pre28,VIX,0.18165,0.03782,0.0,***,80,0.15126,0.12921
pc_chair,ALL,(4),const,const,17.23712,1.08136,0.0,***,80,0.2065,0.16418
pc_chair,ALL,(4),cfnai_ma3_lag2,CFNAI-MA3,0.61575,0.17081,0.00031,***,80,0.2065,0.16418
pc_chair,ALL,(4),vix_pre28,VIX,0.13302,0.06516,0.04121,**,80,0.2065,0.16418
pc_chair,ALL,(4),unrate_gap_lag1,Unemp. gap,0.57751,0.26913,0.03189,**,80,0.2065,0.16418
pc_chair,ALL,(4),corepce_gap_lag2,Core PCE gap,0.41621,0.29239,0.1546,,80,0.2065,0.16418
pc_chair,ALL,(5),const,const,16.66275,0.84627,0.0,***,80,0.15126,0.11775
pc_chair,ALL,(5),cfnai_ma3_lag2,CFNAI-MA3,0.34157,0.14465,0.01821,**,80,0.15126,0.11775
pc_chair,ALL,(5),vix_pre28,VIX,0.18168,0.04428,4e-05,***,80,0.15126,0.11775
pc_chair,ALL,(5),post_fw,post-2020-09,-0.00178,0.79055,0.99821,,80,0.15126,0.11775
pc_chair,ALL,(6) excl-2020,const,const,17.63948,0.92431,0.0,***,71,0.12942,0.10382
pc_chair,ALL,(6) excl-2020,cfnai_ma3_lag2,CFNAI-MA3,2.48149,1.22733,0.04319,**,71,0.12942,0.10382
pc_chair,ALL,(6) excl-2020,vix_pre28,VIX,0.11871,0.0416,0.00433,***,71,0.12942,0.10382
pc_chair,ALL,(7) Δ,const,const,0.00403,0.1988,0.98384,,79,0.09189,0.068
pc_chair,ALL,(7) Δ,d_cfnai,ΔCFNAI,0.75893,0.08213,0.0,***,79,0.09189,0.068
pc_chair,ALL,(7) Δ,d_vix,ΔVIX,-0.00466,0.09466,0.96077,,79,0.09189,0.068
pc_chair,ALL,(8) Δ excl-2020,const,const,-0.08345,0.16279,0.60822,,70,0.01355,-0.0159
pc_chair,ALL,(8) Δ excl-2020,d_cfnai,ΔCFNAI,-1.11429,1.57253,0.47857,,70,0.01355,-0.0159
pc_chair,ALL,(8) Δ excl-2020,d_vix,ΔVIX,0.07639,0.11882,0.52029,,70,0.01355,-0.0159
pc_chair,can,(1),const,const,2.93617,0.17866,0.0,***,80,0.04296,0.0307
pc_chair,can,(1),cfnai_ma3_lag2,CFNAI-MA3,-0.19486,0.07144,0.00638,***,80,0.04296,0.0307
pc_chair,can,(2),const,const,1.32529,0.38726,0.00062,***,80,0.20878,0.19864
pc_chair,can,(2),vix_pre28,VIX,0.08676,0.02042,2e-05,***,80,0.20878,0.19864
pc_chair,can,(3),const,const,1.35827,0.35551,0.00013,***,80,0.23747,0.21767
pc_chair,can,(3),cfnai_ma3_lag2,CFNAI-MA3,-0.15981,0.03123,0.0,***,80,0.23747,0.21767
pc_chair,can,(3),vix_pre28,VIX,0.08404,0.01801,0.0,***,80,0.23747,0.21767
pc_chair,can,(4),const,const,1.47745,0.40301,0.00025,***,80,0.26139,0.22199
pc_chair,can,(4),cfnai_ma3_lag2,CFNAI-MA3,-0.12074,0.04951,0.01473,**,80,0.26139,0.22199
pc_chair,can,(4),vix_pre28,VIX,0.07164,0.02386,0.00268,***,80,0.26139,0.22199
pc_chair,can,(4),unrate_gap_lag1,Unemp. gap,0.10625,0.08548,0.21387,,80,0.26139,0.22199
pc_chair,can,(4),corepce_gap_lag2,Core PCE gap,0.15001,0.13611,0.27041,,80,0.26139,0.22199
pc_chair,can,(5),const,const,1.22637,0.37818,0.00118,***,80,0.29312,0.26522
pc_chair,can,(5),cfnai_ma3_lag2,CFNAI-MA3,-0.22221,0.03809,0.0,***,80,0.29312,0.26522
pc_chair,can,(5),vix_pre28,VIX,0.07279,0.02345,0.00191,***,80,0.29312,0.26522
pc_chair,can,(5),post_fw,post-2020-09,0.5853,0.27421,0.0328,**,80,0.29312,0.26522
pc_chair,can,(6) excl-2020,const,const,1.79026,0.53055,0.00074,***,71,0.08731,0.06047
pc_chair,can,(6) excl-2020,cfnai_ma3_lag2,CFNAI-MA3,0.34308,0.43689,0.43228,,71,0.08731,0.06047
pc_chair,can,(6) excl-2020,vix_pre28,VIX,0.05857,0.02905,0.04379,**,71,0.08731,0.06047
pc_chair,can,(7) Δ,const,const,0.02843,0.07343,0.69867,,79,0.01351,-0.01245
pc_chair,can,(7) Δ,d_cfnai,ΔCFNAI,-0.02596,0.06536,0.69122,,79,0.01351,-0.01245
pc_chair,can,(7) Δ,d_vix,ΔVIX,0.03017,0.02627,0.25076,,79,0.01351,-0.01245
pc_chair,can,(8) Δ excl-2020,const,const,0.05162,0.07398,0.48536,,70,0.01055,-0.01899
pc_chair,can,(8) Δ excl-2020,d_cfnai,ΔCFNAI,0.57467,0.56945,0.3129,,70,0.01055,-0.01899
pc_chair,can,(8) Δ excl-2020,d_vix,ΔVIX,0.0006,0.02792,0.98286,,70,0.01055,-0.01899
pc_chair,could,(1),const,const,1.15926,0.0955,0.0,***,80,0.02487,0.01237
pc_chair,could,(1),cfnai_ma3_lag2,CFNAI-MA3,-0.07926,0.02909,0.00644,***,80,0.02487,0.01237
pc_chair,could,(2),const,const,1.62901,0.31869,0.0,***,80,0.05815,0.04607
pc_chair,could,(2),vix_pre28,VIX,-0.02448,0.0144,0.08914,*,80,0.05815,0.04607
pc_chair,could,(3),const,const,1.64761,0.31335,0.0,***,80,0.09007,0.06643
pc_chair,could,(3),cfnai_ma3_lag2,CFNAI-MA3,-0.09011,0.03823,0.01843,**,80,0.09007,0.06643
pc_chair,could,(3),vix_pre28,VIX,-0.02601,0.01367,0.05701,*,80,0.09007,0.06643
pc_chair,could,(4),const,const,1.72192,0.27005,0.0,***,80,0.13808,0.09212
pc_chair,could,(4),cfnai_ma3_lag2,CFNAI-MA3,-0.03363,0.0334,0.31386,,80,0.13808,0.09212
pc_chair,could,(4),vix_pre28,VIX,-0.02956,0.01078,0.00608,***,80,0.13808,0.09212
pc_chair,could,(4),unrate_gap_lag1,Unemp. gap,0.09057,0.05366,0.09144,*,80,0.13808,0.09212
pc_chair,could,(4),corepce_gap_lag2,Core PCE gap,-0.02128,0.06159,0.72977,,80,0.13808,0.09212
pc_chair,could,(5),const,const,1.68164,0.32847,0.0,***,80,0.10303,0.06762
pc_chair,could,(5),cfnai_ma3_lag2,CFNAI-MA3,-0.07401,0.04475,0.09815,*,80,0.10303,0.06762
pc_chair,could,(5),vix_pre28,VIX,-0.02311,0.01052,0.02807,**,80,0.10303,0.06762
pc_chair,could,(5),post_fw,post-2020-09,-0.15101,0.18231,0.40749,,80,0.10303,0.06762
pc_chair,could,(6) excl-2020,const,const,2.00232,0.38352,0.0,***,71,0.11906,0.09315
pc_chair,could,(6) excl-2020,cfnai_ma3_lag2,CFNAI-MA3,0.364,0.20589,0.07708,*,71,0.11906,0.09315
pc_chair,could,(6) excl-2020,vix_pre28,VIX,-0.04557,0.01938,0.01869,**,71,0.11906,0.09315
pc_chair,could,(7) Δ,const,const,-0.00267,0.04225,0.9496,,79,0.0371,0.01176
pc_chair,could,(7) Δ,d_cfnai,ΔCFNAI,-0.09542,0.03784,0.01169,**,79,0.0371,0.01176
pc_chair,could,(7) Δ,d_vix,ΔVIX,-0.00535,0.01848,0.77195,,79,0.0371,0.01176
pc_chair,could,(8) Δ excl-2020,const,const,-0.01842,0.04689,0.69438,,70,0.0039,-0.02584
pc_chair,could,(8) Δ excl-2020,d_cfnai,ΔCFNAI,-0.19907,0.38942,0.60922,,70,0.0039,-0.02584
pc_chair,could,(8) Δ excl-2020,d_vix,ΔVIX,-0.00428,0.02704,0.87436,,70,0.0039,-0.02584
pc_chair,may,(1),const,const,0.90385,0.05917,0.0,***,80,0.00057,-0.01224
pc_chair,may,(1),cfnai_ma3_lag2,CFNAI-MA3,0.00914,0.0173,0.59726,,80,0.00057,-0.01224
pc_chair,may,(2),const,const,0.92096,0.15117,0.0,***,80,0.00016,-0.01266
pc_chair,may,(2),vix_pre28,VIX,-0.00096,0.00696,0.88975,,80,0.00016,-0.01266
pc_chair,may,(3),const,const,0.91914,0.15307,0.0,***,80,0.00068,-0.02527
pc_chair,may,(3),cfnai_ma3_lag2,CFNAI-MA3,0.0088,0.01875,0.63894,,80,0.00068,-0.02527
pc_chair,may,(3),vix_pre28,VIX,-0.00081,0.00715,0.90924,,80,0.00068,-0.02527
pc_chair,may,(4),const,const,0.96343,0.14095,0.0,***,80,0.02113,-0.03107
pc_chair,may,(4),cfnai_ma3_lag2,CFNAI-MA3,0.03871,0.01844,0.03575,**,80,0.02113,-0.03107
pc_chair,may,(4),vix_pre28,VIX,-0.00342,0.0066,0.60443,,80,0.02113,-0.03107
pc_chair,may,(4),unrate_gap_lag1,Unemp. gap,0.05114,0.02722,0.0603,*,80,0.02113,-0.03107
pc_chair,may,(4),corepce_gap_lag2,Core PCE gap,0.00071,0.03582,0.98421,,80,0.02113,-0.03107
pc_chair,may,(5),const,const,0.91626,0.14753,0.0,***,80,0.00084,-0.0386
pc_chair,may,(5),cfnai_ma3_lag2,CFNAI-MA3,0.00744,0.02591,0.77407,,80,0.00084,-0.0386
pc_chair,may,(5),vix_pre28,VIX,-0.00106,0.0079,0.8932,,80,0.00084,-0.0386
pc_chair,may,(5),post_fw,post-2020-09,0.01277,0.12685,0.91978,,80,0.00084,-0.0386
pc_chair,may,(6) excl-2020,const,const,0.99728,0.19486,0.0,***,71,0.00553,-0.02372
pc_chair,may,(6) excl-2020,cfnai_ma3_lag2,CFNAI-MA3,-0.0733,0.25923,0.77735,,71,0.00553,-0.02372
pc_chair,may,(6) excl-2020,vix_pre28,VIX,-0.00539,0.0111,0.62719,,71,0.00553,-0.02372
pc_chair,may,(7) Δ,const,const,-0.00536,0.03406,0.87499,,79,0.00127,-0.02501
pc_chair,may,(7) Δ,d_cfnai,ΔCFNAI,0.00085,0.01865,0.96352,,79,0.00127,-0.02501
pc_chair,may,(7) Δ,d_vix,ΔVIX,0.00444,0.01442,0.75841,,79,0.00127,-0.02501
pc_chair,may,(8) Δ excl-2020,const,const,-0.01117,0.03985,0.77921,,70,0.0007,-0.02913
pc_chair,may,(8) Δ excl-2020,d_cfnai,ΔCFNAI,0.07286,0.36479,0.84168,,70,0.0007,-0.02913
pc_chair,may,(8) Δ excl-2020,d_vix,ΔVIX,0.00078,0.02003,0.9688,,70,0.0007,-0.02913
pc_chair,should,(1),const,const,0.94255,0.08477,0.0,***,80,0.00864,-0.00407
pc_chair,should,(1),cfnai_ma3_lag2,CFNAI-MA3,0.04146,0.01656,0.0123,**,80,0.00864,-0.00407
pc_chair,should,(2),const,const,0.95739,0.1975,0.0,***,80,0.00013,-0.01269
pc_chair,should,(2),vix_pre28,VIX,-0.00104,0.00902,0.90831,,80,0.00013,-0.01269
pc_chair,should,(3),const,const,0.94886,0.19561,0.0,***,80,0.00865,-0.0171
pc_chair,should,(3),cfnai_ma3_lag2,CFNAI-MA3,0.04132,0.01776,0.02002,**,80,0.00865,-0.0171
pc_chair,should,(3),vix_pre28,VIX,-0.00034,0.00897,0.97016,,80,0.00865,-0.0171
pc_chair,should,(4),const,const,0.96699,0.18246,0.0,***,80,0.11496,0.06776
pc_chair,should,(4),cfnai_ma3_lag2,CFNAI-MA3,0.08424,0.03209,0.00867,***,80,0.11496,0.06776
pc_chair,should,(4),vix_pre28,VIX,0.00259,0.01072,0.80901,,80,0.11496,0.06776
pc_chair,should,(4),unrate_gap_lag1,Unemp. gap,0.04417,0.04597,0.33666,,80,0.11496,0.06776
pc_chair,should,(4),corepce_gap_lag2,Core PCE gap,-0.10939,0.06105,0.07315,*,80,0.11496,0.06776
pc_chair,should,(5),const,const,1.00206,0.19396,0.0,***,80,0.04886,0.01131
pc_chair,should,(5),cfnai_ma3_lag2,CFNAI-MA3,0.06649,0.02941,0.0238,**,80,0.04886,0.01131
pc_chair,should,(5),vix_pre28,VIX,0.0042,0.01084,0.69828,,80,0.04886,0.01131
pc_chair,should,(5),post_fw,post-2020-09,-0.23608,0.18812,0.20948,,80,0.04886,0.01131
pc_chair,should,(6) excl-2020,const,const,0.96633,0.25357,0.00014,***,71,0.00161,-0.02776
pc_chair,should,(6) excl-2020,cfnai_ma3_lag2,CFNAI-MA3,0.09223,0.26492,0.72773,,71,0.00161,-0.02776
pc_chair,should,(6) excl-2020,vix_pre28,VIX,-0.00174,0.01468,0.9059,,71,0.00161,-0.02776
pc_chair,should,(7) Δ,const,const,0.00242,0.03472,0.94455,,79,0.02456,-0.00111
pc_chair,should,(7) Δ,d_cfnai,ΔCFNAI,0.02423,0.01486,0.10303,,79,0.02456,-0.00111
pc_chair,should,(7) Δ,d_vix,ΔVIX,0.01932,0.01913,0.31253,,79,0.02456,-0.00111
pc_chair,should,(8) Δ excl-2020,const,const,-0.0028,0.0388,0.94246,,70,0.05116,0.02284
pc_chair,should,(8) Δ excl-2020,d_cfnai,ΔCFNAI,-0.25707,0.40269,0.52322,,70,0.05116,0.02284
pc_chair,should,(8) Δ excl-2020,d_vix,ΔVIX,0.03646,0.02479,0.1413,,70,0.05116,0.02284
pc_chair,will,(1),const,const,8.23294,0.42159,0.0,***,80,0.01959,0.00702
pc_chair,will,(1),cfnai_ma3_lag2,CFNAI-MA3,0.28849,0.09482,0.00235,***,80,0.01959,0.00702
pc_chair,will,(2),const,const,5.38935,0.81331,0.0,***,80,0.12866,0.11748
pc_chair,will,(2),vix_pre28,VIX,0.14932,0.03773,8e-05,***,80,0.12866,0.11748
pc_chair,will,(3),const,const,5.31643,0.85934,0.0,***,80,0.15783,0.13595
pc_chair,will,(3),cfnai_ma3_lag2,CFNAI-MA3,0.35329,0.06102,0.0,***,80,0.15783,0.13595
pc_chair,will,(3),vix_pre28,VIX,0.15534,0.04234,0.00024,***,80,0.15783,0.13595
pc_chair,will,(4),const,const,5.44728,1.07027,0.0,***,80,0.16476,0.12021
pc_chair,will,(4),cfnai_ma3_lag2,CFNAI-MA3,0.39173,0.17108,0.02203,**,80,0.16476,0.12021
pc_chair,will,(4),vix_pre28,VIX,0.14114,0.06692,0.03495,**,80,0.16476,0.12021
pc_chair,will,(4),unrate_gap_lag1,Unemp. gap,0.11329,0.31528,0.71934,,80,0.16476,0.12021
pc_chair,will,(4),corepce_gap_lag2,Core PCE gap,0.18062,0.34387,0.59941,,80,0.16476,0.12021
pc_chair,will,(5),const,const,5.33026,0.87914,0.0,***,80,0.15795,0.12471
pc_chair,will,(5),cfnai_ma3_lag2,CFNAI-MA3,0.35983,0.10325,0.00049,***,80,0.15795,0.12471
pc_chair,will,(5),vix_pre28,VIX,0.15652,0.04522,0.00054,***,80,0.15795,0.12471
pc_chair,will,(5),post_fw,post-2020-09,-0.06136,0.79077,0.93815,,80,0.15795,0.12471
pc_chair,will,(6) excl-2020,const,const,6.00126,1.15131,0.0,***,71,0.10111,0.07467
pc_chair,will,(6) excl-2020,cfnai_ma3_lag2,CFNAI-MA3,1.41445,1.33052,0.28774,,71,0.10111,0.07467
pc_chair,will,(6) excl-2020,vix_pre28,VIX,0.10813,0.05911,0.06736,*,71,0.10111,0.07467
pc_chair,will,(7) Δ,const,const,0.0034,0.18684,0.98549,,79,0.12813,0.10519
pc_chair,will,(7) Δ,d_cfnai,ΔCFNAI,0.68862,0.13446,0.0,***,79,0.12813,0.10519
pc_chair,will,(7) Δ,d_vix,ΔVIX,-0.06041,0.06363,0.34238,,79,0.12813,0.10519
pc_chair,will,(8) Δ excl-2020,const,const,-0.02629,0.15813,0.86794,,70,0.01525,-0.01415
pc_chair,will,(8) Δ excl-2020,d_cfnai,ΔCFNAI,0.25993,1.47296,0.85993,,70,0.01525,-0.01415
pc_chair,will,(8) Δ excl-2020,d_vix,ΔVIX,-0.07574,0.08537,0.37497,,70,0.01525,-0.01415
pc_chair,would,(1),const,const,5.89809,0.18358,0.0,***,80,0.02219,0.00965
pc_chair,would,(1),cfnai_ma3_lag2,CFNAI-MA3,0.20065,0.0555,0.0003,***,80,0.02219,0.00965
pc_chair,would,(2),const,const,6.51083,0.58502,0.0,***,80,0.0154,0.00278
pc_chair,would,(2),vix_pre28,VIX,-0.03377,0.03116,0.27854,,80,0.0154,0.00278
pc_chair,would,(3),const,const,6.47204,0.55882,0.0,***,80,0.03472,0.00965
pc_chair,would,(3),cfnai_ma3_lag2,CFNAI-MA3,0.1879,0.07138,0.00848,***,80,0.03472,0.00965
pc_chair,would,(3),vix_pre28,VIX,-0.03057,0.0292,0.2952,,80,0.03472,0.00965
pc_chair,would,(4),const,const,6.66005,0.50438,0.0,***,80,0.06027,0.01015
pc_chair,would,(4),cfnai_ma3_lag2,CFNAI-MA3,0.25544,0.05923,2e-05,***,80,0.06027,0.01015
pc_chair,would,(4),vix_pre28,VIX,-0.04937,0.02569,0.05469,*,80,0.06027,0.01015
pc_chair,would,(4),unrate_gap_lag1,Unemp. gap,0.17209,0.09753,0.07763,*,80,0.06027,0.01015
pc_chair,would,(4),corepce_gap_lag2,Core PCE gap,0.21554,0.11625,0.06372,*,80,0.06027,0.01015
pc_chair,would,(5),const,const,6.50616,0.5464,0.0,***,80,0.03654,-0.00149
pc_chair,would,(5),cfnai_ma3_lag2,CFNAI-MA3,0.20404,0.09525,0.03218,**,80,0.03654,-0.00149
pc_chair,would,(5),vix_pre28,VIX,-0.02766,0.03381,0.41336,,80,0.03654,-0.00149
pc_chair,would,(5),post_fw,post-2020-09,-0.1514,0.40391,0.70778,,80,0.03654,-0.00149
pc_chair,would,(6) excl-2020,const,const,5.88202,0.61564,0.0,***,71,0.00328,-0.02603
pc_chair,would,(6) excl-2020,cfnai_ma3_lag2,CFNAI-MA3,0.34103,0.68024,0.61613,,71,0.00328,-0.02603
pc_chair,would,(6) excl-2020,vix_pre28,VIX,0.00471,0.03472,0.89205,,71,0.00328,-0.02603
pc_chair,would,(7) Δ,const,const,-0.02218,0.11417,0.84594,,79,0.01124,-0.01478
pc_chair,would,(7) Δ,d_cfnai,ΔCFNAI,0.16661,0.15392,0.27906,,79,0.01124,-0.01478
pc_chair,would,(7) Δ,d_vix,ΔVIX,0.00718,0.07023,0.91856,,79,0.01124,-0.01478
pc_chair,would,(8) Δ excl-2020,const,const,-0.07638,0.12385,0.53743,,70,0.05291,0.02464
pc_chair,would,(8) Δ excl-2020,d_cfnai,ΔCFNAI,-1.56561,1.28485,0.22303,,70,0.05291,0.02464
pc_chair,would,(8) Δ excl-2020,d_vix,ΔVIX,0.11857,0.06118,0.05263,*,70,0.05291,0.02464
pc_journalist,ALL,(1),const,const,17.8553,0.46651,0.0,***,80,0.05006,0.03788
pc_journalist,ALL,(1),cfnai_ma3_lag2,CFNAI-MA3,0.6259,0.12972,0.0,***,80,0.05006,0.03788
pc_journalist,ALL,(2),const,const,18.05779,1.17355,0.0,***,80,0.00066,-0.01215
pc_journalist,ALL,(2),vix_pre28,VIX,-0.01454,0.04893,0.76628,,80,0.00066,-0.01215
pc_journalist,ALL,(3),const,const,17.92893,1.1803,0.0,***,80,0.05011,0.02543
pc_journalist,ALL,(3),cfnai_ma3_lag2,CFNAI-MA3,0.62427,0.13129,0.0,***,80,0.05011,0.02543
pc_journalist,ALL,(3),vix_pre28,VIX,-0.00392,0.05025,0.93779,,80,0.05011,0.02543
pc_journalist,ALL,(4),const,const,18.27141,1.19368,0.0,***,80,0.07688,0.02765
pc_journalist,ALL,(4),cfnai_ma3_lag2,CFNAI-MA3,0.86827,0.19582,1e-05,***,80,0.07688,0.02765
pc_journalist,ALL,(4),vix_pre28,VIX,-0.02242,0.0605,0.71099,,80,0.07688,0.02765
pc_journalist,ALL,(4),unrate_gap_lag1,Unemp. gap,0.40507,0.34586,0.24152,,80,0.07688,0.02765
pc_journalist,ALL,(4),corepce_gap_lag2,Core PCE gap,-0.03986,0.38629,0.91781,,80,0.07688,0.02765
pc_journalist,ALL,(5),const,const,17.93209,1.19353,0.0,***,80,0.05011,0.01262
pc_journalist,ALL,(5),cfnai_ma3_lag2,CFNAI-MA3,0.62576,0.15948,9e-05,***,80,0.05011,0.01262
pc_journalist,ALL,(5),vix_pre28,VIX,-0.00365,0.05415,0.94622,,80,0.05011,0.01262
pc_journalist,ALL,(5),post_fw,post-2020-09,-0.01402,1.01922,0.98903,,80,0.05011,0.01262
pc_journalist,ALL,(6) excl-2020,const,const,18.98583,1.68972,0.0,***,71,0.05729,0.02956
pc_journalist,ALL,(6) excl-2020,cfnai_ma3_lag2,CFNAI-MA3,3.10366,1.90726,0.10368,,71,0.05729,0.02956
pc_journalist,ALL,(6) excl-2020,vix_pre28,VIX,-0.07613,0.0776,0.32656,,71,0.05729,0.02956
pc_journalist,ALL,(7) Δ,const,const,0.00115,0.23847,0.99615,,79,0.10615,0.08262
pc_journalist,ALL,(7) Δ,d_cfnai,ΔCFNAI,0.7251,0.10908,0.0,***,79,0.10615,0.08262
pc_journalist,ALL,(7) Δ,d_vix,ΔVIX,-0.22551,0.08553,0.00837,***,79,0.10615,0.08262
pc_journalist,ALL,(8) Δ excl-2020,const,const,-0.08222,0.22553,0.71543,,70,0.04209,0.01349
pc_journalist,ALL,(8) Δ excl-2020,d_cfnai,ΔCFNAI,-0.58531,2.16512,0.7869,,70,0.04209,0.01349
pc_journalist,ALL,(8) Δ excl-2020,d_vix,ΔVIX,-0.19749,0.12081,0.1021,,70,0.04209,0.01349
pc_journalist,can,(1),const,const,2.76537,0.23513,0.0,***,80,0.00043,-0.01238
pc_journalist,can,(1),cfnai_ma3_lag2,CFNAI-MA3,-0.02766,0.11826,0.81507,,80,0.00043,-0.01238
pc_journalist,can,(2),const,const,2.05629,0.60958,0.00074,***,80,0.0199,0.00734
pc_journalist,can,(2),vix_pre28,VIX,0.03784,0.03386,0.26373,,80,0.0199,0.00734
pc_journalist,can,(3),const,const,2.05875,0.6138,0.0008,***,80,0.01998,-0.00547
pc_journalist,can,(3),cfnai_ma3_lag2,CFNAI-MA3,-0.01196,0.10427,0.90866,,80,0.01998,-0.00547
pc_journalist,can,(3),vix_pre28,VIX,0.03763,0.03442,0.27428,,80,0.01998,-0.00547
pc_journalist,can,(4),const,const,2.35057,0.58841,6e-05,***,80,0.08671,0.038
pc_journalist,can,(4),cfnai_ma3_lag2,CFNAI-MA3,0.17821,0.1066,0.09459,*,80,0.08671,0.038
pc_journalist,can,(4),vix_pre28,VIX,0.01957,0.03333,0.55719,,80,0.08671,0.038
pc_journalist,can,(4),unrate_gap_lag1,Unemp. gap,0.33172,0.15546,0.03286,**,80,0.08671,0.038
pc_journalist,can,(4),corepce_gap_lag2,Core PCE gap,0.02945,0.16699,0.86002,,80,0.08671,0.038
pc_journalist,can,(5),const,const,1.97379,0.65769,0.00269,***,80,0.03156,-0.00667
pc_journalist,can,(5),cfnai_ma3_lag2,CFNAI-MA3,-0.05216,0.09421,0.57984,,80,0.03156,-0.00667
pc_journalist,can,(5),vix_pre28,VIX,0.03039,0.0343,0.37562,,80,0.03156,-0.00667
pc_journalist,can,(5),post_fw,post-2020-09,0.37702,0.37238,0.31131,,80,0.03156,-0.00667
pc_journalist,can,(6) excl-2020,const,const,2.93195,0.86513,0.0007,***,71,0.01475,-0.01422
pc_journalist,can,(6) excl-2020,cfnai_ma3_lag2,CFNAI-MA3,0.74457,0.87368,0.39409,,71,0.01475,-0.01422
pc_journalist,can,(6) excl-2020,vix_pre28,VIX,-0.02061,0.04441,0.64259,,71,0.01475,-0.01422
pc_journalist,can,(7) Δ,const,const,0.04385,0.13161,0.73898,,79,0.11865,0.09546
pc_journalist,can,(7) Δ,d_cfnai,ΔCFNAI,0.05072,0.0634,0.42372,,79,0.11865,0.09546
pc_journalist,can,(7) Δ,d_vix,ΔVIX,-0.13721,0.03088,1e-05,***,79,0.11865,0.09546
pc_journalist,can,(8) Δ excl-2020,const,const,-0.0378,0.14267,0.79103,,70,0.14348,0.11791
pc_journalist,can,(8) Δ excl-2020,d_cfnai,ΔCFNAI,0.72332,0.7271,0.31984,,70,0.14348,0.11791
pc_journalist,can,(8) Δ excl-2020,d_vix,ΔVIX,-0.17429,0.03478,0.0,***,70,0.14348,0.11791
pc_journalist,could,(1),const,const,4.23117,0.22073,0.0,***,80,0.00581,-0.00694
pc_journalist,could,(1),cfnai_ma3_lag2,CFNAI-MA3,0.1109,0.13159,0.39936,,80,0.00581,-0.00694
pc_journalist,could,(2),const,const,4.10153,0.64853,0.0,***,80,0.00045,-0.01237
pc_journalist,could,(2),vix_pre28,VIX,0.00622,0.03095,0.84081,,80,0.00045,-0.01237
pc_journalist,could,(3),const,const,4.07793,0.65999,0.0,***,80,0.00657,-0.01923
pc_journalist,could,(3),cfnai_ma3_lag2,CFNAI-MA3,0.1143,0.132,0.38653,,80,0.00657,-0.01923
pc_journalist,could,(3),vix_pre28,VIX,0.00816,0.03196,0.79846,,80,0.00657,-0.01923
pc_journalist,could,(4),const,const,4.32886,0.65041,0.0,***,80,0.06175,0.01171
pc_journalist,could,(4),cfnai_ma3_lag2,CFNAI-MA3,0.29529,0.09452,0.00178,***,80,0.06175,0.01171
pc_journalist,could,(4),vix_pre28,VIX,-0.0051,0.02783,0.85456,,80,0.06175,0.01171
pc_journalist,could,(4),unrate_gap_lag1,Unemp. gap,0.29846,0.13307,0.02491,**,80,0.06175,0.01171
pc_journalist,could,(4),corepce_gap_lag2,Core PCE gap,-0.03713,0.15281,0.80805,,80,0.06175,0.01171
pc_journalist,could,(5),const,const,4.09582,0.71212,0.0,***,80,0.007,-0.0322
pc_journalist,could,(5),cfnai_ma3_lag2,CFNAI-MA3,0.12277,0.1479,0.40649,,80,0.007,-0.0322
pc_journalist,could,(5),vix_pre28,VIX,0.00969,0.03033,0.74939,,80,0.007,-0.0322
pc_journalist,could,(5),post_fw,post-2020-09,-0.07937,0.45739,0.86223,,80,0.007,-0.0322
pc_journalist,could,(6) excl-2020,const,const,4.31422,1.05117,4e-05,***,71,0.00952,-0.01961
pc_journalist,could,(6) excl-2020,cfnai_ma3_lag2,CFNAI-MA3,0.71687,1.22955,0.55987,,71,0.00952,-0.01961
pc_journalist,could,(6) excl-2020,vix_pre28,VIX,-0.00517,0.05538,0.92561,,71,0.00952,-0.01961
pc_journalist,could,(7) Δ,const,const,-0.01246,0.13508,0.92653,,79,0.03441,0.009
pc_journalist,could,(7) Δ,d_cfnai,ΔCFNAI,0.30291,0.15241,0.04687,**,79,0.03441,0.009
pc_journalist,could,(7) Δ,d_vix,ΔVIX,-0.01246,0.0614,0.83924,,79,0.03441,0.009
pc_journalist,could,(8) Δ excl-2020,const,const,0.04321,0.15306,0.77769,,70,0.14479,0.11926
pc_journalist,could,(8) Δ excl-2020,d_cfnai,ΔCFNAI,4.31569,1.59837,0.00693,***,70,0.14479,0.11926
pc_journalist,could,(8) Δ excl-2020,d_vix,ΔVIX,0.00896,0.07903,0.90977,,70,0.14479,0.11926
pc_journalist,may,(1),const,const,0.6943,0.06805,0.0,***,80,0.0165,0.00389
pc_journalist,may,(1),cfnai_ma3_lag2,CFNAI-MA3,0.06749,0.02734,0.01358,**,80,0.0165,0.00389
pc_journalist,may,(2),const,const,0.67954,0.23913,0.00449,***,80,1e-05,-0.01281
pc_journalist,may,(2),vix_pre28,VIX,0.00038,0.01303,0.97699,,80,1e-05,-0.01281
pc_journalist,may,(3),const,const,0.66548,0.25444,0.00891,***,80,0.01671,-0.00883
pc_journalist,may,(3),cfnai_ma3_lag2,CFNAI-MA3,0.06813,0.03221,0.03441,**,80,0.01671,-0.00883
pc_journalist,may,(3),vix_pre28,VIX,0.00154,0.01441,0.91515,,80,0.01671,-0.00883
pc_journalist,may,(4),const,const,0.63062,0.2824,0.02555,**,80,0.02282,-0.02929
pc_journalist,may,(4),cfnai_ma3_lag2,CFNAI-MA3,0.04538,0.0415,0.27425,,80,0.02282,-0.02929
pc_journalist,may,(4),vix_pre28,VIX,0.00369,0.01715,0.82968,,80,0.02282,-0.02929
pc_journalist,may,(4),unrate_gap_lag1,Unemp. gap,-0.03965,0.0628,0.52779,,80,0.02282,-0.02929
pc_journalist,may,(4),corepce_gap_lag2,Core PCE gap,-0.00338,0.06785,0.96023,,80,0.02282,-0.02929
pc_journalist,may,(5),const,const,0.67654,0.24305,0.00538,***,80,0.01797,-0.0208
pc_journalist,may,(5),cfnai_ma3_lag2,CFNAI-MA3,0.07336,0.0396,0.06394,*,80,0.01797,-0.0208
pc_journalist,may,(5),vix_pre28,VIX,0.00248,0.01484,0.86737,,80,0.01797,-0.0208
pc_journalist,may,(5),post_fw,post-2020-09,-0.0491,0.15665,0.75393,,80,0.01797,-0.0208
pc_journalist,may,(6) excl-2020,const,const,0.81896,0.24495,0.00083,***,71,0.00843,-0.02074
pc_journalist,may,(6) excl-2020,cfnai_ma3_lag2,CFNAI-MA3,-0.13552,0.26913,0.61458,,71,0.00843,-0.02074
pc_journalist,may,(6) excl-2020,vix_pre28,VIX,-0.00801,0.01265,0.52668,,71,0.00843,-0.02074
pc_journalist,may,(7) Δ,const,const,-0.00581,0.05166,0.91048,,79,0.07214,0.04773
pc_journalist,may,(7) Δ,d_cfnai,ΔCFNAI,0.16338,0.03724,1e-05,***,79,0.07214,0.04773
pc_journalist,may,(7) Δ,d_vix,ΔVIX,-0.01347,0.0194,0.48735,,79,0.07214,0.04773
pc_journalist,may,(8) Δ excl-2020,const,const,-0.01168,0.04949,0.8135,,70,0.04614,0.01766
pc_journalist,may,(8) Δ excl-2020,d_cfnai,ΔCFNAI,-0.71486,0.51376,0.16409,,70,0.04614,0.01766
pc_journalist,may,(8) Δ excl-2020,d_vix,ΔVIX,-0.02343,0.02524,0.35328,,70,0.04614,0.01766
pc_journalist,should,(1),const,const,1.44326,0.10437,0.0,***,80,0.02697,0.0145
pc_journalist,should,(1),cfnai_ma3_lag2,CFNAI-MA3,0.146,0.037,8e-05,***,80,0.02697,0.0145
pc_journalist,should,(2),const,const,1.35882,0.37455,0.00029,***,80,0.0004,-0.01241
pc_journalist,should,(2),vix_pre28,VIX,0.0036,0.01678,0.83003,,80,0.0004,-0.01241
pc_journalist,should,(3),const,const,1.32816,0.38607,0.00058,***,80,0.02813,0.00289
pc_journalist,should,(3),cfnai_ma3_lag2,CFNAI-MA3,0.14856,0.03545,3e-05,***,80,0.02813,0.00289
pc_journalist,should,(3),vix_pre28,VIX,0.00613,0.01829,0.73753,,80,0.02813,0.00289
pc_journalist,should,(4),const,const,1.3039,0.32292,5e-05,***,80,0.04124,-0.0099
pc_journalist,should,(4),cfnai_ma3_lag2,CFNAI-MA3,0.15968,0.05581,0.00422,***,80,0.04124,-0.0099
pc_journalist,should,(4),vix_pre28,VIX,0.01114,0.01455,0.44409,,80,0.04124,-0.0099
pc_journalist,should,(4),unrate_gap_lag1,Unemp. gap,-0.00718,0.06797,0.91582,,80,0.04124,-0.0099
pc_journalist,should,(4),corepce_gap_lag2,Core PCE gap,-0.09874,0.07343,0.17873,,80,0.04124,-0.0099
pc_journalist,should,(5),const,const,1.42316,0.33595,2e-05,***,80,0.06041,0.02332
pc_journalist,should,(5),cfnai_ma3_lag2,CFNAI-MA3,0.1935,0.03819,0.0,***,80,0.06041,0.02332
pc_journalist,should,(5),vix_pre28,VIX,0.01423,0.0128,0.26631,,80,0.06041,0.02332
pc_journalist,should,(5),post_fw,post-2020-09,-0.42153,0.1993,0.03443,**,80,0.06041,0.02332
pc_journalist,should,(6) excl-2020,const,const,1.87794,0.45716,4e-05,***,71,0.02971,0.00118
pc_journalist,should,(6) excl-2020,cfnai_ma3_lag2,CFNAI-MA3,0.73077,0.52219,0.16168,,71,0.02971,0.00118
pc_journalist,should,(6) excl-2020,vix_pre28,VIX,-0.02537,0.02254,0.26029,,71,0.02971,0.00118
pc_journalist,should,(7) Δ,const,const,-0.0062,0.07615,0.93512,,79,0.03787,0.01256
pc_journalist,should,(7) Δ,d_cfnai,ΔCFNAI,0.21341,0.03732,0.0,***,79,0.03787,0.01256
pc_journalist,should,(7) Δ,d_vix,ΔVIX,-0.0096,0.02772,0.72901,,79,0.03787,0.01256
pc_journalist,should,(8) Δ excl-2020,const,const,-0.00808,0.08289,0.92232,,70,0.00793,-0.02168
pc_journalist,should,(8) Δ excl-2020,d_cfnai,ΔCFNAI,-0.39248,0.74432,0.59798,,70,0.00793,-0.02168
pc_journalist,should,(8) Δ excl-2020,d_vix,ΔVIX,-0.02748,0.03621,0.44784,,70,0.00793,-0.02168
pc_journalist,will,(1),const,const,3.00411,0.2047,0.0,***,80,0.01346,0.00081
pc_journalist,will,(1),cfnai_ma3_lag2,CFNAI-MA3,0.15665,0.09997,0.11714,,80,0.01346,0.00081
pc_journalist,will,(2),const,const,2.80697,0.62369,1e-05,***,80,0.00122,-0.01158
pc_journalist,will,(2),vix_pre28,VIX,0.00953,0.03678,0.79565,,80,0.00122,-0.01158
pc_journalist,will,(3),const,const,2.77357,0.59683,0.0,***,80,0.01547,-0.0101
pc_journalist,will,(3),cfnai_ma3_lag2,CFNAI-MA3,0.16177,0.11093,0.14476,,80,0.01547,-0.0101
pc_journalist,will,(3),vix_pre28,VIX,0.01228,0.03523,0.72744,,80,0.01547,-0.0101
pc_journalist,will,(4),const,const,2.6018,0.48747,0.0,***,80,0.06639,0.01659
pc_journalist,will,(4),cfnai_ma3_lag2,CFNAI-MA3,0.01646,0.11408,0.8853,,80,0.06639,0.01659
pc_journalist,will,(4),vix_pre28,VIX,0.01857,0.02397,0.43841,,80,0.06639,0.01659
pc_journalist,will,(4),unrate_gap_lag1,Unemp. gap,-0.22053,0.11845,0.06262,*,80,0.06639,0.01659
pc_journalist,will,(4),corepce_gap_lag2,Core PCE gap,0.10197,0.17242,0.55424,,80,0.06639,0.01659
pc_journalist,will,(5),const,const,2.74978,0.58608,0.0,***,80,0.01635,-0.02248
pc_journalist,will,(5),cfnai_ma3_lag2,CFNAI-MA3,0.15051,0.11456,0.18891,,80,0.01635,-0.02248
pc_journalist,will,(5),vix_pre28,VIX,0.01025,0.03454,0.76663,,80,0.01635,-0.02248
pc_journalist,will,(5),post_fw,post-2020-09,0.10558,0.33038,0.7493,,80,0.01635,-0.02248
pc_journalist,will,(6) excl-2020,const,const,1.7288,0.43883,8e-05,***,71,0.07641,0.04924
pc_journalist,will,(6) excl-2020,cfnai_ma3_lag2,CFNAI-MA3,0.70797,0.56262,0.20827,,71,0.07641,0.04924
pc_journalist,will,(6) excl-2020,vix_pre28,VIX,0.07633,0.02274,0.00079,***,71,0.07641,0.04924
pc_journalist,will,(7) Δ,const,const,-0.00152,0.11889,0.98982,,79,0.00273,-0.02351
pc_journalist,will,(7) Δ,d_cfnai,ΔCFNAI,0.03397,0.05891,0.56422,,79,0.00273,-0.02351
pc_journalist,will,(7) Δ,d_vix,ΔVIX,-0.02383,0.0434,0.58284,,79,0.00273,-0.02351
pc_journalist,will,(8) Δ excl-2020,const,const,-0.04908,0.12796,0.70132,,70,0.06783,0.04
pc_journalist,will,(8) Δ excl-2020,d_cfnai,ΔCFNAI,-2.82913,1.01154,0.00516,***,70,0.06783,0.04
pc_journalist,will,(8) Δ excl-2020,d_vix,ΔVIX,0.02019,0.06053,0.73877,,70,0.06783,0.04
pc_journalist,would,(1),const,const,5.71708,0.24489,0.0,***,80,0.01178,-0.00089
pc_journalist,would,(1),cfnai_ma3_lag2,CFNAI-MA3,0.17253,0.09284,0.06312,*,80,0.01178,-0.00089
pc_journalist,would,(2),const,const,7.05465,0.62512,0.0,***,80,0.05042,0.03825
pc_journalist,would,(2),vix_pre28,VIX,-0.0721,0.02521,0.00424,***,80,0.05042,0.03825
pc_journalist,would,(3),const,const,7.02504,0.62066,0.0,***,80,0.05851,0.03405
pc_journalist,would,(3),cfnai_ma3_lag2,CFNAI-MA3,0.14347,0.07211,0.04665,**,80,0.05851,0.03405
pc_journalist,would,(3),vix_pre28,VIX,-0.06966,0.02492,0.00517,***,80,0.05851,0.03405
pc_journalist,would,(4),const,const,7.05566,0.59093,0.0,***,80,0.06038,0.01026
pc_journalist,would,(4),cfnai_ma3_lag2,CFNAI-MA3,0.17325,0.10759,0.10734,,80,0.06038,0.01026
pc_journalist,would,(4),vix_pre28,VIX,-0.07028,0.02761,0.01092,**,80,0.06038,0.01026
pc_journalist,would,(4),unrate_gap_lag1,Unemp. gap,0.04225,0.19114,0.82505,,80,0.06038,0.01026
pc_journalist,would,(4),corepce_gap_lag2,Core PCE gap,-0.03204,0.18462,0.86224,,80,0.06038,0.01026
pc_journalist,would,(5),const,const,7.01301,0.63391,0.0,***,80,0.05867,0.02151
pc_journalist,would,(5),cfnai_ma3_lag2,CFNAI-MA3,0.13778,0.10149,0.17458,,80,0.05867,0.02151
pc_journalist,would,(5),vix_pre28,VIX,-0.07069,0.02632,0.00725,***,80,0.05867,0.02151
pc_journalist,would,(5),post_fw,post-2020-09,0.05338,0.5436,0.92177,,80,0.05867,0.02151
pc_journalist,would,(6) excl-2020,const,const,7.31396,0.83031,0.0,***,71,0.05407,0.02625
pc_journalist,would,(6) excl-2020,cfnai_ma3_lag2,CFNAI-MA3,0.33899,0.81995,0.6793,,71,0.05407,0.02625
pc_journalist,would,(6) excl-2020,vix_pre28,VIX,-0.0933,0.03835,0.01498,**,71,0.05407,0.02625
pc_journalist,would,(7) Δ,const,const,-0.01672,0.14306,0.90695,,79,0.00383,-0.02238
pc_journalist,would,(7) Δ,d_cfnai,ΔCFNAI,-0.03927,0.0943,0.67706,,79,0.00383,-0.02238
pc_journalist,would,(7) Δ,d_vix,ΔVIX,-0.02894,0.0614,0.63741,,79,0.00383,-0.02238
pc_journalist,would,(8) Δ excl-2020,const,const,-0.0188,0.15134,0.90115,,70,0.02116,-0.00806
pc_journalist,would,(8) Δ excl-2020,d_cfnai,ΔCFNAI,-1.68784,1.21078,0.16332,,70,0.02116,-0.00806
pc_journalist,would,(8) Δ excl-2020,d_vix,ΔVIX,-0.00143,0.06399,0.98214,,70,0.02116,-0.00806
pc_moderator,ALL,(1),const,const,31.83133,7.13452,1e-05,***,49,0.00866,-0.01243
pc_moderator,ALL,(1),cfnai_ma3_lag2,CFNAI-MA3,2.1463,2.00757,0.28502,,49,0.00866,-0.01243
pc_moderator,ALL,(2),const,const,-3.69003,18.23881,0.83967,,49,0.08275,0.06323
pc_moderator,ALL,(2),vix_pre28,VIX,1.6646,0.78601,0.03419,**,49,0.08275,0.06323
pc_moderator,ALL,(3),const,const,-4.42128,17.65859,0.8023,,49,0.09621,0.05691
pc_moderator,ALL,(3),cfnai_ma3_lag2,CFNAI-MA3,2.68381,1.76894,0.12922,,49,0.09621,0.05691
pc_moderator,ALL,(3),vix_pre28,VIX,1.71747,0.76294,0.02438,**,49,0.09621,0.05691
pc_moderator,ALL,(4),const,const,-18.55392,15.9241,0.24396,,49,0.24922,0.18097
pc_moderator,ALL,(4),cfnai_ma3_lag2,CFNAI-MA3,7.18521,2.92218,0.01394,**,49,0.24922,0.18097
pc_moderator,ALL,(4),vix_pre28,VIX,1.41791,0.68776,0.03924,**,49,0.24922,0.18097
pc_moderator,ALL,(4),unrate_gap_lag1,Unemp. gap,10.80016,4.00525,0.00701,***,49,0.24922,0.18097
pc_moderator,ALL,(4),corepce_gap_lag2,Core PCE gap,13.2598,4.64589,0.00432,***,49,0.24922,0.18097
pc_moderator,ALL,(5),const,const,-6.86946,54.95721,0.90053,,49,0.09625,0.036
pc_moderator,ALL,(5),cfnai_ma3_lag2,CFNAI-MA3,2.50889,3.21968,0.43584,,49,0.09625,0.036
pc_moderator,ALL,(5),vix_pre28,VIX,1.75862,1.3447,0.19094,,49,0.09625,0.036
pc_moderator,ALL,(5),post_fw,post-2020-09,1.69067,31.05611,0.95659,,49,0.09625,0.036
pc_moderator,ALL,(6) excl-2020,const,const,-0.15658,23.15345,0.9946,,42,0.27454,0.23734
pc_moderator,ALL,(6) excl-2020,cfnai_ma3_lag2,CFNAI-MA3,53.21909,10.13925,0.0,***,42,0.27454,0.23734
pc_moderator,ALL,(6) excl-2020,vix_pre28,VIX,1.557,1.31376,0.23596,,42,0.27454,0.23734
pc_moderator,ALL,(7) Δ,const,const,0.50582,3.38965,0.88138,,48,0.02398,-0.0194
pc_moderator,ALL,(7) Δ,d_cfnai,ΔCFNAI,3.36105,0.97765,0.00059,***,48,0.02398,-0.0194
pc_moderator,ALL,(7) Δ,d_vix,ΔVIX,-0.67055,0.94142,0.4763,,48,0.02398,-0.0194
pc_moderator,ALL,(8) Δ excl-2020,const,const,2.72379,3.59724,0.44894,,42,0.0888,0.04208
pc_moderator,ALL,(8) Δ excl-2020,d_cfnai,ΔCFNAI,54.24662,39.5486,0.17017,,42,0.0888,0.04208
pc_moderator,ALL,(8) Δ excl-2020,d_vix,ΔVIX,0.02915,0.92889,0.97497,,42,0.0888,0.04208
pc_moderator,will,(1),const,const,31.52626,7.09163,1e-05,***,49,0.00845,-0.01265
pc_moderator,will,(1),cfnai_ma3_lag2,CFNAI-MA3,2.11732,2.00753,0.29157,,49,0.00845,-0.01265
pc_moderator,will,(2),const,const,-2.01391,18.36796,0.91269,,49,0.07387,0.05417
pc_moderator,will,(2),vix_pre28,VIX,1.57114,0.79062,0.0469,**,49,0.07387,0.05417
pc_moderator,will,(3),const,const,-2.72919,17.80937,0.87821,,49,0.08678,0.04707
pc_moderator,will,(3),cfnai_ma3_lag2,CFNAI-MA3,2.62522,1.77679,0.13954,,49,0.08678,0.04707
pc_moderator,will,(3),vix_pre28,VIX,1.62286,0.76884,0.03479,**,49,0.08678,0.04707
pc_moderator,will,(4),const,const,-16.72645,16.40435,0.3079,,49,0.24424,0.17553
pc_moderator,will,(4),cfnai_ma3_lag2,CFNAI-MA3,7.2638,2.90735,0.01247,**,49,0.24424,0.17553
pc_moderator,will,(4),vix_pre28,VIX,1.30983,0.69244,0.05854,*,49,0.24424,0.17553
pc_moderator,will,(4),unrate_gap_lag1,Unemp. gap,11.04681,3.94477,0.0051,***,49,0.24424,0.17553
pc_moderator,will,(4),corepce_gap_lag2,Core PCE gap,13.33007,4.69571,0.00453,***,49,0.24424,0.17553
pc_moderator,will,(5),const,const,-6.84836,55.91363,0.90252,,49,0.08691,0.02604
pc_moderator,will,(5),cfnai_ma3_lag2,CFNAI-MA3,2.33091,3.29392,0.47917,,49,0.08691,0.02604
pc_moderator,will,(5),vix_pre28,VIX,1.69208,1.3591,0.21313,,49,0.08691,0.02604
pc_moderator,will,(5),post_fw,post-2020-09,2.84462,31.6957,0.92849,,49,0.08691,0.02604
pc_moderator,will,(6) excl-2020,const,const,1.64456,23.85171,0.94503,,42,0.26489,0.22719
pc_moderator,will,(6) excl-2020,cfnai_ma3_lag2,CFNAI-MA3,53.25459,10.03788,0.0,***,42,0.26489,0.22719
pc_moderator,will,(6) excl-2020,vix_pre28,VIX,1.455,1.3544,0.2827,,42,0.26489,0.22719
pc_moderator,will,(7) Δ,const,const,0.61041,3.39781,0.85743,,48,0.02527,-0.01805
pc_moderator,will,(7) Δ,d_cfnai,ΔCFNAI,3.40918,0.99513,0.00061,***,48,0.02527,-0.01805
pc_moderator,will,(7) Δ,d_vix,ΔVIX,-0.75421,0.91219,0.40835,,48,0.02527,-0.01805
pc_moderator,will,(8) Δ excl-2020,const,const,2.74466,3.64548,0.45151,,42,0.09061,0.04397
pc_moderator,will,(8) Δ excl-2020,d_cfnai,ΔCFNAI,55.65258,39.93559,0.16345,,42,0.09061,0.04397
pc_moderator,will,(8) Δ excl-2020,d_vix,ΔVIX,-0.16042,0.9213,0.86177,,42,0.09061,0.04397
speech_chair,ALL,(1),const,const,12.73113,0.3774,0.0,***,124,0.00782,-0.00031
speech_chair,ALL,(1),cfnai_ma3_lag2,CFNAI-MA3,-0.51824,0.21637,0.01661,**,124,0.00782,-0.00031
speech_chair,ALL,(2),const,const,11.53929,1.2833,0.0,***,124,0.00881,0.00069
speech_chair,ALL,(2),vix_pre28,VIX,0.07127,0.07052,0.31224,,124,0.00881,0.00069
speech_chair,ALL,(3),const,const,11.65462,1.27642,0.0,***,124,0.01431,-0.00198
speech_chair,ALL,(3),cfnai_ma3_lag2,CFNAI-MA3,-0.44038,0.21525,0.04077,**,124,0.01431,-0.00198
speech_chair,ALL,(3),vix_pre28,VIX,0.06198,0.06994,0.37551,,124,0.01431,-0.00198
speech_chair,ALL,(4),const,const,11.53988,1.28589,0.0,***,124,0.01819,-0.01481
speech_chair,ALL,(4),cfnai_ma3_lag2,CFNAI-MA3,-0.35962,0.21491,0.09427,*,124,0.01819,-0.01481
speech_chair,ALL,(4),vix_pre28,VIX,0.07293,0.07508,0.33138,,124,0.01819,-0.01481
speech_chair,ALL,(4),unrate_gap_lag1,Unemp. gap,0.0215,0.22103,0.92252,,124,0.01819,-0.01481
speech_chair,ALL,(4),corepce_gap_lag2,Core PCE gap,-0.25957,0.38354,0.49855,,124,0.01819,-0.01481
speech_chair,ALL,(5),const,const,11.64701,1.17748,0.0,***,124,0.01761,-0.00695
speech_chair,ALL,(5),cfnai_ma3_lag2,CFNAI-MA3,-0.36585,0.23016,0.11193,,124,0.01761,-0.00695
speech_chair,ALL,(5),vix_pre28,VIX,0.07561,0.06707,0.25963,,124,0.01761,-0.00695
speech_chair,ALL,(5),post_fw,post-2020-09,-0.60101,0.77143,0.43593,,124,0.01761,-0.00695
speech_chair,ALL,(6) excl-2020,const,const,13.35202,1.59697,0.0,***,118,0.01021,-0.00701
speech_chair,ALL,(6) excl-2020,cfnai_ma3_lag2,CFNAI-MA3,-2.03991,1.68442,0.22588,,118,0.01021,-0.00701
speech_chair,ALL,(6) excl-2020,vix_pre28,VIX,-0.04604,0.09314,0.62108,,118,0.01021,-0.00701
speech_chair,ALL,(7) Δ,const,const,0.02306,0.27463,0.93309,,123,0.01012,-0.00638
speech_chair,ALL,(7) Δ,d_cfnai,ΔCFNAI,-0.65622,0.32751,0.04511,**,123,0.01012,-0.00638
speech_chair,ALL,(7) Δ,d_vix,ΔVIX,0.06756,0.07309,0.35526,,123,0.01012,-0.00638
speech_chair,ALL,(8) Δ excl-2020,const,const,0.0295,0.28463,0.91745,,117,0.00336,-0.01413
speech_chair,ALL,(8) Δ excl-2020,d_cfnai,ΔCFNAI,0.60502,0.85984,0.48166,,117,0.00336,-0.01413
speech_chair,ALL,(8) Δ excl-2020,d_vix,ΔVIX,-0.13181,0.21898,0.54721,,117,0.00336,-0.01413
speech_chair,can,(1),const,const,2.28093,0.16239,0.0,***,124,0.11715,0.10991
speech_chair,can,(1),cfnai_ma3_lag2,CFNAI-MA3,-0.78695,0.1406,0.0,***,124,0.11715,0.10991
speech_chair,can,(2),const,const,1.03607,0.51309,0.04346,**,124,0.06498,0.05731
speech_chair,can,(2),vix_pre28,VIX,0.07594,0.03001,0.01139,**,124,0.06498,0.05731
speech_chair,can,(3),const,const,1.22211,0.43975,0.00545,***,124,0.1579,0.14398
speech_chair,can,(3),cfnai_ma3_lag2,CFNAI-MA3,-0.71037,0.10387,0.0,***,124,0.1579,0.14398
speech_chair,can,(3),vix_pre28,VIX,0.06096,0.02304,0.00815,***,124,0.1579,0.14398
speech_chair,can,(4),const,const,1.04352,0.42891,0.01498,**,124,0.1979,0.17093
speech_chair,can,(4),cfnai_ma3_lag2,CFNAI-MA3,-0.629,0.09046,0.0,***,124,0.1979,0.17093
speech_chair,can,(4),vix_pre28,VIX,0.07725,0.02129,0.00029,***,124,0.1979,0.17093
speech_chair,can,(4),unrate_gap_lag1,Unemp. gap,0.00341,0.05609,0.95154,,124,0.1979,0.17093
speech_chair,can,(4),corepce_gap_lag2,Core PCE gap,-0.34187,0.09942,0.00058,***,124,0.1979,0.17093
speech_chair,can,(5),const,const,1.21105,0.42201,0.00411,***,124,0.20316,0.18324
speech_chair,can,(5),cfnai_ma3_lag2,CFNAI-MA3,-0.60199,0.11916,0.0,***,124,0.20316,0.18324
speech_chair,can,(5),vix_pre28,VIX,0.08078,0.02099,0.00012,***,124,0.20316,0.18324
speech_chair,can,(5),post_fw,post-2020-09,-0.87402,0.27649,0.00157,***,124,0.20316,0.18324
speech_chair,can,(6) excl-2020,const,const,1.99494,0.81008,0.01379,**,118,0.01004,-0.00718
speech_chair,can,(6) excl-2020,cfnai_ma3_lag2,CFNAI-MA3,0.74502,0.73238,0.30903,,118,0.01004,-0.00718
speech_chair,can,(6) excl-2020,vix_pre28,VIX,0.01606,0.04749,0.73519,,118,0.01004,-0.00718
speech_chair,can,(7) Δ,const,const,0.02133,0.10161,0.83375,,123,0.1067,0.09181
speech_chair,can,(7) Δ,d_cfnai,ΔCFNAI,-0.82593,0.09751,0.0,***,123,0.1067,0.09181
speech_chair,can,(7) Δ,d_vix,ΔVIX,0.06005,0.0323,0.06303,*,123,0.1067,0.09181
speech_chair,can,(8) Δ excl-2020,const,const,0.04114,0.10968,0.70758,,117,0.03755,0.02067
speech_chair,can,(8) Δ excl-2020,d_cfnai,ΔCFNAI,-0.84319,0.45492,0.06381,*,117,0.03755,0.02067
speech_chair,can,(8) Δ excl-2020,d_vix,ΔVIX,0.1503,0.06309,0.01721,**,117,0.03755,0.02067
speech_chair,could,(1),const,const,1.19822,0.10285,0.0,***,124,0.01219,0.00409
speech_chair,could,(1),cfnai_ma3_lag2,CFNAI-MA3,0.17197,0.04143,3e-05,***,124,0.01219,0.00409
speech_chair,could,(2),const,const,1.70853,0.24073,0.0,***,124,0.02239,0.01438
speech_chair,could,(2),vix_pre28,VIX,-0.03021,0.01122,0.00709,***,124,0.02239,0.01438
speech_chair,could,(3),const,const,1.67247,0.24926,0.0,***,124,0.03,0.01396
speech_chair,could,(3),cfnai_ma3_lag2,CFNAI-MA3,0.13767,0.05746,0.01658,**,124,0.03,0.01396
speech_chair,could,(3),vix_pre28,VIX,-0.0273,0.01219,0.02511,**,124,0.03,0.01396
speech_chair,could,(4),const,const,1.74698,0.2426,0.0,***,124,0.04737,0.01535
speech_chair,could,(4),cfnai_ma3_lag2,CFNAI-MA3,0.24171,0.06103,7e-05,***,124,0.04737,0.01535
speech_chair,could,(4),vix_pre28,VIX,-0.03174,0.01144,0.00552,***,124,0.04737,0.01535
speech_chair,could,(4),unrate_gap_lag1,Unemp. gap,0.09211,0.05038,0.06752,*,124,0.04737,0.01535
speech_chair,could,(4),corepce_gap_lag2,Core PCE gap,-0.05083,0.0762,0.50478,,124,0.04737,0.01535
speech_chair,could,(5),const,const,1.67056,0.2386,0.0,***,124,0.03295,0.00877
speech_chair,could,(5),cfnai_ma3_lag2,CFNAI-MA3,0.15643,0.0639,0.01437,**,124,0.03295,0.00877
speech_chair,could,(5),vix_pre28,VIX,-0.02387,0.01164,0.04035,**,124,0.03295,0.00877
speech_chair,could,(5),post_fw,post-2020-09,-0.15131,0.19914,0.44737,,124,0.03295,0.00877
speech_chair,could,(6) excl-2020,const,const,2.12504,0.37378,0.0,***,118,0.03177,0.01493
speech_chair,could,(6) excl-2020,cfnai_ma3_lag2,CFNAI-MA3,0.40177,0.49171,0.41387,,118,0.03177,0.01493
speech_chair,could,(6) excl-2020,vix_pre28,VIX,-0.05603,0.02001,0.00512,***,118,0.03177,0.01493
speech_chair,could,(7) Δ,const,const,0.00707,0.07039,0.92,,123,0.02335,0.00707
speech_chair,could,(7) Δ,d_cfnai,ΔCFNAI,0.21648,0.07179,0.00257,***,123,0.02335,0.00707
speech_chair,could,(7) Δ,d_vix,ΔVIX,-0.03532,0.01889,0.06151,*,123,0.02335,0.00707
speech_chair,could,(8) Δ excl-2020,const,const,0.03222,0.07603,0.67175,,117,0.0242,0.00709
speech_chair,could,(8) Δ excl-2020,d_cfnai,ΔCFNAI,0.95122,0.46743,0.04185,**,117,0.0242,0.00709
speech_chair,could,(8) Δ excl-2020,d_vix,ΔVIX,0.01418,0.04556,0.75564,,117,0.0242,0.00709
speech_chair,may,(1),const,const,1.4328,0.14805,0.0,***,124,0.00183,-0.00635
speech_chair,may,(1),cfnai_ma3_lag2,CFNAI-MA3,0.07587,0.09541,0.42653,,124,0.00183,-0.00635
speech_chair,may,(2),const,const,1.911,0.3224,0.0,***,124,0.01462,0.00654
speech_chair,may,(2),vix_pre28,VIX,-0.02778,0.01447,0.05488,*,124,0.01462,0.00654
speech_chair,may,(3),const,const,1.89998,0.32678,0.0,***,124,0.01517,-0.00111
speech_chair,may,(3),cfnai_ma3_lag2,CFNAI-MA3,0.04208,0.08868,0.63516,,124,0.01517,-0.00111
speech_chair,may,(3),vix_pre28,VIX,-0.0269,0.01481,0.06926,*,124,0.01517,-0.00111
speech_chair,may,(4),const,const,1.88669,0.2884,0.0,***,124,0.01569,-0.0174
speech_chair,may,(4),cfnai_ma3_lag2,CFNAI-MA3,0.05068,0.11082,0.64746,,124,0.01569,-0.0174
speech_chair,may,(4),vix_pre28,VIX,-0.02564,0.01169,0.02828,**,124,0.01569,-0.0174
speech_chair,may,(4),unrate_gap_lag1,Unemp. gap,0.00198,0.06465,0.9756,,124,0.01569,-0.0174
speech_chair,may,(4),corepce_gap_lag2,Core PCE gap,-0.02902,0.1184,0.8064,,124,0.01569,-0.0174
speech_chair,may,(5),const,const,1.89695,0.32973,0.0,***,124,0.02087,-0.00361
speech_chair,may,(5),cfnai_ma3_lag2,CFNAI-MA3,0.07175,0.08193,0.3812,,124,0.02087,-0.00361
speech_chair,may,(5),vix_pre28,VIX,-0.02147,0.01284,0.09454,*,124,0.02087,-0.00361
speech_chair,may,(5),post_fw,post-2020-09,-0.23927,0.26603,0.36843,,124,0.02087,-0.00361
speech_chair,may,(6) excl-2020,const,const,1.50988,0.48868,0.002,***,118,0.02871,0.01181
speech_chair,may,(6) excl-2020,cfnai_ma3_lag2,CFNAI-MA3,-1.25253,0.77036,0.10397,,118,0.02871,0.01181
speech_chair,may,(6) excl-2020,vix_pre28,VIX,-0.00507,0.02813,0.85698,,118,0.02871,0.01181
speech_chair,may,(7) Δ,const,const,-0.01007,0.08301,0.90347,,123,0.00089,-0.01576
speech_chair,may,(7) Δ,d_cfnai,ΔCFNAI,0.00633,0.05878,0.91429,,123,0.00089,-0.01576
speech_chair,may,(7) Δ,d_vix,ΔVIX,-0.01015,0.01549,0.51228,,123,0.00089,-0.01576
speech_chair,may,(8) Δ excl-2020,const,const,-0.02008,0.08646,0.81633,,117,0.00413,-0.01335
speech_chair,may,(8) Δ excl-2020,d_cfnai,ΔCFNAI,-0.26891,0.49984,0.59059,,117,0.00413,-0.01335
speech_chair,may,(8) Δ excl-2020,d_vix,ΔVIX,0.03903,0.04337,0.36818,,117,0.00413,-0.01335
speech_chair,should,(1),const,const,0.74696,0.09275,0.0,***,124,0.00352,-0.00465
speech_chair,should,(1),cfnai_ma3_lag2,CFNAI-MA3,0.07106,0.04561,0.11925,,124,0.00352,-0.00465
speech_chair,should,(2),const,const,0.69415,0.34089,0.04172,**,124,0.00028,-0.00792
speech_chair,should,(2),vix_pre28,VIX,0.00258,0.02008,0.89774,,124,0.00028,-0.00792
speech_chair,should,(3),const,const,0.67416,0.35387,0.05677,*,124,0.00423,-0.01223
speech_chair,should,(3),cfnai_ma3_lag2,CFNAI-MA3,0.07632,0.06528,0.24236,,124,0.00423,-0.01223
speech_chair,should,(3),vix_pre28,VIX,0.00419,0.02125,0.84363,,124,0.00423,-0.01223
speech_chair,should,(4),const,const,0.51359,0.37753,0.1737,,124,0.02824,-0.00442
speech_chair,should,(4),cfnai_ma3_lag2,CFNAI-MA3,-0.01859,0.05173,0.71933,,124,0.02824,-0.00442
speech_chair,should,(4),vix_pre28,VIX,0.01597,0.023,0.4875,,124,0.02824,-0.00442
speech_chair,should,(4),unrate_gap_lag1,Unemp. gap,-0.11085,0.0459,0.01572,**,124,0.02824,-0.00442
speech_chair,should,(4),corepce_gap_lag2,Core PCE gap,-0.07176,0.1368,0.59989,,124,0.02824,-0.00442
speech_chair,should,(5),const,const,0.67043,0.29057,0.02104,**,124,0.02325,-0.00117
speech_chair,should,(5),cfnai_ma3_lag2,CFNAI-MA3,0.11291,0.07189,0.11625,,124,0.02325,-0.00117
speech_chair,should,(5),vix_pre28,VIX,0.01088,0.01785,0.5421,,124,0.02325,-0.00117
speech_chair,should,(5),post_fw,post-2020-09,-0.29507,0.23356,0.20646,,124,0.02325,-0.00117
speech_chair,should,(6) excl-2020,const,const,1.14554,0.37444,0.00222,***,118,0.01643,-0.00067
speech_chair,should,(6) excl-2020,cfnai_ma3_lag2,CFNAI-MA3,-0.24504,0.57669,0.6709,,118,0.01643,-0.00067
speech_chair,should,(6) excl-2020,vix_pre28,VIX,-0.02467,0.0241,0.30596,,118,0.01643,-0.00067
speech_chair,should,(7) Δ,const,const,-0.00877,0.06208,0.88765,,123,0.06363,0.04803
speech_chair,should,(7) Δ,d_cfnai,ΔCFNAI,0.04103,0.0271,0.13001,,123,0.06363,0.04803
speech_chair,should,(7) Δ,d_vix,ΔVIX,0.05585,0.01505,0.00021,***,123,0.06363,0.04803
speech_chair,should,(8) Δ excl-2020,const,const,-0.00419,0.06141,0.94563,,117,0.00156,-0.01596
speech_chair,should,(8) Δ excl-2020,d_cfnai,ΔCFNAI,0.08127,0.26112,0.75563,,117,0.00156,-0.01596
speech_chair,should,(8) Δ excl-2020,d_vix,ΔVIX,0.01373,0.04054,0.73482,,117,0.00156,-0.01596
speech_chair,will,(1),const,const,5.08999,0.25001,0.0,***,124,0.00595,-0.00219
speech_chair,will,(1),cfnai_ma3_lag2,CFNAI-MA3,-0.28447,0.1164,0.01453,**,124,0.00595,-0.00219
speech_chair,will,(2),const,const,3.72662,0.60081,0.0,***,124,0.02779,0.01982
speech_chair,will,(2),vix_pre28,VIX,0.07963,0.03039,0.00879,***,124,0.02779,0.01982
speech_chair,will,(3),const,const,3.77624,0.60956,0.0,***,124,0.03036,0.01433
speech_chair,will,(3),cfnai_ma3_lag2,CFNAI-MA3,-0.18945,0.11158,0.08953,*,124,0.03036,0.01433
speech_chair,will,(3),vix_pre28,VIX,0.07564,0.03162,0.01676,**,124,0.03036,0.01433
speech_chair,will,(4),const,const,3.9446,0.78519,0.0,***,124,0.04826,0.01627
speech_chair,will,(4),cfnai_ma3_lag2,CFNAI-MA3,-0.29088,0.16718,0.08187,*,124,0.04826,0.01627
speech_chair,will,(4),vix_pre28,VIX,0.05986,0.04665,0.19942,,124,0.04826,0.01627
speech_chair,will,(4),unrate_gap_lag1,Unemp. gap,-0.01997,0.13733,0.88438,,124,0.04826,0.01627
speech_chair,will,(4),corepce_gap_lag2,Core PCE gap,0.35695,0.18584,0.05477,*,124,0.04826,0.01627
speech_chair,will,(5),const,const,3.79318,0.7664,0.0,***,124,0.07167,0.04846
speech_chair,will,(5),cfnai_ma3_lag2,CFNAI-MA3,-0.35546,0.13101,0.00666,***,124,0.07167,0.04846
speech_chair,will,(5),vix_pre28,VIX,0.04528,0.04557,0.32045,,124,0.07167,0.04846
speech_chair,will,(5),post_fw,post-2020-09,1.33882,0.45689,0.00339,***,124,0.07167,0.04846
speech_chair,will,(6) excl-2020,const,const,3.74395,1.01356,0.00022,***,118,0.01192,-0.00526
speech_chair,will,(6) excl-2020,cfnai_ma3_lag2,CFNAI-MA3,-0.94811,1.39767,0.49755,,118,0.01192,-0.00526
speech_chair,will,(6) excl-2020,vix_pre28,VIX,0.07749,0.06133,0.20643,,118,0.01192,-0.00526
speech_chair,will,(7) Δ,const,const,0.00241,0.16053,0.98804,,123,0.01248,-0.00398
speech_chair,will,(7) Δ,d_cfnai,ΔCFNAI,-0.52544,0.15341,0.00061,***,123,0.01248,-0.00398
speech_chair,will,(7) Δ,d_vix,ΔVIX,0.00426,0.10671,0.96818,,123,0.01248,-0.00398
speech_chair,will,(8) Δ excl-2020,const,const,-0.05592,0.18156,0.75808,,117,0.06224,0.04579
speech_chair,will,(8) Δ excl-2020,d_cfnai,ΔCFNAI,-0.28975,0.69975,0.67882,,117,0.06224,0.04579
speech_chair,will,(8) Δ excl-2020,d_vix,ΔVIX,-0.36054,0.18795,0.05507,*,117,0.06224,0.04579
speech_chair,would,(1),const,const,1.98224,0.14703,0.0,***,124,0.01429,0.00621
speech_chair,would,(1),cfnai_ma3_lag2,CFNAI-MA3,0.23429,0.06171,0.00015,***,124,0.01429,0.00621
speech_chair,would,(2),const,const,2.46292,0.37115,0.0,***,124,0.01295,0.00486
speech_chair,would,(2),vix_pre28,VIX,-0.0289,0.01755,0.09959,*,124,0.01295,0.00486
speech_chair,would,(3),const,const,2.40965,0.3842,0.0,***,124,0.02344,0.00729
speech_chair,would,(3),cfnai_ma3_lag2,CFNAI-MA3,0.20338,0.07195,0.00471,***,124,0.02344,0.00729
speech_chair,would,(3),vix_pre28,VIX,-0.02461,0.01891,0.19325,,124,0.02344,0.00729
speech_chair,would,(4),const,const,2.40451,0.37884,0.0,***,124,0.03658,0.00419
speech_chair,would,(4),cfnai_ma3_lag2,CFNAI-MA3,0.28646,0.09208,0.00186,***,124,0.03658,0.00419
speech_chair,would,(4),vix_pre28,VIX,-0.02276,0.02105,0.27954,,124,0.03658,0.00419
speech_chair,would,(4),unrate_gap_lag1,Unemp. gap,0.05483,0.08299,0.50885,,124,0.03658,0.00419
speech_chair,would,(4),corepce_gap_lag2,Core PCE gap,-0.12305,0.1246,0.3234,,124,0.03658,0.00419
speech_chair,would,(5),const,const,2.40484,0.34795,0.0,***,124,0.03522,0.0111
speech_chair,would,(5),cfnai_ma3_lag2,CFNAI-MA3,0.25051,0.07818,0.00135,***,124,0.03522,0.0111
speech_chair,would,(5),vix_pre28,VIX,-0.01599,0.01603,0.31857,,124,0.03522,0.0111
speech_chair,would,(5),post_fw,post-2020-09,-0.38014,0.27531,0.16736,,124,0.03522,0.0111
speech_chair,would,(6) excl-2020,const,const,2.83266,0.65363,1e-05,***,118,0.03364,0.01684
speech_chair,would,(6) excl-2020,cfnai_ma3_lag2,CFNAI-MA3,-0.74103,0.69995,0.28974,,118,0.03364,0.01684
speech_chair,would,(6) excl-2020,vix_pre28,VIX,-0.05382,0.03682,0.14379,,118,0.03364,0.01684
speech_chair,would,(7) Δ,const,const,0.01109,0.09267,0.90473,,123,0.03678,0.02072
speech_chair,would,(7) Δ,d_cfnai,ΔCFNAI,0.43131,0.05081,0.0,***,123,0.03678,0.02072
speech_chair,would,(7) Δ,d_vix,ΔVIX,-0.00713,0.01745,0.68296,,123,0.03678,0.02072
speech_chair,would,(8) Δ excl-2020,const,const,0.03633,0.10017,0.71681,,117,0.01774,0.00051
speech_chair,would,(8) Δ excl-2020,d_cfnai,ΔCFNAI,0.97437,0.39449,0.01351,**,117,0.01774,0.00051
speech_chair,would,(8) Δ excl-2020,d_vix,ΔVIX,0.0115,0.05974,0.84739,,117,0.01774,0.00051
statement,ALL,(1),const,const,18.45669,0.78487,0.0,***,101,0.00329,-0.00678
statement,ALL,(1),cfnai_ma3_lag2,CFNAI-MA3,-0.20896,0.14613,0.15271,,101,0.00329,-0.00678
statement,ALL,(2),const,const,18.38138,1.66762,0.0,***,101,7e-05,-0.01003
statement,ALL,(2),vix_pre28,VIX,0.00513,0.06865,0.94041,,101,7e-05,-0.01003
statement,ALL,(3),const,const,18.4151,1.68422,0.0,***,101,0.0033,-0.01704
statement,ALL,(3),cfnai_ma3_lag2,CFNAI-MA3,-0.2078,0.16047,0.19534,,101,0.0033,-0.01704
statement,ALL,(3),vix_pre28,VIX,0.00227,0.07048,0.97428,,101,0.0033,-0.01704
statement,ALL,(4),const,const,19.3039,1.36291,0.0,***,101,0.32723,0.29919
statement,ALL,(4),cfnai_ma3_lag2,CFNAI-MA3,0.21427,0.27833,0.44138,,101,0.32723,0.29919
statement,ALL,(4),vix_pre28,VIX,-0.10357,0.06242,0.09708,*,101,0.32723,0.29919
statement,ALL,(4),unrate_gap_lag1,Unemp. gap,1.17829,0.35398,0.00087,***,101,0.32723,0.29919
statement,ALL,(4),corepce_gap_lag2,Core PCE gap,1.97329,0.52915,0.00019,***,101,0.32723,0.29919
statement,ALL,(5),const,const,17.6491,1.45289,0.0,***,101,0.42902,0.41136
statement,ALL,(5),cfnai_ma3_lag2,CFNAI-MA3,-0.74649,0.16012,0.0,***,101,0.42902,0.41136
statement,ALL,(5),vix_pre28,VIX,-0.09505,0.0604,0.11559,,101,0.42902,0.41136
statement,ALL,(5),post_fw,post-2020-09,5.49561,1.00542,0.0,***,101,0.42902,0.41136
statement,ALL,(6) excl-2020,const,const,17.11708,1.76899,0.0,***,91,0.0278,0.00571
statement,ALL,(6) excl-2020,cfnai_ma3_lag2,CFNAI-MA3,-2.56416,2.284,0.26158,,91,0.0278,0.00571
statement,ALL,(6) excl-2020,vix_pre28,VIX,0.08307,0.08145,0.30781,,91,0.0278,0.00571
statement,ALL,(7) Δ,const,const,-0.00752,0.18095,0.96685,,100,0.00713,-0.01334
statement,ALL,(7) Δ,d_cfnai,ΔCFNAI,-0.01132,0.05006,0.82117,,100,0.00713,-0.01334
statement,ALL,(7) Δ,d_vix,ΔVIX,-0.04369,0.05339,0.41324,,100,0.00713,-0.01334
statement,ALL,(8) Δ excl-2020,const,const,-0.12037,0.17094,0.48132,,90,0.00608,-0.01676
statement,ALL,(8) Δ excl-2020,d_cfnai,ΔCFNAI,-0.35895,1.11359,0.7472,,90,0.00608,-0.01676
statement,ALL,(8) Δ excl-2020,d_vix,ΔVIX,-0.03997,0.06146,0.5155,,90,0.00608,-0.01676
statement,could,(1),const,const,1.46368,0.33405,1e-05,***,101,0.02005,0.01016
statement,could,(1),cfnai_ma3_lag2,CFNAI-MA3,0.20086,0.04642,2e-05,***,101,0.02005,0.01016
statement,could,(2),const,const,0.67811,0.91223,0.45727,,101,0.03216,0.02238
statement,could,(2),vix_pre28,VIX,0.04183,0.04927,0.39591,,101,0.03216,0.02238
statement,could,(3),const,const,0.64181,0.89298,0.47231,,101,0.05686,0.03761
statement,could,(3),cfnai_ma3_lag2,CFNAI-MA3,0.22371,0.04407,0.0,***,101,0.05686,0.03761
statement,could,(3),vix_pre28,VIX,0.04491,0.04715,0.34081,,101,0.05686,0.03761
statement,could,(4),const,const,1.01338,0.33089,0.00219,***,101,0.60802,0.59168
statement,could,(4),cfnai_ma3_lag2,CFNAI-MA3,0.2593,0.08978,0.00387,***,101,0.60802,0.59168
statement,could,(4),vix_pre28,VIX,-0.00264,0.01367,0.8468,,101,0.60802,0.59168
statement,could,(4),unrate_gap_lag1,Unemp. gap,0.29868,0.08017,0.00019,***,101,0.60802,0.59168
statement,could,(4),corepce_gap_lag2,Core PCE gap,1.00733,0.13203,0.0,***,101,0.60802,0.59168
statement,could,(5),const,const,0.21842,0.15309,0.15365,,101,0.91559,0.91298
statement,could,(5),cfnai_ma3_lag2,CFNAI-MA3,-0.07404,0.04656,0.11178,,101,0.91559,0.91298
statement,could,(5),vix_pre28,VIX,-0.00888,0.00632,0.15983,,101,0.91559,0.91298
statement,could,(5),post_fw,post-2020-09,3.03757,0.16922,0.0,***,101,0.91559,0.91298
statement,could,(6) excl-2020,const,const,-1.32489,0.59119,0.02502,**,91,0.23777,0.22045
statement,could,(6) excl-2020,cfnai_ma3_lag2,CFNAI-MA3,-1.14992,0.95078,0.22649,,91,0.23777,0.22045
statement,could,(6) excl-2020,vix_pre28,VIX,0.16567,0.0326,0.0,***,91,0.23777,0.22045
statement,could,(7) Δ,const,const,0.02731,0.0269,0.30993,,100,0.2652,0.25005
statement,could,(7) Δ,d_cfnai,ΔCFNAI,0.1392,0.03611,0.00012,***,100,0.2652,0.25005
statement,could,(7) Δ,d_vix,ΔVIX,-0.0064,0.00897,0.47522,,100,0.2652,0.25005
statement,could,(8) Δ excl-2020,const,const,0.00412,0.02263,0.85564,,90,0.00141,-0.02155
statement,could,(8) Δ excl-2020,d_cfnai,ΔCFNAI,-0.05606,0.13106,0.66883,,90,0.00141,-0.02155
statement,could,(8) Δ excl-2020,d_vix,ΔVIX,7e-05,0.01176,0.99494,,90,0.00141,-0.02155
statement,should,(1),const,const,0.54123,0.19279,0.00499,***,101,0.00065,-0.00945
statement,should,(1),cfnai_ma3_lag2,CFNAI-MA3,0.02095,0.04226,0.6201,,101,0.00065,-0.00945
statement,should,(2),const,const,1.26282,0.45415,0.00543,***,101,0.08456,0.07532
statement,should,(2),vix_pre28,VIX,-0.03943,0.0172,0.02184,**,101,0.08456,0.07532
statement,should,(3),const,const,1.26267,0.45435,0.00545,***,101,0.08456,0.06588
statement,should,(3),cfnai_ma3_lag2,CFNAI-MA3,0.00089,0.02663,0.97331,,101,0.08456,0.06588
statement,should,(3),vix_pre28,VIX,-0.03942,0.01724,0.02224,**,101,0.08456,0.06588
statement,should,(4),const,const,1.2281,0.37944,0.00121,***,101,0.26954,0.2391
statement,should,(4),cfnai_ma3_lag2,CFNAI-MA3,0.10747,0.13126,0.41292,,101,0.26954,0.2391
statement,should,(4),vix_pre28,VIX,-0.03242,0.01493,0.02988,**,101,0.26954,0.2391
statement,should,(4),unrate_gap_lag1,Unemp. gap,0.1235,0.15949,0.43873,,101,0.26954,0.2391
statement,should,(4),corepce_gap_lag2,Core PCE gap,-0.23603,0.09913,0.01727,**,101,0.26954,0.2391
statement,should,(5),const,const,1.39736,0.43663,0.00137,***,101,0.3417,0.32134
statement,should,(5),cfnai_ma3_lag2,CFNAI-MA3,0.09561,0.03531,0.00677,***,101,0.3417,0.32134
statement,should,(5),vix_pre28,VIX,-0.02231,0.01299,0.0858,*,101,0.3417,0.32134
statement,should,(5),post_fw,post-2020-09,-0.96631,0.27936,0.00054,***,101,0.3417,0.32134
statement,should,(6) excl-2020,const,const,1.52247,0.63521,0.01654,**,91,0.07544,0.05443
statement,should,(6) excl-2020,cfnai_ma3_lag2,CFNAI-MA3,-0.07244,0.57734,0.90015,,91,0.07544,0.05443
statement,should,(6) excl-2020,vix_pre28,VIX,-0.05412,0.02997,0.07095,*,91,0.07544,0.05443
statement,should,(7) Δ,const,const,-0.02391,0.02102,0.25523,,100,0.00099,-0.01961
statement,should,(7) Δ,d_cfnai,ΔCFNAI,-0.0001,0.00341,0.97549,,100,0.00099,-0.01961
statement,should,(7) Δ,d_vix,ΔVIX,-0.00153,0.00353,0.66481,,100,0.00099,-0.01961
statement,should,(8) Δ excl-2020,const,const,-0.02752,0.02433,0.25811,,90,0.00348,-0.01943
statement,should,(8) Δ excl-2020,d_cfnai,ΔCFNAI,-0.05045,0.11078,0.64883,,90,0.00348,-0.01943
statement,should,(8) Δ excl-2020,d_vix,ΔVIX,-0.00243,0.00582,0.67611,,90,0.00348,-0.01943
statement,will,(1),const,const,14.30539,0.5234,0.0,***,101,0.05403,0.04448
statement,will,(1),cfnai_ma3_lag2,CFNAI-MA3,-0.66427,0.18765,0.0004,***,101,0.05403,0.04448
statement,will,(2),const,const,15.21142,1.45906,0.0,***,101,0.00963,-0.00037
statement,will,(2),vix_pre28,VIX,-0.04612,0.07167,0.51989,,101,0.00963,-0.00037
statement,will,(3),const,const,15.32381,1.41481,0.0,***,101,0.06796,0.04894
statement,will,(3),cfnai_ma3_lag2,CFNAI-MA3,-0.69258,0.21331,0.00117,***,101,0.06796,0.04894
statement,will,(3),vix_pre28,VIX,-0.05565,0.0662,0.40053,,101,0.06796,0.04894
statement,will,(4),const,const,15.51851,1.35901,0.0,***,101,0.10819,0.07103
statement,will,(4),cfnai_ma3_lag2,CFNAI-MA3,-0.38866,0.22823,0.08858,*,101,0.10819,0.07103
statement,will,(4),vix_pre28,VIX,-0.07388,0.05863,0.20767,,101,0.10819,0.07103
statement,will,(4),unrate_gap_lag1,Unemp. gap,0.54924,0.28772,0.05627,*,101,0.10819,0.07103
statement,will,(4),corepce_gap_lag2,Core PCE gap,0.15847,0.3407,0.64183,,101,0.10819,0.07103
statement,will,(5),const,const,15.24758,1.52874,0.0,***,101,0.07482,0.0462
statement,will,(5),cfnai_ma3_lag2,CFNAI-MA3,-0.74619,0.22401,0.00086,***,101,0.07482,0.0462
statement,will,(5),vix_pre28,VIX,-0.06534,0.06565,0.31966,,101,0.07482,0.0462
statement,will,(5),post_fw,post-2020-09,0.54692,0.90949,0.54761,,101,0.07482,0.0462
statement,will,(6) excl-2020,const,const,17.36887,1.73597,0.0,***,91,0.08777,0.06704
statement,will,(6) excl-2020,cfnai_ma3_lag2,CFNAI-MA3,-0.14138,1.38029,0.91841,,91,0.08777,0.06704
statement,will,(6) excl-2020,vix_pre28,VIX,-0.18389,0.08625,0.033,**,91,0.08777,0.06704
statement,will,(7) Δ,const,const,-0.0469,0.18045,0.79492,,100,0.04368,0.02397
statement,will,(7) Δ,d_cfnai,ΔCFNAI,-0.27557,0.13108,0.03553,**,100,0.04368,0.02397
statement,will,(7) Δ,d_vix,ΔVIX,-0.0817,0.05469,0.1352,,100,0.04368,0.02397
statement,will,(8) Δ excl-2020,const,const,-0.12272,0.16939,0.46877,,90,0.01589,-0.00674
statement,will,(8) Δ excl-2020,d_cfnai,ΔCFNAI,-0.68836,1.05067,0.51236,,90,0.01589,-0.00674
statement,will,(8) Δ excl-2020,d_vix,ΔVIX,-0.06479,0.05639,0.25061,,90,0.01589,-0.00674
statement,would,(1),const,const,1.4804,0.34323,2e-05,***,101,0.02337,0.01351
statement,would,(1),cfnai_ma3_lag2,CFNAI-MA3,0.22646,0.05699,7e-05,***,101,0.02337,0.01351
statement,would,(2),const,const,0.66244,0.92495,0.47387,,101,0.03184,0.02206
statement,would,(2),vix_pre28,VIX,0.04347,0.04991,0.38377,,101,0.03184,0.02206
statement,would,(3),const,const,0.62181,0.90437,0.49173,,101,0.0602,0.04102
statement,would,(3),cfnai_ma3_lag2,CFNAI-MA3,0.25033,0.05563,1e-05,***,101,0.0602,0.04102
statement,would,(3),vix_pre28,VIX,0.04692,0.04767,0.32503,,101,0.0602,0.04102
statement,would,(4),const,const,1.0093,0.33833,0.00285,***,101,0.62059,0.60478
statement,would,(4),cfnai_ma3_lag2,CFNAI-MA3,0.28094,0.0871,0.00126,***,101,0.62059,0.60478
statement,would,(4),vix_pre28,VIX,-0.00282,0.01413,0.84154,,101,0.62059,0.60478
statement,would,(4),unrate_gap_lag1,Unemp. gap,0.3025,0.09096,0.00088,***,101,0.62059,0.60478
statement,would,(4),corepce_gap_lag2,Core PCE gap,1.0589,0.13284,0.0,***,101,0.62059,0.60478
statement,would,(5),const,const,0.17845,0.11448,0.11905,,101,0.92353,0.92117
statement,would,(5),cfnai_ma3_lag2,CFNAI-MA3,-0.06146,0.03701,0.09677,*,101,0.92353,0.92117
statement,would,(5),vix_pre28,VIX,-0.00942,0.0064,0.1414,,101,0.92353,0.92117
statement,would,(5),post_fw,post-2020-09,3.18089,0.11648,0.0,***,101,0.92353,0.92117
statement,would,(6) excl-2020,const,const,-1.27954,0.62398,0.04031,**,91,0.20846,0.19047
statement,would,(6) excl-2020,cfnai_ma3_lag2,CFNAI-MA3,-0.55068,1.22502,0.65305,,91,0.20846,0.19047
statement,would,(6) excl-2020,vix_pre28,VIX,0.16458,0.0326,0.0,***,91,0.20846,0.19047
statement,would,(7) Δ,const,const,0.03936,0.02907,0.17577,,100,0.13547,0.11765
statement,would,(7) Δ,d_cfnai,ΔCFNAI,0.1514,0.03451,1e-05,***,100,0.13547,0.11765
statement,would,(7) Δ,d_vix,ΔVIX,-0.00682,0.00963,0.47857,,100,0.13547,0.11765
statement,would,(8) Δ excl-2020,const,const,0.02749,0.0292,0.34648,,90,0.04865,0.02678
statement,would,(8) Δ excl-2020,d_cfnai,ΔCFNAI,0.59856,0.45913,0.19234,,90,0.04865,0.02678
statement,would,(8) Δ excl-2020,d_vix,ΔVIX,-0.00279,0.01418,0.84412,,90,0.04865,0.02678
statement_vote,ALL,(1),const,const,0.75977,0.55205,0.16874,,100,0.01562,0.00558
statement_vote,ALL,(1),cfnai_ma3_lag2,CFNAI-MA3,0.38516,0.15959,0.0158,**,100,0.01562,0.00558
statement_vote,ALL,(2),const,const,1.41279,1.36456,0.30051,,100,0.00436,-0.0058
statement_vote,ALL,(2),vix_pre28,VIX,-0.03814,0.04851,0.43172,,100,0.00436,-0.0058
statement_vote,ALL,(3),const,const,1.32946,1.36074,0.32856,,100,0.01861,-0.00163
statement_vote,ALL,(3),cfnai_ma3_lag2,CFNAI-MA3,0.36938,0.16617,0.02623,**,100,0.01861,-0.00163
statement_vote,ALL,(3),vix_pre28,VIX,-0.03168,0.0495,0.52221,,100,0.01861,-0.00163
statement_vote,ALL,(4),const,const,1.72217,1.3341,0.19674,,100,0.10642,0.0688
statement_vote,ALL,(4),cfnai_ma3_lag2,CFNAI-MA3,0.83389,0.2971,0.005,***,100,0.10642,0.0688
statement_vote,ALL,(4),vix_pre28,VIX,-0.05734,0.05176,0.26789,,100,0.10642,0.0688
statement_vote,ALL,(4),unrate_gap_lag1,Unemp. gap,0.77445,0.36382,0.03328,**,100,0.10642,0.0688
statement_vote,ALL,(4),corepce_gap_lag2,Core PCE gap,-0.07154,0.1616,0.65797,,100,0.10642,0.0688
statement_vote,ALL,(5),const,const,1.30089,1.30925,0.32041,,100,0.04785,0.01809
statement_vote,ALL,(5),cfnai_ma3_lag2,CFNAI-MA3,0.49807,0.22224,0.02502,**,100,0.04785,0.01809
statement_vote,ALL,(5),vix_pre28,VIX,0.0026,0.03109,0.93346,,100,0.04785,0.01809
statement_vote,ALL,(5),post_fw,post-2020-09,-1.25602,0.99051,0.20478,,100,0.04785,0.01809
statement_vote,ALL,(6) excl-2020,const,const,2.128,1.70624,0.21233,,91,0.01767,-0.00465
statement_vote,ALL,(6) excl-2020,cfnai_ma3_lag2,CFNAI-MA3,1.46431,1.42229,0.30322,,91,0.01767,-0.00465
statement_vote,ALL,(6) excl-2020,vix_pre28,VIX,-0.0813,0.06731,0.22715,,91,0.01767,-0.00465
statement_vote,ALL,(7) Δ,const,const,0.00615,0.22247,0.97794,,99,0.08428,0.0652
statement_vote,ALL,(7) Δ,d_cfnai,ΔCFNAI,0.58919,0.15695,0.00017,***,99,0.08428,0.0652
statement_vote,ALL,(7) Δ,d_vix,ΔVIX,-0.08569,0.05352,0.10936,,99,0.08428,0.0652
statement_vote,ALL,(8) Δ excl-2020,const,const,-0.02845,0.25413,0.91085,,90,0.02084,-0.00167
statement_vote,ALL,(8) Δ excl-2020,d_cfnai,ΔCFNAI,-1.76432,1.60543,0.27178,,90,0.02084,-0.00167
statement_vote,ALL,(8) Δ excl-2020,d_vix,ΔVIX,-0.04701,0.05872,0.42337,,90,0.02084,-0.00167
