layer,unit,n_tokens,zero_share,spec,var,label,coef,se,p,stars,n,r2,adj_r2
min_boilerplate,would+be+appropriate,9,0.909,(3),const,const,0.04484,0.02673,0.09344,*,99,0.00643,-0.01427
min_boilerplate,would+be+appropriate,9,0.909,(3),cfnai_ma3_lag2,CFNAI-MA3,0.00225,0.0022,0.30663,,99,0.00643,-0.01427
min_boilerplate,would+be+appropriate,9,0.909,(3),vix_pre28,VIX,-0.0011,0.00112,0.32635,,99,0.00643,-0.01427
min_boilerplate,would+be+appropriate,9,0.909,(6) excl-2020,const,const,0.04837,0.03255,0.13731,,91,0.01036,-0.01213
min_boilerplate,would+be+appropriate,9,0.909,(6) excl-2020,cfnai_ma3_lag2,CFNAI-MA3,0.03711,0.04532,0.41291,,91,0.01036,-0.01213
min_boilerplate,would+be+appropriate,9,0.909,(6) excl-2020,vix_pre28,VIX,-0.00121,0.00159,0.44629,,91,0.01036,-0.01213
min_boilerplate,would+be+appropriate,9,0.909,(7) Δ,const,const,-0.00212,0.00619,0.73213,,98,0.00228,-0.01872
min_boilerplate,would+be+appropriate,9,0.909,(7) Δ,d_cfnai,ΔCFNAI,0.00164,0.0021,0.4356,,98,0.00228,-0.01872
min_boilerplate,would+be+appropriate,9,0.909,(7) Δ,d_vix,ΔVIX,-0.0013,0.00218,0.55256,,98,0.00228,-0.01872
min_boilerplate,would+be+appropriate,9,0.909,(8) Δ excl-2020,const,const,-0.00158,0.00673,0.81482,,90,0.00993,-0.01283
min_boilerplate,would+be+appropriate,9,0.909,(8) Δ excl-2020,d_cfnai,ΔCFNAI,0.05714,0.05592,0.30689,,90,0.00993,-0.01283
min_boilerplate,would+be+appropriate,9,0.909,(8) Δ excl-2020,d_vix,ΔVIX,-0.0023,0.00347,0.50724,,90,0.00993,-0.01283
min_boilerplate,may+be+appropriate,1,0.99,(3),const,const,0.01366,0.0132,0.3006,,99,0.00172,-0.01908
min_boilerplate,may+be+appropriate,1,0.99,(3),cfnai_ma3_lag2,CFNAI-MA3,-1e-05,0.00028,0.95697,,99,0.00172,-0.01908
min_boilerplate,may+be+appropriate,1,0.99,(3),vix_pre28,VIX,-0.00042,0.00041,0.30562,,99,0.00172,-0.01908
min_boilerplate,may+be+appropriate,1,0.99,(6) excl-2020,const,const,0.01405,0.01434,0.3272,,91,0.00123,-0.02147
min_boilerplate,may+be+appropriate,1,0.99,(6) excl-2020,cfnai_ma3_lag2,CFNAI-MA3,-0.00215,0.005,0.6663,,91,0.00123,-0.02147
min_boilerplate,may+be+appropriate,1,0.99,(6) excl-2020,vix_pre28,VIX,-0.00044,0.00048,0.36498,,91,0.00123,-0.02147
min_boilerplate,may+be+appropriate,1,0.99,(7) Δ,const,const,-1e-05,0.00387,0.99721,,98,0.00049,-0.02055
min_boilerplate,may+be+appropriate,1,0.99,(7) Δ,d_cfnai,ΔCFNAI,0.00104,0.00137,0.44497,,98,0.00049,-0.02055
min_boilerplate,may+be+appropriate,1,0.99,(7) Δ,d_vix,ΔVIX,0.00023,0.00033,0.48844,,98,0.00049,-0.02055
min_boilerplate,may+be+appropriate,1,0.99,(8) Δ excl-2020,const,const,0.00096,0.0041,0.815,,90,0.01814,-0.00443
min_boilerplate,may+be+appropriate,1,0.99,(8) Δ excl-2020,d_cfnai,ΔCFNAI,0.0618,0.05795,0.2862,,90,0.01814,-0.00443
min_boilerplate,may+be+appropriate,1,0.99,(8) Δ excl-2020,d_vix,ΔVIX,0.00015,0.00047,0.74223,,90,0.01814,-0.00443
min_committee,would+continue,109,0.222,(3),const,const,-0.1639,0.49849,0.7423,,99,0.23214,0.21614
min_committee,would+continue,109,0.222,(3),cfnai_ma3_lag2,CFNAI-MA3,-0.16677,0.05628,0.00305,***,99,0.23214,0.21614
min_committee,would+continue,109,0.222,(3),vix_pre28,VIX,0.11732,0.02293,0.0,***,99,0.23214,0.21614
min_committee,would+continue,109,0.222,(6) excl-2020,const,const,-0.45509,0.66284,0.49235,,91,0.17434,0.15557
min_committee,would+continue,109,0.222,(6) excl-2020,cfnai_ma3_lag2,CFNAI-MA3,-0.35155,1.16142,0.76213,,91,0.17434,0.15557
min_committee,would+continue,109,0.222,(6) excl-2020,vix_pre28,VIX,0.13611,0.03669,0.00021,***,91,0.17434,0.15557
min_committee,would+continue,109,0.222,(7) Δ,const,const,0.01101,0.05552,0.84283,,98,0.09527,0.07622
min_committee,would+continue,109,0.222,(7) Δ,d_cfnai,ΔCFNAI,-0.21739,0.05428,6e-05,***,98,0.09527,0.07622
min_committee,would+continue,109,0.222,(7) Δ,d_vix,ΔVIX,0.0455,0.0325,0.16154,,98,0.09527,0.07622
min_committee,would+continue,109,0.222,(8) Δ excl-2020,const,const,-0.00943,0.06201,0.87912,,90,0.03302,0.01079
min_committee,would+continue,109,0.222,(8) Δ excl-2020,d_cfnai,ΔCFNAI,0.91857,0.72932,0.20785,,90,0.03302,0.01079
min_committee,would+continue,109,0.222,(8) Δ excl-2020,d_vix,ΔVIX,-0.01688,0.01974,0.39229,,90,0.03302,0.01079
min_committee,would+take,86,0.172,(3),const,const,0.81119,0.42375,0.05558,*,99,0.07265,0.05333
min_committee,would+take,86,0.172,(3),cfnai_ma3_lag2,CFNAI-MA3,-0.06442,0.03473,0.06363,*,99,0.07265,0.05333
min_committee,would+take,86,0.172,(3),vix_pre28,VIX,0.04291,0.01954,0.02812,**,99,0.07265,0.05333
min_committee,would+take,86,0.172,(6) excl-2020,const,const,0.27519,0.47819,0.56497,,91,0.11934,0.09932
min_committee,would+take,86,0.172,(6) excl-2020,cfnai_ma3_lag2,CFNAI-MA3,-0.69488,0.48723,0.15381,,91,0.11934,0.09932
min_committee,would+take,86,0.172,(6) excl-2020,vix_pre28,VIX,0.07491,0.02527,0.00304,***,91,0.11934,0.09932
min_committee,would+take,86,0.172,(7) Δ,const,const,0.02557,0.04503,0.57025,,98,0.04436,0.02424
min_committee,would+take,86,0.172,(7) Δ,d_cfnai,ΔCFNAI,-0.0877,0.01899,0.0,***,98,0.04436,0.02424
min_committee,would+take,86,0.172,(7) Δ,d_vix,ΔVIX,0.0284,0.02329,0.22282,,98,0.04436,0.02424
min_committee,would+take,86,0.172,(8) Δ excl-2020,const,const,0.03163,0.04993,0.5265,,90,0.05574,0.03404
min_committee,would+take,86,0.172,(8) Δ excl-2020,d_cfnai,ΔCFNAI,-0.16112,0.30245,0.59422,,90,0.05574,0.03404
min_committee,would+take,86,0.172,(8) Δ excl-2020,d_vix,ΔVIX,0.04943,0.02839,0.08163,*,90,0.05574,0.03404
min_committee,would+be+appropriate,63,0.545,(3),const,const,-0.55767,0.63607,0.38063,,99,0.18962,0.17273
min_committee,would+be+appropriate,63,0.545,(3),cfnai_ma3_lag2,CFNAI-MA3,0.22635,0.15121,0.13441,,99,0.18962,0.17273
min_committee,would+be+appropriate,63,0.545,(3),vix_pre28,VIX,0.0872,0.03965,0.02784,**,99,0.18962,0.17273
min_committee,would+be+appropriate,63,0.545,(6) excl-2020,const,const,-0.68154,0.56745,0.22973,,91,0.33726,0.32219
min_committee,would+be+appropriate,63,0.545,(6) excl-2020,cfnai_ma3_lag2,CFNAI-MA3,1.86415,0.47244,8e-05,***,91,0.33726,0.32219
min_committee,would+be+appropriate,63,0.545,(6) excl-2020,vix_pre28,VIX,0.09467,0.035,0.00683,***,91,0.33726,0.32219
min_committee,would+be+appropriate,63,0.545,(7) Δ,const,const,-0.02545,0.06724,0.70511,,98,0.03436,0.01403
min_committee,would+be+appropriate,63,0.545,(7) Δ,d_cfnai,ΔCFNAI,0.10505,0.10151,0.30075,,98,0.03436,0.01403
min_committee,would+be+appropriate,63,0.545,(7) Δ,d_vix,ΔVIX,-0.01608,0.01951,0.40967,,98,0.03436,0.01403
min_committee,would+be+appropriate,63,0.545,(8) Δ excl-2020,const,const,-0.07399,0.05977,0.21575,,90,0.01296,-0.00973
min_committee,would+be+appropriate,63,0.545,(8) Δ excl-2020,d_cfnai,ΔCFNAI,-0.42678,0.39883,0.28458,,90,0.01296,-0.00973
min_committee,would+be+appropriate,63,0.545,(8) Δ excl-2020,d_vix,ΔVIX,0.00866,0.01681,0.60617,,90,0.01296,-0.00973
min_committee,would+depend,51,0.586,(3),const,const,1.38534,0.55918,0.01323,**,99,0.065,0.04552
min_committee,would+depend,51,0.586,(3),cfnai_ma3_lag2,CFNAI-MA3,0.09095,0.08884,0.30594,,99,0.065,0.04552
min_committee,would+depend,51,0.586,(3),vix_pre28,VIX,-0.03671,0.02599,0.15776,,99,0.065,0.04552
min_committee,would+depend,51,0.586,(6) excl-2020,const,const,2.18057,0.55852,9e-05,***,91,0.25898,0.24214
min_committee,would+depend,51,0.586,(6) excl-2020,cfnai_ma3_lag2,CFNAI-MA3,1.60656,0.72375,0.02643,**,91,0.25898,0.24214
min_committee,would+depend,51,0.586,(6) excl-2020,vix_pre28,VIX,-0.08508,0.02595,0.00104,***,91,0.25898,0.24214
min_committee,would+depend,51,0.586,(7) Δ,const,const,-0.00027,0.0449,0.99519,,98,0.00268,-0.01831
min_committee,would+depend,51,0.586,(7) Δ,d_cfnai,ΔCFNAI,0.01503,0.01255,0.23115,,98,0.00268,-0.01831
min_committee,would+depend,51,0.586,(7) Δ,d_vix,ΔVIX,0.00444,0.00714,0.53415,,98,0.00268,-0.01831
min_committee,would+depend,51,0.586,(8) Δ excl-2020,const,const,-0.02012,0.04707,0.66899,,90,0.00441,-0.01848
min_committee,would+depend,51,0.586,(8) Δ excl-2020,d_cfnai,ΔCFNAI,-0.06843,0.41164,0.86797,,90,0.00441,-0.01848
min_committee,would+depend,51,0.586,(8) Δ excl-2020,d_vix,ΔVIX,0.01001,0.0109,0.35855,,90,0.00441,-0.01848
min_committee,would+assess,49,0.515,(3),const,const,0.99476,0.39217,0.0112,**,99,0.07787,0.05866
min_committee,would+assess,49,0.515,(3),cfnai_ma3_lag2,CFNAI-MA3,-0.2594,0.07438,0.00049,***,99,0.07787,0.05866
min_committee,would+assess,49,0.515,(3),vix_pre28,VIX,-0.00636,0.02051,0.75659,,99,0.07787,0.05866
min_committee,would+assess,49,0.515,(6) excl-2020,const,const,0.91557,0.45804,0.04562,**,91,0.17181,0.15299
min_committee,would+assess,49,0.515,(6) excl-2020,cfnai_ma3_lag2,CFNAI-MA3,-1.77997,0.565,0.00163,***,91,0.17181,0.15299
min_committee,would+assess,49,0.515,(6) excl-2020,vix_pre28,VIX,-0.00442,0.0299,0.88243,,91,0.17181,0.15299
min_committee,would+assess,49,0.515,(7) Δ,const,const,0.02804,0.04184,0.50276,,98,0.0723,0.05277
min_committee,would+assess,49,0.515,(7) Δ,d_cfnai,ΔCFNAI,-0.10643,0.03977,0.00744,***,98,0.0723,0.05277
min_committee,would+assess,49,0.515,(7) Δ,d_vix,ΔVIX,-0.01006,0.01108,0.3639,,98,0.0723,0.05277
min_committee,would+assess,49,0.515,(8) Δ excl-2020,const,const,0.0545,0.04044,0.17775,,90,0.01107,-0.01166
min_committee,would+assess,49,0.515,(8) Δ excl-2020,d_cfnai,ΔCFNAI,0.17355,0.28403,0.54119,,90,0.01107,-0.01166
min_committee,would+assess,49,0.515,(8) Δ excl-2020,d_vix,ΔVIX,-0.01364,0.01462,0.35071,,90,0.01107,-0.01166
min_committee,could+impede,46,0.535,(3),const,const,0.06423,0.61297,0.91655,,99,0.08504,0.06598
min_committee,could+impede,46,0.535,(3),cfnai_ma3_lag2,CFNAI-MA3,0.13047,0.04396,0.003,***,99,0.08504,0.06598
min_committee,could+impede,46,0.535,(3),vix_pre28,VIX,0.05198,0.03244,0.10908,,99,0.08504,0.06598
min_committee,could+impede,46,0.535,(6) excl-2020,const,const,-1.05205,0.39912,0.00839,***,91,0.25153,0.23452
min_committee,could+impede,46,0.535,(6) excl-2020,cfnai_ma3_lag2,CFNAI-MA3,-1.07659,0.68304,0.11498,,91,0.25153,0.23452
min_committee,could+impede,46,0.535,(6) excl-2020,vix_pre28,VIX,0.12037,0.02246,0.0,***,91,0.25153,0.23452
min_committee,could+impede,46,0.535,(7) Δ,const,const,0.02741,0.01881,0.14496,,98,0.038,0.01775
min_committee,could+impede,46,0.535,(7) Δ,d_cfnai,ΔCFNAI,0.04008,0.01613,0.01296,**,98,0.038,0.01775
min_committee,could+impede,46,0.535,(7) Δ,d_vix,ΔVIX,0.00213,0.00557,0.70277,,98,0.038,0.01775
min_committee,could+impede,46,0.535,(8) Δ excl-2020,const,const,0.01033,0.01362,0.4484,,90,0.00278,-0.02014
min_committee,could+impede,46,0.535,(8) Δ excl-2020,d_cfnai,ΔCFNAI,-0.02527,0.14691,0.86341,,90,0.00278,-0.02014
min_committee,could+impede,46,0.535,(8) Δ excl-2020,d_vix,ΔVIX,0.00363,0.00738,0.62269,,90,0.00278,-0.02014
min_committee,would+be+prepared,46,0.535,(3),const,const,0.06423,0.61297,0.91655,,99,0.08504,0.06598
min_committee,would+be+prepared,46,0.535,(3),cfnai_ma3_lag2,CFNAI-MA3,0.13047,0.04396,0.003,***,99,0.08504,0.06598
min_committee,would+be+prepared,46,0.535,(3),vix_pre28,VIX,0.05198,0.03244,0.10908,,99,0.08504,0.06598
min_committee,would+be+prepared,46,0.535,(6) excl-2020,const,const,-1.05205,0.39912,0.00839,***,91,0.25153,0.23452
min_committee,would+be+prepared,46,0.535,(6) excl-2020,cfnai_ma3_lag2,CFNAI-MA3,-1.07659,0.68304,0.11498,,91,0.25153,0.23452
min_committee,would+be+prepared,46,0.535,(6) excl-2020,vix_pre28,VIX,0.12037,0.02246,0.0,***,91,0.25153,0.23452
min_committee,would+be+prepared,46,0.535,(7) Δ,const,const,0.02741,0.01881,0.14496,,98,0.038,0.01775
min_committee,would+be+prepared,46,0.535,(7) Δ,d_cfnai,ΔCFNAI,0.04008,0.01613,0.01296,**,98,0.038,0.01775
min_committee,would+be+prepared,46,0.535,(7) Δ,d_vix,ΔVIX,0.00213,0.00557,0.70277,,98,0.038,0.01775
min_committee,would+be+prepared,46,0.535,(8) Δ excl-2020,const,const,0.01033,0.01362,0.4484,,90,0.00278,-0.02014
min_committee,would+be+prepared,46,0.535,(8) Δ excl-2020,d_cfnai,ΔCFNAI,-0.02527,0.14691,0.86341,,90,0.00278,-0.02014
min_committee,would+be+prepared,46,0.535,(8) Δ excl-2020,d_vix,ΔVIX,0.00363,0.00738,0.62269,,90,0.00278,-0.02014
min_committee,may+be+appropriate,13,0.889,(3),const,const,0.52009,0.32421,0.10867,,99,0.01248,-0.0081
min_committee,may+be+appropriate,13,0.889,(3),cfnai_ma3_lag2,CFNAI-MA3,-0.02217,0.03025,0.46355,,99,0.01248,-0.0081
min_committee,may+be+appropriate,13,0.889,(3),vix_pre28,VIX,-0.01433,0.01125,0.20262,,99,0.01248,-0.0081
min_committee,may+be+appropriate,13,0.889,(6) excl-2020,const,const,0.36824,0.28926,0.203,,91,0.04765,0.02601
min_committee,may+be+appropriate,13,0.889,(6) excl-2020,cfnai_ma3_lag2,CFNAI-MA3,-0.71115,0.38258,0.06305,*,91,0.04765,0.02601
min_committee,may+be+appropriate,13,0.889,(6) excl-2020,vix_pre28,VIX,-0.00549,0.01217,0.65194,,91,0.04765,0.02601
min_committee,may+be+appropriate,13,0.889,(7) Δ,const,const,0.00021,0.04372,0.99623,,98,0.00086,-0.02017
min_committee,may+be+appropriate,13,0.889,(7) Δ,d_cfnai,ΔCFNAI,0.003,0.00336,0.3719,,98,0.00086,-0.02017
min_committee,may+be+appropriate,13,0.889,(7) Δ,d_vix,ΔVIX,-0.00314,0.00441,0.47664,,98,0.00086,-0.02017
min_committee,may+be+appropriate,13,0.889,(8) Δ excl-2020,const,const,0.00122,0.04885,0.98,,90,0.00235,-0.02058
min_committee,may+be+appropriate,13,0.889,(8) Δ excl-2020,d_cfnai,ΔCFNAI,0.08818,0.15455,0.56829,,90,0.00235,-0.02058
min_committee,may+be+appropriate,13,0.889,(8) Δ excl-2020,d_vix,ΔVIX,-0.00536,0.00698,0.44251,,90,0.00235,-0.02058
min_committee,will+be+appropriate,7,0.929,(3),const,const,0.175,0.13565,0.19703,,99,0.02713,0.00686
min_committee,will+be+appropriate,7,0.929,(3),cfnai_ma3_lag2,CFNAI-MA3,0.03349,0.02076,0.10658,,99,0.02713,0.00686
min_committee,will+be+appropriate,7,0.929,(3),vix_pre28,VIX,-0.00505,0.00571,0.37661,,99,0.02713,0.00686
min_committee,will+be+appropriate,7,0.929,(6) excl-2020,const,const,0.23962,0.14681,0.10263,,91,0.03218,0.01018
min_committee,will+be+appropriate,7,0.929,(6) excl-2020,cfnai_ma3_lag2,CFNAI-MA3,-0.09592,0.08015,0.23141,,91,0.03218,0.01018
min_committee,will+be+appropriate,7,0.929,(6) excl-2020,vix_pre28,VIX,-0.00958,0.00613,0.11807,,91,0.03218,0.01018
min_committee,will+be+appropriate,7,0.929,(7) Δ,const,const,0.00124,0.01972,0.94969,,98,0.12625,0.10785
min_committee,will+be+appropriate,7,0.929,(7) Δ,d_cfnai,ΔCFNAI,0.08118,0.01663,0.0,***,98,0.12625,0.10785
min_committee,will+be+appropriate,7,0.929,(7) Δ,d_vix,ΔVIX,-0.01779,0.00824,0.03089,**,98,0.12625,0.10785
min_committee,will+be+appropriate,7,0.929,(8) Δ excl-2020,const,const,-0.00032,0.01855,0.98627,,90,0.04657,0.02466
min_committee,will+be+appropriate,7,0.929,(8) Δ excl-2020,d_cfnai,ΔCFNAI,0.01203,0.17739,0.94595,,90,0.04657,0.02466
min_committee,will+be+appropriate,7,0.929,(8) Δ excl-2020,d_vix,ΔVIX,-0.0197,0.01097,0.07257,*,90,0.04657,0.02466
min_directive_quote,could+affect,18,0.818,(3),const,const,2.0301,0.97605,0.03753,**,99,0.03665,0.01658
min_directive_quote,could+affect,18,0.818,(3),cfnai_ma3_lag2,CFNAI-MA3,0.01794,0.04346,0.67981,,99,0.03665,0.01658
min_directive_quote,could+affect,18,0.818,(3),vix_pre28,VIX,-0.06298,0.03596,0.07985,*,99,0.03665,0.01658
min_directive_quote,could+affect,18,0.818,(6) excl-2020,const,const,2.11012,1.24387,0.08981,*,91,0.02404,0.00186
min_directive_quote,could+affect,18,0.818,(6) excl-2020,cfnai_ma3_lag2,CFNAI-MA3,0.36305,1.0309,0.72471,,91,0.02404,0.00186
min_directive_quote,could+affect,18,0.818,(6) excl-2020,vix_pre28,VIX,-0.06789,0.05566,0.22255,,91,0.02404,0.00186
min_directive_quote,could+affect,18,0.818,(7) Δ,const,const,-0.0463,0.06673,0.48774,,98,0.04242,0.02227
min_directive_quote,could+affect,18,0.818,(7) Δ,d_cfnai,ΔCFNAI,0.01862,0.01775,0.29442,,98,0.04242,0.02227
min_directive_quote,could+affect,18,0.818,(7) Δ,d_vix,ΔVIX,-0.03142,0.0217,0.1476,,98,0.04242,0.02227
min_directive_quote,could+affect,18,0.818,(8) Δ excl-2020,const,const,-0.01678,0.0691,0.80815,,90,0.00952,-0.01325
min_directive_quote,could+affect,18,0.818,(8) Δ excl-2020,d_cfnai,ΔCFNAI,0.34294,0.34676,0.32267,,90,0.00952,-0.01325
min_directive_quote,could+affect,18,0.818,(8) Δ excl-2020,d_vix,ΔVIX,-0.00429,0.00369,0.24501,,90,0.00952,-0.01325
min_directive_quote,will+foster,15,0.848,(3),const,const,1.77607,0.98024,0.07001,*,99,0.02762,0.00736
min_directive_quote,will+foster,15,0.848,(3),cfnai_ma3_lag2,CFNAI-MA3,0.03344,0.04593,0.46657,,99,0.02762,0.00736
min_directive_quote,will+foster,15,0.848,(3),vix_pre28,VIX,-0.05344,0.03604,0.13818,,99,0.02762,0.00736
min_directive_quote,will+foster,15,0.848,(6) excl-2020,const,const,1.95796,1.23539,0.11299,,91,0.02174,-0.00049
min_directive_quote,will+foster,15,0.848,(6) excl-2020,cfnai_ma3_lag2,CFNAI-MA3,0.54166,1.01271,0.59275,,91,0.02174,-0.00049
min_directive_quote,will+foster,15,0.848,(6) excl-2020,vix_pre28,VIX,-0.06235,0.05503,0.25726,,91,0.02174,-0.00049
min_directive_quote,will+foster,15,0.848,(7) Δ,const,const,-0.04834,0.05964,0.41762,,98,0.00017,-0.02088
min_directive_quote,will+foster,15,0.848,(7) Δ,d_cfnai,ΔCFNAI,0.00573,0.00781,0.46303,,98,0.00017,-0.02088
min_directive_quote,will+foster,15,0.848,(7) Δ,d_vix,ΔVIX,-0.00021,0.00105,0.84487,,98,0.00017,-0.02088
min_directive_quote,will+foster,15,0.848,(8) Δ excl-2020,const,const,-0.04829,0.05996,0.42058,,90,0.00789,-0.01492
min_directive_quote,will+foster,15,0.848,(8) Δ excl-2020,d_cfnai,ΔCFNAI,0.28537,0.34073,0.4023,,90,0.00789,-0.01492
min_directive_quote,will+foster,15,0.848,(8) Δ excl-2020,d_vix,ΔVIX,-0.00161,0.00251,0.52087,,90,0.00789,-0.01492
min_directive_quote,will+keep,15,0.848,(3),const,const,1.77607,0.98024,0.07001,*,99,0.02762,0.00736
min_directive_quote,will+keep,15,0.848,(3),cfnai_ma3_lag2,CFNAI-MA3,0.03344,0.04593,0.46657,,99,0.02762,0.00736
min_directive_quote,will+keep,15,0.848,(3),vix_pre28,VIX,-0.05344,0.03604,0.13818,,99,0.02762,0.00736
min_directive_quote,will+keep,15,0.848,(6) excl-2020,const,const,1.95796,1.23539,0.11299,,91,0.02174,-0.00049
min_directive_quote,will+keep,15,0.848,(6) excl-2020,cfnai_ma3_lag2,CFNAI-MA3,0.54166,1.01271,0.59275,,91,0.02174,-0.00049
min_directive_quote,will+keep,15,0.848,(6) excl-2020,vix_pre28,VIX,-0.06235,0.05503,0.25726,,91,0.02174,-0.00049
min_directive_quote,will+keep,15,0.848,(7) Δ,const,const,-0.04834,0.05964,0.41762,,98,0.00017,-0.02088
min_directive_quote,will+keep,15,0.848,(7) Δ,d_cfnai,ΔCFNAI,0.00573,0.00781,0.46303,,98,0.00017,-0.02088
min_directive_quote,will+keep,15,0.848,(7) Δ,d_vix,ΔVIX,-0.00021,0.00105,0.84487,,98,0.00017,-0.02088
min_directive_quote,will+keep,15,0.848,(8) Δ excl-2020,const,const,-0.04829,0.05996,0.42058,,90,0.00789,-0.01492
min_directive_quote,will+keep,15,0.848,(8) Δ excl-2020,d_cfnai,ΔCFNAI,0.28537,0.34073,0.4023,,90,0.00789,-0.01492
min_directive_quote,will+keep,15,0.848,(8) Δ excl-2020,d_vix,ΔVIX,-0.00161,0.00251,0.52087,,90,0.00789,-0.01492
min_front_matter,would+be+appropriate,0,1.0,(3),const,const,0.0,0.0,,,99,,
min_front_matter,would+be+appropriate,0,1.0,(3),cfnai_ma3_lag2,CFNAI-MA3,0.0,0.0,,,99,,
min_front_matter,would+be+appropriate,0,1.0,(3),vix_pre28,VIX,0.0,0.0,,,99,,
min_front_matter,would+be+appropriate,0,1.0,(6) excl-2020,const,const,0.0,0.0,,,91,,
min_front_matter,would+be+appropriate,0,1.0,(6) excl-2020,cfnai_ma3_lag2,CFNAI-MA3,0.0,0.0,,,91,,
min_front_matter,would+be+appropriate,0,1.0,(6) excl-2020,vix_pre28,VIX,0.0,0.0,,,91,,
min_front_matter,would+be+appropriate,0,1.0,(7) Δ,const,const,0.0,0.0,,,98,,
min_front_matter,would+be+appropriate,0,1.0,(7) Δ,d_cfnai,ΔCFNAI,0.0,0.0,,,98,,
min_front_matter,would+be+appropriate,0,1.0,(7) Δ,d_vix,ΔVIX,0.0,0.0,,,98,,
min_front_matter,would+be+appropriate,0,1.0,(8) Δ excl-2020,const,const,0.0,0.0,,,90,,
min_front_matter,would+be+appropriate,0,1.0,(8) Δ excl-2020,d_cfnai,ΔCFNAI,0.0,0.0,,,90,,
min_front_matter,would+be+appropriate,0,1.0,(8) Δ excl-2020,d_vix,ΔVIX,0.0,0.0,,,90,,
min_participants,would+be+appropriate,143,0.232,(3),const,const,0.23014,0.17134,0.17922,,99,0.0675,0.04807
min_participants,would+be+appropriate,143,0.232,(3),cfnai_ma3_lag2,CFNAI-MA3,0.00453,0.04543,0.92065,,99,0.0675,0.04807
min_participants,would+be+appropriate,143,0.232,(3),vix_pre28,VIX,0.02235,0.00995,0.02466,**,99,0.0675,0.04807
min_participants,would+be+appropriate,143,0.232,(6) excl-2020,const,const,0.22706,0.25991,0.38234,,91,0.04305,0.0213
min_participants,would+be+appropriate,143,0.232,(6) excl-2020,cfnai_ma3_lag2,CFNAI-MA3,-0.11683,0.29352,0.69061,,91,0.04305,0.0213
min_participants,would+be+appropriate,143,0.232,(6) excl-2020,vix_pre28,VIX,0.0212,0.01604,0.18621,,91,0.04305,0.0213
min_participants,would+be+appropriate,143,0.232,(7) Δ,const,const,0.00121,0.03737,0.97413,,98,0.08036,0.061
min_participants,would+be+appropriate,143,0.232,(7) Δ,d_cfnai,ΔCFNAI,0.10097,0.04473,0.02398,**,98,0.08036,0.061
min_participants,would+be+appropriate,143,0.232,(7) Δ,d_vix,ΔVIX,-0.02401,0.01381,0.08206,*,98,0.08036,0.061
min_participants,would+be+appropriate,143,0.232,(8) Δ excl-2020,const,const,0.00141,0.03049,0.96312,,90,0.01621,-0.00641
min_participants,would+be+appropriate,143,0.232,(8) Δ excl-2020,d_cfnai,ΔCFNAI,-0.01818,0.21535,0.93271,,90,0.01621,-0.00641
min_participants,would+be+appropriate,143,0.232,(8) Δ excl-2020,d_vix,ΔVIX,-0.01783,0.01811,0.32492,,90,0.01621,-0.00641
min_participants,would+continue,100,0.424,(3),const,const,0.204,0.17678,0.24851,,99,0.0302,0.01
min_participants,would+continue,100,0.424,(3),cfnai_ma3_lag2,CFNAI-MA3,0.02482,0.04299,0.56366,,99,0.0302,0.01
min_participants,would+continue,100,0.424,(3),vix_pre28,VIX,0.01317,0.01131,0.24397,,99,0.0302,0.01
min_participants,would+continue,100,0.424,(6) excl-2020,const,const,0.53045,0.15272,0.00051,***,91,0.01935,-0.00294
min_participants,would+continue,100,0.424,(6) excl-2020,cfnai_ma3_lag2,CFNAI-MA3,0.2321,0.25713,0.3667,,91,0.01935,-0.00294
min_participants,would+continue,100,0.424,(6) excl-2020,vix_pre28,VIX,-0.00753,0.009,0.40288,,91,0.01935,-0.00294
min_participants,would+continue,100,0.424,(7) Δ,const,const,0.00679,0.02927,0.81668,,98,0.04788,0.02784
min_participants,would+continue,100,0.424,(7) Δ,d_cfnai,ΔCFNAI,0.0731,0.01194,0.0,***,98,0.04788,0.02784
min_participants,would+continue,100,0.424,(7) Δ,d_vix,ΔVIX,-0.01843,0.01306,0.15822,,98,0.04788,0.02784
min_participants,would+continue,100,0.424,(8) Δ excl-2020,const,const,-0.00586,0.02899,0.83986,,90,0.07346,0.05216
min_participants,would+continue,100,0.424,(8) Δ excl-2020,d_cfnai,ΔCFNAI,0.14486,0.26024,0.57776,,90,0.07346,0.05216
min_participants,would+continue,100,0.424,(8) Δ excl-2020,d_vix,ΔVIX,-0.03913,0.01235,0.00154,***,90,0.07346,0.05216
min_participants,would+depend,59,0.606,(3),const,const,0.09106,0.15053,0.54525,,99,0.02934,0.00911
min_participants,would+depend,59,0.606,(3),cfnai_ma3_lag2,CFNAI-MA3,0.043,0.05382,0.42435,,99,0.02934,0.00911
min_participants,would+depend,59,0.606,(3),vix_pre28,VIX,0.00988,0.00973,0.31003,,99,0.02934,0.00911
min_participants,would+depend,59,0.606,(6) excl-2020,const,const,0.30086,0.10634,0.00467,***,91,0.22831,0.21077
min_participants,would+depend,59,0.606,(6) excl-2020,cfnai_ma3_lag2,CFNAI-MA3,0.76939,0.1936,7e-05,***,91,0.22831,0.21077
min_participants,would+depend,59,0.606,(6) excl-2020,vix_pre28,VIX,-0.00306,0.00686,0.65552,,91,0.22831,0.21077
min_participants,would+depend,59,0.606,(7) Δ,const,const,-6e-05,0.02406,0.99786,,98,0.00305,-0.01794
min_participants,would+depend,59,0.606,(7) Δ,d_cfnai,ΔCFNAI,0.01447,0.0111,0.19215,,98,0.00305,-0.01794
min_participants,would+depend,59,0.606,(7) Δ,d_vix,ΔVIX,0.00125,0.00692,0.85723,,98,0.00305,-0.01794
min_participants,would+depend,59,0.606,(8) Δ excl-2020,const,const,-0.00712,0.0249,0.77498,,90,0.00606,-0.01679
min_participants,would+depend,59,0.606,(8) Δ excl-2020,d_cfnai,ΔCFNAI,0.09603,0.21742,0.65871,,90,0.00606,-0.01679
min_participants,would+depend,59,0.606,(8) Δ excl-2020,d_vix,ΔVIX,0.00492,0.0107,0.64587,,90,0.00606,-0.01679
min_participants,could+lead,57,0.586,(3),const,const,0.25023,0.15002,0.09532,*,99,0.00913,-0.01151
min_participants,could+lead,57,0.586,(3),cfnai_ma3_lag2,CFNAI-MA3,0.03226,0.02292,0.15928,,99,0.00913,-0.01151
min_participants,could+lead,57,0.586,(3),vix_pre28,VIX,0.00037,0.00735,0.96028,,99,0.00913,-0.01151
min_participants,could+lead,57,0.586,(6) excl-2020,const,const,0.43174,0.1833,0.0185,**,91,0.02014,-0.00213
min_participants,could+lead,57,0.586,(6) excl-2020,cfnai_ma3_lag2,CFNAI-MA3,0.11137,0.13463,0.40812,,91,0.02014,-0.00213
min_participants,could+lead,57,0.586,(6) excl-2020,vix_pre28,VIX,-0.01104,0.00925,0.23252,,91,0.02014,-0.00213
min_participants,could+lead,57,0.586,(7) Δ,const,const,-0.0063,0.02597,0.80844,,98,0.01414,-0.00662
min_participants,could+lead,57,0.586,(7) Δ,d_cfnai,ΔCFNAI,0.0363,0.01721,0.0349,**,98,0.01414,-0.00662
min_participants,could+lead,57,0.586,(7) Δ,d_vix,ΔVIX,0.0057,0.01078,0.59673,,98,0.01414,-0.00662
min_participants,could+lead,57,0.586,(8) Δ excl-2020,const,const,-0.00053,0.02796,0.98486,,90,0.00703,-0.0158
min_participants,could+lead,57,0.586,(8) Δ excl-2020,d_cfnai,ΔCFNAI,0.21193,0.16932,0.21071,,90,0.00703,-0.0158
min_participants,could+lead,57,0.586,(8) Δ excl-2020,d_vix,ΔVIX,0.00187,0.01686,0.91157,,90,0.00703,-0.0158
min_participants,would+remain,56,0.596,(3),const,const,0.40154,0.1361,0.00317,***,99,0.03987,0.01986
min_participants,would+remain,56,0.596,(3),cfnai_ma3_lag2,CFNAI-MA3,0.0489,0.0195,0.01214,**,99,0.03987,0.01986
min_participants,would+remain,56,0.596,(3),vix_pre28,VIX,-0.00758,0.00679,0.264,,99,0.03987,0.01986
min_participants,would+remain,56,0.596,(6) excl-2020,const,const,0.34385,0.18244,0.05946,*,91,0.00503,-0.01758
min_participants,would+remain,56,0.596,(6) excl-2020,cfnai_ma3_lag2,CFNAI-MA3,-0.0058,0.16015,0.97113,,91,0.00503,-0.01758
min_participants,would+remain,56,0.596,(6) excl-2020,vix_pre28,VIX,-0.00518,0.0106,0.62517,,91,0.00503,-0.01758
min_participants,would+remain,56,0.596,(7) Δ,const,const,0.00627,0.02126,0.76795,,98,0.07694,0.05751
min_participants,would+remain,56,0.596,(7) Δ,d_cfnai,ΔCFNAI,0.09195,0.02015,1e-05,***,98,0.07694,0.05751
min_participants,would+remain,56,0.596,(7) Δ,d_vix,ΔVIX,-0.01016,0.02059,0.62169,,98,0.07694,0.05751
min_participants,would+remain,56,0.596,(8) Δ excl-2020,const,const,0.0168,0.02075,0.41818,,90,0.042,0.01998
min_participants,would+remain,56,0.596,(8) Δ excl-2020,d_cfnai,ΔCFNAI,0.21492,0.12238,0.07907,*,90,0.042,0.01998
min_participants,would+remain,56,0.596,(8) Δ excl-2020,d_vix,ΔVIX,0.01828,0.01897,0.33517,,90,0.042,0.01998
min_participants,would+help,55,0.596,(3),const,const,-0.13163,0.11427,0.24938,,99,0.13498,0.11696
min_participants,would+help,55,0.596,(3),cfnai_ma3_lag2,CFNAI-MA3,-0.00726,0.00763,0.34096,,99,0.13498,0.11696
min_participants,would+help,55,0.596,(3),vix_pre28,VIX,0.02043,0.00613,0.00087,***,99,0.13498,0.11696
min_participants,would+help,55,0.596,(6) excl-2020,const,const,-0.29537,0.11942,0.01339,**,91,0.1773,0.1586
min_participants,would+help,55,0.596,(6) excl-2020,cfnai_ma3_lag2,CFNAI-MA3,-0.02536,0.1541,0.86928,,91,0.1773,0.1586
min_participants,would+help,55,0.596,(6) excl-2020,vix_pre28,VIX,0.02999,0.00738,5e-05,***,91,0.1773,0.1586
min_participants,would+help,55,0.596,(7) Δ,const,const,-0.00067,0.02037,0.97365,,98,0.01582,-0.0049
min_participants,would+help,55,0.596,(7) Δ,d_cfnai,ΔCFNAI,-0.00279,0.009,0.75679,,98,0.01582,-0.0049
min_participants,would+help,55,0.596,(7) Δ,d_vix,ΔVIX,0.01033,0.00946,0.27474,,98,0.01582,-0.0049
min_participants,would+help,55,0.596,(8) Δ excl-2020,const,const,-0.00161,0.02155,0.94061,,90,0.0828,0.06172
min_participants,would+help,55,0.596,(8) Δ excl-2020,d_cfnai,ΔCFNAI,0.13361,0.24121,0.57964,,90,0.0828,0.06172
min_participants,would+help,55,0.596,(8) Δ excl-2020,d_vix,ΔVIX,0.02713,0.00996,0.00648,***,90,0.0828,0.06172
min_participants,would+need,47,0.657,(3),const,const,0.15016,0.10463,0.15126,,99,0.05485,0.03516
min_participants,would+need,47,0.657,(3),cfnai_ma3_lag2,CFNAI-MA3,-0.06676,0.01216,0.0,***,99,0.05485,0.03516
min_participants,would+need,47,0.657,(3),vix_pre28,VIX,0.00275,0.00511,0.59056,,99,0.05485,0.03516
min_participants,would+need,47,0.657,(6) excl-2020,const,const,0.04997,0.12335,0.68541,,91,0.04792,0.02628
min_participants,would+need,47,0.657,(6) excl-2020,cfnai_ma3_lag2,CFNAI-MA3,-0.28994,0.12609,0.02148,**,91,0.04792,0.02628
min_participants,would+need,47,0.657,(6) excl-2020,vix_pre28,VIX,0.00881,0.00739,0.23282,,91,0.04792,0.02628
min_participants,would+need,47,0.657,(7) Δ,const,const,-0.00587,0.01917,0.75949,,98,0.04238,0.02222
min_participants,would+need,47,0.657,(7) Δ,d_cfnai,ΔCFNAI,-0.06632,0.00756,0.0,***,98,0.04238,0.02222
min_participants,would+need,47,0.657,(7) Δ,d_vix,ΔVIX,-0.00268,0.01189,0.8215,,98,0.04238,0.02222
min_participants,would+need,47,0.657,(8) Δ excl-2020,const,const,-0.00317,0.02014,0.87487,,90,0.01503,-0.00761
min_participants,would+need,47,0.657,(8) Δ excl-2020,d_cfnai,ΔCFNAI,-0.22554,0.20092,0.26164,,90,0.01503,-0.00761
min_participants,would+need,47,0.657,(8) Δ excl-2020,d_vix,ΔVIX,-0.0078,0.01815,0.66732,,90,0.01503,-0.00761
min_participants,would+expect,44,0.586,(3),const,const,0.28716,0.06624,1e-05,***,99,0.01614,-0.00435
min_participants,would+expect,44,0.586,(3),cfnai_ma3_lag2,CFNAI-MA3,0.00114,0.01418,0.93578,,99,0.01614,-0.00435
min_participants,would+expect,44,0.586,(3),vix_pre28,VIX,-0.00525,0.00316,0.09707,*,99,0.01614,-0.00435
min_participants,would+expect,44,0.586,(6) excl-2020,const,const,0.31006,0.09381,0.00095,***,91,0.01918,-0.00311
min_participants,would+expect,44,0.586,(6) excl-2020,cfnai_ma3_lag2,CFNAI-MA3,0.09569,0.09576,0.31763,,91,0.01918,-0.00311
min_participants,would+expect,44,0.586,(6) excl-2020,vix_pre28,VIX,-0.00656,0.0052,0.20781,,91,0.01918,-0.00311
min_participants,would+expect,44,0.586,(7) Δ,const,const,0.00018,0.01929,0.99242,,98,0.00103,-0.02
min_participants,would+expect,44,0.586,(7) Δ,d_cfnai,ΔCFNAI,0.00463,0.02103,0.82556,,98,0.00103,-0.02
min_participants,would+expect,44,0.586,(7) Δ,d_vix,ΔVIX,-0.00275,0.00909,0.76254,,98,0.00103,-0.02
min_participants,would+expect,44,0.586,(8) Δ excl-2020,const,const,0.00127,0.02111,0.95204,,90,0.00328,-0.01963
min_participants,would+expect,44,0.586,(8) Δ excl-2020,d_cfnai,ΔCFNAI,-0.09667,0.22646,0.66947,,90,0.00328,-0.01963
min_participants,would+expect,44,0.586,(8) Δ excl-2020,d_vix,ΔVIX,0.00455,0.01278,0.72206,,90,0.00328,-0.01963
min_participants,will+be+appropriate,2,0.98,(3),const,const,0.00777,0.00767,0.31108,,99,0.00029,-0.02054
min_participants,will+be+appropriate,2,0.98,(3),cfnai_ma3_lag2,CFNAI-MA3,0.00092,0.001,0.35963,,99,0.00029,-0.02054
min_participants,will+be+appropriate,2,0.98,(3),vix_pre28,VIX,5e-05,0.00031,0.8703,,99,0.00029,-0.02054
min_participants,will+be+appropriate,2,0.98,(6) excl-2020,const,const,0.00308,0.00877,0.72525,,91,0.00199,-0.0207
min_participants,will+be+appropriate,2,0.98,(6) excl-2020,cfnai_ma3_lag2,CFNAI-MA3,0.00799,0.01231,0.51638,,91,0.00199,-0.0207
min_participants,will+be+appropriate,2,0.98,(6) excl-2020,vix_pre28,VIX,0.00038,0.00056,0.4999,,91,0.00199,-0.0207
min_participants,will+be+appropriate,2,0.98,(7) Δ,const,const,5e-05,0.00397,0.99014,,98,0.00186,-0.01915
min_participants,will+be+appropriate,2,0.98,(7) Δ,d_cfnai,ΔCFNAI,0.00147,0.0019,0.43875,,98,0.00186,-0.01915
min_participants,will+be+appropriate,2,0.98,(7) Δ,d_vix,ΔVIX,-0.00073,0.00245,0.76513,,98,0.00186,-0.01915
min_participants,will+be+appropriate,2,0.98,(8) Δ excl-2020,const,const,0.00093,0.00437,0.83186,,90,0.01995,-0.00258
min_participants,will+be+appropriate,2,0.98,(8) Δ excl-2020,d_cfnai,ΔCFNAI,0.06239,0.04775,0.19133,,90,0.01995,-0.00258
min_participants,will+be+appropriate,2,0.98,(8) Δ excl-2020,d_vix,ΔVIX,-0.00139,0.00389,0.72046,,90,0.01995,-0.00258
min_participants,may+be+appropriate,11,0.939,(3),const,const,0.06624,0.05332,0.21414,,99,0.00088,-0.01994
min_participants,may+be+appropriate,11,0.939,(3),cfnai_ma3_lag2,CFNAI-MA3,-0.00227,0.00513,0.6583,,99,0.00088,-0.01994
min_participants,may+be+appropriate,11,0.939,(3),vix_pre28,VIX,-0.00102,0.0019,0.59145,,99,0.00088,-0.01994
min_participants,may+be+appropriate,11,0.939,(6) excl-2020,const,const,0.02318,0.05028,0.64478,,91,0.01465,-0.00774
min_participants,may+be+appropriate,11,0.939,(6) excl-2020,cfnai_ma3_lag2,CFNAI-MA3,-0.11568,0.06033,0.05518,*,91,0.01465,-0.00774
min_participants,may+be+appropriate,11,0.939,(6) excl-2020,vix_pre28,VIX,0.00158,0.0026,0.54363,,91,0.01465,-0.00774
min_participants,may+be+appropriate,11,0.939,(7) Δ,const,const,0.00015,0.01403,0.99161,,98,0.00153,-0.01949
min_participants,may+be+appropriate,11,0.939,(7) Δ,d_cfnai,ΔCFNAI,0.00268,0.00401,0.50387,,98,0.00153,-0.01949
min_participants,may+be+appropriate,11,0.939,(7) Δ,d_vix,ΔVIX,-0.00223,0.00357,0.53253,,98,0.00153,-0.01949
min_participants,may+be+appropriate,11,0.939,(8) Δ excl-2020,const,const,0.00132,0.01585,0.93346,,90,0.00616,-0.01669
min_participants,may+be+appropriate,11,0.939,(8) Δ excl-2020,d_cfnai,ΔCFNAI,0.09217,0.13881,0.50668,,90,0.00616,-0.01669
min_participants,may+be+appropriate,11,0.939,(8) Δ excl-2020,d_vix,ΔVIX,-0.00391,0.00596,0.51179,,90,0.00616,-0.01669
min_participants,could+be+appropriate,7,0.929,(3),const,const,-0.03124,0.04551,0.49246,,99,0.02868,0.00844
min_participants,could+be+appropriate,7,0.929,(3),cfnai_ma3_lag2,CFNAI-MA3,0.00277,0.00567,0.62553,,99,0.02868,0.00844
min_participants,could+be+appropriate,7,0.929,(3),vix_pre28,VIX,0.00369,0.00294,0.21016,,99,0.02868,0.00844
min_participants,could+be+appropriate,7,0.929,(6) excl-2020,const,const,-0.10788,0.05886,0.06684,*,91,0.08714,0.0664
min_participants,could+be+appropriate,7,0.929,(6) excl-2020,cfnai_ma3_lag2,CFNAI-MA3,-0.05806,0.07331,0.42843,,91,0.08714,0.0664
min_participants,could+be+appropriate,7,0.929,(6) excl-2020,vix_pre28,VIX,0.00847,0.00414,0.04102,**,91,0.08714,0.0664
min_participants,could+be+appropriate,7,0.929,(7) Δ,const,const,-0.00045,0.0086,0.95868,,98,0.03572,0.01542
min_participants,could+be+appropriate,7,0.929,(7) Δ,d_cfnai,ΔCFNAI,-0.00424,0.00437,0.33134,,98,0.03572,0.01542
min_participants,could+be+appropriate,7,0.929,(7) Δ,d_vix,ΔVIX,0.00681,0.00502,0.17507,,98,0.03572,0.01542
min_participants,could+be+appropriate,7,0.929,(8) Δ excl-2020,const,const,-0.00078,0.00958,0.93516,,90,0.06247,0.04092
min_participants,could+be+appropriate,7,0.929,(8) Δ excl-2020,d_cfnai,ΔCFNAI,-0.06906,0.07332,0.34623,,90,0.06247,0.04092
min_participants,could+be+appropriate,7,0.929,(8) Δ excl-2020,d_vix,ΔVIX,0.01121,0.00736,0.12805,,90,0.06247,0.04092
min_special,would+be+appropriate,23,0.6,(3),const,const,-0.23075,0.87906,0.79294,,40,0.08946,0.04024
min_special,would+be+appropriate,23,0.6,(3),cfnai_ma3_lag2,CFNAI-MA3,0.16197,0.07824,0.03844,**,40,0.08946,0.04024
min_special,would+be+appropriate,23,0.6,(3),vix_pre28,VIX,0.05134,0.0492,0.29672,,40,0.08946,0.04024
min_special,would+be+appropriate,23,0.6,(6) excl-2020,const,const,-0.55332,1.01906,0.58715,,36,0.13374,0.08124
min_special,would+be+appropriate,23,0.6,(6) excl-2020,cfnai_ma3_lag2,CFNAI-MA3,0.48524,0.49493,0.32688,,36,0.13374,0.08124
min_special,would+be+appropriate,23,0.6,(6) excl-2020,vix_pre28,VIX,0.07342,0.05423,0.17579,,36,0.13374,0.08124
min_special,would+be+appropriate,23,0.6,(7) Δ,const,const,-0.01215,0.11784,0.91789,,39,0.13988,0.0921
min_special,would+be+appropriate,23,0.6,(7) Δ,d_cfnai,ΔCFNAI,0.04969,0.05528,0.36875,,39,0.13988,0.0921
min_special,would+be+appropriate,23,0.6,(7) Δ,d_vix,ΔVIX,0.0747,0.02968,0.01184,**,39,0.13988,0.0921
min_special,would+be+appropriate,23,0.6,(8) Δ excl-2020,const,const,0.00869,0.13572,0.94893,,35,0.16639,0.11429
min_special,would+be+appropriate,23,0.6,(8) Δ excl-2020,d_cfnai,ΔCFNAI,-0.27532,0.3191,0.38824,,35,0.16639,0.11429
min_special,would+be+appropriate,23,0.6,(8) Δ excl-2020,d_vix,ΔVIX,0.0931,0.02576,0.0003,***,35,0.16639,0.11429
min_special,could+be+appropriate,6,0.85,(3),const,const,-0.09384,0.18262,0.60736,,40,0.07788,0.02803
min_special,could+be+appropriate,6,0.85,(3),cfnai_ma3_lag2,CFNAI-MA3,0.04318,0.02527,0.08745,*,40,0.07788,0.02803
min_special,could+be+appropriate,6,0.85,(3),vix_pre28,VIX,0.01196,0.01108,0.28073,,40,0.07788,0.02803
min_special,could+be+appropriate,6,0.85,(6) excl-2020,const,const,-0.01399,0.18206,0.93875,,36,0.32796,0.28723
min_special,could+be+appropriate,6,0.85,(6) excl-2020,cfnai_ma3_lag2,CFNAI-MA3,0.59245,0.09148,0.0,***,36,0.32796,0.28723
min_special,could+be+appropriate,6,0.85,(6) excl-2020,vix_pre28,VIX,0.00862,0.01055,0.41389,,36,0.32796,0.28723
min_special,could+be+appropriate,6,0.85,(7) Δ,const,const,-0.00264,0.02959,0.92888,,39,0.0711,0.0195
min_special,could+be+appropriate,6,0.85,(7) Δ,d_cfnai,ΔCFNAI,0.01812,0.01464,0.21596,,39,0.0711,0.0195
min_special,could+be+appropriate,6,0.85,(7) Δ,d_vix,ΔVIX,0.01687,0.01362,0.21562,,39,0.0711,0.0195
min_special,could+be+appropriate,6,0.85,(8) Δ excl-2020,const,const,0.01524,0.03462,0.65984,,35,0.09231,0.03558
min_special,could+be+appropriate,6,0.85,(8) Δ excl-2020,d_cfnai,ΔCFNAI,0.15349,0.14449,0.28812,,35,0.09231,0.03558
min_special,could+be+appropriate,6,0.85,(8) Δ excl-2020,d_vix,ΔVIX,0.01591,0.01678,0.34306,,35,0.09231,0.03558
min_special,may+be+appropriate,4,0.95,(3),const,const,-0.02057,0.10077,0.83822,,40,0.01807,-0.03501
min_special,may+be+appropriate,4,0.95,(3),cfnai_ma3_lag2,CFNAI-MA3,0.03659,0.0274,0.18177,,40,0.01807,-0.03501
min_special,may+be+appropriate,4,0.95,(3),vix_pre28,VIX,0.00704,0.00642,0.27321,,40,0.01807,-0.03501
min_special,may+be+appropriate,4,0.95,(6) excl-2020,const,const,0.10773,0.14648,0.46204,,36,0.13855,0.08634
min_special,may+be+appropriate,4,0.95,(6) excl-2020,cfnai_ma3_lag2,CFNAI-MA3,0.65159,0.27071,0.01609,**,36,0.13855,0.08634
min_special,may+be+appropriate,4,0.95,(6) excl-2020,vix_pre28,VIX,0.00087,0.00676,0.89774,,36,0.13855,0.08634
min_special,may+be+appropriate,4,0.95,(7) Δ,const,const,0.0026,0.04364,0.95256,,39,0.02281,-0.03148
min_special,may+be+appropriate,4,0.95,(7) Δ,d_cfnai,ΔCFNAI,-0.00496,0.00993,0.61741,,39,0.02281,-0.03148
min_special,may+be+appropriate,4,0.95,(7) Δ,d_vix,ΔVIX,-0.01548,0.01297,0.23275,,39,0.02281,-0.03148
min_special,may+be+appropriate,4,0.95,(8) Δ excl-2020,const,const,0.00847,0.05312,0.87337,,35,0.03927,-0.02077
min_special,may+be+appropriate,4,0.95,(8) Δ excl-2020,d_cfnai,ΔCFNAI,0.22386,0.31157,0.47246,,35,0.03927,-0.02077
min_special,may+be+appropriate,4,0.95,(8) Δ excl-2020,d_vix,ΔVIX,-0.02325,0.0192,0.22592,,35,0.03927,-0.02077
min_special,will+be+appropriate,1,0.975,(3),const,const,-0.18495,0.15261,0.22555,,40,0.16508,0.11995
min_special,will+be+appropriate,1,0.975,(3),cfnai_ma3_lag2,CFNAI-MA3,0.01837,0.01465,0.20991,,40,0.16508,0.11995
min_special,will+be+appropriate,1,0.975,(3),vix_pre28,VIX,0.01165,0.00947,0.21851,,40,0.16508,0.11995
min_special,will+be+appropriate,1,0.975,(6) excl-2020,const,const,-0.23935,0.18753,0.20183,,36,0.22623,0.17933
min_special,will+be+appropriate,1,0.975,(6) excl-2020,cfnai_ma3_lag2,CFNAI-MA3,0.0505,0.05815,0.38513,,36,0.22623,0.17933
min_special,will+be+appropriate,1,0.975,(6) excl-2020,vix_pre28,VIX,0.01507,0.01143,0.18734,,36,0.22623,0.17933
min_special,will+be+appropriate,1,0.975,(7) Δ,const,const,-0.00279,0.0147,0.84932,,39,0.23799,0.19566
min_special,will+be+appropriate,1,0.975,(7) Δ,d_cfnai,ΔCFNAI,0.01169,0.01388,0.39953,,39,0.23799,0.19566
min_special,will+be+appropriate,1,0.975,(7) Δ,d_vix,ΔVIX,0.0172,0.01268,0.17505,,39,0.23799,0.19566
min_special,will+be+appropriate,1,0.975,(8) Δ excl-2020,const,const,0.00248,0.01553,0.87314,,35,0.28075,0.2358
min_special,will+be+appropriate,1,0.975,(8) Δ excl-2020,d_cfnai,ΔCFNAI,-0.05561,0.06899,0.4202,,35,0.28075,0.2358
min_special,will+be+appropriate,1,0.975,(8) Δ excl-2020,d_vix,ΔVIX,0.02125,0.01433,0.13799,,35,0.28075,0.2358
min_staff,could+be+appropriate,1,0.99,(3),const,const,0.00993,0.00961,0.3014,,99,0.00122,-0.01959
min_staff,could+be+appropriate,1,0.99,(3),cfnai_ma3_lag2,CFNAI-MA3,-0.00095,0.00133,0.47664,,99,0.00122,-0.01959
min_staff,could+be+appropriate,1,0.99,(3),vix_pre28,VIX,-0.00027,0.00027,0.32152,,99,0.00122,-0.01959
min_staff,could+be+appropriate,1,0.99,(6) excl-2020,const,const,0.00415,0.00468,0.37495,,91,0.01379,-0.00863
min_staff,could+be+appropriate,1,0.99,(6) excl-2020,cfnai_ma3_lag2,CFNAI-MA3,-0.0271,0.02655,0.30736,,91,0.01379,-0.00863
min_staff,could+be+appropriate,1,0.99,(6) excl-2020,vix_pre28,VIX,6e-05,0.00023,0.78845,,91,0.01379,-0.00863
min_staff,could+be+appropriate,1,0.99,(7) Δ,const,const,-9e-05,0.00336,0.97769,,98,0.00826,-0.01262
min_staff,could+be+appropriate,1,0.99,(7) Δ,d_cfnai,ΔCFNAI,-0.00116,0.00139,0.40638,,98,0.00826,-0.01262
min_staff,could+be+appropriate,1,0.99,(7) Δ,d_vix,ΔVIX,0.00143,0.00143,0.31697,,98,0.00826,-0.01262
min_staff,could+be+appropriate,1,0.99,(8) Δ excl-2020,const,const,-0.00038,0.00386,0.92069,,90,0.01805,-0.00453
min_staff,could+be+appropriate,1,0.99,(8) Δ excl-2020,d_cfnai,ΔCFNAI,-0.02886,0.03116,0.35427,,90,0.01805,-0.00453
min_staff,could+be+appropriate,1,0.99,(8) Δ excl-2020,d_vix,ΔVIX,0.0024,0.00232,0.29955,,90,0.01805,-0.00453
min_staff_desk,would+be+appropriate,8,0.949,(3),const,const,0.02163,0.08693,0.80348,,99,0.00255,-0.01823
min_staff_desk,would+be+appropriate,8,0.949,(3),cfnai_ma3_lag2,CFNAI-MA3,0.00017,0.0101,0.98681,,99,0.00255,-0.01823
min_staff_desk,would+be+appropriate,8,0.949,(3),vix_pre28,VIX,0.00329,0.00569,0.56268,,99,0.00255,-0.01823
min_staff_desk,would+be+appropriate,8,0.949,(6) excl-2020,const,const,-0.10718,0.17605,0.54267,,91,0.02411,0.00193
min_staff_desk,would+be+appropriate,8,0.949,(6) excl-2020,cfnai_ma3_lag2,CFNAI-MA3,-0.1906,0.18997,0.31572,,91,0.02411,0.00193
min_staff_desk,would+be+appropriate,8,0.949,(6) excl-2020,vix_pre28,VIX,0.01121,0.01133,0.32233,,91,0.02411,0.00193
min_staff_desk,would+be+appropriate,8,0.949,(7) Δ,const,const,-0.00088,0.02373,0.97039,,98,0.0127,-0.00808
min_staff_desk,would+be+appropriate,8,0.949,(7) Δ,d_cfnai,ΔCFNAI,-0.01053,0.01139,0.35524,,98,0.0127,-0.00808
min_staff_desk,would+be+appropriate,8,0.949,(7) Δ,d_vix,ΔVIX,0.01341,0.01428,0.34772,,98,0.0127,-0.00808
min_staff_desk,would+be+appropriate,8,0.949,(8) Δ excl-2020,const,const,-0.00333,0.02501,0.89395,,90,0.02683,0.00446
min_staff_desk,would+be+appropriate,8,0.949,(8) Δ excl-2020,d_cfnai,ΔCFNAI,-0.25322,0.27932,0.36465,,90,0.02683,0.00446
min_staff_desk,would+be+appropriate,8,0.949,(8) Δ excl-2020,d_vix,ΔVIX,0.02248,0.02162,0.29845,,90,0.02683,0.00446
min_staff_desk,may+be+appropriate,2,0.98,(3),const,const,-0.02813,0.04499,0.53182,,99,0.00617,-0.01453
min_staff_desk,may+be+appropriate,2,0.98,(3),cfnai_ma3_lag2,CFNAI-MA3,0.00295,0.00582,0.6119,,99,0.00617,-0.01453
min_staff_desk,may+be+appropriate,2,0.98,(3),vix_pre28,VIX,0.00354,0.00289,0.22116,,99,0.00617,-0.01453
min_staff_desk,may+be+appropriate,2,0.98,(6) excl-2020,const,const,-0.10216,0.05498,0.06313,*,91,0.01864,-0.00366
min_staff_desk,may+be+appropriate,2,0.98,(6) excl-2020,cfnai_ma3_lag2,CFNAI-MA3,-0.05153,0.09619,0.59213,,91,0.01864,-0.00366
min_staff_desk,may+be+appropriate,2,0.98,(6) excl-2020,vix_pre28,VIX,0.00817,0.00434,0.05974,*,91,0.01864,-0.00366
min_staff_desk,may+be+appropriate,2,0.98,(7) Δ,const,const,-0.00011,0.01732,0.99473,,98,0.00052,-0.02052
min_staff_desk,may+be+appropriate,2,0.98,(7) Δ,d_cfnai,ΔCFNAI,0.00094,0.00276,0.73204,,98,0.00052,-0.02052
min_staff_desk,may+be+appropriate,2,0.98,(7) Δ,d_vix,ΔVIX,0.00178,0.00383,0.6416,,98,0.00052,-0.02052
min_staff_desk,may+be+appropriate,2,0.98,(8) Δ excl-2020,const,const,0.0015,0.01903,0.93708,,90,0.00288,-0.02004
min_staff_desk,may+be+appropriate,2,0.98,(8) Δ excl-2020,d_cfnai,ΔCFNAI,0.09303,0.09863,0.34557,,90,0.00288,-0.02004
min_staff_desk,may+be+appropriate,2,0.98,(8) Δ excl-2020,d_vix,ΔVIX,0.00255,0.00612,0.67664,,90,0.00288,-0.02004
min_staff_desk,will+be+appropriate,1,0.99,(3),const,const,0.01454,0.01432,0.31013,,99,0.00303,-0.01774
min_staff_desk,will+be+appropriate,1,0.99,(3),cfnai_ma3_lag2,CFNAI-MA3,0.00024,0.00037,0.51542,,99,0.00303,-0.01774
min_staff_desk,will+be+appropriate,1,0.99,(3),vix_pre28,VIX,-0.0005,0.0005,0.32031,,99,0.00303,-0.01774
min_staff_desk,will+be+appropriate,1,0.99,(6) excl-2020,const,const,0.01796,0.01804,0.31953,,91,0.00343,-0.01922
min_staff_desk,will+be+appropriate,1,0.99,(6) excl-2020,cfnai_ma3_lag2,CFNAI-MA3,0.00672,0.00902,0.45673,,91,0.00343,-0.01922
min_staff_desk,will+be+appropriate,1,0.99,(6) excl-2020,vix_pre28,VIX,-0.00069,0.00072,0.33197,,91,0.00343,-0.01922
min_staff_desk,will+be+appropriate,1,0.99,(7) Δ,const,const,5e-05,0.00355,0.98912,,98,0.00201,-0.019
min_staff_desk,will+be+appropriate,1,0.99,(7) Δ,d_cfnai,ΔCFNAI,0.00084,0.001,0.40337,,98,0.00201,-0.019
min_staff_desk,will+be+appropriate,1,0.99,(7) Δ,d_vix,ΔVIX,-0.00073,0.00084,0.38524,,98,0.00201,-0.019
min_staff_desk,will+be+appropriate,1,0.99,(8) Δ excl-2020,const,const,0.0004,0.00365,0.91267,,90,0.00742,-0.0154
min_staff_desk,will+be+appropriate,1,0.99,(8) Δ excl-2020,d_cfnai,ΔCFNAI,0.02807,0.03176,0.37675,,90,0.00742,-0.0154
min_staff_desk,will+be+appropriate,1,0.99,(8) Δ excl-2020,d_vix,ΔVIX,-0.00128,0.00139,0.35679,,90,0.00742,-0.0154
min_statement_quote,will+take,123,0.0,(3),const,const,3.05633,0.66539,0.0,***,99,0.0039,-0.01685
min_statement_quote,will+take,123,0.0,(3),cfnai_ma3_lag2,CFNAI-MA3,-0.03495,0.09323,0.7077,,99,0.0039,-0.01685
min_statement_quote,will+take,123,0.0,(3),vix_pre28,VIX,0.01144,0.03324,0.7308,,99,0.0039,-0.01685
min_statement_quote,will+take,123,0.0,(6) excl-2020,const,const,1.8568,0.57563,0.00126,***,91,0.18056,0.16194
min_statement_quote,will+take,123,0.0,(6) excl-2020,cfnai_ma3_lag2,CFNAI-MA3,-2.05473,0.67973,0.0025,***,91,0.18056,0.16194
min_statement_quote,will+take,123,0.0,(6) excl-2020,vix_pre28,VIX,0.08412,0.03231,0.00922,***,91,0.18056,0.16194
min_statement_quote,will+take,123,0.0,(7) Δ,const,const,0.02946,0.05714,0.60618,,98,0.00975,-0.0111
min_statement_quote,will+take,123,0.0,(7) Δ,d_cfnai,ΔCFNAI,-0.0009,0.01186,0.93931,,98,0.00975,-0.0111
min_statement_quote,will+take,123,0.0,(7) Δ,d_vix,ΔVIX,-0.01194,0.01642,0.46711,,98,0.00975,-0.0111
min_statement_quote,will+take,123,0.0,(8) Δ excl-2020,const,const,0.04691,0.06205,0.44967,,90,0.00137,-0.02159
min_statement_quote,will+take,123,0.0,(8) Δ excl-2020,d_cfnai,ΔCFNAI,0.02061,0.23869,0.93119,,90,0.00137,-0.02159
min_statement_quote,will+take,123,0.0,(8) Δ excl-2020,d_vix,ΔVIX,0.00523,0.0147,0.72213,,90,0.00137,-0.02159
min_statement_quote,will+continue,122,0.323,(3),const,const,0.19469,1.39184,0.88876,,99,0.12878,0.11063
min_statement_quote,will+continue,122,0.323,(3),cfnai_ma3_lag2,CFNAI-MA3,-0.05408,0.09648,0.57514,,99,0.12878,0.11063
min_statement_quote,will+continue,122,0.323,(3),vix_pre28,VIX,0.18439,0.05476,0.00076,***,99,0.12878,0.11063
min_statement_quote,will+continue,122,0.323,(6) excl-2020,const,const,-0.93571,1.38634,0.49971,,91,0.14541,0.12599
min_statement_quote,will+continue,122,0.323,(6) excl-2020,cfnai_ma3_lag2,CFNAI-MA3,-2.31415,2.02854,0.25396,,91,0.14541,0.12599
min_statement_quote,will+continue,122,0.323,(6) excl-2020,vix_pre28,VIX,0.24967,0.06522,0.00013,***,91,0.14541,0.12599
min_statement_quote,will+continue,122,0.323,(7) Δ,const,const,0.03002,0.09297,0.74677,,98,0.01482,-0.00592
min_statement_quote,will+continue,122,0.323,(7) Δ,d_cfnai,ΔCFNAI,0.10851,0.07398,0.14243,,98,0.01482,-0.00592
min_statement_quote,will+continue,122,0.323,(7) Δ,d_vix,ΔVIX,-0.01868,0.0301,0.53482,,98,0.01482,-0.00592
min_statement_quote,will+continue,122,0.323,(8) Δ excl-2020,const,const,0.00659,0.09572,0.94514,,90,0.04547,0.02353
min_statement_quote,will+continue,122,0.323,(8) Δ excl-2020,d_cfnai,ΔCFNAI,0.72834,0.62768,0.2459,,90,0.04547,0.02353
min_statement_quote,will+continue,122,0.323,(8) Δ excl-2020,d_vix,ΔVIX,-0.06351,0.01978,0.00132,***,90,0.04547,0.02353
min_statement_quote,will+assess,71,0.283,(3),const,const,3.03378,0.53504,0.0,***,99,0.11717,0.09877
min_statement_quote,will+assess,71,0.283,(3),cfnai_ma3_lag2,CFNAI-MA3,-0.31449,0.10945,0.00406,***,99,0.11717,0.09877
min_statement_quote,will+assess,71,0.283,(3),vix_pre28,VIX,-0.06315,0.03039,0.03774,**,99,0.11717,0.09877
min_statement_quote,will+assess,71,0.283,(6) excl-2020,const,const,3.01413,0.67507,1e-05,***,91,0.20373,0.18564
min_statement_quote,will+assess,71,0.283,(6) excl-2020,cfnai_ma3_lag2,CFNAI-MA3,-2.18026,0.75792,0.00402,***,91,0.20373,0.18564
min_statement_quote,will+assess,71,0.283,(6) excl-2020,vix_pre28,VIX,-0.06453,0.04287,0.1322,,91,0.20373,0.18564
min_statement_quote,will+assess,71,0.283,(7) Δ,const,const,0.04191,0.04642,0.36657,,98,0.15252,0.13468
min_statement_quote,will+assess,71,0.283,(7) Δ,d_cfnai,ΔCFNAI,-0.13653,0.04911,0.00543,***,98,0.15252,0.13468
min_statement_quote,will+assess,71,0.283,(7) Δ,d_vix,ΔVIX,-0.01415,0.01245,0.25577,,98,0.15252,0.13468
min_statement_quote,will+assess,71,0.283,(8) Δ excl-2020,const,const,0.08592,0.04052,0.034,**,90,0.00681,-0.01603
min_statement_quote,will+assess,71,0.283,(8) Δ excl-2020,d_cfnai,ΔCFNAI,0.08866,0.19406,0.64776,,90,0.00681,-0.01603
min_statement_quote,will+assess,71,0.283,(8) Δ excl-2020,d_vix,ΔVIX,-0.00878,0.00712,0.21765,,90,0.00681,-0.01603
min_statement_quote,could+impede,46,0.535,(3),const,const,0.05549,0.91452,0.95161,,99,0.09882,0.08005
min_statement_quote,could+impede,46,0.535,(3),cfnai_ma3_lag2,CFNAI-MA3,0.23223,0.05523,3e-05,***,99,0.09882,0.08005
min_statement_quote,could+impede,46,0.535,(3),vix_pre28,VIX,0.07953,0.0483,0.09964,*,99,0.09882,0.08005
min_statement_quote,could+impede,46,0.535,(6) excl-2020,const,const,-1.55884,0.60674,0.01019,**,91,0.25226,0.23526
min_statement_quote,could+impede,46,0.535,(6) excl-2020,cfnai_ma3_lag2,CFNAI-MA3,-1.36028,1.00324,0.17514,,91,0.25226,0.23526
min_statement_quote,could+impede,46,0.535,(6) excl-2020,vix_pre28,VIX,0.1786,0.03335,0.0,***,91,0.25226,0.23526
min_statement_quote,could+impede,46,0.535,(7) Δ,const,const,0.04174,0.02399,0.08188,*,98,0.29894,0.28418
min_statement_quote,could+impede,46,0.535,(7) Δ,d_cfnai,ΔCFNAI,0.13882,0.03555,9e-05,***,98,0.29894,0.28418
min_statement_quote,could+impede,46,0.535,(7) Δ,d_vix,ΔVIX,-0.00681,0.00872,0.43502,,98,0.29894,0.28418
min_statement_quote,could+impede,46,0.535,(8) Δ excl-2020,const,const,0.01873,0.01817,0.3026,,90,0.00417,-0.01872
min_statement_quote,could+impede,46,0.535,(8) Δ excl-2020,d_cfnai,ΔCFNAI,-0.08593,0.12634,0.49639,,90,0.00417,-0.01872
min_statement_quote,could+impede,46,0.535,(8) Δ excl-2020,d_vix,ΔVIX,-0.00013,0.01135,0.99054,,90,0.00417,-0.01872
min_statement_quote,would+be+prepared,46,0.535,(3),const,const,0.05549,0.91452,0.95161,,99,0.09882,0.08005
min_statement_quote,would+be+prepared,46,0.535,(3),cfnai_ma3_lag2,CFNAI-MA3,0.23223,0.05523,3e-05,***,99,0.09882,0.08005
min_statement_quote,would+be+prepared,46,0.535,(3),vix_pre28,VIX,0.07953,0.0483,0.09964,*,99,0.09882,0.08005
min_statement_quote,would+be+prepared,46,0.535,(6) excl-2020,const,const,-1.55884,0.60674,0.01019,**,91,0.25226,0.23526
min_statement_quote,would+be+prepared,46,0.535,(6) excl-2020,cfnai_ma3_lag2,CFNAI-MA3,-1.36028,1.00324,0.17514,,91,0.25226,0.23526
min_statement_quote,would+be+prepared,46,0.535,(6) excl-2020,vix_pre28,VIX,0.1786,0.03335,0.0,***,91,0.25226,0.23526
min_statement_quote,would+be+prepared,46,0.535,(7) Δ,const,const,0.04174,0.02399,0.08188,*,98,0.29894,0.28418
min_statement_quote,would+be+prepared,46,0.535,(7) Δ,d_cfnai,ΔCFNAI,0.13882,0.03555,9e-05,***,98,0.29894,0.28418
min_statement_quote,would+be+prepared,46,0.535,(7) Δ,d_vix,ΔVIX,-0.00681,0.00872,0.43502,,98,0.29894,0.28418
min_statement_quote,would+be+prepared,46,0.535,(8) Δ excl-2020,const,const,0.01873,0.01817,0.3026,,90,0.00417,-0.01872
min_statement_quote,would+be+prepared,46,0.535,(8) Δ excl-2020,d_cfnai,ΔCFNAI,-0.08593,0.12634,0.49639,,90,0.00417,-0.01872
min_statement_quote,would+be+prepared,46,0.535,(8) Δ excl-2020,d_vix,ΔVIX,-0.00013,0.01135,0.99054,,90,0.00417,-0.01872
min_statement_quote,will+be+appropriate,43,0.606,(3),const,const,-0.0676,0.68716,0.92163,,99,0.11914,0.10078
min_statement_quote,will+be+appropriate,43,0.606,(3),cfnai_ma3_lag2,CFNAI-MA3,0.29606,0.07898,0.00018,***,99,0.11914,0.10078
min_statement_quote,will+be+appropriate,43,0.606,(3),vix_pre28,VIX,0.0606,0.04017,0.13139,,99,0.11914,0.10078
min_statement_quote,will+be+appropriate,43,0.606,(6) excl-2020,const,const,-0.61458,0.75063,0.41293,,91,0.19631,0.17804
min_statement_quote,will+be+appropriate,43,0.606,(6) excl-2020,cfnai_ma3_lag2,CFNAI-MA3,1.36726,0.61994,0.02742,**,91,0.19631,0.17804
min_statement_quote,will+be+appropriate,43,0.606,(6) excl-2020,vix_pre28,VIX,0.09637,0.04434,0.02977,**,91,0.19631,0.17804
min_statement_quote,will+be+appropriate,43,0.606,(7) Δ,const,const,-0.02314,0.07015,0.74147,,98,0.06265,0.04292
min_statement_quote,will+be+appropriate,43,0.606,(7) Δ,d_cfnai,ΔCFNAI,0.14602,0.03452,2e-05,***,98,0.06265,0.04292
min_statement_quote,will+be+appropriate,43,0.606,(7) Δ,d_vix,ΔVIX,-0.02488,0.01501,0.09728,*,98,0.06265,0.04292
min_statement_quote,will+be+appropriate,43,0.606,(8) Δ excl-2020,const,const,-0.05495,0.07465,0.46167,,90,0.01911,-0.00344
min_statement_quote,will+be+appropriate,43,0.606,(8) Δ excl-2020,d_cfnai,ΔCFNAI,-0.14986,0.46636,0.74795,,90,0.01911,-0.00344
min_statement_quote,will+be+appropriate,43,0.606,(8) Δ excl-2020,d_vix,ΔVIX,-0.02945,0.02323,0.20476,,90,0.01911,-0.00344
min_statement_quote,will+monitor,32,0.677,(3),const,const,1.16649,0.59873,0.05138,*,99,0.1027,0.08401
min_statement_quote,will+monitor,32,0.677,(3),cfnai_ma3_lag2,CFNAI-MA3,-0.2653,0.02765,0.0,***,99,0.1027,0.08401
min_statement_quote,will+monitor,32,0.677,(3),vix_pre28,VIX,-0.02903,0.02906,0.3177,,99,0.1027,0.08401
min_statement_quote,will+monitor,32,0.677,(6) excl-2020,const,const,1.9035,0.55824,0.00065,***,91,0.11695,0.09688
min_statement_quote,will+monitor,32,0.677,(6) excl-2020,cfnai_ma3_lag2,CFNAI-MA3,0.11864,0.52457,0.82108,,91,0.11695,0.09688
min_statement_quote,will+monitor,32,0.677,(6) excl-2020,vix_pre28,VIX,-0.07363,0.02716,0.0067,***,91,0.11695,0.09688
min_statement_quote,will+monitor,32,0.677,(7) Δ,const,const,-0.01461,0.05349,0.78472,,98,0.08442,0.06514
min_statement_quote,will+monitor,32,0.677,(7) Δ,d_cfnai,ΔCFNAI,-0.15791,0.02983,0.0,***,98,0.08442,0.06514
min_statement_quote,will+monitor,32,0.677,(7) Δ,d_vix,ΔVIX,0.03048,0.01443,0.0347,**,98,0.08442,0.06514
min_statement_quote,will+monitor,32,0.677,(8) Δ excl-2020,const,const,-0.01385,0.05628,0.80563,,90,0.01602,-0.0066
min_statement_quote,will+monitor,32,0.677,(8) Δ excl-2020,d_cfnai,ΔCFNAI,-0.06102,0.41062,0.88186,,90,0.01602,-0.0066
min_statement_quote,will+monitor,32,0.677,(8) Δ excl-2020,d_vix,ΔVIX,0.02579,0.02083,0.21572,,90,0.01602,-0.0066
min_statement_quote,may+be+appropriate,10,0.899,(3),const,const,0.63943,0.39036,0.10141,,99,0.01062,-0.01
min_statement_quote,may+be+appropriate,10,0.899,(3),cfnai_ma3_lag2,CFNAI-MA3,-0.02858,0.03928,0.46691,,99,0.01062,-0.01
min_statement_quote,may+be+appropriate,10,0.899,(3),vix_pre28,VIX,-0.01709,0.01317,0.19421,,99,0.01062,-0.01
min_statement_quote,may+be+appropriate,10,0.899,(6) excl-2020,const,const,0.42878,0.32984,0.19361,,91,0.04712,0.02546
min_statement_quote,may+be+appropriate,10,0.899,(6) excl-2020,cfnai_ma3_lag2,CFNAI-MA3,-0.93297,0.5009,0.06252,*,91,0.04712,0.02546
min_statement_quote,may+be+appropriate,10,0.899,(6) excl-2020,vix_pre28,VIX,-0.0048,0.01391,0.73013,,91,0.04712,0.02546
min_statement_quote,may+be+appropriate,10,0.899,(7) Δ,const,const,0.00035,0.06051,0.99532,,98,0.00145,-0.01957
min_statement_quote,may+be+appropriate,10,0.899,(7) Δ,d_cfnai,ΔCFNAI,0.00335,0.00491,0.49551,,98,0.00145,-0.01957
min_statement_quote,may+be+appropriate,10,0.899,(7) Δ,d_vix,ΔVIX,-0.00542,0.00693,0.43414,,98,0.00145,-0.01957
min_statement_quote,may+be+appropriate,10,0.899,(8) Δ excl-2020,const,const,0.0006,0.06798,0.99301,,90,0.00252,-0.02041
min_statement_quote,may+be+appropriate,10,0.899,(8) Δ excl-2020,d_cfnai,ΔCFNAI,0.05337,0.21461,0.8036,,90,0.00252,-0.02041
min_statement_quote,may+be+appropriate,10,0.899,(8) Δ excl-2020,d_vix,ΔVIX,-0.00892,0.01094,0.41513,,90,0.00252,-0.02041
min_vote,would+hold,92,0.071,(3),const,const,6.71718,1.12832,0.0,***,99,0.0039,-0.01685
min_vote,would+hold,92,0.071,(3),cfnai_ma3_lag2,CFNAI-MA3,-0.1422,0.10518,0.17637,,99,0.0039,-0.01685
min_vote,would+hold,92,0.071,(3),vix_pre28,VIX,-0.02582,0.04528,0.56863,,99,0.0039,-0.01685
min_vote,would+hold,92,0.071,(6) excl-2020,const,const,7.40919,1.37114,0.0,***,91,0.02374,0.00155
min_vote,would+hold,92,0.071,(6) excl-2020,cfnai_ma3_lag2,CFNAI-MA3,2.10442,1.21486,0.08323,*,91,0.02374,0.00155
min_vote,would+hold,92,0.071,(6) excl-2020,vix_pre28,VIX,-0.06544,0.06255,0.29547,,91,0.02374,0.00155
min_vote,would+hold,92,0.071,(7) Δ,const,const,-0.09755,0.19922,0.62437,,98,0.00506,-0.01589
min_vote,would+hold,92,0.071,(7) Δ,d_cfnai,ΔCFNAI,-0.18333,0.10159,0.07114,*,98,0.00506,-0.01589
min_vote,would+hold,92,0.071,(7) Δ,d_vix,ΔVIX,-0.0193,0.05207,0.71087,,98,0.00506,-0.01589
min_vote,would+hold,92,0.071,(8) Δ excl-2020,const,const,-0.09663,0.21737,0.65664,,90,0.01636,-0.00625
min_vote,would+hold,92,0.071,(8) Δ excl-2020,d_cfnai,ΔCFNAI,2.60529,1.54327,0.09138,*,90,0.01636,-0.00625
min_vote,would+hold,92,0.071,(8) Δ excl-2020,d_vix,ΔVIX,-0.03712,0.07614,0.62593,,90,0.01636,-0.00625
min_vote,will+be+appropriate,4,0.96,(3),const,const,0.30194,0.4378,0.49039,,99,0.06164,0.0421
min_vote,will+be+appropriate,4,0.96,(3),cfnai_ma3_lag2,CFNAI-MA3,0.19588,0.09668,0.04276,**,99,0.06164,0.0421
min_vote,will+be+appropriate,4,0.96,(3),vix_pre28,VIX,-0.00574,0.02051,0.77962,,99,0.06164,0.0421
min_vote,will+be+appropriate,4,0.96,(6) excl-2020,const,const,0.72527,0.60382,0.2297,,91,0.0493,0.02769
min_vote,will+be+appropriate,4,0.96,(6) excl-2020,cfnai_ma3_lag2,CFNAI-MA3,0.54082,0.5064,0.28554,,91,0.0493,0.02769
min_vote,will+be+appropriate,4,0.96,(6) excl-2020,vix_pre28,VIX,-0.03322,0.02821,0.23898,,91,0.0493,0.02769
min_vote,will+be+appropriate,4,0.96,(7) Δ,const,const,0.00361,0.06168,0.95339,,98,0.21785,0.20139
min_vote,will+be+appropriate,4,0.96,(7) Δ,d_cfnai,ΔCFNAI,0.35742,0.08749,4e-05,***,98,0.21785,0.20139
min_vote,will+be+appropriate,4,0.96,(7) Δ,d_vix,ΔVIX,-0.04944,0.02705,0.06761,*,98,0.21785,0.20139
min_vote,will+be+appropriate,4,0.96,(8) Δ excl-2020,const,const,-0.00465,0.05661,0.9346,,90,0.02791,0.00556
min_vote,will+be+appropriate,4,0.96,(8) Δ excl-2020,d_cfnai,ΔCFNAI,-0.23947,0.24095,0.32031,,90,0.02791,0.00556
min_vote,will+be+appropriate,4,0.96,(8) Δ excl-2020,d_vix,ΔVIX,-0.03694,0.03437,0.2824,,90,0.02791,0.00556
min_vote,would+be+appropriate,1,0.99,(3),const,const,0.14416,0.14347,0.31498,,99,0.00445,-0.01629
min_vote,would+be+appropriate,1,0.99,(3),cfnai_ma3_lag2,CFNAI-MA3,-0.00465,0.00589,0.43013,,99,0.00445,-0.01629
min_vote,would+be+appropriate,1,0.99,(3),vix_pre28,VIX,-0.00537,0.00545,0.3241,,99,0.00445,-0.01629
min_vote,would+be+appropriate,1,0.99,(6) excl-2020,const,const,0.15573,0.15732,0.32224,,91,0.00624,-0.01634
min_vote,would+be+appropriate,1,0.99,(6) excl-2020,cfnai_ma3_lag2,CFNAI-MA3,-0.09155,0.09157,0.3174,,91,0.00624,-0.01634
min_vote,would+be+appropriate,1,0.99,(6) excl-2020,vix_pre28,VIX,-0.00616,0.00643,0.33766,,91,0.00624,-0.01634
min_vote,would+be+appropriate,1,0.99,(7) Δ,const,const,0.00083,0.03053,0.9782,,98,0.00774,-0.01315
min_vote,would+be+appropriate,1,0.99,(7) Δ,d_cfnai,ΔCFNAI,0.00963,0.01134,0.39572,,98,0.00774,-0.01315
min_vote,would+be+appropriate,1,0.99,(7) Δ,d_vix,ΔVIX,-0.0127,0.01271,0.31761,,98,0.00774,-0.01315
min_vote,would+be+appropriate,1,0.99,(8) Δ excl-2020,const,const,0.00287,0.03299,0.93066,,90,0.01575,-0.00688
min_vote,would+be+appropriate,1,0.99,(8) Δ excl-2020,d_cfnai,ΔCFNAI,0.22109,0.2174,0.30917,,90,0.01575,-0.00688
min_vote,would+be+appropriate,1,0.99,(8) Δ excl-2020,d_vix,ΔVIX,-0.02123,0.02021,0.29345,,90,0.01575,-0.00688
pc_chair,would+say,662,0.0,(3),const,const,0.95356,0.23952,7e-05,***,80,0.01793,-0.00758
pc_chair,would+say,662,0.0,(3),cfnai_ma3_lag2,CFNAI-MA3,0.00018,0.04219,0.99656,,80,0.01793,-0.00758
pc_chair,would+say,662,0.0,(3),vix_pre28,VIX,0.01482,0.01032,0.15116,,80,0.01793,-0.00758
pc_chair,would+say,662,0.0,(6) excl-2020,const,const,0.78559,0.29438,0.00762,***,71,0.0455,0.01742
pc_chair,would+say,662,0.0,(6) excl-2020,cfnai_ma3_lag2,CFNAI-MA3,-0.51443,0.28848,0.07455,*,71,0.0455,0.01742
pc_chair,would+say,662,0.0,(6) excl-2020,vix_pre28,VIX,0.02218,0.01655,0.1802,,71,0.0455,0.01742
pc_chair,would+say,662,0.0,(7) Δ,const,const,-0.0123,0.05059,0.80783,,79,0.03096,0.00546
pc_chair,would+say,662,0.0,(7) Δ,d_cfnai,ΔCFNAI,0.09137,0.04361,0.03615,**,79,0.03096,0.00546
pc_chair,would+say,662,0.0,(7) Δ,d_vix,ΔVIX,-0.01955,0.0204,0.33773,,79,0.03096,0.00546
pc_chair,would+say,662,0.0,(8) Δ excl-2020,const,const,-0.02809,0.05466,0.60731,,70,0.00548,-0.02421
pc_chair,would+say,662,0.0,(8) Δ excl-2020,d_cfnai,ΔCFNAI,-0.29683,0.38412,0.43967,,70,0.00548,-0.02421
pc_chair,would+say,662,0.0,(8) Δ excl-2020,d_vix,ΔVIX,0.00295,0.0234,0.89959,,70,0.00548,-0.02421
pc_chair,will+continue,243,0.025,(3),const,const,0.4586,0.15261,0.00266,***,80,0.00467,-0.02118
pc_chair,will+continue,243,0.025,(3),cfnai_ma3_lag2,CFNAI-MA3,0.01872,0.01426,0.1892,,80,0.00467,-0.02118
pc_chair,will+continue,243,0.025,(3),vix_pre28,VIX,0.00132,0.0066,0.84169,,80,0.00467,-0.02118
pc_chair,will+continue,243,0.025,(6) excl-2020,const,const,0.54363,0.23819,0.02247,**,71,0.00905,-0.02009
pc_chair,will+continue,243,0.025,(6) excl-2020,cfnai_ma3_lag2,CFNAI-MA3,0.10907,0.19894,0.58352,,71,0.00905,-0.02009
pc_chair,will+continue,243,0.025,(6) excl-2020,vix_pre28,VIX,-0.00497,0.01157,0.66725,,71,0.00905,-0.02009
pc_chair,will+continue,243,0.025,(7) Δ,const,const,-0.00353,0.02202,0.87278,,79,0.02397,-0.00171
pc_chair,will+continue,243,0.025,(7) Δ,d_cfnai,ΔCFNAI,0.04231,0.01002,2e-05,***,79,0.02397,-0.00171
pc_chair,will+continue,243,0.025,(7) Δ,d_vix,ΔVIX,-0.00591,0.01243,0.63475,,79,0.02397,-0.00171
pc_chair,will+continue,243,0.025,(8) Δ excl-2020,const,const,-0.0093,0.022,0.6726,,70,0.00756,-0.02206
pc_chair,will+continue,243,0.025,(8) Δ excl-2020,d_cfnai,ΔCFNAI,0.10646,0.29754,0.7205,,70,0.00756,-0.02206
pc_chair,will+continue,243,0.025,(8) Δ excl-2020,d_vix,ΔVIX,0.00517,0.01355,0.7029,,70,0.00756,-0.02206
pc_chair,will+have,216,0.087,(3),const,const,0.50806,0.08538,0.0,***,80,0.01766,-0.00785
pc_chair,will+have,216,0.087,(3),cfnai_ma3_lag2,CFNAI-MA3,-0.00191,0.01352,0.88772,,80,0.01766,-0.00785
pc_chair,will+have,216,0.087,(3),vix_pre28,VIX,-0.00559,0.00415,0.1777,,80,0.01766,-0.00785
pc_chair,will+have,216,0.087,(6) excl-2020,const,const,0.32169,0.09546,0.00075,***,71,0.09586,0.06926
pc_chair,will+have,216,0.087,(6) excl-2020,cfnai_ma3_lag2,CFNAI-MA3,-0.32298,0.1087,0.00297,***,71,0.09586,0.06926
pc_chair,will+have,216,0.087,(6) excl-2020,vix_pre28,VIX,0.00563,0.00506,0.26623,,71,0.09586,0.06926
pc_chair,will+have,216,0.087,(7) Δ,const,const,0.0048,0.01776,0.7868,,79,0.00484,-0.02135
pc_chair,will+have,216,0.087,(7) Δ,d_cfnai,ΔCFNAI,0.00379,0.00996,0.70383,,79,0.00484,-0.02135
pc_chair,will+have,216,0.087,(7) Δ,d_vix,ΔVIX,-0.00479,0.00803,0.55054,,79,0.00484,-0.02135
pc_chair,will+have,216,0.087,(8) Δ excl-2020,const,const,0.00899,0.01973,0.64846,,70,0.07232,0.04463
pc_chair,will+have,216,0.087,(8) Δ excl-2020,d_cfnai,ΔCFNAI,-0.40307,0.12897,0.00178,***,70,0.07232,0.04463
pc_chair,will+have,216,0.087,(8) Δ excl-2020,d_vix,ΔVIX,-0.00454,0.01238,0.71383,,70,0.07232,0.04463
pc_chair,will+see,177,0.2,(3),const,const,0.10899,0.0867,0.20873,,80,0.04818,0.02346
pc_chair,will+see,177,0.2,(3),cfnai_ma3_lag2,CFNAI-MA3,0.00205,0.01471,0.88899,,80,0.04818,0.02346
pc_chair,will+see,177,0.2,(3),vix_pre28,VIX,0.01161,0.00456,0.01094,**,80,0.04818,0.02346
pc_chair,will+see,177,0.2,(6) excl-2020,const,const,0.03119,0.12495,0.80288,,71,0.0576,0.02988
pc_chair,will+see,177,0.2,(6) excl-2020,cfnai_ma3_lag2,CFNAI-MA3,0.0142,0.19384,0.94162,,71,0.0576,0.02988
pc_chair,will+see,177,0.2,(6) excl-2020,vix_pre28,VIX,0.01659,0.00766,0.03043,**,71,0.0576,0.02988
pc_chair,will+see,177,0.2,(7) Δ,const,const,0.00258,0.02415,0.91482,,79,0.0139,-0.01205
pc_chair,will+see,177,0.2,(7) Δ,d_cfnai,ΔCFNAI,-0.01025,0.00861,0.23349,,79,0.0139,-0.01205
pc_chair,will+see,177,0.2,(7) Δ,d_vix,ΔVIX,0.01028,0.00785,0.19082,,79,0.0139,-0.01205
pc_chair,will+see,177,0.2,(8) Δ excl-2020,const,const,0.00053,0.02772,0.98486,,70,0.01043,-0.01911
pc_chair,will+see,177,0.2,(8) Δ excl-2020,d_cfnai,ΔCFNAI,-0.03288,0.27832,0.90597,,70,0.01043,-0.01911
pc_chair,will+see,177,0.2,(8) Δ excl-2020,d_vix,ΔVIX,0.01089,0.01177,0.35512,,70,0.01043,-0.01911
pc_chair,can+do,159,0.237,(3),const,const,-0.11468,0.11353,0.31242,,80,0.18857,0.16749
pc_chair,can+do,159,0.237,(3),cfnai_ma3_lag2,CFNAI-MA3,-0.00097,0.00775,0.90072,,80,0.18857,0.16749
pc_chair,can+do,159,0.237,(3),vix_pre28,VIX,0.0218,0.00679,0.00132,***,80,0.18857,0.16749
pc_chair,can+do,159,0.237,(6) excl-2020,const,const,0.11796,0.09944,0.23552,,71,0.03248,0.00402
pc_chair,can+do,159,0.237,(6) excl-2020,cfnai_ma3_lag2,CFNAI-MA3,0.0901,0.12851,0.48324,,71,0.03248,0.00402
pc_chair,can+do,159,0.237,(6) excl-2020,vix_pre28,VIX,0.00725,0.00529,0.17048,,71,0.03248,0.00402
pc_chair,can+do,159,0.237,(7) Δ,const,const,-0.00107,0.01995,0.95718,,79,0.02847,0.00291
pc_chair,can+do,159,0.237,(7) Δ,d_cfnai,ΔCFNAI,0.0225,0.02643,0.39456,,79,0.02847,0.00291
pc_chair,can+do,159,0.237,(7) Δ,d_vix,ΔVIX,0.00972,0.01201,0.41821,,79,0.02847,0.00291
pc_chair,can+do,159,0.237,(8) Δ excl-2020,const,const,-0.00053,0.01992,0.97874,,70,0.01784,-0.01148
pc_chair,can+do,159,0.237,(8) Δ excl-2020,d_cfnai,ΔCFNAI,0.2071,0.18741,0.26913,,70,0.01784,-0.01148
pc_chair,can+do,159,0.237,(8) Δ excl-2020,d_vix,ΔVIX,-0.00266,0.01311,0.83902,,70,0.01784,-0.01148
pc_chair,will+do,151,0.237,(3),const,const,0.14817,0.11093,0.18164,,80,0.03588,0.01083
pc_chair,will+do,151,0.237,(3),cfnai_ma3_lag2,CFNAI-MA3,0.02901,0.01098,0.00825,***,80,0.03588,0.01083
pc_chair,will+do,151,0.237,(3),vix_pre28,VIX,0.00746,0.00466,0.10916,,80,0.03588,0.01083
pc_chair,will+do,151,0.237,(6) excl-2020,const,const,0.0498,0.12518,0.69078,,71,0.0451,0.01701
pc_chair,will+do,151,0.237,(6) excl-2020,cfnai_ma3_lag2,CFNAI-MA3,-0.00394,0.12901,0.97563,,71,0.0451,0.01701
pc_chair,will+do,151,0.237,(6) excl-2020,vix_pre28,VIX,0.01286,0.00606,0.03381,**,71,0.0451,0.01701
pc_chair,will+do,151,0.237,(7) Δ,const,const,0.00199,0.02011,0.92115,,79,0.01142,-0.0146
pc_chair,will+do,151,0.237,(7) Δ,d_cfnai,ΔCFNAI,0.02005,0.01612,0.21359,,79,0.01142,-0.0146
pc_chair,will+do,151,0.237,(7) Δ,d_vix,ΔVIX,-0.00638,0.00788,0.41831,,79,0.01142,-0.0146
pc_chair,will+do,151,0.237,(8) Δ excl-2020,const,const,-0.01051,0.01961,0.59179,,70,0.08235,0.05496
pc_chair,will+do,151,0.237,(8) Δ excl-2020,d_cfnai,ΔCFNAI,-0.4587,0.26841,0.08745,*,70,0.08235,0.05496
pc_chair,will+do,151,0.237,(8) Δ excl-2020,d_vix,ΔVIX,-0.00349,0.00882,0.69255,,70,0.08235,0.05496
pc_chair,will+take,146,0.225,(3),const,const,0.10748,0.09568,0.26128,,80,0.04203,0.01715
pc_chair,will+take,146,0.225,(3),cfnai_ma3_lag2,CFNAI-MA3,0.00747,0.00843,0.3752,,80,0.04203,0.01715
pc_chair,will+take,146,0.225,(3),vix_pre28,VIX,0.00849,0.00477,0.07507,*,80,0.04203,0.01715
pc_chair,will+take,146,0.225,(6) excl-2020,const,const,-0.00222,0.12187,0.98546,,71,0.07366,0.04641
pc_chair,will+take,146,0.225,(6) excl-2020,cfnai_ma3_lag2,CFNAI-MA3,-0.15599,0.13613,0.25183,,71,0.07366,0.04641
pc_chair,will+take,146,0.225,(6) excl-2020,vix_pre28,VIX,0.01482,0.00703,0.03496,**,71,0.07366,0.04641
pc_chair,will+take,146,0.225,(7) Δ,const,const,0.00083,0.01644,0.95955,,79,0.00953,-0.01654
pc_chair,will+take,146,0.225,(7) Δ,d_cfnai,ΔCFNAI,0.00236,0.01022,0.81711,,79,0.00953,-0.01654
pc_chair,will+take,146,0.225,(7) Δ,d_vix,ΔVIX,0.00624,0.00622,0.31586,,79,0.00953,-0.01654
pc_chair,will+take,146,0.225,(8) Δ excl-2020,const,const,0.01016,0.01935,0.59945,,70,0.00609,-0.02357
pc_chair,will+take,146,0.225,(8) Δ excl-2020,d_cfnai,ΔCFNAI,0.09628,0.13803,0.48549,,70,0.00609,-0.02357
pc_chair,will+take,146,0.225,(8) Δ excl-2020,d_vix,ΔVIX,0.00265,0.00833,0.75097,,70,0.00609,-0.02357
pc_chair,will+look,143,0.275,(3),const,const,0.35222,0.12229,0.00397,***,80,0.00687,-0.01893
pc_chair,will+look,143,0.275,(3),cfnai_ma3_lag2,CFNAI-MA3,-0.00682,0.01711,0.69015,,80,0.00687,-0.01893
pc_chair,will+look,143,0.275,(3),vix_pre28,VIX,-0.00403,0.00578,0.48563,,80,0.00687,-0.01893
pc_chair,will+look,143,0.275,(6) excl-2020,const,const,0.2085,0.15408,0.17598,,71,0.04448,0.01638
pc_chair,will+look,143,0.275,(6) excl-2020,cfnai_ma3_lag2,CFNAI-MA3,-0.27041,0.1085,0.01269,**,71,0.04448,0.01638
pc_chair,will+look,143,0.275,(6) excl-2020,vix_pre28,VIX,0.00454,0.00819,0.57884,,71,0.04448,0.01638
pc_chair,will+look,143,0.275,(7) Δ,const,const,-0.01201,0.02068,0.56147,,79,0.00699,-0.01914
pc_chair,will+look,143,0.275,(7) Δ,d_cfnai,ΔCFNAI,-0.02111,0.00819,0.00994,***,79,0.00699,-0.01914
pc_chair,will+look,143,0.275,(7) Δ,d_vix,ΔVIX,0.00237,0.00712,0.7396,,79,0.00699,-0.01914
pc_chair,will+look,143,0.275,(8) Δ excl-2020,const,const,-0.01755,0.02225,0.43003,,70,0.05285,0.02458
pc_chair,will+look,143,0.275,(8) Δ excl-2020,d_cfnai,ΔCFNAI,-0.42742,0.2472,0.08379,*,70,0.05285,0.02458
pc_chair,will+look,143,0.275,(8) Δ excl-2020,d_vix,ΔVIX,0.00259,0.00863,0.7645,,70,0.05285,0.02458
pc_chair,will+be+appropriate,105,0.425,(3),const,const,0.25575,0.11,0.02007,**,80,0.02041,-0.00503
pc_chair,will+be+appropriate,105,0.425,(3),cfnai_ma3_lag2,CFNAI-MA3,0.02247,0.00535,3e-05,***,80,0.02041,-0.00503
pc_chair,will+be+appropriate,105,0.425,(3),vix_pre28,VIX,-0.00288,0.00557,0.60562,,80,0.02041,-0.00503
pc_chair,will+be+appropriate,105,0.425,(6) excl-2020,const,const,0.17896,0.16806,0.28694,,71,0.00179,-0.02757
pc_chair,will+be+appropriate,105,0.425,(6) excl-2020,cfnai_ma3_lag2,CFNAI-MA3,0.00073,0.11839,0.99509,,71,0.00179,-0.02757
pc_chair,will+be+appropriate,105,0.425,(6) excl-2020,vix_pre28,VIX,0.00216,0.00949,0.81975,,71,0.00179,-0.02757
pc_chair,will+be+appropriate,105,0.425,(7) Δ,const,const,-0.00564,0.01431,0.69375,,79,0.01179,-0.01421
pc_chair,will+be+appropriate,105,0.425,(7) Δ,d_cfnai,ΔCFNAI,0.01302,0.00599,0.02973,**,79,0.01179,-0.01421
pc_chair,will+be+appropriate,105,0.425,(7) Δ,d_vix,ΔVIX,-0.00526,0.00468,0.2611,,79,0.01179,-0.01421
pc_chair,will+be+appropriate,105,0.425,(8) Δ excl-2020,const,const,-0.01007,0.01705,0.55457,,70,0.03629,0.00752
pc_chair,will+be+appropriate,105,0.425,(8) Δ excl-2020,d_cfnai,ΔCFNAI,-0.22088,0.19012,0.24531,,70,0.03629,0.00752
pc_chair,will+be+appropriate,105,0.425,(8) Δ excl-2020,d_vix,ΔVIX,-0.00544,0.00644,0.39823,,70,0.03629,0.00752
pc_chair,may+be+appropriate,21,0.887,(3),const,const,0.07932,0.05326,0.1364,,80,0.01089,-0.0148
pc_chair,may+be+appropriate,21,0.887,(3),cfnai_ma3_lag2,CFNAI-MA3,-0.00131,0.003,0.66302,,80,0.01089,-0.0148
pc_chair,may+be+appropriate,21,0.887,(3),vix_pre28,VIX,-0.00212,0.00171,0.21483,,80,0.01089,-0.0148
pc_chair,may+be+appropriate,21,0.887,(6) excl-2020,const,const,0.05536,0.04734,0.24226,,71,0.02106,-0.00773
pc_chair,may+be+appropriate,21,0.887,(6) excl-2020,cfnai_ma3_lag2,CFNAI-MA3,-0.06996,0.05006,0.16232,,71,0.02106,-0.00773
pc_chair,may+be+appropriate,21,0.887,(6) excl-2020,vix_pre28,VIX,-0.00071,0.0019,0.71103,,71,0.02106,-0.00773
pc_chair,may+be+appropriate,21,0.887,(7) Δ,const,const,-5e-05,0.00791,0.99511,,79,0.00151,-0.02477
pc_chair,may+be+appropriate,21,0.887,(7) Δ,d_cfnai,ΔCFNAI,0.001,0.00156,0.52392,,79,0.00151,-0.02477
pc_chair,may+be+appropriate,21,0.887,(7) Δ,d_vix,ΔVIX,0.00069,0.00089,0.44,,79,0.00151,-0.02477
pc_chair,may+be+appropriate,21,0.887,(8) Δ excl-2020,const,const,0.00114,0.00933,0.90237,,70,0.0237,-0.00545
pc_chair,may+be+appropriate,21,0.887,(8) Δ excl-2020,d_cfnai,ΔCFNAI,0.07273,0.06064,0.23043,,70,0.0237,-0.00545
pc_chair,may+be+appropriate,21,0.887,(8) Δ excl-2020,d_vix,ΔVIX,0.00067,0.00139,0.62944,,70,0.0237,-0.00545
pc_chair,would+be+appropriate,38,0.688,(3),const,const,0.11703,0.04935,0.01772,**,80,0.00872,-0.01702
pc_chair,would+be+appropriate,38,0.688,(3),cfnai_ma3_lag2,CFNAI-MA3,0.00238,0.00474,0.61661,,80,0.00872,-0.01702
pc_chair,would+be+appropriate,38,0.688,(3),vix_pre28,VIX,-0.00208,0.00255,0.41657,,80,0.00872,-0.01702
pc_chair,would+be+appropriate,38,0.688,(6) excl-2020,const,const,0.07912,0.0744,0.28755,,71,0.00057,-0.02883
pc_chair,would+be+appropriate,38,0.688,(6) excl-2020,cfnai_ma3_lag2,CFNAI-MA3,-0.01193,0.05094,0.8148,,71,0.00057,-0.02883
pc_chair,would+be+appropriate,38,0.688,(6) excl-2020,vix_pre28,VIX,-0.00012,0.00431,0.97787,,71,0.00057,-0.02883
pc_chair,would+be+appropriate,38,0.688,(7) Δ,const,const,-0.00213,0.01092,0.84572,,79,0.00287,-0.02337
pc_chair,would+be+appropriate,38,0.688,(7) Δ,d_cfnai,ΔCFNAI,-0.00191,0.00419,0.64834,,79,0.00287,-0.02337
pc_chair,would+be+appropriate,38,0.688,(7) Δ,d_vix,ΔVIX,0.00221,0.00634,0.72789,,79,0.00287,-0.02337
pc_chair,would+be+appropriate,38,0.688,(8) Δ excl-2020,const,const,0.00072,0.01141,0.94939,,70,0.04645,0.01799
pc_chair,would+be+appropriate,38,0.688,(8) Δ excl-2020,d_cfnai,ΔCFNAI,-0.09714,0.07148,0.17417,,70,0.04645,0.01799
pc_chair,would+be+appropriate,38,0.688,(8) Δ excl-2020,d_vix,ΔVIX,0.00906,0.00632,0.15162,,70,0.04645,0.01799
pc_chair,could+be+appropriate,5,0.95,(3),const,const,0.00603,0.01018,0.55358,,80,0.00061,-0.02535
pc_chair,could+be+appropriate,5,0.95,(3),cfnai_ma3_lag2,CFNAI-MA3,0.00022,0.00089,0.80656,,80,0.00061,-0.02535
pc_chair,could+be+appropriate,5,0.95,(3),vix_pre28,VIX,0.00016,0.00059,0.78063,,80,0.00061,-0.02535
pc_chair,could+be+appropriate,5,0.95,(6) excl-2020,const,const,-0.00807,0.01633,0.62134,,71,0.0151,-0.01387
pc_chair,could+be+appropriate,5,0.95,(6) excl-2020,cfnai_ma3_lag2,CFNAI-MA3,-0.01544,0.01057,0.14389,,71,0.0151,-0.01387
pc_chair,could+be+appropriate,5,0.95,(6) excl-2020,vix_pre28,VIX,0.00101,0.00102,0.32083,,71,0.0151,-0.01387
pc_chair,could+be+appropriate,5,0.95,(7) Δ,const,const,-6e-05,0.00305,0.98307,,79,0.00676,-0.01938
pc_chair,could+be+appropriate,5,0.95,(7) Δ,d_cfnai,ΔCFNAI,-0.00104,0.00095,0.27395,,79,0.00676,-0.01938
pc_chair,could+be+appropriate,5,0.95,(7) Δ,d_vix,ΔVIX,0.00101,0.00074,0.17076,,79,0.00676,-0.01938
pc_chair,could+be+appropriate,5,0.95,(8) Δ excl-2020,const,const,-0.00045,0.00346,0.8957,,70,0.02319,-0.00597
pc_chair,could+be+appropriate,5,0.95,(8) Δ excl-2020,d_cfnai,ΔCFNAI,-0.03503,0.02424,0.1485,,70,0.02319,-0.00597
pc_chair,could+be+appropriate,5,0.95,(8) Δ excl-2020,d_vix,ΔVIX,0.00168,0.0011,0.12765,,70,0.02319,-0.00597
pc_chair,should+be+appropriate,1,0.988,(3),const,const,-0.00474,0.00392,0.2266,,80,0.21423,0.19382
pc_chair,should+be+appropriate,1,0.988,(3),cfnai_ma3_lag2,CFNAI-MA3,0.00457,0.00236,0.05258,*,80,0.21423,0.19382
pc_chair,should+be+appropriate,1,0.988,(3),vix_pre28,VIX,0.00036,0.00029,0.21482,,80,0.21423,0.19382
pc_chair,should+be+appropriate,1,0.988,(6) excl-2020,const,const,0.0,0.0,,,71,,
pc_chair,should+be+appropriate,1,0.988,(6) excl-2020,cfnai_ma3_lag2,CFNAI-MA3,0.0,0.0,,,71,,
pc_chair,should+be+appropriate,1,0.988,(6) excl-2020,vix_pre28,VIX,0.0,0.0,,,71,,
pc_chair,should+be+appropriate,1,0.988,(7) Δ,const,const,3e-05,0.00105,0.97896,,79,0.55615,0.54447
pc_chair,should+be+appropriate,1,0.988,(7) Δ,d_cfnai,ΔCFNAI,0.00892,0.00233,0.00013,***,79,0.55615,0.54447
pc_chair,should+be+appropriate,1,0.988,(7) Δ,d_vix,ΔVIX,-0.00077,0.00052,0.13519,,79,0.55615,0.54447
pc_chair,should+be+appropriate,1,0.988,(8) Δ excl-2020,const,const,0.0,0.0,,,70,,
pc_chair,should+be+appropriate,1,0.988,(8) Δ excl-2020,d_cfnai,ΔCFNAI,0.0,0.0,,,70,,
pc_chair,should+be+appropriate,1,0.988,(8) Δ excl-2020,d_vix,ΔVIX,0.0,0.0,,,70,,
pc_journalist,could+follow,79,0.487,(3),const,const,0.34553,0.32776,0.29177,,80,0.06685,0.04262
pc_journalist,could+follow,79,0.487,(3),cfnai_ma3_lag2,CFNAI-MA3,0.14707,0.03437,2e-05,***,80,0.06685,0.04262
pc_journalist,could+follow,79,0.487,(3),vix_pre28,VIX,0.01184,0.01677,0.48031,,80,0.06685,0.04262
pc_journalist,could+follow,79,0.487,(6) excl-2020,const,const,0.14424,0.41896,0.73064,,71,0.03746,0.00915
pc_journalist,could+follow,79,0.487,(6) excl-2020,cfnai_ma3_lag2,CFNAI-MA3,0.22469,0.33913,0.50762,,71,0.03746,0.00915
pc_journalist,could+follow,79,0.487,(6) excl-2020,vix_pre28,VIX,0.02414,0.02325,0.29917,,71,0.03746,0.00915
pc_journalist,could+follow,79,0.487,(7) Δ,const,const,0.01072,0.05342,0.84095,,79,0.07556,0.05123
pc_journalist,could+follow,79,0.487,(7) Δ,d_cfnai,ΔCFNAI,0.14858,0.04593,0.00122,***,79,0.07556,0.05123
pc_journalist,could+follow,79,0.487,(7) Δ,d_vix,ΔVIX,0.02328,0.03325,0.48381,,79,0.07556,0.05123
pc_journalist,could+follow,79,0.487,(8) Δ excl-2020,const,const,0.04426,0.06048,0.46428,,70,0.07266,0.04498
pc_journalist,could+follow,79,0.487,(8) Δ excl-2020,d_cfnai,ΔCFNAI,0.8552,0.37444,0.02237,**,70,0.07266,0.04498
pc_journalist,could+follow,79,0.487,(8) Δ excl-2020,d_vix,ΔVIX,0.04025,0.04415,0.36197,,70,0.07266,0.04498
pc_journalist,would+like,67,0.45,(3),const,const,1.13902,0.24497,0.0,***,80,0.13863,0.11626
pc_journalist,would+like,67,0.45,(3),cfnai_ma3_lag2,CFNAI-MA3,0.03931,0.01419,0.00559,***,80,0.13863,0.11626
pc_journalist,would+like,67,0.45,(3),vix_pre28,VIX,-0.03362,0.01009,0.00087,***,80,0.13863,0.11626
pc_journalist,would+like,67,0.45,(6) excl-2020,const,const,1.32169,0.28821,0.0,***,71,0.13414,0.10868
pc_journalist,would+like,67,0.45,(6) excl-2020,cfnai_ma3_lag2,CFNAI-MA3,0.41663,0.25477,0.10198,,71,0.13414,0.10868
pc_journalist,would+like,67,0.45,(6) excl-2020,vix_pre28,VIX,-0.04457,0.01423,0.00173,***,71,0.13414,0.10868
pc_journalist,would+like,67,0.45,(7) Δ,const,const,-0.00026,0.03213,0.99355,,79,0.12545,0.10243
pc_journalist,would+like,67,0.45,(7) Δ,d_cfnai,ΔCFNAI,0.06027,0.0125,0.0,***,79,0.12545,0.10243
pc_journalist,would+like,67,0.45,(7) Δ,d_vix,ΔVIX,-0.04563,0.01604,0.00444,***,79,0.12545,0.10243
pc_journalist,would+like,67,0.45,(8) Δ excl-2020,const,const,0.00093,0.03395,0.97811,,70,0.08586,0.05857
pc_journalist,would+like,67,0.45,(8) Δ excl-2020,d_cfnai,ΔCFNAI,-0.05566,0.39504,0.88796,,70,0.08586,0.05857
pc_journalist,would+like,67,0.45,(8) Δ excl-2020,d_vix,ΔVIX,-0.04418,0.02309,0.05571,*,70,0.08586,0.05857
pc_journalist,could+talk,56,0.537,(3),const,const,0.23857,0.22516,0.28934,,80,0.01254,-0.01311
pc_journalist,could+talk,56,0.537,(3),cfnai_ma3_lag2,CFNAI-MA3,0.0243,0.02966,0.41252,,80,0.01254,-0.01311
pc_journalist,could+talk,56,0.537,(3),vix_pre28,VIX,0.00878,0.01215,0.46954,,80,0.01254,-0.01311
pc_journalist,could+talk,56,0.537,(6) excl-2020,const,const,0.03851,0.2562,0.88052,,71,0.09623,0.06965
pc_journalist,could+talk,56,0.537,(6) excl-2020,cfnai_ma3_lag2,CFNAI-MA3,0.42701,0.35024,0.22277,,71,0.09623,0.06965
pc_journalist,could+talk,56,0.537,(6) excl-2020,vix_pre28,VIX,0.02212,0.01358,0.10341,,71,0.09623,0.06965
pc_journalist,could+talk,56,0.537,(7) Δ,const,const,-0.00043,0.03936,0.99135,,79,0.00327,-0.02296
pc_journalist,could+talk,56,0.537,(7) Δ,d_cfnai,ΔCFNAI,-0.01978,0.02581,0.44352,,79,0.00327,-0.02296
pc_journalist,could+talk,56,0.537,(7) Δ,d_vix,ΔVIX,0.00721,0.01485,0.62747,,79,0.00327,-0.02296
pc_journalist,could+talk,56,0.537,(8) Δ excl-2020,const,const,0.02564,0.04704,0.58574,,70,0.12447,0.09834
pc_journalist,could+talk,56,0.537,(8) Δ excl-2020,d_cfnai,ΔCFNAI,1.23785,0.55677,0.0262,**,70,0.12447,0.09834
pc_journalist,could+talk,56,0.537,(8) Δ excl-2020,d_vix,ΔVIX,0.00795,0.01795,0.65798,,70,0.12447,0.09834
pc_journalist,can+give,41,0.65,(3),const,const,0.24858,0.2873,0.38691,,80,0.00267,-0.02323
pc_journalist,can+give,41,0.65,(3),cfnai_ma3_lag2,CFNAI-MA3,-0.01651,0.02408,0.49295,,80,0.00267,-0.02323
pc_journalist,can+give,41,0.65,(3),vix_pre28,VIX,0.00272,0.01511,0.85734,,80,0.00267,-0.02323
pc_journalist,can+give,41,0.65,(6) excl-2020,const,const,0.60635,0.21497,0.00479,***,71,0.06161,0.03401
pc_journalist,can+give,41,0.65,(6) excl-2020,cfnai_ma3_lag2,CFNAI-MA3,-0.26254,0.19,0.16703,,71,0.06161,0.03401
pc_journalist,can+give,41,0.65,(6) excl-2020,vix_pre28,VIX,-0.01865,0.01104,0.09126,*,71,0.06161,0.03401
pc_journalist,can+give,41,0.65,(7) Δ,const,const,5e-05,0.03855,0.99898,,79,0.00664,-0.0195
pc_journalist,can+give,41,0.65,(7) Δ,d_cfnai,ΔCFNAI,0.04395,0.06741,0.51446,,79,0.00664,-0.0195
pc_journalist,can+give,41,0.65,(7) Δ,d_vix,ΔVIX,-0.00249,0.02754,0.92784,,79,0.00664,-0.0195
pc_journalist,can+give,41,0.65,(8) Δ excl-2020,const,const,-0.01197,0.04034,0.76658,,70,0.04623,0.01776
pc_journalist,can+give,41,0.65,(8) Δ excl-2020,d_cfnai,ΔCFNAI,-0.09776,0.26376,0.7109,,70,0.04623,0.01776
pc_journalist,can+give,41,0.65,(8) Δ excl-2020,d_vix,ΔVIX,-0.03855,0.02453,0.11608,,70,0.04623,0.01776
pc_journalist,would+be+appropriate,6,0.938,(3),const,const,0.03395,0.08934,0.70391,,80,0.00084,-0.02511
pc_journalist,would+be+appropriate,6,0.938,(3),cfnai_ma3_lag2,CFNAI-MA3,-0.00231,0.00789,0.7698,,80,0.00084,-0.02511
pc_journalist,would+be+appropriate,6,0.938,(3),vix_pre28,VIX,0.00081,0.00452,0.85755,,80,0.00084,-0.02511
pc_journalist,would+be+appropriate,6,0.938,(6) excl-2020,const,const,0.0883,0.07119,0.21486,,71,0.03131,0.00282
pc_journalist,would+be+appropriate,6,0.938,(6) excl-2020,cfnai_ma3_lag2,CFNAI-MA3,-0.11847,0.07097,0.09506,*,71,0.03131,0.00282
pc_journalist,would+be+appropriate,6,0.938,(6) excl-2020,vix_pre28,VIX,-0.00258,0.00337,0.44339,,71,0.03131,0.00282
pc_journalist,would+be+appropriate,6,0.938,(7) Δ,const,const,-0.00035,0.01472,0.98114,,79,0.00777,-0.01834
pc_journalist,would+be+appropriate,6,0.938,(7) Δ,d_cfnai,ΔCFNAI,-0.00514,0.00535,0.33658,,79,0.00777,-0.01834
pc_journalist,would+be+appropriate,6,0.938,(7) Δ,d_vix,ΔVIX,0.00544,0.00679,0.42307,,79,0.00777,-0.01834
pc_journalist,would+be+appropriate,6,0.938,(8) Δ excl-2020,const,const,-0.00231,0.01516,0.87911,,70,0.01433,-0.01509
pc_journalist,would+be+appropriate,6,0.938,(8) Δ excl-2020,d_cfnai,ΔCFNAI,-0.15946,0.10269,0.12047,,70,0.01433,-0.01509
pc_journalist,would+be+appropriate,6,0.938,(8) Δ excl-2020,d_vix,ΔVIX,0.0027,0.00811,0.73963,,70,0.01433,-0.01509
pc_journalist,will+be+appropriate,2,0.975,(3),const,const,0.01624,0.02481,0.5127,,80,0.00029,-0.02568
pc_journalist,will+be+appropriate,2,0.975,(3),cfnai_ma3_lag2,CFNAI-MA3,0.00067,0.0022,0.75989,,80,0.00029,-0.02568
pc_journalist,will+be+appropriate,2,0.975,(3),vix_pre28,VIX,-0.00017,0.0012,0.88673,,80,0.00029,-0.02568
pc_journalist,will+be+appropriate,2,0.975,(6) excl-2020,const,const,-0.01445,0.01729,0.40333,,71,0.02533,-0.00334
pc_journalist,will+be+appropriate,2,0.975,(6) excl-2020,cfnai_ma3_lag2,CFNAI-MA3,0.0269,0.0225,0.2318,,71,0.02533,-0.00334
pc_journalist,will+be+appropriate,2,0.975,(6) excl-2020,vix_pre28,VIX,0.00129,0.00131,0.32576,,71,0.02533,-0.00334
pc_journalist,will+be+appropriate,2,0.975,(7) Δ,const,const,-2e-05,0.00587,0.99756,,79,0.00035,-0.02595
pc_journalist,will+be+appropriate,2,0.975,(7) Δ,d_cfnai,ΔCFNAI,-0.0012,0.00183,0.51006,,79,0.00035,-0.02595
pc_journalist,will+be+appropriate,2,0.975,(7) Δ,d_vix,ΔVIX,0.00032,0.00282,0.91026,,79,0.00035,-0.02595
pc_journalist,will+be+appropriate,2,0.975,(8) Δ excl-2020,const,const,-0.00039,0.00549,0.94289,,70,0.02771,-0.00131
pc_journalist,will+be+appropriate,2,0.975,(8) Δ excl-2020,d_cfnai,ΔCFNAI,-0.03664,0.03523,0.29832,,70,0.02771,-0.00131
pc_journalist,will+be+appropriate,2,0.975,(8) Δ excl-2020,d_vix,ΔVIX,0.00343,0.00307,0.26467,,70,0.02771,-0.00131
pc_journalist,could+be+appropriate,1,0.988,(3),const,const,0.0325,0.0316,0.3036,,80,0.01266,-0.01298
pc_journalist,could+be+appropriate,1,0.988,(3),cfnai_ma3_lag2,CFNAI-MA3,-0.00148,0.00178,0.40357,,80,0.01266,-0.01298
pc_journalist,could+be+appropriate,1,0.988,(3),vix_pre28,VIX,-0.00131,0.0013,0.3117,,80,0.01266,-0.01298
pc_journalist,could+be+appropriate,1,0.988,(6) excl-2020,const,const,0.03489,0.03365,0.29986,,71,0.02405,-0.00466
pc_journalist,could+be+appropriate,1,0.988,(6) excl-2020,cfnai_ma3_lag2,CFNAI-MA3,-0.03002,0.02959,0.31032,,71,0.02405,-0.00466
pc_journalist,could+be+appropriate,1,0.988,(6) excl-2020,vix_pre28,VIX,-0.0015,0.00149,0.31215,,71,0.02405,-0.00466
pc_journalist,could+be+appropriate,1,0.988,(7) Δ,const,const,0.00012,0.00516,0.98197,,79,0.0069,-0.01923
pc_journalist,could+be+appropriate,1,0.988,(7) Δ,d_cfnai,ΔCFNAI,0.00057,0.00086,0.51029,,79,0.0069,-0.01923
pc_journalist,could+be+appropriate,1,0.988,(7) Δ,d_vix,ΔVIX,-0.00178,0.00174,0.30646,,79,0.0069,-0.01923
pc_journalist,could+be+appropriate,1,0.988,(8) Δ excl-2020,const,const,-0.00028,0.00569,0.96118,,70,0.01076,-0.01876
pc_journalist,could+be+appropriate,1,0.988,(8) Δ excl-2020,d_cfnai,ΔCFNAI,-0.00986,0.01584,0.53356,,70,0.01076,-0.01876
pc_journalist,could+be+appropriate,1,0.988,(8) Δ excl-2020,d_vix,ΔVIX,-0.0026,0.00251,0.30061,,70,0.01076,-0.01876
pc_journalist,may+be+appropriate,1,0.988,(3),const,const,0.01971,0.01931,0.30739,,80,0.0084,-0.01735
pc_journalist,may+be+appropriate,1,0.988,(3),cfnai_ma3_lag2,CFNAI-MA3,-0.00056,0.00068,0.41247,,80,0.0084,-0.01735
pc_journalist,may+be+appropriate,1,0.988,(3),vix_pre28,VIX,-0.00075,0.00075,0.31581,,80,0.0084,-0.01735
pc_journalist,may+be+appropriate,1,0.988,(6) excl-2020,const,const,0.02215,0.02195,0.3128,,71,0.01159,-0.01748
pc_journalist,may+be+appropriate,1,0.988,(6) excl-2020,cfnai_ma3_lag2,CFNAI-MA3,-0.0108,0.0109,0.32192,,71,0.01159,-0.01748
pc_journalist,may+be+appropriate,1,0.988,(6) excl-2020,vix_pre28,VIX,-0.00091,0.00092,0.3249,,71,0.01159,-0.01748
pc_journalist,may+be+appropriate,1,0.988,(7) Δ,const,const,4e-05,0.00359,0.99021,,79,0.00208,-0.02418
pc_journalist,may+be+appropriate,1,0.988,(7) Δ,d_cfnai,ΔCFNAI,0.00047,0.00059,0.42223,,79,0.00208,-0.02418
pc_journalist,may+be+appropriate,1,0.988,(7) Δ,d_vix,ΔVIX,-0.00068,0.00069,0.32244,,79,0.00208,-0.02418
pc_journalist,may+be+appropriate,1,0.988,(8) Δ excl-2020,const,const,0.00011,0.00413,0.97825,,70,0.00393,-0.0258
pc_journalist,may+be+appropriate,1,0.988,(8) Δ excl-2020,d_cfnai,ΔCFNAI,0.01075,0.01306,0.41042,,70,0.00393,-0.0258
pc_journalist,may+be+appropriate,1,0.988,(8) Δ excl-2020,d_vix,ΔVIX,-0.00107,0.00107,0.31827,,70,0.00393,-0.0258
pc_moderator,will+go,77,0.449,(3),const,const,-0.42209,18.24111,0.98154,,49,0.07539,0.03519
pc_moderator,will+go,77,0.449,(3),cfnai_ma3_lag2,CFNAI-MA3,2.57019,1.80793,0.15513,,49,0.07539,0.03519
pc_moderator,will+go,77,0.449,(3),vix_pre28,VIX,1.49703,0.79155,0.05859,*,49,0.07539,0.03519
pc_moderator,will+go,77,0.449,(6) excl-2020,const,const,2.54513,24.22825,0.91634,,42,0.25998,0.22203
pc_moderator,will+go,77,0.449,(6) excl-2020,cfnai_ma3_lag2,CFNAI-MA3,53.27234,9.99014,0.0,***,42,0.25998,0.22203
pc_moderator,will+go,77,0.449,(6) excl-2020,vix_pre28,VIX,1.404,1.37617,0.30762,,42,0.25998,0.22203
pc_moderator,will+go,77,0.449,(7) Δ,const,const,0.88446,3.37683,0.79338,,48,0.025,-0.01834
pc_moderator,will+go,77,0.449,(7) Δ,d_cfnai,ΔCFNAI,3.40088,1.0226,0.00088,***,48,0.025,-0.01834
pc_moderator,will+go,77,0.449,(7) Δ,d_vix,ΔVIX,-0.73409,0.88833,0.4086,,48,0.025,-0.01834
pc_moderator,will+go,77,0.449,(8) Δ excl-2020,const,const,2.75509,3.67108,0.45296,,42,0.09161,0.04503
pc_moderator,will+go,77,0.449,(8) Δ excl-2020,d_cfnai,ΔCFNAI,56.35555,40.1398,0.16032,,42,0.09161,0.04503
pc_moderator,will+go,77,0.449,(8) Δ excl-2020,d_vix,ΔVIX,-0.2552,0.92659,0.78299,,42,0.09161,0.04503
speech_chair,will+continue,77,0.621,(3),const,const,0.29801,0.20006,0.13633,,124,0.00281,-0.01368
speech_chair,will+continue,77,0.621,(3),cfnai_ma3_lag2,CFNAI-MA3,0.02752,0.03609,0.44573,,124,0.00281,-0.01368
speech_chair,will+continue,77,0.621,(3),vix_pre28,VIX,0.0052,0.0109,0.63356,,124,0.00281,-0.01368
speech_chair,will+continue,77,0.621,(6) excl-2020,const,const,0.39942,0.3734,0.28476,,118,9e-05,-0.0173
speech_chair,will+continue,77,0.621,(6) excl-2020,cfnai_ma3_lag2,CFNAI-MA3,0.03454,0.32587,0.91559,,118,9e-05,-0.0173
speech_chair,will+continue,77,0.621,(6) excl-2020,vix_pre28,VIX,-0.00069,0.02249,0.97561,,118,9e-05,-0.0173
speech_chair,will+continue,77,0.621,(7) Δ,const,const,-0.00021,0.04109,0.99589,,123,0.00232,-0.01431
speech_chair,will+continue,77,0.621,(7) Δ,d_cfnai,ΔCFNAI,-0.01841,0.01875,0.3262,,123,0.00232,-0.01431
speech_chair,will+continue,77,0.621,(7) Δ,d_vix,ΔVIX,0.00749,0.01485,0.61415,,123,0.00232,-0.01431
speech_chair,will+continue,77,0.621,(8) Δ excl-2020,const,const,-0.00675,0.04493,0.88056,,117,0.00887,-0.00852
speech_chair,will+continue,77,0.621,(8) Δ excl-2020,d_cfnai,ΔCFNAI,-0.13458,0.11465,0.24049,,117,0.00887,-0.00852
speech_chair,will+continue,77,0.621,(8) Δ excl-2020,d_vix,ΔVIX,-0.025,0.0443,0.57257,,117,0.00887,-0.00852
speech_chair,will+discuss,55,0.694,(3),const,const,0.20605,0.06794,0.00242,***,124,0.00044,-0.01608
speech_chair,will+discuss,55,0.694,(3),cfnai_ma3_lag2,CFNAI-MA3,-0.0102,0.02059,0.62021,,124,0.00044,-0.01608
speech_chair,will+discuss,55,0.694,(3),vix_pre28,VIX,-0.00037,0.00307,0.90366,,124,0.00044,-0.01608
speech_chair,will+discuss,55,0.694,(6) excl-2020,const,const,0.12733,0.12606,0.31243,,118,0.00916,-0.00807
speech_chair,will+discuss,55,0.694,(6) excl-2020,cfnai_ma3_lag2,CFNAI-MA3,-0.20066,0.18523,0.27865,,118,0.00916,-0.00807
speech_chair,will+discuss,55,0.694,(6) excl-2020,vix_pre28,VIX,0.00409,0.00726,0.57281,,118,0.00916,-0.00807
speech_chair,will+discuss,55,0.694,(7) Δ,const,const,-0.00294,0.02134,0.89055,,123,0.00352,-0.01309
speech_chair,will+discuss,55,0.694,(7) Δ,d_cfnai,ΔCFNAI,-0.03221,0.02284,0.15848,,123,0.00352,-0.01309
speech_chair,will+discuss,55,0.694,(7) Δ,d_vix,ΔVIX,-0.00194,0.00665,0.7702,,123,0.00352,-0.01309
speech_chair,will+discuss,55,0.694,(8) Δ excl-2020,const,const,-0.01053,0.02252,0.64015,,117,0.02218,0.00503
speech_chair,will+discuss,55,0.694,(8) Δ excl-2020,d_cfnai,ΔCFNAI,-0.27909,0.12202,0.02219,**,117,0.02218,0.00503
speech_chair,will+discuss,55,0.694,(8) Δ excl-2020,d_vix,ΔVIX,0.01562,0.02127,0.46268,,117,0.02218,0.00503
speech_chair,would+like,54,0.677,(3),const,const,0.50447,0.10969,0.0,***,124,0.03027,0.01424
speech_chair,would+like,54,0.677,(3),cfnai_ma3_lag2,CFNAI-MA3,0.03184,0.01912,0.09593,*,124,0.03027,0.01424
speech_chair,would+like,54,0.677,(3),vix_pre28,VIX,-0.01289,0.00497,0.00941,***,124,0.03027,0.01424
speech_chair,would+like,54,0.677,(6) excl-2020,const,const,0.6773,0.16087,3e-05,***,118,0.04285,0.02621
speech_chair,would+like,54,0.677,(6) excl-2020,cfnai_ma3_lag2,CFNAI-MA3,0.42524,0.20384,0.03697,**,118,0.04285,0.02621
speech_chair,would+like,54,0.677,(6) excl-2020,vix_pre28,VIX,-0.02258,0.00843,0.00736,***,118,0.04285,0.02621
speech_chair,would+like,54,0.677,(7) Δ,const,const,0.00752,0.03019,0.80341,,123,0.00107,-0.01558
speech_chair,would+like,54,0.677,(7) Δ,d_cfnai,ΔCFNAI,0.00287,0.00928,0.75682,,123,0.00107,-0.01558
speech_chair,would+like,54,0.677,(7) Δ,d_vix,ΔVIX,-0.00398,0.005,0.42665,,123,0.00107,-0.01558
speech_chair,would+like,54,0.677,(8) Δ excl-2020,const,const,0.0075,0.03094,0.8085,,117,0.00432,-0.01314
speech_chair,would+like,54,0.677,(8) Δ excl-2020,d_cfnai,ΔCFNAI,0.03972,0.10502,0.70527,,117,0.00432,-0.01314
speech_chair,would+like,54,0.677,(8) Δ excl-2020,d_vix,ΔVIX,-0.01606,0.01622,0.32221,,117,0.00432,-0.01314
speech_chair,will+need,36,0.831,(3),const,const,0.19695,0.16026,0.21909,,124,0.00152,-0.01498
speech_chair,will+need,36,0.831,(3),cfnai_ma3_lag2,CFNAI-MA3,-0.03682,0.03915,0.34693,,124,0.00152,-0.01498
speech_chair,will+need,36,0.831,(3),vix_pre28,VIX,-0.00188,0.00644,0.7698,,124,0.00152,-0.01498
speech_chair,will+need,36,0.831,(6) excl-2020,const,const,0.21422,0.14203,0.13148,,118,0.01317,-0.004
speech_chair,will+need,36,0.831,(6) excl-2020,cfnai_ma3_lag2,CFNAI-MA3,-0.44064,0.29616,0.13679,,118,0.01317,-0.004
speech_chair,will+need,36,0.831,(6) excl-2020,vix_pre28,VIX,-0.0039,0.0065,0.54854,,118,0.01317,-0.004
speech_chair,will+need,36,0.831,(7) Δ,const,const,0.00041,0.04558,0.99285,,123,0.00683,-0.00973
speech_chair,will+need,36,0.831,(7) Δ,d_cfnai,ΔCFNAI,-0.00344,0.02006,0.8637,,123,0.00683,-0.00973
speech_chair,will+need,36,0.831,(7) Δ,d_vix,ΔVIX,-0.01607,0.00658,0.01456,**,123,0.00683,-0.00973
speech_chair,will+need,36,0.831,(8) Δ excl-2020,const,const,0.00161,0.04852,0.97353,,117,0.0071,-0.01032
speech_chair,will+need,36,0.831,(8) Δ excl-2020,d_cfnai,ΔCFNAI,0.14626,0.18517,0.42962,,117,0.0071,-0.01032
speech_chair,will+need,36,0.831,(8) Δ excl-2020,d_vix,ΔVIX,-0.03156,0.01408,0.02499,**,117,0.0071,-0.01032
speech_chair,can+help,22,0.863,(3),const,const,0.16896,0.08989,0.06017,*,124,0.00401,-0.01246
speech_chair,can+help,22,0.863,(3),cfnai_ma3_lag2,CFNAI-MA3,0.02371,0.01374,0.08428,*,124,0.00401,-0.01246
speech_chair,can+help,22,0.863,(3),vix_pre28,VIX,-0.00202,0.0048,0.67364,,124,0.00401,-0.01246
speech_chair,can+help,22,0.863,(6) excl-2020,const,const,0.16944,0.20184,0.40121,,118,0.01008,-0.00713
speech_chair,can+help,22,0.863,(6) excl-2020,cfnai_ma3_lag2,CFNAI-MA3,0.21524,0.17865,0.22829,,118,0.01008,-0.00713
speech_chair,can+help,22,0.863,(6) excl-2020,vix_pre28,VIX,-0.00152,0.01203,0.89925,,118,0.01008,-0.00713
speech_chair,can+help,22,0.863,(7) Δ,const,const,-7e-05,0.02131,0.99727,,123,0.00085,-0.0158
speech_chair,can+help,22,0.863,(7) Δ,d_cfnai,ΔCFNAI,-0.00213,0.00509,0.67513,,123,0.00085,-0.0158
speech_chair,can+help,22,0.863,(7) Δ,d_vix,ΔVIX,0.00276,0.00415,0.50597,,123,0.00085,-0.0158
speech_chair,can+help,22,0.863,(8) Δ excl-2020,const,const,0.00022,0.02208,0.99198,,117,0.00349,-0.01399
speech_chair,can+help,22,0.863,(8) Δ excl-2020,d_cfnai,ΔCFNAI,-0.02716,0.05992,0.65034,,117,0.00349,-0.01399
speech_chair,can+help,22,0.863,(8) Δ excl-2020,d_vix,ΔVIX,0.0112,0.01433,0.43422,,117,0.00349,-0.01399
speech_chair,will+be+appropriate,21,0.863,(3),const,const,0.04073,0.03786,0.28198,,124,0.02104,0.00486
speech_chair,will+be+appropriate,21,0.863,(3),cfnai_ma3_lag2,CFNAI-MA3,0.02808,0.01426,0.04891,**,124,0.02104,0.00486
speech_chair,will+be+appropriate,21,0.863,(3),vix_pre28,VIX,0.0011,0.00213,0.60431,,124,0.02104,0.00486
speech_chair,will+be+appropriate,21,0.863,(6) excl-2020,const,const,0.02455,0.04913,0.61728,,118,0.0024,-0.01495
speech_chair,will+be+appropriate,21,0.863,(6) excl-2020,cfnai_ma3_lag2,CFNAI-MA3,-0.00516,0.07223,0.9431,,118,0.0024,-0.01495
speech_chair,will+be+appropriate,21,0.863,(6) excl-2020,vix_pre28,VIX,0.00188,0.00294,0.52337,,118,0.0024,-0.01495
speech_chair,will+be+appropriate,21,0.863,(7) Δ,const,const,4e-05,0.00887,0.99643,,123,0.01724,0.00086
speech_chair,will+be+appropriate,21,0.863,(7) Δ,d_cfnai,ΔCFNAI,0.03044,0.01299,0.01916,**,123,0.01724,0.00086
speech_chair,will+be+appropriate,21,0.863,(7) Δ,d_vix,ΔVIX,-0.00029,0.00219,0.89422,,123,0.01724,0.00086
speech_chair,will+be+appropriate,21,0.863,(8) Δ excl-2020,const,const,-0.00239,0.00983,0.80751,,117,0.00584,-0.0116
speech_chair,will+be+appropriate,21,0.863,(8) Δ excl-2020,d_cfnai,ΔCFNAI,0.05831,0.06178,0.34519,,117,0.00584,-0.0116
speech_chair,will+be+appropriate,21,0.863,(8) Δ excl-2020,d_vix,ΔVIX,-0.00236,0.00902,0.79381,,117,0.00584,-0.0116
speech_chair,would+be+appropriate,11,0.944,(3),const,const,0.03956,0.0256,0.12229,,124,0.00203,-0.01447
speech_chair,would+be+appropriate,11,0.944,(3),cfnai_ma3_lag2,CFNAI-MA3,0.00029,0.00301,0.9242,,124,0.00203,-0.01447
speech_chair,would+be+appropriate,11,0.944,(3),vix_pre28,VIX,-0.00083,0.00114,0.46676,,124,0.00203,-0.01447
speech_chair,would+be+appropriate,11,0.944,(6) excl-2020,const,const,0.03064,0.0473,0.51711,,118,0.00247,-0.01488
speech_chair,would+be+appropriate,11,0.944,(6) excl-2020,cfnai_ma3_lag2,CFNAI-MA3,-0.02845,0.05224,0.58596,,118,0.00247,-0.01488
speech_chair,would+be+appropriate,11,0.944,(6) excl-2020,vix_pre28,VIX,-0.00031,0.00269,0.90773,,118,0.00247,-0.01488
speech_chair,would+be+appropriate,11,0.944,(7) Δ,const,const,-0.00148,0.00692,0.83106,,123,1e-05,-0.01666
speech_chair,would+be+appropriate,11,0.944,(7) Δ,d_cfnai,ΔCFNAI,-0.00048,0.00221,0.82722,,123,1e-05,-0.01666
speech_chair,would+be+appropriate,11,0.944,(7) Δ,d_vix,ΔVIX,0.0,0.00049,0.99813,,123,1e-05,-0.01666
speech_chair,would+be+appropriate,11,0.944,(8) Δ excl-2020,const,const,-0.00175,0.00725,0.8094,,117,0.00012,-0.01742
speech_chair,would+be+appropriate,11,0.944,(8) Δ excl-2020,d_cfnai,ΔCFNAI,-0.00635,0.02622,0.80858,,117,0.00012,-0.01742
speech_chair,would+be+appropriate,11,0.944,(8) Δ excl-2020,d_vix,ΔVIX,6e-05,0.00215,0.97754,,117,0.00012,-0.01742
speech_chair,may+be+appropriate,6,0.96,(3),const,const,0.03605,0.01926,0.06124,*,124,0.00652,-0.0099
speech_chair,may+be+appropriate,6,0.96,(3),cfnai_ma3_lag2,CFNAI-MA3,0.00081,0.00194,0.67717,,124,0.00652,-0.0099
speech_chair,may+be+appropriate,6,0.96,(3),vix_pre28,VIX,-0.00109,0.00079,0.16726,,124,0.00652,-0.0099
speech_chair,may+be+appropriate,6,0.96,(6) excl-2020,const,const,0.04966,0.03456,0.15077,,118,0.00752,-0.00974
speech_chair,may+be+appropriate,6,0.96,(6) excl-2020,cfnai_ma3_lag2,CFNAI-MA3,0.01419,0.04001,0.72277,,118,0.00752,-0.00974
speech_chair,may+be+appropriate,6,0.96,(6) excl-2020,vix_pre28,VIX,-0.00189,0.00176,0.28242,,118,0.00752,-0.00974
speech_chair,may+be+appropriate,6,0.96,(7) Δ,const,const,2e-05,0.00503,0.99653,,123,0.0016,-0.01504
speech_chair,may+be+appropriate,6,0.96,(7) Δ,d_cfnai,ΔCFNAI,0.00286,0.00296,0.33404,,123,0.0016,-0.01504
speech_chair,may+be+appropriate,6,0.96,(7) Δ,d_vix,ΔVIX,-0.00073,0.00114,0.52056,,123,0.0016,-0.01504
speech_chair,may+be+appropriate,6,0.96,(8) Δ excl-2020,const,const,0.00079,0.00525,0.88044,,117,0.01046,-0.0069
speech_chair,may+be+appropriate,6,0.96,(8) Δ excl-2020,d_cfnai,ΔCFNAI,0.03469,0.03285,0.29095,,117,0.01046,-0.0069
speech_chair,may+be+appropriate,6,0.96,(8) Δ excl-2020,d_vix,ΔVIX,-0.0033,0.00402,0.4119,,117,0.01046,-0.0069
speech_chair,could+be+appropriate,2,0.984,(3),const,const,-0.00208,0.00818,0.7996,,124,0.00283,-0.01366
speech_chair,could+be+appropriate,2,0.984,(3),cfnai_ma3_lag2,CFNAI-MA3,0.0012,0.00173,0.48786,,124,0.00283,-0.01366
speech_chair,could+be+appropriate,2,0.984,(3),vix_pre28,VIX,0.00064,0.00066,0.333,,124,0.00283,-0.01366
speech_chair,could+be+appropriate,2,0.984,(6) excl-2020,const,const,-0.02839,0.02611,0.27681,,118,0.01476,-0.00238
speech_chair,could+be+appropriate,2,0.984,(6) excl-2020,cfnai_ma3_lag2,CFNAI-MA3,-0.02462,0.04947,0.61875,,118,0.01476,-0.00238
speech_chair,could+be+appropriate,2,0.984,(6) excl-2020,vix_pre28,VIX,0.00223,0.0018,0.2158,,118,0.01476,-0.00238
speech_chair,could+be+appropriate,2,0.984,(7) Δ,const,const,5e-05,0.00434,0.9903,,123,0.01562,-0.00078
speech_chair,could+be+appropriate,2,0.984,(7) Δ,d_cfnai,ΔCFNAI,-0.00341,0.00435,0.43255,,123,0.01562,-0.00078
speech_chair,could+be+appropriate,2,0.984,(7) Δ,d_vix,ΔVIX,-0.0022,0.00249,0.37788,,123,0.01562,-0.00078
speech_chair,could+be+appropriate,2,0.984,(8) Δ excl-2020,const,const,-0.00207,0.00511,0.68583,,117,0.06801,0.05166
speech_chair,could+be+appropriate,2,0.984,(8) Δ excl-2020,d_cfnai,ΔCFNAI,-0.03953,0.04971,0.42656,,117,0.06801,0.05166
speech_chair,could+be+appropriate,2,0.984,(8) Δ excl-2020,d_vix,ΔVIX,-0.00821,0.00668,0.21954,,117,0.06801,0.05166
speech_chair,can+be+appropriate,1,0.992,(3),const,const,-0.00012,0.00266,0.96247,,124,0.00112,-0.01539
speech_chair,can+be+appropriate,1,0.992,(3),cfnai_ma3_lag2,CFNAI-MA3,3e-05,0.0006,0.95433,,124,0.00112,-0.01539
speech_chair,can+be+appropriate,1,0.992,(3),vix_pre28,VIX,0.0002,0.00026,0.43982,,124,0.00112,-0.01539
speech_chair,can+be+appropriate,1,0.992,(6) excl-2020,const,const,-0.01115,0.01195,0.35061,,118,0.01128,-0.00592
speech_chair,can+be+appropriate,1,0.992,(6) excl-2020,cfnai_ma3_lag2,CFNAI-MA3,-0.01646,0.01575,0.29597,,118,0.01128,-0.00592
speech_chair,can+be+appropriate,1,0.992,(6) excl-2020,vix_pre28,VIX,0.00086,0.00089,0.33649,,118,0.01128,-0.00592
speech_chair,can+be+appropriate,1,0.992,(7) Δ,const,const,-2e-05,0.00219,0.99231,,123,0.00776,-0.00878
speech_chair,can+be+appropriate,1,0.992,(7) Δ,d_cfnai,ΔCFNAI,2e-05,0.00028,0.92832,,123,0.00776,-0.00878
speech_chair,can+be+appropriate,1,0.992,(7) Δ,d_vix,ΔVIX,0.00083,0.00098,0.3994,,123,0.00776,-0.00878
speech_chair,can+be+appropriate,1,0.992,(8) Δ excl-2020,const,const,0.00031,0.00252,0.90148,,117,0.03057,0.01356
speech_chair,can+be+appropriate,1,0.992,(8) Δ excl-2020,d_cfnai,ΔCFNAI,-0.0002,0.00338,0.95381,,117,0.03057,0.01356
speech_chair,can+be+appropriate,1,0.992,(8) Δ excl-2020,d_vix,ΔVIX,0.00326,0.00314,0.2995,,117,0.03057,0.01356
statement,will+continue,125,0.327,(3),const,const,0.68738,1.30774,0.59915,,101,0.11375,0.09567
statement,will+continue,125,0.327,(3),cfnai_ma3_lag2,CFNAI-MA3,-0.06576,0.08851,0.45749,,101,0.11375,0.09567
statement,will+continue,125,0.327,(3),vix_pre28,VIX,0.14825,0.05294,0.0051,***,101,0.11375,0.09567
statement,will+continue,125,0.327,(6) excl-2020,const,const,-0.94184,1.34311,0.48316,,91,0.14707,0.12768
statement,will+continue,125,0.327,(6) excl-2020,cfnai_ma3_lag2,CFNAI-MA3,-2.09413,1.97258,0.28841,,91,0.14707,0.12768
statement,will+continue,125,0.327,(6) excl-2020,vix_pre28,VIX,0.24515,0.0631,0.0001,***,91,0.14707,0.12768
statement,will+continue,125,0.327,(7) Δ,const,const,0.02805,0.09268,0.76214,,100,0.01266,-0.00769
statement,will+continue,125,0.327,(7) Δ,d_cfnai,ΔCFNAI,0.10384,0.07104,0.14383,,100,0.01266,-0.00769
statement,will+continue,125,0.327,(7) Δ,d_vix,ΔVIX,-0.01862,0.03078,0.54513,,100,0.01266,-0.00769
statement,will+continue,125,0.327,(8) Δ excl-2020,const,const,0.00501,0.09376,0.9574,,90,0.04414,0.02217
statement,will+continue,125,0.327,(8) Δ excl-2020,d_cfnai,ΔCFNAI,0.7121,0.62737,0.25635,,90,0.04414,0.02217
statement,will+continue,125,0.327,(8) Δ excl-2020,d_vix,ΔVIX,-0.06207,0.01935,0.00134,***,90,0.04414,0.02217
statement,will+take,123,0.02,(3),const,const,3.44606,0.65899,0.0,***,101,0.0084,-0.01183
statement,will+take,123,0.02,(3),cfnai_ma3_lag2,CFNAI-MA3,-0.04502,0.06792,0.50742,,101,0.0084,-0.01183
statement,will+take,123,0.02,(3),vix_pre28,VIX,-0.01688,0.03374,0.61689,,101,0.0084,-0.01183
statement,will+take,123,0.02,(6) excl-2020,const,const,1.86551,0.55059,0.0007,***,91,0.17646,0.15774
statement,will+take,123,0.02,(6) excl-2020,cfnai_ma3_lag2,CFNAI-MA3,-1.90828,0.64666,0.00317,***,91,0.17646,0.15774
statement,will+take,123,0.02,(6) excl-2020,vix_pre28,VIX,0.08003,0.03085,0.00949,***,91,0.17646,0.15774
statement,will+take,123,0.02,(7) Δ,const,const,0.02772,0.05876,0.63711,,100,0.00995,-0.01046
statement,will+take,123,0.02,(7) Δ,d_cfnai,ΔCFNAI,-0.00237,0.01251,0.84978,,100,0.00995,-0.01046
statement,will+take,123,0.02,(7) Δ,d_vix,ΔVIX,-0.01526,0.01706,0.37103,,100,0.00995,-0.01046
statement,will+take,123,0.02,(8) Δ excl-2020,const,const,0.04543,0.05965,0.4463,,90,0.00131,-0.02164
statement,will+take,123,0.02,(8) Δ excl-2020,d_cfnai,ΔCFNAI,0.01325,0.23197,0.95446,,90,0.00131,-0.02164
statement,will+take,123,0.02,(8) Δ excl-2020,d_vix,ΔVIX,0.00502,0.01456,0.73014,,90,0.00131,-0.02164
statement,will+assess,72,0.287,(3),const,const,2.80349,0.52086,0.0,***,101,0.1123,0.09418
statement,will+assess,72,0.287,(3),cfnai_ma3_lag2,CFNAI-MA3,-0.3074,0.1109,0.00557,***,101,0.1123,0.09418
statement,will+assess,72,0.287,(3),vix_pre28,VIX,-0.05238,0.02735,0.05552,*,101,0.1123,0.09418
statement,will+assess,72,0.287,(6) excl-2020,const,const,3.0119,0.65942,0.0,***,91,0.20568,0.18762
statement,will+assess,72,0.287,(6) excl-2020,cfnai_ma3_lag2,CFNAI-MA3,-2.09405,0.7416,0.00475,***,91,0.20568,0.18762
statement,will+assess,72,0.287,(6) excl-2020,vix_pre28,VIX,-0.06626,0.04146,0.10999,,91,0.20568,0.18762
statement,will+assess,72,0.287,(7) Δ,const,const,0.03868,0.04545,0.39478,,100,0.09874,0.08015
statement,will+assess,72,0.287,(7) Δ,d_cfnai,ΔCFNAI,-0.14529,0.04003,0.00028,***,100,0.09874,0.08015
statement,will+assess,72,0.287,(7) Δ,d_vix,ΔVIX,-0.00121,0.01028,0.90628,,100,0.09874,0.08015
statement,will+assess,72,0.287,(8) Δ excl-2020,const,const,0.08423,0.03922,0.03173,**,90,0.00728,-0.01554
statement,will+assess,72,0.287,(8) Δ excl-2020,d_cfnai,ΔCFNAI,0.08305,0.18906,0.66045,,90,0.00728,-0.01554
statement,will+assess,72,0.287,(8) Δ excl-2020,d_vix,ΔVIX,-0.00884,0.00687,0.19827,,90,0.00728,-0.01554
statement,could+impede,46,0.545,(3),const,const,0.49928,0.91562,0.58555,,101,0.0627,0.04358
statement,could+impede,46,0.545,(3),cfnai_ma3_lag2,CFNAI-MA3,0.22118,0.04549,0.0,***,101,0.0627,0.04358
statement,could+impede,46,0.545,(3),vix_pre28,VIX,0.05004,0.04844,0.30162,,101,0.0627,0.04358
statement,could+impede,46,0.545,(6) excl-2020,const,const,-1.54176,0.58947,0.00891,***,91,0.25647,0.23957
statement,could+impede,46,0.545,(6) excl-2020,cfnai_ma3_lag2,CFNAI-MA3,-1.23922,0.9708,0.20178,,91,0.25647,0.23957
statement,could+impede,46,0.545,(6) excl-2020,vix_pre28,VIX,0.17513,0.03245,0.0,***,91,0.25647,0.23957
statement,could+impede,46,0.545,(7) Δ,const,const,0.0393,0.02322,0.09049,*,100,0.29966,0.28522
statement,could+impede,46,0.545,(7) Δ,d_cfnai,ΔCFNAI,0.13831,0.03597,0.00012,***,100,0.29966,0.28522
statement,could+impede,46,0.545,(7) Δ,d_vix,ΔVIX,-0.00616,0.00891,0.48883,,100,0.29966,0.28522
statement,could+impede,46,0.545,(8) Δ excl-2020,const,const,0.01689,0.01816,0.35221,,90,0.00498,-0.01789
statement,could+impede,46,0.545,(8) Δ excl-2020,d_cfnai,ΔCFNAI,-0.09364,0.12737,0.46225,,90,0.00498,-0.01789
statement,could+impede,46,0.545,(8) Δ excl-2020,d_vix,ΔVIX,0.00067,0.01157,0.95411,,90,0.00498,-0.01789
statement,would+be+prepared,46,0.545,(3),const,const,0.49928,0.91562,0.58555,,101,0.0627,0.04358
statement,would+be+prepared,46,0.545,(3),cfnai_ma3_lag2,CFNAI-MA3,0.22118,0.04549,0.0,***,101,0.0627,0.04358
statement,would+be+prepared,46,0.545,(3),vix_pre28,VIX,0.05004,0.04844,0.30162,,101,0.0627,0.04358
statement,would+be+prepared,46,0.545,(6) excl-2020,const,const,-1.54176,0.58947,0.00891,***,91,0.25647,0.23957
statement,would+be+prepared,46,0.545,(6) excl-2020,cfnai_ma3_lag2,CFNAI-MA3,-1.23922,0.9708,0.20178,,91,0.25647,0.23957
statement,would+be+prepared,46,0.545,(6) excl-2020,vix_pre28,VIX,0.17513,0.03245,0.0,***,91,0.25647,0.23957
statement,would+be+prepared,46,0.545,(7) Δ,const,const,0.0393,0.02322,0.09049,*,100,0.29966,0.28522
statement,would+be+prepared,46,0.545,(7) Δ,d_cfnai,ΔCFNAI,0.13831,0.03597,0.00012,***,100,0.29966,0.28522
statement,would+be+prepared,46,0.545,(7) Δ,d_vix,ΔVIX,-0.00616,0.00891,0.48883,,100,0.29966,0.28522
statement,would+be+prepared,46,0.545,(8) Δ excl-2020,const,const,0.01689,0.01816,0.35221,,90,0.00498,-0.01789
statement,would+be+prepared,46,0.545,(8) Δ excl-2020,d_cfnai,ΔCFNAI,-0.09364,0.12737,0.46225,,90,0.00498,-0.01789
statement,would+be+prepared,46,0.545,(8) Δ excl-2020,d_vix,ΔVIX,0.00067,0.01157,0.95411,,90,0.00498,-0.01789
statement,will+be+appropriate,43,0.614,(3),const,const,0.26955,0.66629,0.6858,,101,0.08879,0.07019
statement,will+be+appropriate,43,0.614,(3),cfnai_ma3_lag2,CFNAI-MA3,0.28647,0.08946,0.00136,***,101,0.08879,0.07019
statement,will+be+appropriate,43,0.614,(3),vix_pre28,VIX,0.03925,0.03856,0.30872,,101,0.08879,0.07019
statement,will+be+appropriate,43,0.614,(6) excl-2020,const,const,-0.62179,0.73559,0.39795,,91,0.2032,0.18509
statement,will+be+appropriate,43,0.614,(6) excl-2020,cfnai_ma3_lag2,CFNAI-MA3,1.38628,0.60752,0.0225,**,91,0.2032,0.18509
statement,will+be+appropriate,43,0.614,(6) excl-2020,vix_pre28,VIX,0.09595,0.04357,0.02764,**,91,0.2032,0.18509
statement,will+be+appropriate,43,0.614,(7) Δ,const,const,-0.0223,0.06681,0.73853,,100,0.06412,0.04482
statement,will+be+appropriate,43,0.614,(7) Δ,d_cfnai,ΔCFNAI,0.14527,0.03496,3e-05,***,100,0.06412,0.04482
statement,will+be+appropriate,43,0.614,(7) Δ,d_vix,ΔVIX,-0.02436,0.01519,0.10884,,100,0.06412,0.04482
statement,will+be+appropriate,43,0.614,(8) Δ excl-2020,const,const,-0.0546,0.07276,0.45297,,90,0.01921,-0.00334
statement,will+be+appropriate,43,0.614,(8) Δ excl-2020,d_cfnai,ΔCFNAI,-0.15804,0.46077,0.7316,,90,0.01921,-0.00334
statement,will+be+appropriate,43,0.614,(8) Δ excl-2020,d_vix,ΔVIX,-0.02875,0.02331,0.21751,,90,0.01921,-0.00334
statement,will+monitor,32,0.683,(3),const,const,1.12885,0.50351,0.02497,**,101,0.10748,0.08926
statement,will+monitor,32,0.683,(3),cfnai_ma3_lag2,CFNAI-MA3,-0.26445,0.02825,0.0,***,101,0.10748,0.08926
statement,will+monitor,32,0.683,(3),vix_pre28,VIX,-0.02737,0.02299,0.2337,,101,0.10748,0.08926
statement,will+monitor,32,0.683,(6) excl-2020,const,const,1.90059,0.5587,0.00067,***,91,0.11897,0.09894
statement,will+monitor,32,0.683,(6) excl-2020,cfnai_ma3_lag2,CFNAI-MA3,0.12179,0.52364,0.81608,,91,0.11897,0.09894
statement,will+monitor,32,0.683,(6) excl-2020,vix_pre28,VIX,-0.07371,0.02711,0.00656,***,91,0.11897,0.09894
statement,will+monitor,32,0.683,(7) Δ,const,const,-0.01304,0.0524,0.80352,,100,0.06256,0.04323
statement,will+monitor,32,0.683,(7) Δ,d_cfnai,ΔCFNAI,-0.14967,0.03806,8e-05,***,100,0.06256,0.04323
statement,will+monitor,32,0.683,(7) Δ,d_vix,ΔVIX,0.01366,0.01515,0.36739,,100,0.06256,0.04323
statement,will+monitor,32,0.683,(8) Δ excl-2020,const,const,-0.0138,0.05552,0.80365,,90,0.01647,-0.00614
statement,will+monitor,32,0.683,(8) Δ excl-2020,d_cfnai,ΔCFNAI,-0.07279,0.40229,0.85642,,90,0.01647,-0.00614
statement,will+monitor,32,0.683,(8) Δ excl-2020,d_vix,ΔVIX,0.02573,0.02075,0.2149,,90,0.01647,-0.00614
statement,may+be+appropriate,10,0.901,(3),const,const,0.59743,0.35173,0.0894,*,101,0.01161,-0.00857
statement,may+be+appropriate,10,0.901,(3),cfnai_ma3_lag2,CFNAI-MA3,-0.02715,0.03828,0.47811,,101,0.01161,-0.00857
statement,may+be+appropriate,10,0.901,(3),vix_pre28,VIX,-0.01531,0.01091,0.16077,,101,0.01161,-0.00857
statement,may+be+appropriate,10,0.901,(6) excl-2020,const,const,0.41899,0.32108,0.19192,,91,0.04718,0.02552
statement,may+be+appropriate,10,0.901,(6) excl-2020,cfnai_ma3_lag2,CFNAI-MA3,-0.90885,0.48643,0.06171,*,91,0.04718,0.02552
statement,may+be+appropriate,10,0.901,(6) excl-2020,vix_pre28,VIX,-0.00476,0.01355,0.72524,,91,0.04718,0.02552
statement,may+be+appropriate,10,0.901,(7) Δ,const,const,0.00035,0.05793,0.99517,,100,0.00152,-0.01907
statement,may+be+appropriate,10,0.901,(7) Δ,d_cfnai,ΔCFNAI,0.00323,0.00476,0.49817,,100,0.00152,-0.01907
statement,may+be+appropriate,10,0.901,(7) Δ,d_vix,ΔVIX,-0.00547,0.0069,0.42801,,100,0.00152,-0.01907
statement,may+be+appropriate,10,0.901,(8) Δ excl-2020,const,const,0.00054,0.0663,0.99349,,90,0.00261,-0.02032
statement,may+be+appropriate,10,0.901,(8) Δ excl-2020,d_cfnai,ΔCFNAI,0.0499,0.20738,0.80987,,90,0.00261,-0.02032
statement,may+be+appropriate,10,0.901,(8) Δ excl-2020,d_vix,ΔVIX,-0.00896,0.01092,0.41171,,90,0.00261,-0.02032
statement_vote,will+be+appropriate,4,0.96,(3),const,const,0.50768,0.74389,0.49494,,100,0.06197,0.04263
statement_vote,will+be+appropriate,4,0.96,(3),cfnai_ma3_lag2,CFNAI-MA3,0.33687,0.16691,0.04356,**,100,0.06197,0.04263
statement_vote,will+be+appropriate,4,0.96,(3),vix_pre28,VIX,-0.00959,0.03498,0.78388,,100,0.06197,0.04263
statement_vote,will+be+appropriate,4,0.96,(6) excl-2020,const,const,1.23128,1.0256,0.22992,,91,0.04881,0.02719
statement_vote,will+be+appropriate,4,0.96,(6) excl-2020,cfnai_ma3_lag2,CFNAI-MA3,0.92297,0.86529,0.28613,,91,0.04881,0.02719
statement_vote,will+be+appropriate,4,0.96,(6) excl-2020,vix_pre28,VIX,-0.05646,0.04798,0.23933,,91,0.04881,0.02719
statement_vote,will+be+appropriate,4,0.96,(7) Δ,const,const,0.00651,0.10492,0.95049,,99,0.21679,0.20047
statement_vote,will+be+appropriate,4,0.96,(7) Δ,d_cfnai,ΔCFNAI,0.61596,0.14811,3e-05,***,99,0.21679,0.20047
statement_vote,will+be+appropriate,4,0.96,(7) Δ,d_vix,ΔVIX,-0.09087,0.04856,0.06131,*,99,0.21679,0.20047
statement_vote,will+be+appropriate,4,0.96,(8) Δ excl-2020,const,const,-0.00826,0.09668,0.93195,,90,0.02463,0.00221
statement_vote,will+be+appropriate,4,0.96,(8) Δ excl-2020,d_cfnai,ΔCFNAI,-0.43643,0.42187,0.3009,,90,0.02463,0.00221
statement_vote,will+be+appropriate,4,0.96,(8) Δ excl-2020,d_vix,ΔVIX,-0.05911,0.05505,0.28288,,90,0.02463,0.00221
