level,key,unit,period,macro,n_tokens,zero_share,n,r,p_r,rho,p_rho,q_rho,eligible,unit_level
genre,minutes,ALL,T1,cfnai,7072,0.0,99,-0.0203,0.8417,0.0994,0.3278,0.9353,True,modal
genre,minutes,ALL,T1,vix,7072,0.0,99,0.0494,0.6273,-0.0258,0.8,0.8666,True,modal
genre,minutes,ALL,T2,cfnai,6346,0.0,91,0.1362,0.1979,0.1575,0.1359,0.6405,True,modal
genre,minutes,ALL,T2,vix,6346,0.0,91,-0.1358,0.1993,-0.1247,0.2389,0.3654,True,modal
genre,minutes,ALL,T3,cfnai,9097,0.0,132,-0.0163,0.8529,0.0954,0.2764,0.7805,True,modal
genre,minutes,ALL,T3,vix,9097,0.0,132,-0.0133,0.8793,-0.1036,0.2372,0.3628,True,modal
genre,minutes,ALL,H1,cfnai,3736,0.0,48,0.0209,0.8877,0.0798,0.5899,0.8154,True,modal
genre,minutes,ALL,H1,vix,3736,0.0,48,0.066,0.6558,0.132,0.3711,0.5613,True,modal
genre,minutes,ALL,H2,cfnai,2610,0.0,43,0.2661,0.0845,0.1757,0.2597,0.5237,True,modal
genre,minutes,ALL,H2,vix,2610,0.0,43,0.06,0.7025,0.0267,0.8649,0.975,True,modal
genre,minutes,can,T1,cfnai,84,0.566,99,-0.1251,0.2172,0.2668,0.0076,0.1974,True,modal
genre,minutes,can,T1,vix,84,0.566,99,0.4435,0.0,0.4609,0.0,0.0,True,modal
genre,minutes,can,T2,cfnai,70,0.604,91,0.3099,0.0028,0.338,0.001,0.0273,False,modal
genre,minutes,can,T2,vix,70,0.604,91,0.4479,0.0,0.4383,0.0,0.0002,False,modal
genre,minutes,can,T3,cfnai,92,0.621,132,-0.1151,0.1889,0.2689,0.0018,0.0475,False,modal
genre,minutes,can,T3,vix,92,0.621,132,0.3452,0.0001,0.3522,0.0,0.0004,False,modal
genre,minutes,can,H1,cfnai,26,0.688,48,-0.1031,0.4858,0.0109,0.9414,0.9414,False,modal
genre,minutes,can,H1,vix,26,0.688,48,0.0525,0.7229,0.2234,0.1269,0.3656,False,modal
genre,minutes,can,H2,cfnai,44,0.512,43,0.5356,0.0002,0.5938,0.0,0.0007,True,modal
genre,minutes,can,H2,vix,44,0.512,43,0.6286,0.0,0.6237,0.0,0.0002,True,modal
genre,minutes,could,T1,cfnai,1659,0.0,99,0.0312,0.7589,-0.093,0.3597,0.9353,True,modal
genre,minutes,could,T1,vix,1659,0.0,99,0.1493,0.1403,0.2136,0.0338,0.0627,True,modal
genre,minutes,could,T2,cfnai,1476,0.0,91,-0.1068,0.3137,-0.1166,0.271,0.6405,True,modal
genre,minutes,could,T2,vix,1476,0.0,91,0.1398,0.1863,0.2121,0.0435,0.0871,True,modal
genre,minutes,could,T3,cfnai,2085,0.0,132,0.0301,0.7322,-0.0232,0.7921,0.846,True,modal
genre,minutes,could,T3,vix,2085,0.0,132,0.1494,0.0874,0.1426,0.1028,0.1783,True,modal
genre,minutes,could,H1,cfnai,806,0.0,48,-0.1702,0.2474,-0.087,0.5565,0.8154,True,modal
genre,minutes,could,H1,vix,806,0.0,48,0.2187,0.1353,0.3156,0.0289,0.1633,True,modal
genre,minutes,could,H2,cfnai,670,0.0,43,-0.0789,0.6149,-0.0621,0.6924,0.8611,True,modal
genre,minutes,could,H2,vix,670,0.0,43,-0.0246,0.8758,0.0056,0.9716,0.975,True,modal
genre,minutes,may,T1,cfnai,502,0.081,99,0.0192,0.8501,-0.0141,0.8902,0.9681,True,modal
genre,minutes,may,T1,vix,502,0.081,99,-0.1795,0.0755,-0.2464,0.014,0.0363,True,modal
genre,minutes,may,T2,cfnai,469,0.066,91,0.1305,0.2174,0.0697,0.5113,0.7385,True,modal
genre,minutes,may,T2,vix,469,0.066,91,-0.1301,0.2192,-0.1656,0.1168,0.2024,True,modal
genre,minutes,may,T3,cfnai,617,0.121,132,0.0185,0.8331,0.0128,0.8838,0.8838,True,modal
genre,minutes,may,T3,vix,617,0.121,132,-0.2307,0.0078,-0.3237,0.0002,0.001,True,modal
genre,minutes,may,H1,cfnai,299,0.042,48,0.2016,0.1694,0.1475,0.3171,0.753,True,modal
genre,minutes,may,H1,vix,299,0.042,48,0.2468,0.0909,0.197,0.1795,0.3789,True,modal
genre,minutes,may,H2,cfnai,170,0.093,43,0.1047,0.5041,-0.0016,0.9917,0.9917,True,modal
genre,minutes,may,H2,vix,170,0.093,43,-0.3552,0.0194,-0.4202,0.005,0.0419,True,modal
genre,minutes,should,T1,cfnai,393,0.091,99,-0.0007,0.9942,-0.0444,0.6628,0.9681,True,modal
genre,minutes,should,T1,vix,393,0.091,99,-0.1943,0.054,-0.1632,0.1065,0.1639,True,modal
genre,minutes,should,T2,cfnai,365,0.088,91,0.0146,0.8905,0.0017,0.9872,0.9872,True,modal
genre,minutes,should,T2,vix,365,0.088,91,-0.2275,0.0301,-0.144,0.1731,0.2813,True,modal
genre,minutes,should,T3,cfnai,506,0.098,132,-0.0005,0.9955,-0.0402,0.6472,0.846,True,modal
genre,minutes,should,T3,vix,506,0.098,132,-0.1964,0.024,-0.1817,0.0371,0.0742,True,modal
genre,minutes,should,H1,cfnai,248,0.062,48,-0.0482,0.745,-0.1534,0.2978,0.753,True,modal
genre,minutes,should,H1,vix,248,0.062,48,-0.0018,0.9906,0.1544,0.2948,0.5409,True,modal
genre,minutes,should,H2,cfnai,117,0.116,43,0.1156,0.4605,0.0854,0.5863,0.8611,True,modal
genre,minutes,should,H2,vix,117,0.116,43,-0.1743,0.2635,-0.1552,0.3203,0.572,True,modal
genre,minutes,will,T1,cfnai,885,0.0,99,0.0461,0.6503,0.0234,0.8183,0.9681,True,modal
genre,minutes,will,T1,vix,885,0.0,99,-0.2007,0.0464,-0.2884,0.0038,0.0141,True,modal
genre,minutes,will,T2,cfnai,794,0.0,91,0.0392,0.7122,0.0148,0.889,0.963,True,modal
genre,minutes,will,T2,vix,794,0.0,91,-0.3651,0.0004,-0.426,0.0,0.0002,True,modal
genre,minutes,will,T3,cfnai,1232,0.0,132,0.0331,0.7067,-0.0231,0.793,0.846,True,modal
genre,minutes,will,T3,vix,1232,0.0,132,-0.2117,0.0148,-0.2698,0.0018,0.0075,True,modal
genre,minutes,will,H1,cfnai,521,0.0,48,0.1674,0.2555,0.0774,0.6008,0.8154,True,modal
genre,minutes,will,H1,vix,521,0.0,48,-0.2462,0.0916,-0.2146,0.143,0.3656,True,modal
genre,minutes,will,H2,cfnai,273,0.0,43,-0.0617,0.6943,-0.0417,0.7906,0.8611,True,modal
genre,minutes,will,H2,vix,273,0.0,43,-0.2051,0.1869,-0.2785,0.0706,0.2401,True,modal
genre,minutes,would,T1,cfnai,3549,0.0,99,-0.0691,0.4969,0.111,0.2739,0.9353,True,modal
genre,minutes,would,T1,vix,3549,0.0,99,0.1661,0.1003,0.102,0.3149,0.3898,True,modal
genre,minutes,would,T2,cfnai,3172,0.0,91,0.1358,0.1992,0.1482,0.1609,0.6405,True,modal
genre,minutes,would,T2,vix,3172,0.0,91,-0.0009,0.9931,-0.0329,0.7568,0.7871,True,modal
genre,minutes,would,T3,cfnai,4565,0.0,132,-0.0579,0.5099,0.0959,0.2738,0.7805,True,modal
genre,minutes,would,T3,vix,4565,0.0,132,0.1254,0.1521,0.0589,0.5022,0.5677,True,modal
genre,minutes,would,H1,cfnai,1836,0.0,48,-0.0158,0.9149,-0.0478,0.7467,0.8346,True,modal
genre,minutes,would,H1,vix,1836,0.0,48,-0.0948,0.5216,-0.0754,0.6103,0.773,True,modal
genre,minutes,would,H2,cfnai,1336,0.0,43,0.2234,0.1498,0.1712,0.2723,0.5237,True,modal
genre,minutes,would,H2,vix,1336,0.0,43,0.2411,0.1194,0.2285,0.1406,0.3514,True,modal
genre,press_conf,ALL,T1,cfnai,13221,0.0,80,0.1478,0.1909,0.2331,0.0374,0.4865,True,modal
genre,press_conf,ALL,T1,vix,13221,0.0,80,0.3352,0.0024,0.315,0.0044,0.0144,True,modal
genre,press_conf,ALL,T2,cfnai,11549,0.0,71,0.3486,0.0029,0.2701,0.0227,0.2957,True,modal
genre,press_conf,ALL,T2,vix,11549,0.0,71,0.2435,0.0407,0.2761,0.0198,0.0467,True,modal
genre,press_conf,ALL,T3,cfnai,15200,0.0,92,0.1341,0.2025,0.1536,0.1438,0.7805,True,modal
genre,press_conf,ALL,T3,vix,15200,0.0,92,0.3294,0.0013,0.318,0.002,0.0075,True,modal
genre,press_conf,ALL,H2,cfnai,7555,0.0,43,0.4501,0.0025,0.3916,0.0094,0.0783,True,modal
genre,press_conf,ALL,H2,vix,7555,0.0,43,0.1871,0.2296,0.2439,0.115,0.3195,True,modal
genre,press_conf,can,T1,cfnai,1992,0.0,80,-0.1966,0.0804,0.0875,0.4403,0.9541,True,modal
genre,press_conf,can,T1,vix,1992,0.0,80,0.453,0.0,0.4118,0.0001,0.0019,True,modal
genre,press_conf,can,T2,cfnai,1677,0.0,71,0.1645,0.1705,0.1369,0.255,0.6405,True,modal
genre,press_conf,can,T2,vix,1677,0.0,71,0.2462,0.0385,0.2919,0.0135,0.0352,True,modal
genre,press_conf,can,T3,cfnai,2328,0.0,92,-0.184,0.0792,0.0601,0.5692,0.846,True,modal
genre,press_conf,can,T3,vix,2328,0.0,92,0.4605,0.0,0.3985,0.0001,0.0007,True,modal
genre,press_conf,can,H2,cfnai,1198,0.0,43,0.2317,0.1349,0.25,0.1059,0.331,True,modal
genre,press_conf,can,H2,vix,1198,0.0,43,0.1111,0.4783,0.1188,0.4478,0.6586,True,modal
genre,press_conf,could,T1,cfnai,1212,0.0,80,-0.0828,0.4654,0.0654,0.5646,0.9681,True,modal
genre,press_conf,could,T1,vix,1212,0.0,80,-0.2388,0.0329,-0.2801,0.0119,0.0343,True,modal
genre,press_conf,could,T2,cfnai,1076,0.0,71,0.0474,0.6945,0.0564,0.6402,0.8323,True,modal
genre,press_conf,could,T2,vix,1076,0.0,71,-0.289,0.0145,-0.3126,0.0079,0.0258,True,modal
genre,press_conf,could,T3,cfnai,1396,0.0,92,-0.0812,0.4417,0.034,0.7474,0.846,True,modal
genre,press_conf,could,T3,vix,1396,0.0,92,-0.2386,0.022,-0.2836,0.0061,0.0145,True,modal
genre,press_conf,could,H2,cfnai,644,0.0,43,0.1292,0.409,0.0702,0.6547,0.8611,True,modal
genre,press_conf,could,H2,vix,644,0.0,43,-0.2018,0.1944,-0.2727,0.0768,0.2401,True,modal
genre,press_conf,may,T1,cfnai,582,0.0,80,0.0604,0.5945,0.0325,0.7751,0.9681,True,modal
genre,press_conf,may,T1,vix,582,0.0,80,-0.0011,0.9922,-0.0062,0.9564,0.9564,True,modal
genre,press_conf,may,T2,cfnai,512,0.0,71,-0.067,0.5789,-0.0452,0.7084,0.8372,True,modal
genre,press_conf,may,T2,vix,512,0.0,71,-0.0681,0.5726,-0.0652,0.5891,0.6382,True,modal
genre,press_conf,may,T3,cfnai,680,0.0,92,0.0598,0.5713,0.031,0.7692,0.846,True,modal
genre,press_conf,may,T3,vix,680,0.0,92,-0.0186,0.86,-0.014,0.8946,0.9209,True,modal
genre,press_conf,may,H2,cfnai,325,0.0,43,-0.1159,0.4592,-0.072,0.6464,0.8611,True,modal
genre,press_conf,may,H2,vix,325,0.0,43,-0.0468,0.7656,-0.0203,0.8971,0.975,True,modal
genre,press_conf,should,T1,cfnai,692,0.0,80,0.1462,0.1955,0.1768,0.1166,0.8616,True,modal
genre,press_conf,should,T1,vix,692,0.0,80,-0.0177,0.8761,0.0363,0.7493,0.8631,True,modal
genre,press_conf,should,T2,cfnai,610,0.0,71,0.0748,0.5354,0.1165,0.3333,0.6623,True,modal
genre,press_conf,should,T2,vix,610,0.0,71,-0.042,0.7279,-0.0125,0.9175,0.9175,True,modal
genre,press_conf,should,T3,cfnai,805,0.0,92,0.141,0.18,0.1675,0.1105,0.7805,True,modal
genre,press_conf,should,T3,vix,805,0.0,92,0.0302,0.7751,0.1047,0.3206,0.4175,True,modal
genre,press_conf,should,H2,cfnai,349,0.0,43,0.0685,0.6624,0.0752,0.6315,0.8611,True,modal
genre,press_conf,should,H2,vix,349,0.0,43,0.0522,0.7394,0.1311,0.4021,0.6586,True,modal
genre,press_conf,will,T1,cfnai,4832,0.0,80,0.1467,0.194,0.1565,0.1657,0.8616,True,modal
genre,press_conf,will,T1,vix,4832,0.0,80,0.3895,0.0004,0.3591,0.0011,0.006,True,modal
genre,press_conf,will,T2,cfnai,4171,0.0,71,0.3085,0.0089,0.1898,0.1128,0.6405,True,modal
genre,press_conf,will,T2,vix,4171,0.0,71,0.3248,0.0057,0.3703,0.0015,0.0064,True,modal
genre,press_conf,will,T3,cfnai,5497,0.0,92,0.1333,0.2051,0.1092,0.3002,0.7805,True,modal
genre,press_conf,will,T3,vix,5497,0.0,92,0.3314,0.0013,0.2894,0.0051,0.0145,True,modal
genre,press_conf,will,H2,cfnai,2839,0.0,43,0.4073,0.0067,0.3124,0.0414,0.207,True,modal
genre,press_conf,will,H2,vix,2839,0.0,43,0.2283,0.1408,0.3129,0.0411,0.2053,True,modal
genre,press_conf,would,T1,cfnai,3911,0.0,80,0.1645,0.1449,0.1668,0.1392,0.8616,True,modal
genre,press_conf,would,T1,vix,3911,0.0,80,-0.1718,0.1276,-0.1352,0.2319,0.3173,True,modal
genre,press_conf,would,T2,cfnai,3503,0.0,71,0.0332,0.7832,0.0976,0.418,0.6623,True,modal
genre,press_conf,would,T2,vix,3503,0.0,71,-0.0311,0.7968,-0.0819,0.497,0.5618,True,modal
genre,press_conf,would,T3,cfnai,4494,0.0,92,0.1487,0.1571,0.1352,0.1988,0.7805,True,modal
genre,press_conf,would,T3,vix,4494,0.0,92,-0.1195,0.2564,-0.0656,0.5342,0.5787,True,modal
genre,press_conf,would,H2,cfnai,2200,0.0,43,0.0736,0.6388,0.1593,0.3075,0.549,True,modal
genre,press_conf,would,H2,vix,2200,0.0,43,0.0275,0.8611,-0.0201,0.8983,0.975,True,modal
genre,speech,ALL,T1,cfnai,3203,0.0,124,-0.0885,0.3286,-0.0957,0.2906,0.9353,True,modal
genre,speech,ALL,T1,vix,3203,0.0,124,0.0939,0.2997,-0.0171,0.8507,0.8848,True,modal
genre,speech,ALL,T2,cfnai,3075,0.0,118,-0.0931,0.3159,-0.0742,0.4246,0.6623,True,modal
genre,speech,ALL,T2,vix,3075,0.0,118,-0.0617,0.5066,-0.0742,0.4242,0.5487,True,modal
genre,speech,ALL,T3,cfnai,4720,0.0,174,-0.096,0.2076,-0.1314,0.084,0.7805,True,modal
genre,speech,ALL,T3,vix,4720,0.0,174,0.076,0.3189,-0.0076,0.9209,0.9209,True,modal
genre,speech,ALL,H1,cfnai,2348,0.0,73,-0.1166,0.3257,-0.1561,0.1872,0.753,True,modal
genre,speech,ALL,H1,vix,2348,0.0,73,-0.0759,0.5231,-0.1034,0.3841,0.5613,True,modal
genre,speech,ALL,H2,cfnai,727,0.0,45,-0.073,0.6336,-0.0404,0.7922,0.8611,True,modal
genre,speech,ALL,H2,vix,727,0.0,45,-0.0328,0.8307,0.031,0.84,0.975,True,modal
genre,speech,can,T1,cfnai,514,0.121,124,-0.3423,0.0001,-0.0302,0.7393,0.9681,True,modal
genre,speech,can,T1,vix,514,0.121,124,0.2549,0.0043,0.1454,0.1072,0.1639,True,modal
genre,speech,can,T2,cfnai,483,0.127,118,0.0929,0.3172,0.0728,0.4331,0.6623,True,modal
genre,speech,can,T2,vix,483,0.127,118,0.0601,0.5182,0.0767,0.4089,0.5487,True,modal
genre,speech,can,T3,cfnai,810,0.103,174,-0.3114,0.0,-0.0794,0.2978,0.7805,True,modal
genre,speech,can,T3,vix,810,0.103,174,0.2252,0.0028,0.1213,0.1108,0.1801,True,modal
genre,speech,can,H1,cfnai,373,0.096,73,0.0461,0.6983,-0.0124,0.9174,0.9414,True,modal
genre,speech,can,H1,vix,373,0.096,73,0.1931,0.1016,0.1197,0.3131,0.5409,True,modal
genre,speech,can,H2,cfnai,110,0.178,45,0.2136,0.1588,0.2182,0.15,0.3852,True,modal
genre,speech,can,H2,vix,110,0.178,45,0.1627,0.2857,0.2771,0.0654,0.2401,True,modal
genre,speech,could,T1,cfnai,355,0.355,124,0.1104,0.2223,-0.0114,0.9002,0.9681,True,modal
genre,speech,could,T1,vix,355,0.355,124,-0.1496,0.0971,-0.153,0.0898,0.1556,True,modal
genre,speech,could,T2,cfnai,341,0.347,118,0.0136,0.8834,-0.0473,0.6111,0.8323,True,modal
genre,speech,could,T2,vix,341,0.347,118,-0.1683,0.0685,-0.1631,0.0777,0.1442,True,modal
genre,speech,could,T3,cfnai,496,0.339,174,0.0882,0.247,-0.0434,0.5699,0.846,True,modal
genre,speech,could,T3,vix,496,0.339,174,-0.1081,0.1558,-0.0869,0.254,0.3669,True,modal
genre,speech,could,H1,cfnai,279,0.315,73,-0.0241,0.8393,-0.1033,0.3846,0.7829,True,modal
genre,speech,could,H1,vix,279,0.315,73,-0.1793,0.129,-0.1686,0.154,0.3656,True,modal
genre,speech,could,H2,cfnai,62,0.4,45,0.0721,0.638,0.0572,0.7089,0.8611,True,modal
genre,speech,could,H2,vix,62,0.4,45,-0.0947,0.5363,-0.0519,0.7347,0.975,True,modal
genre,speech,may,T1,cfnai,382,0.266,124,0.0428,0.6371,-0.06,0.508,0.9681,True,modal
genre,speech,may,T1,vix,382,0.266,124,-0.1209,0.181,-0.11,0.2238,0.3173,True,modal
genre,speech,may,T2,cfnai,375,0.254,118,-0.1688,0.0676,-0.103,0.2672,0.6405,True,modal
genre,speech,may,T2,vix,375,0.254,118,-0.0567,0.5416,-0.0718,0.4399,0.5487,True,modal
genre,speech,may,T3,cfnai,562,0.253,174,0.0368,0.6293,-0.0402,0.5987,0.846,True,modal
genre,speech,may,T3,vix,562,0.253,174,-0.0968,0.2037,-0.0621,0.4154,0.5143,True,modal
genre,speech,may,H1,cfnai,308,0.219,73,-0.0996,0.4016,-0.0498,0.6754,0.8346,True,modal
genre,speech,may,H1,vix,308,0.219,73,-0.0373,0.7542,0.0158,0.8943,0.9263,True,modal
genre,speech,may,H2,cfnai,67,0.311,45,-0.2899,0.0534,-0.216,0.1541,0.3852,True,modal
genre,speech,may,H2,vix,67,0.311,45,0.0798,0.6022,-0.0048,0.975,0.975,True,modal
genre,speech,should,T1,cfnai,210,0.452,124,0.0593,0.5127,-0.0079,0.9309,0.9681,True,modal
genre,speech,should,T1,vix,210,0.452,124,0.0166,0.8545,-0.1926,0.0321,0.0627,True,modal
genre,speech,should,T2,cfnai,205,0.449,118,-0.0761,0.4129,-0.0355,0.7024,0.8372,True,modal
genre,speech,should,T2,vix,205,0.449,118,-0.1192,0.1985,-0.1906,0.0387,0.0839,True,modal
genre,speech,should,T3,cfnai,343,0.408,174,0.0399,0.6013,-0.0676,0.3756,0.8139,True,modal
genre,speech,should,T3,vix,343,0.408,174,0.0773,0.3106,-0.0594,0.4361,0.5154,True,modal
genre,speech,should,H1,cfnai,174,0.329,73,0.2,0.0898,0.1381,0.2441,0.753,True,modal
genre,speech,should,H1,vix,174,0.329,73,-0.0755,0.5257,-0.0389,0.7436,0.8455,True,modal
genre,speech,should,H2,cfnai,31,0.644,45,-0.2388,0.1142,-0.2822,0.0604,0.2516,False,modal
genre,speech,should,H2,vix,31,0.644,45,-0.0612,0.6899,-0.1546,0.3107,0.572,False,modal
genre,speech,will,T1,cfnai,1169,0.04,124,-0.0772,0.3943,-0.099,0.274,0.9353,True,modal
genre,speech,will,T1,vix,1169,0.04,124,0.1667,0.0643,0.1022,0.2587,0.3363,True,modal
genre,speech,will,T2,cfnai,1118,0.042,118,-0.0331,0.7221,-0.0767,0.4094,0.6623,True,modal
genre,speech,will,T2,vix,1118,0.042,118,0.0921,0.321,0.0686,0.4606,0.5487,True,modal
genre,speech,will,T3,cfnai,1669,0.046,174,-0.0781,0.3056,-0.091,0.2325,0.7805,True,modal
genre,speech,will,T3,vix,1669,0.046,174,0.1206,0.1131,0.0757,0.3211,0.4175,True,modal
genre,speech,will,H1,cfnai,776,0.027,73,-0.1613,0.1727,-0.1487,0.2093,0.753,True,modal
genre,speech,will,H1,vix,776,0.027,73,0.0197,0.8687,0.0369,0.7565,0.8455,True,modal
genre,speech,will,H2,cfnai,342,0.067,45,0.0157,0.9182,-0.0029,0.9849,0.9917,True,modal
genre,speech,will,H2,vix,342,0.067,45,-0.1083,0.4787,-0.1531,0.3153,0.572,True,modal
genre,speech,would,T1,cfnai,573,0.202,124,0.1196,0.186,-0.0527,0.5609,0.9681,True,modal
genre,speech,would,T1,vix,573,0.202,124,-0.1138,0.2082,-0.2088,0.0199,0.0471,True,modal
genre,speech,would,T2,cfnai,553,0.203,118,-0.1242,0.1803,-0.1034,0.2652,0.6405,True,modal
genre,speech,would,T2,vix,553,0.203,118,-0.1623,0.0792,-0.2268,0.0135,0.0352,True,modal
genre,speech,would,T3,cfnai,840,0.161,174,0.0942,0.2164,-0.068,0.3725,0.8139,True,modal
genre,speech,would,T3,vix,840,0.161,174,-0.1375,0.0705,-0.2162,0.0042,0.0135,True,modal
genre,speech,would,H1,cfnai,438,0.151,73,-0.1391,0.2405,-0.1803,0.127,0.753,True,modal
genre,speech,would,H1,vix,438,0.151,73,-0.2694,0.0212,-0.248,0.0344,0.1633,True,modal
genre,speech,would,H2,cfnai,115,0.289,45,-0.099,0.5177,-0.0442,0.773,0.8611,True,modal
genre,speech,would,H2,vix,115,0.289,45,0.0707,0.6444,0.0212,0.89,0.975,True,modal
genre,statement,ALL,T1,cfnai,780,0.0,101,-0.0689,0.4935,-0.0472,0.6392,0.9681,True,modal
genre,statement,ALL,T1,vix,780,0.0,101,-0.0247,0.8062,-0.0303,0.7635,0.8631,True,modal
genre,statement,ALL,T2,cfnai,706,0.0,91,-0.0545,0.6077,-0.0859,0.4183,0.6623,True,modal
genre,statement,ALL,T2,vix,706,0.0,91,-0.0273,0.7976,-0.0777,0.4643,0.5487,True,modal
genre,statement,ALL,T3,cfnai,1037,0.0,133,-0.0672,0.442,-0.067,0.4435,0.846,True,modal
genre,statement,ALL,T3,vix,1037,0.0,133,-0.151,0.0828,-0.1884,0.0299,0.0647,True,modal
genre,statement,ALL,H1,cfnai,406,0.0,48,0.1945,0.1854,0.1968,0.18,0.753,True,modal
genre,statement,ALL,H1,vix,406,0.0,48,-0.2769,0.0567,-0.3738,0.0089,0.0842,True,modal
genre,statement,ALL,H2,cfnai,300,0.0,43,-0.3211,0.0358,-0.3581,0.0184,0.1149,True,modal
genre,statement,ALL,H2,vix,300,0.0,43,-0.4137,0.0058,-0.4325,0.0038,0.0419,True,modal
genre,statement,could,T1,cfnai,50,0.505,101,0.1441,0.1507,-0.0778,0.4393,0.9541,True,modal
genre,statement,could,T1,vix,50,0.505,101,0.1768,0.077,0.312,0.0015,0.0065,True,modal
genre,statement,could,T2,cfnai,47,0.484,91,-0.057,0.5914,-0.1859,0.0778,0.6405,True,modal
genre,statement,could,T2,vix,47,0.484,91,0.4562,0.0,0.4278,0.0,0.0002,True,modal
genre,statement,could,T3,cfnai,67,0.526,133,0.1289,0.1392,-0.0365,0.6769,0.846,True,modal
genre,statement,could,T3,vix,67,0.526,133,0.0812,0.3528,0.1707,0.0495,0.0919,True,modal
genre,statement,could,H1,cfnai,4,0.917,48,0.1177,0.4255,0.0935,0.5272,0.8154,False,modal
genre,statement,could,H1,vix,4,0.917,48,-0.1172,0.4277,-0.0829,0.5755,0.773,False,modal
genre,statement,could,H2,cfnai,43,0.0,43,-0.6231,0.0,-0.5067,0.0005,0.0066,True,modal
genre,statement,could,H2,vix,43,0.0,43,-0.0262,0.8675,-0.1202,0.4427,0.6586,True,modal
genre,statement,should,T1,cfnai,38,0.733,101,0.0254,0.8009,-0.0028,0.9779,0.9779,False,modal
genre,statement,should,T1,vix,38,0.733,101,-0.2563,0.0097,-0.3224,0.001,0.006,False,modal
genre,statement,should,T2,cfnai,38,0.703,91,-0.0548,0.6059,-0.017,0.8732,0.963,False,modal
genre,statement,should,T2,vix,38,0.703,91,-0.2331,0.0262,-0.2861,0.006,0.0222,False,modal
genre,statement,should,T3,cfnai,55,0.699,133,0.0147,0.8665,-0.048,0.5834,0.846,False,modal
genre,statement,should,T3,vix,55,0.699,133,-0.2714,0.0016,-0.355,0.0,0.0004,False,modal
genre,statement,should,H1,cfnai,38,0.438,48,-0.0725,0.6243,-0.0564,0.7034,0.8346,False,modal
genre,statement,should,H1,vix,38,0.438,48,0.0917,0.5351,0.0137,0.9263,0.9263,False,modal
genre,statement,should,H2,cfnai,0,1.0,43,,,,,,False,modal
genre,statement,should,H2,vix,0,1.0,43,,,,,,False,modal
genre,statement,will,T1,cfnai,612,0.0,101,-0.2218,0.0258,0.016,0.8735,0.9681,True,modal
genre,statement,will,T1,vix,612,0.0,101,-0.1151,0.2518,-0.2212,0.0262,0.0569,True,modal
genre,statement,will,T2,cfnai,547,0.0,91,0.0128,0.9039,0.0072,0.9459,0.9837,True,modal
genre,statement,will,T2,vix,547,0.0,91,-0.3565,0.0005,-0.3779,0.0002,0.0012,True,modal
genre,statement,will,T3,cfnai,828,0.0,133,-0.1996,0.0213,-0.0207,0.8135,0.846,True,modal
genre,statement,will,T3,vix,828,0.0,133,-0.1881,0.0302,-0.3044,0.0004,0.0019,True,modal
genre,statement,will,H1,cfnai,343,0.0,48,0.229,0.1174,0.1958,0.1822,0.753,True,modal
genre,statement,will,H1,vix,343,0.0,48,-0.379,0.0079,-0.4478,0.0014,0.0269,True,modal
genre,statement,will,H2,cfnai,204,0.0,43,-0.1932,0.2146,-0.1716,0.2713,0.5237,True,modal
genre,statement,will,H2,vix,204,0.0,43,-0.3478,0.0223,-0.3536,0.02,0.125,True,modal
genre,statement,would,T1,cfnai,49,0.535,101,0.1552,0.1211,-0.0337,0.7378,0.9681,True,modal
genre,statement,would,T1,vix,49,0.535,101,0.1762,0.0781,0.3188,0.0012,0.006,True,modal
genre,statement,would,T2,cfnai,46,0.516,91,0.0371,0.7271,-0.1251,0.2372,0.6405,True,modal
genre,statement,would,T2,vix,46,0.516,91,0.447,0.0,0.4318,0.0,0.0002,True,modal
genre,statement,would,T3,cfnai,55,0.609,133,0.1288,0.1396,-0.0444,0.6119,0.846,False,modal
genre,statement,would,T3,vix,55,0.609,133,0.1157,0.1847,0.2385,0.0057,0.0145,False,modal
genre,statement,would,H1,cfnai,1,0.979,48,0.0999,0.4994,0.1212,0.412,0.7829,False,modal
genre,statement,would,H1,vix,1,0.979,48,-0.1672,0.256,-0.2158,0.1406,0.3656,False,modal
genre,statement,would,H2,cfnai,45,0.0,43,-0.0505,0.7477,-0.2639,0.0873,0.3117,True,modal
genre,statement,would,H2,vix,45,0.0,43,-0.0852,0.5871,-0.1558,0.3183,0.572,True,modal
layer,min_boilerplate,ALL,T1,cfnai,376,0.818,99,0.0052,0.9591,-0.0487,0.632,0.9714,False,modal
layer,min_boilerplate,ALL,T1,vix,376,0.818,99,0.096,0.3445,-0.0201,0.8432,0.9008,False,modal
layer,min_boilerplate,ALL,T2,cfnai,335,0.835,91,-0.0412,0.698,0.0227,0.8308,0.8928,False,modal
layer,min_boilerplate,ALL,T2,vix,335,0.835,91,-0.1207,0.2546,-0.0612,0.5643,0.7138,False,modal
layer,min_boilerplate,ALL,T3,cfnai,478,0.815,130,0.0011,0.9905,-0.0657,0.4574,0.9226,False,modal
layer,min_boilerplate,ALL,T3,vix,478,0.815,130,0.0459,0.6044,-0.0295,0.7386,0.8905,False,modal
layer,min_boilerplate,ALL,H1,cfnai,277,0.771,48,-0.1898,0.1963,-0.0995,0.501,0.6895,False,modal
layer,min_boilerplate,ALL,H1,vix,277,0.771,48,-0.0057,0.9692,0.052,0.7254,0.8913,False,modal
layer,min_boilerplate,ALL,H2,cfnai,58,0.907,43,0.3368,0.0272,0.1135,0.4687,0.6578,False,modal
layer,min_boilerplate,ALL,H2,vix,58,0.907,43,0.0469,0.7651,0.0503,0.7485,0.8875,False,modal
layer,min_boilerplate,could,T1,cfnai,60,0.859,99,-0.0046,0.9637,0.0412,0.6852,0.9714,False,modal
layer,min_boilerplate,could,T1,vix,60,0.859,99,-0.0361,0.7227,-0.0283,0.7809,0.8785,False,modal
layer,min_boilerplate,could,T2,cfnai,54,0.868,91,-0.0849,0.4234,0.1038,0.3274,0.637,False,modal
layer,min_boilerplate,could,T2,vix,54,0.868,91,-0.1034,0.3293,-0.0234,0.8259,0.8799,False,modal
layer,min_boilerplate,could,T3,cfnai,74,0.846,130,-0.0052,0.9532,0.001,0.9914,0.9914,False,modal
layer,min_boilerplate,could,T3,vix,74,0.846,130,-0.0471,0.595,-0.0304,0.7316,0.8905,False,modal
layer,min_boilerplate,could,H1,cfnai,48,0.792,48,-0.2044,0.1634,-0.0394,0.7905,0.8578,False,modal
layer,min_boilerplate,could,H1,vix,48,0.792,48,-0.0244,0.8691,0.0979,0.5081,0.8913,False,modal
layer,min_boilerplate,could,H2,cfnai,6,0.953,43,0.419,0.0052,0.3296,0.0309,0.1609,False,modal
layer,min_boilerplate,could,H2,vix,6,0.953,43,0.1294,0.4083,0.1792,0.2503,0.5312,False,modal
layer,min_boilerplate,may,T1,cfnai,159,0.879,99,0.053,0.6023,0.1067,0.293,0.7815,False,modal
layer,min_boilerplate,may,T1,vix,159,0.879,99,-0.0729,0.473,-0.0488,0.6314,0.7674,False,modal
layer,min_boilerplate,may,T2,cfnai,145,0.879,91,0.2081,0.0478,0.1802,0.0873,0.4142,False,modal
layer,min_boilerplate,may,T2,vix,145,0.879,91,0.0062,0.9533,0.0212,0.8418,0.8799,False,modal
layer,min_boilerplate,may,T3,cfnai,216,0.877,130,0.0396,0.6546,0.0481,0.5866,0.9914,False,modal
layer,min_boilerplate,may,T3,vix,216,0.877,130,-0.0754,0.3939,-0.0501,0.5716,0.7765,False,modal
layer,min_boilerplate,may,H1,cfnai,114,0.812,48,0.1303,0.3772,0.102,0.4903,0.6895,False,modal
layer,min_boilerplate,may,H1,vix,114,0.812,48,0.1453,0.3243,0.1462,0.3215,0.8198,False,modal
layer,min_boilerplate,may,H2,cfnai,31,0.953,43,0.4154,0.0056,0.3291,0.0311,0.1609,False,modal
layer,min_boilerplate,may,H2,vix,31,0.953,43,0.1246,0.4259,0.1767,0.257,0.5312,False,modal
layer,min_boilerplate,will,T1,cfnai,36,0.859,99,-0.0001,0.9996,0.0412,0.6859,0.9714,False,modal
layer,min_boilerplate,will,T1,vix,36,0.859,99,0.4418,0.0,0.1074,0.2898,0.4536,False,modal
layer,min_boilerplate,will,T2,cfnai,26,0.879,91,0.0589,0.5795,0.154,0.1451,0.4748,False,modal
layer,min_boilerplate,will,T2,vix,26,0.879,91,0.0243,0.8192,0.0734,0.4891,0.6645,False,modal
layer,min_boilerplate,will,T3,cfnai,40,0.862,130,-0.0011,0.9903,0.0089,0.92,0.9914,False,modal
layer,min_boilerplate,will,T3,vix,40,0.862,130,0.3901,0.0,0.0722,0.4142,0.6363,False,modal
layer,min_boilerplate,will,H1,cfnai,18,0.833,48,0.0378,0.7988,0.1427,0.3333,0.6632,False,modal
layer,min_boilerplate,will,H1,vix,18,0.833,48,0.0697,0.638,0.1247,0.3985,0.8837,False,modal
layer,min_boilerplate,will,H2,cfnai,8,0.93,43,0.1081,0.4901,0.1194,0.4458,0.6578,False,modal
layer,min_boilerplate,will,H2,vix,8,0.93,43,0.0887,0.5715,0.1887,0.2255,0.5179,False,modal
layer,min_boilerplate,would,T1,cfnai,107,0.828,99,-0.0092,0.9279,-0.0162,0.8738,0.9714,False,modal
layer,min_boilerplate,would,T1,vix,107,0.828,99,-0.0968,0.3408,-0.0573,0.5733,0.7237,False,modal
layer,min_boilerplate,would,T2,cfnai,100,0.846,91,-0.1192,0.2603,0.0569,0.5918,0.8302,False,modal
layer,min_boilerplate,would,T2,vix,100,0.846,91,-0.1576,0.1358,-0.1005,0.3431,0.6297,False,modal
layer,min_boilerplate,would,T3,cfnai,132,0.823,130,-0.0109,0.9017,-0.0433,0.6245,0.9914,False,modal
layer,min_boilerplate,would,T3,vix,132,0.823,130,-0.1039,0.2396,-0.0531,0.5482,0.7649,False,modal
layer,min_boilerplate,would,H1,cfnai,88,0.771,48,-0.2455,0.0926,-0.0947,0.522,0.6895,False,modal
layer,min_boilerplate,would,H1,vix,88,0.771,48,-0.078,0.5983,0.0345,0.8159,0.9247,False,modal
layer,min_boilerplate,would,H2,cfnai,12,0.93,43,0.1181,0.4507,0.2387,0.1232,0.3185,False,modal
layer,min_boilerplate,would,H2,vix,12,0.93,43,-0.1336,0.3929,-0.0036,0.9818,0.9818,False,modal
layer,min_committee,ALL,T1,cfnai,958,0.0,99,-0.0474,0.6416,0.0094,0.9261,0.9714,True,modal
layer,min_committee,ALL,T1,vix,958,0.0,99,0.1015,0.3176,0.1217,0.2303,0.4135,True,modal
layer,min_committee,ALL,T2,cfnai,886,0.0,91,-0.0122,0.9087,-0.0193,0.8556,0.8928,True,modal
layer,min_committee,ALL,T2,vix,886,0.0,91,0.07,0.5098,0.0982,0.3542,0.6297,True,modal
layer,min_committee,ALL,T3,cfnai,1254,0.0,131,-0.018,0.8386,0.1014,0.2492,0.8091,True,modal
layer,min_committee,ALL,T3,vix,1254,0.0,131,0.0817,0.3536,0.0972,0.2695,0.4975,True,modal
layer,min_committee,ALL,H1,cfnai,534,0.0,48,0.1202,0.4158,0.1794,0.2223,0.5658,True,modal
layer,min_committee,ALL,H1,vix,534,0.0,48,-0.124,0.401,-0.1138,0.4414,0.887,True,modal
layer,min_committee,ALL,H2,cfnai,352,0.0,43,-0.2005,0.1973,-0.2228,0.1509,0.3185,True,modal
layer,min_committee,ALL,H2,vix,352,0.0,43,-0.2227,0.1512,-0.18,0.2482,0.5312,True,modal
layer,min_committee,could,T1,cfnai,83,0.293,99,0.1048,0.3018,-0.2509,0.0122,0.1763,True,modal
layer,min_committee,could,T1,vix,83,0.293,99,0.1305,0.198,0.2454,0.0144,0.0646,True,modal
layer,min_committee,could,T2,cfnai,79,0.275,91,-0.2739,0.0086,-0.3701,0.0003,0.0073,True,modal
layer,min_committee,could,T2,vix,79,0.275,91,0.3032,0.0035,0.3368,0.0011,0.0113,True,modal
layer,min_committee,could,T3,cfnai,130,0.282,131,0.0942,0.2848,-0.1302,0.1383,0.6639,True,modal
layer,min_committee,could,T3,vix,130,0.282,131,0.2199,0.0116,0.255,0.0033,0.0215,True,modal
layer,min_committee,could,H1,cfnai,35,0.521,48,-0.3045,0.0353,-0.415,0.0034,0.1712,False,modal
layer,min_committee,could,H1,vix,35,0.521,48,0.0651,0.6604,0.19,0.1959,0.5912,False,modal
layer,min_committee,could,H2,cfnai,44,0.0,43,-0.6888,0.0,-0.5479,0.0001,0.0018,True,modal
layer,min_committee,could,H2,vix,44,0.0,43,-0.0958,0.5411,-0.1201,0.4431,0.654,True,modal
layer,min_committee,should,T1,cfnai,85,0.455,99,0.0622,0.5407,-0.136,0.1794,0.6798,True,modal
layer,min_committee,should,T1,vix,85,0.455,99,-0.1307,0.1972,-0.0218,0.8306,0.9008,True,modal
layer,min_committee,should,T2,cfnai,84,0.418,91,-0.11,0.2993,-0.1872,0.0755,0.4142,True,modal
layer,min_committee,should,T2,vix,84,0.418,91,-0.0095,0.9284,0.0868,0.4135,0.6645,True,modal
layer,min_committee,should,T3,cfnai,107,0.496,131,0.0588,0.5045,-0.075,0.3944,0.8874,True,modal
layer,min_committee,should,T3,vix,107,0.496,131,-0.1503,0.0865,-0.0791,0.369,0.5905,True,modal
layer,min_committee,should,H1,cfnai,49,0.417,48,-0.1531,0.2988,-0.2765,0.0571,0.5321,True,modal
layer,min_committee,should,H1,vix,49,0.417,48,0.1175,0.4264,0.1848,0.2087,0.5912,True,modal
layer,min_committee,should,H2,cfnai,35,0.419,43,-0.0976,0.5336,-0.1158,0.4595,0.6578,False,modal
layer,min_committee,should,H2,vix,35,0.419,43,-0.2356,0.1282,-0.1432,0.3595,0.6025,False,modal
layer,min_committee,will,T1,cfnai,37,0.778,99,0.043,0.6727,-0.1594,0.115,0.5521,False,modal
layer,min_committee,will,T1,vix,37,0.778,99,-0.0598,0.5563,-0.0034,0.9734,0.98,False,modal
layer,min_committee,will,T2,cfnai,35,0.769,91,-0.2151,0.0406,-0.2325,0.0266,0.1974,False,modal
layer,min_committee,will,T2,vix,35,0.769,91,-0.0206,0.8467,0.0203,0.8488,0.8799,False,modal
layer,min_committee,will,T3,cfnai,62,0.718,131,0.0317,0.7193,-0.1538,0.0795,0.6049,False,modal
layer,min_committee,will,T3,vix,62,0.718,131,-0.0405,0.646,-0.0109,0.9018,0.9327,False,modal
layer,min_committee,will,H1,cfnai,20,0.75,48,-0.218,0.1366,-0.2468,0.0908,0.5321,False,modal
layer,min_committee,will,H1,vix,20,0.75,48,0.1163,0.4312,0.2103,0.1513,0.5912,False,modal
layer,min_committee,will,H2,cfnai,15,0.791,43,-0.2246,0.1475,-0.2269,0.1434,0.3185,False,modal
layer,min_committee,will,H2,vix,15,0.791,43,-0.1804,0.2471,-0.1506,0.3349,0.5768,False,modal
layer,min_committee,would,T1,cfnai,719,0.0,99,-0.1311,0.1959,0.2568,0.0103,0.1763,True,modal
layer,min_committee,would,T1,vix,719,0.0,99,0.1841,0.0682,0.1155,0.2549,0.4234,True,modal
layer,min_committee,would,T2,cfnai,654,0.0,91,0.2716,0.0092,0.3039,0.0034,0.0504,True,modal
layer,min_committee,would,T2,vix,654,0.0,91,0.0071,0.9466,-0.0194,0.8554,0.8799,True,modal
layer,min_committee,would,T3,cfnai,918,0.008,131,-0.0939,0.2861,0.2704,0.0018,0.0428,True,modal
layer,min_committee,would,T3,vix,918,0.008,131,0.1199,0.1725,0.0951,0.2797,0.5035,True,modal
layer,min_committee,would,H1,cfnai,407,0.0,48,0.3306,0.0217,0.3273,0.0232,0.5321,True,modal
layer,min_committee,would,H1,vix,407,0.0,48,-0.2642,0.0696,-0.3114,0.0312,0.2922,True,modal
layer,min_committee,would,H2,cfnai,247,0.0,43,0.2661,0.0846,0.2778,0.0713,0.2263,True,modal
layer,min_committee,would,H2,vix,247,0.0,43,0.2613,0.0905,0.2775,0.0716,0.2612,True,modal
layer,min_directive_quote,ALL,T1,cfnai,102,0.566,99,0.0502,0.6217,0.2667,0.0076,0.1763,True,modal
layer,min_directive_quote,ALL,T1,vix,102,0.566,99,0.0882,0.3852,0.1869,0.064,0.165,True,modal
layer,min_directive_quote,ALL,T2,cfnai,93,0.604,91,0.2417,0.021,0.3031,0.0035,0.0504,False,modal
layer,min_directive_quote,ALL,T2,vix,93,0.604,91,0.1491,0.1584,0.182,0.0842,0.2165,False,modal
layer,min_directive_quote,ALL,T3,cfnai,202,0.427,131,0.0418,0.6357,0.1331,0.1297,0.6639,True,modal
layer,min_directive_quote,ALL,T3,vix,202,0.427,131,0.153,0.081,0.2121,0.015,0.0564,True,modal
layer,min_directive_quote,ALL,H1,cfnai,55,0.604,48,0.0333,0.8221,-0.0008,0.9957,0.9983,False,modal
layer,min_directive_quote,ALL,H1,vix,55,0.604,48,0.1402,0.3418,0.1952,0.1837,0.5912,False,modal
layer,min_directive_quote,ALL,H2,cfnai,38,0.605,43,0.6017,0.0,0.637,0.0,0.0003,False,modal
layer,min_directive_quote,ALL,H2,vix,38,0.605,43,0.5974,0.0,0.5779,0.0,0.0031,False,modal
layer,min_directive_quote,could,T1,cfnai,18,0.818,99,0.0279,0.784,0.0228,0.823,0.9714,False,modal
layer,min_directive_quote,could,T1,vix,18,0.818,99,-0.1912,0.058,-0.2046,0.0422,0.1265,False,modal
layer,min_directive_quote,could,T2,cfnai,17,0.813,91,0.0127,0.9048,0.0554,0.6021,0.8302,False,modal
layer,min_directive_quote,could,T2,vix,17,0.813,91,-0.1493,0.1577,-0.1554,0.1414,0.3181,False,modal
layer,min_directive_quote,could,T3,cfnai,50,0.618,131,0.0264,0.7643,-0.0031,0.9722,0.9914,False,modal
layer,min_directive_quote,could,T3,vix,50,0.618,131,-0.0044,0.9606,0.0074,0.9327,0.9327,False,modal
layer,min_directive_quote,could,H1,cfnai,17,0.646,48,0.0653,0.659,0.0404,0.7852,0.8578,False,modal
layer,min_directive_quote,could,H1,vix,17,0.646,48,0.1387,0.3471,0.1881,0.2005,0.5912,False,modal
layer,min_directive_quote,could,H2,cfnai,0,1.0,43,,,,,,False,modal
layer,min_directive_quote,could,H2,vix,0,1.0,43,,,,,,False,modal
layer,min_directive_quote,will,T1,cfnai,48,0.788,99,0.0345,0.7346,0.0372,0.715,0.9714,False,modal
layer,min_directive_quote,will,T1,vix,48,0.788,99,-0.1564,0.1221,-0.1765,0.0806,0.1934,False,modal
layer,min_directive_quote,will,T2,cfnai,46,0.78,91,0.03,0.7779,0.0689,0.5164,0.7746,False,modal
layer,min_directive_quote,will,T2,vix,46,0.78,91,-0.0945,0.3729,-0.1183,0.2641,0.5004,False,modal
layer,min_directive_quote,will,T3,cfnai,113,0.595,131,0.031,0.7249,0.0092,0.9165,0.9914,True,modal
layer,min_directive_quote,will,T3,vix,113,0.595,131,0.0083,0.9254,0.0276,0.7544,0.8905,True,modal
layer,min_directive_quote,will,H1,cfnai,38,0.604,48,0.0168,0.9098,-0.0003,0.9983,0.9983,False,modal
layer,min_directive_quote,will,H1,vix,38,0.604,48,0.1385,0.3478,0.1952,0.1837,0.5912,False,modal
layer,min_directive_quote,will,H2,cfnai,8,0.977,43,0.1424,0.3622,0.1804,0.247,0.4376,False,modal
layer,min_directive_quote,will,H2,vix,8,0.977,43,0.2091,0.1785,0.2114,0.1736,0.4305,False,modal
layer,min_front_matter,ALL,T1,cfnai,78,0.889,99,0.0389,0.7019,0.0417,0.6817,0.9714,False,modal
layer,min_front_matter,ALL,T1,vix,78,0.889,99,-0.0208,0.8383,0.0558,0.583,0.7237,False,modal
layer,min_front_matter,ALL,T2,cfnai,61,0.901,91,-0.0634,0.5508,0.0449,0.6729,0.8519,False,modal
layer,min_front_matter,ALL,T2,vix,61,0.901,91,-0.0865,0.4148,-0.0084,0.9369,0.9501,False,modal
layer,min_front_matter,ALL,T3,cfnai,150,0.879,132,0.0074,0.9331,-0.09,0.3049,0.8444,False,modal
layer,min_front_matter,ALL,T3,vix,150,0.879,132,-0.0624,0.477,0.0179,0.8383,0.9145,False,modal
layer,min_front_matter,ALL,H1,cfnai,57,0.875,48,-0.1313,0.3736,-0.0516,0.7276,0.8246,False,modal
layer,min_front_matter,ALL,H1,vix,57,0.875,48,-0.0375,0.8001,-0.0649,0.6612,0.8913,False,modal
layer,min_front_matter,ALL,H2,cfnai,4,0.93,43,0.1018,0.5158,0.1441,0.3566,0.5975,False,modal
layer,min_front_matter,ALL,H2,vix,4,0.93,43,0.277,0.0721,0.32,0.0364,0.1738,False,modal
layer,min_front_matter,would,T1,cfnai,40,0.939,99,0.0678,0.5048,0.0553,0.5869,0.9714,False,modal
layer,min_front_matter,would,T1,vix,40,0.939,99,-0.0697,0.4931,-0.0704,0.4885,0.6896,False,modal
layer,min_front_matter,would,T2,cfnai,36,0.945,91,-0.0626,0.5556,-0.0236,0.8244,0.8928,False,modal
layer,min_front_matter,would,T2,vix,36,0.945,91,-0.0849,0.4234,-0.1292,0.2222,0.4706,False,modal
layer,min_front_matter,would,T3,cfnai,80,0.924,132,0.0344,0.6957,-0.0977,0.2648,0.8091,False,modal
layer,min_front_matter,would,T3,vix,80,0.924,132,-0.0949,0.279,-0.0918,0.2949,0.5179,False,modal
layer,min_front_matter,would,H1,cfnai,36,0.896,48,-0.106,0.4735,-0.0646,0.6625,0.7829,False,modal
layer,min_front_matter,would,H1,vix,36,0.896,48,0.0083,0.9554,0.0119,0.9362,0.9539,False,modal
layer,min_front_matter,would,H2,cfnai,0,1.0,43,,,,,,False,modal
layer,min_front_matter,would,H2,vix,0,1.0,43,,,,,,False,modal
layer,min_participants,ALL,T1,cfnai,2756,0.0,99,-0.1318,0.1934,-0.0905,0.373,0.9194,True,modal
layer,min_participants,ALL,T1,vix,2756,0.0,99,0.2628,0.0086,0.1436,0.1562,0.3408,True,modal
layer,min_participants,ALL,T2,cfnai,2444,0.0,91,0.0339,0.7497,-0.0054,0.9595,0.9731,True,modal
layer,min_participants,ALL,T2,vix,2444,0.0,91,0.0495,0.6412,0.0637,0.5486,0.7138,True,modal
layer,min_participants,ALL,T3,cfnai,3359,0.0,131,-0.1152,0.1902,-0.0691,0.4331,0.9226,True,modal
layer,min_participants,ALL,T3,vix,3359,0.0,131,0.0834,0.3436,0.0249,0.7773,0.9027,True,modal
layer,min_participants,ALL,H1,cfnai,1264,0.0,48,0.0642,0.6649,0.098,0.5074,0.6895,True,modal
layer,min_participants,ALL,H1,vix,1264,0.0,48,-0.0271,0.855,-0.0086,0.9539,0.9539,True,modal
layer,min_participants,ALL,H2,cfnai,1180,0.0,43,0.0008,0.9958,-0.0736,0.6391,0.762,True,modal
layer,min_participants,ALL,H2,vix,1180,0.0,43,-0.0588,0.7082,-0.0453,0.773,0.8875,True,modal
layer,min_participants,could,T1,cfnai,875,0.0,99,0.0547,0.5905,-0.1749,0.0834,0.4617,True,modal
layer,min_participants,could,T1,vix,875,0.0,99,0.1699,0.0926,0.1243,0.2204,0.4132,True,modal
layer,min_participants,could,T2,cfnai,776,0.0,91,-0.1261,0.2336,-0.2275,0.0301,0.1974,True,modal
layer,min_participants,could,T2,vix,776,0.0,91,0.0915,0.3882,0.0753,0.4782,0.6645,True,modal
layer,min_participants,could,T3,cfnai,1060,0.0,131,0.0395,0.6539,-0.1741,0.0468,0.481,True,modal
layer,min_participants,could,T3,vix,1060,0.0,131,0.1084,0.2178,0.0585,0.5069,0.7299,True,modal
layer,min_participants,could,H1,cfnai,382,0.0,48,-0.2507,0.0856,-0.1824,0.2146,0.5658,True,modal
layer,min_participants,could,H1,vix,382,0.0,48,0.0251,0.8654,0.0583,0.6939,0.8913,True,modal
layer,min_participants,could,H2,cfnai,394,0.0,43,-0.0836,0.5943,-0.1876,0.2284,0.4164,True,modal
layer,min_participants,could,H2,vix,394,0.0,43,-0.065,0.6787,-0.1164,0.4572,0.6592,True,modal
layer,min_participants,may,T1,cfnai,157,0.323,99,0.0069,0.9459,-0.0308,0.7621,0.9714,True,modal
layer,min_participants,may,T1,vix,157,0.323,99,-0.037,0.7159,-0.1203,0.2355,0.4135,True,modal
layer,min_participants,may,T2,cfnai,147,0.297,91,-0.0394,0.7105,-0.0028,0.9787,0.9787,True,modal
layer,min_participants,may,T2,vix,147,0.297,91,-0.1258,0.2347,-0.0828,0.4351,0.6645,True,modal
layer,min_participants,may,T3,cfnai,182,0.389,131,0.015,0.8653,0.0273,0.7573,0.9914,True,modal
layer,min_participants,may,T3,vix,182,0.389,131,-0.1238,0.1589,-0.2071,0.0176,0.0564,True,modal
layer,min_participants,may,H1,cfnai,69,0.333,48,0.2373,0.1043,0.1905,0.1946,0.5658,True,modal
layer,min_participants,may,H1,vix,69,0.333,48,0.15,0.3087,0.1128,0.4454,0.887,True,modal
layer,min_participants,may,H2,cfnai,78,0.256,43,-0.1986,0.2016,-0.1408,0.3679,0.6002,True,modal
layer,min_participants,may,H2,vix,78,0.256,43,-0.4725,0.0014,-0.5373,0.0002,0.0063,True,modal
layer,min_participants,should,T1,cfnai,149,0.283,99,-0.0769,0.4494,0.0293,0.7734,0.9714,True,modal
layer,min_participants,should,T1,vix,149,0.283,99,-0.2067,0.0401,-0.2386,0.0174,0.0696,True,modal
layer,min_participants,should,T2,cfnai,138,0.275,91,0.1185,0.2633,0.1466,0.1655,0.5181,True,modal
layer,min_participants,should,T2,vix,138,0.275,91,-0.2659,0.0108,-0.2437,0.0199,0.0717,True,modal
layer,min_participants,should,T3,cfnai,170,0.382,131,-0.0713,0.4185,0.0234,0.7911,0.9914,True,modal
layer,min_participants,should,T3,vix,170,0.382,131,-0.2427,0.0052,-0.2917,0.0007,0.0087,True,modal
layer,min_participants,should,H1,cfnai,88,0.167,48,0.121,0.4125,0.13,0.3784,0.6632,True,modal
layer,min_participants,should,H1,vix,88,0.167,48,-0.1777,0.2268,-0.0855,0.5636,0.8913,True,modal
layer,min_participants,should,H2,cfnai,50,0.395,43,0.1462,0.3497,0.1348,0.3889,0.6182,True,modal
layer,min_participants,should,H2,vix,50,0.395,43,-0.1995,0.1995,-0.1551,0.3206,0.568,True,modal
layer,min_participants,would,T1,cfnai,1537,0.0,99,-0.1939,0.0545,0.0175,0.8637,0.9714,True,modal
layer,min_participants,would,T1,vix,1537,0.0,99,0.3016,0.0024,0.2402,0.0166,0.0696,True,modal
layer,min_participants,would,T2,cfnai,1346,0.0,91,0.1213,0.2521,0.1307,0.2167,0.5692,True,modal
layer,min_participants,would,T2,vix,1346,0.0,91,0.1287,0.2239,0.1746,0.0978,0.2343,True,modal
layer,min_participants,would,T3,cfnai,1903,0.0,131,-0.1727,0.0485,0.0121,0.8908,0.9914,True,modal
layer,min_participants,would,T3,vix,1903,0.0,131,0.1622,0.0642,0.1452,0.0979,0.2517,True,modal
layer,min_participants,would,H1,cfnai,700,0.0,48,0.123,0.4051,0.1375,0.3513,0.6632,True,modal
layer,min_participants,would,H1,vix,700,0.0,48,-0.0661,0.6554,-0.0442,0.7656,0.8913,True,modal
layer,min_participants,would,H2,cfnai,646,0.0,43,0.1215,0.4378,0.036,0.8185,0.832,True,modal
layer,min_participants,would,H2,vix,646,0.0,43,0.2432,0.1161,0.2821,0.0668,0.259,True,modal
layer,min_special,ALL,T1,cfnai,783,0.0,40,0.0972,0.5508,0.1964,0.2246,0.735,True,modal
layer,min_special,ALL,T1,vix,783,0.0,40,-0.0946,0.5614,-0.1612,0.3205,0.4807,True,modal
layer,min_special,ALL,T2,cfnai,675,0.0,36,0.1272,0.4599,0.2103,0.2182,0.5692,True,modal
layer,min_special,ALL,T2,vix,675,0.0,36,-0.0877,0.6111,-0.139,0.4188,0.6645,True,modal
layer,min_special,ALL,T3,cfnai,863,0.02,49,0.0862,0.556,0.2731,0.0576,0.5187,True,modal
layer,min_special,ALL,T3,vix,863,0.02,49,0.0543,0.711,-0.0327,0.8237,0.9125,True,modal
layer,min_special,could,T1,cfnai,283,0.2,40,-0.1277,0.4323,0.0533,0.7439,0.9714,True,modal
layer,min_special,could,T1,vix,283,0.2,40,0.223,0.1666,0.2931,0.0664,0.165,True,modal
layer,min_special,could,T2,cfnai,231,0.222,36,0.1102,0.5224,0.2041,0.2325,0.5692,True,modal
layer,min_special,could,T2,vix,231,0.222,36,0.226,0.185,0.2778,0.1009,0.2343,True,modal
layer,min_special,could,T3,cfnai,312,0.204,49,-0.1182,0.4186,0.1381,0.3441,0.8724,True,modal
layer,min_special,could,T3,vix,312,0.204,49,0.2834,0.0485,0.315,0.0275,0.0792,True,modal
layer,min_special,should,T1,cfnai,58,0.325,40,0.1709,0.2917,0.2804,0.0797,0.4617,True,modal
layer,min_special,should,T1,vix,58,0.325,40,0.1332,0.4124,0.3247,0.0409,0.1265,True,modal
layer,min_special,should,T2,cfnai,49,0.333,36,0.1406,0.4135,0.2594,0.1266,0.4342,True,modal
layer,min_special,should,T2,vix,49,0.333,36,0.2434,0.1525,0.4434,0.0068,0.0348,True,modal
layer,min_special,should,T3,cfnai,65,0.347,49,0.1614,0.2678,0.3178,0.0261,0.4536,True,modal
layer,min_special,should,T3,vix,65,0.347,49,0.1083,0.4587,0.3367,0.018,0.0564,True,modal
layer,min_special,will,T1,cfnai,49,0.625,40,0.083,0.6104,0.1137,0.4847,0.9714,False,modal
layer,min_special,will,T1,vix,49,0.625,40,-0.2752,0.0856,-0.0606,0.7102,0.8247,False,modal
layer,min_special,will,T2,cfnai,46,0.667,36,0.0789,0.6473,0.1082,0.5301,0.776,False,modal
layer,min_special,will,T2,vix,46,0.667,36,-0.2845,0.0927,-0.0966,0.575,0.7138,False,modal
layer,min_special,will,T3,cfnai,49,0.694,49,0.0693,0.636,0.1038,0.478,0.9226,False,modal
layer,min_special,will,T3,vix,49,0.694,49,-0.2361,0.1024,-0.0339,0.8172,0.9125,False,modal
layer,min_special,would,T1,cfnai,344,0.0,40,0.1301,0.4237,0.0485,0.7663,0.9714,True,modal
layer,min_special,would,T1,vix,344,0.0,40,-0.1362,0.4022,-0.1043,0.5218,0.6997,True,modal
layer,min_special,would,T2,cfnai,310,0.0,36,-0.0455,0.7922,-0.0806,0.6404,0.8433,True,modal
layer,min_special,would,T2,vix,310,0.0,36,-0.1486,0.3872,-0.1236,0.4728,0.6645,True,modal
layer,min_special,would,T3,cfnai,383,0.041,49,0.1045,0.4748,0.0113,0.9384,0.9914,True,modal
layer,min_special,would,T3,vix,383,0.041,49,-0.0312,0.8314,-0.0247,0.866,0.9169,True,modal
layer,min_staff,ALL,T1,cfnai,539,0.0,99,-0.0103,0.9197,0.0753,0.4586,0.9714,True,modal
layer,min_staff,ALL,T1,vix,539,0.0,99,-0.2493,0.0128,-0.3326,0.0008,0.0076,True,modal
layer,min_staff,ALL,T2,cfnai,498,0.0,91,0.0513,0.629,0.0919,0.3861,0.7086,True,modal
layer,min_staff,ALL,T2,vix,498,0.0,91,-0.2997,0.0039,-0.3607,0.0004,0.0064,True,modal
layer,min_staff,ALL,T3,cfnai,704,0.008,131,-0.0074,0.933,0.0583,0.5082,0.9382,True,modal
layer,min_staff,ALL,T3,vix,704,0.008,131,-0.301,0.0005,-0.3929,0.0,0.0002,True,modal
layer,min_staff,ALL,H1,cfnai,333,0.0,48,0.245,0.0933,0.2804,0.0535,0.5321,True,modal
layer,min_staff,ALL,H1,vix,333,0.0,48,-0.0849,0.5659,-0.197,0.1795,0.5912,True,modal
layer,min_staff,ALL,H2,cfnai,165,0.0,43,-0.0536,0.733,-0.0966,0.5376,0.7081,True,modal
layer,min_staff,ALL,H2,vix,165,0.0,43,-0.1601,0.3052,-0.2354,0.1286,0.3613,True,modal
layer,min_staff,could,T1,cfnai,132,0.364,99,0.0516,0.6118,-0.014,0.8903,0.9714,True,modal
layer,min_staff,could,T1,vix,132,0.364,99,-0.2303,0.0218,-0.2658,0.0078,0.0434,True,modal
layer,min_staff,could,T2,cfnai,128,0.341,91,-0.1203,0.2562,-0.041,0.6998,0.8571,True,modal
layer,min_staff,could,T2,vix,128,0.341,91,-0.1674,0.1128,-0.2039,0.0525,0.1454,True,modal
layer,min_staff,could,T3,cfnai,151,0.443,131,0.0468,0.5957,-0.0019,0.9832,0.9914,True,modal
layer,min_staff,could,T3,vix,151,0.443,131,-0.2572,0.003,-0.3046,0.0004,0.0058,True,modal
layer,min_staff,could,H1,cfnai,82,0.312,48,0.1363,0.3556,0.2379,0.1035,0.5321,True,modal
layer,min_staff,could,H1,vix,82,0.312,48,-0.0108,0.9419,-0.1082,0.4644,0.887,True,modal
layer,min_staff,could,H2,cfnai,46,0.372,43,-0.3327,0.0293,-0.2958,0.0542,0.2202,True,modal
layer,min_staff,could,H2,vix,46,0.372,43,-0.2589,0.0936,-0.3369,0.0272,0.1531,True,modal
layer,min_staff,may,T1,cfnai,57,0.535,99,-0.1131,0.2651,0.0125,0.9022,0.9714,True,modal
layer,min_staff,may,T1,vix,57,0.535,99,-0.2432,0.0153,-0.2549,0.0109,0.0522,True,modal
layer,min_staff,may,T2,cfnai,55,0.505,91,-0.0082,0.9385,0.0491,0.6442,0.8433,True,modal
layer,min_staff,may,T2,vix,55,0.505,91,-0.2245,0.0324,-0.2274,0.0302,0.1036,True,modal
layer,min_staff,may,T3,cfnai,75,0.534,131,-0.1014,0.249,-0.007,0.9365,0.9914,True,modal
layer,min_staff,may,T3,vix,75,0.534,131,-0.2518,0.0037,-0.2666,0.0021,0.0167,True,modal
layer,min_staff,may,H1,cfnai,42,0.292,48,0.099,0.5031,0.2515,0.0847,0.5321,True,modal
layer,min_staff,may,H1,vix,42,0.292,48,0.1061,0.4729,0.1069,0.4696,0.887,True,modal
layer,min_staff,may,H2,cfnai,13,0.744,43,-0.0533,0.7341,-0.0941,0.5482,0.7081,False,modal
layer,min_staff,may,H2,vix,13,0.744,43,-0.2245,0.1477,-0.2849,0.0641,0.259,False,modal
layer,min_staff,would,T1,cfnai,327,0.071,99,-0.027,0.7905,0.1278,0.2073,0.735,True,modal
layer,min_staff,would,T1,vix,327,0.071,99,-0.1086,0.2845,-0.2287,0.0228,0.082,True,modal
layer,min_staff,would,T2,cfnai,294,0.077,91,0.1911,0.0696,0.1773,0.0928,0.4142,True,modal
layer,min_staff,would,T2,vix,294,0.077,91,-0.2463,0.0186,-0.32,0.002,0.0159,True,modal
layer,min_staff,would,T3,cfnai,445,0.069,131,-0.0222,0.8009,0.1043,0.2359,0.8089,True,modal
layer,min_staff,would,T3,vix,445,0.069,131,-0.1626,0.0635,-0.2693,0.0019,0.0167,True,modal
layer,min_staff,would,H1,cfnai,196,0.021,48,0.2467,0.0909,0.2306,0.1148,0.5321,True,modal
layer,min_staff,would,H1,vix,196,0.021,48,-0.1629,0.2686,-0.2624,0.0716,0.5217,True,modal
layer,min_staff,would,H2,cfnai,98,0.14,43,0.2322,0.1341,0.1277,0.4146,0.6427,True,modal
layer,min_staff,would,H2,vix,98,0.14,43,0.0318,0.8396,-0.0138,0.9302,0.9712,True,modal
layer,min_staff_desk,ALL,T1,cfnai,553,0.152,99,0.0821,0.4192,0.139,0.17,0.6798,True,modal
layer,min_staff_desk,ALL,T1,vix,553,0.152,99,0.0851,0.4025,0.139,0.1699,0.3496,True,modal
layer,min_staff_desk,ALL,T2,cfnai,501,0.165,91,0.1994,0.058,0.1615,0.1262,0.4342,True,modal
layer,min_staff_desk,ALL,T2,vix,501,0.165,91,0.0627,0.5546,0.1195,0.2593,0.5004,True,modal
layer,min_staff_desk,ALL,T3,cfnai,774,0.237,131,0.0664,0.4512,0.1352,0.1235,0.6639,True,modal
layer,min_staff_desk,ALL,T3,vix,774,0.237,131,0.1122,0.2019,0.1127,0.1999,0.4112,True,modal
layer,min_staff_desk,ALL,H1,cfnai,258,0.271,48,0.2035,0.1655,0.1404,0.3411,0.6632,True,modal
layer,min_staff_desk,ALL,H1,vix,258,0.271,48,-0.0176,0.9055,0.0435,0.7689,0.8913,True,modal
layer,min_staff_desk,ALL,H2,cfnai,243,0.047,43,0.2347,0.1298,0.1999,0.1986,0.3848,True,modal
layer,min_staff_desk,ALL,H2,vix,243,0.047,43,0.186,0.2324,0.2357,0.1281,0.3613,True,modal
layer,min_staff_desk,could,T1,cfnai,138,0.434,99,0.1148,0.2579,0.2128,0.0344,0.3099,True,modal
layer,min_staff_desk,could,T1,vix,138,0.434,99,0.1656,0.1014,0.2113,0.0358,0.1171,True,modal
layer,min_staff_desk,could,T2,cfnai,126,0.451,91,0.2248,0.0321,0.2517,0.0161,0.1656,True,modal
layer,min_staff_desk,could,T2,vix,126,0.451,91,0.1545,0.1436,0.2217,0.0347,0.1135,True,modal
layer,min_staff_desk,could,T3,cfnai,187,0.481,131,0.095,0.2803,0.1817,0.0378,0.4536,True,modal
layer,min_staff_desk,could,T3,vix,187,0.481,131,0.1775,0.0425,0.1465,0.0949,0.2517,True,modal
layer,min_staff_desk,could,H1,cfnai,66,0.5,48,0.2078,0.1565,0.2405,0.0996,0.5321,True,modal
layer,min_staff_desk,could,H1,vix,66,0.5,48,0.0557,0.707,0.1251,0.3969,0.8837,True,modal
layer,min_staff_desk,could,H2,cfnai,60,0.395,43,0.2479,0.1089,0.2691,0.0809,0.239,True,modal
layer,min_staff_desk,could,H2,vix,60,0.395,43,0.2793,0.0697,0.4045,0.0071,0.0632,True,modal
layer,min_staff_desk,may,T1,cfnai,41,0.717,99,-0.0293,0.7731,-0.003,0.9764,0.9764,False,modal
layer,min_staff_desk,may,T1,vix,41,0.717,99,-0.0697,0.4933,-0.0026,0.98,0.98,False,modal
layer,min_staff_desk,may,T2,cfnai,40,0.703,91,0.0511,0.6305,0.0276,0.7954,0.8928,False,modal
layer,min_staff_desk,may,T2,vix,40,0.703,91,-0.0107,0.9196,0.041,0.6995,0.8239,False,modal
layer,min_staff_desk,may,T3,cfnai,46,0.771,131,-0.0294,0.7392,-0.0032,0.9713,0.9914,False,modal
layer,min_staff_desk,may,T3,vix,46,0.771,131,-0.1126,0.2003,-0.0685,0.4369,0.642,False,modal
layer,min_staff_desk,may,H1,cfnai,19,0.708,48,0.0792,0.5926,0.1554,0.2916,0.6196,False,modal
layer,min_staff_desk,may,H1,vix,19,0.708,48,0.0329,0.8245,0.057,0.7005,0.8913,False,modal
layer,min_staff_desk,may,H2,cfnai,21,0.698,43,0.0342,0.8278,-0.0551,0.7258,0.8142,False,modal
layer,min_staff_desk,may,H2,vix,21,0.698,43,-0.0898,0.5668,0.0218,0.8895,0.9514,False,modal
layer,min_staff_desk,should,T1,cfnai,27,0.838,99,0.0713,0.4832,0.0551,0.588,0.9714,False,modal
layer,min_staff_desk,should,T1,vix,27,0.838,99,-0.0123,0.9039,0.0457,0.6536,0.7714,False,modal
layer,min_staff_desk,should,T2,cfnai,25,0.846,91,0.1032,0.3304,0.0317,0.7655,0.8928,False,modal
layer,min_staff_desk,should,T2,vix,25,0.846,91,-0.089,0.4017,-0.003,0.9773,0.9773,False,modal
layer,min_staff_desk,should,T3,cfnai,49,0.824,131,0.059,0.5031,0.0399,0.6506,0.9914,False,modal
layer,min_staff_desk,should,T3,vix,49,0.824,131,0.0633,0.4724,0.1039,0.2376,0.4751,False,modal
layer,min_staff_desk,should,H1,cfnai,17,0.875,48,0.1515,0.304,-0.0171,0.9081,0.9548,False,modal
layer,min_staff_desk,should,H1,vix,17,0.875,48,-0.0397,0.7887,-0.0556,0.7072,0.8913,False,modal
layer,min_staff_desk,should,H2,cfnai,8,0.814,43,0.0996,0.5252,0.0806,0.6075,0.7533,False,modal
layer,min_staff_desk,should,H2,vix,8,0.814,43,-0.1324,0.3972,-0.0587,0.7084,0.8875,False,modal
layer,min_staff_desk,will,T1,cfnai,35,0.768,99,0.0737,0.4684,0.0265,0.7949,0.9714,False,modal
layer,min_staff_desk,will,T1,vix,35,0.768,99,-0.1056,0.2984,-0.1403,0.166,0.3496,False,modal
layer,min_staff_desk,will,T2,cfnai,31,0.769,91,-0.0323,0.7612,0.0118,0.9117,0.9377,False,modal
layer,min_staff_desk,will,T2,vix,31,0.769,91,-0.1583,0.134,-0.1313,0.2149,0.4688,False,modal
layer,min_staff_desk,will,T3,cfnai,50,0.786,131,0.0471,0.5932,0.0063,0.943,0.9914,False,modal
layer,min_staff_desk,will,T3,vix,50,0.786,131,-0.0841,0.3396,-0.1319,0.1332,0.3094,False,modal
layer,min_staff_desk,will,H1,cfnai,18,0.771,48,0.0526,0.7225,0.1115,0.4504,0.6895,False,modal
layer,min_staff_desk,will,H1,vix,18,0.771,48,-0.0462,0.7553,0.046,0.7562,0.8913,False,modal
layer,min_staff_desk,will,H2,cfnai,13,0.767,43,-0.0978,0.5327,-0.0531,0.7354,0.8142,False,modal
layer,min_staff_desk,will,H2,vix,13,0.767,43,-0.2654,0.0854,-0.2274,0.1425,0.3681,False,modal
layer,min_staff_desk,would,T1,cfnai,307,0.182,99,0.0274,0.7879,0.0886,0.3831,0.9194,True,modal
layer,min_staff_desk,would,T1,vix,307,0.182,99,0.0763,0.453,0.1262,0.2131,0.4132,True,modal
layer,min_staff_desk,would,T2,cfnai,275,0.198,91,0.1391,0.1886,0.1235,0.2436,0.5692,True,modal
layer,min_staff_desk,would,T2,vix,275,0.198,91,0.0754,0.4773,0.0974,0.3586,0.6297,True,modal
layer,min_staff_desk,would,T3,cfnai,435,0.267,131,0.0295,0.7382,0.1317,0.1337,0.6639,True,modal
layer,min_staff_desk,would,T3,vix,435,0.267,131,0.1113,0.2058,0.1337,0.128,0.3071,True,modal
layer,min_staff_desk,would,H1,cfnai,137,0.292,48,0.15,0.309,0.1201,0.4161,0.6632,True,modal
layer,min_staff_desk,would,H1,vix,137,0.292,48,-0.0465,0.7536,-0.0164,0.912,0.9539,True,modal
layer,min_staff_desk,would,H2,cfnai,138,0.093,43,0.1454,0.3523,0.1539,0.3244,0.5587,True,modal
layer,min_staff_desk,would,H2,vix,138,0.093,43,0.21,0.1765,0.2322,0.134,0.3613,True,modal
layer,min_statement_quote,ALL,T1,cfnai,761,0.0,99,-0.0599,0.5558,-0.1633,0.1063,0.5467,True,modal
layer,min_statement_quote,ALL,T1,vix,761,0.0,99,0.1159,0.2534,0.1089,0.2834,0.4534,True,modal
layer,min_statement_quote,ALL,T2,cfnai,697,0.0,91,-0.164,0.1203,-0.2047,0.0516,0.3098,True,modal
layer,min_statement_quote,ALL,T2,vix,697,0.0,91,0.0749,0.4807,0.06,0.5719,0.7138,True,modal
layer,min_statement_quote,ALL,T3,cfnai,998,0.0,131,-0.0573,0.5157,-0.1223,0.164,0.7056,True,modal
layer,min_statement_quote,ALL,T3,vix,998,0.0,131,-0.0599,0.497,-0.0842,0.3389,0.5545,True,modal
layer,min_statement_quote,ALL,H1,cfnai,397,0.0,48,0.166,0.2596,0.1803,0.2201,0.5658,True,modal
layer,min_statement_quote,ALL,H1,vix,397,0.0,48,-0.2798,0.0541,-0.3954,0.0054,0.0689,True,modal
layer,min_statement_quote,ALL,H2,cfnai,300,0.0,43,-0.5583,0.0001,-0.5613,0.0001,0.0014,True,modal
layer,min_statement_quote,ALL,H2,vix,300,0.0,43,-0.4434,0.0029,-0.4939,0.0008,0.0158,True,modal
layer,min_statement_quote,could,T1,cfnai,50,0.495,99,0.1363,0.1786,-0.0745,0.4634,0.9714,True,modal
layer,min_statement_quote,could,T1,vix,50,0.495,99,0.2538,0.0112,0.3597,0.0003,0.0061,True,modal
layer,min_statement_quote,could,T2,cfnai,47,0.484,91,-0.0919,0.3864,-0.1746,0.0978,0.4142,True,modal
layer,min_statement_quote,could,T2,vix,47,0.484,91,0.4489,0.0,0.4439,0.0,0.0002,True,modal
layer,min_statement_quote,could,T3,cfnai,55,0.588,131,0.1207,0.1695,-0.024,0.7853,0.9914,True,modal
layer,min_statement_quote,could,T3,vix,55,0.588,131,0.1326,0.1312,0.1979,0.0234,0.0703,True,modal
layer,min_statement_quote,could,H1,cfnai,4,0.917,48,0.1143,0.4392,0.0935,0.5272,0.6895,False,modal
layer,min_statement_quote,could,H1,vix,4,0.917,48,-0.1163,0.4311,-0.0829,0.5755,0.8913,False,modal
layer,min_statement_quote,could,H2,cfnai,43,0.0,43,-0.6316,0.0,-0.4635,0.0017,0.0155,True,modal
layer,min_statement_quote,could,H2,vix,43,0.0,43,-0.0411,0.7936,-0.0529,0.7364,0.8875,True,modal
layer,min_statement_quote,should,T1,cfnai,33,0.727,99,0.0255,0.8019,-0.016,0.8749,0.9714,False,modal
layer,min_statement_quote,should,T1,vix,33,0.727,99,-0.2977,0.0028,-0.3301,0.0008,0.0076,False,modal
layer,min_statement_quote,should,T2,cfnai,33,0.703,91,-0.0668,0.529,-0.0262,0.8053,0.8928,False,modal
layer,min_statement_quote,should,T2,vix,33,0.703,91,-0.2744,0.0085,-0.3059,0.0032,0.0212,False,modal
layer,min_statement_quote,should,T3,cfnai,49,0.695,131,0.0124,0.8884,-0.0634,0.4719,0.9226,False,modal
layer,min_statement_quote,should,T3,vix,49,0.695,131,-0.2952,0.0006,-0.3519,0.0,0.0009,False,modal
layer,min_statement_quote,should,H1,cfnai,33,0.438,48,-0.0997,0.5002,-0.0803,0.5876,0.7135,False,modal
layer,min_statement_quote,should,H1,vix,33,0.438,48,0.0515,0.728,-0.0604,0.6832,0.8913,False,modal
layer,min_statement_quote,should,H2,cfnai,0,1.0,43,,,,,,False,modal
layer,min_statement_quote,should,H2,vix,0,1.0,43,,,,,,False,modal
layer,min_statement_quote,will,T1,cfnai,601,0.0,99,-0.2394,0.017,-0.0923,0.3634,0.9194,True,modal
layer,min_statement_quote,will,T1,vix,601,0.0,99,0.0245,0.8097,-0.1335,0.1876,0.3752,True,modal
layer,min_statement_quote,will,T2,cfnai,543,0.0,91,-0.101,0.3406,-0.0902,0.3951,0.7086,True,modal
layer,min_statement_quote,will,T2,vix,543,0.0,91,-0.2821,0.0068,-0.3218,0.0019,0.0159,True,modal
layer,min_statement_quote,will,T3,cfnai,814,0.0,131,-0.2091,0.0165,-0.0835,0.3428,0.8724,True,modal
layer,min_statement_quote,will,T3,vix,814,0.0,131,-0.084,0.3403,-0.224,0.0101,0.0429,True,modal
layer,min_statement_quote,will,H1,cfnai,339,0.0,48,0.2043,0.1637,0.1849,0.2083,0.5658,True,modal
layer,min_statement_quote,will,H1,vix,339,0.0,48,-0.3678,0.0101,-0.4411,0.0017,0.0434,True,modal
layer,min_statement_quote,will,H2,cfnai,204,0.0,43,-0.4156,0.0056,-0.3768,0.0127,0.0878,True,modal
layer,min_statement_quote,will,H2,vix,204,0.0,43,-0.3967,0.0085,-0.4494,0.0025,0.031,True,modal
layer,min_statement_quote,would,T1,cfnai,49,0.525,99,0.1476,0.1448,-0.0303,0.7659,0.9714,True,modal
layer,min_statement_quote,would,T1,vix,49,0.525,99,0.252,0.0119,0.3645,0.0002,0.0061,True,modal
layer,min_statement_quote,would,T2,cfnai,46,0.516,91,-0.0058,0.9562,-0.1152,0.2767,0.5692,True,modal
layer,min_statement_quote,would,T2,vix,46,0.516,91,0.443,0.0,0.448,0.0,0.0002,True,modal
layer,min_statement_quote,would,T3,cfnai,51,0.626,131,0.1271,0.1478,-0.0173,0.8441,0.9914,False,modal
layer,min_statement_quote,would,T3,vix,51,0.626,131,0.1452,0.0979,0.235,0.0069,0.0311,False,modal
layer,min_statement_quote,would,H1,cfnai,1,0.979,48,0.0999,0.4994,0.1212,0.412,0.6632,False,modal
layer,min_statement_quote,would,H1,vix,1,0.979,48,-0.1672,0.256,-0.2158,0.1406,0.5912,False,modal
layer,min_statement_quote,would,H2,cfnai,45,0.0,43,-0.2431,0.1163,-0.2265,0.144,0.3185,True,modal
layer,min_statement_quote,would,H2,vix,45,0.0,43,-0.0914,0.5601,-0.0889,0.5709,0.7753,True,modal
layer,min_vote,ALL,T1,cfnai,166,0.051,99,0.0506,0.6191,0.2245,0.0255,0.3058,True,modal
layer,min_vote,ALL,T1,vix,166,0.051,99,-0.1485,0.1425,-0.1866,0.0644,0.165,True,modal
layer,min_vote,ALL,T2,cfnai,156,0.055,91,0.1114,0.2932,0.2285,0.0294,0.1974,True,modal
layer,min_vote,ALL,T2,vix,156,0.055,91,-0.1282,0.2258,-0.2134,0.0422,0.1267,True,modal
layer,min_vote,ALL,T3,cfnai,315,0.038,131,0.0371,0.674,0.1199,0.1724,0.7056,True,modal
layer,min_vote,ALL,T3,vix,315,0.038,131,0.0583,0.5084,0.0094,0.9152,0.9327,True,modal
layer,min_vote,ALL,H1,cfnai,104,0.104,48,0.0757,0.6093,0.0899,0.5436,0.6931,True,modal
layer,min_vote,ALL,H1,vix,104,0.104,48,0.0361,0.8077,0.0821,0.579,0.8913,True,modal
layer,min_vote,ALL,H2,cfnai,52,0.0,43,0.3291,0.0312,0.2914,0.058,0.2202,True,modal
layer,min_vote,ALL,H2,vix,52,0.0,43,0.2164,0.1634,0.1993,0.2002,0.4774,True,modal
layer,min_vote,could,T1,cfnai,13,0.909,99,0.0027,0.9787,-0.0805,0.4281,0.9714,False,modal
layer,min_vote,could,T1,vix,13,0.909,99,0.0811,0.4246,0.0952,0.3486,0.5123,False,modal
layer,min_vote,could,T2,cfnai,12,0.912,91,-0.068,0.5218,-0.085,0.4233,0.7086,False,modal
layer,min_vote,could,T2,vix,12,0.912,91,0.0928,0.3815,0.0781,0.4618,0.6645,False,modal
layer,min_vote,could,T3,cfnai,44,0.824,131,0.0222,0.8013,0.0243,0.7833,0.9914,False,modal
layer,min_vote,could,T3,vix,44,0.824,131,0.19,0.0297,0.2105,0.0158,0.0564,False,modal
layer,min_vote,could,H1,cfnai,9,0.875,48,-0.286,0.0488,-0.2555,0.0797,0.5321,False,modal
layer,min_vote,could,H1,vix,9,0.875,48,0.1114,0.4511,0.2532,0.0824,0.5255,False,modal
layer,min_vote,could,H2,cfnai,3,0.953,43,0.1095,0.4846,0.0892,0.5694,0.7204,False,modal
layer,min_vote,could,H2,vix,3,0.953,43,0.221,0.1545,0.1378,0.3782,0.6091,False,modal
layer,min_vote,would,T1,cfnai,119,0.051,99,-0.0222,0.8274,0.2077,0.0391,0.3131,True,modal
layer,min_vote,would,T1,vix,119,0.051,99,-0.0789,0.4376,-0.1036,0.3077,0.4714,True,modal
layer,min_vote,would,T2,cfnai,111,0.055,91,0.1064,0.3156,0.2583,0.0134,0.1612,True,modal
layer,min_vote,would,T2,vix,111,0.055,91,-0.0504,0.6349,-0.1207,0.2543,0.5004,True,modal
layer,min_vote,would,T3,cfnai,218,0.046,131,-0.0264,0.7649,0.0411,0.6415,0.9914,True,modal
layer,min_vote,would,T3,vix,218,0.046,131,0.0745,0.398,0.0405,0.646,0.8305,True,modal
layer,min_vote,would,H1,cfnai,65,0.104,48,0.1065,0.4712,0.1556,0.2908,0.6196,True,modal
layer,min_vote,would,H1,vix,65,0.104,48,0.0769,0.6034,-0.0155,0.9165,0.9539,True,modal
layer,min_vote,would,H2,cfnai,46,0.0,43,0.3529,0.0203,0.3048,0.0469,0.2077,True,modal
layer,min_vote,would,H2,vix,46,0.0,43,0.1911,0.2196,0.1693,0.2778,0.5555,True,modal
layer,pc_chair,ALL,T1,cfnai,10686,0.0,80,0.1105,0.3291,0.2165,0.0538,0.387,True,modal
layer,pc_chair,ALL,T1,vix,10686,0.0,80,0.3622,0.001,0.3188,0.004,0.0316,True,modal
layer,pc_chair,ALL,T2,cfnai,9293,0.0,71,0.2947,0.0126,0.2575,0.0302,0.1974,True,modal
layer,pc_chair,ALL,T2,vix,9293,0.0,71,0.2776,0.0191,0.2973,0.0118,0.0481,True,modal
layer,pc_chair,ALL,T3,cfnai,12233,0.0,92,0.0967,0.3594,0.1422,0.1764,0.7056,True,modal
layer,pc_chair,ALL,T3,vix,12233,0.0,92,0.3394,0.0009,0.2925,0.0047,0.0258,True,modal
layer,pc_chair,ALL,H2,cfnai,6097,0.0,43,0.3415,0.025,0.3167,0.0385,0.1838,True,modal
layer,pc_chair,ALL,H2,vix,6097,0.0,43,0.2372,0.1257,0.2523,0.1026,0.3347,True,modal
layer,pc_chair,can,T1,cfnai,1610,0.0,80,-0.2073,0.0651,0.0682,0.548,0.9714,True,modal
layer,pc_chair,can,T1,vix,1610,0.0,80,0.4569,0.0,0.4221,0.0001,0.0061,True,modal
layer,pc_chair,can,T2,cfnai,1356,0.0,71,0.152,0.2056,0.1341,0.265,0.5692,True,modal
layer,pc_chair,can,T2,vix,1356,0.0,71,0.2848,0.0161,0.3231,0.006,0.0343,True,modal
layer,pc_chair,can,T3,cfnai,1862,0.0,92,-0.2004,0.0555,0.0369,0.727,0.9914,True,modal
layer,pc_chair,can,T3,vix,1862,0.0,92,0.4599,0.0,0.4052,0.0001,0.0011,True,modal
layer,pc_chair,can,H2,cfnai,980,0.0,43,0.2193,0.1577,0.2762,0.073,0.2263,True,modal
layer,pc_chair,can,H2,vix,980,0.0,43,0.1467,0.3479,0.1577,0.3126,0.568,True,modal
layer,pc_chair,could,T1,cfnai,626,0.013,80,-0.1577,0.1623,0.0615,0.588,0.9714,True,modal
layer,pc_chair,could,T1,vix,626,0.013,80,-0.2411,0.0312,-0.2865,0.01,0.0513,True,modal
layer,pc_chair,could,T2,cfnai,554,0.0,71,0.0553,0.6471,0.0831,0.4906,0.7679,True,modal
layer,pc_chair,could,T2,vix,554,0.0,71,-0.3134,0.0078,-0.3219,0.0062,0.0343,True,modal
layer,pc_chair,could,T3,cfnai,719,0.011,92,-0.1447,0.1688,0.0406,0.7006,0.9914,True,modal
layer,pc_chair,could,T3,vix,719,0.011,92,-0.2668,0.0102,-0.3183,0.002,0.0167,True,modal
layer,pc_chair,could,H2,cfnai,321,0.0,43,-0.0398,0.8002,-0.0451,0.774,0.82,True,modal
layer,pc_chair,could,H2,vix,321,0.0,43,-0.1965,0.2066,-0.256,0.0976,0.3347,True,modal
layer,pc_chair,may,T1,cfnai,485,0.013,80,0.0239,0.8333,0.0192,0.866,0.9714,True,modal
layer,pc_chair,may,T1,vix,485,0.013,80,-0.0125,0.9125,-0.0236,0.8357,0.9008,True,modal
layer,pc_chair,may,T2,cfnai,424,0.0,71,-0.0533,0.659,-0.0507,0.6744,0.8519,True,modal
layer,pc_chair,may,T2,vix,424,0.0,71,-0.0643,0.5944,-0.0849,0.4816,0.6645,True,modal
layer,pc_chair,may,T3,cfnai,562,0.011,92,0.0243,0.8178,0.0318,0.7633,0.9914,True,modal
layer,pc_chair,may,T3,vix,562,0.011,92,-0.038,0.7193,-0.0487,0.6448,0.8305,True,modal
layer,pc_chair,may,H2,cfnai,266,0.0,43,-0.0626,0.69,-0.0597,0.7038,0.814,True,modal
layer,pc_chair,may,H2,vix,266,0.0,43,-0.0321,0.8379,-0.0612,0.6968,0.8875,True,modal
layer,pc_chair,should,T1,cfnai,497,0.013,80,0.0929,0.4123,0.1735,0.1238,0.5572,True,modal
layer,pc_chair,should,T1,vix,497,0.013,80,-0.0115,0.9192,0.0376,0.7404,0.8462,True,modal
layer,pc_chair,should,T2,cfnai,436,0.014,71,0.0375,0.7561,0.1019,0.3976,0.7086,True,modal
layer,pc_chair,should,T2,vix,436,0.014,71,-0.0036,0.9761,-0.0222,0.8542,0.8799,True,modal
layer,pc_chair,should,T3,cfnai,575,0.011,92,0.0867,0.4114,0.1349,0.1997,0.7567,True,modal
layer,pc_chair,should,T3,vix,575,0.011,92,0.0351,0.7396,0.1214,0.2491,0.4813,True,modal
layer,pc_chair,should,H2,cfnai,250,0.023,43,0.0563,0.7197,0.1113,0.4774,0.6578,True,modal
layer,pc_chair,should,H2,vix,250,0.023,43,0.054,0.7309,0.1276,0.4148,0.6273,True,modal
layer,pc_chair,will,T1,cfnai,4341,0.0,80,0.14,0.2156,0.1239,0.2736,0.7815,True,modal
layer,pc_chair,will,T1,vix,4341,0.0,80,0.3587,0.0011,0.3114,0.0049,0.0355,True,modal
layer,pc_chair,will,T2,cfnai,3725,0.0,71,0.2246,0.0597,0.1393,0.2466,0.5692,True,modal
layer,pc_chair,will,T2,vix,3725,0.0,71,0.277,0.0194,0.3134,0.0078,0.0373,True,modal
layer,pc_chair,will,T3,cfnai,4942,0.0,92,0.1285,0.2221,0.0766,0.4679,0.9226,True,modal
layer,pc_chair,will,T3,vix,4942,0.0,92,0.3096,0.0027,0.2483,0.017,0.0564,True,modal
layer,pc_chair,will,H2,cfnai,2524,0.0,43,0.2868,0.0622,0.2287,0.1402,0.3185,True,modal
layer,pc_chair,will,H2,vix,2524,0.0,43,0.1719,0.2703,0.2359,0.1278,0.3613,True,modal
layer,pc_chair,would,T1,cfnai,3127,0.0,80,0.149,0.1873,0.2001,0.0751,0.4617,True,modal
layer,pc_chair,would,T1,vix,3127,0.0,80,-0.1241,0.2727,-0.0986,0.3841,0.5532,True,modal
layer,pc_chair,would,T2,cfnai,2798,0.0,71,0.0558,0.644,0.1418,0.238,0.5692,True,modal
layer,pc_chair,would,T2,vix,2798,0.0,71,0.0275,0.8197,-0.0347,0.7738,0.8718,True,modal
layer,pc_chair,would,T3,cfnai,3573,0.0,92,0.1376,0.191,0.1697,0.1059,0.6639,True,modal
layer,pc_chair,would,T3,vix,3573,0.0,92,-0.0803,0.447,-0.0397,0.7074,0.8905,True,modal
layer,pc_chair,would,H2,cfnai,1756,0.0,43,0.0835,0.5944,0.2047,0.188,0.376,True,modal
layer,pc_chair,would,H2,vix,1756,0.0,43,0.1363,0.3836,0.0879,0.5752,0.7753,True,modal
layer,pc_journalist,ALL,T1,cfnai,2452,0.0,80,0.2237,0.046,0.1272,0.2607,0.7815,True,modal
layer,pc_journalist,ALL,T1,vix,2452,0.0,80,-0.0257,0.8207,-0.0143,0.9001,0.9393,True,modal
layer,pc_journalist,ALL,T2,cfnai,2190,0.0,71,0.2134,0.074,0.0888,0.4617,0.7387,True,modal
layer,pc_journalist,ALL,T2,vix,2190,0.0,71,-0.0474,0.6944,-0.0345,0.7749,0.8718,True,modal
layer,pc_journalist,ALL,T3,cfnai,2884,0.0,92,0.1989,0.0573,0.0941,0.3721,0.8724,True,modal
layer,pc_journalist,ALL,T3,vix,2884,0.0,92,0.0275,0.7945,0.0627,0.5524,0.7649,True,modal
layer,pc_journalist,ALL,H2,cfnai,1392,0.0,43,0.401,0.0077,0.281,0.068,0.2263,True,modal
layer,pc_journalist,ALL,H2,vix,1392,0.0,43,-0.1294,0.4081,-0.0385,0.8063,0.909,True,modal
layer,pc_journalist,can,T1,cfnai,380,0.025,80,-0.0208,0.8545,-0.0376,0.7408,0.9714,True,modal
layer,pc_journalist,can,T1,vix,380,0.025,80,0.1411,0.212,0.1308,0.2476,0.4234,True,modal
layer,pc_journalist,can,T2,cfnai,320,0.028,71,0.1049,0.384,-0.0741,0.5389,0.776,True,modal
layer,pc_journalist,can,T2,vix,320,0.028,71,-0.031,0.7975,-0.045,0.7095,0.8239,True,modal
layer,pc_journalist,can,T3,cfnai,464,0.022,92,-0.0124,0.9063,-0.0243,0.8184,0.9914,True,modal
layer,pc_journalist,can,T3,vix,464,0.022,92,0.1657,0.1145,0.1385,0.1879,0.398,True,modal
layer,pc_journalist,can,H2,cfnai,217,0.047,43,0.0869,0.5795,-0.1196,0.4451,0.6578,True,modal
layer,pc_journalist,can,H2,vix,217,0.047,43,-0.0919,0.5579,-0.1277,0.4145,0.6273,True,modal
layer,pc_journalist,could,T1,cfnai,586,0.0,80,0.0762,0.5017,0.0039,0.9728,0.9764,True,modal
layer,pc_journalist,could,T1,vix,586,0.0,80,0.0211,0.8523,0.0532,0.6395,0.7674,True,modal
layer,pc_journalist,could,T2,cfnai,522,0.0,71,0.0967,0.4226,-0.0286,0.8126,0.8928,True,modal
layer,pc_journalist,could,T2,vix,522,0.0,71,0.0132,0.9131,0.0266,0.826,0.8799,True,modal
layer,pc_journalist,could,T3,cfnai,677,0.0,92,0.0712,0.4997,-0.0123,0.9077,0.9914,True,modal
layer,pc_journalist,could,T3,vix,677,0.0,92,0.0681,0.5192,0.108,0.3055,0.5238,True,modal
layer,pc_journalist,could,H2,cfnai,323,0.0,43,0.3665,0.0157,0.2276,0.1422,0.3185,True,modal
layer,pc_journalist,could,H2,vix,323,0.0,43,-0.0216,0.8907,-0.0617,0.6943,0.8875,True,modal
layer,pc_journalist,may,T1,cfnai,96,0.338,80,0.1285,0.2561,-0.0323,0.7761,0.9714,True,modal
layer,pc_journalist,may,T1,vix,96,0.338,80,0.0035,0.9751,-0.0721,0.5248,0.6997,True,modal
layer,pc_journalist,may,T2,cfnai,87,0.324,71,-0.0708,0.5577,-0.0226,0.8515,0.8928,True,modal
layer,pc_journalist,may,T2,vix,87,0.324,71,-0.0753,0.5326,-0.0742,0.5385,0.7138,True,modal
layer,pc_journalist,may,T3,cfnai,117,0.304,92,0.1188,0.2594,-0.0523,0.6208,0.9914,True,modal
layer,pc_journalist,may,T3,vix,117,0.304,92,0.0298,0.7779,-0.0261,0.805,0.9125,True,modal
layer,pc_journalist,may,H2,cfnai,58,0.349,43,-0.1855,0.2336,-0.1072,0.4937,0.6655,True,modal
layer,pc_journalist,may,H2,vix,58,0.349,43,-0.0995,0.5257,-0.1049,0.5031,0.7089,True,modal
layer,pc_journalist,should,T1,cfnai,195,0.1,80,0.1642,0.1455,0.1682,0.136,0.5759,True,modal
layer,pc_journalist,should,T1,vix,195,0.1,80,0.0201,0.8598,0.0087,0.9386,0.9654,True,modal
layer,pc_journalist,should,T2,cfnai,174,0.099,71,0.137,0.2547,0.1597,0.1833,0.55,True,modal
layer,pc_journalist,should,T2,vix,174,0.099,71,-0.0642,0.5946,-0.054,0.6544,0.7986,True,modal
layer,pc_journalist,should,T3,cfnai,230,0.087,92,0.1656,0.1146,0.2195,0.0355,0.4536,True,modal
layer,pc_journalist,should,T3,vix,230,0.087,92,0.0376,0.722,0.0338,0.749,0.8905,True,modal
layer,pc_journalist,should,H2,cfnai,99,0.14,43,0.0914,0.5598,0.0746,0.6347,0.762,True,modal
layer,pc_journalist,should,H2,vix,99,0.14,43,0.0442,0.7785,0.1364,0.3831,0.6091,True,modal
layer,pc_journalist,will,T1,cfnai,411,0.013,80,0.116,0.3054,0.068,0.549,0.9714,True,modal
layer,pc_journalist,will,T1,vix,411,0.013,80,0.0349,0.7584,0.0722,0.5244,0.6997,True,modal
layer,pc_journalist,will,T2,cfnai,382,0.014,71,0.1711,0.1536,0.1326,0.2704,0.5692,True,modal
layer,pc_journalist,will,T2,vix,382,0.014,71,0.2549,0.0319,0.2321,0.0514,0.1454,True,modal
layer,pc_journalist,will,T3,cfnai,475,0.011,92,0.1001,0.3424,0.0303,0.7744,0.9914,True,modal
layer,pc_journalist,will,T3,vix,475,0.011,92,-0.009,0.932,0.0197,0.8524,0.916,True,modal
layer,pc_journalist,will,H2,cfnai,251,0.023,43,0.2649,0.086,0.2618,0.0899,0.2533,True,modal
layer,pc_journalist,will,H2,vix,251,0.023,43,0.2858,0.0632,0.327,0.0324,0.1672,True,modal
layer,pc_journalist,would,T1,cfnai,784,0.0,80,0.1085,0.338,-0.0046,0.9677,0.9764,True,modal
layer,pc_journalist,would,T1,vix,784,0.0,80,-0.2245,0.0452,-0.2139,0.0568,0.1635,True,modal
layer,pc_journalist,would,T2,cfnai,705,0.0,71,-0.018,0.8818,-0.0358,0.7667,0.8928,True,modal
layer,pc_journalist,would,T2,vix,705,0.0,71,-0.2282,0.0556,-0.2039,0.0881,0.2186,True,modal
layer,pc_journalist,would,T3,cfnai,921,0.0,92,0.0944,0.3707,-0.0256,0.8085,0.9914,True,modal
layer,pc_journalist,would,T3,vix,921,0.0,92,-0.18,0.0859,-0.1506,0.152,0.3419,True,modal
layer,pc_journalist,would,H2,cfnai,444,0.0,43,0.0511,0.7447,0.0411,0.7936,0.82,True,modal
layer,pc_journalist,would,H2,vix,444,0.0,43,-0.3874,0.0103,-0.3932,0.0091,0.0704,True,modal
layer,pc_moderator,ALL,T1,cfnai,83,0.449,49,0.0931,0.5248,0.4616,0.0008,0.0303,True,modal
layer,pc_moderator,ALL,T1,vix,83,0.449,49,0.2877,0.045,0.3859,0.0062,0.0404,True,modal
layer,pc_moderator,ALL,T2,cfnai,66,0.5,42,0.4933,0.0009,0.6075,0.0,0.0007,True,modal
layer,pc_moderator,ALL,T2,vix,66,0.5,42,0.3596,0.0193,0.3841,0.012,0.0481,True,modal
layer,pc_moderator,ALL,T3,cfnai,83,0.449,49,0.0931,0.5248,0.4616,0.0008,0.0303,True,modal
layer,pc_moderator,ALL,T3,vix,83,0.449,49,0.2877,0.045,0.3859,0.0062,0.0311,True,modal
layer,pc_moderator,ALL,H2,cfnai,66,0.5,42,0.4933,0.0009,0.6075,0.0,0.0004,True,modal
layer,pc_moderator,ALL,H2,vix,66,0.5,42,0.3596,0.0193,0.3841,0.012,0.0745,True,modal
layer,pc_moderator,will,T1,cfnai,80,0.449,49,0.0919,0.53,0.4647,0.0008,0.0303,True,modal
layer,pc_moderator,will,T1,vix,80,0.449,49,0.2718,0.0589,0.381,0.0069,0.0415,True,modal
layer,pc_moderator,will,T2,cfnai,64,0.5,42,0.4876,0.0011,0.6075,0.0,0.0007,True,modal
layer,pc_moderator,will,T2,vix,64,0.5,42,0.3464,0.0246,0.3841,0.012,0.0481,True,modal
layer,pc_moderator,will,T3,cfnai,80,0.449,49,0.0919,0.53,0.4647,0.0008,0.0303,True,modal
layer,pc_moderator,will,T3,vix,80,0.449,49,0.2718,0.0589,0.381,0.0069,0.0311,True,modal
layer,pc_moderator,will,H2,cfnai,64,0.5,42,0.4876,0.0011,0.6075,0.0,0.0004,True,modal
layer,pc_moderator,will,H2,vix,64,0.5,42,0.3464,0.0246,0.3841,0.012,0.0745,True,modal
layer,speech_chair,ALL,T1,cfnai,3203,0.0,124,-0.0885,0.3286,-0.0957,0.2906,0.7815,True,modal
layer,speech_chair,ALL,T1,vix,3203,0.0,124,0.0939,0.2997,-0.0171,0.8507,0.9008,True,modal
layer,speech_chair,ALL,T2,cfnai,3075,0.0,118,-0.0931,0.3159,-0.0742,0.4246,0.7086,True,modal
layer,speech_chair,ALL,T2,vix,3075,0.0,118,-0.0617,0.5066,-0.0742,0.4242,0.6645,True,modal
layer,speech_chair,ALL,T3,cfnai,4720,0.0,174,-0.096,0.2076,-0.1314,0.084,0.6049,True,modal
layer,speech_chair,ALL,T3,vix,4720,0.0,174,0.076,0.3189,-0.0076,0.9209,0.9327,True,modal
layer,speech_chair,ALL,H1,cfnai,2348,0.0,73,-0.1166,0.3257,-0.1561,0.1872,0.5658,True,modal
layer,speech_chair,ALL,H1,vix,2348,0.0,73,-0.0759,0.5231,-0.1034,0.3841,0.8837,True,modal
layer,speech_chair,ALL,H2,cfnai,727,0.0,45,-0.073,0.6336,-0.0404,0.7922,0.82,True,modal
layer,speech_chair,ALL,H2,vix,727,0.0,45,-0.0328,0.8307,0.031,0.84,0.93,True,modal
layer,speech_chair,can,T1,cfnai,514,0.121,124,-0.3423,0.0001,-0.0302,0.7393,0.9714,True,modal
layer,speech_chair,can,T1,vix,514,0.121,124,0.2549,0.0043,0.1454,0.1072,0.2412,True,modal
layer,speech_chair,can,T2,cfnai,483,0.127,118,0.0929,0.3172,0.0728,0.4331,0.7086,True,modal
layer,speech_chair,can,T2,vix,483,0.127,118,0.0601,0.5182,0.0767,0.4089,0.6645,True,modal
layer,speech_chair,can,T3,cfnai,810,0.103,174,-0.3114,0.0,-0.0794,0.2978,0.8444,True,modal
layer,speech_chair,can,T3,vix,810,0.103,174,0.2252,0.0028,0.1213,0.1108,0.2752,True,modal
layer,speech_chair,can,H1,cfnai,373,0.096,73,0.0461,0.6983,-0.0124,0.9174,0.9548,True,modal
layer,speech_chair,can,H1,vix,373,0.096,73,0.1931,0.1016,0.1197,0.3131,0.8198,True,modal
layer,speech_chair,can,H2,cfnai,110,0.178,45,0.2136,0.1588,0.2182,0.15,0.3185,True,modal
layer,speech_chair,can,H2,vix,110,0.178,45,0.1627,0.2857,0.2771,0.0654,0.259,True,modal
layer,speech_chair,could,T1,cfnai,355,0.355,124,0.1104,0.2223,-0.0114,0.9002,0.9714,True,modal
layer,speech_chair,could,T1,vix,355,0.355,124,-0.1496,0.0971,-0.153,0.0898,0.2085,True,modal
layer,speech_chair,could,T2,cfnai,341,0.347,118,0.0136,0.8834,-0.0473,0.6111,0.8302,True,modal
layer,speech_chair,could,T2,vix,341,0.347,118,-0.1683,0.0685,-0.1631,0.0777,0.2071,True,modal
layer,speech_chair,could,T3,cfnai,496,0.339,174,0.0882,0.247,-0.0434,0.5699,0.9914,True,modal
layer,speech_chair,could,T3,vix,496,0.339,174,-0.1081,0.1558,-0.0869,0.254,0.4813,True,modal
layer,speech_chair,could,H1,cfnai,279,0.315,73,-0.0241,0.8393,-0.1033,0.3846,0.6632,True,modal
layer,speech_chair,could,H1,vix,279,0.315,73,-0.1793,0.129,-0.1686,0.154,0.5912,True,modal
layer,speech_chair,could,H2,cfnai,62,0.4,45,0.0721,0.638,0.0572,0.7089,0.814,True,modal
layer,speech_chair,could,H2,vix,62,0.4,45,-0.0947,0.5363,-0.0519,0.7347,0.8875,True,modal
layer,speech_chair,may,T1,cfnai,382,0.266,124,0.0428,0.6371,-0.06,0.508,0.9714,True,modal
layer,speech_chair,may,T1,vix,382,0.266,124,-0.1209,0.181,-0.11,0.2238,0.4132,True,modal
layer,speech_chair,may,T2,cfnai,375,0.254,118,-0.1688,0.0676,-0.103,0.2672,0.5692,True,modal
layer,speech_chair,may,T2,vix,375,0.254,118,-0.0567,0.5416,-0.0718,0.4399,0.6645,True,modal
layer,speech_chair,may,T3,cfnai,562,0.253,174,0.0368,0.6293,-0.0402,0.5987,0.9914,True,modal
layer,speech_chair,may,T3,vix,562,0.253,174,-0.0968,0.2037,-0.0621,0.4154,0.6363,True,modal
layer,speech_chair,may,H1,cfnai,308,0.219,73,-0.0996,0.4016,-0.0498,0.6754,0.7829,True,modal
layer,speech_chair,may,H1,vix,308,0.219,73,-0.0373,0.7542,0.0158,0.8943,0.9539,True,modal
layer,speech_chair,may,H2,cfnai,67,0.311,45,-0.2899,0.0534,-0.216,0.1541,0.3185,True,modal
layer,speech_chair,may,H2,vix,67,0.311,45,0.0798,0.6022,-0.0048,0.975,0.9818,True,modal
layer,speech_chair,should,T1,cfnai,210,0.452,124,0.0593,0.5127,-0.0079,0.9309,0.9714,True,modal
layer,speech_chair,should,T1,vix,210,0.452,124,0.0166,0.8545,-0.1926,0.0321,0.11,True,modal
layer,speech_chair,should,T2,cfnai,205,0.449,118,-0.0761,0.4129,-0.0355,0.7024,0.8571,True,modal
layer,speech_chair,should,T2,vix,205,0.449,118,-0.1192,0.1985,-0.1906,0.0387,0.1212,True,modal
layer,speech_chair,should,T3,cfnai,343,0.408,174,0.0399,0.6013,-0.0676,0.3756,0.8724,True,modal
layer,speech_chair,should,T3,vix,343,0.408,174,0.0773,0.3106,-0.0594,0.4361,0.642,True,modal
layer,speech_chair,should,H1,cfnai,174,0.329,73,0.2,0.0898,0.1381,0.2441,0.5658,True,modal
layer,speech_chair,should,H1,vix,174,0.329,73,-0.0755,0.5257,-0.0389,0.7436,0.8913,True,modal
layer,speech_chair,should,H2,cfnai,31,0.644,45,-0.2388,0.1142,-0.2822,0.0604,0.2202,False,modal
layer,speech_chair,should,H2,vix,31,0.644,45,-0.0612,0.6899,-0.1546,0.3107,0.568,False,modal
layer,speech_chair,will,T1,cfnai,1169,0.04,124,-0.0772,0.3943,-0.099,0.274,0.7815,True,modal
layer,speech_chair,will,T1,vix,1169,0.04,124,0.1667,0.0643,0.1022,0.2587,0.4234,True,modal
layer,speech_chair,will,T2,cfnai,1118,0.042,118,-0.0331,0.7221,-0.0767,0.4094,0.7086,True,modal
layer,speech_chair,will,T2,vix,1118,0.042,118,0.0921,0.321,0.0686,0.4606,0.6645,True,modal
layer,speech_chair,will,T3,cfnai,1669,0.046,174,-0.0781,0.3056,-0.091,0.2325,0.8089,True,modal
layer,speech_chair,will,T3,vix,1669,0.046,174,0.1206,0.1131,0.0757,0.3211,0.5377,True,modal
layer,speech_chair,will,H1,cfnai,776,0.027,73,-0.1613,0.1727,-0.1487,0.2093,0.5658,True,modal
layer,speech_chair,will,H1,vix,776,0.027,73,0.0197,0.8687,0.0369,0.7565,0.8913,True,modal
layer,speech_chair,will,H2,cfnai,342,0.067,45,0.0157,0.9182,-0.0029,0.9849,0.9849,True,modal
layer,speech_chair,will,H2,vix,342,0.067,45,-0.1083,0.4787,-0.1531,0.3153,0.568,True,modal
layer,speech_chair,would,T1,cfnai,573,0.202,124,0.1196,0.186,-0.0527,0.5609,0.9714,True,modal
layer,speech_chair,would,T1,vix,573,0.202,124,-0.1138,0.2082,-0.2088,0.0199,0.0756,True,modal
layer,speech_chair,would,T2,cfnai,553,0.203,118,-0.1242,0.1803,-0.1034,0.2652,0.5692,True,modal
layer,speech_chair,would,T2,vix,553,0.203,118,-0.1623,0.0792,-0.2268,0.0135,0.0513,True,modal
layer,speech_chair,would,T3,cfnai,840,0.161,174,0.0942,0.2164,-0.068,0.3725,0.8724,True,modal
layer,speech_chair,would,T3,vix,840,0.161,174,-0.1375,0.0705,-0.2162,0.0042,0.025,True,modal
layer,speech_chair,would,H1,cfnai,438,0.151,73,-0.1391,0.2405,-0.1803,0.127,0.5397,True,modal
layer,speech_chair,would,H1,vix,438,0.151,73,-0.2694,0.0212,-0.248,0.0344,0.2922,True,modal
layer,speech_chair,would,H2,cfnai,115,0.289,45,-0.099,0.5177,-0.0442,0.773,0.82,True,modal
layer,speech_chair,would,H2,vix,115,0.289,45,0.0707,0.6444,0.0212,0.89,0.9514,True,modal
layer,statement,ALL,T1,cfnai,770,0.0,101,-0.0573,0.569,-0.1242,0.2158,0.735,True,modal
layer,statement,ALL,T1,vix,770,0.0,101,0.0086,0.9323,0.0613,0.5425,0.7026,True,modal
layer,statement,ALL,T2,cfnai,697,0.0,91,-0.1355,0.2004,-0.1783,0.0909,0.4142,True,modal
layer,statement,ALL,T2,vix,697,0.0,91,0.0699,0.5105,0.0449,0.6729,0.8074,True,modal
layer,statement,ALL,T3,cfnai,1007,0.0,133,-0.0555,0.5259,-0.0964,0.2697,0.8091,True,modal
layer,statement,ALL,T3,vix,1007,0.0,133,-0.1174,0.1785,-0.1156,0.185,0.398,True,modal
layer,statement,ALL,H1,cfnai,397,0.0,48,0.1574,0.2852,0.1747,0.2351,0.5658,True,modal
layer,statement,ALL,H1,vix,397,0.0,48,-0.2815,0.0526,-0.4048,0.0043,0.0689,True,modal
layer,statement,ALL,H2,cfnai,300,0.0,43,-0.5054,0.0005,-0.5183,0.0004,0.0038,True,modal
layer,statement,ALL,H2,vix,300,0.0,43,-0.4212,0.0049,-0.4722,0.0014,0.0215,True,modal
layer,statement,could,T1,cfnai,50,0.505,101,0.1416,0.1578,-0.0624,0.535,0.9714,True,modal
layer,statement,could,T1,vix,50,0.505,101,0.1793,0.0727,0.3319,0.0007,0.0076,True,modal
layer,statement,could,T2,cfnai,47,0.484,91,-0.079,0.4567,-0.1674,0.1127,0.4342,True,modal
layer,statement,could,T2,vix,47,0.484,91,0.4576,0.0,0.451,0.0,0.0002,True,modal
layer,statement,could,T3,cfnai,55,0.594,133,0.1259,0.1488,-0.0171,0.8452,0.9914,True,modal
layer,statement,could,T3,vix,55,0.594,133,0.093,0.2871,0.1823,0.0357,0.099,True,modal
layer,statement,could,H1,cfnai,4,0.917,48,0.1142,0.4395,0.0935,0.5272,0.6895,False,modal
layer,statement,could,H1,vix,4,0.917,48,-0.1163,0.4312,-0.0829,0.5755,0.8913,False,modal
layer,statement,could,H2,cfnai,43,0.0,43,-0.6024,0.0,-0.4384,0.0033,0.0254,True,modal
layer,statement,could,H2,vix,43,0.0,43,0.0006,0.9969,-0.0119,0.9398,0.9712,True,modal
layer,statement,should,T1,cfnai,33,0.733,101,0.0254,0.8009,-0.012,0.9054,0.9714,False,modal
layer,statement,should,T1,vix,33,0.733,101,-0.2908,0.0032,-0.3372,0.0006,0.0076,False,modal
layer,statement,should,T2,cfnai,33,0.703,91,-0.0694,0.5132,-0.0279,0.7928,0.8928,False,modal
layer,statement,should,T2,vix,33,0.703,91,-0.2741,0.0086,-0.3054,0.0032,0.0212,False,modal
layer,statement,should,T3,cfnai,49,0.699,133,0.0124,0.887,-0.0608,0.4869,0.9226,False,modal
layer,statement,should,T3,vix,49,0.699,133,-0.2949,0.0006,-0.3634,0.0,0.0006,False,modal
layer,statement,should,H1,cfnai,33,0.438,48,-0.1058,0.4741,-0.0857,0.5624,0.6995,False,modal
layer,statement,should,H1,vix,33,0.438,48,0.053,0.7205,-0.0589,0.6911,0.8913,False,modal
layer,statement,should,H2,cfnai,0,1.0,43,,,,,,False,modal
layer,statement,should,H2,vix,0,1.0,43,,,,,,False,modal
layer,statement,will,T1,cfnai,607,0.0,101,-0.2325,0.0193,-0.0492,0.6252,0.9714,True,modal
layer,statement,will,T1,vix,607,0.0,101,-0.0981,0.3289,-0.1864,0.062,0.165,True,modal
layer,statement,will,T2,cfnai,543,0.0,91,-0.0669,0.5284,-0.0701,0.509,0.7746,True,modal
layer,statement,will,T2,vix,543,0.0,91,-0.296,0.0044,-0.3391,0.001,0.0113,True,modal
layer,statement,will,T3,cfnai,820,0.0,133,-0.2045,0.0182,-0.0504,0.5647,0.9914,True,modal
layer,statement,will,T3,vix,820,0.0,133,-0.1674,0.0541,-0.2593,0.0026,0.0186,True,modal
layer,statement,will,H1,cfnai,339,0.0,48,0.1965,0.1807,0.1789,0.2237,0.5658,True,modal
layer,statement,will,H1,vix,339,0.0,48,-0.3656,0.0106,-0.4435,0.0016,0.0434,True,modal
layer,statement,will,H2,cfnai,204,0.0,43,-0.3503,0.0213,-0.3314,0.03,0.1609,True,modal
layer,statement,will,H2,vix,204,0.0,43,-0.3664,0.0157,-0.4157,0.0056,0.0576,True,modal
layer,statement,would,T1,cfnai,49,0.535,101,0.1529,0.1269,-0.0183,0.8561,0.9714,True,modal
layer,statement,would,T1,vix,49,0.535,101,0.1784,0.0742,0.3382,0.0005,0.0076,True,modal
layer,statement,would,T2,cfnai,46,0.516,91,0.0094,0.9296,-0.1064,0.3153,0.6306,True,modal
layer,statement,would,T2,vix,46,0.516,91,0.45,0.0,0.4553,0.0,0.0002,True,modal
layer,statement,would,T3,cfnai,51,0.632,133,0.1323,0.129,-0.01,0.9095,0.9914,False,modal
layer,statement,would,T3,vix,51,0.632,133,0.1056,0.2263,0.2206,0.0107,0.0429,False,modal
layer,statement,would,H1,cfnai,1,0.979,48,0.0999,0.4994,0.1212,0.412,0.6632,False,modal
layer,statement,would,H1,vix,1,0.979,48,-0.1672,0.256,-0.2158,0.1406,0.5912,False,modal
layer,statement,would,H2,cfnai,45,0.0,43,-0.1764,0.2577,-0.1957,0.2085,0.3917,True,modal
layer,statement,would,H2,vix,45,0.0,43,-0.0524,0.7388,-0.0475,0.7622,0.8875,True,modal
layer,statement_vote,ALL,T1,cfnai,10,0.95,100,0.125,0.2153,0.2128,0.0336,0.3099,False,modal
layer,statement_vote,ALL,T1,vix,10,0.95,100,-0.0661,0.5138,-0.061,0.5465,0.7026,False,modal
layer,statement_vote,ALL,T2,cfnai,9,0.956,91,0.0786,0.459,0.162,0.125,0.4342,False,modal
layer,statement_vote,ALL,T2,vix,9,0.956,91,-0.0904,0.3939,-0.1213,0.2521,0.5004,False,modal
layer,statement_vote,ALL,T3,cfnai,30,0.841,132,0.0569,0.5167,0.009,0.9184,0.9914,False,modal
layer,statement_vote,ALL,T3,vix,30,0.841,132,-0.0616,0.4829,-0.0443,0.6143,0.8191,False,modal
layer,statement_vote,ALL,H1,cfnai,9,0.917,48,0.1669,0.2568,0.2361,0.1062,0.5321,False,modal
layer,statement_vote,ALL,H1,vix,9,0.917,48,0.0082,0.9557,-0.0109,0.9415,0.9539,False,modal
layer,statement_vote,ALL,H2,cfnai,0,1.0,43,,,,,,False,modal
layer,statement_vote,ALL,H2,vix,0,1.0,43,,,,,,False,modal
genre,minutes,can/occurrence,T1,cfnai,42,0.727,99,0.0456,0.6541,0.2937,0.0032,0.084,False,U3
genre,minutes,can/occurrence,T1,vix,42,0.727,99,0.4949,0.0,0.5395,0.0,0.0,False,U3
genre,minutes,can/occurrence,T2,cfnai,36,0.769,91,0.4257,0.0,0.321,0.0019,0.0936,False,U3
genre,minutes,can/occurrence,T2,vix,36,0.769,91,0.5682,0.0,0.4897,0.0,0.0001,False,U3
genre,minutes,can/occurrence,T3,cfnai,43,0.788,132,0.0429,0.6256,0.2663,0.002,0.0594,False,U3
genre,minutes,can/occurrence,T3,vix,43,0.788,132,0.3845,0.0,0.4169,0.0,0.0,False,U3
genre,minutes,can/occurrence,H1,cfnai,3,0.938,48,-0.3279,0.0229,-0.3181,0.0276,0.5363,False,U3
genre,minutes,can/occurrence,H1,vix,3,0.938,48,-0.0336,0.8205,0.0111,0.9402,0.993,False,U3
genre,minutes,can/occurrence,H2,cfnai,33,0.581,43,0.6045,0.0,0.6272,0.0,0.001,False,U3
genre,minutes,can/occurrence,H2,vix,33,0.581,43,0.5899,0.0,0.5891,0.0,0.0047,False,U3
genre,minutes,could/activity,T1,cfnai,206,0.152,99,-0.1725,0.0877,-0.1849,0.0669,0.4651,True,U3
genre,minutes,could/activity,T1,vix,206,0.152,99,0.1866,0.0644,0.084,0.4084,0.6854,True,U3
genre,minutes,could/activity,T2,cfnai,177,0.165,91,-0.0879,0.4074,-0.1177,0.2666,0.8108,True,U3
genre,minutes,could/activity,T2,vix,177,0.165,91,0.0554,0.6019,0.0502,0.6365,0.8473,True,U3
genre,minutes,could/activity,T3,cfnai,253,0.189,132,-0.1567,0.0727,-0.1941,0.0258,0.2351,True,U3
genre,minutes,could/activity,T3,vix,253,0.189,132,0.1967,0.0238,0.0521,0.5533,0.7917,True,U3
genre,minutes,could/activity,H1,cfnai,88,0.208,48,0.0533,0.7189,0.0661,0.6551,0.9582,True,U3
genre,minutes,could/activity,H1,vix,88,0.208,48,0.1177,0.4256,0.1565,0.2882,0.66,True,U3
genre,minutes,could/activity,H2,cfnai,89,0.116,43,-0.1961,0.2074,-0.2599,0.0924,0.5583,True,U3
genre,minutes,could/activity,H2,vix,89,0.116,43,-0.1666,0.2855,-0.2938,0.0559,0.5062,True,U3
genre,minutes,could/aspectual,T1,cfnai,40,0.677,99,-0.1491,0.1409,-0.0766,0.4511,0.9698,False,U3
genre,minutes,could/aspectual,T1,vix,40,0.677,99,-0.0083,0.9349,0.0807,0.4269,0.7003,False,U3
genre,minutes,could/aspectual,T2,cfnai,35,0.681,91,-0.0857,0.4192,-0.0369,0.7281,0.9853,False,U3
genre,minutes,could/aspectual,T2,vix,35,0.681,91,0.0494,0.6421,0.1308,0.2164,0.4716,False,U3
genre,minutes,could/aspectual,T3,cfnai,45,0.735,132,-0.1254,0.1518,-0.0056,0.9493,0.9696,False,U3
genre,minutes,could/aspectual,T3,vix,45,0.735,132,-0.0345,0.6947,0.0233,0.7906,0.937,False,U3
genre,minutes,could/aspectual,H1,cfnai,14,0.729,48,-0.0026,0.9861,0.0061,0.9671,0.9892,False,U3
genre,minutes,could/aspectual,H1,vix,14,0.729,48,0.2156,0.1411,0.2151,0.142,0.5621,False,U3
genre,minutes,could/aspectual,H2,cfnai,21,0.628,43,-0.1325,0.3969,-0.0838,0.5933,0.845,False,U3
genre,minutes,could/aspectual,H2,vix,21,0.628,43,-0.2066,0.1837,-0.1889,0.2252,0.6427,False,U3
genre,minutes,could/causative,T1,cfnai,486,0.01,99,0.1391,0.1697,0.0939,0.355,0.9452,True,U3
genre,minutes,could/causative,T1,vix,486,0.01,99,0.1466,0.1476,0.2309,0.0215,0.0896,True,U3
genre,minutes,could/causative,T2,cfnai,440,0.011,91,-0.0028,0.9791,-0.0029,0.9786,0.9853,True,U3
genre,minutes,could/causative,T2,vix,440,0.011,91,0.2427,0.0204,0.2668,0.0106,0.0618,True,U3
genre,minutes,could/causative,T3,cfnai,626,0.008,132,0.1311,0.1341,0.1334,0.1273,0.664,True,U3
genre,minutes,could/causative,T3,vix,626,0.008,132,0.1437,0.1002,0.1783,0.0408,0.1711,True,U3
genre,minutes,could/causative,H1,cfnai,206,0.021,48,0.0488,0.7419,0.0709,0.6319,0.9582,True,U3
genre,minutes,could/causative,H1,vix,206,0.021,48,-0.1005,0.4966,-0.0012,0.9936,0.9936,True,U3
genre,minutes,could/causative,H2,cfnai,234,0.0,43,-0.0611,0.6972,-0.0491,0.7545,0.9778,True,U3
genre,minutes,could/causative,H2,vix,234,0.0,43,0.1927,0.2157,0.1856,0.2334,0.6509,True,U3
genre,minutes,could/copular_adj,T1,cfnai,94,0.424,99,-0.0387,0.7035,-0.1449,0.1524,0.6356,True,U3
genre,minutes,could/copular_adj,T1,vix,94,0.424,99,-0.0094,0.9261,0.0721,0.4785,0.7202,True,U3
genre,minutes,could/copular_adj,T2,cfnai,84,0.44,91,-0.206,0.0501,-0.1543,0.1441,0.6787,True,U3
genre,minutes,could/copular_adj,T2,vix,84,0.44,91,0.0216,0.839,0.0811,0.4446,0.6991,True,U3
genre,minutes,could/copular_adj,T3,cfnai,133,0.417,132,-0.0168,0.848,-0.0471,0.592,0.963,True,U3
genre,minutes,could/copular_adj,T3,vix,133,0.417,132,0.1004,0.2519,0.1267,0.1476,0.3264,True,U3
genre,minutes,could/copular_adj,H1,cfnai,55,0.354,48,-0.4076,0.004,-0.2987,0.0392,0.5363,True,U3
genre,minutes,could/copular_adj,H1,vix,55,0.354,48,0.0427,0.7735,0.2264,0.1218,0.5621,True,U3
genre,minutes,could/copular_adj,H2,cfnai,29,0.535,43,-0.0705,0.6534,-0.0301,0.8479,0.9835,False,U3
genre,minutes,could/copular_adj,H2,vix,29,0.535,43,0.1694,0.2775,0.1885,0.226,0.6427,False,U3
genre,minutes,could/copular_nom,T1,cfnai,31,0.758,99,0.0941,0.3542,-0.022,0.8286,0.9698,False,U3
genre,minutes,could/copular_nom,T1,vix,31,0.758,99,-0.0905,0.3732,-0.0539,0.5961,0.7985,False,U3
genre,minutes,could/copular_nom,T2,cfnai,28,0.769,91,-0.0817,0.4411,-0.0815,0.4424,0.8778,False,U3
genre,minutes,could/copular_nom,T2,vix,28,0.769,91,-0.0872,0.4113,-0.0547,0.6067,0.8278,False,U3
genre,minutes,could/copular_nom,T3,cfnai,42,0.75,132,0.0875,0.3187,-0.0041,0.963,0.9696,False,U3
genre,minutes,could/copular_nom,T3,vix,42,0.75,132,-0.0379,0.6662,-0.0144,0.8697,0.937,False,U3
genre,minutes,could/copular_nom,H1,cfnai,23,0.667,48,-0.1491,0.3117,-0.1875,0.2018,0.7628,False,U3
genre,minutes,could/copular_nom,H1,vix,23,0.667,48,-0.0052,0.9718,0.0739,0.6177,0.8577,False,U3
genre,minutes,could/copular_nom,H2,cfnai,5,0.884,43,-0.0024,0.9876,0.0137,0.9305,0.9835,False,U3
genre,minutes,could/copular_nom,H2,vix,5,0.884,43,0.1861,0.2321,0.2003,0.1978,0.6427,False,U3
genre,minutes,could/existence,T1,cfnai,63,0.545,99,-0.0039,0.9691,-0.0273,0.7889,0.9698,True,U3
genre,minutes,could/existence,T1,vix,63,0.545,99,-0.0405,0.6908,-0.0183,0.857,0.9699,True,U3
genre,minutes,could/existence,T2,cfnai,56,0.56,91,-0.0349,0.7425,-0.0233,0.8263,0.9853,True,U3
genre,minutes,could/existence,T2,vix,56,0.56,91,0.0038,0.9714,0.0098,0.9264,0.9592,True,U3
genre,minutes,could/existence,T3,cfnai,80,0.545,132,-0.0098,0.9108,-0.0743,0.3972,0.9182,True,U3
genre,minutes,could/existence,T3,vix,80,0.545,132,-0.018,0.8374,-0.0356,0.6852,0.8932,True,U3
genre,minutes,could/existence,H1,cfnai,36,0.521,48,-0.3981,0.0051,-0.378,0.0081,0.5363,False,U3
genre,minutes,could/existence,H1,vix,36,0.521,48,0.0602,0.6845,0.1174,0.4269,0.8159,False,U3
genre,minutes,could/existence,H2,cfnai,20,0.605,43,0.2662,0.0844,0.3452,0.0234,0.2259,False,U3
genre,minutes,could/existence,H2,vix,20,0.605,43,0.106,0.4987,0.0494,0.7529,0.9414,False,U3
genre,minutes,could/mental,T1,cfnai,55,0.636,99,0.1161,0.2524,0.1541,0.1278,0.6173,False,U3
genre,minutes,could/mental,T1,vix,55,0.636,99,0.0361,0.7227,0.0103,0.9191,0.9957,False,U3
genre,minutes,could/mental,T2,cfnai,48,0.659,91,0.1894,0.0721,0.1325,0.2106,0.7686,False,U3
genre,minutes,could/mental,T2,vix,48,0.659,91,-0.0018,0.9868,-0.021,0.8433,0.9328,False,U3
genre,minutes,could/mental,T3,cfnai,63,0.682,132,0.1084,0.2159,0.1564,0.0733,0.5352,False,U3
genre,minutes,could/mental,T3,vix,63,0.682,132,0.0388,0.6583,-0.0124,0.8881,0.937,False,U3
genre,minutes,could/mental,H1,cfnai,31,0.562,48,-0.0543,0.714,-0.0332,0.8228,0.9752,False,U3
genre,minutes,could/mental,H1,vix,31,0.562,48,-0.0094,0.9493,0.0624,0.6736,0.867,False,U3
genre,minutes,could/mental,H2,cfnai,17,0.767,43,0.3394,0.026,0.3006,0.0501,0.404,False,U3
genre,minutes,could/mental,H2,vix,17,0.767,43,0.0967,0.5375,0.1152,0.4618,0.7972,False,U3
genre,minutes,could/occurrence,T1,cfnai,240,0.091,99,0.1267,0.2115,0.0332,0.7441,0.9698,True,U3
genre,minutes,could/occurrence,T1,vix,240,0.091,99,0.1199,0.2372,-0.002,0.984,0.9957,True,U3
genre,minutes,could/occurrence,T2,cfnai,218,0.099,91,-0.0369,0.7283,-0.0082,0.9383,0.9853,True,U3
genre,minutes,could/occurrence,T2,vix,218,0.099,91,0.085,0.4231,0.0235,0.8249,0.9193,True,U3
genre,minutes,could/occurrence,T3,cfnai,292,0.091,132,0.1128,0.1979,0.0372,0.6722,0.963,True,U3
genre,minutes,could/occurrence,T3,vix,292,0.091,132,0.0153,0.8614,-0.0752,0.3916,0.6283,True,U3
genre,minutes,could/occurrence,H1,cfnai,122,0.146,48,-0.0023,0.9875,0.0119,0.936,0.9892,True,U3
genre,minutes,could/occurrence,H1,vix,122,0.146,48,0.0355,0.8108,0.0235,0.8741,0.993,True,U3
genre,minutes,could/occurrence,H2,cfnai,96,0.047,43,-0.0731,0.6414,0.0017,0.9916,0.9916,True,U3
genre,minutes,could/occurrence,H2,vix,96,0.047,43,0.1718,0.2707,0.0478,0.7609,0.9414,True,U3
genre,minutes,could/other,T1,cfnai,273,0.131,99,-0.033,0.7457,-0.1267,0.2115,0.7182,True,U3
genre,minutes,could/other,T1,vix,273,0.131,99,-0.0077,0.9393,0.0083,0.9348,0.9957,True,U3
genre,minutes,could/other,T2,cfnai,243,0.143,91,-0.0117,0.9126,-0.0813,0.4437,0.8778,True,U3
genre,minutes,could/other,T2,vix,243,0.143,91,0.0152,0.8866,0.0405,0.7028,0.8823,True,U3
genre,minutes,could/other,T3,cfnai,340,0.114,132,-0.035,0.6901,-0.1228,0.1607,0.7335,True,U3
genre,minutes,could/other,T3,vix,340,0.114,132,0.0113,0.8979,-0.0223,0.7996,0.937,True,U3
genre,minutes,could/other,H1,cfnai,142,0.104,48,-0.2219,0.1296,-0.2153,0.1417,0.704,True,U3
genre,minutes,could/other,H1,vix,142,0.104,48,0.4156,0.0033,0.3568,0.0128,0.2201,True,U3
genre,minutes,could/other,H2,cfnai,101,0.186,43,0.1251,0.4242,0.0584,0.7097,0.9356,True,U3
genre,minutes,could/other,H2,vix,101,0.186,43,-0.2309,0.1362,-0.2016,0.1949,0.6427,True,U3
genre,minutes,could/policy_action,T1,cfnai,129,0.394,99,-0.0344,0.7353,-0.1315,0.1947,0.7105,True,U3
genre,minutes,could/policy_action,T1,vix,129,0.394,99,0.1812,0.0727,0.2376,0.0179,0.0817,True,U3
genre,minutes,could/policy_action,T2,cfnai,110,0.429,91,-0.1297,0.2206,-0.1654,0.1172,0.5957,True,U3
genre,minutes,could/policy_action,T2,vix,110,0.429,91,0.0581,0.5844,0.1614,0.1264,0.3296,True,U3
genre,minutes,could/policy_action,T3,cfnai,162,0.394,132,-0.0289,0.7419,-0.0796,0.3645,0.9173,True,U3
genre,minutes,could/policy_action,T3,vix,162,0.394,132,0.1599,0.067,0.1863,0.0325,0.1437,True,U3
genre,minutes,could/policy_action,H1,cfnai,63,0.396,48,0.0306,0.8363,-0.0356,0.8101,0.9752,True,U3
genre,minutes,could/policy_action,H1,vix,63,0.396,48,0.3375,0.019,0.4253,0.0026,0.147,True,U3
genre,minutes,could/policy_action,H2,cfnai,47,0.465,43,-0.2315,0.1352,-0.2455,0.1126,0.5665,True,U3
genre,minutes,could/policy_action,H2,vix,47,0.465,43,-0.1355,0.3864,-0.0774,0.6219,0.9094,True,U3
genre,minutes,may/activity,T1,cfnai,29,0.788,99,0.0143,0.8885,-0.06,0.5553,0.9698,False,U3
genre,minutes,may/activity,T1,vix,29,0.788,99,-0.1391,0.1697,-0.0823,0.4183,0.6939,False,U3
genre,minutes,may/activity,T2,cfnai,28,0.78,91,-0.0631,0.5527,-0.0411,0.699,0.9853,False,U3
genre,minutes,may/activity,T2,vix,28,0.78,91,-0.0769,0.4685,-0.0118,0.9113,0.9572,False,U3
genre,minutes,may/activity,T3,cfnai,40,0.795,132,0.0076,0.9309,-0.0688,0.4331,0.9514,False,U3
genre,minutes,may/activity,T3,vix,40,0.795,132,-0.1435,0.1006,-0.0907,0.301,0.5425,False,U3
genre,minutes,may/activity,H1,cfnai,18,0.771,48,0.0728,0.6227,0.0798,0.5897,0.9582,False,U3
genre,minutes,may/activity,H1,vix,18,0.771,48,0.0652,0.6599,0.0793,0.592,0.8577,False,U3
genre,minutes,may/activity,H2,cfnai,10,0.791,43,-0.1684,0.2804,-0.1989,0.2011,0.6396,False,U3
genre,minutes,may/activity,H2,vix,10,0.791,43,-0.189,0.2249,-0.1301,0.4058,0.7911,False,U3
genre,minutes,may/causative,T1,cfnai,82,0.515,99,0.0125,0.9021,0.0942,0.3534,0.9452,True,U3
genre,minutes,may/causative,T1,vix,82,0.515,99,-0.1525,0.1319,-0.1939,0.0544,0.1744,True,U3
genre,minutes,may/causative,T2,cfnai,77,0.505,91,0.1249,0.238,0.1649,0.1183,0.5957,True,U3
genre,minutes,may/causative,T2,vix,77,0.505,91,-0.102,0.3362,-0.1421,0.179,0.4148,True,U3
genre,minutes,may/causative,T3,cfnai,91,0.576,132,0.0132,0.8805,0.1235,0.1584,0.7335,True,U3
genre,minutes,may/causative,T3,vix,91,0.576,132,-0.1741,0.0458,-0.2206,0.011,0.0806,True,U3
genre,minutes,may/causative,H1,cfnai,56,0.396,48,0.0946,0.5225,0.1318,0.372,0.9582,True,U3
genre,minutes,may/causative,H1,vix,56,0.396,48,0.1398,0.3433,0.0424,0.775,0.9677,True,U3
genre,minutes,may/causative,H2,cfnai,21,0.628,43,0.2195,0.1573,0.1567,0.3155,0.6526,False,U3
genre,minutes,may/causative,H2,vix,21,0.628,43,-0.0696,0.6573,-0.0439,0.78,0.9414,False,U3
genre,minutes,may/copular_adj,T1,cfnai,94,0.535,99,-0.0388,0.7033,-0.1415,0.1625,0.6444,True,U3
genre,minutes,may/copular_adj,T1,vix,94,0.535,99,-0.0596,0.5579,-0.0433,0.6706,0.8369,True,U3
genre,minutes,may/copular_adj,T2,cfnai,89,0.527,91,-0.1889,0.0729,-0.1236,0.243,0.8108,True,U3
genre,minutes,may/copular_adj,T2,vix,89,0.527,91,-0.0935,0.3782,-0.0405,0.7033,0.8823,True,U3
genre,minutes,may/copular_adj,T3,cfnai,100,0.614,132,-0.0306,0.7273,-0.0312,0.7221,0.963,False,U3
genre,minutes,may/copular_adj,T3,vix,100,0.614,132,-0.0792,0.367,-0.07,0.4254,0.6752,False,U3
genre,minutes,may/copular_adj,H1,cfnai,37,0.583,48,0.037,0.803,0.0825,0.5771,0.9582,False,U3
genre,minutes,may/copular_adj,H1,vix,37,0.583,48,0.1436,0.3302,0.1381,0.3493,0.7509,False,U3
genre,minutes,may/copular_adj,H2,cfnai,52,0.465,43,-0.2887,0.0604,-0.245,0.1133,0.5665,True,U3
genre,minutes,may/copular_adj,H2,vix,52,0.465,43,-0.4258,0.0044,-0.5178,0.0004,0.0154,True,U3
genre,minutes,may/occurrence,T1,cfnai,65,0.556,99,-0.0867,0.3935,0.0791,0.4366,0.9698,True,U3
genre,minutes,may/occurrence,T1,vix,65,0.556,99,-0.1257,0.215,-0.1047,0.3024,0.5589,True,U3
genre,minutes,may/occurrence,T2,cfnai,62,0.538,91,0.0416,0.6953,0.1339,0.2057,0.7686,True,U3
genre,minutes,may/occurrence,T2,vix,62,0.538,91,-0.1313,0.2147,-0.0825,0.4369,0.6991,True,U3
genre,minutes,may/occurrence,T3,cfnai,74,0.598,132,-0.0805,0.3589,0.0931,0.2882,0.8486,True,U3
genre,minutes,may/occurrence,T3,vix,74,0.598,132,-0.1609,0.0652,-0.1536,0.0787,0.2297,True,U3
genre,minutes,may/occurrence,H1,cfnai,48,0.354,48,0.0325,0.8266,0.0996,0.5006,0.9582,True,U3
genre,minutes,may/occurrence,H1,vix,48,0.354,48,0.1339,0.3642,0.1913,0.1927,0.5621,True,U3
genre,minutes,may/occurrence,H2,cfnai,14,0.744,43,0.0915,0.5593,0.1601,0.305,0.6526,False,U3
genre,minutes,may/occurrence,H2,vix,14,0.744,43,-0.0489,0.7554,-0.056,0.7212,0.9414,False,U3
genre,minutes,may/other,T1,cfnai,124,0.616,99,0.0454,0.6555,-0.0901,0.3753,0.9612,False,U3
genre,minutes,may/other,T1,vix,124,0.616,99,-0.0485,0.6334,-0.0748,0.4621,0.7139,False,U3
genre,minutes,may/other,T2,cfnai,111,0.615,91,0.2637,0.0115,-0.0185,0.862,0.9853,False,U3
genre,minutes,may/other,T2,vix,111,0.615,91,-0.0257,0.809,-0.0397,0.7088,0.8823,False,U3
genre,minutes,may/other,T3,cfnai,168,0.606,132,0.0367,0.6757,-0.0828,0.345,0.9055,False,U3
genre,minutes,may/other,T3,vix,168,0.606,132,-0.0971,0.2681,-0.1312,0.1337,0.3003,False,U3
genre,minutes,may/other,H1,cfnai,70,0.604,48,0.1459,0.3225,0.0642,0.6646,0.9582,False,U3
genre,minutes,may/other,H1,vix,70,0.604,48,0.1506,0.307,0.1595,0.279,0.66,False,U3
genre,minutes,may/other,H2,cfnai,41,0.628,43,0.3908,0.0096,-0.0835,0.5944,0.845,False,U3
genre,minutes,may/other,H2,vix,41,0.628,43,-0.1331,0.395,-0.3144,0.0401,0.415,False,U3
genre,minutes,may/policy_action,T1,cfnai,51,0.758,99,0.059,0.562,0.0477,0.639,0.9698,False,U3
genre,minutes,may/policy_action,T1,vix,51,0.758,99,-0.1426,0.1591,-0.057,0.5751,0.7892,False,U3
genre,minutes,may/policy_action,T2,cfnai,48,0.747,91,0.1659,0.1159,0.0921,0.385,0.8778,False,U3
genre,minutes,may/policy_action,T2,vix,48,0.747,91,-0.0659,0.5351,0.027,0.7995,0.9019,False,U3
genre,minutes,may/policy_action,T3,cfnai,66,0.758,132,0.0492,0.5753,0.0156,0.8591,0.9696,False,U3
genre,minutes,may/policy_action,T3,vix,66,0.758,132,-0.1509,0.084,-0.0776,0.3764,0.6106,False,U3
genre,minutes,may/policy_action,H1,cfnai,33,0.708,48,0.1107,0.4537,0.0199,0.8931,0.9752,False,U3
genre,minutes,may/policy_action,H1,vix,33,0.708,48,0.0545,0.713,0.1114,0.451,0.8405,False,U3
genre,minutes,may/policy_action,H2,cfnai,15,0.791,43,0.2588,0.0938,0.1837,0.2384,0.6523,False,U3
genre,minutes,may/policy_action,H2,vix,15,0.791,43,-0.0673,0.6678,-0.0205,0.8962,0.9515,False,U3
genre,minutes,should/activity,T1,cfnai,73,0.657,99,0.0116,0.9092,-0.0493,0.6277,0.9698,False,U3
genre,minutes,should/activity,T1,vix,73,0.657,99,-0.103,0.3101,-0.1809,0.0732,0.2068,False,U3
genre,minutes,should/activity,T2,cfnai,69,0.648,91,-0.1197,0.2582,-0.021,0.8433,0.9853,False,U3
genre,minutes,should/activity,T2,vix,69,0.648,91,-0.1477,0.1623,-0.1648,0.1186,0.3216,False,U3
genre,minutes,should/activity,T3,cfnai,90,0.644,132,0.0086,0.9219,-0.0574,0.5131,0.963,False,U3
genre,minutes,should/activity,T3,vix,90,0.644,132,-0.0831,0.3435,-0.1474,0.0917,0.2463,False,U3
genre,minutes,should/activity,H1,cfnai,64,0.417,48,-0.271,0.0625,-0.2488,0.0882,0.6912,True,U3
genre,minutes,should/activity,H1,vix,64,0.417,48,0.1273,0.3886,0.1971,0.1793,0.5621,True,U3
genre,minutes,should/activity,H2,cfnai,5,0.907,43,0.0933,0.5518,0.1096,0.4842,0.7632,False,U3
genre,minutes,should/activity,H2,vix,5,0.907,43,0.2614,0.0905,0.1435,0.3585,0.7733,False,U3
genre,minutes,should/aspectual,T1,cfnai,36,0.727,99,-0.0776,0.4453,-0.0672,0.5086,0.9698,False,U3
genre,minutes,should/aspectual,T1,vix,36,0.727,99,-0.2633,0.0085,-0.2616,0.0089,0.0542,False,U3
genre,minutes,should/aspectual,T2,cfnai,34,0.725,91,-0.0637,0.5487,-0.0248,0.8151,0.9853,False,U3
genre,minutes,should/aspectual,T2,vix,34,0.725,91,-0.264,0.0114,-0.2419,0.0209,0.0954,False,U3
genre,minutes,should/aspectual,T3,cfnai,52,0.712,132,-0.0606,0.4898,-0.0654,0.4561,0.9514,False,U3
genre,minutes,should/aspectual,T3,vix,52,0.712,132,-0.2259,0.0092,-0.2536,0.0033,0.0348,False,U3
genre,minutes,should/aspectual,H1,cfnai,25,0.625,48,-0.0016,0.9913,-0.002,0.9892,0.9892,False,U3
genre,minutes,should/aspectual,H1,vix,25,0.625,48,-0.0785,0.596,0.0321,0.8283,0.9881,False,U3
genre,minutes,should/aspectual,H2,cfnai,9,0.837,43,-0.1039,0.5071,-0.1144,0.4651,0.7482,False,U3
genre,minutes,should/aspectual,H2,vix,9,0.837,43,-0.3316,0.0298,-0.3556,0.0193,0.3492,False,U3
genre,minutes,should/communication,T1,cfnai,54,0.596,99,-0.0029,0.977,-0.1412,0.1633,0.6444,True,U3
genre,minutes,should/communication,T1,vix,54,0.596,99,-0.0896,0.3777,0.0472,0.6427,0.809,True,U3
genre,minutes,should/communication,T2,cfnai,52,0.582,91,-0.0994,0.3486,-0.1698,0.1076,0.5949,True,U3
genre,minutes,should/communication,T2,vix,52,0.582,91,-0.0236,0.8241,0.1004,0.3435,0.6253,True,U3
genre,minutes,should/communication,T3,cfnai,66,0.644,132,0.0033,0.9701,-0.0719,0.413,0.9276,False,U3
genre,minutes,should/communication,T3,vix,66,0.644,132,-0.0879,0.3162,0.0148,0.8661,0.937,False,U3
genre,minutes,should/communication,H1,cfnai,25,0.667,48,-0.0705,0.6339,-0.0805,0.5864,0.9582,False,U3
genre,minutes,should/communication,H1,vix,25,0.667,48,0.0714,0.6298,0.2067,0.1587,0.5621,False,U3
genre,minutes,should/communication,H2,cfnai,27,0.488,43,-0.1374,0.3796,-0.194,0.2126,0.6396,False,U3
genre,minutes,should/communication,H2,vix,27,0.488,43,-0.2657,0.0851,-0.2631,0.0882,0.6397,False,U3
genre,minutes,should/other,T1,cfnai,83,0.475,99,0.0684,0.5013,0.111,0.2741,0.8166,True,U3
genre,minutes,should/other,T1,vix,83,0.475,99,-0.1061,0.2961,-0.141,0.1639,0.374,True,U3
genre,minutes,should/other,T2,cfnai,74,0.473,91,0.1362,0.1979,0.1403,0.1848,0.7606,True,U3
genre,minutes,should/other,T2,vix,74,0.473,91,-0.1524,0.1492,-0.1297,0.2204,0.4731,True,U3
genre,minutes,should/other,T3,cfnai,100,0.53,132,0.0604,0.4913,0.1213,0.1658,0.7335,True,U3
genre,minutes,should/other,T3,vix,100,0.53,132,-0.0579,0.5098,-0.1595,0.0678,0.215,True,U3
genre,minutes,should/other,H1,cfnai,51,0.333,48,0.1937,0.1871,0.1359,0.357,0.9582,True,U3
genre,minutes,should/other,H1,vix,51,0.333,48,-0.0859,0.5614,0.0056,0.9699,0.993,True,U3
genre,minutes,should/other,H2,cfnai,23,0.628,43,0.1292,0.4089,0.1554,0.3196,0.6526,False,U3
genre,minutes,should/other,H2,vix,23,0.628,43,-0.0208,0.8948,0.0298,0.8497,0.9478,False,U3
genre,minutes,should/policy_action,T1,cfnai,34,0.727,99,0.0945,0.3521,0.2437,0.0151,0.1572,False,U3
genre,minutes,should/policy_action,T1,vix,34,0.727,99,-0.137,0.1764,-0.0925,0.3623,0.6372,False,U3
genre,minutes,should/policy_action,T2,cfnai,33,0.714,91,0.213,0.0427,0.2321,0.0268,0.3505,False,U3
genre,minutes,should/policy_action,T2,vix,33,0.714,91,-0.1208,0.2541,-0.0686,0.5181,0.752,False,U3
genre,minutes,should/policy_action,T3,cfnai,57,0.667,132,0.0602,0.4927,0.0814,0.3535,0.9055,False,U3
genre,minutes,should/policy_action,T3,vix,57,0.667,132,-0.1897,0.0294,-0.1742,0.0458,0.1758,False,U3
genre,minutes,should/policy_action,H1,cfnai,23,0.625,48,0.3701,0.0096,0.3225,0.0254,0.5363,False,U3
genre,minutes,should/policy_action,H1,vix,23,0.625,48,-0.2227,0.1281,-0.1238,0.4017,0.7851,False,U3
genre,minutes,should/policy_action,H2,cfnai,10,0.814,43,0.131,0.4024,0.1355,0.3861,0.7216,False,U3
genre,minutes,should/policy_action,H2,vix,10,0.814,43,0.2321,0.1342,0.2583,0.0945,0.6397,False,U3
genre,minutes,will/activity,T1,cfnai,161,0.0,99,-0.1529,0.1308,-0.2764,0.0056,0.0911,True,U3
genre,minutes,will/activity,T1,vix,161,0.0,99,0.0697,0.4928,-0.0078,0.9389,0.9957,True,U3
genre,minutes,will/activity,T2,cfnai,145,0.0,91,-0.194,0.0654,-0.2356,0.0246,0.3505,True,U3
genre,minutes,will/activity,T2,vix,145,0.0,91,-0.0231,0.8278,-0.0554,0.6019,0.8278,True,U3
genre,minutes,will/activity,T3,cfnai,190,0.098,132,-0.1372,0.1167,-0.2168,0.0125,0.2032,True,U3
genre,minutes,will/activity,T3,vix,190,0.098,132,-0.1026,0.2419,-0.2037,0.0192,0.0999,True,U3
genre,minutes,will/activity,H1,cfnai,77,0.0,48,-0.027,0.8557,-0.0044,0.9763,0.9892,True,U3
genre,minutes,will/activity,H1,vix,77,0.0,48,-0.038,0.7979,0.0196,0.8945,0.993,True,U3
genre,minutes,will/activity,H2,cfnai,68,0.0,43,-0.279,0.07,-0.4196,0.0051,0.0739,True,U3
genre,minutes,will/activity,H2,vix,68,0.0,43,-0.1031,0.5105,-0.2495,0.1067,0.6397,True,U3
genre,minutes,will/aspectual,T1,cfnai,172,0.192,99,-0.0072,0.9433,-0.1797,0.0751,0.4985,True,U3
genre,minutes,will/aspectual,T1,vix,172,0.192,99,0.2234,0.0262,0.1926,0.0561,0.1744,True,U3
genre,minutes,will/aspectual,T2,cfnai,147,0.209,91,-0.1388,0.1894,-0.2211,0.0352,0.3505,True,U3
genre,minutes,will/aspectual,T2,vix,147,0.209,91,0.1065,0.3149,0.1533,0.1469,0.3749,True,U3
genre,minutes,will/aspectual,T3,cfnai,263,0.144,132,-0.0135,0.878,-0.1945,0.0254,0.2351,True,U3
genre,minutes,will/aspectual,T3,vix,263,0.144,132,0.1672,0.0554,0.1439,0.0998,0.2557,True,U3
genre,minutes,will/aspectual,H1,cfnai,55,0.396,48,-0.1663,0.2586,-0.2095,0.1529,0.704,True,U3
genre,minutes,will/aspectual,H1,vix,55,0.396,48,-0.0106,0.9428,0.13,0.3785,0.7841,True,U3
genre,minutes,will/aspectual,H2,cfnai,92,0.0,43,-0.2484,0.1083,-0.2541,0.1002,0.5586,True,U3
genre,minutes,will/aspectual,H2,vix,92,0.0,43,-0.4642,0.0017,-0.5137,0.0004,0.0154,True,U3
genre,minutes,will/causative,T1,cfnai,66,0.566,99,-0.1429,0.1582,-0.0079,0.9383,0.9808,True,U3
genre,minutes,will/causative,T1,vix,66,0.566,99,-0.2598,0.0094,-0.3299,0.0009,0.0089,True,U3
genre,minutes,will/causative,T2,cfnai,61,0.571,91,-0.0067,0.95,0.0652,0.5394,0.9375,True,U3
genre,minutes,will/causative,T2,vix,61,0.571,91,-0.3734,0.0003,-0.3951,0.0001,0.0017,True,U3
genre,minutes,will/causative,T3,cfnai,101,0.432,132,-0.1266,0.148,0.0027,0.9757,0.9757,True,U3
genre,minutes,will/causative,T3,vix,101,0.432,132,-0.1815,0.0373,-0.1905,0.0287,0.131,True,U3
genre,minutes,will/causative,H1,cfnai,56,0.271,48,0.14,0.3426,0.1279,0.3862,0.9582,True,U3
genre,minutes,will/causative,H1,vix,56,0.271,48,-0.3243,0.0245,-0.3262,0.0237,0.2544,True,U3
genre,minutes,will/causative,H2,cfnai,5,0.907,43,-0.1493,0.3395,-0.1514,0.3325,0.6604,False,U3
genre,minutes,will/causative,H2,vix,5,0.907,43,0.1209,0.44,0.1321,0.3983,0.7911,False,U3
genre,minutes,will/copular_adj,T1,cfnai,73,0.495,99,0.1425,0.1593,0.3125,0.0016,0.0598,True,U3
genre,minutes,will/copular_adj,T1,vix,73,0.495,99,0.0753,0.4588,0.1206,0.2344,0.4817,True,U3
genre,minutes,will/copular_adj,T2,cfnai,65,0.495,91,0.2049,0.0514,0.2833,0.0065,0.1584,True,U3
genre,minutes,will/copular_adj,T2,vix,65,0.495,91,0.1048,0.3227,0.112,0.2906,0.5733,True,U3
genre,minutes,will/copular_adj,T3,cfnai,89,0.545,132,0.1236,0.158,0.2504,0.0038,0.0922,True,U3
genre,minutes,will/copular_adj,T3,vix,89,0.545,132,-0.0551,0.5303,-0.0579,0.5097,0.7567,True,U3
genre,minutes,will/copular_adj,H1,cfnai,37,0.521,48,0.1204,0.4152,0.1907,0.1941,0.7628,False,U3
genre,minutes,will/copular_adj,H1,vix,37,0.521,48,0.0861,0.5605,0.162,0.2713,0.66,False,U3
genre,minutes,will/copular_adj,H2,cfnai,28,0.465,43,0.3296,0.0309,0.3474,0.0225,0.2259,False,U3
genre,minutes,will/copular_adj,H2,vix,28,0.465,43,0.2464,0.1112,0.2063,0.1843,0.6427,False,U3
genre,minutes,will/existence,T1,cfnai,51,0.596,99,0.0888,0.3818,0.2087,0.0382,0.3282,True,U3
genre,minutes,will/existence,T1,vix,51,0.596,99,-0.0407,0.6892,-0.1332,0.1889,0.4116,True,U3
genre,minutes,will/existence,T2,cfnai,45,0.615,91,0.1137,0.2832,0.1627,0.1234,0.6004,False,U3
genre,minutes,will/existence,T2,vix,45,0.615,91,-0.1337,0.2063,-0.2213,0.035,0.1345,False,U3
genre,minutes,will/existence,T3,cfnai,55,0.667,132,0.0829,0.3448,0.2036,0.0192,0.2065,False,U3
genre,minutes,will/existence,T3,vix,55,0.667,132,-0.0183,0.8346,-0.1073,0.2205,0.441,False,U3
genre,minutes,will/existence,H1,cfnai,36,0.438,48,0.1712,0.2446,0.1612,0.2736,0.8827,False,U3
genre,minutes,will/existence,H1,vix,36,0.438,48,-0.0822,0.5784,-0.1827,0.2139,0.5621,False,U3
genre,minutes,will/existence,H2,cfnai,9,0.814,43,0.1409,0.3675,0.168,0.2814,0.6526,False,U3
genre,minutes,will/existence,H2,vix,9,0.814,43,0.2456,0.1124,0.202,0.194,0.6427,False,U3
genre,minutes,will/mental,T1,cfnai,109,0.242,99,-0.2404,0.0165,-0.1952,0.0528,0.406,True,U3
genre,minutes,will/mental,T1,vix,109,0.242,99,-0.39,0.0001,-0.4659,0.0,0.0001,True,U3
genre,minutes,will/mental,T2,cfnai,101,0.231,91,-0.2235,0.0332,-0.1201,0.2569,0.8108,True,U3
genre,minutes,will/mental,T2,vix,101,0.231,91,-0.5352,0.0,-0.5106,0.0,0.0,True,U3
genre,minutes,will/mental,T3,cfnai,156,0.227,132,-0.192,0.0274,-0.1718,0.0489,0.3755,True,U3
genre,minutes,will/mental,T3,vix,156,0.227,132,-0.3494,0.0,-0.4165,0.0,0.0,True,U3
genre,minutes,will/mental,H1,cfnai,78,0.0,48,0.1202,0.4156,0.1254,0.3957,0.9582,True,U3
genre,minutes,will/mental,H1,vix,78,0.0,48,-0.315,0.0292,-0.282,0.0521,0.3354,True,U3
genre,minutes,will/mental,H2,cfnai,23,0.488,43,-0.4816,0.0011,-0.421,0.0049,0.0739,False,U3
genre,minutes,will/mental,H2,vix,23,0.488,43,-0.3643,0.0163,-0.3602,0.0177,0.3492,False,U3
genre,minutes,will/occurrence,T1,cfnai,67,0.535,99,0.0055,0.9567,0.1512,0.1353,0.6173,True,U3
genre,minutes,will/occurrence,T1,vix,67,0.535,99,-0.2536,0.0113,-0.3383,0.0006,0.0069,True,U3
genre,minutes,will/occurrence,T2,cfnai,62,0.549,91,0.1301,0.219,0.1687,0.11,0.5949,True,U3
genre,minutes,will/occurrence,T2,vix,62,0.549,91,-0.3241,0.0017,-0.3928,0.0001,0.0017,True,U3
genre,minutes,will/occurrence,T3,cfnai,113,0.485,132,-0.0062,0.9441,0.0544,0.5355,0.963,True,U3
genre,minutes,will/occurrence,T3,vix,113,0.485,132,-0.2669,0.002,-0.3121,0.0003,0.0053,True,U3
genre,minutes,will/occurrence,H1,cfnai,47,0.396,48,0.2424,0.0969,0.2463,0.0915,0.6912,True,U3
genre,minutes,will/occurrence,H1,vix,47,0.396,48,-0.2965,0.0407,-0.3976,0.0051,0.147,True,U3
genre,minutes,will/occurrence,H2,cfnai,15,0.721,43,0.0912,0.5607,0.118,0.4512,0.7372,False,U3
genre,minutes,will/occurrence,H2,vix,15,0.721,43,-0.1318,0.3995,-0.1113,0.4773,0.8142,False,U3
genre,minutes,will/other,T1,cfnai,74,0.636,99,0.3723,0.0001,0.2909,0.0035,0.084,False,U3
genre,minutes,will/other,T1,vix,74,0.636,99,-0.0054,0.9581,-0.0497,0.6254,0.8082,False,U3
genre,minutes,will/other,T2,cfnai,61,0.648,91,0.2931,0.0048,0.2352,0.0248,0.3505,False,U3
genre,minutes,will/other,T2,vix,61,0.648,91,-0.0845,0.4257,-0.0668,0.5292,0.7534,False,U3
genre,minutes,will/other,T3,cfnai,111,0.561,132,0.3131,0.0003,0.2026,0.0198,0.2065,True,U3
genre,minutes,will/other,T3,vix,111,0.561,132,0.0683,0.4365,0.0835,0.3414,0.5715,True,U3
genre,minutes,will/other,H1,cfnai,40,0.583,48,0.0884,0.5502,0.1083,0.4636,0.9582,True,U3
genre,minutes,will/other,H1,vix,40,0.583,48,-0.0482,0.7452,-0.0025,0.9866,0.9936,True,U3
genre,minutes,will/other,H2,cfnai,21,0.721,43,0.5274,0.0003,0.3298,0.0308,0.2788,False,U3
genre,minutes,will/other,H2,vix,21,0.721,43,0.0107,0.9457,-0.0069,0.9651,0.9925,False,U3
genre,minutes,will/policy_action,T1,cfnai,88,0.535,99,0.0293,0.7732,-0.0227,0.8239,0.9698,True,U3
genre,minutes,will/policy_action,T1,vix,88,0.535,99,-0.3063,0.002,-0.4092,0.0,0.0008,True,U3
genre,minutes,will/policy_action,T2,cfnai,85,0.516,91,-0.0583,0.5828,-0.0004,0.9968,0.9968,True,U3
genre,minutes,will/policy_action,T2,vix,85,0.516,91,-0.2884,0.0056,-0.3694,0.0003,0.0035,True,U3
genre,minutes,will/policy_action,T3,cfnai,123,0.5,132,0.0285,0.7454,-0.0151,0.8637,0.9696,True,U3
genre,minutes,will/policy_action,T3,vix,123,0.5,132,-0.1944,0.0255,-0.2484,0.0041,0.0396,True,U3
genre,minutes,will/policy_action,H1,cfnai,76,0.208,48,-0.0077,0.9584,-0.002,0.9891,0.9892,True,U3
genre,minutes,will/policy_action,H1,vix,76,0.208,48,-0.0858,0.5618,-0.1008,0.4956,0.8405,True,U3
genre,minutes,will/policy_action,H2,cfnai,9,0.86,43,-0.112,0.4745,-0.1044,0.5051,0.7721,False,U3
genre,minutes,will/policy_action,H2,vix,9,0.86,43,-0.006,0.9696,0.0409,0.7948,0.9414,False,U3
genre,minutes,would/activity,T1,cfnai,380,0.01,99,-0.2423,0.0157,-0.0914,0.3683,0.9602,True,U3
genre,minutes,would/activity,T1,vix,380,0.01,99,0.4225,0.0,0.3733,0.0001,0.0023,True,U3
genre,minutes,would/activity,T2,cfnai,328,0.011,91,0.0543,0.6093,-0.0057,0.9573,0.9853,True,U3
genre,minutes,would/activity,T2,vix,328,0.011,91,0.4532,0.0,0.3586,0.0005,0.0047,True,U3
genre,minutes,would/activity,T3,cfnai,452,0.045,132,-0.2125,0.0144,-0.0375,0.6691,0.963,True,U3
genre,minutes,would/activity,T3,vix,452,0.045,132,0.2732,0.0015,0.2188,0.0117,0.0814,True,U3
genre,minutes,would/activity,H1,cfnai,152,0.021,48,-0.1884,0.1998,-0.1869,0.2033,0.7628,True,U3
genre,minutes,would/activity,H1,vix,152,0.021,48,0.237,0.1049,0.2039,0.1646,0.5621,True,U3
genre,minutes,would/activity,H2,cfnai,176,0.0,43,0.1423,0.3628,0.1292,0.409,0.7372,True,U3
genre,minutes,would/activity,H2,vix,176,0.0,43,0.4084,0.0066,0.3162,0.0388,0.415,True,U3
genre,minutes,would/aspectual,T1,cfnai,314,0.051,99,0.0404,0.6914,-0.0102,0.9206,0.9808,True,U3
genre,minutes,would/aspectual,T1,vix,314,0.051,99,0.1887,0.0614,0.144,0.1552,0.3596,True,U3
genre,minutes,would/aspectual,T2,cfnai,271,0.055,91,0.0837,0.4304,-0.0677,0.524,0.9341,True,U3
genre,minutes,would/aspectual,T2,vix,271,0.055,91,0.0348,0.7435,0.0344,0.746,0.9019,True,U3
genre,minutes,would/aspectual,T3,cfnai,376,0.091,132,0.0358,0.6837,0.0191,0.8283,0.9696,True,U3
genre,minutes,would/aspectual,T3,vix,376,0.091,132,0.1258,0.1507,0.0783,0.3722,0.6106,True,U3
genre,minutes,would/aspectual,H1,cfnai,120,0.104,48,-0.2047,0.1628,-0.2082,0.1555,0.704,True,U3
genre,minutes,would/aspectual,H1,vix,120,0.104,48,-0.1291,0.3818,-0.221,0.1311,0.5621,True,U3
genre,minutes,would/aspectual,H2,cfnai,151,0.0,43,0.261,0.091,0.1777,0.2543,0.6526,True,U3
genre,minutes,would/aspectual,H2,vix,151,0.0,43,-0.1822,0.2422,-0.1546,0.3221,0.7561,True,U3
genre,minutes,would/causative,T1,cfnai,295,0.131,99,-0.129,0.203,0.0322,0.752,0.9698,True,U3
genre,minutes,would/causative,T1,vix,295,0.131,99,-0.0448,0.6598,0.0045,0.9644,0.9957,True,U3
genre,minutes,would/causative,T2,cfnai,269,0.132,91,0.0705,0.5066,0.1403,0.1847,0.7606,True,U3
genre,minutes,would/causative,T2,vix,269,0.132,91,-0.0927,0.3823,-0.0041,0.9692,0.98,True,U3
genre,minutes,would/causative,T3,cfnai,393,0.106,132,-0.1154,0.1876,0.0246,0.7799,0.9696,True,U3
genre,minutes,would/causative,T3,vix,393,0.106,132,-0.0886,0.3125,-0.0325,0.7116,0.8957,True,U3
genre,minutes,would/causative,H1,cfnai,163,0.083,48,0.0512,0.7295,0.0896,0.5446,0.9582,True,U3
genre,minutes,would/causative,H1,vix,163,0.083,48,-0.1536,0.2973,-0.062,0.6755,0.867,True,U3
genre,minutes,would/causative,H2,cfnai,106,0.186,43,0.1027,0.5122,0.1642,0.2927,0.6526,True,U3
genre,minutes,would/causative,H2,vix,106,0.186,43,0.0836,0.5942,0.1972,0.2049,0.6427,True,U3
genre,minutes,would/communication,T1,cfnai,82,0.505,99,-0.0166,0.8705,0.0743,0.4648,0.9698,True,U3
genre,minutes,would/communication,T1,vix,82,0.505,99,-0.1074,0.2899,-0.2068,0.04,0.146,True,U3
genre,minutes,would/communication,T2,cfnai,70,0.538,91,0.0406,0.7023,0.1008,0.3418,0.8459,True,U3
genre,minutes,would/communication,T2,vix,70,0.538,91,-0.2284,0.0294,-0.3076,0.003,0.0232,True,U3
genre,minutes,would/communication,T3,cfnai,99,0.53,132,-0.0202,0.8184,0.0149,0.8653,0.9696,True,U3
genre,minutes,would/communication,T3,vix,99,0.53,132,-0.1173,0.1803,-0.2131,0.0141,0.0852,True,U3
genre,minutes,would/communication,H1,cfnai,55,0.375,48,0.0674,0.6489,0.1113,0.4513,0.9582,True,U3
genre,minutes,would/communication,H1,vix,55,0.375,48,-0.1572,0.286,-0.2098,0.1524,0.5621,True,U3
genre,minutes,would/communication,H2,cfnai,15,0.721,43,0.0651,0.6784,0.0732,0.641,0.9024,False,U3
genre,minutes,would/communication,H2,vix,15,0.721,43,0.0204,0.8967,-0.004,0.9796,0.9978,False,U3
genre,minutes,would/copular_adj,T1,cfnai,701,0.0,99,0.0025,0.9802,0.1473,0.1456,0.6356,True,U3
genre,minutes,would/copular_adj,T1,vix,701,0.0,99,0.3525,0.0003,0.3764,0.0001,0.0023,True,U3
genre,minutes,would/copular_adj,T2,cfnai,620,0.0,91,0.142,0.1795,0.1368,0.1959,0.7606,True,U3
genre,minutes,would/copular_adj,T2,vix,620,0.0,91,0.3661,0.0004,0.3228,0.0018,0.0165,True,U3
genre,minutes,would/copular_adj,T3,cfnai,872,0.0,132,0.0002,0.9978,0.1225,0.1617,0.7335,True,U3
genre,minutes,would/copular_adj,T3,vix,872,0.0,132,0.2714,0.0016,0.2856,0.0009,0.0132,True,U3
genre,minutes,would/copular_adj,H1,cfnai,306,0.0,48,0.2313,0.1137,0.2297,0.1162,0.704,True,U3
genre,minutes,would/copular_adj,H1,vix,306,0.0,48,0.2131,0.1459,0.2821,0.052,0.3354,True,U3
genre,minutes,would/copular_adj,H2,cfnai,314,0.0,43,0.0841,0.5916,0.0344,0.8268,0.9835,True,U3
genre,minutes,would/copular_adj,H2,vix,314,0.0,43,0.2899,0.0594,0.1924,0.2165,0.6427,True,U3
genre,minutes,would/copular_nom,T1,cfnai,64,0.515,99,-0.0507,0.6184,-0.0184,0.8569,0.9698,True,U3
genre,minutes,would/copular_nom,T1,vix,64,0.515,99,-0.0505,0.6197,-0.037,0.7163,0.8643,True,U3
genre,minutes,would/copular_nom,T2,cfnai,57,0.538,91,-0.0002,0.9984,-0.0314,0.7678,0.9853,True,U3
genre,minutes,would/copular_nom,T2,vix,57,0.538,91,-0.1355,0.2004,-0.0992,0.3497,0.6253,True,U3
genre,minutes,would/copular_nom,T3,cfnai,87,0.515,132,-0.0375,0.6697,-0.0099,0.9099,0.9696,True,U3
genre,minutes,would/copular_nom,T3,vix,87,0.515,132,-0.0547,0.5336,-0.0257,0.7696,0.921,True,U3
genre,minutes,would/copular_nom,H1,cfnai,33,0.521,48,0.0333,0.8221,-0.0152,0.9181,0.987,False,U3
genre,minutes,would/copular_nom,H1,vix,33,0.521,48,-0.086,0.5612,-0.0144,0.9226,0.993,False,U3
genre,minutes,would/copular_nom,H2,cfnai,24,0.558,43,-0.0204,0.8968,-0.0271,0.8633,0.9835,False,U3
genre,minutes,would/copular_nom,H2,vix,24,0.558,43,-0.2021,0.1938,-0.1982,0.2027,0.6427,False,U3
genre,minutes,would/existence,T1,cfnai,196,0.222,99,0.0919,0.3657,0.3416,0.0005,0.0263,True,U3
genre,minutes,would/existence,T1,vix,196,0.222,99,0.0814,0.4234,0.0186,0.8552,0.9699,True,U3
genre,minutes,would/existence,T2,cfnai,169,0.231,91,0.3378,0.0011,0.3329,0.0013,0.0936,True,U3
genre,minutes,would/existence,T2,vix,169,0.231,91,-0.0439,0.6797,-0.0989,0.3512,0.6253,True,U3
genre,minutes,would/existence,T3,cfnai,242,0.25,132,0.0753,0.3911,0.2765,0.0013,0.0594,True,U3
genre,minutes,would/existence,T3,vix,242,0.25,132,0.059,0.5014,0.0281,0.7493,0.9149,True,U3
genre,minutes,would/existence,H1,cfnai,106,0.104,48,0.2763,0.0573,0.2944,0.0423,0.5363,True,U3
genre,minutes,would/existence,H1,vix,106,0.104,48,-0.0512,0.7295,-0.1041,0.4816,0.8405,True,U3
genre,minutes,would/existence,H2,cfnai,63,0.372,43,0.4031,0.0074,0.3742,0.0134,0.1763,True,U3
genre,minutes,would/existence,H2,vix,63,0.372,43,0.1557,0.3189,0.1337,0.3926,0.7911,True,U3
genre,minutes,would/mental,T1,cfnai,168,0.131,99,-0.1481,0.1436,-0.2665,0.0077,0.1119,True,U3
genre,minutes,would/mental,T1,vix,168,0.131,99,-0.1213,0.2316,-0.2535,0.0113,0.0636,True,U3
genre,minutes,would/mental,T2,cfnai,153,0.132,91,-0.1326,0.2101,-0.2007,0.0564,0.4341,True,U3
genre,minutes,would/mental,T2,vix,153,0.132,91,-0.2211,0.0352,-0.2871,0.0058,0.0352,True,U3
genre,minutes,would/mental,T3,cfnai,219,0.144,132,-0.1424,0.1034,-0.3113,0.0003,0.0205,True,U3
genre,minutes,would/mental,T3,vix,219,0.144,132,-0.086,0.3268,-0.1781,0.041,0.1711,True,U3
genre,minutes,would/mental,H1,cfnai,94,0.104,48,-0.2508,0.0856,-0.2879,0.0472,0.5363,True,U3
genre,minutes,would/mental,H1,vix,94,0.104,48,-0.2153,0.1416,-0.1907,0.1941,0.5621,True,U3
genre,minutes,would/mental,H2,cfnai,59,0.163,43,-0.051,0.7452,-0.1437,0.3579,0.692,True,U3
genre,minutes,would/mental,H2,vix,59,0.163,43,-0.1141,0.4663,-0.2514,0.104,0.6397,True,U3
genre,minutes,would/occurrence,T1,cfnai,435,0.01,99,0.1151,0.2564,0.0137,0.8933,0.9806,True,U3
genre,minutes,would/occurrence,T1,vix,435,0.01,99,-0.1702,0.0921,-0.208,0.0389,0.1455,True,U3
genre,minutes,would/occurrence,T2,cfnai,412,0.011,91,-0.0255,0.8106,0.0076,0.9427,0.9853,True,U3
genre,minutes,would/occurrence,T2,vix,412,0.011,91,-0.0772,0.4672,-0.1149,0.2783,0.5723,True,U3
genre,minutes,would/occurrence,T3,cfnai,561,0.015,132,0.1115,0.2029,0.0668,0.4469,0.9514,True,U3
genre,minutes,would/occurrence,T3,vix,561,0.015,132,-0.124,0.1567,-0.1574,0.0714,0.2172,True,U3
genre,minutes,would/occurrence,H1,cfnai,283,0.0,48,-0.0107,0.9425,-0.0225,0.8791,0.9752,True,U3
genre,minutes,would/occurrence,H1,vix,283,0.0,48,0.1772,0.2282,0.1888,0.1988,0.5621,True,U3
genre,minutes,would/occurrence,H2,cfnai,129,0.023,43,-0.0057,0.9711,-0.0199,0.8994,0.9835,True,U3
genre,minutes,would/occurrence,H2,vix,129,0.023,43,0.2115,0.1734,0.1356,0.3859,0.7911,True,U3
genre,minutes,would/other,T1,cfnai,437,0.04,99,-0.0618,0.5435,0.016,0.8753,0.9755,True,U3
genre,minutes,would/other,T1,vix,437,0.04,99,0.1024,0.3134,0.1091,0.2826,0.5344,True,U3
genre,minutes,would/other,T2,cfnai,390,0.044,91,-0.035,0.742,0.0081,0.939,0.9853,True,U3
genre,minutes,would/other,T2,vix,390,0.044,91,0.0247,0.8164,0.0341,0.7482,0.9019,True,U3
genre,minutes,would/other,T3,cfnai,633,0.038,132,-0.0545,0.5351,-0.0678,0.4396,0.9514,True,U3
genre,minutes,would/other,T3,vix,633,0.038,132,0.1562,0.0737,0.1446,0.0982,0.2557,True,U3
genre,minutes,would/other,H1,cfnai,225,0.042,48,-0.1891,0.1981,-0.1363,0.3555,0.9582,True,U3
genre,minutes,would/other,H1,vix,225,0.042,48,-0.0468,0.7523,0.0357,0.8098,0.9809,True,U3
genre,minutes,would/other,H2,cfnai,165,0.047,43,0.0711,0.6505,0.1176,0.4525,0.7372,True,U3
genre,minutes,would/other,H2,vix,165,0.047,43,0.1324,0.3974,0.1673,0.2837,0.7298,True,U3
genre,minutes,would/policy_action,T1,cfnai,455,0.0,99,0.041,0.6869,-0.0658,0.5173,0.9698,True,U3
genre,minutes,would/policy_action,T1,vix,455,0.0,99,-0.2719,0.0065,-0.3965,0.0,0.0012,True,U3
genre,minutes,would/policy_action,T2,cfnai,414,0.0,91,-0.0199,0.8513,-0.0607,0.5674,0.9414,True,U3
genre,minutes,would/policy_action,T2,vix,414,0.0,91,-0.4408,0.0,-0.4661,0.0,0.0002,True,U3
genre,minutes,would/policy_action,T3,cfnai,591,0.0,132,0.0308,0.7257,-0.0758,0.3879,0.9173,True,U3
genre,minutes,would/policy_action,T3,vix,591,0.0,132,-0.1749,0.0448,-0.3603,0.0,0.0008,True,U3
genre,minutes,would/policy_action,H1,cfnai,286,0.0,48,0.0852,0.5649,0.0461,0.7557,0.9699,True,U3
genre,minutes,would/policy_action,H1,vix,286,0.0,48,-0.2986,0.0393,-0.3383,0.0187,0.2544,True,U3
genre,minutes,would/policy_action,H2,cfnai,128,0.0,43,-0.087,0.5793,-0.2103,0.176,0.5904,True,U3
genre,minutes,would/policy_action,H2,vix,128,0.0,43,-0.2392,0.1224,-0.2064,0.1841,0.6427,True,U3
genre,press_conf,can/activity,T1,cfnai,533,0.037,80,-0.178,0.1142,0.2412,0.0312,0.3034,True,U3
genre,press_conf,can/activity,T1,vix,533,0.037,80,0.4848,0.0,0.3979,0.0003,0.0038,True,U3
genre,press_conf,can/activity,T2,cfnai,428,0.042,71,0.3483,0.0029,0.2947,0.0126,0.263,True,U3
genre,press_conf,can/activity,T2,vix,428,0.042,71,0.2737,0.0209,0.259,0.0292,0.1292,True,U3
genre,press_conf,can/activity,T3,cfnai,645,0.033,92,-0.1556,0.1386,0.2084,0.0462,0.375,True,U3
genre,press_conf,can/activity,T3,vix,645,0.033,92,0.4239,0.0,0.3555,0.0005,0.0082,True,U3
genre,press_conf,can/activity,H2,cfnai,310,0.023,43,0.4181,0.0053,0.37,0.0146,0.1763,True,U3
genre,press_conf,can/activity,H2,vix,310,0.023,43,0.1865,0.2311,0.1925,0.2161,0.6427,True,U3
genre,press_conf,can/aspectual,T1,cfnai,41,0.637,80,-0.0205,0.857,-0.0277,0.8076,0.9698,False,U3
genre,press_conf,can/aspectual,T1,vix,41,0.637,80,0.1044,0.3568,0.0473,0.6771,0.8378,False,U3
genre,press_conf,can/aspectual,T2,cfnai,37,0.634,71,0.1237,0.3041,0.0303,0.8017,0.9853,False,U3
genre,press_conf,can/aspectual,T2,vix,37,0.634,71,-0.0095,0.9371,0.017,0.888,0.9519,False,U3
genre,press_conf,can/aspectual,T3,cfnai,43,0.663,92,-0.0258,0.8068,-0.0605,0.5667,0.963,False,U3
genre,press_conf,can/aspectual,T3,vix,43,0.663,92,0.0914,0.3863,0.0342,0.7461,0.9149,False,U3
genre,press_conf,can/aspectual,H2,cfnai,32,0.512,43,0.1244,0.4266,0.0709,0.6514,0.9063,False,U3
genre,press_conf,can/aspectual,H2,vix,32,0.512,43,-0.1887,0.2256,-0.1409,0.3674,0.7733,False,U3
genre,press_conf,can/causative,T1,cfnai,62,0.575,80,-0.093,0.4121,-0.0242,0.8316,0.9698,True,U3
genre,press_conf,can/causative,T1,vix,62,0.575,80,0.0957,0.3985,0.0064,0.9551,0.9957,True,U3
genre,press_conf,can/causative,T2,cfnai,53,0.592,71,0.0809,0.5022,0.1275,0.2894,0.8133,True,U3
genre,press_conf,can/causative,T2,vix,53,0.592,71,0.0473,0.6953,-0.0101,0.9331,0.9593,True,U3
genre,press_conf,can/causative,T3,cfnai,77,0.522,92,-0.0901,0.3929,-0.0429,0.685,0.963,True,U3
genre,press_conf,can/causative,T3,vix,77,0.522,92,0.0845,0.4234,0.0111,0.9161,0.9486,True,U3
genre,press_conf,can/causative,H2,cfnai,35,0.651,43,0.0792,0.6135,0.1364,0.3832,0.7216,False,U3
genre,press_conf,can/causative,H2,vix,35,0.651,43,0.0684,0.6632,0.1662,0.2868,0.7298,False,U3
genre,press_conf,can/communication,T1,cfnai,259,0.125,80,-0.0096,0.9328,-0.1168,0.3021,0.8647,True,U3
genre,press_conf,can/communication,T1,vix,259,0.125,80,0.049,0.6663,0.024,0.8326,0.9648,True,U3
genre,press_conf,can/communication,T2,cfnai,221,0.127,71,-0.106,0.3791,-0.1084,0.3681,0.8778,True,U3
genre,press_conf,can/communication,T2,vix,221,0.127,71,-0.0878,0.4664,-0.0493,0.6832,0.875,True,U3
genre,press_conf,can/communication,T3,cfnai,296,0.13,92,-0.0046,0.9652,-0.0572,0.5883,0.963,True,U3
genre,press_conf,can/communication,T3,vix,296,0.13,92,0.1194,0.257,0.0598,0.5711,0.7917,True,U3
genre,press_conf,can/communication,H2,cfnai,155,0.14,43,-0.2243,0.1482,-0.2729,0.0766,0.5048,True,U3
genre,press_conf,can/communication,H2,vix,155,0.14,43,-0.1819,0.2429,-0.1291,0.4092,0.7911,True,U3
genre,press_conf,can/copular_adj,T1,cfnai,55,0.525,80,0.1292,0.2535,0.0533,0.6388,0.9698,True,U3
genre,press_conf,can/copular_adj,T1,vix,55,0.525,80,-0.0573,0.6137,-0.0823,0.4677,0.7139,True,U3
genre,press_conf,can/copular_adj,T2,cfnai,49,0.521,71,-0.0538,0.6556,-0.0085,0.9441,0.9853,True,U3
genre,press_conf,can/copular_adj,T2,vix,49,0.521,71,-0.0079,0.948,-0.0632,0.6008,0.8278,True,U3
genre,press_conf,can/copular_adj,T3,cfnai,67,0.511,92,0.1186,0.2603,0.079,0.454,0.9514,True,U3
genre,press_conf,can/copular_adj,T3,vix,67,0.511,92,0.0188,0.8588,-0.0198,0.8512,0.937,True,U3
genre,press_conf,can/copular_adj,H2,cfnai,29,0.558,43,-0.0343,0.8272,0.0079,0.9597,0.9835,False,U3
genre,press_conf,can/copular_adj,H2,vix,29,0.558,43,0.1282,0.4128,0.0576,0.7139,0.9414,False,U3
genre,press_conf,can/copular_nom,T1,cfnai,48,0.575,80,-0.2015,0.0731,-0.1242,0.2725,0.8166,True,U3
genre,press_conf,can/copular_nom,T1,vix,48,0.575,80,-0.0928,0.4129,-0.1486,0.1882,0.4116,True,U3
genre,press_conf,can/copular_nom,T2,cfnai,41,0.592,71,0.0243,0.8404,-0.0651,0.5896,0.9564,True,U3
genre,press_conf,can/copular_nom,T2,vix,41,0.592,71,-0.1389,0.2481,-0.1991,0.096,0.2921,True,U3
genre,press_conf,can/copular_nom,T3,cfnai,52,0.598,92,-0.1946,0.063,-0.118,0.2627,0.8338,True,U3
genre,press_conf,can/copular_nom,T3,vix,52,0.598,92,-0.0431,0.6836,-0.0769,0.4661,0.7163,True,U3
genre,press_conf,can/copular_nom,H2,cfnai,23,0.628,43,0.0449,0.7749,-0.0398,0.8,0.9835,False,U3
genre,press_conf,can/copular_nom,H2,vix,23,0.628,43,-0.0608,0.6988,-0.0527,0.7369,0.9414,False,U3
genre,press_conf,can/existence,T1,cfnai,83,0.4,80,-0.0637,0.5746,0.1378,0.223,0.7235,True,U3
genre,press_conf,can/existence,T1,vix,83,0.4,80,0.2346,0.0362,0.2011,0.0737,0.2068,True,U3
genre,press_conf,can/existence,T2,cfnai,72,0.423,71,0.1391,0.2474,0.1546,0.198,0.7606,True,U3
genre,press_conf,can/existence,T2,vix,72,0.423,71,0.2969,0.0119,0.1947,0.1038,0.3061,True,U3
genre,press_conf,can/existence,T3,cfnai,87,0.435,92,-0.0626,0.5533,0.1342,0.2023,0.7572,True,U3
genre,press_conf,can/existence,T3,vix,87,0.435,92,0.2214,0.0339,0.1786,0.0885,0.2463,True,U3
genre,press_conf,can/existence,H2,cfnai,56,0.349,43,0.1042,0.5061,0.1296,0.4074,0.7372,True,U3
genre,press_conf,can/existence,H2,vix,56,0.349,43,0.3226,0.0349,0.3214,0.0356,0.415,True,U3
genre,press_conf,can/mental,T1,cfnai,255,0.087,80,-0.1062,0.3485,-0.0849,0.4538,0.9698,True,U3
genre,press_conf,can/mental,T1,vix,255,0.087,80,0.1335,0.2377,0.1281,0.2573,0.5044,True,U3
genre,press_conf,can/mental,T2,cfnai,226,0.099,71,-0.0955,0.4283,-0.0705,0.5588,0.9389,True,U3
genre,press_conf,can/mental,T2,vix,226,0.099,71,0.134,0.2652,0.1001,0.406,0.6836,True,U3
genre,press_conf,can/mental,T3,cfnai,293,0.076,92,-0.1025,0.331,-0.0691,0.513,0.963,True,U3
genre,press_conf,can/mental,T3,vix,293,0.076,92,0.1552,0.1395,0.1487,0.1571,0.3374,True,U3
genre,press_conf,can/mental,H2,cfnai,164,0.047,43,-0.1309,0.4028,-0.135,0.3882,0.7216,True,U3
genre,press_conf,can/mental,H2,vix,164,0.047,43,0.0388,0.8051,-0.0846,0.5898,0.9094,True,U3
genre,press_conf,can/occurrence,T1,cfnai,69,0.475,80,-0.0861,0.4476,-0.0496,0.6621,0.9698,True,U3
genre,press_conf,can/occurrence,T1,vix,69,0.475,80,0.0879,0.4383,0.082,0.4694,0.7139,True,U3
genre,press_conf,can/occurrence,T2,cfnai,63,0.465,71,0.0624,0.6053,0.0098,0.935,0.9853,True,U3
genre,press_conf,can/occurrence,T2,vix,63,0.465,71,0.1781,0.1372,0.1505,0.2102,0.4649,True,U3
genre,press_conf,can/occurrence,T3,cfnai,74,0.5,92,-0.0811,0.4422,-0.0111,0.9161,0.9696,True,U3
genre,press_conf,can/occurrence,T3,vix,74,0.5,92,0.1124,0.286,0.1045,0.3214,0.5654,True,U3
genre,press_conf,can/occurrence,H2,cfnai,47,0.395,43,0.1445,0.3553,0.1057,0.5,0.7721,True,U3
genre,press_conf,can/occurrence,H2,vix,47,0.395,43,0.2147,0.1669,0.2382,0.124,0.6397,True,U3
genre,press_conf,can/other,T1,cfnai,457,0.025,80,-0.1833,0.1036,-0.005,0.9651,0.9823,True,U3
genre,press_conf,can/other,T1,vix,457,0.025,80,0.3578,0.0011,0.3529,0.0013,0.0107,True,U3
genre,press_conf,can/other,T2,cfnai,387,0.014,71,0.0633,0.6002,0.0741,0.5388,0.9375,True,U3
genre,press_conf,can/other,T2,vix,387,0.014,71,0.2114,0.0767,0.3245,0.0058,0.0352,True,U3
genre,press_conf,can/other,T3,cfnai,531,0.022,92,-0.1786,0.0885,-0.0459,0.6643,0.963,True,U3
genre,press_conf,can/other,T3,vix,531,0.022,92,0.3206,0.0018,0.3314,0.0013,0.0166,True,U3
genre,press_conf,can/other,H2,cfnai,275,0.0,43,0.118,0.4511,0.2087,0.1792,0.5904,True,U3
genre,press_conf,can/other,H2,vix,275,0.0,43,-0.0176,0.9107,0.0749,0.6331,0.9094,True,U3
genre,press_conf,can/policy_action,T1,cfnai,122,0.325,80,-0.0069,0.9516,0.0087,0.9389,0.9808,True,U3
genre,press_conf,can/policy_action,T1,vix,122,0.325,80,0.2396,0.0323,0.1451,0.1992,0.4277,True,U3
genre,press_conf,can/policy_action,T2,cfnai,93,0.352,71,0.0501,0.6783,0.0078,0.9485,0.9853,True,U3
genre,press_conf,can/policy_action,T2,vix,93,0.352,71,0.0005,0.9965,0.0169,0.8889,0.9519,True,U3
genre,press_conf,can/policy_action,T3,cfnai,155,0.283,92,-0.0097,0.9265,-0.0433,0.6822,0.963,True,U3
genre,press_conf,can/policy_action,T3,vix,155,0.283,92,0.2475,0.0174,0.1763,0.0928,0.2463,True,U3
genre,press_conf,can/policy_action,H2,cfnai,66,0.279,43,0.0962,0.5394,0.0468,0.7656,0.9824,True,U3
genre,press_conf,can/policy_action,H2,vix,66,0.279,43,-0.0974,0.5345,-0.2037,0.1901,0.6427,True,U3
genre,press_conf,could/activity,T1,cfnai,213,0.113,80,0.0634,0.5764,0.1113,0.3257,0.9145,True,U3
genre,press_conf,could/activity,T1,vix,213,0.113,80,-0.1462,0.1957,-0.1316,0.2448,0.4895,True,U3
genre,press_conf,could/activity,T2,cfnai,186,0.127,71,0.0797,0.509,0.1274,0.2897,0.8133,True,U3
genre,press_conf,could/activity,T2,vix,186,0.127,71,-0.1539,0.2,-0.1274,0.2897,0.5733,True,U3
genre,press_conf,could/activity,T3,cfnai,257,0.109,92,0.0657,0.5339,0.0988,0.3487,0.9055,True,U3
genre,press_conf,could/activity,T3,vix,257,0.109,92,-0.1665,0.1127,-0.1492,0.1557,0.3374,True,U3
genre,press_conf,could/activity,H2,cfnai,108,0.163,43,0.1351,0.3877,0.1519,0.3307,0.6604,True,U3
genre,press_conf,could/activity,H2,vix,108,0.163,43,-0.0617,0.6942,-0.0363,0.8171,0.9414,True,U3
genre,press_conf,could/causative,T1,cfnai,124,0.275,80,0.1259,0.266,-0.0047,0.9672,0.9823,True,U3
genre,press_conf,could/causative,T1,vix,124,0.275,80,-0.3208,0.0037,-0.3909,0.0003,0.0045,True,U3
genre,press_conf,could/causative,T2,cfnai,108,0.268,71,-0.0813,0.5002,-0.0968,0.4221,0.8778,True,U3
genre,press_conf,could/causative,T2,vix,108,0.268,71,-0.4402,0.0001,-0.4641,0.0,0.0008,True,U3
genre,press_conf,could/causative,T3,cfnai,136,0.293,92,0.1169,0.2671,-0.0131,0.9014,0.9696,True,U3
genre,press_conf,could/causative,T3,vix,136,0.293,92,-0.3064,0.003,-0.3695,0.0003,0.0053,True,U3
genre,press_conf,could/causative,H2,cfnai,52,0.395,43,0.0131,0.9338,-0.0433,0.7829,0.9835,True,U3
genre,press_conf,could/causative,H2,vix,52,0.395,43,-0.272,0.0777,-0.2808,0.0682,0.5494,True,U3
genre,press_conf,could/communication,T1,cfnai,161,0.125,80,0.0485,0.669,0.0085,0.9405,0.9808,True,U3
genre,press_conf,could/communication,T1,vix,161,0.125,80,-0.0434,0.7025,-0.0619,0.5857,0.7917,True,U3
genre,press_conf,could/communication,T2,cfnai,152,0.127,71,0.1411,0.2404,0.0279,0.8174,0.9853,True,U3
genre,press_conf,could/communication,T2,vix,152,0.127,71,0.0995,0.4092,0.0439,0.7162,0.8823,True,U3
genre,press_conf,could/communication,T3,cfnai,197,0.109,92,0.0472,0.6549,0.0075,0.9437,0.9696,True,U3
genre,press_conf,could/communication,T3,vix,197,0.109,92,-0.0209,0.8431,-0.045,0.6698,0.889,True,U3
genre,press_conf,could/communication,H2,cfnai,94,0.093,43,0.3689,0.0149,0.2345,0.1301,0.5831,True,U3
genre,press_conf,could/communication,H2,vix,94,0.093,43,0.0531,0.7351,0.0492,0.7542,0.9414,True,U3
genre,press_conf,could/copular_adj,T1,cfnai,63,0.512,80,-0.1831,0.1041,-0.0959,0.3976,0.9698,True,U3
genre,press_conf,could/copular_adj,T1,vix,63,0.512,80,0.0852,0.4525,0.0583,0.6074,0.7989,True,U3
genre,press_conf,could/copular_adj,T2,cfnai,56,0.507,71,-0.0537,0.6566,-0.0576,0.6335,0.9642,True,U3
genre,press_conf,could/copular_adj,T2,vix,56,0.507,71,0.028,0.8169,0.0337,0.7799,0.9019,True,U3
genre,press_conf,could/copular_adj,T3,cfnai,69,0.533,92,-0.183,0.0808,-0.1355,0.1979,0.7572,True,U3
genre,press_conf,could/copular_adj,T3,vix,69,0.533,92,0.08,0.4484,0.0592,0.5748,0.7917,True,U3
genre,press_conf,could/copular_adj,H2,cfnai,34,0.512,43,-0.0818,0.6022,-0.163,0.2963,0.6526,False,U3
genre,press_conf,could/copular_adj,H2,vix,34,0.512,43,0.0475,0.7623,-0.026,0.8683,0.9515,False,U3
genre,press_conf,could/copular_nom,T1,cfnai,82,0.425,80,-0.2619,0.0189,-0.1389,0.2192,0.7235,True,U3
genre,press_conf,could/copular_nom,T1,vix,82,0.425,80,0.0852,0.4524,0.0699,0.5379,0.77,True,U3
genre,press_conf,could/copular_nom,T2,cfnai,70,0.437,71,-0.0307,0.7996,-0.0323,0.789,0.9853,True,U3
genre,press_conf,could/copular_nom,T2,vix,70,0.437,71,-0.036,0.7659,0.0312,0.7961,0.9019,True,U3
genre,press_conf,could/copular_nom,T3,cfnai,86,0.457,92,-0.2549,0.0142,-0.1195,0.2564,0.8338,True,U3
genre,press_conf,could/copular_nom,T3,vix,86,0.457,92,0.1113,0.2908,0.102,0.3332,0.5657,True,U3
genre,press_conf,could/copular_nom,H2,cfnai,47,0.372,43,-0.108,0.4907,-0.1188,0.448,0.7372,True,U3
genre,press_conf,could/copular_nom,H2,vix,47,0.372,43,-0.2514,0.1039,-0.247,0.1103,0.6397,True,U3
genre,press_conf,could/existence,T1,cfnai,90,0.463,80,-0.229,0.041,-0.1412,0.2115,0.7182,True,U3
genre,press_conf,could/existence,T1,vix,90,0.463,80,-0.1841,0.1021,-0.2333,0.0373,0.1455,True,U3
genre,press_conf,could/existence,T2,cfnai,81,0.465,71,-0.1693,0.1581,-0.1355,0.26,0.8108,True,U3
genre,press_conf,could/existence,T2,vix,81,0.465,71,-0.2465,0.0382,-0.2887,0.0146,0.0791,True,U3
genre,press_conf,could/existence,T3,cfnai,101,0.457,92,-0.2207,0.0345,-0.1249,0.2357,0.8229,True,U3
genre,press_conf,could/existence,T3,vix,101,0.457,92,-0.1811,0.084,-0.2108,0.0437,0.1726,True,U3
genre,press_conf,could/existence,H2,cfnai,48,0.558,43,-0.2077,0.1814,-0.2283,0.141,0.5904,True,U3
genre,press_conf,could/existence,H2,vix,48,0.558,43,-0.2721,0.0776,-0.2734,0.0761,0.5809,True,U3
genre,press_conf,could/mental,T1,cfnai,64,0.5,80,-0.0688,0.5443,0.0692,0.5418,0.9698,True,U3
genre,press_conf,could/mental,T1,vix,64,0.5,80,0.0164,0.8851,0.0179,0.8751,0.9803,True,U3
genre,press_conf,could/mental,T2,cfnai,55,0.507,71,0.1338,0.2661,0.1552,0.1962,0.7606,True,U3
genre,press_conf,could/mental,T2,vix,55,0.507,71,0.0476,0.6937,0.0558,0.6442,0.8473,True,U3
genre,press_conf,could/mental,T3,cfnai,68,0.543,92,-0.0717,0.497,0.0405,0.7016,0.963,True,U3
genre,press_conf,could/mental,T3,vix,68,0.543,92,0.0102,0.9233,0.0157,0.8817,0.937,True,U3
genre,press_conf,could/mental,H2,cfnai,37,0.488,43,0.0772,0.6226,0.0034,0.9829,0.9897,False,U3
genre,press_conf,could/mental,H2,vix,37,0.488,43,0.1117,0.4757,0.1221,0.4354,0.7925,False,U3
genre,press_conf,could/occurrence,T1,cfnai,71,0.487,80,-0.0052,0.9636,0.0955,0.3993,0.9698,True,U3
genre,press_conf,could/occurrence,T1,vix,71,0.487,80,-0.2071,0.0653,-0.2171,0.0531,0.1744,True,U3
genre,press_conf,could/occurrence,T2,cfnai,65,0.479,71,0.0181,0.881,0.0916,0.4474,0.8778,True,U3
genre,press_conf,could/occurrence,T2,vix,65,0.479,71,-0.1757,0.1428,-0.2046,0.087,0.2823,True,U3
genre,press_conf,could/occurrence,T3,cfnai,77,0.5,92,-0.0071,0.9462,0.0909,0.3889,0.9173,True,U3
genre,press_conf,could/occurrence,T3,vix,77,0.5,92,-0.2087,0.0459,-0.2364,0.0233,0.1171,True,U3
genre,press_conf,could/occurrence,H2,cfnai,30,0.605,43,0.1144,0.465,0.2092,0.1781,0.5904,False,U3
genre,press_conf,could/occurrence,H2,vix,30,0.605,43,0.0563,0.7199,-0.0004,0.9978,0.9978,False,U3
genre,press_conf,could/other,T1,cfnai,256,0.075,80,0.0639,0.5736,-0.0214,0.8504,0.9698,True,U3
genre,press_conf,could/other,T1,vix,256,0.075,80,-0.1353,0.2316,-0.1966,0.0805,0.2192,True,U3
genre,press_conf,could/other,T2,cfnai,230,0.07,71,-0.0244,0.8398,-0.0956,0.4278,0.8778,True,U3
genre,press_conf,could/other,T2,vix,230,0.07,71,-0.1071,0.3741,-0.1901,0.1123,0.3199,True,U3
genre,press_conf,could/other,T3,cfnai,293,0.065,92,0.0591,0.5757,-0.0385,0.7153,0.963,True,U3
genre,press_conf,could/other,T3,vix,293,0.065,92,-0.1172,0.2658,-0.1775,0.0905,0.2463,True,U3
genre,press_conf,could/other,H2,cfnai,146,0.093,43,-0.0306,0.8455,-0.1558,0.3184,0.6526,True,U3
genre,press_conf,could/other,H2,vix,146,0.093,43,-0.0278,0.8594,-0.1325,0.397,0.7911,True,U3
genre,press_conf,could/policy_action,T1,cfnai,47,0.65,80,0.0403,0.7227,0.1629,0.1488,0.6356,False,U3
genre,press_conf,could/policy_action,T1,vix,47,0.65,80,-0.0413,0.716,-0.0533,0.6384,0.809,False,U3
genre,press_conf,could/policy_action,T2,cfnai,38,0.676,71,0.0683,0.5714,0.1186,0.3244,0.8351,False,U3
genre,press_conf,could/policy_action,T2,vix,38,0.676,71,-0.1366,0.256,-0.1659,0.1667,0.3989,False,U3
genre,press_conf,could/policy_action,T3,cfnai,61,0.598,92,0.035,0.7402,0.1112,0.2912,0.8486,True,U3
genre,press_conf,could/policy_action,T3,vix,61,0.598,92,-0.0579,0.5835,-0.0607,0.5653,0.7917,True,U3
genre,press_conf,could/policy_action,H2,cfnai,24,0.651,43,0.0578,0.7129,0.0206,0.8959,0.9835,False,U3
genre,press_conf,could/policy_action,H2,vix,24,0.651,43,-0.1738,0.2649,-0.2312,0.1357,0.6397,False,U3
genre,press_conf,may/activity,T1,cfnai,78,0.463,80,0.1948,0.0833,0.1732,0.1245,0.6173,True,U3
genre,press_conf,may/activity,T1,vix,78,0.463,80,0.2325,0.0379,0.2159,0.0545,0.1744,True,U3
genre,press_conf,may/activity,T2,cfnai,67,0.465,71,0.0785,0.5152,0.0557,0.6447,0.9704,True,U3
genre,press_conf,may/activity,T2,vix,67,0.465,71,0.2149,0.0719,0.1731,0.1489,0.3749,True,U3
genre,press_conf,may/activity,T3,cfnai,85,0.478,92,0.184,0.0791,0.161,0.1253,0.664,True,U3
genre,press_conf,may/activity,T3,vix,85,0.478,92,0.2746,0.0081,0.2556,0.0139,0.0852,True,U3
genre,press_conf,may/activity,H2,cfnai,53,0.349,43,0.0808,0.6066,0.0663,0.6727,0.9116,True,U3
genre,press_conf,may/activity,H2,vix,53,0.349,43,0.1605,0.3039,0.0975,0.5338,0.8506,True,U3
genre,press_conf,may/copular_adj,T1,cfnai,73,0.438,80,-0.0588,0.6047,-0.2811,0.0115,0.1405,True,U3
genre,press_conf,may/copular_adj,T1,vix,73,0.438,80,-0.0067,0.9528,0.0046,0.968,0.9957,True,U3
genre,press_conf,may/copular_adj,T2,cfnai,65,0.465,71,-0.3451,0.0032,-0.3413,0.0036,0.1308,True,U3
genre,press_conf,may/copular_adj,T2,vix,65,0.465,71,-0.0997,0.4081,-0.0561,0.6421,0.8473,True,U3
genre,press_conf,may/copular_adj,T3,cfnai,81,0.446,92,-0.0576,0.5858,-0.2531,0.0149,0.2065,True,U3
genre,press_conf,may/copular_adj,T3,vix,81,0.446,92,0.0212,0.8409,0.0634,0.5482,0.7917,True,U3
genre,press_conf,may/copular_adj,H2,cfnai,51,0.395,43,-0.4722,0.0014,-0.5512,0.0001,0.0093,True,U3
genre,press_conf,may/copular_adj,H2,vix,51,0.395,43,-0.362,0.017,-0.3582,0.0184,0.3492,True,U3
genre,press_conf,may/copular_nom,T1,cfnai,76,0.475,80,-0.0359,0.752,-0.0753,0.5065,0.9698,True,U3
genre,press_conf,may/copular_nom,T1,vix,76,0.475,80,0.0178,0.8755,-0.0284,0.8028,0.9379,True,U3
genre,press_conf,may/copular_nom,T2,cfnai,64,0.507,71,-0.0043,0.9718,-0.0953,0.4293,0.8778,True,U3
genre,press_conf,may/copular_nom,T2,vix,64,0.507,71,-0.0984,0.4142,-0.0923,0.444,0.6991,True,U3
genre,press_conf,may/copular_nom,T3,cfnai,88,0.446,92,-0.0315,0.7658,-0.0597,0.5718,0.963,True,U3
genre,press_conf,may/copular_nom,T3,vix,88,0.446,92,0.0128,0.9034,-0.0325,0.7582,0.9149,True,U3
genre,press_conf,may/copular_nom,H2,cfnai,41,0.488,43,0.0924,0.5557,-0.0044,0.9776,0.9897,True,U3
genre,press_conf,may/copular_nom,H2,vix,41,0.488,43,-0.0945,0.5466,-0.07,0.6554,0.9094,True,U3
genre,press_conf,may/existence,T1,cfnai,76,0.388,80,0.0997,0.3788,0.0562,0.6204,0.9698,True,U3
genre,press_conf,may/existence,T1,vix,76,0.388,80,-0.1025,0.3657,-0.1408,0.2128,0.4456,True,U3
genre,press_conf,may/existence,T2,cfnai,70,0.38,71,-0.0368,0.7609,-0.0304,0.8014,0.9853,True,U3
genre,press_conf,may/existence,T2,vix,70,0.38,71,-0.0781,0.5175,-0.1441,0.2305,0.4877,True,U3
genre,press_conf,may/existence,T3,cfnai,91,0.37,92,0.0934,0.3758,0.0465,0.6601,0.963,True,U3
genre,press_conf,may/existence,T3,vix,91,0.37,92,-0.1323,0.2088,-0.1607,0.1259,0.2993,True,U3
genre,press_conf,may/existence,H2,cfnai,46,0.395,43,-0.1604,0.3041,-0.1663,0.2866,0.6526,True,U3
genre,press_conf,may/existence,H2,vix,46,0.395,43,-0.0792,0.6137,-0.1543,0.3233,0.7561,True,U3
genre,press_conf,may/occurrence,T1,cfnai,46,0.625,80,0.0294,0.7954,0.0008,0.9942,0.9942,False,U3
genre,press_conf,may/occurrence,T1,vix,46,0.625,80,-0.0474,0.6764,-0.0029,0.9798,0.9957,False,U3
genre,press_conf,may/occurrence,T2,cfnai,41,0.634,71,-0.0057,0.9624,0.012,0.9208,0.9853,False,U3
genre,press_conf,may/occurrence,T2,vix,41,0.634,71,0.0528,0.6618,0.053,0.6608,0.8614,False,U3
genre,press_conf,may/occurrence,T3,cfnai,58,0.598,92,0.0356,0.7365,0.0183,0.8629,0.9696,True,U3
genre,press_conf,may/occurrence,T3,vix,58,0.598,92,-0.0356,0.736,0.0138,0.8964,0.937,True,U3
genre,press_conf,may/occurrence,H2,cfnai,26,0.628,43,-0.0079,0.9598,-0.015,0.9241,0.9835,False,U3
genre,press_conf,may/occurrence,H2,vix,26,0.628,43,0.1275,0.4152,0.2306,0.1368,0.6397,False,U3
genre,press_conf,may/other,T1,cfnai,98,0.287,80,-0.0481,0.672,-0.0135,0.9052,0.9808,True,U3
genre,press_conf,may/other,T1,vix,98,0.287,80,0.2029,0.071,0.101,0.3727,0.6477,True,U3
genre,press_conf,may/other,T2,cfnai,78,0.324,71,-0.0464,0.7005,-0.0172,0.8866,0.9853,True,U3
genre,press_conf,may/other,T2,vix,78,0.324,71,0.0238,0.8436,-0.0806,0.5041,0.7457,True,U3
genre,press_conf,may/other,T3,cfnai,112,0.293,92,-0.0511,0.6288,-0.047,0.6565,0.963,True,U3
genre,press_conf,may/other,T3,vix,112,0.293,92,0.1479,0.1596,0.0485,0.6458,0.8705,True,U3
genre,press_conf,may/other,H2,cfnai,40,0.442,43,-0.0234,0.8814,-0.0169,0.9143,0.9835,True,U3
genre,press_conf,may/other,H2,vix,40,0.442,43,0.2537,0.1007,0.2237,0.1493,0.6427,True,U3
genre,press_conf,should/activity,T1,cfnai,142,0.25,80,0.0358,0.7525,-0.0704,0.5348,0.9698,True,U3
genre,press_conf,should/activity,T1,vix,142,0.25,80,-0.0613,0.589,-0.0644,0.5701,0.7892,True,U3
genre,press_conf,should/activity,T2,cfnai,128,0.239,71,-0.06,0.6192,-0.1178,0.328,0.8351,True,U3
genre,press_conf,should/activity,T2,vix,128,0.239,71,0.0098,0.9356,-0.0306,0.7999,0.9019,True,U3
genre,press_conf,should/activity,T3,cfnai,171,0.272,92,0.0322,0.7605,-0.0627,0.5527,0.963,True,U3
genre,press_conf,should/activity,T3,vix,171,0.272,92,-0.0619,0.5575,-0.0243,0.8182,0.937,True,U3
genre,press_conf,should/activity,H2,cfnai,78,0.233,43,-0.0807,0.6068,-0.1849,0.2352,0.6523,True,U3
genre,press_conf,should/activity,H2,vix,78,0.233,43,0.0342,0.8279,-0.0222,0.8877,0.9515,True,U3
genre,press_conf,should/copular_adj,T1,cfnai,45,0.613,80,0.047,0.679,-0.0741,0.5137,0.9698,False,U3
genre,press_conf,should/copular_adj,T1,vix,45,0.613,80,-0.1216,0.2826,-0.0545,0.631,0.8082,False,U3
genre,press_conf,should/copular_adj,T2,cfnai,42,0.592,71,-0.0997,0.4083,-0.1347,0.2628,0.8108,True,U3
genre,press_conf,should/copular_adj,T2,vix,42,0.592,71,-0.0847,0.4824,-0.0156,0.8976,0.9519,True,U3
genre,press_conf,should/copular_adj,T3,cfnai,50,0.62,92,0.0433,0.6816,-0.0742,0.4822,0.963,False,U3
genre,press_conf,should/copular_adj,T3,vix,50,0.62,92,-0.1298,0.2174,-0.0705,0.5041,0.7567,False,U3
genre,press_conf,should/copular_adj,H2,cfnai,24,0.628,43,-0.1222,0.4351,-0.1884,0.2262,0.6431,False,U3
genre,press_conf,should/copular_adj,H2,vix,24,0.628,43,-0.0475,0.7621,0.0543,0.7294,0.9414,False,U3
genre,press_conf,should/copular_nom,T1,cfnai,55,0.512,80,0.1011,0.3721,0.1188,0.294,0.8585,True,U3
genre,press_conf,should/copular_nom,T1,vix,55,0.512,80,0.1792,0.1118,0.0891,0.4318,0.7004,True,U3
genre,press_conf,should/copular_nom,T2,cfnai,46,0.535,71,0.0174,0.8857,0.0533,0.6591,0.9819,True,U3
genre,press_conf,should/copular_nom,T2,vix,46,0.535,71,0.1436,0.2323,0.0115,0.9243,0.9592,True,U3
genre,press_conf,should/copular_nom,T3,cfnai,59,0.533,92,0.0998,0.3437,0.136,0.1962,0.7572,True,U3
genre,press_conf,should/copular_nom,T3,vix,59,0.533,92,0.1699,0.1053,0.0997,0.3445,0.5715,True,U3
genre,press_conf,should/copular_nom,H2,cfnai,26,0.605,43,0.0162,0.9177,0.1202,0.4428,0.7372,False,U3
genre,press_conf,should/copular_nom,H2,vix,26,0.605,43,0.2867,0.0623,0.2956,0.0543,0.5062,False,U3
genre,press_conf,should/existence,T1,cfnai,47,0.588,80,-0.0234,0.8366,-0.0408,0.7196,0.9698,True,U3
genre,press_conf,should/existence,T1,vix,47,0.588,80,0.1002,0.3763,0.1626,0.1496,0.3523,True,U3
genre,press_conf,should/existence,T2,cfnai,38,0.606,71,-0.0244,0.8401,-0.0979,0.4165,0.8778,False,U3
genre,press_conf,should/existence,T2,vix,38,0.606,71,0.0247,0.8382,0.1279,0.2878,0.5733,False,U3
genre,press_conf,should/existence,T3,cfnai,49,0.62,92,-0.0254,0.8099,-0.0378,0.7207,0.963,False,U3
genre,press_conf,should/existence,T3,vix,49,0.62,92,0.1138,0.2799,0.1869,0.0744,0.2218,False,U3
genre,press_conf,should/existence,H2,cfnai,22,0.581,43,-0.0689,0.6606,-0.1499,0.3373,0.6609,False,U3
genre,press_conf,should/existence,H2,vix,22,0.581,43,0.0825,0.5989,0.1444,0.3557,0.7733,False,U3
genre,press_conf,should/mental,T1,cfnai,137,0.225,80,0.0946,0.4041,0.0799,0.4811,0.9698,True,U3
genre,press_conf,should/mental,T1,vix,137,0.225,80,0.0259,0.8193,-0.0417,0.7132,0.8643,True,U3
genre,press_conf,should/mental,T2,cfnai,122,0.225,71,0.0656,0.587,0.1124,0.3508,0.8537,True,U3
genre,press_conf,should/mental,T2,vix,122,0.225,71,-0.0467,0.6987,-0.0776,0.5202,0.752,True,U3
genre,press_conf,should/mental,T3,cfnai,159,0.228,92,0.092,0.3831,0.1181,0.2622,0.8338,True,U3
genre,press_conf,should/mental,T3,vix,159,0.228,92,0.047,0.6567,-0.0144,0.8914,0.937,True,U3
genre,press_conf,should/mental,H2,cfnai,77,0.186,43,-0.0962,0.5396,-0.1133,0.4696,0.7482,True,U3
genre,press_conf,should/mental,H2,vix,77,0.186,43,-0.0211,0.8932,-0.0704,0.6539,0.9094,True,U3
genre,press_conf,should/occurrence,T1,cfnai,37,0.675,80,0.0688,0.5441,0.2383,0.0333,0.3036,False,U3
genre,press_conf,should/occurrence,T1,vix,37,0.675,80,-0.0553,0.6259,-0.023,0.8392,0.9648,False,U3
genre,press_conf,should/occurrence,T2,cfnai,29,0.718,71,0.102,0.3975,0.2137,0.0735,0.5111,False,U3
genre,press_conf,should/occurrence,T2,vix,29,0.718,71,-0.1042,0.387,-0.0964,0.4238,0.6991,False,U3
genre,press_conf,should/occurrence,T3,cfnai,45,0.652,92,0.0596,0.5726,0.1664,0.113,0.664,False,U3
genre,press_conf,should/occurrence,T3,vix,45,0.652,92,-0.0314,0.7665,0.0084,0.9363,0.9559,False,U3
genre,press_conf,should/occurrence,H2,cfnai,16,0.721,43,0.1295,0.408,0.1737,0.2654,0.6526,False,U3
genre,press_conf,should/occurrence,H2,vix,16,0.721,43,-0.1959,0.208,-0.1628,0.297,0.7298,False,U3
genre,press_conf,should/other,T1,cfnai,96,0.338,80,0.1616,0.152,0.3137,0.0046,0.084,True,U3
genre,press_conf,should/other,T1,vix,96,0.338,80,0.0355,0.7545,-0.0016,0.9889,0.9957,True,U3
genre,press_conf,should/other,T2,cfnai,81,0.338,71,0.3426,0.0034,0.2587,0.0294,0.3505,True,U3
genre,press_conf,should/other,T2,vix,81,0.338,71,-0.0557,0.6448,-0.0881,0.4649,0.7071,True,U3
genre,press_conf,should/other,T3,cfnai,114,0.315,92,0.1542,0.1423,0.2845,0.006,0.1247,True,U3
genre,press_conf,should/other,T3,vix,114,0.315,92,0.0919,0.3835,0.0772,0.4647,0.7163,True,U3
genre,press_conf,should/other,H2,cfnai,46,0.419,43,0.4399,0.0032,0.2188,0.1587,0.5904,True,U3
genre,press_conf,should/other,H2,vix,46,0.419,43,-0.1037,0.5083,-0.0208,0.8948,0.9515,True,U3
genre,press_conf,should/policy_action,T1,cfnai,45,0.613,80,0.0719,0.526,-0.0641,0.572,0.9698,False,U3
genre,press_conf,should/policy_action,T1,vix,45,0.613,80,-0.1571,0.1641,-0.1209,0.2855,0.5344,False,U3
genre,press_conf,should/policy_action,T2,cfnai,43,0.592,71,-0.0885,0.4632,-0.0909,0.4509,0.8778,True,U3
genre,press_conf,should/policy_action,T2,vix,43,0.592,71,-0.0589,0.6254,-0.0301,0.8031,0.9019,True,U3
genre,press_conf,should/policy_action,T3,cfnai,50,0.62,92,0.0613,0.5617,-0.11,0.2964,0.8486,False,U3
genre,press_conf,should/policy_action,T3,vix,50,0.62,92,-0.1602,0.1272,-0.1296,0.218,0.441,False,U3
genre,press_conf,should/policy_action,H2,cfnai,20,0.674,43,0.04,0.7988,0.0103,0.9475,0.9835,False,U3
genre,press_conf,should/policy_action,H2,vix,20,0.674,43,-0.0254,0.8716,-0.068,0.6648,0.9094,False,U3
genre,press_conf,will/activity,T1,cfnai,1024,0.0,80,0.0687,0.5451,0.0599,0.5979,0.9698,True,U3
genre,press_conf,will/activity,T1,vix,1024,0.0,80,0.3676,0.0008,0.3592,0.0011,0.0092,True,U3
genre,press_conf,will/activity,T2,cfnai,875,0.0,71,0.2237,0.0608,0.0626,0.6043,0.9589,True,U3
genre,press_conf,will/activity,T2,vix,875,0.0,71,0.2615,0.0276,0.3253,0.0056,0.0352,True,U3
genre,press_conf,will/activity,T3,cfnai,1142,0.0,92,0.06,0.5702,0.0249,0.8135,0.9696,True,U3
genre,press_conf,will/activity,T3,vix,1142,0.0,92,0.3052,0.0031,0.2806,0.0067,0.0525,True,U3
genre,press_conf,will/activity,H2,cfnai,680,0.0,43,0.3355,0.0279,0.2641,0.087,0.5485,True,U3
genre,press_conf,will/activity,H2,vix,680,0.0,43,-0.0053,0.9732,0.0231,0.8831,0.9515,True,U3
genre,press_conf,will/aspectual,T1,cfnai,356,0.013,80,0.0922,0.4157,0.0813,0.4737,0.9698,True,U3
genre,press_conf,will/aspectual,T1,vix,356,0.013,80,0.2846,0.0105,0.2667,0.0168,0.0817,True,U3
genre,press_conf,will/aspectual,T2,cfnai,294,0.014,71,0.1931,0.1067,0.0914,0.4485,0.8778,True,U3
genre,press_conf,will/aspectual,T2,vix,294,0.014,71,0.0974,0.4191,0.1867,0.119,0.3216,True,U3
genre,press_conf,will/aspectual,T3,cfnai,430,0.011,92,0.0943,0.3711,0.0983,0.3511,0.9055,True,U3
genre,press_conf,will/aspectual,T3,vix,430,0.011,92,0.2772,0.0075,0.2452,0.0185,0.0999,True,U3
genre,press_conf,will/aspectual,H2,cfnai,170,0.0,43,0.2799,0.0691,0.2092,0.1782,0.5904,True,U3
genre,press_conf,will/aspectual,H2,vix,170,0.0,43,0.337,0.0271,0.4373,0.0034,0.0975,True,U3
genre,press_conf,will/causative,T1,cfnai,120,0.3,80,0.1121,0.3223,0.1515,0.1799,0.6733,True,U3
genre,press_conf,will/causative,T1,vix,120,0.3,80,0.0964,0.395,0.0675,0.5519,0.7823,True,U3
genre,press_conf,will/causative,T2,cfnai,111,0.268,71,0.0343,0.7765,0.1642,0.1712,0.7606,True,U3
genre,press_conf,will/causative,T2,vix,111,0.268,71,0.1296,0.2815,0.0901,0.4549,0.6991,True,U3
genre,press_conf,will/causative,T3,cfnai,139,0.293,92,0.1041,0.3235,0.1243,0.2378,0.8229,True,U3
genre,press_conf,will/causative,T3,vix,139,0.293,92,0.0858,0.4162,0.0809,0.4433,0.696,True,U3
genre,press_conf,will/causative,H2,cfnai,59,0.302,43,0.0429,0.7847,0.1925,0.2161,0.6396,True,U3
genre,press_conf,will/causative,H2,vix,59,0.302,43,0.2375,0.1252,0.2367,0.1264,0.6397,True,U3
genre,press_conf,will/communication,T1,cfnai,284,0.087,80,0.0632,0.5774,0.0631,0.5782,0.9698,True,U3
genre,press_conf,will/communication,T1,vix,284,0.087,80,0.0971,0.3917,0.1788,0.1125,0.2932,True,U3
genre,press_conf,will/communication,T2,cfnai,252,0.085,71,0.1302,0.2793,0.0234,0.8465,0.9853,True,U3
genre,press_conf,will/communication,T2,vix,252,0.085,71,0.1986,0.0969,0.2537,0.0328,0.1293,True,U3
genre,press_conf,will/communication,T3,cfnai,300,0.12,92,0.0528,0.617,0.0402,0.7038,0.963,True,U3
genre,press_conf,will/communication,T3,vix,300,0.12,92,0.0941,0.3721,0.1589,0.1303,0.2993,True,U3
genre,press_conf,will/communication,H2,cfnai,195,0.023,43,0.1315,0.4005,0.0682,0.6638,0.908,True,U3
genre,press_conf,will/communication,H2,vix,195,0.023,43,0.0223,0.8871,0.069,0.6601,0.9094,True,U3
genre,press_conf,will/copular_adj,T1,cfnai,430,0.013,80,0.1529,0.1758,0.1322,0.2424,0.7694,True,U3
genre,press_conf,will/copular_adj,T1,vix,430,0.013,80,0.2178,0.0523,0.215,0.0555,0.1744,True,U3
genre,press_conf,will/copular_adj,T2,cfnai,362,0.014,71,0.1358,0.2588,0.1305,0.2779,0.8115,True,U3
genre,press_conf,will/copular_adj,T2,vix,362,0.014,71,0.2306,0.0531,0.1834,0.1258,0.3296,True,U3
genre,press_conf,will/copular_adj,T3,cfnai,494,0.011,92,0.1438,0.1713,0.1087,0.3022,0.8486,True,U3
genre,press_conf,will/copular_adj,T3,vix,494,0.011,92,0.1705,0.1042,0.1474,0.1609,0.3404,True,U3
genre,press_conf,will/copular_adj,H2,cfnai,231,0.0,43,0.2361,0.1275,0.2481,0.1087,0.5665,True,U3
genre,press_conf,will/copular_adj,H2,vix,231,0.0,43,0.4063,0.0069,0.3291,0.0311,0.4106,True,U3
genre,press_conf,will/copular_nom,T1,cfnai,320,0.037,80,-0.1315,0.245,-0.1555,0.1685,0.6475,True,U3
genre,press_conf,will/copular_nom,T1,vix,320,0.037,80,0.1847,0.101,0.1336,0.2376,0.4817,True,U3
genre,press_conf,will/copular_nom,T2,cfnai,268,0.042,71,0.0065,0.957,-0.034,0.7786,0.9853,True,U3
genre,press_conf,will/copular_nom,T2,vix,268,0.042,71,0.0768,0.5243,0.0917,0.447,0.6991,True,U3
genre,press_conf,will/copular_nom,T3,cfnai,360,0.033,92,-0.1293,0.2194,-0.1366,0.1941,0.7572,True,U3
genre,press_conf,will/copular_nom,T3,vix,360,0.033,92,0.182,0.0826,0.1216,0.2481,0.4766,True,U3
genre,press_conf,will/copular_nom,H2,cfnai,179,0.047,43,-0.0545,0.7286,-0.1215,0.4377,0.7372,True,U3
genre,press_conf,will/copular_nom,H2,vix,179,0.047,43,0.0515,0.743,0.0991,0.527,0.8506,True,U3
genre,press_conf,will/copular_prep,T1,cfnai,69,0.45,80,0.05,0.6597,0.0643,0.5708,0.9698,True,U3
genre,press_conf,will/copular_prep,T1,vix,69,0.45,80,0.2066,0.0659,-0.0769,0.4979,0.7351,True,U3
genre,press_conf,will/copular_prep,T2,cfnai,58,0.451,71,0.2112,0.0771,0.1383,0.25,0.8108,True,U3
genre,press_conf,will/copular_prep,T2,vix,58,0.451,71,-0.1151,0.3393,-0.0957,0.4274,0.6991,True,U3
genre,press_conf,will/copular_prep,T3,cfnai,83,0.435,92,0.0392,0.7105,-0.0059,0.9557,0.9696,True,U3
genre,press_conf,will/copular_prep,T3,vix,83,0.435,92,0.1832,0.0805,-0.0438,0.6788,0.8928,True,U3
genre,press_conf,will/copular_prep,H2,cfnai,37,0.419,43,0.2376,0.125,0.1043,0.5059,0.7721,False,U3
genre,press_conf,will/copular_prep,H2,vix,37,0.419,43,-0.111,0.4787,-0.1159,0.4592,0.7972,False,U3
genre,press_conf,will/existence,T1,cfnai,470,0.013,80,0.1298,0.2512,0.0044,0.9689,0.9823,True,U3
genre,press_conf,will/existence,T1,vix,470,0.013,80,0.2374,0.034,0.2326,0.0379,0.1455,True,U3
genre,press_conf,will/existence,T2,cfnai,410,0.014,71,0.0095,0.9374,0.004,0.9735,0.9853,True,U3
genre,press_conf,will/existence,T2,vix,410,0.014,71,0.1672,0.1633,0.2176,0.0684,0.2434,True,U3
genre,press_conf,will/existence,T3,cfnai,522,0.011,92,0.1216,0.2483,0.0065,0.9507,0.9696,True,U3
genre,press_conf,will/existence,T3,vix,522,0.011,92,0.1997,0.0563,0.1954,0.0619,0.2102,True,U3
genre,press_conf,will/existence,H2,cfnai,293,0.0,43,0.0417,0.7907,0.0641,0.6828,0.9167,True,U3
genre,press_conf,will/existence,H2,vix,293,0.0,43,-0.0686,0.6619,0.0189,0.9044,0.9515,True,U3
genre,press_conf,will/mental,T1,cfnai,627,0.0,80,0.0204,0.8576,-0.0244,0.8302,0.9698,True,U3
genre,press_conf,will/mental,T1,vix,627,0.0,80,0.0972,0.3908,0.1742,0.1222,0.3076,True,U3
genre,press_conf,will/mental,T2,cfnai,569,0.0,71,0.0001,0.9993,-0.0033,0.9785,0.9853,True,U3
genre,press_conf,will/mental,T2,vix,569,0.0,71,0.2436,0.0407,0.2779,0.019,0.0893,True,U3
genre,press_conf,will/mental,T3,cfnai,715,0.0,92,0.0083,0.9371,-0.0666,0.5283,0.963,True,U3
genre,press_conf,will/mental,T3,vix,715,0.0,92,0.0167,0.8747,0.0743,0.4818,0.7327,True,U3
genre,press_conf,will/mental,H2,cfnai,383,0.0,43,0.0018,0.9908,0.0353,0.8223,0.9835,True,U3
genre,press_conf,will/mental,H2,vix,383,0.0,43,0.2075,0.1818,0.171,0.2728,0.7298,True,U3
genre,press_conf,will/occurrence,T1,cfnai,295,0.062,80,0.1856,0.0994,0.2143,0.0563,0.4109,True,U3
genre,press_conf,will/occurrence,T1,vix,295,0.062,80,0.2404,0.0317,0.2768,0.0129,0.0698,True,U3
genre,press_conf,will/occurrence,T2,cfnai,261,0.07,71,0.2118,0.0763,0.2326,0.0509,0.4341,True,U3
genre,press_conf,will/occurrence,T2,vix,261,0.07,71,0.3231,0.006,0.3539,0.0025,0.02,True,U3
genre,press_conf,will/occurrence,T3,cfnai,354,0.065,92,0.1726,0.1,0.1629,0.1207,0.664,True,U3
genre,press_conf,will/occurrence,T3,vix,354,0.065,92,0.227,0.0296,0.2482,0.017,0.0956,True,U3
genre,press_conf,will/occurrence,H2,cfnai,156,0.116,43,0.4136,0.0058,0.4256,0.0044,0.0739,True,U3
genre,press_conf,will/occurrence,H2,vix,156,0.116,43,0.427,0.0043,0.535,0.0002,0.0154,True,U3
genre,press_conf,will/other,T1,cfnai,506,0.013,80,0.0749,0.5088,0.2189,0.0511,0.406,True,U3
genre,press_conf,will/other,T1,vix,506,0.013,80,0.3179,0.0041,0.3136,0.0046,0.0306,True,U3
genre,press_conf,will/other,T2,cfnai,427,0.014,71,0.3704,0.0015,0.2535,0.0329,0.3505,True,U3
genre,press_conf,will/other,T2,vix,427,0.014,71,0.1964,0.1006,0.2553,0.0317,0.1293,True,U3
genre,press_conf,will/other,T3,cfnai,576,0.011,92,0.0681,0.5191,0.1768,0.0918,0.6094,True,U3
genre,press_conf,will/other,T3,vix,576,0.011,92,0.3071,0.0029,0.2911,0.0049,0.0419,True,U3
genre,press_conf,will/other,H2,cfnai,303,0.0,43,0.4698,0.0015,0.4576,0.002,0.0421,True,U3
genre,press_conf,will/other,H2,vix,303,0.0,43,0.0859,0.584,0.1886,0.2258,0.6427,True,U3
genre,press_conf,will/policy_action,T1,cfnai,311,0.037,80,0.1235,0.2751,0.0509,0.6539,0.9698,True,U3
genre,press_conf,will/policy_action,T1,vix,311,0.037,80,-0.1929,0.0865,-0.3185,0.004,0.0277,True,U3
genre,press_conf,will/policy_action,T2,cfnai,269,0.042,71,0.2122,0.0756,0.0808,0.5032,0.9275,True,U3
genre,press_conf,will/policy_action,T2,vix,269,0.042,71,-0.3135,0.0078,-0.3329,0.0046,0.0317,True,U3
genre,press_conf,will/policy_action,T3,cfnai,359,0.033,92,0.1164,0.2693,0.0124,0.9067,0.9696,True,U3
genre,press_conf,will/policy_action,T3,vix,359,0.033,92,-0.1964,0.0606,-0.3038,0.0032,0.0348,True,U3
genre,press_conf,will/policy_action,H2,cfnai,145,0.07,43,0.2568,0.0965,-0.01,0.9494,0.9835,True,U3
genre,press_conf,will/policy_action,H2,vix,145,0.07,43,-0.1798,0.2487,-0.1762,0.2584,0.707,True,U3
genre,press_conf,would/activity,T1,cfnai,436,0.0,80,0.0306,0.7879,-0.0887,0.4342,0.9698,True,U3
genre,press_conf,would/activity,T1,vix,436,0.0,80,-0.1303,0.2495,-0.0726,0.5223,0.7551,True,U3
genre,press_conf,would/activity,T2,cfnai,402,0.0,71,-0.1353,0.2608,-0.1308,0.2768,0.8115,True,U3
genre,press_conf,would/activity,T2,vix,402,0.0,71,0.0179,0.882,0.037,0.7596,0.9019,True,U3
genre,press_conf,would/activity,T3,cfnai,503,0.0,92,0.0232,0.8266,-0.1163,0.2695,0.8372,True,U3
genre,press_conf,would/activity,T3,vix,503,0.0,92,-0.0939,0.3732,-0.0238,0.8222,0.937,True,U3
genre,press_conf,would/activity,H2,cfnai,257,0.0,43,-0.0973,0.5346,-0.1018,0.5161,0.7796,True,U3
genre,press_conf,would/activity,H2,vix,257,0.0,43,0.0319,0.8391,0.0341,0.828,0.9414,True,U3
genre,press_conf,would/aspectual,T1,cfnai,66,0.5,80,-0.1824,0.1053,0.0553,0.6261,0.9698,True,U3
genre,press_conf,would/aspectual,T1,vix,66,0.5,80,0.1459,0.1967,0.0748,0.5095,0.7439,True,U3
genre,press_conf,would/aspectual,T2,cfnai,57,0.507,71,0.144,0.231,0.1184,0.3255,0.8351,True,U3
genre,press_conf,would/aspectual,T2,vix,57,0.507,71,0.1979,0.0981,0.1016,0.3993,0.6836,True,U3
genre,press_conf,would/aspectual,T3,cfnai,81,0.478,92,-0.1705,0.1041,0.0096,0.9276,0.9696,True,U3
genre,press_conf,would/aspectual,T3,vix,81,0.478,92,0.0905,0.3912,0.0168,0.874,0.937,True,U3
genre,press_conf,would/aspectual,H2,cfnai,41,0.419,43,0.1761,0.2588,0.1761,0.2586,0.6526,True,U3
genre,press_conf,would/aspectual,H2,vix,41,0.419,43,0.1413,0.366,0.0714,0.6489,0.9094,True,U3
genre,press_conf,would/causative,T1,cfnai,138,0.225,80,0.0907,0.4235,0.0155,0.8916,0.9806,True,U3
genre,press_conf,would/causative,T1,vix,138,0.225,80,-0.1397,0.2166,-0.0857,0.4496,0.7139,True,U3
genre,press_conf,would/causative,T2,cfnai,124,0.225,71,-0.024,0.8423,-0.0066,0.9565,0.9853,True,U3
genre,press_conf,would/causative,T2,vix,124,0.225,71,-0.136,0.2582,-0.0434,0.7192,0.8823,True,U3
genre,press_conf,would/causative,T3,cfnai,162,0.207,92,0.0858,0.4161,-0.005,0.9623,0.9696,True,U3
genre,press_conf,would/causative,T3,vix,162,0.207,92,-0.0876,0.4066,-0.0602,0.5689,0.7917,True,U3
genre,press_conf,would/causative,H2,cfnai,83,0.14,43,-0.0652,0.6779,-0.0408,0.795,0.9835,True,U3
genre,press_conf,would/causative,H2,vix,83,0.14,43,-0.21,0.1766,-0.1426,0.3617,0.7733,True,U3
genre,press_conf,would/communication,T1,cfnai,925,0.0,80,0.0355,0.7543,-0.0672,0.5539,0.9698,True,U3
genre,press_conf,would/communication,T1,vix,925,0.0,80,0.1508,0.1818,0.1078,0.3411,0.6225,True,U3
genre,press_conf,would/communication,T2,cfnai,804,0.0,71,-0.0094,0.9381,-0.0575,0.6338,0.9642,True,U3
genre,press_conf,would/communication,T2,vix,804,0.0,71,0.1353,0.2607,0.0687,0.5691,0.7989,True,U3
genre,press_conf,would/communication,T3,cfnai,980,0.0,92,0.0269,0.7994,-0.0388,0.7137,0.963,True,U3
genre,press_conf,would/communication,T3,vix,980,0.0,92,0.1657,0.1145,0.1147,0.2765,0.5175,True,U3
genre,press_conf,would/communication,H2,cfnai,561,0.0,43,-0.0338,0.8295,-0.049,0.7552,0.9778,True,U3
genre,press_conf,would/communication,H2,vix,561,0.0,43,0.0921,0.557,-0.0236,0.8808,0.9515,True,U3
genre,press_conf,would/copular_adj,T1,cfnai,350,0.025,80,0.02,0.8606,0.0718,0.5268,0.9698,True,U3
genre,press_conf,would/copular_adj,T1,vix,350,0.025,80,-0.2827,0.0111,-0.2667,0.0168,0.0817,True,U3
genre,press_conf,would/copular_adj,T2,cfnai,326,0.014,71,0.0753,0.5326,0.0958,0.4267,0.8778,True,U3
genre,press_conf,would/copular_adj,T2,vix,326,0.014,71,-0.1748,0.1448,-0.1941,0.1048,0.3061,True,U3
genre,press_conf,would/copular_adj,T3,cfnai,427,0.022,92,0.015,0.887,0.0439,0.6774,0.963,True,U3
genre,press_conf,would/copular_adj,T3,vix,427,0.022,92,-0.2057,0.0492,-0.2066,0.0481,0.1774,True,U3
genre,press_conf,would/copular_adj,H2,cfnai,194,0.0,43,0.0055,0.9719,-0.0378,0.8096,0.9835,True,U3
genre,press_conf,would/copular_adj,H2,vix,194,0.0,43,-0.0745,0.6349,-0.0452,0.7737,0.9414,True,U3
genre,press_conf,would/copular_nom,T1,cfnai,278,0.062,80,0.1244,0.2715,-0.0388,0.7323,0.9698,True,U3
genre,press_conf,would/copular_nom,T1,vix,278,0.062,80,-0.1658,0.1416,-0.1758,0.1189,0.3045,True,U3
genre,press_conf,would/copular_nom,T2,cfnai,254,0.042,71,-0.1562,0.1934,-0.1621,0.1767,0.7606,True,U3
genre,press_conf,would/copular_nom,T2,vix,254,0.042,71,-0.0714,0.5542,-0.1071,0.3738,0.6575,True,U3
genre,press_conf,would/copular_nom,T3,cfnai,331,0.065,92,0.1168,0.2677,-0.0436,0.6802,0.963,True,U3
genre,press_conf,would/copular_nom,T3,vix,331,0.065,92,-0.1663,0.113,-0.1466,0.1632,0.3404,True,U3
genre,press_conf,would/copular_nom,H2,cfnai,151,0.023,43,-0.2012,0.1959,-0.1951,0.2098,0.6396,True,U3
genre,press_conf,would/copular_nom,H2,vix,151,0.023,43,-0.1788,0.2514,-0.1956,0.2088,0.6427,True,U3
genre,press_conf,would/copular_prep,T1,cfnai,56,0.55,80,-0.0145,0.8987,0.0723,0.524,0.9698,True,U3
genre,press_conf,would/copular_prep,T1,vix,56,0.55,80,0.0846,0.4557,0.1041,0.358,0.6372,True,U3
genre,press_conf,would/copular_prep,T2,cfnai,48,0.563,71,-0.0496,0.6813,0.008,0.9475,0.9853,True,U3
genre,press_conf,would/copular_prep,T2,vix,48,0.563,71,0.0907,0.4518,0.0514,0.6703,0.8661,True,U3
genre,press_conf,would/copular_prep,T3,cfnai,71,0.522,92,-0.0075,0.9434,0.0883,0.4025,0.9182,True,U3
genre,press_conf,would/copular_prep,T3,vix,71,0.522,92,0.1138,0.2801,0.1236,0.2406,0.4683,True,U3
genre,press_conf,would/copular_prep,H2,cfnai,37,0.488,43,-0.0906,0.5632,-0.0139,0.9295,0.9835,False,U3
genre,press_conf,would/copular_prep,H2,vix,37,0.488,43,-0.0253,0.872,-0.0419,0.7895,0.9414,False,U3
genre,press_conf,would/existence,T1,cfnai,313,0.037,80,0.1289,0.2545,0.1826,0.105,0.6131,True,U3
genre,press_conf,would/existence,T1,vix,313,0.037,80,0.0209,0.8542,0.0552,0.6269,0.8082,True,U3
genre,press_conf,would/existence,T2,cfnai,274,0.028,71,0.0454,0.7068,0.1452,0.2269,0.7886,True,U3
genre,press_conf,would/existence,T2,vix,274,0.028,71,0.114,0.344,0.1054,0.3815,0.6631,True,U3
genre,press_conf,would/existence,T3,cfnai,369,0.033,92,0.1243,0.2376,0.1522,0.1476,0.7335,True,U3
genre,press_conf,would/existence,T3,vix,369,0.033,92,-0.0147,0.8891,0.0356,0.7361,0.9149,True,U3
genre,press_conf,would/existence,H2,cfnai,195,0.0,43,0.0286,0.8555,0.1609,0.3026,0.6526,True,U3
genre,press_conf,would/existence,H2,vix,195,0.0,43,-0.0968,0.537,-0.0743,0.6359,0.9094,True,U3
genre,press_conf,would/mental,T1,cfnai,586,0.0,80,0.0817,0.471,0.2818,0.0113,0.1405,True,U3
genre,press_conf,would/mental,T1,vix,586,0.0,80,0.0656,0.5634,0.0345,0.7611,0.9108,True,U3
genre,press_conf,would/mental,T2,cfnai,518,0.0,71,0.1223,0.3096,0.235,0.0486,0.4341,True,U3
genre,press_conf,would/mental,T2,vix,518,0.0,71,0.0951,0.4301,-0.0319,0.7916,0.9019,True,U3
genre,press_conf,would/mental,T3,cfnai,641,0.0,92,0.0717,0.4969,0.2446,0.0188,0.2065,True,U3
genre,press_conf,would/mental,T3,vix,641,0.0,92,0.0717,0.4973,0.0394,0.7091,0.8957,True,U3
genre,press_conf,would/mental,H2,cfnai,323,0.0,43,0.0994,0.526,0.2374,0.1254,0.5831,True,U3
genre,press_conf,would/mental,H2,vix,323,0.0,43,0.1513,0.3329,0.0335,0.831,0.9414,True,U3
genre,press_conf,would/occurrence,T1,cfnai,77,0.438,80,-0.1204,0.2873,-0.0299,0.7923,0.9698,True,U3
genre,press_conf,would/occurrence,T1,vix,77,0.438,80,-0.1354,0.2312,-0.1682,0.1358,0.3361,True,U3
genre,press_conf,would/occurrence,T2,cfnai,70,0.408,71,-0.0894,0.4586,-0.0083,0.9453,0.9853,True,U3
genre,press_conf,would/occurrence,T2,vix,70,0.408,71,-0.149,0.2151,-0.1521,0.2054,0.4613,True,U3
genre,press_conf,would/occurrence,T3,cfnai,102,0.391,92,-0.1113,0.2909,-0.0486,0.6456,0.963,True,U3
genre,press_conf,would/occurrence,T3,vix,102,0.391,92,-0.1694,0.1065,-0.1795,0.0869,0.2463,True,U3
genre,press_conf,would/occurrence,H2,cfnai,35,0.488,43,-0.0554,0.7242,0.0084,0.9576,0.9835,False,U3
genre,press_conf,would/occurrence,H2,vix,35,0.488,43,0.0913,0.5606,0.0655,0.6766,0.9169,False,U3
genre,press_conf,would/other,T1,cfnai,560,0.013,80,0.2269,0.043,0.1763,0.1177,0.6173,True,U3
genre,press_conf,would/other,T1,vix,560,0.013,80,-0.2637,0.0181,-0.275,0.0136,0.0708,True,U3
genre,press_conf,would/other,T2,cfnai,510,0.014,71,0.1156,0.3369,0.1061,0.3785,0.8778,True,U3
genre,press_conf,would/other,T2,vix,510,0.014,71,-0.1984,0.0972,-0.2257,0.0584,0.2131,True,U3
genre,press_conf,would/other,T3,cfnai,685,0.011,92,0.2104,0.0441,0.1401,0.1829,0.7572,True,U3
genre,press_conf,would/other,T3,vix,685,0.011,92,-0.2079,0.0468,-0.2016,0.0539,0.1921,True,U3
genre,press_conf,would/other,H2,cfnai,263,0.023,43,0.374,0.0135,0.2932,0.0564,0.411,True,U3
genre,press_conf,would/other,H2,vix,263,0.023,43,0.0596,0.7044,0.1229,0.4323,0.7925,True,U3
genre,press_conf,would/policy_action,T1,cfnai,118,0.338,80,0.0618,0.5862,0.0465,0.6822,0.9698,True,U3
genre,press_conf,would/policy_action,T1,vix,118,0.338,80,-0.222,0.0478,-0.1907,0.0901,0.2392,True,U3
genre,press_conf,would/policy_action,T2,cfnai,108,0.31,71,0.0373,0.7578,0.01,0.9341,0.9853,True,U3
genre,press_conf,would/policy_action,T2,vix,108,0.31,71,-0.1368,0.2551,-0.1138,0.3446,0.6253,True,U3
genre,press_conf,would/policy_action,T3,cfnai,133,0.326,92,0.0563,0.5937,0.0145,0.891,0.9696,True,U3
genre,press_conf,would/policy_action,T3,vix,133,0.326,92,-0.1767,0.092,-0.1342,0.2021,0.4155,True,U3
genre,press_conf,would/policy_action,H2,cfnai,57,0.326,43,0.1681,0.2812,-0.0116,0.9413,0.9835,True,U3
genre,press_conf,would/policy_action,H2,vix,57,0.326,43,-0.1668,0.2851,-0.2037,0.1901,0.6427,True,U3
genre,speech,can/activity,T1,cfnai,109,0.484,124,-0.1626,0.0712,-0.1006,0.2664,0.8166,True,U3
genre,speech,can/activity,T1,vix,109,0.484,124,0.0936,0.301,0.0137,0.8796,0.9803,True,U3
genre,speech,can/activity,T2,cfnai,101,0.508,118,0.0525,0.5722,-0.0274,0.7684,0.9853,True,U3
genre,speech,can/activity,T2,vix,101,0.508,118,-0.0639,0.4916,-0.0896,0.3345,0.6253,True,U3
genre,speech,can/activity,T3,cfnai,187,0.443,174,-0.1374,0.0706,-0.1171,0.1238,0.664,True,U3
genre,speech,can/activity,T3,vix,187,0.443,174,0.1154,0.1294,0.0116,0.8797,0.937,True,U3
genre,speech,can/activity,H1,cfnai,77,0.397,73,0.1197,0.313,-0.0535,0.6531,0.9582,True,U3
genre,speech,can/activity,H1,vix,77,0.397,73,0.1255,0.29,0.0833,0.4834,0.8405,True,U3
genre,speech,can/activity,H2,cfnai,24,0.689,45,0.0075,0.9612,-0.0071,0.9631,0.9835,False,U3
genre,speech,can/activity,H2,vix,24,0.689,45,-0.127,0.4059,-0.0302,0.8439,0.9478,False,U3
genre,speech,can/causative,T1,cfnai,50,0.702,124,0.0366,0.6862,0.029,0.7489,0.9698,False,U3
genre,speech,can/causative,T1,vix,50,0.702,124,0.1248,0.1674,-0.1011,0.2637,0.5066,False,U3
genre,speech,can/causative,T2,cfnai,46,0.712,118,0.2357,0.0102,0.0901,0.3317,0.8351,False,U3
genre,speech,can/causative,T2,vix,46,0.712,118,0.0061,0.9481,-0.1657,0.0729,0.2534,False,U3
genre,speech,can/causative,T3,cfnai,70,0.718,174,0.0329,0.6666,0.029,0.7041,0.963,False,U3
genre,speech,can/causative,T3,vix,70,0.718,174,0.0609,0.4249,-0.1196,0.1159,0.2867,False,U3
genre,speech,can/causative,H1,cfnai,35,0.644,73,0.1917,0.1042,0.0623,0.6007,0.9582,False,U3
genre,speech,can/causative,H1,vix,35,0.644,73,-0.1807,0.1261,-0.2038,0.0838,0.4257,False,U3
genre,speech,can/causative,H2,cfnai,11,0.822,45,0.2658,0.0776,0.159,0.297,0.6526,False,U3
genre,speech,can/causative,H2,vix,11,0.822,45,0.1457,0.3396,0.1451,0.3416,0.7733,False,U3
genre,speech,can/copular_adj,T1,cfnai,41,0.766,124,0.0281,0.7567,0.024,0.7909,0.9698,False,U3
genre,speech,can/copular_adj,T1,vix,41,0.766,124,0.2989,0.0007,0.1247,0.1676,0.3764,False,U3
genre,speech,can/copular_adj,T2,cfnai,39,0.771,118,0.0455,0.6244,0.0492,0.5968,0.9575,False,U3
genre,speech,can/copular_adj,T2,vix,39,0.771,118,0.2908,0.0014,0.1177,0.2044,0.4613,False,U3
genre,speech,can/copular_adj,T3,cfnai,62,0.73,174,0.027,0.7237,0.0422,0.5806,0.963,False,U3
genre,speech,can/copular_adj,T3,vix,62,0.73,174,0.2243,0.0029,0.0766,0.3149,0.5606,False,U3
genre,speech,can/copular_adj,H1,cfnai,31,0.74,73,-0.0218,0.855,-0.0516,0.6649,0.9582,False,U3
genre,speech,can/copular_adj,H1,vix,31,0.74,73,0.3395,0.0033,0.1036,0.3829,0.7841,False,U3
genre,speech,can/copular_adj,H2,cfnai,8,0.822,45,0.0997,0.5146,0.1841,0.2259,0.6431,False,U3
genre,speech,can/copular_adj,H2,vix,8,0.822,45,0.3419,0.0215,0.326,0.0289,0.4106,False,U3
genre,speech,can/mental,T1,cfnai,40,0.782,124,0.0388,0.6684,0.0152,0.8668,0.9734,False,U3
genre,speech,can/mental,T1,vix,40,0.782,124,-0.0247,0.7856,0.0472,0.6024,0.7989,False,U3
genre,speech,can/mental,T2,cfnai,40,0.771,118,-0.0204,0.8263,-0.012,0.8972,0.9853,False,U3
genre,speech,can/mental,T2,vix,40,0.771,118,0.062,0.5049,0.097,0.2959,0.5761,False,U3
genre,speech,can/mental,T3,cfnai,69,0.73,174,0.0281,0.7126,-0.0229,0.7646,0.9696,False,U3
genre,speech,can/mental,T3,vix,69,0.73,174,-0.0214,0.7789,0.0166,0.8283,0.937,False,U3
genre,speech,can/mental,H1,cfnai,28,0.767,73,-0.0529,0.6566,-0.0173,0.8845,0.9752,False,U3
genre,speech,can/mental,H1,vix,28,0.767,73,0.087,0.464,0.1446,0.2223,0.5623,False,U3
genre,speech,can/mental,H2,cfnai,12,0.778,45,-0.0109,0.9432,-0.0302,0.8441,0.9835,False,U3
genre,speech,can/mental,H2,vix,12,0.778,45,-0.04,0.794,0.0121,0.937,0.9704,False,U3
genre,speech,can/other,T1,cfnai,155,0.395,124,-0.2747,0.002,0.0333,0.7132,0.9698,True,U3
genre,speech,can/other,T1,vix,155,0.395,124,0.1662,0.065,-0.0002,0.9981,0.9981,True,U3
genre,speech,can/other,T2,cfnai,145,0.407,118,0.0605,0.5151,0.0921,0.321,0.8351,True,U3
genre,speech,can/other,T2,vix,145,0.407,118,-0.024,0.7964,-0.0619,0.5056,0.7457,True,U3
genre,speech,can/other,T3,cfnai,241,0.351,174,-0.249,0.0009,0.0189,0.8048,0.9696,True,U3
genre,speech,can/other,T3,vix,241,0.351,174,0.1858,0.0141,0.0475,0.534,0.7796,True,U3
genre,speech,can/other,H1,cfnai,118,0.329,73,-0.0881,0.4586,-0.0412,0.7294,0.965,True,U3
genre,speech,can/other,H1,vix,118,0.329,73,0.0361,0.7618,0.0119,0.9206,0.993,True,U3
genre,speech,can/other,H2,cfnai,27,0.533,45,0.2767,0.0658,0.2174,0.1515,0.5904,False,U3
genre,speech,can/other,H2,vix,27,0.533,45,0.0996,0.5149,0.0433,0.7778,0.9414,False,U3
genre,speech,can/policy_action,T1,cfnai,38,0.75,124,0.0025,0.9782,-0.0268,0.768,0.9698,False,U3
genre,speech,can/policy_action,T1,vix,38,0.75,124,-0.004,0.965,-0.0504,0.5784,0.7892,False,U3
genre,speech,can/policy_action,T2,cfnai,37,0.746,118,-0.0475,0.6092,-0.0232,0.8027,0.9853,False,U3
genre,speech,can/policy_action,T2,vix,37,0.746,118,0.0154,0.8683,-0.0448,0.6302,0.8473,False,U3
genre,speech,can/policy_action,T3,cfnai,62,0.741,174,-0.0087,0.9097,-0.0656,0.3895,0.9173,False,U3
genre,speech,can/policy_action,T3,vix,62,0.741,174,0.0004,0.9963,-0.0499,0.5131,0.7567,False,U3
genre,speech,can/policy_action,H1,cfnai,29,0.685,73,0.0414,0.7278,0.0456,0.7015,0.9582,False,U3
genre,speech,can/policy_action,H1,vix,29,0.685,73,0.0605,0.6112,0.0697,0.5582,0.8577,False,U3
genre,speech,can/policy_action,H2,cfnai,8,0.844,45,-0.1228,0.4218,-0.1168,0.4447,0.7372,False,U3
genre,speech,can/policy_action,H2,vix,8,0.844,45,0.0662,0.6655,0.0756,0.6216,0.9094,False,U3
genre,speech,could/activity,T1,cfnai,57,0.669,124,0.139,0.1235,0.0526,0.5619,0.9698,False,U3
genre,speech,could/activity,T1,vix,57,0.669,124,-0.0125,0.8901,-0.0848,0.3491,0.6293,False,U3
genre,speech,could/activity,T2,cfnai,54,0.661,118,-0.0649,0.4853,-0.0187,0.841,0.9853,False,U3
genre,speech,could/activity,T2,vix,54,0.661,118,0.0321,0.7296,-0.0697,0.4531,0.6991,False,U3
genre,speech,could/activity,T3,cfnai,98,0.632,174,0.1219,0.1091,0.0192,0.8015,0.9696,False,U3
genre,speech,could/activity,T3,vix,98,0.632,174,0.0271,0.7224,-0.0097,0.8985,0.937,False,U3
genre,speech,could/activity,H1,cfnai,38,0.603,73,-0.082,0.4904,-0.1289,0.2771,0.8827,False,U3
genre,speech,could/activity,H1,vix,38,0.603,73,0.0237,0.8424,-0.0998,0.4008,0.7851,False,U3
genre,speech,could/activity,H2,cfnai,16,0.756,45,-0.0507,0.7406,0.1187,0.4374,0.7372,False,U3
genre,speech,could/activity,H2,vix,16,0.756,45,0.0762,0.619,0.1888,0.2141,0.6427,False,U3
genre,speech,could/causative,T1,cfnai,58,0.726,124,-0.0019,0.983,-0.0665,0.4629,0.9698,False,U3
genre,speech,could/causative,T1,vix,58,0.726,124,-0.0502,0.5801,-0.0799,0.3774,0.6483,False,U3
genre,speech,could/causative,T2,cfnai,54,0.737,118,-0.0901,0.332,-0.0647,0.4863,0.9275,False,U3
genre,speech,could/causative,T2,vix,54,0.737,118,-0.1116,0.229,-0.1313,0.1565,0.381,False,U3
genre,speech,could/causative,T3,cfnai,74,0.73,174,-0.0019,0.9801,-0.0241,0.7527,0.9696,False,U3
genre,speech,could/causative,T3,vix,74,0.73,174,-0.0583,0.4448,-0.0408,0.5934,0.8096,False,U3
genre,speech,could/causative,H1,cfnai,43,0.671,73,-0.0313,0.7925,-0.0514,0.6659,0.9582,False,U3
genre,speech,could/causative,H1,vix,43,0.671,73,-0.1007,0.3967,-0.0741,0.5333,0.8577,False,U3
genre,speech,could/causative,H2,cfnai,11,0.844,45,-0.1268,0.4064,-0.093,0.5433,0.8096,False,U3
genre,speech,could/causative,H2,vix,11,0.844,45,-0.1263,0.4083,-0.0016,0.9919,0.9978,False,U3
genre,speech,could/occurrence,T1,cfnai,41,0.847,124,0.0302,0.7393,-0.0305,0.7366,0.9698,False,U3
genre,speech,could/occurrence,T1,vix,41,0.847,124,-0.2135,0.0173,-0.2915,0.001,0.0092,False,U3
genre,speech,could/occurrence,T2,cfnai,41,0.839,118,-0.0228,0.8063,-0.0543,0.5595,0.9389,False,U3
genre,speech,could/occurrence,T2,vix,41,0.839,118,-0.2492,0.0065,-0.2781,0.0023,0.0197,False,U3
genre,speech,could/occurrence,T3,cfnai,48,0.856,174,0.0233,0.7601,-0.0366,0.6317,0.963,False,U3
genre,speech,could/occurrence,T3,vix,48,0.856,174,-0.2066,0.0062,-0.2838,0.0001,0.0036,False,U3
genre,speech,could/occurrence,H1,cfnai,38,0.781,73,0.0142,0.9049,-0.0614,0.606,0.9582,False,U3
genre,speech,could/occurrence,H1,vix,38,0.781,73,-0.2038,0.0838,-0.2259,0.0546,0.3354,False,U3
genre,speech,could/occurrence,H2,cfnai,3,0.933,45,-0.0568,0.7108,-0.0087,0.9547,0.9835,False,U3
genre,speech,could/occurrence,H2,vix,3,0.933,45,-0.1864,0.2202,-0.2337,0.1224,0.6397,False,U3
genre,speech,could/other,T1,cfnai,81,0.597,124,0.0954,0.2918,0.0751,0.4072,0.9698,True,U3
genre,speech,could/other,T1,vix,81,0.597,124,-0.1471,0.1031,-0.2271,0.0112,0.0636,True,U3
genre,speech,could/other,T2,cfnai,78,0.593,118,0.1416,0.1261,0.0461,0.6205,0.9642,True,U3
genre,speech,could/other,T2,vix,78,0.593,118,-0.1313,0.1566,-0.2281,0.013,0.0729,True,U3
genre,speech,could/other,T3,cfnai,116,0.586,174,0.0687,0.3675,-0.0064,0.9327,0.9696,True,U3
genre,speech,could/other,T3,vix,116,0.586,174,-0.1026,0.1779,-0.1391,0.0672,0.215,True,U3
genre,speech,could/other,H1,cfnai,66,0.507,73,-0.0025,0.983,0.0532,0.6548,0.9582,True,U3
genre,speech,could/other,H1,vix,66,0.507,73,-0.1179,0.3204,-0.2095,0.0753,0.4257,True,U3
genre,speech,could/other,H2,cfnai,12,0.733,45,0.2908,0.0526,0.0682,0.6563,0.9063,False,U3
genre,speech,could/other,H2,vix,12,0.733,45,-0.0596,0.6974,-0.0769,0.6158,0.9094,False,U3
genre,speech,may/activity,T1,cfnai,71,0.597,124,0.0044,0.9612,-0.0413,0.6486,0.9698,True,U3
genre,speech,may/activity,T1,vix,71,0.597,124,0.0166,0.8544,-0.0114,0.9002,0.9956,True,U3
genre,speech,may/activity,T2,cfnai,70,0.585,118,-0.1472,0.1117,-0.0591,0.5246,0.9341,True,U3
genre,speech,may/activity,T2,vix,70,0.585,118,0.1087,0.2414,0.0234,0.8015,0.9019,True,U3
genre,speech,may/activity,T3,cfnai,101,0.563,174,-0.0021,0.9776,-0.0525,0.4912,0.963,True,U3
genre,speech,may/activity,T3,vix,101,0.563,174,0.0023,0.9761,0.0062,0.9354,0.9559,True,U3
genre,speech,may/activity,H1,cfnai,48,0.589,73,-0.1969,0.095,-0.1782,0.1314,0.704,True,U3
genre,speech,may/activity,H1,vix,48,0.589,73,-0.0025,0.9833,0.007,0.9532,0.993,True,U3
genre,speech,may/activity,H2,cfnai,22,0.578,45,-0.1552,0.3088,-0.0073,0.9621,0.9835,False,U3
genre,speech,may/activity,H2,vix,22,0.578,45,-0.0214,0.8892,-0.0332,0.8285,0.9414,False,U3
genre,speech,may/causative,T1,cfnai,43,0.75,124,-0.0073,0.9361,-0.0175,0.8466,0.9698,False,U3
genre,speech,may/causative,T1,vix,43,0.75,124,-0.067,0.4597,-0.2087,0.02,0.086,False,U3
genre,speech,may/causative,T2,cfnai,42,0.746,118,-0.0513,0.5813,-0.0091,0.9222,0.9853,False,U3
genre,speech,may/causative,T2,vix,42,0.746,118,-0.1094,0.2385,-0.2218,0.0158,0.0795,False,U3
genre,speech,may/causative,T3,cfnai,69,0.747,174,-0.0112,0.8838,-0.0137,0.8572,0.9696,False,U3
genre,speech,may/causative,T3,vix,69,0.747,174,-0.0678,0.3743,-0.1497,0.0486,0.1774,False,U3
genre,speech,may/causative,H1,cfnai,37,0.644,73,-0.0369,0.7563,0.0593,0.6182,0.9582,False,U3
genre,speech,may/causative,H1,vix,37,0.644,73,-0.1031,0.3854,-0.0805,0.4984,0.8405,False,U3
genre,speech,may/causative,H2,cfnai,5,0.911,45,-0.0466,0.7614,-0.1689,0.2672,0.6526,False,U3
genre,speech,may/causative,H2,vix,5,0.911,45,0.1236,0.4186,-0.0173,0.91,0.9515,False,U3
genre,speech,may/copular_adj,T1,cfnai,45,0.782,124,0.0237,0.7942,-0.0069,0.9395,0.9808,False,U3
genre,speech,may/copular_adj,T1,vix,45,0.782,124,-0.152,0.092,-0.1931,0.0317,0.1284,False,U3
genre,speech,may/copular_adj,T2,cfnai,45,0.771,118,-0.0801,0.3885,-0.0358,0.7007,0.9853,False,U3
genre,speech,may/copular_adj,T2,vix,45,0.771,118,-0.139,0.1332,-0.1622,0.0793,0.2694,False,U3
genre,speech,may/copular_adj,T3,cfnai,70,0.741,174,0.0269,0.7244,0.0304,0.6902,0.963,False,U3
genre,speech,may/copular_adj,T3,vix,70,0.741,174,-0.1133,0.1368,-0.1239,0.1032,0.2599,False,U3
genre,speech,may/copular_adj,H1,cfnai,41,0.685,73,0.057,0.6319,0.0479,0.6871,0.9582,False,U3
genre,speech,may/copular_adj,H1,vix,41,0.685,73,-0.0239,0.8407,-0.0338,0.7764,0.9677,False,U3
genre,speech,may/copular_adj,H2,cfnai,4,0.911,45,-0.2566,0.0888,-0.2276,0.1327,0.5831,False,U3
genre,speech,may/copular_adj,H2,vix,4,0.911,45,-0.0494,0.7472,-0.0987,0.5187,0.8506,False,U3
genre,speech,may/existence,T1,cfnai,30,0.831,124,0.0102,0.9104,0.0551,0.5436,0.9698,False,U3
genre,speech,may/existence,T1,vix,30,0.831,124,0.0263,0.7715,-0.0082,0.9282,0.9957,False,U3
genre,speech,may/existence,T2,cfnai,29,0.831,118,0.0437,0.6384,0.0765,0.4103,0.8778,False,U3
genre,speech,may/existence,T2,vix,29,0.831,118,0.1059,0.2539,-0.0031,0.9733,0.98,False,U3
genre,speech,may/existence,T3,cfnai,47,0.805,174,0.0125,0.8699,0.0508,0.5056,0.963,False,U3
genre,speech,may/existence,T3,vix,47,0.805,174,0.0469,0.5385,0.0169,0.8244,0.937,False,U3
genre,speech,may/existence,H1,cfnai,21,0.808,73,0.1165,0.3262,0.1301,0.2726,0.8827,False,U3
genre,speech,may/existence,H1,vix,21,0.808,73,-0.0281,0.8137,-0.052,0.6619,0.867,False,U3
genre,speech,may/existence,H2,cfnai,8,0.867,45,-0.0217,0.8877,0.0128,0.9337,0.9835,False,U3
genre,speech,may/existence,H2,vix,8,0.867,45,0.2721,0.0706,0.2263,0.1349,0.6397,False,U3
genre,speech,may/occurrence,T1,cfnai,31,0.798,124,0.0132,0.884,-0.0015,0.9869,0.9937,False,U3
genre,speech,may/occurrence,T1,vix,31,0.798,124,-0.0671,0.4593,-0.0614,0.4985,0.7351,False,U3
genre,speech,may/occurrence,T2,cfnai,31,0.788,118,-0.0698,0.4526,-0.0275,0.7678,0.9853,False,U3
genre,speech,may/occurrence,T2,vix,31,0.788,118,-0.0365,0.6944,-0.024,0.7963,0.9019,False,U3
genre,speech,may/occurrence,T3,cfnai,48,0.787,174,0.013,0.8644,0.0107,0.8884,0.9696,False,U3
genre,speech,may/occurrence,T3,vix,48,0.787,174,-0.038,0.619,-0.0128,0.8668,0.937,False,U3
genre,speech,may/occurrence,H1,cfnai,26,0.726,73,-0.1243,0.2946,-0.0438,0.7131,0.9582,False,U3
genre,speech,may/occurrence,H1,vix,26,0.726,73,0.0486,0.6832,0.147,0.2147,0.5621,False,U3
genre,speech,may/occurrence,H2,cfnai,5,0.889,45,0.0612,0.6898,-0.0189,0.902,0.9835,False,U3
genre,speech,may/occurrence,H2,vix,5,0.889,45,0.0691,0.6518,0.0351,0.8188,0.9414,False,U3
genre,speech,may/other,T1,cfnai,83,0.694,124,0.1062,0.2403,0.0476,0.5998,0.9698,False,U3
genre,speech,may/other,T1,vix,83,0.694,124,-0.0609,0.5019,-0.1021,0.2591,0.5044,False,U3
genre,speech,may/other,T2,cfnai,81,0.686,118,-0.0711,0.444,-0.017,0.8549,0.9853,False,U3
genre,speech,may/other,T2,vix,81,0.686,118,-0.0151,0.8713,-0.0884,0.3413,0.6253,False,U3
genre,speech,may/other,T3,cfnai,119,0.655,174,0.0963,0.206,0.0789,0.3007,0.8486,False,U3
genre,speech,may/other,T3,vix,119,0.655,174,-0.0497,0.5145,-0.029,0.7037,0.8957,False,U3
genre,speech,may/other,H1,cfnai,69,0.616,73,0.0002,0.999,0.0244,0.8379,0.9752,False,U3
genre,speech,may/other,H1,vix,69,0.616,73,-0.0072,0.9517,-0.0314,0.7921,0.9732,False,U3
genre,speech,may/other,H2,cfnai,12,0.8,45,-0.1415,0.3538,-0.0818,0.5933,0.845,False,U3
genre,speech,may/other,H2,vix,12,0.8,45,0.1866,0.2197,0.118,0.4403,0.7925,False,U3
genre,speech,should/activity,T1,cfnai,40,0.766,124,0.0245,0.7871,0.0392,0.6657,0.9698,False,U3
genre,speech,should/activity,T1,vix,40,0.766,124,0.2646,0.003,-0.0024,0.9789,0.9957,False,U3
genre,speech,should/activity,T2,cfnai,38,0.763,118,-0.0241,0.7957,0.0379,0.6833,0.9853,False,U3
genre,speech,should/activity,T2,vix,38,0.763,118,0.0768,0.4083,0.0021,0.9819,0.9819,False,U3
genre,speech,should/activity,T3,cfnai,73,0.707,174,0.0207,0.7865,0.0107,0.8882,0.9696,False,U3
genre,speech,should/activity,T3,vix,73,0.707,174,0.2039,0.007,0.0806,0.2905,0.5302,False,U3
genre,speech,should/activity,H1,cfnai,29,0.726,73,0.2094,0.0754,0.1231,0.2997,0.9204,False,U3
genre,speech,should/activity,H1,vix,29,0.726,73,0.0954,0.4218,0.0623,0.6007,0.8577,False,U3
genre,speech,should/activity,H2,cfnai,9,0.822,45,-0.1553,0.3084,-0.116,0.4479,0.7372,False,U3
genre,speech,should/activity,H2,vix,9,0.822,45,0.0452,0.7679,0.0433,0.7777,0.9414,False,U3
genre,speech,should/other,T1,cfnai,56,0.734,124,0.0325,0.7203,-0.0308,0.7339,0.9698,False,U3
genre,speech,should/other,T1,vix,56,0.734,124,0.0378,0.6768,-0.2126,0.0177,0.0817,False,U3
genre,speech,should/other,T2,cfnai,55,0.729,118,-0.0393,0.6726,-0.0443,0.634,0.9642,False,U3
genre,speech,should/other,T2,vix,55,0.729,118,-0.0645,0.4874,-0.2224,0.0155,0.0795,False,U3
genre,speech,should/other,T3,cfnai,84,0.707,174,0.0218,0.7756,-0.0933,0.2209,0.8062,False,U3
genre,speech,should/other,T3,vix,84,0.707,174,0.0631,0.4081,-0.1149,0.1312,0.2993,False,U3
genre,speech,should/other,H1,cfnai,48,0.644,73,0.1262,0.2872,0.0451,0.7048,0.9582,False,U3
genre,speech,should/other,H1,vix,48,0.644,73,-0.0783,0.51,-0.1467,0.2157,0.5621,False,U3
genre,speech,should/other,H2,cfnai,7,0.867,45,-0.1679,0.2704,-0.2059,0.1747,0.5904,False,U3
genre,speech,should/other,H2,vix,7,0.867,45,0.0503,0.7428,-0.068,0.6571,0.9094,False,U3
genre,speech,will/activity,T1,cfnai,179,0.306,124,-0.2672,0.0027,-0.2182,0.0149,0.1572,True,U3
genre,speech,will/activity,T1,vix,179,0.306,124,0.2849,0.0013,0.165,0.067,0.198,True,U3
genre,speech,will/activity,T2,cfnai,167,0.314,118,-0.0729,0.4329,-0.1933,0.036,0.3505,True,U3
genre,speech,will/activity,T2,vix,167,0.314,118,0.1993,0.0305,0.1312,0.1566,0.381,True,U3
genre,speech,will/activity,T3,cfnai,254,0.299,174,-0.2512,0.0008,-0.1785,0.0185,0.2065,True,U3
genre,speech,will/activity,T3,vix,254,0.299,174,0.2122,0.0049,0.1419,0.0619,0.2102,True,U3
genre,speech,will/activity,H1,cfnai,100,0.329,73,-0.295,0.0113,-0.1961,0.0964,0.6912,True,U3
genre,speech,will/activity,H1,vix,100,0.329,73,0.0376,0.7523,0.0593,0.6182,0.8577,True,U3
genre,speech,will/activity,H2,cfnai,67,0.289,45,0.0028,0.9853,-0.1581,0.2997,0.6526,True,U3
genre,speech,will/activity,H2,vix,67,0.289,45,0.0211,0.8906,-0.0846,0.5808,0.9056,True,U3
genre,speech,will/aspectual,T1,cfnai,114,0.492,124,-0.1603,0.0754,-0.1148,0.2043,0.7182,True,U3
genre,speech,will/aspectual,T1,vix,114,0.492,124,0.0488,0.5901,0.0226,0.803,0.9379,True,U3
genre,speech,will/aspectual,T2,cfnai,110,0.5,118,-0.0776,0.4036,-0.0738,0.4268,0.8778,True,U3
genre,speech,will/aspectual,T2,vix,110,0.5,118,-0.0042,0.9643,-0.0063,0.9456,0.9655,True,U3
genre,speech,will/aspectual,T3,cfnai,163,0.506,174,-0.1546,0.0417,-0.1259,0.0979,0.6212,True,U3
genre,speech,will/aspectual,T3,vix,163,0.506,174,0.0357,0.6397,-0.0003,0.9971,0.9991,True,U3
genre,speech,will/aspectual,H1,cfnai,67,0.507,73,0.0771,0.5167,0.054,0.65,0.9582,True,U3
genre,speech,will/aspectual,H1,vix,67,0.507,73,-0.0134,0.9107,0.0593,0.6184,0.8577,True,U3
genre,speech,will/aspectual,H2,cfnai,43,0.489,45,-0.2099,0.1664,-0.2185,0.1493,0.5904,True,U3
genre,speech,will/aspectual,H2,vix,43,0.489,45,-0.1919,0.2067,-0.1955,0.1981,0.6427,True,U3
genre,speech,will/causative,T1,cfnai,50,0.734,124,0.0796,0.3795,0.047,0.6042,0.9698,False,U3
genre,speech,will/causative,T1,vix,50,0.734,124,-0.0853,0.3465,-0.1751,0.0518,0.1744,False,U3
genre,speech,will/causative,T2,cfnai,47,0.737,118,0.1534,0.0973,0.0239,0.7971,0.9853,False,U3
genre,speech,will/causative,T2,vix,47,0.737,118,-0.0799,0.3895,-0.1992,0.0306,0.1293,False,U3
genre,speech,will/causative,T3,cfnai,76,0.701,174,0.076,0.319,0.0476,0.5324,0.963,False,U3
genre,speech,will/causative,T3,vix,76,0.701,174,-0.1032,0.1756,-0.1172,0.1234,0.2993,False,U3
genre,speech,will/causative,H1,cfnai,34,0.671,73,-0.0066,0.956,0.0049,0.9673,0.9892,False,U3
genre,speech,will/causative,H1,vix,34,0.671,73,-0.2518,0.0316,-0.2035,0.0842,0.4257,False,U3
genre,speech,will/causative,H2,cfnai,13,0.844,45,0.2498,0.098,0.0391,0.7988,0.9835,False,U3
genre,speech,will/causative,H2,vix,13,0.844,45,0.0186,0.9036,-0.0169,0.9122,0.9515,False,U3
genre,speech,will/communication,T1,cfnai,117,0.508,124,0.0512,0.5722,-0.0368,0.6845,0.9698,True,U3
genre,speech,will/communication,T1,vix,117,0.508,124,-0.11,0.2241,-0.1314,0.1459,0.3492,True,U3
genre,speech,will/communication,T2,cfnai,114,0.508,118,-0.0768,0.4082,-0.0641,0.4902,0.9275,True,U3
genre,speech,will/communication,T2,vix,114,0.508,118,-0.081,0.3831,-0.1249,0.1777,0.4148,True,U3
genre,speech,will/communication,T3,cfnai,172,0.471,174,0.0479,0.5303,-0.0303,0.6918,0.963,True,U3
genre,speech,will/communication,T3,vix,172,0.471,174,-0.0487,0.5234,-0.0809,0.2884,0.5302,True,U3
genre,speech,will/communication,H1,cfnai,91,0.425,73,-0.2485,0.034,-0.2656,0.0232,0.5363,True,U3
genre,speech,will/communication,H1,vix,91,0.425,73,-0.0327,0.7836,-0.0501,0.6735,0.867,True,U3
genre,speech,will/communication,H2,cfnai,23,0.644,45,0.0683,0.6556,0.1545,0.3108,0.6526,False,U3
genre,speech,will/communication,H2,vix,23,0.644,45,-0.0845,0.5812,-0.0433,0.7778,0.9414,False,U3
genre,speech,will/copular_adj,T1,cfnai,84,0.589,124,0.1052,0.2449,0.008,0.9297,0.9808,True,U3
genre,speech,will/copular_adj,T1,vix,84,0.589,124,0.0864,0.3398,0.0047,0.9588,0.9957,True,U3
genre,speech,will/copular_adj,T2,cfnai,80,0.593,118,0.0341,0.7138,-0.0274,0.7683,0.9853,True,U3
genre,speech,will/copular_adj,T2,vix,80,0.593,118,0.0696,0.4538,-0.0117,0.8997,0.9519,True,U3
genre,speech,will/copular_adj,T3,cfnai,125,0.552,174,0.0979,0.199,0.0481,0.5285,0.963,True,U3
genre,speech,will/copular_adj,T3,vix,125,0.552,174,0.0935,0.2199,0.0001,0.9991,0.9991,True,U3
genre,speech,will/copular_adj,H1,cfnai,56,0.562,73,0.0686,0.5644,-0.0195,0.8698,0.9752,True,U3
genre,speech,will/copular_adj,H1,vix,56,0.562,73,0.0887,0.4555,0.0553,0.6419,0.867,True,U3
genre,speech,will/copular_adj,H2,cfnai,24,0.644,45,0.0031,0.9841,-0.0598,0.6965,0.9266,False,U3
genre,speech,will/copular_adj,H2,vix,24,0.644,45,-0.0084,0.9566,-0.0383,0.8026,0.9414,False,U3
genre,speech,will/copular_nom,T1,cfnai,41,0.758,124,-0.0084,0.9266,-0.1352,0.1342,0.6173,False,U3
genre,speech,will/copular_nom,T1,vix,41,0.758,124,0.0943,0.2973,-0.0038,0.9662,0.9957,False,U3
genre,speech,will/copular_nom,T2,cfnai,38,0.771,118,-0.0279,0.7641,-0.0936,0.3133,0.8351,False,U3
genre,speech,will/copular_nom,T2,vix,38,0.771,118,-0.0307,0.7415,-0.0582,0.5315,0.7534,False,U3
genre,speech,will/copular_nom,T3,cfnai,56,0.741,174,-0.0087,0.909,-0.1038,0.173,0.7427,False,U3
genre,speech,will/copular_nom,T3,vix,56,0.741,174,0.0455,0.5513,0.0034,0.9642,0.9776,False,U3
genre,speech,will/copular_nom,H1,cfnai,28,0.767,73,0.0639,0.5913,0.0552,0.6426,0.9582,False,U3
genre,speech,will/copular_nom,H1,vix,28,0.767,73,0.0188,0.8743,0.0117,0.9218,0.993,False,U3
genre,speech,will/copular_nom,H2,cfnai,10,0.778,45,-0.12,0.4322,-0.2862,0.0567,0.411,False,U3
genre,speech,will/copular_nom,H2,vix,10,0.778,45,-0.1186,0.4377,-0.1604,0.2926,0.7298,False,U3
genre,speech,will/existence,T1,cfnai,58,0.669,124,0.0033,0.9713,0.0541,0.5504,0.9698,False,U3
genre,speech,will/existence,T1,vix,58,0.669,124,0.134,0.1378,-0.0772,0.3941,0.669,False,U3
genre,speech,will/existence,T2,cfnai,57,0.661,118,0.0732,0.4308,0.0619,0.5057,0.9275,False,U3
genre,speech,will/existence,T2,vix,57,0.661,118,0.1947,0.0346,-0.0644,0.4884,0.7351,False,U3
genre,speech,will/existence,T3,cfnai,87,0.638,174,-0.0041,0.9569,0.012,0.8753,0.9696,False,U3
genre,speech,will/existence,T3,vix,87,0.638,174,0.0681,0.3718,-0.074,0.3316,0.5657,False,U3
genre,speech,will/existence,H1,cfnai,43,0.603,73,0.3208,0.0057,0.2246,0.0561,0.5363,False,U3
genre,speech,will/existence,H1,vix,43,0.603,73,0.1316,0.2669,-0.0844,0.4775,0.8405,False,U3
genre,speech,will/existence,H2,cfnai,14,0.756,45,-0.054,0.7248,-0.1539,0.3128,0.6526,False,U3
genre,speech,will/existence,H2,vix,14,0.756,45,0.2223,0.1422,0.0983,0.5204,0.8506,False,U3
genre,speech,will/mental,T1,cfnai,68,0.637,124,0.0398,0.6609,0.0232,0.7981,0.9698,False,U3
genre,speech,will/mental,T1,vix,68,0.637,124,0.0147,0.8712,0.0337,0.7102,0.8643,False,U3
genre,speech,will/mental,T2,cfnai,68,0.619,118,-0.0631,0.4973,-0.016,0.8635,0.9853,False,U3
genre,speech,will/mental,T2,vix,68,0.619,118,0.1481,0.1095,0.1017,0.2732,0.5698,False,U3
genre,speech,will/mental,T3,cfnai,87,0.644,174,0.0232,0.7616,-0.0516,0.4993,0.963,False,U3
genre,speech,will/mental,T3,vix,87,0.644,174,-0.0373,0.6252,-0.0298,0.6958,0.8957,False,U3
genre,speech,will/mental,H1,cfnai,38,0.671,73,-0.2005,0.089,-0.0616,0.6045,0.9582,False,U3
genre,speech,will/mental,H1,vix,38,0.671,73,0.0335,0.7784,-0.0048,0.9676,0.993,False,U3
genre,speech,will/mental,H2,cfnai,30,0.533,45,-0.0462,0.763,0.0342,0.8237,0.9835,False,U3
genre,speech,will/mental,H2,vix,30,0.533,45,-0.0735,0.6314,-0.0676,0.6591,0.9094,False,U3
genre,speech,will/occurrence,T1,cfnai,119,0.548,124,0.0438,0.6292,-0.1382,0.1257,0.6173,True,U3
genre,speech,will/occurrence,T1,vix,119,0.548,124,-0.1423,0.1149,-0.2353,0.0085,0.0541,True,U3
genre,speech,will/occurrence,T2,cfnai,117,0.542,118,-0.1384,0.1351,-0.1981,0.0315,0.3505,True,U3
genre,speech,will/occurrence,T2,vix,117,0.542,118,-0.1031,0.2665,-0.2186,0.0174,0.0848,True,U3
genre,speech,will/occurrence,T3,cfnai,173,0.54,174,0.0305,0.6894,-0.156,0.0398,0.3419,True,U3
genre,speech,will/occurrence,T3,vix,173,0.54,174,-0.0965,0.2051,-0.1375,0.0704,0.2172,True,U3
genre,speech,will/occurrence,H1,cfnai,91,0.493,73,-0.0392,0.742,-0.1482,0.2109,0.7628,True,U3
genre,speech,will/occurrence,H1,vix,91,0.493,73,-0.0611,0.6079,-0.1591,0.1789,0.5621,True,U3
genre,speech,will/occurrence,H2,cfnai,26,0.622,45,-0.2348,0.1205,-0.2495,0.0984,0.5586,False,U3
genre,speech,will/occurrence,H2,vix,26,0.622,45,-0.1239,0.4174,-0.2124,0.1614,0.6427,False,U3
genre,speech,will/other,T1,cfnai,253,0.258,124,-0.0456,0.615,-0.0176,0.8463,0.9698,True,U3
genre,speech,will/other,T1,vix,253,0.258,124,0.1147,0.2046,0.0667,0.4615,0.7139,True,U3
genre,speech,will/other,T2,cfnai,236,0.263,118,-0.0092,0.9217,0.014,0.8803,0.9853,True,U3
genre,speech,will/other,T2,vix,236,0.263,118,-0.0327,0.725,0.0164,0.8598,0.9438,True,U3
genre,speech,will/other,T3,cfnai,359,0.241,174,-0.0481,0.5289,-0.0067,0.9299,0.9696,True,U3
genre,speech,will/other,T3,vix,359,0.241,174,0.1123,0.1402,0.0908,0.2332,0.4601,True,U3
genre,speech,will/other,H1,cfnai,171,0.205,73,-0.0589,0.6204,0.023,0.847,0.9752,True,U3
genre,speech,will/other,H1,vix,171,0.205,73,0.0573,0.6302,0.0665,0.5764,0.8577,True,U3
genre,speech,will/other,H2,cfnai,65,0.356,45,0.0426,0.7811,-0.0193,0.8998,0.9835,True,U3
genre,speech,will/other,H2,vix,65,0.356,45,-0.1582,0.2993,-0.0965,0.5282,0.8506,True,U3
genre,speech,will/policy_action,T1,cfnai,77,0.645,124,0.0854,0.3456,0.0308,0.7339,0.9698,False,U3
genre,speech,will/policy_action,T1,vix,77,0.645,124,0.0477,0.5989,0.0661,0.4656,0.7139,False,U3
genre,speech,will/policy_action,T2,cfnai,75,0.644,118,0.1264,0.1727,0.0046,0.9607,0.9853,False,U3
genre,speech,will/policy_action,T2,vix,75,0.644,118,0.1165,0.2091,0.077,0.4074,0.6836,False,U3
genre,speech,will/policy_action,T3,cfnai,102,0.649,174,0.059,0.4396,-0.0891,0.2424,0.8229,False,U3
genre,speech,will/policy_action,T3,vix,102,0.649,174,0.0636,0.4047,0.1159,0.1277,0.2993,False,U3
genre,speech,will/policy_action,H1,cfnai,51,0.671,73,-0.2412,0.0398,-0.2278,0.0526,0.5363,False,U3
genre,speech,will/policy_action,H1,vix,51,0.671,73,-0.0355,0.7656,-0.0242,0.8388,0.9881,False,U3
genre,speech,will/policy_action,H2,cfnai,24,0.6,45,0.2889,0.0543,0.2751,0.0674,0.4653,False,U3
genre,speech,will/policy_action,H2,vix,24,0.6,45,0.0699,0.6482,0.1047,0.4935,0.8321,False,U3
genre,speech,would/activity,T1,cfnai,52,0.734,124,0.0242,0.7898,0.0601,0.5072,0.9698,False,U3
genre,speech,would/activity,T1,vix,52,0.734,124,-0.1564,0.0827,-0.291,0.001,0.0092,False,U3
genre,speech,would/activity,T2,cfnai,52,0.72,118,-0.0679,0.4649,0.0306,0.7425,0.9853,False,U3
genre,speech,would/activity,T2,vix,52,0.72,118,-0.1511,0.1025,-0.2637,0.0039,0.0285,False,U3
genre,speech,would/activity,T3,cfnai,80,0.695,174,0.0213,0.7802,0.0268,0.7256,0.963,False,U3
genre,speech,would/activity,T3,vix,80,0.695,174,-0.1463,0.054,-0.2376,0.0016,0.0194,False,U3
genre,speech,would/activity,H1,cfnai,46,0.63,73,-0.0847,0.4764,-0.0273,0.8189,0.9752,False,U3
genre,speech,would/activity,H1,vix,46,0.63,73,-0.0921,0.4384,-0.2529,0.0308,0.2652,False,U3
genre,speech,would/activity,H2,cfnai,6,0.867,45,-0.0161,0.9166,0.1192,0.4353,0.7372,False,U3
genre,speech,would/activity,H2,vix,6,0.867,45,0.0798,0.6024,0.1592,0.2962,0.7298,False,U3
genre,speech,would/causative,T1,cfnai,48,0.766,124,0.0573,0.5272,0.0201,0.825,0.9698,False,U3
genre,speech,would/causative,T1,vix,48,0.766,124,-0.0676,0.4555,-0.132,0.1439,0.3492,False,U3
genre,speech,would/causative,T2,cfnai,46,0.771,118,-0.0522,0.5743,-0.0101,0.914,0.9853,False,U3
genre,speech,would/causative,T2,vix,46,0.771,118,-0.0497,0.5929,-0.1542,0.0955,0.2921,False,U3
genre,speech,would/causative,T3,cfnai,69,0.741,174,0.0504,0.5089,0.0083,0.9134,0.9696,False,U3
genre,speech,would/causative,T3,vix,69,0.741,174,-0.0937,0.2187,-0.1673,0.0274,0.1289,False,U3
genre,speech,would/causative,H1,cfnai,35,0.726,73,0.0332,0.7801,0.0676,0.5698,0.9582,False,U3
genre,speech,would/causative,H1,vix,35,0.726,73,-0.2147,0.0681,-0.2546,0.0297,0.2652,False,U3
genre,speech,would/causative,H2,cfnai,11,0.844,45,-0.1203,0.4312,-0.0921,0.5472,0.8096,False,U3
genre,speech,would/causative,H2,vix,11,0.844,45,0.0972,0.5255,0.1374,0.368,0.7733,False,U3
genre,speech,would/copular_adj,T1,cfnai,92,0.669,124,0.1303,0.1493,-0.0335,0.7119,0.9698,False,U3
genre,speech,would/copular_adj,T1,vix,92,0.669,124,-0.0995,0.2714,-0.1573,0.0811,0.2192,False,U3
genre,speech,would/copular_adj,T2,cfnai,89,0.661,118,-0.1181,0.2027,-0.1123,0.2262,0.7886,False,U3
genre,speech,would/copular_adj,T2,vix,89,0.661,118,-0.0904,0.3301,-0.1463,0.1139,0.3199,False,U3
genre,speech,would/copular_adj,T3,cfnai,139,0.603,174,0.1143,0.1333,-0.0216,0.7771,0.9696,False,U3
genre,speech,would/copular_adj,T3,vix,139,0.603,174,-0.1355,0.0746,-0.1535,0.0431,0.1726,False,U3
genre,speech,would/copular_adj,H1,cfnai,71,0.616,73,-0.0338,0.7765,-0.0585,0.6231,0.9582,False,U3
genre,speech,would/copular_adj,H1,vix,71,0.616,73,-0.0883,0.4576,-0.073,0.5395,0.8577,False,U3
genre,speech,would/copular_adj,H2,cfnai,18,0.733,45,-0.1908,0.2093,-0.2079,0.1706,0.5904,False,U3
genre,speech,would/copular_adj,H2,vix,18,0.733,45,-0.1373,0.3683,-0.1479,0.3321,0.7644,False,U3
genre,speech,would/existence,T1,cfnai,47,0.742,124,-0.0481,0.5961,-0.1499,0.0965,0.5873,False,U3
genre,speech,would/existence,T1,vix,47,0.742,124,-0.0517,0.5684,-0.1672,0.0635,0.1931,False,U3
genre,speech,would/existence,T2,cfnai,45,0.737,118,-0.2115,0.0215,-0.1563,0.091,0.5685,False,U3
genre,speech,would/existence,T2,vix,45,0.737,118,-0.0024,0.9797,-0.161,0.0816,0.2706,False,U3
genre,speech,would/existence,T3,cfnai,65,0.741,174,-0.038,0.6183,-0.067,0.3798,0.9173,False,U3
genre,speech,would/existence,T3,vix,65,0.741,174,-0.0736,0.3345,-0.1702,0.0248,0.1205,False,U3
genre,speech,would/existence,H1,cfnai,34,0.685,73,-0.0848,0.4758,-0.0927,0.4353,0.9582,False,U3
genre,speech,would/existence,H1,vix,34,0.685,73,-0.2288,0.0515,-0.2423,0.0389,0.3038,False,U3
genre,speech,would/existence,H2,cfnai,11,0.822,45,-0.2855,0.0573,-0.3021,0.0437,0.3725,False,U3
genre,speech,would/existence,H2,vix,11,0.822,45,0.026,0.8654,0.0903,0.5551,0.8749,False,U3
genre,speech,would/mental,T1,cfnai,39,0.79,124,-0.0605,0.5045,0.0051,0.9555,0.9823,False,U3
genre,speech,would/mental,T1,vix,39,0.79,124,0.0956,0.2911,-0.0529,0.5597,0.7858,False,U3
genre,speech,would/mental,T2,cfnai,37,0.797,118,-0.0288,0.7571,0.0549,0.555,0.9389,False,U3
genre,speech,would/mental,T2,vix,37,0.797,118,0.0693,0.4561,-0.0873,0.3471,0.6253,False,U3
genre,speech,would/mental,T3,cfnai,50,0.787,174,-0.0642,0.4003,-0.0137,0.8579,0.9696,False,U3
genre,speech,would/mental,T3,vix,50,0.787,174,0.0525,0.4913,-0.0741,0.3312,0.5657,False,U3
genre,speech,would/mental,H1,cfnai,30,0.726,73,-0.0698,0.5572,0.0228,0.8481,0.9752,False,U3
genre,speech,would/mental,H1,vix,30,0.726,73,-0.0217,0.8554,0.0093,0.9375,0.993,False,U3
genre,speech,would/mental,H2,cfnai,7,0.911,45,0.0161,0.9166,0.0862,0.5733,0.8398,False,U3
genre,speech,would/mental,H2,vix,7,0.911,45,0.2857,0.0571,0.2055,0.1757,0.6427,False,U3
genre,speech,would/occurrence,T1,cfnai,42,0.766,124,0.0859,0.3428,0.0442,0.6261,0.9698,False,U3
genre,speech,would/occurrence,T1,vix,42,0.766,124,-0.0057,0.9503,0.024,0.7917,0.9379,False,U3
genre,speech,would/occurrence,T2,cfnai,40,0.771,118,0.0566,0.5429,0.0187,0.8407,0.9853,False,U3
genre,speech,would/occurrence,T2,vix,40,0.771,118,0.0405,0.663,0.0138,0.8821,0.9519,False,U3
genre,speech,would/occurrence,T3,cfnai,59,0.764,174,0.0634,0.4056,0.0278,0.7162,0.963,False,U3
genre,speech,would/occurrence,T3,vix,59,0.764,174,-0.0335,0.661,-0.0189,0.8049,0.937,False,U3
genre,speech,would/occurrence,H1,cfnai,28,0.753,73,0.0242,0.839,0.0156,0.8958,0.9752,False,U3
genre,speech,would/occurrence,H1,vix,28,0.753,73,-0.131,0.2693,-0.0113,0.9242,0.993,False,U3
genre,speech,would/occurrence,H2,cfnai,12,0.8,45,0.0749,0.625,0.0257,0.8668,0.9835,False,U3
genre,speech,would/occurrence,H2,vix,12,0.8,45,0.1464,0.3374,0.1143,0.4548,0.7972,False,U3
genre,speech,would/other,T1,cfnai,158,0.435,124,0.1238,0.1707,0.0779,0.3896,0.9698,True,U3
genre,speech,would/other,T1,vix,158,0.435,124,-0.0813,0.3694,-0.172,0.0561,0.1744,True,U3
genre,speech,would/other,T2,cfnai,152,0.441,118,0.0302,0.7453,0.0505,0.5873,0.9564,True,U3
genre,speech,would/other,T2,vix,152,0.441,118,-0.1598,0.084,-0.1968,0.0327,0.1293,True,U3
genre,speech,would/other,T3,cfnai,241,0.391,174,0.0982,0.1975,0.0059,0.9383,0.9696,True,U3
genre,speech,would/other,T3,vix,241,0.391,174,-0.0265,0.7283,-0.0874,0.2515,0.4769,True,U3
genre,speech,would/other,H1,cfnai,118,0.329,73,-0.0689,0.5625,-0.0895,0.4517,0.9582,True,U3
genre,speech,would/other,H1,vix,118,0.329,73,-0.1166,0.3257,-0.1251,0.2916,0.66,True,U3
genre,speech,would/other,H2,cfnai,34,0.622,45,0.1181,0.4397,0.1892,0.2132,0.6396,False,U3
genre,speech,would/other,H2,vix,34,0.622,45,-0.1563,0.3051,-0.1519,0.3193,0.7561,False,U3
genre,statement,could/causative,T1,cfnai,50,0.505,101,0.1441,0.1507,-0.0778,0.4393,0.9698,True,U3
genre,statement,could/causative,T1,vix,50,0.505,101,0.1768,0.077,0.312,0.0015,0.0115,True,U3
genre,statement,could/causative,T2,cfnai,47,0.484,91,-0.057,0.5914,-0.1859,0.0778,0.516,True,U3
genre,statement,could/causative,T2,vix,47,0.484,91,0.4562,0.0,0.4278,0.0,0.0005,True,U3
genre,statement,could/causative,T3,cfnai,64,0.541,133,0.1311,0.1325,-0.0241,0.7827,0.9696,True,U3
genre,statement,could/causative,T3,vix,64,0.541,133,0.081,0.3539,0.1593,0.0671,0.215,True,U3
genre,statement,could/causative,H1,cfnai,4,0.917,48,0.1177,0.4255,0.0935,0.5272,0.9582,False,U3
genre,statement,could/causative,H1,vix,4,0.917,48,-0.1172,0.4277,-0.0829,0.5755,0.8577,False,U3
genre,statement,could/causative,H2,cfnai,43,0.0,43,-0.6231,0.0,-0.5067,0.0005,0.0175,True,U3
genre,statement,could/causative,H2,vix,43,0.0,43,-0.0262,0.8675,-0.1202,0.4427,0.7925,True,U3
genre,statement,will/activity,T1,cfnai,132,0.01,101,-0.2672,0.0069,-0.3499,0.0003,0.0244,True,U3
genre,statement,will/activity,T1,vix,132,0.01,101,0.0808,0.4216,0.1825,0.0678,0.198,True,U3
genre,statement,will/activity,T2,cfnai,118,0.0,91,-0.3185,0.0021,-0.2847,0.0062,0.1584,True,U3
genre,statement,will/activity,T2,vix,118,0.0,91,0.1589,0.1325,0.2058,0.0504,0.1885,True,U3
genre,statement,will/activity,T3,cfnai,158,0.105,133,-0.2104,0.0151,-0.2267,0.0087,0.1584,True,U3
genre,statement,will/activity,T3,vix,158,0.105,133,-0.0921,0.2917,-0.0397,0.6499,0.8705,True,U3
genre,statement,will/activity,H1,cfnai,65,0.0,48,-0.2015,0.1696,-0.0198,0.8939,0.9752,True,U3
genre,statement,will/activity,H1,vix,65,0.0,48,0.2247,0.1247,0.213,0.146,0.5621,True,U3
genre,statement,will/activity,H2,cfnai,53,0.0,43,-0.4164,0.0055,-0.502,0.0006,0.0175,True,U3
genre,statement,will/activity,H2,vix,53,0.0,43,-0.1016,0.5167,-0.1266,0.4186,0.7925,True,U3
genre,statement,will/aspectual,T1,cfnai,126,0.327,101,-0.0647,0.5202,-0.153,0.1266,0.6173,True,U3
genre,statement,will/aspectual,T1,vix,126,0.327,101,0.3478,0.0004,0.4038,0.0,0.0008,True,U3
genre,statement,will/aspectual,T2,cfnai,106,0.352,91,-0.0673,0.5261,-0.1703,0.1066,0.5949,True,U3
genre,statement,will/aspectual,T2,vix,106,0.352,91,0.337,0.0011,0.3874,0.0001,0.0018,True,U3
genre,statement,will/aspectual,T3,cfnai,175,0.286,133,-0.0639,0.465,-0.153,0.0787,0.5474,True,U3
genre,statement,will/aspectual,T3,vix,175,0.286,133,0.3053,0.0004,0.3313,0.0001,0.0029,True,U3
genre,statement,will/aspectual,H1,cfnai,21,0.667,48,-0.1947,0.1848,-0.1831,0.2129,0.7628,False,U3
genre,statement,will/aspectual,H1,vix,21,0.667,48,0.0782,0.5971,0.0799,0.5893,0.8577,False,U3
genre,statement,will/aspectual,H2,cfnai,85,0.0,43,-0.2032,0.1913,-0.2263,0.1446,0.5904,True,U3
genre,statement,will/aspectual,H2,vix,85,0.0,43,-0.3418,0.0249,-0.3477,0.0223,0.36,True,U3
genre,statement,will/causative,T1,cfnai,39,0.752,101,-0.1694,0.0904,-0.0272,0.787,0.9698,False,U3
genre,statement,will/causative,T1,vix,39,0.752,101,-0.2125,0.0329,-0.2969,0.0026,0.0188,False,U3
genre,statement,will/causative,T2,cfnai,35,0.769,91,-0.0015,0.9891,0.0702,0.5082,0.9275,False,U3
genre,statement,will/causative,T2,vix,35,0.769,91,-0.404,0.0001,-0.4351,0.0,0.0004,False,U3
genre,statement,will/causative,T3,cfnai,41,0.797,133,-0.1583,0.0688,0.028,0.7488,0.9696,False,U3
genre,statement,will/causative,T3,vix,41,0.797,133,-0.1945,0.0249,-0.2453,0.0044,0.0405,False,U3
genre,statement,will/causative,H1,cfnai,35,0.562,48,0.0377,0.799,0.0588,0.6916,0.9582,False,U3
genre,statement,will/causative,H1,vix,35,0.562,48,-0.3677,0.0101,-0.4127,0.0036,0.147,False,U3
genre,statement,will/causative,H2,cfnai,0,1.0,43,,,,,,False,U3
genre,statement,will/causative,H2,vix,0,1.0,43,,,,,,False,U3
genre,statement,will/copular_adj,T1,cfnai,55,0.535,101,0.2721,0.0059,0.4009,0.0,0.0048,True,U3
genre,statement,will/copular_adj,T1,vix,55,0.535,101,0.0759,0.4508,0.1248,0.2137,0.4456,True,U3
genre,statement,will/copular_adj,T2,cfnai,51,0.516,91,0.3338,0.0012,0.3324,0.0013,0.0936,True,U3
genre,statement,will/copular_adj,T2,vix,51,0.516,91,0.2538,0.0152,0.1783,0.0909,0.2884,True,U3
genre,statement,will/copular_adj,T3,cfnai,66,0.579,133,0.2468,0.0042,0.3495,0.0,0.0054,True,U3
genre,statement,will/copular_adj,T3,vix,66,0.579,133,-0.0237,0.7864,-0.0273,0.7554,0.9149,True,U3
genre,statement,will/copular_adj,H1,cfnai,27,0.542,48,0.2083,0.1554,0.2271,0.1206,0.704,False,U3
genre,statement,will/copular_adj,H1,vix,27,0.542,48,0.1644,0.2643,0.1405,0.3409,0.7509,False,U3
genre,statement,will/copular_adj,H2,cfnai,24,0.488,43,0.4225,0.0048,0.3605,0.0176,0.196,False,U3
genre,statement,will/copular_adj,H2,vix,24,0.488,43,0.2928,0.0567,0.2334,0.132,0.6397,False,U3
genre,statement,will/mental,T1,cfnai,105,0.257,101,-0.3478,0.0004,-0.2832,0.0041,0.084,True,U3
genre,statement,will/mental,T1,vix,105,0.257,101,-0.2847,0.0039,-0.39,0.0001,0.0012,True,U3
genre,statement,will/mental,T2,cfnai,96,0.242,91,-0.3264,0.0016,-0.1769,0.0934,0.5685,True,U3
genre,statement,will/mental,T2,vix,96,0.242,91,-0.4811,0.0,-0.4478,0.0,0.0002,True,U3
genre,statement,will/mental,T3,cfnai,142,0.248,133,-0.3243,0.0001,-0.2652,0.002,0.0594,True,U3
genre,statement,will/mental,T3,vix,142,0.248,133,-0.3112,0.0003,-0.4375,0.0,0.0,True,U3
genre,statement,will/mental,H1,cfnai,75,0.0,48,0.0091,0.9511,0.0463,0.7548,0.9699,True,U3
genre,statement,will/mental,H1,vix,75,0.0,48,-0.2145,0.1432,-0.3301,0.0219,0.2544,True,U3
genre,statement,will/mental,H2,cfnai,21,0.512,43,-0.5319,0.0002,-0.4605,0.0019,0.0421,False,U3
genre,statement,will/mental,H2,vix,21,0.512,43,-0.3252,0.0334,-0.284,0.0649,0.5494,False,U3
genre,statement,will/occurrence,T1,cfnai,47,0.644,101,-0.0633,0.5294,0.1698,0.0897,0.5693,False,U3
genre,statement,will/occurrence,T1,vix,47,0.644,101,-0.1831,0.0669,-0.2314,0.0199,0.086,False,U3
genre,statement,will/occurrence,T2,cfnai,42,0.659,91,0.1555,0.1411,0.1984,0.0595,0.4341,False,U3
genre,statement,will/occurrence,T2,vix,42,0.659,91,-0.311,0.0027,-0.3594,0.0005,0.0047,False,U3
genre,statement,will/occurrence,T3,cfnai,85,0.579,133,-0.0554,0.5266,0.085,0.3309,0.9055,True,U3
genre,statement,will/occurrence,T3,vix,85,0.579,133,-0.1905,0.0281,-0.2114,0.0146,0.0852,True,U3
genre,statement,will/occurrence,H1,cfnai,36,0.458,48,0.2775,0.0562,0.2204,0.1323,0.704,False,U3
genre,statement,will/occurrence,H1,vix,36,0.458,48,-0.2722,0.0613,-0.3843,0.007,0.1504,False,U3
genre,statement,will/occurrence,H2,cfnai,6,0.884,43,0.1435,0.3584,0.1699,0.2761,0.6526,False,U3
genre,statement,will/occurrence,H2,vix,6,0.884,43,-0.0011,0.9942,0.0483,0.7585,0.9414,False,U3
genre,statement,will/policy_action,T1,cfnai,57,0.614,101,0.034,0.7357,0.04,0.6916,0.9698,False,U3
genre,statement,will/policy_action,T1,vix,57,0.614,101,-0.3249,0.0009,-0.413,0.0,0.0008,False,U3
genre,statement,will/policy_action,T2,cfnai,56,0.582,91,-0.0634,0.5502,0.0293,0.7825,0.9853,True,U3
genre,statement,will/policy_action,T2,vix,56,0.582,91,-0.3403,0.001,-0.3888,0.0001,0.0018,True,U3
genre,statement,will/policy_action,T3,cfnai,86,0.556,133,0.0307,0.7261,0.0313,0.7203,0.963,True,U3
genre,statement,will/policy_action,T3,vix,86,0.556,133,-0.1641,0.0591,-0.2121,0.0142,0.0852,True,U3
genre,statement,will/policy_action,H1,cfnai,52,0.271,48,0.121,0.4128,0.1475,0.3171,0.9403,True,U3
genre,statement,will/policy_action,H1,vix,52,0.271,48,-0.1163,0.4311,-0.2082,0.1556,0.5621,True,U3
genre,statement,will/policy_action,H2,cfnai,4,0.93,43,-0.2194,0.1575,-0.2406,0.1201,0.5803,False,U3
genre,statement,will/policy_action,H2,vix,4,0.93,43,-0.06,0.7025,0.0029,0.9852,0.9978,False,U3
genre,statement,would/copular_adj,T1,cfnai,46,0.545,101,0.1376,0.17,-0.0928,0.3561,0.9452,True,U3
genre,statement,would/copular_adj,T1,vix,46,0.545,101,0.1984,0.0467,0.3386,0.0005,0.0065,True,U3
genre,statement,would/copular_adj,T2,cfnai,43,0.527,91,-0.0651,0.5398,-0.1997,0.0577,0.4341,True,U3
genre,statement,would/copular_adj,T2,vix,43,0.527,91,0.4755,0.0,0.4503,0.0,0.0002,True,U3
genre,statement,would/copular_adj,T3,cfnai,46,0.654,133,0.123,0.1585,-0.0309,0.7242,0.963,False,U3
genre,statement,would/copular_adj,T3,vix,46,0.654,133,0.1312,0.1323,0.2335,0.0068,0.0525,False,U3
genre,statement,would/copular_adj,H1,cfnai,0,1.0,48,,,,,,False,U3
genre,statement,would/copular_adj,H1,vix,0,1.0,48,,,,,,False,U3
genre,statement,would/copular_adj,H2,cfnai,43,0.0,43,-0.6231,0.0,-0.5067,0.0005,0.0175,True,U3
genre,statement,would/copular_adj,H2,vix,43,0.0,43,-0.0262,0.8675,-0.1202,0.4427,0.7925,True,U3
layer,min_boilerplate,may/other,T1,cfnai,84,0.889,99,0.0538,0.5967,0.1119,0.2703,0.8295,False,U3
layer,min_boilerplate,may/other,T1,vix,84,0.889,99,-0.066,0.5165,-0.0378,0.7106,0.8664,False,U3
layer,min_boilerplate,may/other,T2,cfnai,76,0.89,91,0.2208,0.0354,0.1876,0.0749,0.4377,False,U3
layer,min_boilerplate,may/other,T2,vix,76,0.89,91,0.0154,0.8849,0.0322,0.7618,0.8863,False,U3
layer,min_boilerplate,may/other,T3,cfnai,114,0.885,130,0.0403,0.6491,0.0494,0.5765,0.9644,False,U3
layer,min_boilerplate,may/other,T3,vix,114,0.885,130,-0.0697,0.4309,-0.0384,0.6645,0.8762,False,U3
layer,min_boilerplate,may/other,H1,cfnai,57,0.833,48,0.1151,0.436,0.0948,0.5214,0.9624,False,U3
layer,min_boilerplate,may/other,H1,vix,57,0.833,48,0.1293,0.3812,0.1202,0.4156,0.8401,False,U3
layer,min_boilerplate,may/other,H2,cfnai,19,0.953,43,0.411,0.0062,0.3291,0.0311,0.1755,False,U3
layer,min_boilerplate,may/other,H2,vix,19,0.953,43,0.1209,0.4399,0.1767,0.257,0.776,False,U3
layer,min_boilerplate,would/causative,T1,cfnai,28,0.879,99,0.02,0.8443,0.0931,0.3595,0.8985,False,U3
layer,min_boilerplate,would/causative,T1,vix,28,0.879,99,-0.0872,0.3906,-0.0439,0.6665,0.8534,False,U3
layer,min_boilerplate,would/causative,T2,cfnai,26,0.879,91,0.0302,0.7761,0.156,0.1398,0.5362,False,U3
layer,min_boilerplate,would/causative,T2,vix,26,0.879,91,-0.0401,0.7058,0.023,0.8286,0.8993,False,U3
layer,min_boilerplate,would/causative,T3,cfnai,40,0.877,130,0.0132,0.8815,0.0352,0.6906,0.9757,False,U3
layer,min_boilerplate,would/causative,T3,vix,40,0.877,130,-0.0835,0.345,-0.0441,0.6186,0.8615,False,U3
layer,min_boilerplate,would/causative,H1,cfnai,22,0.812,48,-0.0633,0.6692,0.0443,0.7652,0.9823,False,U3
layer,min_boilerplate,would/causative,H1,vix,22,0.812,48,0.096,0.5163,0.1704,0.2469,0.606,False,U3
layer,min_boilerplate,would/causative,H2,cfnai,4,0.953,43,0.419,0.0052,0.3296,0.0309,0.1755,False,U3
layer,min_boilerplate,would/causative,H2,vix,4,0.953,43,0.1294,0.4083,0.1792,0.2503,0.776,False,U3
layer,min_committee,could/causative,T1,cfnai,55,0.465,99,0.1159,0.2534,-0.0966,0.3416,0.8985,True,U3
layer,min_committee,could/causative,T1,vix,55,0.465,99,0.2079,0.0389,0.3253,0.001,0.0081,True,U3
layer,min_committee,could/causative,T2,cfnai,52,0.451,91,-0.1115,0.2927,-0.2037,0.0528,0.3822,True,U3
layer,min_committee,could/causative,T2,vix,52,0.451,91,0.402,0.0001,0.4138,0.0,0.0007,True,U3
layer,min_committee,could/causative,T3,cfnai,75,0.481,131,0.1063,0.2269,-0.0371,0.6742,0.9757,True,U3
layer,min_committee,could/causative,T3,vix,75,0.481,131,0.2137,0.0142,0.2754,0.0015,0.0162,True,U3
layer,min_committee,could/causative,H1,cfnai,9,0.854,48,0.1356,0.358,0.0568,0.7014,0.9624,False,U3
layer,min_committee,could/causative,H1,vix,9,0.854,48,-0.0756,0.6097,-0.0154,0.9173,0.9884,False,U3
layer,min_committee,could/causative,H2,cfnai,43,0.0,43,-0.6488,0.0,-0.5441,0.0002,0.0137,True,U3
layer,min_committee,could/causative,H2,vix,43,0.0,43,-0.0669,0.67,-0.0994,0.526,0.8569,True,U3
layer,min_committee,should/communication,T1,cfnai,38,0.707,99,0.0505,0.6195,-0.0852,0.402,0.8985,False,U3
layer,min_committee,should/communication,T1,vix,38,0.707,99,0.0213,0.8343,0.1665,0.0996,0.2645,False,U3
layer,min_committee,should/communication,T2,cfnai,37,0.692,91,-0.1124,0.2886,-0.1334,0.2075,0.6479,False,U3
layer,min_committee,should/communication,T2,vix,37,0.692,91,0.132,0.2122,0.2394,0.0223,0.0923,False,U3
layer,min_committee,should/communication,T3,cfnai,46,0.74,131,0.0498,0.572,-0.0345,0.6954,0.9757,False,U3
layer,min_committee,should/communication,T3,vix,46,0.74,131,0.0123,0.8889,0.1151,0.1907,0.4176,False,U3
layer,min_committee,should/communication,H1,cfnai,11,0.854,48,0.021,0.8875,-0.0805,0.5865,0.9624,False,U3
layer,min_committee,should/communication,H1,vix,11,0.854,48,0.1635,0.2668,0.2628,0.0712,0.4393,False,U3
layer,min_committee,should/communication,H2,cfnai,26,0.512,43,-0.2025,0.1927,-0.1521,0.3302,0.6188,False,U3
layer,min_committee,should/communication,H2,vix,26,0.512,43,-0.1991,0.2005,-0.1271,0.4166,0.8569,False,U3
layer,min_committee,would/activity,T1,cfnai,108,0.162,99,-0.2468,0.0138,-0.1065,0.2941,0.8725,True,U3
layer,min_committee,would/activity,T1,vix,108,0.162,99,0.3651,0.0002,0.3282,0.0009,0.0081,True,U3
layer,min_committee,would/activity,T2,cfnai,94,0.176,91,0.0533,0.6157,-0.0104,0.9219,0.96,True,U3
layer,min_committee,would/activity,T2,vix,94,0.176,91,0.2953,0.0045,0.2865,0.0059,0.0339,True,U3
layer,min_committee,would/activity,T3,cfnai,126,0.26,131,-0.1934,0.0269,-0.0004,0.9968,0.9968,True,U3
layer,min_committee,would/activity,T3,vix,126,0.26,131,0.2125,0.0148,0.1642,0.061,0.2002,True,U3
layer,min_committee,would/activity,H1,cfnai,44,0.271,48,-0.0809,0.5846,-0.0089,0.9519,0.9928,True,U3
layer,min_committee,would/activity,H1,vix,44,0.271,48,-0.0465,0.7537,-0.0549,0.7108,0.9378,True,U3
layer,min_committee,would/activity,H2,cfnai,50,0.07,43,0.1234,0.4305,0.0463,0.7682,0.9053,True,U3
layer,min_committee,would/activity,H2,vix,50,0.07,43,0.1681,0.2812,0.1077,0.4917,0.8569,True,U3
layer,min_committee,would/aspectual,T1,cfnai,116,0.212,99,-0.1509,0.1361,-0.0852,0.4019,0.8985,True,U3
layer,min_committee,would/aspectual,T1,vix,116,0.212,99,0.448,0.0,0.4753,0.0,0.0001,True,U3
layer,min_committee,would/aspectual,T2,cfnai,103,0.22,91,0.0583,0.5833,-0.0887,0.4028,0.8087,True,U3
layer,min_committee,would/aspectual,T2,vix,103,0.22,91,0.4018,0.0001,0.4222,0.0,0.0006,True,U3
layer,min_committee,would/aspectual,T3,cfnai,130,0.305,131,-0.1372,0.1181,-0.0716,0.4161,0.8817,True,U3
layer,min_committee,would/aspectual,T3,vix,130,0.305,131,0.2847,0.001,0.2705,0.0018,0.0176,True,U3
layer,min_committee,would/aspectual,H1,cfnai,36,0.417,48,-0.1705,0.2466,-0.1727,0.2404,0.9171,False,U3
layer,min_committee,would/aspectual,H1,vix,36,0.417,48,0.0265,0.8583,0.0272,0.8543,0.9884,False,U3
layer,min_committee,would/aspectual,H2,cfnai,67,0.0,43,0.144,0.3569,0.0676,0.6666,0.8676,True,U3
layer,min_committee,would/aspectual,H2,vix,67,0.0,43,0.0972,0.5351,0.0979,0.5324,0.8569,True,U3
layer,min_committee,would/causative,T1,cfnai,48,0.717,99,-0.1646,0.1035,-0.0372,0.715,0.9309,False,U3
layer,min_committee,would/causative,T1,vix,48,0.717,99,-0.0968,0.3405,-0.229,0.0226,0.0894,False,U3
layer,min_committee,would/causative,T2,cfnai,43,0.736,91,0.0332,0.7549,0.0687,0.5177,0.8693,False,U3
layer,min_committee,would/causative,T2,vix,43,0.736,91,-0.3211,0.0019,-0.3852,0.0002,0.0016,False,U3
layer,min_committee,would/causative,T3,cfnai,68,0.687,131,-0.1427,0.1041,0.0071,0.9357,0.9767,False,U3
layer,min_committee,would/causative,T3,vix,68,0.687,131,-0.1161,0.1867,-0.1687,0.054,0.1885,False,U3
layer,min_committee,would/causative,H1,cfnai,40,0.542,48,0.0304,0.8375,-0.0063,0.9661,0.9928,True,U3
layer,min_committee,would/causative,H1,vix,40,0.542,48,-0.3944,0.0055,-0.3936,0.0056,0.1785,True,U3
layer,min_committee,would/causative,H2,cfnai,3,0.953,43,0.1288,0.4106,0.1457,0.3511,0.6356,False,U3
layer,min_committee,would/causative,H2,vix,3,0.953,43,0.231,0.1361,0.1204,0.4418,0.8569,False,U3
layer,min_committee,would/copular_adj,T1,cfnai,126,0.232,99,0.1968,0.0509,0.2871,0.004,0.0542,True,U3
layer,min_committee,would/copular_adj,T1,vix,126,0.232,99,0.4032,0.0,0.4869,0.0,0.0001,True,U3
layer,min_committee,would/copular_adj,T2,cfnai,112,0.22,91,0.268,0.0102,0.1984,0.0594,0.4067,True,U3
layer,min_committee,would/copular_adj,T2,vix,112,0.22,91,0.5857,0.0,0.5395,0.0,0.0,True,U3
layer,min_committee,would/copular_adj,T3,cfnai,177,0.237,131,0.1716,0.05,0.2875,0.0009,0.0242,True,U3
layer,min_committee,would/copular_adj,T3,vix,177,0.237,131,0.3217,0.0002,0.4216,0.0,0.0001,True,U3
layer,min_committee,would/copular_adj,H1,cfnai,35,0.417,48,0.3489,0.0151,0.3757,0.0085,0.2695,False,U3
layer,min_committee,would/copular_adj,H1,vix,35,0.417,48,0.2435,0.0953,0.1225,0.4068,0.8401,False,U3
layer,min_committee,would/copular_adj,H2,cfnai,77,0.0,43,0.362,0.017,0.4555,0.0021,0.0395,True,U3
layer,min_committee,would/copular_adj,H2,vix,77,0.0,43,0.4712,0.0014,0.3998,0.0079,0.2508,True,U3
layer,min_committee,would/existence,T1,cfnai,52,0.586,99,0.124,0.2213,0.425,0.0,0.001,True,U3
layer,min_committee,would/existence,T1,vix,52,0.586,99,-0.2437,0.0151,-0.2637,0.0083,0.0435,True,U3
layer,min_committee,would/existence,T2,cfnai,47,0.593,91,0.3098,0.0028,0.4008,0.0001,0.0055,True,U3
layer,min_committee,would/existence,T2,vix,47,0.593,91,-0.3465,0.0008,-0.3548,0.0006,0.0047,True,U3
layer,min_committee,would/existence,T3,cfnai,59,0.641,131,0.1145,0.1927,0.3799,0.0,0.0007,False,U3
layer,min_committee,would/existence,T3,vix,59,0.641,131,-0.2184,0.0122,-0.2204,0.0114,0.0769,False,U3
layer,min_committee,would/existence,H1,cfnai,43,0.312,48,0.566,0.0,0.5998,0.0,0.0006,True,U3
layer,min_committee,would/existence,H1,vix,43,0.312,48,-0.2182,0.1363,-0.2869,0.0481,0.3806,True,U3
layer,min_committee,would/existence,H2,cfnai,4,0.907,43,0.3948,0.0088,0.3361,0.0276,0.1755,False,U3
layer,min_committee,would/existence,H2,vix,4,0.907,43,0.0767,0.6247,0.1345,0.3897,0.8444,False,U3
layer,min_committee,would/mental,T1,cfnai,71,0.414,99,-0.4085,0.0,-0.4792,0.0,0.0001,True,U3
layer,min_committee,would/mental,T1,vix,71,0.414,99,0.0315,0.7569,-0.0908,0.3715,0.5652,True,U3
layer,min_committee,would/mental,T2,cfnai,63,0.418,91,-0.3873,0.0001,-0.3984,0.0001,0.0055,True,U3
layer,min_committee,would/mental,T2,vix,63,0.418,91,-0.1513,0.1523,-0.1515,0.1517,0.37,True,U3
layer,min_committee,would/mental,T3,cfnai,80,0.489,131,-0.3774,0.0,-0.4067,0.0,0.0003,True,U3
layer,min_committee,would/mental,T3,vix,80,0.489,131,0.0266,0.7634,-0.1013,0.2495,0.4804,True,U3
layer,min_committee,would/mental,H1,cfnai,39,0.375,48,-0.2979,0.0397,-0.2849,0.0497,0.5924,False,U3
layer,min_committee,would/mental,H1,vix,39,0.375,48,-0.254,0.0815,-0.1826,0.2142,0.5854,False,U3
layer,min_committee,would/mental,H2,cfnai,24,0.465,43,-0.4457,0.0027,-0.4201,0.005,0.0522,False,U3
layer,min_committee,would/mental,H2,vix,24,0.465,43,-0.2166,0.163,-0.206,0.185,0.6947,False,U3
layer,min_committee,would/occurrence,T1,cfnai,89,0.556,99,0.0524,0.6066,0.0758,0.4557,0.8985,True,U3
layer,min_committee,would/occurrence,T1,vix,89,0.556,99,-0.3292,0.0009,-0.3569,0.0003,0.0037,True,U3
layer,min_committee,would/occurrence,T2,cfnai,89,0.516,91,0.014,0.8953,0.0736,0.4882,0.8561,True,U3
layer,min_committee,would/occurrence,T2,vix,89,0.516,91,-0.2854,0.0061,-0.303,0.0035,0.0231,True,U3
layer,min_committee,would/occurrence,T3,cfnai,110,0.527,131,0.0522,0.5541,0.0751,0.3936,0.8544,True,U3
layer,min_committee,would/occurrence,T3,vix,110,0.527,131,-0.2726,0.0016,-0.31,0.0003,0.0043,True,U3
layer,min_committee,would/occurrence,H1,cfnai,82,0.188,48,0.0644,0.6636,0.0521,0.7251,0.9624,True,U3
layer,min_committee,would/occurrence,H1,vix,82,0.188,48,0.1374,0.3516,0.1318,0.3719,0.8401,True,U3
layer,min_committee,would/occurrence,H2,cfnai,7,0.884,43,0.0611,0.6973,0.0483,0.7584,0.9053,False,U3
layer,min_committee,would/occurrence,H2,vix,7,0.884,43,-0.1347,0.3892,-0.0907,0.5628,0.8807,False,U3
layer,min_committee,would/other,T1,cfnai,26,0.798,99,0.1425,0.1595,0.3151,0.0015,0.0295,False,U3
layer,min_committee,would/other,T1,vix,26,0.798,99,0.0605,0.5519,0.0919,0.3655,0.5608,False,U3
layer,min_committee,would/other,T2,cfnai,23,0.813,91,0.2965,0.0043,0.2782,0.0076,0.1228,False,U3
layer,min_committee,would/other,T2,vix,23,0.813,91,-0.0339,0.7496,0.0245,0.8179,0.8932,False,U3
layer,min_committee,would/other,T3,cfnai,53,0.74,131,0.0759,0.3887,0.2291,0.0085,0.1095,False,U3
layer,min_committee,would/other,T3,vix,53,0.74,131,0.1712,0.0506,0.171,0.0508,0.1837,False,U3
layer,min_committee,would/other,H1,cfnai,15,0.792,48,0.0536,0.7173,0.053,0.7206,0.9624,False,U3
layer,min_committee,would/other,H1,vix,15,0.792,48,0.0206,0.8893,0.074,0.6171,0.9031,False,U3
layer,min_committee,would/other,H2,cfnai,8,0.837,43,0.5367,0.0002,0.4964,0.0007,0.03,False,U3
layer,min_committee,would/other,H2,vix,8,0.837,43,-0.019,0.9036,0.0438,0.7803,0.928,False,U3
layer,min_committee,would/policy_action,T1,cfnai,56,0.626,99,0.0373,0.7137,0.0286,0.7787,0.9309,False,U3
layer,min_committee,would/policy_action,T1,vix,56,0.626,99,-0.3187,0.0013,-0.4226,0.0,0.0006,False,U3
layer,min_committee,would/policy_action,T2,cfnai,55,0.604,91,-0.0091,0.9316,0.0337,0.7513,0.9534,False,U3
layer,min_committee,would/policy_action,T2,vix,55,0.604,91,-0.3552,0.0005,-0.4339,0.0,0.0004,False,U3
layer,min_committee,would/policy_action,T3,cfnai,68,0.649,131,0.0335,0.7039,0.0365,0.679,0.9757,False,U3
layer,min_committee,would/policy_action,T3,vix,68,0.649,131,-0.3155,0.0002,-0.4061,0.0,0.0001,False,U3
layer,min_committee,would/policy_action,H1,cfnai,52,0.292,48,0.2168,0.1389,0.2238,0.1263,0.7802,True,U3
layer,min_committee,would/policy_action,H1,vix,52,0.292,48,-0.1978,0.1777,-0.3194,0.0269,0.2934,True,U3
layer,min_committee,would/policy_action,H2,cfnai,3,0.953,43,-0.2248,0.1472,-0.3192,0.0369,0.1925,False,U3
layer,min_committee,would/policy_action,H2,vix,3,0.953,43,-0.1002,0.5226,-0.065,0.679,0.928,False,U3
layer,min_directive_quote,could/causative,T1,cfnai,18,0.818,99,0.0279,0.784,0.0228,0.823,0.9309,False,U3
layer,min_directive_quote,could/causative,T1,vix,18,0.818,99,-0.1912,0.058,-0.2046,0.0422,0.139,False,U3
layer,min_directive_quote,could/causative,T2,cfnai,17,0.813,91,0.0127,0.9048,0.0554,0.6021,0.9114,False,U3
layer,min_directive_quote,could/causative,T2,vix,17,0.813,91,-0.1493,0.1577,-0.1554,0.1414,0.3495,False,U3
layer,min_directive_quote,could/causative,T3,cfnai,50,0.618,131,0.0264,0.7643,-0.0031,0.9722,0.9829,False,U3
layer,min_directive_quote,could/causative,T3,vix,50,0.618,131,-0.0044,0.9606,0.0074,0.9327,0.9864,False,U3
layer,min_directive_quote,could/causative,H1,cfnai,17,0.646,48,0.0653,0.659,0.0404,0.7852,0.9928,False,U3
layer,min_directive_quote,could/causative,H1,vix,17,0.646,48,0.1387,0.3471,0.1881,0.2005,0.5854,False,U3
layer,min_directive_quote,could/causative,H2,cfnai,0,1.0,43,,,,,,False,U3
layer,min_directive_quote,could/causative,H2,vix,0,1.0,43,,,,,,False,U3
layer,min_directive_quote,will/aspectual,T1,cfnai,25,0.788,99,0.0195,0.8482,0.0052,0.9591,0.97,False,U3
layer,min_directive_quote,will/aspectual,T1,vix,25,0.788,99,-0.2059,0.0409,-0.1892,0.0607,0.1862,False,U3
layer,min_directive_quote,will/aspectual,T2,cfnai,23,0.78,91,-0.0287,0.7872,0.0399,0.7072,0.9327,False,U3
layer,min_directive_quote,will/aspectual,T2,vix,23,0.78,91,-0.1531,0.1474,-0.1323,0.2112,0.4441,False,U3
layer,min_directive_quote,will/aspectual,T3,cfnai,57,0.595,131,0.0218,0.8048,-0.0218,0.8052,0.9757,True,U3
layer,min_directive_quote,will/aspectual,T3,vix,57,0.595,131,-0.0313,0.7222,-0.0088,0.9203,0.9864,True,U3
layer,min_directive_quote,will/aspectual,H1,cfnai,22,0.604,48,-0.0405,0.7848,-0.0526,0.7227,0.9624,False,U3
layer,min_directive_quote,will/aspectual,H1,vix,22,0.604,48,0.1381,0.3492,0.2247,0.1246,0.5146,False,U3
layer,min_directive_quote,will/aspectual,H2,cfnai,1,0.977,43,0.1424,0.3622,0.1804,0.247,0.5906,False,U3
layer,min_directive_quote,will/aspectual,H2,vix,1,0.977,43,0.2091,0.1785,0.2114,0.1736,0.6748,False,U3
layer,min_directive_quote,will/causative,T1,cfnai,15,0.848,99,0.0344,0.7354,0.0924,0.3628,0.8985,False,U3
layer,min_directive_quote,will/causative,T1,vix,15,0.848,99,-0.1651,0.1025,-0.1648,0.1031,0.2659,False,U3
layer,min_directive_quote,will/causative,T2,cfnai,15,0.835,91,0.0363,0.7328,0.094,0.3752,0.8087,False,U3
layer,min_directive_quote,will/causative,T2,vix,15,0.835,91,-0.1335,0.2072,-0.1346,0.2033,0.4436,False,U3
layer,min_directive_quote,will/causative,T3,cfnai,48,0.641,131,0.029,0.742,0.0184,0.8346,0.9757,False,U3
layer,min_directive_quote,will/causative,T3,vix,48,0.641,131,0.016,0.8562,0.041,0.6419,0.8762,False,U3
layer,min_directive_quote,will/causative,H1,cfnai,15,0.688,48,0.1114,0.4512,0.0906,0.5403,0.9624,False,U3
layer,min_directive_quote,will/causative,H1,vix,15,0.688,48,0.1436,0.33,0.1826,0.2142,0.5854,False,U3
layer,min_directive_quote,will/causative,H2,cfnai,0,1.0,43,,,,,,False,U3
layer,min_directive_quote,will/causative,H2,vix,0,1.0,43,,,,,,False,U3
layer,min_participants,could/activity,T1,cfnai,114,0.354,99,-0.1292,0.2024,-0.3101,0.0018,0.0318,True,U3
layer,min_participants,could/activity,T1,vix,114,0.354,99,0.1739,0.0852,0.0213,0.834,0.9395,True,U3
layer,min_participants,could/activity,T2,cfnai,101,0.341,91,-0.226,0.0313,-0.2859,0.006,0.1074,True,U3
layer,min_participants,could/activity,T2,vix,101,0.341,91,0.0589,0.5792,0.0276,0.7947,0.8932,True,U3
layer,min_participants,could/activity,T3,cfnai,131,0.412,131,-0.1223,0.1642,-0.2447,0.0048,0.0784,True,U3
layer,min_participants,could/activity,T3,vix,131,0.412,131,0.109,0.2152,-0.0182,0.8363,0.9858,True,U3
layer,min_participants,could/activity,H1,cfnai,38,0.438,48,-0.2086,0.1548,-0.0469,0.7518,0.9784,False,U3
layer,min_participants,could/activity,H1,vix,38,0.438,48,-0.0749,0.6129,-0.0018,0.9902,0.9902,False,U3
layer,min_participants,could/activity,H2,cfnai,63,0.233,43,-0.2695,0.0806,-0.3917,0.0094,0.0793,True,U3
layer,min_participants,could/activity,H2,vix,63,0.233,43,-0.1221,0.4352,-0.3197,0.0366,0.4562,True,U3
layer,min_participants,could/causative,T1,cfnai,248,0.131,99,0.1916,0.0574,0.1301,0.1993,0.7503,True,U3
layer,min_participants,could/causative,T1,vix,248,0.131,99,0.1012,0.3191,0.0932,0.3587,0.5608,True,U3
layer,min_participants,could/causative,T2,cfnai,221,0.143,91,0.1029,0.3319,0.0618,0.5606,0.8909,True,U3
layer,min_participants,could/causative,T2,vix,221,0.143,91,0.0818,0.4411,0.0568,0.5929,0.776,True,U3
layer,min_participants,could/causative,T3,cfnai,295,0.16,131,0.1733,0.0477,0.1427,0.104,0.617,True,U3
layer,min_participants,could/causative,T3,vix,295,0.16,131,0.0911,0.3009,0.0463,0.5994,0.8615,True,U3
layer,min_participants,could/causative,H1,cfnai,119,0.146,48,0.0518,0.7265,0.0644,0.6637,0.9624,True,U3
layer,min_participants,could/causative,H1,vix,119,0.146,48,-0.0908,0.5394,0.0037,0.9801,0.9902,True,U3
layer,min_participants,could/causative,H2,cfnai,102,0.14,43,0.1279,0.4137,0.0232,0.8825,0.9499,True,U3
layer,min_participants,could/causative,H2,vix,102,0.14,43,0.1785,0.2522,0.1691,0.2785,0.7844,True,U3
layer,min_participants,could/copular_adj,T1,cfnai,52,0.596,99,0.004,0.9684,-0.1456,0.1505,0.671,True,U3
layer,min_participants,could/copular_adj,T1,vix,52,0.596,99,-0.0139,0.8916,0.0643,0.527,0.7215,True,U3
layer,min_participants,could/copular_adj,T2,cfnai,46,0.615,91,-0.2291,0.0289,-0.1759,0.0953,0.4377,False,U3
layer,min_participants,could/copular_adj,T2,vix,46,0.615,91,0.0067,0.9497,0.0647,0.5424,0.7314,False,U3
layer,min_participants,could/copular_adj,T3,cfnai,66,0.634,131,0.0012,0.9892,-0.1221,0.1649,0.705,False,U3
layer,min_participants,could/copular_adj,T3,vix,66,0.634,131,0.0356,0.6864,0.0728,0.4087,0.6799,False,U3
layer,min_participants,could/copular_adj,H1,cfnai,27,0.604,48,-0.3739,0.0088,-0.3235,0.0249,0.4596,False,U3
layer,min_participants,could/copular_adj,H1,vix,27,0.604,48,-0.0907,0.5399,0.0192,0.8971,0.9884,False,U3
layer,min_participants,could/copular_adj,H2,cfnai,19,0.628,43,-0.1323,0.3975,-0.0315,0.841,0.9363,False,U3
layer,min_participants,could/copular_adj,H2,vix,19,0.628,43,0.2229,0.1508,0.2465,0.1111,0.6561,False,U3
layer,min_participants,could/existence,T1,cfnai,38,0.677,99,-0.0173,0.8653,0.1198,0.2377,0.7945,False,U3
layer,min_participants,could/existence,T1,vix,38,0.677,99,-0.0138,0.8925,-0.0005,0.9958,0.9981,False,U3
layer,min_participants,could/existence,T2,cfnai,35,0.681,91,0.1014,0.339,0.1628,0.1231,0.4981,False,U3
layer,min_participants,could/existence,T2,vix,35,0.681,91,0.0762,0.473,0.0488,0.6461,0.7878,False,U3
layer,min_participants,could/existence,T3,cfnai,49,0.679,131,-0.025,0.7767,0.0454,0.6068,0.9644,False,U3
layer,min_participants,could/existence,T3,vix,49,0.679,131,0.0405,0.6459,0.0046,0.958,0.9864,False,U3
layer,min_participants,could/existence,H1,cfnai,19,0.688,48,-0.008,0.957,0.0208,0.8883,0.9928,False,U3
layer,min_participants,could/existence,H1,vix,19,0.688,48,0.0063,0.9659,0.0199,0.8929,0.9884,False,U3
layer,min_participants,could/existence,H2,cfnai,16,0.674,43,0.1844,0.2365,0.3128,0.0411,0.1985,False,U3
layer,min_participants,could/existence,H2,vix,16,0.674,43,0.1629,0.2967,0.1054,0.5013,0.8569,False,U3
layer,min_participants,could/occurrence,T1,cfnai,132,0.202,99,0.0727,0.4747,-0.0295,0.7722,0.9309,True,U3
layer,min_participants,could/occurrence,T1,vix,132,0.202,99,0.1653,0.102,0.1194,0.2393,0.4484,True,U3
layer,min_participants,could/occurrence,T2,cfnai,117,0.22,91,-0.0854,0.4209,-0.0843,0.427,0.8087,True,U3
layer,min_participants,could/occurrence,T2,vix,117,0.22,91,0.0851,0.4225,0.1103,0.2977,0.5179,True,U3
layer,min_participants,could/occurrence,T3,cfnai,164,0.229,131,0.0554,0.5297,-0.0527,0.5501,0.9416,True,U3
layer,min_participants,could/occurrence,T3,vix,164,0.229,131,0.1224,0.1638,0.1047,0.2341,0.4614,True,U3
layer,min_participants,could/occurrence,H1,cfnai,50,0.354,48,-0.1483,0.3145,-0.1329,0.3677,0.9624,True,U3
layer,min_participants,could/occurrence,H1,vix,50,0.354,48,-0.0228,0.8775,0.0143,0.923,0.9884,True,U3
layer,min_participants,could/occurrence,H2,cfnai,67,0.07,43,-0.0757,0.6294,0.017,0.9138,0.9592,True,U3
layer,min_participants,could/occurrence,H2,vix,67,0.07,43,-0.1108,0.4793,-0.1476,0.3448,0.8067,True,U3
layer,min_participants,could/other,T1,cfnai,148,0.253,99,-0.0884,0.3842,-0.1845,0.0675,0.4621,True,U3
layer,min_participants,could/other,T1,vix,148,0.253,99,0.0113,0.9116,0.0114,0.911,0.971,True,U3
layer,min_participants,could/other,T2,cfnai,130,0.275,91,0.0269,0.8003,-0.1217,0.2506,0.717,True,U3
layer,min_participants,could/other,T2,vix,130,0.275,91,-0.022,0.8362,0.0039,0.971,0.9788,True,U3
layer,min_participants,could/other,T3,cfnai,178,0.29,131,-0.0938,0.2867,-0.242,0.0054,0.0795,True,U3
layer,min_participants,could/other,T3,vix,178,0.29,131,-0.0358,0.6851,-0.019,0.8292,0.984,True,U3
layer,min_participants,could/other,H1,cfnai,68,0.25,48,-0.1996,0.1737,-0.1738,0.2376,0.9171,True,U3
layer,min_participants,could/other,H1,vix,68,0.25,48,0.2599,0.0744,0.1891,0.198,0.5854,True,U3
layer,min_participants,could/other,H2,cfnai,62,0.302,43,0.149,0.3404,-0.064,0.6836,0.8691,True,U3
layer,min_participants,could/other,H2,vix,62,0.302,43,-0.2669,0.0835,-0.2436,0.1154,0.6561,True,U3
layer,min_participants,could/policy_action,T1,cfnai,55,0.596,99,-0.0263,0.7958,-0.09,0.3757,0.8985,True,U3
layer,min_participants,could/policy_action,T1,vix,55,0.596,99,0.1627,0.1076,0.2545,0.011,0.051,True,U3
layer,min_participants,could/policy_action,T2,cfnai,47,0.637,91,-0.162,0.1249,-0.1417,0.1803,0.6065,False,U3
layer,min_participants,could/policy_action,T2,vix,47,0.637,91,0.1049,0.3224,0.1813,0.0855,0.2623,False,U3
layer,min_participants,could/policy_action,T3,cfnai,67,0.618,131,-0.029,0.7426,-0.1032,0.2408,0.771,False,U3
layer,min_participants,could/policy_action,T3,vix,67,0.618,131,0.0755,0.3916,0.164,0.0612,0.2002,False,U3
layer,min_participants,could/policy_action,H1,cfnai,13,0.75,48,0.1388,0.3469,0.1411,0.3387,0.9624,False,U3
layer,min_participants,could/policy_action,H1,vix,13,0.75,48,0.1386,0.3474,0.0874,0.5549,0.9031,False,U3
layer,min_participants,could/policy_action,H2,cfnai,34,0.512,43,-0.2828,0.0662,-0.3226,0.0349,0.1902,False,U3
layer,min_participants,could/policy_action,H2,vix,34,0.512,43,-0.1289,0.41,-0.0627,0.6895,0.928,False,U3
layer,min_participants,may/copular_adj,T1,cfnai,42,0.727,99,-0.0146,0.8863,-0.2132,0.0341,0.3426,False,U3
layer,min_participants,may/copular_adj,T1,vix,42,0.727,99,0.0297,0.7705,-0.0422,0.678,0.8559,False,U3
layer,min_participants,may/copular_adj,T2,cfnai,38,0.725,91,-0.2146,0.0411,-0.2217,0.0347,0.3207,False,U3
layer,min_participants,may/copular_adj,T2,vix,38,0.725,91,-0.0774,0.4658,-0.0656,0.537,0.7297,False,U3
layer,min_participants,may/copular_adj,T3,cfnai,44,0.779,131,-0.0094,0.9152,-0.1298,0.1394,0.6759,False,U3
layer,min_participants,may/copular_adj,T3,vix,44,0.779,131,-0.005,0.9552,-0.076,0.388,0.6628,False,U3
layer,min_participants,may/copular_adj,H1,cfnai,11,0.833,48,-0.0375,0.8001,-0.0574,0.6982,0.9624,False,U3
layer,min_participants,may/copular_adj,H1,vix,11,0.833,48,0.1368,0.3537,0.043,0.7718,0.9705,False,U3
layer,min_participants,may/copular_adj,H2,cfnai,27,0.605,43,-0.3098,0.0432,-0.2949,0.0549,0.238,False,U3
layer,min_participants,may/copular_adj,H2,vix,27,0.605,43,-0.4272,0.0043,-0.5353,0.0002,0.0221,False,U3
layer,min_participants,would/activity,T1,cfnai,158,0.303,99,-0.186,0.0653,-0.0831,0.4136,0.8985,True,U3
layer,min_participants,would/activity,T1,vix,158,0.303,99,0.4382,0.0,0.4678,0.0,0.0001,True,U3
layer,min_participants,would/activity,T2,cfnai,130,0.319,91,0.073,0.4914,-0.0158,0.8818,0.96,True,U3
layer,min_participants,would/activity,T2,vix,130,0.319,91,0.5304,0.0,0.4888,0.0,0.0001,True,U3
layer,min_participants,would/activity,T3,cfnai,182,0.359,131,-0.1721,0.0494,-0.0652,0.4595,0.9205,True,U3
layer,min_participants,would/activity,T3,vix,182,0.359,131,0.2788,0.0013,0.2785,0.0013,0.0152,True,U3
layer,min_participants,would/activity,H1,cfnai,39,0.438,48,-0.1506,0.3068,-0.1819,0.2158,0.9171,False,U3
layer,min_participants,would/activity,H1,vix,39,0.438,48,0.4184,0.0031,0.312,0.0309,0.2934,False,U3
layer,min_participants,would/activity,H2,cfnai,91,0.186,43,0.1321,0.3983,0.1435,0.3585,0.6377,True,U3
layer,min_participants,would/activity,H2,vix,91,0.186,43,0.4155,0.0056,0.3968,0.0084,0.2508,True,U3
layer,min_participants,would/aspectual,T1,cfnai,120,0.333,99,0.0577,0.5707,0.0823,0.4183,0.8985,True,U3
layer,min_participants,would/aspectual,T1,vix,120,0.333,99,0.0561,0.5811,-0.0308,0.7621,0.9104,True,U3
layer,min_participants,would/aspectual,T2,cfnai,101,0.341,91,0.0903,0.3946,0.0265,0.8035,0.9534,True,U3
layer,min_participants,would/aspectual,T2,vix,101,0.341,91,-0.1709,0.1053,-0.1713,0.1045,0.3048,True,U3
layer,min_participants,would/aspectual,T3,cfnai,144,0.382,131,0.0539,0.5411,0.1188,0.1767,0.705,True,U3
layer,min_participants,would/aspectual,T3,vix,144,0.382,131,0.044,0.6179,-0.0327,0.7105,0.9033,True,U3
layer,min_participants,would/aspectual,H1,cfnai,53,0.312,48,-0.0171,0.908,-0.0241,0.8708,0.9928,True,U3
layer,min_participants,would/aspectual,H1,vix,53,0.312,48,-0.1439,0.3293,-0.2426,0.0966,0.448,True,U3
layer,min_participants,would/aspectual,H2,cfnai,48,0.372,43,0.1623,0.2985,0.0918,0.558,0.8168,True,U3
layer,min_participants,would/aspectual,H2,vix,48,0.372,43,-0.2528,0.102,-0.2209,0.1545,0.6561,True,U3
layer,min_participants,would/causative,T1,cfnai,155,0.232,99,-0.098,0.3344,0.089,0.3812,0.8985,True,U3
layer,min_participants,would/causative,T1,vix,155,0.232,99,0.043,0.6728,0.1001,0.324,0.534,True,U3
layer,min_participants,would/causative,T2,cfnai,144,0.231,91,0.1059,0.3178,0.1769,0.0934,0.4377,True,U3
layer,min_participants,would/causative,T2,vix,144,0.231,91,0.0553,0.6026,0.1178,0.2662,0.5096,True,U3
layer,min_participants,would/causative,T3,cfnai,199,0.229,131,-0.0781,0.375,0.0892,0.3108,0.771,True,U3
layer,min_participants,would/causative,T3,vix,199,0.229,131,-0.0113,0.8985,0.0679,0.4411,0.7203,True,U3
layer,min_participants,would/causative,H1,cfnai,68,0.25,48,0.0905,0.5406,0.1315,0.3729,0.9624,True,U3
layer,min_participants,would/causative,H1,vix,68,0.25,48,-0.1795,0.2222,-0.117,0.4283,0.8478,True,U3
layer,min_participants,would/causative,H2,cfnai,76,0.209,43,0.1075,0.4925,0.1728,0.2678,0.5906,True,U3
layer,min_participants,would/causative,H2,vix,76,0.209,43,0.0753,0.6312,0.2268,0.1436,0.6561,True,U3
layer,min_participants,would/copular_adj,T1,cfnai,321,0.071,99,-0.2522,0.0118,-0.0283,0.7808,0.9309,True,U3
layer,min_participants,would/copular_adj,T1,vix,321,0.071,99,0.282,0.0047,0.2198,0.0288,0.1067,True,U3
layer,min_participants,would/copular_adj,T2,cfnai,271,0.077,91,0.0713,0.5016,0.0776,0.4646,0.8561,True,U3
layer,min_participants,would/copular_adj,T2,vix,271,0.077,91,0.1535,0.1462,0.1634,0.1218,0.3335,True,U3
layer,min_participants,would/copular_adj,T3,cfnai,375,0.115,131,-0.229,0.0085,-0.0653,0.459,0.9205,True,U3
layer,min_participants,would/copular_adj,T3,vix,375,0.115,131,0.1596,0.0686,0.1291,0.1416,0.3453,True,U3
layer,min_participants,would/copular_adj,H1,cfnai,134,0.062,48,0.1475,0.317,0.1472,0.3179,0.9624,True,U3
layer,min_participants,would/copular_adj,H1,vix,134,0.062,48,-0.0137,0.9262,0.0452,0.7605,0.9705,True,U3
layer,min_participants,would/copular_adj,H2,cfnai,137,0.093,43,0.0208,0.8947,-0.001,0.9948,0.9956,True,U3
layer,min_participants,would/copular_adj,H2,vix,137,0.093,43,0.2228,0.151,0.27,0.08,0.6145,True,U3
layer,min_participants,would/copular_nom,T1,cfnai,31,0.737,99,-0.0433,0.6707,0.0085,0.9333,0.9611,False,U3
layer,min_participants,would/copular_nom,T1,vix,31,0.737,99,0.0163,0.8731,0.0485,0.6333,0.8169,False,U3
layer,min_participants,would/copular_nom,T2,cfnai,27,0.758,91,0.0064,0.9519,0.0284,0.7893,0.9534,False,U3
layer,min_participants,would/copular_nom,T2,vix,27,0.758,91,-0.0627,0.5548,-0.0095,0.9286,0.9555,False,U3
layer,min_participants,would/copular_nom,T3,cfnai,41,0.733,131,-0.0322,0.7146,0.0246,0.7806,0.9757,False,U3
layer,min_participants,would/copular_nom,T3,vix,41,0.733,131,-0.0434,0.6225,-0.004,0.9641,0.9864,False,U3
layer,min_participants,would/copular_nom,H1,cfnai,14,0.771,48,-0.0127,0.9319,-0.0017,0.9909,0.9928,False,U3
layer,min_participants,would/copular_nom,H1,vix,14,0.771,48,0.0116,0.9374,0.059,0.6905,0.9239,False,U3
layer,min_participants,would/copular_nom,H2,cfnai,13,0.744,43,0.0181,0.9081,0.0702,0.6544,0.8665,False,U3
layer,min_participants,would/copular_nom,H2,vix,13,0.744,43,-0.1657,0.2883,-0.1249,0.425,0.8569,False,U3
layer,min_participants,would/existence,T1,cfnai,93,0.455,99,0.0952,0.3484,0.3445,0.0005,0.0122,True,U3
layer,min_participants,would/existence,T1,vix,93,0.455,99,0.1902,0.0593,0.145,0.152,0.3254,True,U3
layer,min_participants,would/existence,T2,cfnai,76,0.473,91,0.3481,0.0007,0.3423,0.0009,0.0378,True,U3
layer,min_participants,would/existence,T2,vix,76,0.473,91,0.1097,0.3004,0.0451,0.6714,0.808,True,U3
layer,min_participants,would/existence,T3,cfnai,108,0.489,131,0.0848,0.3357,0.2675,0.002,0.0397,True,U3
layer,min_participants,would/existence,T3,vix,108,0.489,131,0.1377,0.1167,0.1043,0.2359,0.4614,True,U3
layer,min_participants,would/existence,H1,cfnai,35,0.479,48,0.3515,0.0143,0.3757,0.0085,0.2695,False,U3
layer,min_participants,would/existence,H1,vix,35,0.479,48,-0.0492,0.7396,-0.0687,0.6427,0.9031,False,U3
layer,min_participants,would/existence,H2,cfnai,41,0.465,43,0.3463,0.0229,0.3516,0.0208,0.1463,True,U3
layer,min_participants,would/existence,H2,vix,41,0.465,43,0.1315,0.4007,0.1222,0.435,0.8569,True,U3
layer,min_participants,would/mental,T1,cfnai,75,0.404,99,0.0122,0.9047,-0.0441,0.6647,0.9309,True,U3
layer,min_participants,would/mental,T1,vix,75,0.404,99,-0.0354,0.7283,-0.0742,0.4653,0.6526,True,U3
layer,min_participants,would/mental,T2,cfnai,69,0.407,91,-0.0707,0.5055,-0.0493,0.6429,0.9114,True,U3
layer,min_participants,would/mental,T2,vix,69,0.407,91,-0.0878,0.4081,-0.085,0.4232,0.6438,True,U3
layer,min_participants,would/mental,T3,cfnai,104,0.382,131,0.0003,0.9975,-0.1142,0.194,0.7193,True,U3
layer,min_participants,would/mental,T3,vix,104,0.382,131,-0.0411,0.6413,-0.0567,0.5198,0.7841,True,U3
layer,min_participants,would/mental,H1,cfnai,42,0.312,48,-0.0691,0.6409,-0.1092,0.4602,0.9624,True,U3
layer,min_participants,would/mental,H1,vix,42,0.312,48,-0.1017,0.4914,0.0069,0.9626,0.9884,True,U3
layer,min_participants,would/mental,H2,cfnai,27,0.512,43,-0.0656,0.676,-0.028,0.8587,0.9363,False,U3
layer,min_participants,would/mental,H2,vix,27,0.512,43,0.0427,0.7857,0.0571,0.716,0.928,False,U3
layer,min_participants,would/occurrence,T1,cfnai,187,0.202,99,0.0946,0.3514,-0.0744,0.4644,0.8985,True,U3
layer,min_participants,would/occurrence,T1,vix,187,0.202,99,-0.0572,0.5736,-0.0095,0.9254,0.9777,True,U3
layer,min_participants,would/occurrence,T2,cfnai,174,0.209,91,-0.1288,0.2238,-0.1195,0.2593,0.7212,True,U3
layer,min_participants,would/occurrence,T2,vix,174,0.209,91,0.0393,0.7116,0.0724,0.4952,0.7052,True,U3
layer,min_participants,would/occurrence,T3,cfnai,249,0.183,131,0.0952,0.2795,0.004,0.9641,0.9806,True,U3
layer,min_participants,would/occurrence,T3,vix,249,0.183,131,0.0282,0.7493,0.054,0.5403,0.7948,True,U3
layer,min_participants,would/occurrence,H1,cfnai,111,0.146,48,-0.0667,0.6523,-0.063,0.6706,0.9624,True,U3
layer,min_participants,would/occurrence,H1,vix,111,0.146,48,0.33,0.022,0.2731,0.0604,0.4096,True,U3
layer,min_participants,would/occurrence,H2,cfnai,63,0.279,43,-0.1855,0.2337,-0.2312,0.1357,0.417,True,U3
layer,min_participants,would/occurrence,H2,vix,63,0.279,43,0.0874,0.5775,0.1168,0.4558,0.8569,True,U3
layer,min_participants,would/other,T1,cfnai,213,0.091,99,-0.1513,0.135,-0.066,0.5164,0.9295,True,U3
layer,min_participants,would/other,T1,vix,213,0.091,99,0.0951,0.3493,0.156,0.1231,0.3042,True,U3
layer,min_participants,would/other,T2,cfnai,190,0.099,91,-0.0238,0.8225,0.0089,0.9334,0.9659,True,U3
layer,min_participants,would/other,T2,vix,190,0.099,91,0.0089,0.9336,0.1066,0.3145,0.5332,True,U3
layer,min_participants,would/other,T3,cfnai,281,0.099,131,-0.1352,0.1236,-0.1087,0.2167,0.7561,True,U3
layer,min_participants,would/other,T3,vix,281,0.099,131,0.0907,0.303,0.1602,0.0676,0.2091,True,U3
layer,min_participants,would/other,H1,cfnai,94,0.125,48,0.0261,0.8603,-0.0179,0.9041,0.9928,True,U3
layer,min_participants,would/other,H1,vix,94,0.125,48,-0.097,0.5121,-0.0255,0.8635,0.9884,True,U3
layer,min_participants,would/other,H2,cfnai,96,0.07,43,-0.0681,0.6642,0.0351,0.823,0.9363,True,U3
layer,min_participants,would/other,H2,vix,96,0.07,43,-0.0117,0.9408,0.0982,0.5311,0.8569,True,U3
layer,min_participants,would/policy_action,T1,cfnai,152,0.273,99,0.0265,0.7943,-0.0821,0.4189,0.8985,True,U3
layer,min_participants,would/policy_action,T1,vix,152,0.273,99,-0.1791,0.076,-0.2681,0.0073,0.0435,True,U3
layer,min_participants,would/policy_action,T2,cfnai,137,0.286,91,-0.001,0.9925,-0.0443,0.6766,0.9265,True,U3
layer,min_participants,would/policy_action,T2,vix,137,0.286,91,-0.303,0.0035,-0.3186,0.0021,0.0155,True,U3
layer,min_participants,would/policy_action,T3,cfnai,180,0.359,131,0.0167,0.8497,-0.0951,0.28,0.771,True,U3
layer,min_participants,would/policy_action,T3,vix,180,0.359,131,-0.2066,0.0179,-0.324,0.0002,0.0025,True,U3
layer,min_participants,would/policy_action,H1,cfnai,91,0.25,48,0.1556,0.291,0.0895,0.5451,0.9624,True,U3
layer,min_participants,would/policy_action,H1,vix,91,0.25,48,-0.297,0.0404,-0.3227,0.0253,0.2934,True,U3
layer,min_participants,would/policy_action,H2,cfnai,46,0.326,43,-0.1376,0.3788,-0.1994,0.1998,0.5194,True,U3
layer,min_participants,would/policy_action,H2,vix,46,0.326,43,-0.1434,0.3589,-0.11,0.4827,0.8569,True,U3
layer,min_special,could/activity,T1,cfnai,51,0.425,40,-0.0074,0.9641,0.1587,0.3282,0.8985,True,U3
layer,min_special,could/activity,T1,vix,51,0.425,40,0.2245,0.1638,0.2081,0.1975,0.3906,True,U3
layer,min_special,could/activity,T2,cfnai,38,0.444,36,0.0968,0.5742,0.23,0.1772,0.6065,False,U3
layer,min_special,could/activity,T2,vix,38,0.444,36,0.281,0.0969,0.2257,0.1857,0.4132,False,U3
layer,min_special,could/activity,T3,cfnai,55,0.469,49,-0.0179,0.903,0.1804,0.2147,0.7561,True,U3
layer,min_special,could/activity,T3,vix,55,0.469,49,0.2102,0.1472,0.179,0.2185,0.4576,True,U3
layer,min_special,could/causative,T1,cfnai,40,0.525,40,-0.5419,0.0003,-0.1062,0.5143,0.9295,True,U3
layer,min_special,could/causative,T1,vix,40,0.525,40,0.2302,0.1529,0.1769,0.2749,0.4751,True,U3
layer,min_special,could/causative,T2,cfnai,31,0.583,36,0.044,0.7988,0.1022,0.5531,0.8909,False,U3
layer,min_special,could/causative,T2,vix,31,0.583,36,0.0288,0.8676,0.0814,0.6372,0.7876,False,U3
layer,min_special,could/causative,T3,cfnai,45,0.571,49,-0.4929,0.0003,-0.0076,0.9586,0.9806,True,U3
layer,min_special,could/causative,T3,vix,45,0.571,49,0.326,0.0222,0.2356,0.1032,0.2872,True,U3
layer,min_special,could/other,T1,cfnai,68,0.375,40,0.1251,0.4418,0.1398,0.3897,0.8985,True,U3
layer,min_special,could/other,T1,vix,68,0.375,40,0.0551,0.7356,0.0411,0.8014,0.9186,True,U3
layer,min_special,could/other,T2,cfnai,59,0.389,36,0.0727,0.6736,0.1585,0.3558,0.8087,True,U3
layer,min_special,could/other,T2,vix,59,0.389,36,0.2086,0.2221,0.1635,0.3405,0.5522,True,U3
layer,min_special,could/other,T3,cfnai,77,0.388,49,0.113,0.4394,0.0757,0.6053,0.9644,True,U3
layer,min_special,could/other,T3,vix,77,0.388,49,0.1189,0.416,0.0998,0.4951,0.7765,True,U3
layer,min_special,could/policy_action,T1,cfnai,39,0.525,40,0.0779,0.6328,0.1007,0.5363,0.9295,False,U3
layer,min_special,could/policy_action,T1,vix,39,0.525,40,0.1119,0.4918,0.1499,0.3559,0.5608,False,U3
layer,min_special,could/policy_action,T2,cfnai,33,0.528,36,-0.0617,0.7206,-0.007,0.9678,0.9788,False,U3
layer,min_special,could/policy_action,T2,vix,33,0.528,36,-0.0234,0.8921,0.0816,0.6359,0.7876,False,U3
layer,min_special,could/policy_action,T3,cfnai,41,0.592,49,0.0582,0.6913,0.1256,0.3899,0.8544,True,U3
layer,min_special,could/policy_action,T3,vix,41,0.592,49,0.0798,0.5857,0.1211,0.4071,0.6799,True,U3
layer,min_special,would/activity,T1,cfnai,40,0.425,40,0.0632,0.6985,-0.099,0.5433,0.9295,True,U3
layer,min_special,would/activity,T1,vix,40,0.425,40,-0.1355,0.4046,-0.032,0.8445,0.9401,True,U3
layer,min_special,would/activity,T2,cfnai,36,0.444,36,-0.2273,0.1824,-0.1643,0.3382,0.8027,False,U3
layer,min_special,would/activity,T2,vix,36,0.444,36,-0.0884,0.6081,0.0143,0.9341,0.9556,False,U3
layer,min_special,would/activity,T3,cfnai,42,0.51,49,0.0463,0.7519,-0.0973,0.5059,0.9205,True,U3
layer,min_special,would/activity,T3,vix,42,0.51,49,-0.1359,0.3517,-0.0379,0.7959,0.9704,True,U3
layer,min_special,would/copular_adj,T1,cfnai,90,0.2,40,-0.1249,0.4426,0.2032,0.2086,0.7503,True,U3
layer,min_special,would/copular_adj,T1,vix,90,0.2,40,0.4361,0.0049,0.3789,0.0159,0.0691,True,U3
layer,min_special,would/copular_adj,T2,cfnai,81,0.222,36,0.205,0.2303,0.2419,0.1552,0.5757,True,U3
layer,min_special,would/copular_adj,T2,vix,81,0.222,36,0.4111,0.0127,0.3367,0.0446,0.1589,True,U3
layer,min_special,would/copular_adj,T3,cfnai,97,0.265,49,-0.1317,0.3672,0.1258,0.3889,0.8544,True,U3
layer,min_special,would/copular_adj,T3,vix,97,0.265,49,0.4646,0.0008,0.4086,0.0036,0.0317,True,U3
layer,min_special,would/other,T1,cfnai,62,0.3,40,0.0898,0.5816,-0.0016,0.9923,0.9923,True,U3
layer,min_special,would/other,T1,vix,62,0.3,40,-0.1632,0.3144,-0.2015,0.2125,0.4156,True,U3
layer,min_special,would/other,T2,cfnai,57,0.306,36,-0.1782,0.2983,-0.1654,0.3349,0.8027,True,U3
layer,min_special,would/other,T2,vix,57,0.306,36,-0.1582,0.3568,-0.2032,0.2347,0.4747,True,U3
layer,min_special,would/other,T3,cfnai,72,0.347,49,0.0848,0.5626,0.0267,0.8553,0.9757,True,U3
layer,min_special,would/other,T3,vix,72,0.347,49,-0.0839,0.5664,-0.1149,0.4319,0.7119,True,U3
layer,min_staff,could/occurrence,T1,cfnai,43,0.657,99,0.0407,0.6891,0.0175,0.8635,0.9351,False,U3
layer,min_staff,could/occurrence,T1,vix,43,0.657,99,-0.3348,0.0007,-0.3509,0.0004,0.004,False,U3
layer,min_staff,could/occurrence,T2,cfnai,43,0.626,91,-0.0132,0.9012,0.0116,0.9129,0.96,False,U3
layer,min_staff,could/occurrence,T2,vix,43,0.626,91,-0.3112,0.0027,-0.312,0.0026,0.0179,False,U3
layer,min_staff,could/occurrence,T3,cfnai,46,0.718,131,0.037,0.6747,0.0247,0.7793,0.9757,False,U3
layer,min_staff,could/occurrence,T3,vix,46,0.718,131,-0.3349,0.0001,-0.3543,0.0,0.0011,False,U3
layer,min_staff,could/occurrence,H1,cfnai,34,0.479,48,0.3227,0.0253,0.3153,0.029,0.4596,False,U3
layer,min_staff,could/occurrence,H1,vix,34,0.479,48,-0.1815,0.2171,-0.2409,0.099,0.448,False,U3
layer,min_staff,could/occurrence,H2,cfnai,9,0.791,43,-0.2954,0.0544,-0.3331,0.029,0.1755,False,U3
layer,min_staff,could/occurrence,H2,vix,9,0.791,43,-0.2278,0.1418,-0.2799,0.0691,0.6012,False,U3
layer,min_staff,would/copular_adj,T1,cfnai,41,0.677,99,0.1415,0.1623,0.0957,0.3458,0.8985,False,U3
layer,min_staff,would/copular_adj,T1,vix,41,0.677,99,-0.1495,0.1398,-0.1509,0.136,0.3198,False,U3
layer,min_staff,would/copular_adj,T2,cfnai,38,0.67,91,-0.0771,0.4678,0.02,0.8507,0.9547,False,U3
layer,min_staff,would/copular_adj,T2,vix,38,0.67,91,-0.159,0.1321,-0.1581,0.1345,0.3471,False,U3
layer,min_staff,would/copular_adj,T3,cfnai,52,0.687,131,0.1261,0.1512,0.0931,0.2903,0.771,False,U3
layer,min_staff,would/copular_adj,T3,vix,52,0.687,131,-0.1732,0.0479,-0.1708,0.0511,0.1837,False,U3
layer,min_staff,would/copular_adj,H1,cfnai,22,0.667,48,0.1437,0.3297,0.1724,0.2413,0.9171,False,U3
layer,min_staff,would/copular_adj,H1,vix,22,0.667,48,-0.1041,0.4815,-0.2313,0.1136,0.4906,False,U3
layer,min_staff,would/copular_adj,H2,cfnai,16,0.674,43,-0.2164,0.1633,-0.1661,0.2871,0.5906,False,U3
layer,min_staff,would/copular_adj,H2,vix,16,0.674,43,-0.2532,0.1014,-0.2294,0.1389,0.6561,False,U3
layer,min_staff,would/occurrence,T1,cfnai,103,0.283,99,0.1053,0.2996,0.1097,0.2798,0.8442,True,U3
layer,min_staff,would/occurrence,T1,vix,103,0.283,99,-0.1278,0.2074,-0.2201,0.0286,0.1067,True,U3
layer,min_staff,would/occurrence,T2,cfnai,96,0.275,91,0.2192,0.0368,0.1751,0.0969,0.4377,True,U3
layer,min_staff,would/occurrence,T2,vix,96,0.275,91,-0.102,0.3362,-0.1791,0.0893,0.2696,True,U3
layer,min_staff,would/occurrence,T3,cfnai,138,0.29,131,0.091,0.3012,0.1023,0.2448,0.771,True,U3
layer,min_staff,would/occurrence,T3,vix,138,0.29,131,-0.1316,0.1341,-0.2133,0.0144,0.0848,True,U3
layer,min_staff,would/occurrence,H1,cfnai,64,0.083,48,0.1975,0.1786,0.2311,0.1141,0.7741,True,U3
layer,min_staff,would/occurrence,H1,vix,64,0.083,48,0.0004,0.998,-0.1232,0.4042,0.8401,True,U3
layer,min_staff,would/occurrence,H2,cfnai,32,0.488,43,0.2679,0.0825,0.1512,0.3332,0.6188,False,U3
layer,min_staff,would/occurrence,H2,vix,32,0.488,43,0.0654,0.6769,0.0525,0.738,0.928,False,U3
layer,min_staff,would/other,T1,cfnai,42,0.657,99,-0.0139,0.8915,0.2001,0.0471,0.372,False,U3
layer,min_staff,would/other,T1,vix,42,0.657,99,0.2824,0.0046,0.2629,0.0086,0.0435,False,U3
layer,min_staff,would/other,T2,cfnai,37,0.659,91,0.2806,0.0071,0.2285,0.0294,0.3207,False,U3
layer,min_staff,would/other,T2,vix,37,0.659,91,0.3533,0.0006,0.2745,0.0085,0.0471,False,U3
layer,min_staff,would/other,T3,cfnai,80,0.573,131,-0.009,0.919,0.1176,0.1809,0.705,True,U3
layer,min_staff,would/other,T3,vix,80,0.573,131,0.1446,0.0993,0.1765,0.0437,0.1767,True,U3
layer,min_staff,would/other,H1,cfnai,18,0.667,48,-0.0264,0.8589,0.0041,0.9779,0.9928,False,U3
layer,min_staff,would/other,H1,vix,18,0.667,48,0.111,0.4526,0.1054,0.4759,0.9004,False,U3
layer,min_staff,would/other,H2,cfnai,19,0.651,43,0.4629,0.0018,0.44,0.0032,0.0395,False,U3
layer,min_staff,would/other,H2,vix,19,0.651,43,0.5658,0.0001,0.4984,0.0007,0.0378,False,U3
layer,min_staff,would/policy_action,T1,cfnai,58,0.535,99,0.0356,0.7268,0.0782,0.4415,0.8985,True,U3
layer,min_staff,would/policy_action,T1,vix,58,0.535,99,-0.2731,0.0062,-0.3506,0.0004,0.004,True,U3
layer,min_staff,would/policy_action,T2,cfnai,54,0.538,91,0.1051,0.3216,0.1004,0.3438,0.8052,True,U3
layer,min_staff,would/policy_action,T2,vix,54,0.538,91,-0.3817,0.0002,-0.3943,0.0001,0.0015,True,U3
layer,min_staff,would/policy_action,T3,cfnai,72,0.557,131,0.0308,0.7268,0.0603,0.4941,0.9205,True,U3
layer,min_staff,would/policy_action,T3,vix,72,0.557,131,-0.2675,0.002,-0.3517,0.0,0.0011,True,U3
layer,min_staff,would/policy_action,H1,cfnai,48,0.25,48,0.147,0.3186,0.1322,0.3703,0.9624,True,U3
layer,min_staff,would/policy_action,H1,vix,48,0.25,48,-0.2079,0.1562,-0.1548,0.2936,0.6803,True,U3
layer,min_staff,would/policy_action,H2,cfnai,6,0.86,43,0.2532,0.1013,0.1472,0.3462,0.6356,False,U3
layer,min_staff,would/policy_action,H2,vix,6,0.86,43,-0.1168,0.4557,-0.0947,0.5456,0.8699,False,U3
layer,min_staff_desk,would/activity,T1,cfnai,31,0.768,99,-0.1559,0.1233,-0.0531,0.6015,0.9295,False,U3
layer,min_staff_desk,would/activity,T1,vix,31,0.768,99,-0.0802,0.4301,-0.0352,0.7295,0.8834,False,U3
layer,min_staff_desk,would/activity,T2,cfnai,29,0.769,91,0.1191,0.2609,0.0244,0.8187,0.9547,False,U3
layer,min_staff_desk,would/activity,T2,vix,29,0.769,91,-0.0944,0.3733,-0.0599,0.5728,0.7552,False,U3
layer,min_staff_desk,would/activity,T3,cfnai,43,0.763,131,-0.1306,0.1372,-0.0351,0.6905,0.9757,False,U3
layer,min_staff_desk,would/activity,T3,vix,43,0.763,131,-0.0486,0.5813,-0.0088,0.9203,0.9864,False,U3
layer,min_staff_desk,would/activity,H1,cfnai,19,0.729,48,0.1388,0.3468,0.1176,0.4259,0.9624,False,U3
layer,min_staff_desk,would/activity,H1,vix,19,0.729,48,-0.0204,0.8907,-0.0112,0.9396,0.9884,False,U3
layer,min_staff_desk,would/activity,H2,cfnai,10,0.814,43,0.1336,0.3931,-0.106,0.4989,0.7596,False,U3
layer,min_staff_desk,would/activity,H2,vix,10,0.814,43,-0.0463,0.7682,-0.0185,0.9064,0.9864,False,U3
layer,min_staff_desk,would/aspectual,T1,cfnai,37,0.737,99,0.1237,0.2226,0.0774,0.4466,0.8985,False,U3
layer,min_staff_desk,would/aspectual,T1,vix,37,0.737,99,0.2656,0.0079,0.2505,0.0124,0.0552,False,U3
layer,min_staff_desk,would/aspectual,T2,cfnai,30,0.769,91,0.0798,0.4519,0.0856,0.4199,0.8087,False,U3
layer,min_staff_desk,would/aspectual,T2,vix,30,0.769,91,0.2243,0.0326,0.226,0.0312,0.1234,False,U3
layer,min_staff_desk,would/aspectual,T3,cfnai,44,0.756,131,0.1176,0.1809,0.0615,0.4851,0.9205,False,U3
layer,min_staff_desk,would/aspectual,T3,vix,44,0.756,131,0.2214,0.011,0.2196,0.0117,0.0769,False,U3
layer,min_staff_desk,would/aspectual,H1,cfnai,6,0.875,48,-0.0806,0.586,-0.0352,0.8122,0.9928,False,U3
layer,min_staff_desk,would/aspectual,H1,vix,6,0.875,48,0.0927,0.5307,-0.023,0.8764,0.9884,False,U3
layer,min_staff_desk,would/aspectual,H2,cfnai,24,0.651,43,0.1067,0.4957,0.2033,0.1911,0.5126,False,U3
layer,min_staff_desk,would/aspectual,H2,vix,24,0.651,43,0.0922,0.5565,0.1711,0.2727,0.7811,False,U3
layer,min_staff_desk,would/copular_adj,T1,cfnai,39,0.798,99,0.0355,0.7269,0.0226,0.8239,0.9309,False,U3
layer,min_staff_desk,would/copular_adj,T1,vix,39,0.798,99,-0.0715,0.4818,-0.0014,0.9892,0.9981,False,U3
layer,min_staff_desk,would/copular_adj,T2,cfnai,38,0.791,91,-0.0174,0.8703,-0.0216,0.839,0.9547,False,U3
layer,min_staff_desk,would/copular_adj,T2,vix,38,0.791,91,-0.0197,0.8532,0.0305,0.7742,0.8932,False,U3
layer,min_staff_desk,would/copular_adj,T3,cfnai,61,0.786,131,0.0309,0.7261,0.0351,0.6904,0.9757,False,U3
layer,min_staff_desk,would/copular_adj,T3,vix,61,0.786,131,0.0089,0.9193,0.0398,0.652,0.8762,False,U3
layer,min_staff_desk,would/copular_adj,H1,cfnai,31,0.708,48,0.1361,0.3562,0.1221,0.4085,0.9624,False,U3
layer,min_staff_desk,would/copular_adj,H1,vix,31,0.708,48,0.2286,0.1181,0.249,0.0879,0.4393,False,U3
layer,min_staff_desk,would/copular_adj,H2,cfnai,7,0.884,43,-0.1953,0.2094,-0.283,0.0659,0.2589,False,U3
layer,min_staff_desk,would/copular_adj,H2,vix,7,0.884,43,-0.0463,0.7682,0.0084,0.9573,0.9919,False,U3
layer,min_staff_desk,would/other,T1,cfnai,62,0.586,99,0.0292,0.7739,0.0525,0.6058,0.9295,True,U3
layer,min_staff_desk,would/other,T1,vix,62,0.586,99,-0.0811,0.425,-0.0943,0.353,0.5608,True,U3
layer,min_staff_desk,would/other,T2,cfnai,54,0.604,91,0.0378,0.7219,0.073,0.4917,0.8561,False,U3
layer,min_staff_desk,would/other,T2,vix,54,0.604,91,-0.14,0.1855,-0.1405,0.1842,0.4132,False,U3
layer,min_staff_desk,would/other,T3,cfnai,88,0.603,131,0.0362,0.6812,0.1172,0.1825,0.705,False,U3
layer,min_staff_desk,would/other,T3,vix,88,0.603,131,-0.0011,0.9898,-0.009,0.9188,0.9864,False,U3
layer,min_staff_desk,would/other,H1,cfnai,31,0.521,48,0.0398,0.7885,0.0049,0.9735,0.9928,False,U3
layer,min_staff_desk,would/other,H1,vix,31,0.521,48,-0.2271,0.1207,-0.1906,0.1945,0.5854,False,U3
layer,min_staff_desk,would/other,H2,cfnai,23,0.698,43,0.055,0.7263,0.1085,0.4887,0.7508,False,U3
layer,min_staff_desk,would/other,H2,vix,23,0.698,43,0.094,0.5487,0.1969,0.2056,0.6948,False,U3
layer,min_staff_desk,would/policy_action,T1,cfnai,46,0.687,99,-0.043,0.6726,-0.0147,0.8849,0.9432,False,U3
layer,min_staff_desk,would/policy_action,T1,vix,46,0.687,99,0.1143,0.2601,0.1214,0.2314,0.4381,False,U3
layer,min_staff_desk,would/policy_action,T2,cfnai,39,0.703,91,0.0546,0.6073,0.0449,0.6724,0.9265,False,U3
layer,min_staff_desk,would/policy_action,T2,vix,39,0.703,91,0.0753,0.4778,0.1107,0.296,0.5179,False,U3
layer,min_staff_desk,would/policy_action,T3,cfnai,73,0.702,131,-0.0175,0.8424,0.0473,0.5913,0.9644,False,U3
layer,min_staff_desk,would/policy_action,T3,vix,73,0.702,131,0.1603,0.0675,0.1404,0.1096,0.2913,False,U3
layer,min_staff_desk,would/policy_action,H1,cfnai,15,0.833,48,0.0259,0.8614,-0.0013,0.9928,0.9928,False,U3
layer,min_staff_desk,would/policy_action,H1,vix,15,0.833,48,-0.0084,0.9546,-0.0525,0.723,0.9409,False,U3
layer,min_staff_desk,would/policy_action,H2,cfnai,24,0.558,43,0.0666,0.6714,0.0865,0.5812,0.8219,False,U3
layer,min_staff_desk,would/policy_action,H2,vix,24,0.558,43,-0.0106,0.9465,-0.0221,0.8882,0.981,False,U3
layer,min_statement_quote,could/causative,T1,cfnai,50,0.495,99,0.1363,0.1786,-0.0745,0.4634,0.8985,True,U3
layer,min_statement_quote,could/causative,T1,vix,50,0.495,99,0.2538,0.0112,0.3597,0.0003,0.0035,True,U3
layer,min_statement_quote,could/causative,T2,cfnai,47,0.484,91,-0.0919,0.3864,-0.1746,0.0978,0.4377,True,U3
layer,min_statement_quote,could/causative,T2,vix,47,0.484,91,0.4489,0.0,0.4439,0.0,0.0003,True,U3
layer,min_statement_quote,could/causative,T3,cfnai,54,0.588,131,0.1218,0.1659,-0.0175,0.8423,0.9757,True,U3
layer,min_statement_quote,could/causative,T3,vix,54,0.588,131,0.1365,0.12,0.2011,0.0212,0.1171,True,U3
layer,min_statement_quote,could/causative,H1,cfnai,4,0.917,48,0.1143,0.4392,0.0935,0.5272,0.9624,False,U3
layer,min_statement_quote,could/causative,H1,vix,4,0.917,48,-0.1163,0.4311,-0.0829,0.5755,0.9031,False,U3
layer,min_statement_quote,could/causative,H2,cfnai,43,0.0,43,-0.6316,0.0,-0.4635,0.0017,0.0395,True,U3
layer,min_statement_quote,could/causative,H2,vix,43,0.0,43,-0.0411,0.7936,-0.0529,0.7364,0.928,True,U3
layer,min_statement_quote,will/activity,T1,cfnai,131,0.0,99,-0.2564,0.0104,-0.3664,0.0002,0.0068,True,U3
layer,min_statement_quote,will/activity,T1,vix,131,0.0,99,0.2418,0.0159,0.2558,0.0106,0.051,True,U3
layer,min_statement_quote,will/activity,T2,cfnai,118,0.0,91,-0.3485,0.0007,-0.3042,0.0034,0.0859,True,U3
layer,min_statement_quote,will/activity,T2,vix,118,0.0,91,0.1871,0.0757,0.2438,0.0198,0.0862,True,U3
layer,min_statement_quote,will/activity,T3,cfnai,157,0.099,131,-0.1982,0.0232,-0.246,0.0046,0.0784,True,U3
layer,min_statement_quote,will/activity,T3,vix,157,0.099,131,-0.0211,0.8109,0.0108,0.9025,0.9864,True,U3
layer,min_statement_quote,will/activity,H1,cfnai,65,0.0,48,-0.2063,0.1595,0.0058,0.9689,0.9928,True,U3
layer,min_statement_quote,will/activity,H1,vix,65,0.0,48,0.2228,0.128,0.186,0.2057,0.5854,True,U3
layer,min_statement_quote,will/activity,H2,cfnai,53,0.0,43,-0.483,0.001,-0.4964,0.0007,0.03,True,U3
layer,min_statement_quote,will/activity,H2,vix,53,0.0,43,-0.1119,0.475,-0.1106,0.4803,0.8569,True,U3
layer,min_statement_quote,will/aspectual,T1,cfnai,123,0.323,99,-0.0519,0.6099,-0.1754,0.0825,0.4894,True,U3
layer,min_statement_quote,will/aspectual,T1,vix,123,0.323,99,0.3551,0.0003,0.4149,0.0,0.0006,True,U3
layer,min_statement_quote,will/aspectual,T2,cfnai,106,0.352,91,-0.1003,0.3443,-0.1911,0.0697,0.4377,True,U3
layer,min_statement_quote,will/aspectual,T2,vix,106,0.352,91,0.3367,0.0011,0.3858,0.0002,0.0016,True,U3
layer,min_statement_quote,will/aspectual,T3,cfnai,172,0.282,131,-0.0495,0.5742,-0.1626,0.0635,0.5134,True,U3
layer,min_statement_quote,will/aspectual,T3,vix,172,0.282,131,0.3093,0.0003,0.3412,0.0001,0.0016,True,U3
layer,min_statement_quote,will/aspectual,H1,cfnai,21,0.667,48,-0.1931,0.1884,-0.1749,0.2346,0.9171,False,U3
layer,min_statement_quote,will/aspectual,H1,vix,21,0.667,48,0.077,0.6027,0.0679,0.6464,0.9031,False,U3
layer,min_statement_quote,will/aspectual,H2,cfnai,85,0.0,43,-0.3077,0.0447,-0.3164,0.0387,0.1925,True,U3
layer,min_statement_quote,will/aspectual,H2,vix,85,0.0,43,-0.3566,0.0189,-0.3622,0.017,0.3194,True,U3
layer,min_statement_quote,will/copular_adj,T1,cfnai,51,0.525,99,0.2205,0.0283,0.384,0.0001,0.0039,True,U3
layer,min_statement_quote,will/copular_adj,T1,vix,51,0.525,99,0.1564,0.1221,0.171,0.0907,0.2445,True,U3
layer,min_statement_quote,will/copular_adj,T2,cfnai,48,0.516,91,0.3101,0.0028,0.3297,0.0014,0.042,True,U3
layer,min_statement_quote,will/copular_adj,T2,vix,48,0.516,91,0.2935,0.0048,0.2124,0.0433,0.1573,True,U3
layer,min_statement_quote,will/copular_adj,T3,cfnai,61,0.573,131,0.2025,0.0204,0.3475,0.0,0.0021,True,U3
layer,min_statement_quote,will/copular_adj,T3,vix,61,0.573,131,0.0261,0.7673,0.0046,0.9588,0.9864,True,U3
layer,min_statement_quote,will/copular_adj,H1,cfnai,24,0.542,48,0.1709,0.2455,0.1893,0.1976,0.9171,False,U3
layer,min_statement_quote,will/copular_adj,H1,vix,24,0.542,48,0.2028,0.1669,0.1697,0.2488,0.606,False,U3
layer,min_statement_quote,will/copular_adj,H2,cfnai,24,0.488,43,0.3968,0.0084,0.3707,0.0144,0.1058,False,U3
layer,min_statement_quote,will/copular_adj,H2,vix,24,0.488,43,0.3015,0.0494,0.2613,0.0905,0.6561,False,U3
layer,min_statement_quote,will/mental,T1,cfnai,104,0.253,99,-0.3419,0.0005,-0.3046,0.0022,0.0351,True,U3
layer,min_statement_quote,will/mental,T1,vix,104,0.253,99,-0.2866,0.004,-0.3287,0.0009,0.0081,True,U3
layer,min_statement_quote,will/mental,T2,cfnai,96,0.242,91,-0.3586,0.0005,-0.1909,0.0699,0.4377,True,U3
layer,min_statement_quote,will/mental,T2,vix,96,0.242,91,-0.4474,0.0,-0.3979,0.0001,0.0014,True,U3
layer,min_statement_quote,will/mental,T3,cfnai,141,0.244,131,-0.3188,0.0002,-0.2855,0.0009,0.0242,True,U3
layer,min_statement_quote,will/mental,T3,vix,141,0.244,131,-0.3171,0.0002,-0.3806,0.0,0.0003,True,U3
layer,min_statement_quote,will/mental,H1,cfnai,75,0.0,48,-0.0147,0.9211,0.0798,0.5896,0.9624,True,U3
layer,min_statement_quote,will/mental,H1,vix,75,0.0,48,-0.1961,0.1815,-0.3543,0.0135,0.2651,True,U3
layer,min_statement_quote,will/mental,H2,cfnai,21,0.512,43,-0.5289,0.0003,-0.4514,0.0024,0.0395,False,U3
layer,min_statement_quote,will/mental,H2,vix,21,0.512,43,-0.3174,0.0381,-0.2562,0.0973,0.6561,False,U3
layer,min_statement_quote,will/occurrence,T1,cfnai,47,0.636,99,-0.0519,0.6096,0.1729,0.087,0.4995,False,U3
layer,min_statement_quote,will/occurrence,T1,vix,47,0.636,99,-0.157,0.1208,-0.2162,0.0316,0.1127,False,U3
layer,min_statement_quote,will/occurrence,T2,cfnai,42,0.659,91,0.1543,0.1443,0.203,0.0536,0.3822,False,U3
layer,min_statement_quote,will/occurrence,T2,vix,42,0.659,91,-0.3076,0.003,-0.364,0.0004,0.0035,False,U3
layer,min_statement_quote,will/occurrence,T3,cfnai,84,0.573,131,-0.0449,0.6108,0.0908,0.3021,0.771,True,U3
layer,min_statement_quote,will/occurrence,T3,vix,84,0.573,131,-0.1659,0.0583,-0.1947,0.0259,0.1249,True,U3
layer,min_statement_quote,will/occurrence,H1,cfnai,36,0.458,48,0.2818,0.0524,0.2382,0.103,0.7543,False,U3
layer,min_statement_quote,will/occurrence,H1,vix,36,0.458,48,-0.2766,0.057,-0.4001,0.0048,0.1785,False,U3
layer,min_statement_quote,will/occurrence,H2,cfnai,6,0.884,43,0.1311,0.4019,0.1699,0.2761,0.5906,False,U3
layer,min_statement_quote,will/occurrence,H2,vix,6,0.884,43,0.0031,0.9841,0.0483,0.7585,0.928,False,U3
layer,min_statement_quote,will/policy_action,T1,cfnai,57,0.606,99,0.0318,0.7544,0.0297,0.7702,0.9309,False,U3
layer,min_statement_quote,will/policy_action,T1,vix,57,0.606,99,-0.3134,0.0016,-0.4011,0.0,0.0009,False,U3
layer,min_statement_quote,will/policy_action,T2,cfnai,56,0.582,91,-0.0724,0.4952,0.0271,0.799,0.9534,True,U3
layer,min_statement_quote,will/policy_action,T2,vix,56,0.582,91,-0.3281,0.0015,-0.3892,0.0001,0.0016,True,U3
layer,min_statement_quote,will/policy_action,T3,cfnai,86,0.55,131,0.03,0.734,0.0256,0.7714,0.9757,True,U3
layer,min_statement_quote,will/policy_action,T3,vix,86,0.55,131,-0.1097,0.2124,-0.1794,0.0403,0.171,True,U3
layer,min_statement_quote,will/policy_action,H1,cfnai,52,0.271,48,0.1221,0.4084,0.1449,0.3259,0.9624,True,U3
layer,min_statement_quote,will/policy_action,H1,vix,52,0.271,48,-0.1073,0.4681,-0.211,0.1501,0.5854,True,U3
layer,min_statement_quote,will/policy_action,H2,cfnai,4,0.93,43,-0.2231,0.1503,-0.2406,0.1201,0.3902,False,U3
layer,min_statement_quote,will/policy_action,H2,vix,4,0.93,43,-0.0548,0.7272,0.0029,0.9852,0.9919,False,U3
layer,min_statement_quote,would/copular_adj,T1,cfnai,46,0.535,99,0.1305,0.1979,-0.0896,0.3779,0.8985,True,U3
layer,min_statement_quote,would/copular_adj,T1,vix,46,0.535,99,0.2726,0.0063,0.3848,0.0001,0.0015,True,U3
layer,min_statement_quote,would/copular_adj,T2,cfnai,43,0.527,91,-0.0979,0.3557,-0.1883,0.0739,0.4377,True,U3
layer,min_statement_quote,would/copular_adj,T2,vix,43,0.527,91,0.4652,0.0,0.4667,0.0,0.0001,True,U3
layer,min_statement_quote,would/copular_adj,T3,cfnai,46,0.649,131,0.1164,0.1855,-0.0277,0.7538,0.9757,False,U3
layer,min_statement_quote,would/copular_adj,T3,vix,46,0.649,131,0.1716,0.05,0.2607,0.0026,0.0246,False,U3
layer,min_statement_quote,would/copular_adj,H1,cfnai,0,1.0,48,,,,,,False,U3
layer,min_statement_quote,would/copular_adj,H1,vix,0,1.0,48,,,,,,False,U3
layer,min_statement_quote,would/copular_adj,H2,cfnai,43,0.0,43,-0.6316,0.0,-0.4635,0.0017,0.0395,True,U3
layer,min_statement_quote,would/copular_adj,H2,vix,43,0.0,43,-0.0411,0.7936,-0.0529,0.7364,0.928,True,U3
layer,min_vote,would/policy_action,T1,cfnai,97,0.071,99,-0.0309,0.7614,0.1818,0.0717,0.473,True,U3
layer,min_vote,would/policy_action,T1,vix,97,0.071,99,-0.0201,0.8436,0.0387,0.7039,0.8664,True,U3
layer,min_vote,would/policy_action,T2,cfnai,89,0.077,91,0.152,0.1504,0.2324,0.0266,0.3159,True,U3
layer,min_vote,would/policy_action,T2,vix,89,0.077,91,-0.0188,0.8599,0.0162,0.8789,0.9183,True,U3
layer,min_vote,would/policy_action,T3,cfnai,143,0.076,131,-0.027,0.7595,0.1295,0.1405,0.6759,True,U3
layer,min_vote,would/policy_action,T3,vix,143,0.076,131,-0.0331,0.7076,0.0042,0.9617,0.9864,True,U3
layer,min_vote,would/policy_action,H1,cfnai,45,0.146,48,0.1917,0.1918,0.2528,0.083,0.7543,True,U3
layer,min_vote,would/policy_action,H1,vix,45,0.146,48,0.0015,0.992,-0.0872,0.5555,0.9031,True,U3
layer,min_vote,would/policy_action,H2,cfnai,44,0.0,43,0.2996,0.051,0.2532,0.1013,0.3425,True,U3
layer,min_vote,would/policy_action,H2,vix,44,0.0,43,0.0736,0.639,0.1138,0.4676,0.8569,True,U3
layer,pc_chair,can/activity,T1,cfnai,428,0.062,80,-0.1925,0.0872,0.2461,0.0278,0.3092,True,U3
layer,pc_chair,can/activity,T1,vix,428,0.062,80,0.4702,0.0,0.4366,0.0001,0.001,True,U3
layer,pc_chair,can/activity,T2,cfnai,348,0.07,71,0.3449,0.0032,0.3371,0.004,0.09,True,U3
layer,pc_chair,can/activity,T2,vix,348,0.07,71,0.316,0.0073,0.3327,0.0046,0.0281,True,U3
layer,pc_chair,can/activity,T3,cfnai,512,0.054,92,-0.1743,0.0965,0.2218,0.0336,0.374,True,U3
layer,pc_chair,can/activity,T3,vix,512,0.054,92,0.4201,0.0,0.3888,0.0001,0.0025,True,U3
layer,pc_chair,can/activity,H2,cfnai,259,0.047,43,0.3904,0.0097,0.4295,0.0041,0.0457,True,U3
layer,pc_chair,can/activity,H2,vix,259,0.047,43,0.193,0.215,0.2381,0.1242,0.6561,True,U3
layer,pc_chair,can/causative,T1,cfnai,61,0.588,80,-0.0889,0.4331,-0.0392,0.7301,0.9309,True,U3
layer,pc_chair,can/causative,T1,vix,61,0.588,80,0.0801,0.4798,-0.0046,0.9679,0.9981,True,U3
layer,pc_chair,can/causative,T2,cfnai,52,0.606,71,0.0669,0.5796,0.1098,0.3619,0.8087,False,U3
layer,pc_chair,can/causative,T2,vix,52,0.606,71,0.0321,0.7904,-0.0282,0.8153,0.8932,False,U3
layer,pc_chair,can/causative,T3,cfnai,74,0.543,92,-0.0886,0.401,-0.0705,0.5041,0.9205,True,U3
layer,pc_chair,can/causative,T3,vix,74,0.543,92,0.076,0.4715,-0.0022,0.9831,0.9991,True,U3
layer,pc_chair,can/causative,H2,cfnai,34,0.674,43,0.0633,0.6868,0.1154,0.4612,0.715,False,U3
layer,pc_chair,can/causative,H2,vix,34,0.674,43,0.0576,0.7135,0.1534,0.326,0.8067,False,U3
layer,pc_chair,can/communication,T1,cfnai,155,0.25,80,-0.0701,0.5366,-0.0723,0.5238,0.9295,True,U3
layer,pc_chair,can/communication,T1,vix,155,0.25,80,0.1002,0.3767,-0.0129,0.9098,0.971,True,U3
layer,pc_chair,can/communication,T2,cfnai,128,0.268,71,-0.0574,0.6345,-0.0131,0.9135,0.96,True,U3
layer,pc_chair,can/communication,T2,vix,128,0.268,71,-0.0082,0.9459,-0.0608,0.6142,0.7831,True,U3
layer,pc_chair,can/communication,T3,cfnai,171,0.261,92,-0.0664,0.5296,-0.0349,0.7415,0.9757,True,U3
layer,pc_chair,can/communication,T3,vix,171,0.261,92,0.1508,0.1513,0.0459,0.6641,0.8762,True,U3
layer,pc_chair,can/communication,H2,cfnai,92,0.279,43,-0.1268,0.4177,-0.1282,0.4128,0.7046,True,U3
layer,pc_chair,can/communication,H2,vix,92,0.279,43,-0.0811,0.6054,-0.0989,0.5283,0.8569,True,U3
layer,pc_chair,can/copular_adj,T1,cfnai,50,0.575,80,0.1776,0.115,0.0616,0.5875,0.9295,True,U3
layer,pc_chair,can/copular_adj,T1,vix,50,0.575,80,-0.0788,0.487,-0.0899,0.4277,0.624,True,U3
layer,pc_chair,can/copular_adj,T2,cfnai,45,0.563,71,-0.0655,0.5874,-0.0215,0.8589,0.9547,True,U3
layer,pc_chair,can/copular_adj,T2,vix,45,0.563,71,-0.0242,0.8412,-0.0604,0.6169,0.7831,True,U3
layer,pc_chair,can/copular_adj,T3,cfnai,60,0.554,92,0.169,0.1072,0.0807,0.4444,0.9205,True,U3
layer,pc_chair,can/copular_adj,T3,vix,60,0.554,92,-0.0394,0.709,-0.0393,0.7099,0.9033,True,U3
layer,pc_chair,can/copular_adj,H2,cfnai,27,0.581,43,-0.0602,0.7014,-0.0299,0.849,0.9363,False,U3
layer,pc_chair,can/copular_adj,H2,vix,27,0.581,43,0.0689,0.6607,0.0165,0.9163,0.9864,False,U3
layer,pc_chair,can/copular_nom,T1,cfnai,46,0.588,80,-0.2012,0.0736,-0.1537,0.1735,0.7017,True,U3
layer,pc_chair,can/copular_nom,T1,vix,46,0.588,80,-0.0683,0.5473,-0.1292,0.2532,0.4647,True,U3
layer,pc_chair,can/copular_nom,T2,cfnai,39,0.606,71,-0.0153,0.8993,-0.0986,0.4131,0.8087,False,U3
layer,pc_chair,can/copular_nom,T2,vix,39,0.606,71,-0.1076,0.3718,-0.1766,0.1408,0.3495,False,U3
layer,pc_chair,can/copular_nom,T3,cfnai,49,0.62,92,-0.1941,0.0638,-0.1391,0.1861,0.705,False,U3
layer,pc_chair,can/copular_nom,T3,vix,49,0.62,92,-0.0259,0.8064,-0.0719,0.4959,0.7765,False,U3
layer,pc_chair,can/copular_nom,H2,cfnai,23,0.628,43,0.0324,0.8367,-0.0492,0.754,0.9053,False,U3
layer,pc_chair,can/copular_nom,H2,vix,23,0.628,43,-0.0678,0.6658,-0.048,0.7597,0.928,False,U3
layer,pc_chair,can/existence,T1,cfnai,75,0.438,80,-0.0668,0.556,0.1274,0.2599,0.8263,True,U3
layer,pc_chair,can/existence,T1,vix,75,0.438,80,0.255,0.0224,0.2056,0.0673,0.1963,True,U3
layer,pc_chair,can/existence,T2,cfnai,64,0.465,71,0.1527,0.2036,0.1422,0.2369,0.6927,True,U3
layer,pc_chair,can/existence,T2,vix,64,0.465,71,0.307,0.0092,0.1819,0.1291,0.3429,True,U3
layer,pc_chair,can/existence,T3,cfnai,78,0.478,92,-0.0649,0.5388,0.1326,0.2078,0.7547,True,U3
layer,pc_chair,can/existence,T3,vix,78,0.478,92,0.2361,0.0235,0.1745,0.0962,0.2761,True,U3
layer,pc_chair,can/existence,H2,cfnai,50,0.395,43,0.1472,0.3463,0.1616,0.3006,0.5906,True,U3
layer,pc_chair,can/existence,H2,vix,50,0.395,43,0.3428,0.0244,0.3179,0.0378,0.4562,True,U3
layer,pc_chair,can/mental,T1,cfnai,237,0.138,80,-0.1196,0.2907,-0.1114,0.3253,0.8985,True,U3
layer,pc_chair,can/mental,T1,vix,237,0.138,80,0.1068,0.3455,0.1217,0.2821,0.4828,True,U3
layer,pc_chair,can/mental,T2,cfnai,211,0.127,71,-0.1441,0.2306,-0.0968,0.4217,0.8087,True,U3
layer,pc_chair,can/mental,T2,vix,211,0.127,71,0.1225,0.309,0.0846,0.4831,0.6991,True,U3
layer,pc_chair,can/mental,T3,cfnai,267,0.13,92,-0.1167,0.268,-0.0947,0.3691,0.8544,True,U3
layer,pc_chair,can/mental,T3,vix,267,0.13,92,0.1268,0.2284,0.142,0.177,0.4123,True,U3
layer,pc_chair,can/mental,H2,cfnai,154,0.093,43,-0.1771,0.2559,-0.1392,0.3734,0.6506,True,U3
layer,pc_chair,can/mental,H2,vix,154,0.093,43,0.0114,0.9422,-0.1197,0.4445,0.8569,True,U3
layer,pc_chair,can/occurrence,T1,cfnai,63,0.512,80,-0.087,0.443,-0.0124,0.9128,0.957,True,U3
layer,pc_chair,can/occurrence,T1,vix,63,0.512,80,0.0853,0.4519,0.1177,0.2983,0.5058,True,U3
layer,pc_chair,can/occurrence,T2,cfnai,58,0.493,71,0.0574,0.6347,0.0254,0.8335,0.9547,True,U3
layer,pc_chair,can/occurrence,T2,vix,58,0.493,71,0.1515,0.2072,0.1624,0.1761,0.4056,True,U3
layer,pc_chair,can/occurrence,T3,cfnai,68,0.533,92,-0.0819,0.4379,0.0231,0.8267,0.9757,True,U3
layer,pc_chair,can/occurrence,T3,vix,68,0.533,92,0.1105,0.2945,0.1379,0.1899,0.4176,True,U3
layer,pc_chair,can/occurrence,H2,cfnai,43,0.419,43,0.1397,0.3717,0.1213,0.4385,0.7119,True,U3
layer,pc_chair,can/occurrence,H2,vix,43,0.419,43,0.1798,0.2485,0.2342,0.1306,0.6561,True,U3
layer,pc_chair,can/other,T1,cfnai,351,0.062,80,-0.1707,0.13,0.0143,0.8997,0.9533,True,U3
layer,pc_chair,can/other,T1,vix,351,0.062,80,0.3599,0.001,0.3126,0.0047,0.0338,True,U3
layer,pc_chair,can/other,T2,cfnai,298,0.056,71,0.0458,0.7043,0.0972,0.42,0.8087,True,U3
layer,pc_chair,can/other,T2,vix,298,0.056,71,0.1881,0.1161,0.2827,0.0169,0.0793,True,U3
layer,pc_chair,can/other,T3,cfnai,411,0.054,92,-0.1663,0.1131,-0.0282,0.7895,0.9757,True,U3
layer,pc_chair,can/other,T3,vix,411,0.054,92,0.305,0.0031,0.2819,0.0065,0.048,True,U3
layer,pc_chair,can/other,H2,cfnai,215,0.0,43,0.0491,0.7546,0.1664,0.2861,0.5906,True,U3
layer,pc_chair,can/other,H2,vix,215,0.0,43,-0.1049,0.5033,0.0021,0.9893,0.9919,True,U3
layer,pc_chair,can/policy_action,T1,cfnai,104,0.388,80,0.0383,0.7361,0.0294,0.7957,0.9309,True,U3
layer,pc_chair,can/policy_action,T1,vix,104,0.388,80,0.2361,0.035,0.195,0.083,0.2335,True,U3
layer,pc_chair,can/policy_action,T2,cfnai,78,0.423,71,0.0486,0.6875,0.0239,0.8431,0.9547,True,U3
layer,pc_chair,can/policy_action,T2,vix,78,0.423,71,0.0181,0.8812,0.0759,0.5295,0.7285,True,U3
layer,pc_chair,can/policy_action,T3,cfnai,130,0.359,92,0.0295,0.78,-0.0303,0.7743,0.9757,True,U3
layer,pc_chair,can/policy_action,T3,vix,130,0.359,92,0.263,0.0113,0.2309,0.0268,0.1249,True,U3
layer,pc_chair,can/policy_action,H2,cfnai,53,0.395,43,0.1289,0.4101,0.0996,0.5252,0.7924,True,U3
layer,pc_chair,can/policy_action,H2,vix,53,0.395,43,0.0159,0.9196,0.0022,0.9889,0.9919,True,U3
layer,pc_chair,could/activity,T1,cfnai,110,0.287,80,0.086,0.4483,0.2319,0.0385,0.3426,True,U3
layer,pc_chair,could/activity,T1,vix,110,0.287,80,-0.1215,0.283,-0.1672,0.1383,0.3198,True,U3
layer,pc_chair,could/activity,T2,cfnai,101,0.282,71,0.163,0.1744,0.2328,0.0507,0.3822,True,U3
layer,pc_chair,could/activity,T2,vix,101,0.282,71,-0.0475,0.6938,-0.1329,0.2692,0.5098,True,U3
layer,pc_chair,could/activity,T3,cfnai,133,0.272,92,0.0844,0.4238,0.2114,0.043,0.4033,True,U3
layer,pc_chair,could/activity,T3,vix,133,0.272,92,-0.1598,0.1281,-0.2044,0.0507,0.1837,True,U3
layer,pc_chair,could/activity,H2,cfnai,61,0.326,43,0.1906,0.2208,0.2551,0.0988,0.3406,True,U3
layer,pc_chair,could/activity,H2,vix,61,0.326,43,0.0963,0.5392,0.0735,0.6397,0.928,True,U3
layer,pc_chair,could/causative,T1,cfnai,88,0.4,80,0.1153,0.3084,0.0199,0.861,0.9351,True,U3
layer,pc_chair,could/causative,T1,vix,88,0.4,80,-0.301,0.0067,-0.3878,0.0004,0.004,True,U3
layer,pc_chair,could/causative,T2,cfnai,74,0.394,71,0.0192,0.8739,-0.0156,0.8969,0.96,True,U3
layer,pc_chair,could/causative,T2,vix,74,0.394,71,-0.4624,0.0,-0.485,0.0,0.0004,True,U3
layer,pc_chair,could/causative,T3,cfnai,96,0.424,92,0.1078,0.3062,0.0132,0.9005,0.9757,True,U3
layer,pc_chair,could/causative,T3,vix,96,0.424,92,-0.2944,0.0044,-0.3828,0.0002,0.0025,True,U3
layer,pc_chair,could/causative,H2,cfnai,35,0.488,43,0.0549,0.7268,-0.022,0.8885,0.9504,False,U3
layer,pc_chair,could/causative,H2,vix,35,0.488,43,-0.3866,0.0105,-0.3942,0.0089,0.2508,False,U3
layer,pc_chair,could/copular_adj,T1,cfnai,51,0.575,80,-0.1612,0.153,-0.0737,0.5161,0.9295,True,U3
layer,pc_chair,could/copular_adj,T1,vix,51,0.575,80,0.1529,0.1758,0.0818,0.4706,0.6545,True,U3
layer,pc_chair,could/copular_adj,T2,cfnai,45,0.563,71,-0.1174,0.3295,-0.0548,0.6501,0.9114,True,U3
layer,pc_chair,could/copular_adj,T2,vix,45,0.563,71,0.1108,0.3575,0.0615,0.6104,0.7831,True,U3
layer,pc_chair,could/copular_adj,T3,cfnai,56,0.587,92,-0.1627,0.1212,-0.1143,0.278,0.771,True,U3
layer,pc_chair,could/copular_adj,T3,vix,56,0.587,92,0.1378,0.1902,0.0705,0.5042,0.7805,True,U3
layer,pc_chair,could/copular_adj,H2,cfnai,28,0.581,43,-0.1944,0.2116,-0.2125,0.1714,0.4828,False,U3
layer,pc_chair,could/copular_adj,H2,vix,28,0.581,43,0.1274,0.4155,0.0492,0.7541,0.928,False,U3
layer,pc_chair,could/copular_nom,T1,cfnai,54,0.55,80,-0.2229,0.0469,-0.1752,0.12,0.5934,True,U3
layer,pc_chair,could/copular_nom,T1,vix,54,0.55,80,0.0246,0.8285,0.0172,0.8799,0.9609,True,U3
layer,pc_chair,could/copular_nom,T2,cfnai,45,0.577,71,-0.0974,0.4189,-0.1002,0.4056,0.8087,True,U3
layer,pc_chair,could/copular_nom,T2,vix,45,0.577,71,-0.1097,0.3624,-0.0335,0.7812,0.8932,True,U3
layer,pc_chair,could/copular_nom,T3,cfnai,57,0.576,92,-0.2174,0.0374,-0.153,0.1455,0.6816,True,U3
layer,pc_chair,could/copular_nom,T3,vix,57,0.576,92,0.0653,0.5361,0.0692,0.5124,0.7806,True,U3
layer,pc_chair,could/copular_nom,H2,cfnai,31,0.535,43,-0.1808,0.2461,-0.2019,0.1941,0.5126,False,U3
layer,pc_chair,could/copular_nom,H2,vix,31,0.535,43,-0.3001,0.0505,-0.2935,0.0561,0.5576,False,U3
layer,pc_chair,could/existence,T1,cfnai,71,0.575,80,-0.1741,0.1225,-0.1329,0.2398,0.7945,True,U3
layer,pc_chair,could/existence,T1,vix,71,0.575,80,-0.1397,0.2166,-0.161,0.1536,0.3254,True,U3
layer,pc_chair,could/existence,T2,cfnai,65,0.563,71,-0.2076,0.0823,-0.1372,0.2538,0.717,True,U3
layer,pc_chair,could/existence,T2,vix,65,0.563,71,-0.1556,0.195,-0.1804,0.1323,0.3462,True,U3
layer,pc_chair,could/existence,T3,cfnai,79,0.576,92,-0.1673,0.1109,-0.1118,0.2889,0.771,True,U3
layer,pc_chair,could/existence,T3,vix,79,0.576,92,-0.1475,0.1606,-0.1695,0.1063,0.2878,True,U3
layer,pc_chair,could/existence,H2,cfnai,41,0.605,43,-0.2693,0.0808,-0.2822,0.0667,0.2589,False,U3
layer,pc_chair,could/existence,H2,vix,41,0.605,43,-0.2366,0.1265,-0.2328,0.1329,0.6561,False,U3
layer,pc_chair,could/mental,T1,cfnai,43,0.662,80,-0.054,0.6341,0.1166,0.3031,0.8844,False,U3
layer,pc_chair,could/mental,T1,vix,43,0.662,80,-0.0465,0.6823,-0.0605,0.5941,0.7827,False,U3
layer,pc_chair,could/mental,T2,cfnai,38,0.662,71,0.157,0.191,0.1949,0.1033,0.4377,False,U3
layer,pc_chair,could/mental,T2,vix,38,0.662,71,0.0134,0.912,-0.0248,0.8376,0.9036,False,U3
layer,pc_chair,could/mental,T3,cfnai,43,0.707,92,-0.0548,0.6039,0.1201,0.2542,0.771,False,U3
layer,pc_chair,could/mental,T3,vix,43,0.707,92,-0.0373,0.7239,-0.0524,0.6195,0.8615,False,U3
layer,pc_chair,could/mental,H2,cfnai,23,0.674,43,0.1079,0.4912,0.0494,0.7529,0.9053,False,U3
layer,pc_chair,could/mental,H2,vix,23,0.674,43,0.1518,0.331,0.0584,0.7099,0.928,False,U3
layer,pc_chair,could/occurrence,T1,cfnai,51,0.588,80,-0.0209,0.8537,0.1399,0.2158,0.7533,True,U3
layer,pc_chair,could/occurrence,T1,vix,51,0.588,80,-0.2051,0.0681,-0.1644,0.1451,0.3206,True,U3
layer,pc_chair,could/occurrence,T2,cfnai,47,0.577,71,0.0379,0.7536,0.1304,0.2782,0.7504,True,U3
layer,pc_chair,could/occurrence,T2,vix,47,0.577,71,-0.2153,0.0714,-0.1833,0.1261,0.34,True,U3
layer,pc_chair,could/occurrence,T3,cfnai,56,0.598,92,-0.0207,0.8447,0.1431,0.1734,0.705,True,U3
layer,pc_chair,could/occurrence,T3,vix,56,0.598,92,-0.2075,0.0471,-0.1788,0.0882,0.2616,True,U3
layer,pc_chair,could/occurrence,H2,cfnai,21,0.605,43,0.0965,0.5384,0.1674,0.2834,0.5906,False,U3
layer,pc_chair,could/occurrence,H2,vix,21,0.605,43,-0.1043,0.5057,-0.0458,0.7707,0.928,False,U3
layer,pc_chair,could/other,T1,cfnai,81,0.45,80,-0.1099,0.3319,-0.038,0.7376,0.9309,True,U3
layer,pc_chair,could/other,T1,vix,81,0.45,80,-0.2283,0.0417,-0.2825,0.0111,0.051,True,U3
layer,pc_chair,could/other,T2,cfnai,70,0.465,71,-0.043,0.7221,-0.0083,0.9455,0.9728,True,U3
layer,pc_chair,could/other,T2,vix,70,0.465,71,-0.2809,0.0176,-0.3304,0.0049,0.0291,True,U3
layer,pc_chair,could/other,T3,cfnai,95,0.446,92,-0.1055,0.317,-0.047,0.6562,0.9757,True,U3
layer,pc_chair,could/other,T3,vix,95,0.446,92,-0.2441,0.019,-0.2962,0.0042,0.034,True,U3
layer,pc_chair,could/other,H2,cfnai,31,0.605,43,-0.157,0.3146,-0.1653,0.2894,0.5906,False,U3
layer,pc_chair,could/other,H2,vix,31,0.605,43,-0.0649,0.6791,-0.1234,0.4304,0.8569,False,U3
layer,pc_chair,may/activity,T1,cfnai,65,0.537,80,0.1913,0.0892,0.2105,0.061,0.4341,True,U3
layer,pc_chair,may/activity,T1,vix,65,0.537,80,0.1969,0.0799,0.212,0.0591,0.1845,True,U3
layer,pc_chair,may/activity,T2,cfnai,56,0.535,71,0.0668,0.5799,0.0867,0.4724,0.8561,True,U3
layer,pc_chair,may/activity,T2,vix,56,0.535,71,0.2582,0.0297,0.2078,0.082,0.2606,True,U3
layer,pc_chair,may/activity,T3,cfnai,69,0.554,92,0.1831,0.0806,0.187,0.0743,0.5751,True,U3
layer,pc_chair,may/activity,T3,vix,69,0.554,92,0.1871,0.0741,0.2036,0.0516,0.1837,True,U3
layer,pc_chair,may/activity,H2,cfnai,45,0.419,43,0.0498,0.7513,0.0757,0.6294,0.8514,True,U3
layer,pc_chair,may/activity,H2,vix,45,0.419,43,0.2022,0.1935,0.1561,0.3176,0.8067,True,U3
layer,pc_chair,may/copular_adj,T1,cfnai,61,0.5,80,-0.0547,0.6301,-0.2169,0.0533,0.3952,True,U3
layer,pc_chair,may/copular_adj,T1,vix,61,0.5,80,-0.0353,0.7558,0.0008,0.9947,0.9981,True,U3
layer,pc_chair,may/copular_adj,T2,cfnai,54,0.535,71,-0.2937,0.0129,-0.2722,0.0217,0.2753,True,U3
layer,pc_chair,may/copular_adj,T2,vix,54,0.535,71,-0.1003,0.4052,-0.069,0.5677,0.7552,True,U3
layer,pc_chair,may/copular_adj,T3,cfnai,69,0.5,92,-0.0532,0.6142,-0.196,0.0611,0.5134,True,U3
layer,pc_chair,may/copular_adj,T3,vix,69,0.5,92,-0.0051,0.9614,0.0536,0.6121,0.8615,True,U3
layer,pc_chair,may/copular_adj,H2,cfnai,41,0.512,43,-0.3983,0.0082,-0.4451,0.0028,0.0395,True,U3
layer,pc_chair,may/copular_adj,H2,vix,41,0.512,43,-0.2974,0.0528,-0.3029,0.0483,0.5176,True,U3
layer,pc_chair,may/copular_nom,T1,cfnai,70,0.512,80,-0.0337,0.7668,-0.0414,0.7157,0.9309,True,U3
layer,pc_chair,may/copular_nom,T1,vix,70,0.512,80,0.0237,0.8344,0.0192,0.8658,0.9572,True,U3
layer,pc_chair,may/copular_nom,T2,cfnai,58,0.549,71,0.0177,0.8837,-0.0558,0.6439,0.9114,True,U3
layer,pc_chair,may/copular_nom,T2,vix,58,0.549,71,-0.097,0.4211,-0.0504,0.6763,0.808,True,U3
layer,pc_chair,may/copular_nom,T3,cfnai,81,0.489,92,-0.0276,0.7942,-0.0125,0.906,0.9757,True,U3
layer,pc_chair,may/copular_nom,T3,vix,81,0.489,92,0.0221,0.8347,0.0166,0.8753,0.9864,True,U3
layer,pc_chair,may/copular_nom,H2,cfnai,38,0.512,43,0.1398,0.3713,0.0601,0.7016,0.8783,False,U3
layer,pc_chair,may/copular_nom,H2,vix,38,0.512,43,-0.1202,0.4426,-0.0342,0.8279,0.9461,False,U3
layer,pc_chair,may/existence,T1,cfnai,68,0.412,80,0.0454,0.6893,-0.0384,0.7353,0.9309,True,U3
layer,pc_chair,may/existence,T1,vix,68,0.412,80,-0.0927,0.4135,-0.1362,0.2285,0.4381,True,U3
layer,pc_chair,may/existence,T2,cfnai,63,0.408,71,-0.0896,0.4574,-0.1164,0.3338,0.8027,True,U3
layer,pc_chair,may/existence,T2,vix,63,0.408,71,-0.0645,0.5928,-0.1259,0.2954,0.5179,True,U3
layer,pc_chair,may/existence,T3,cfnai,80,0.402,92,0.0465,0.66,-0.005,0.9625,0.9806,True,U3
layer,pc_chair,may/existence,T3,vix,80,0.402,92,-0.1094,0.299,-0.1488,0.1569,0.3723,True,U3
layer,pc_chair,may/existence,H2,cfnai,42,0.419,43,-0.187,0.2299,-0.2129,0.1705,0.4828,True,U3
layer,pc_chair,may/existence,H2,vix,42,0.419,43,-0.1084,0.4889,-0.1872,0.2293,0.7453,True,U3
layer,pc_chair,may/occurrence,T1,cfnai,39,0.675,80,-0.0083,0.9419,0.0261,0.8184,0.9309,False,U3
layer,pc_chair,may/occurrence,T1,vix,39,0.675,80,-0.0638,0.5739,-0.0133,0.9071,0.971,False,U3
layer,pc_chair,may/occurrence,T2,cfnai,36,0.676,71,0.0026,0.983,0.0562,0.6415,0.9114,False,U3
layer,pc_chair,may/occurrence,T2,vix,36,0.676,71,0.0219,0.8561,0.0433,0.7202,0.8489,False,U3
layer,pc_chair,may/occurrence,T3,cfnai,48,0.641,92,-0.0054,0.9591,0.0408,0.699,0.9757,False,U3
layer,pc_chair,may/occurrence,T3,vix,48,0.641,92,-0.0448,0.6716,0.007,0.947,0.9864,False,U3
layer,pc_chair,may/occurrence,H2,cfnai,21,0.698,43,0.0108,0.9454,0.0734,0.64,0.8584,False,U3
layer,pc_chair,may/occurrence,H2,vix,21,0.698,43,0.1228,0.4329,0.2735,0.076,0.6113,False,U3
layer,pc_chair,may/other,T1,cfnai,69,0.45,80,-0.0644,0.5701,0.0086,0.9393,0.9611,True,U3
layer,pc_chair,may/other,T1,vix,69,0.45,80,0.1964,0.0808,0.0986,0.3841,0.5745,True,U3
layer,pc_chair,may/other,T2,cfnai,52,0.493,71,-0.0323,0.7891,-0.0129,0.9149,0.96,True,U3
layer,pc_chair,may/other,T2,vix,52,0.493,71,-0.0105,0.9306,-0.0847,0.4824,0.6991,True,U3
layer,pc_chair,may/other,T3,cfnai,78,0.446,92,-0.0642,0.5434,-0.003,0.9773,0.9829,True,U3
layer,pc_chair,may/other,T3,vix,78,0.446,92,0.1375,0.1911,0.0202,0.8487,0.9864,True,U3
layer,pc_chair,may/other,H2,cfnai,27,0.605,43,0.0144,0.927,0.0823,0.6,0.8244,False,U3
layer,pc_chair,may/other,H2,vix,27,0.605,43,0.1835,0.239,0.2143,0.1676,0.6746,False,U3
layer,pc_chair,should/activity,T1,cfnai,114,0.275,80,0.0412,0.7168,-0.0614,0.5887,0.9295,True,U3
layer,pc_chair,should/activity,T1,vix,114,0.275,80,-0.0387,0.7329,-0.0361,0.7509,0.9031,True,U3
layer,pc_chair,should/activity,T2,cfnai,103,0.268,71,-0.0659,0.5848,-0.1339,0.2656,0.7272,True,U3
layer,pc_chair,should/activity,T2,vix,103,0.268,71,0.0238,0.844,-0.0236,0.845,0.9061,True,U3
layer,pc_chair,should/activity,T3,cfnai,132,0.304,92,0.0309,0.77,-0.0772,0.4646,0.9205,True,U3
layer,pc_chair,should/activity,T3,vix,132,0.304,92,-0.0232,0.8266,0.0006,0.9956,0.9991,True,U3
layer,pc_chair,should/activity,H2,cfnai,62,0.279,43,-0.0679,0.6651,-0.1727,0.2681,0.5906,True,U3
layer,pc_chair,should/activity,H2,vix,62,0.279,43,0.0287,0.8551,-0.0379,0.8091,0.9431,True,U3
layer,pc_chair,should/copular_nom,T1,cfnai,43,0.6,80,0.095,0.402,0.0603,0.5954,0.9295,True,U3
layer,pc_chair,should/copular_nom,T1,vix,43,0.6,80,0.1812,0.1077,0.1323,0.242,0.4486,True,U3
layer,pc_chair,should/copular_nom,T2,cfnai,35,0.62,71,0.008,0.9475,-0.0351,0.7712,0.9534,False,U3
layer,pc_chair,should/copular_nom,T2,vix,35,0.62,71,0.1966,0.1003,0.0785,0.5153,0.7223,False,U3
layer,pc_chair,should/copular_nom,T3,cfnai,47,0.609,92,0.0949,0.3682,0.086,0.4149,0.8817,False,U3
layer,pc_chair,should/copular_nom,T3,vix,47,0.609,92,0.171,0.1031,0.1371,0.1924,0.4176,False,U3
layer,pc_chair,should/copular_nom,H2,cfnai,22,0.651,43,-0.0041,0.9794,0.0456,0.7714,0.9053,False,U3
layer,pc_chair,should/copular_nom,H2,vix,22,0.651,43,0.3401,0.0256,0.302,0.049,0.5176,False,U3
layer,pc_chair,should/mental,T1,cfnai,72,0.412,80,0.0623,0.5829,0.056,0.622,0.9309,True,U3
layer,pc_chair,should/mental,T1,vix,72,0.412,80,-0.1298,0.251,-0.1026,0.365,0.5608,True,U3
layer,pc_chair,should/mental,T2,cfnai,66,0.423,71,0.0514,0.6704,0.0619,0.6079,0.9114,True,U3
layer,pc_chair,should/mental,T2,vix,66,0.423,71,-0.1637,0.1726,-0.1248,0.2997,0.5179,True,U3
layer,pc_chair,should/mental,T3,cfnai,83,0.413,92,0.0578,0.5843,0.0679,0.5202,0.9291,True,U3
layer,pc_chair,should/mental,T3,vix,83,0.413,92,-0.0861,0.4144,-0.0369,0.7271,0.9137,True,U3
layer,pc_chair,should/mental,H2,cfnai,36,0.419,43,-0.133,0.3951,-0.1636,0.2946,0.5906,False,U3
layer,pc_chair,should/mental,H2,vix,36,0.419,43,-0.081,0.6054,-0.0237,0.8802,0.981,False,U3
layer,pc_chair,should/other,T1,cfnai,68,0.463,80,0.0104,0.9272,0.1559,0.1673,0.6927,True,U3
layer,pc_chair,should/other,T1,vix,68,0.463,80,0.0959,0.3975,0.0848,0.4543,0.6526,True,U3
layer,pc_chair,should/other,T2,cfnai,57,0.479,71,0.2394,0.0444,0.1519,0.2059,0.6479,True,U3
layer,pc_chair,should/other,T2,vix,57,0.479,71,0.0298,0.8054,0.0301,0.8033,0.8932,True,U3
layer,pc_chair,should/other,T3,cfnai,80,0.435,92,0.0126,0.9051,0.1443,0.1698,0.705,True,U3
layer,pc_chair,should/other,T3,vix,80,0.435,92,0.1378,0.1904,0.1373,0.1917,0.4176,True,U3
layer,pc_chair,should/other,H2,cfnai,32,0.512,43,0.4798,0.0011,0.265,0.0859,0.3157,False,U3
layer,pc_chair,should/other,H2,vix,32,0.512,43,-0.0715,0.6486,-0.0099,0.9498,0.9919,False,U3
layer,pc_chair,will/activity,T1,cfnai,845,0.0,80,0.0582,0.6081,-0.0206,0.8558,0.9351,True,U3
layer,pc_chair,will/activity,T1,vix,845,0.0,80,0.3041,0.0061,0.3037,0.0062,0.041,True,U3
layer,pc_chair,will/activity,T2,cfnai,718,0.0,71,0.0093,0.9388,-0.0649,0.5905,0.9114,True,U3
layer,pc_chair,will/activity,T2,vix,718,0.0,71,0.2332,0.0503,0.2795,0.0183,0.0812,True,U3
layer,pc_chair,will/activity,T3,cfnai,951,0.0,92,0.0507,0.6311,-0.0489,0.6433,0.9757,True,U3
layer,pc_chair,will/activity,T3,vix,951,0.0,92,0.2515,0.0156,0.2321,0.026,0.1249,True,U3
layer,pc_chair,will/activity,H2,cfnai,557,0.0,43,0.0274,0.8614,0.0482,0.7589,0.9053,True,U3
layer,pc_chair,will/activity,H2,vix,557,0.0,43,-0.0753,0.6312,-0.0601,0.7018,0.928,True,U3
layer,pc_chair,will/aspectual,T1,cfnai,336,0.013,80,0.0711,0.531,0.0613,0.5888,0.9295,True,U3
layer,pc_chair,will/aspectual,T1,vix,336,0.013,80,0.2557,0.0221,0.2361,0.035,0.1223,True,U3
layer,pc_chair,will/aspectual,T2,cfnai,275,0.014,71,0.1527,0.2036,0.0746,0.5365,0.8843,True,U3
layer,pc_chair,will/aspectual,T2,vix,275,0.014,71,0.0449,0.7103,0.1503,0.2108,0.4441,True,U3
layer,pc_chair,will/aspectual,T3,cfnai,406,0.011,92,0.0754,0.4751,0.0916,0.3851,0.8544,True,U3
layer,pc_chair,will/aspectual,T3,vix,406,0.011,92,0.2543,0.0144,0.2235,0.0322,0.1415,True,U3
layer,pc_chair,will/aspectual,H2,cfnai,155,0.0,43,0.2274,0.1426,0.2096,0.1774,0.4836,True,U3
layer,pc_chair,will/aspectual,H2,vix,155,0.0,43,0.2586,0.094,0.3846,0.0109,0.2539,True,U3
layer,pc_chair,will/causative,T1,cfnai,105,0.35,80,0.1096,0.3333,0.1442,0.202,0.7503,True,U3
layer,pc_chair,will/causative,T1,vix,105,0.35,80,0.0804,0.4784,0.0599,0.5973,0.7827,True,U3
layer,pc_chair,will/causative,T2,cfnai,96,0.324,71,0.0578,0.6319,0.1538,0.2003,0.6479,True,U3
layer,pc_chair,will/causative,T2,vix,96,0.324,71,0.0758,0.5297,0.0634,0.5994,0.7788,True,U3
layer,pc_chair,will/causative,T3,cfnai,123,0.337,92,0.1034,0.3265,0.1183,0.2614,0.771,True,U3
layer,pc_chair,will/causative,T3,vix,123,0.337,92,0.0741,0.483,0.0716,0.4973,0.7765,True,U3
layer,pc_chair,will/causative,H2,cfnai,49,0.372,43,0.0496,0.7523,0.145,0.3535,0.6356,True,U3
layer,pc_chair,will/causative,H2,vix,49,0.372,43,0.2158,0.1645,0.226,0.1451,0.6561,True,U3
layer,pc_chair,will/communication,T1,cfnai,267,0.113,80,0.0556,0.6243,0.0339,0.7652,0.9309,True,U3
layer,pc_chair,will/communication,T1,vix,267,0.113,80,0.0648,0.5677,0.1646,0.1445,0.3206,True,U3
layer,pc_chair,will/communication,T2,cfnai,236,0.113,71,0.0929,0.441,-0.0068,0.9549,0.9768,True,U3
layer,pc_chair,will/communication,T2,vix,236,0.113,71,0.1663,0.1657,0.2339,0.0496,0.1731,True,U3
layer,pc_chair,will/communication,T3,cfnai,281,0.141,92,0.0466,0.6588,0.0135,0.8983,0.9757,True,U3
layer,pc_chair,will/communication,T3,vix,281,0.141,92,0.0686,0.5162,0.152,0.1481,0.3563,True,U3
layer,pc_chair,will/communication,H2,cfnai,184,0.023,43,0.0973,0.5349,0.0533,0.7341,0.9053,True,U3
layer,pc_chair,will/communication,H2,vix,184,0.023,43,-0.0247,0.8752,0.0429,0.7848,0.928,True,U3
layer,pc_chair,will/copular_adj,T1,cfnai,400,0.037,80,0.1619,0.1514,0.1414,0.2108,0.7503,True,U3
layer,pc_chair,will/copular_adj,T1,vix,400,0.037,80,0.2075,0.0648,0.1912,0.0893,0.2445,True,U3
layer,pc_chair,will/copular_adj,T2,cfnai,338,0.042,71,0.1611,0.1795,0.1293,0.2824,0.7504,True,U3
layer,pc_chair,will/copular_adj,T2,vix,338,0.042,71,0.2354,0.0481,0.1775,0.1387,0.3495,True,U3
layer,pc_chair,will/copular_adj,T3,cfnai,460,0.033,92,0.1531,0.1451,0.121,0.2506,0.771,True,U3
layer,pc_chair,will/copular_adj,T3,vix,460,0.033,92,0.1665,0.1127,0.1287,0.2215,0.4585,True,U3
layer,pc_chair,will/copular_adj,H2,cfnai,215,0.023,43,0.2769,0.0722,0.2346,0.13,0.4145,True,U3
layer,pc_chair,will/copular_adj,H2,vix,215,0.023,43,0.4343,0.0036,0.3333,0.029,0.445,True,U3
layer,pc_chair,will/copular_nom,T1,cfnai,287,0.05,80,-0.1341,0.2357,-0.1501,0.1839,0.7273,True,U3
layer,pc_chair,will/copular_nom,T1,vix,287,0.05,80,0.2347,0.0362,0.1689,0.1341,0.3198,True,U3
layer,pc_chair,will/copular_nom,T2,cfnai,241,0.056,71,0.0173,0.8864,-0.0448,0.7104,0.9327,True,U3
layer,pc_chair,will/copular_nom,T2,vix,241,0.056,71,0.1282,0.2868,0.1276,0.2889,0.5179,True,U3
layer,pc_chair,will/copular_nom,T3,cfnai,319,0.054,92,-0.1293,0.2192,-0.1181,0.2622,0.771,True,U3
layer,pc_chair,will/copular_nom,T3,vix,319,0.054,92,0.2346,0.0244,0.1601,0.1274,0.32,True,U3
layer,pc_chair,will/copular_nom,H2,cfnai,164,0.047,43,-0.0297,0.8502,-0.1181,0.4507,0.7119,True,U3
layer,pc_chair,will/copular_nom,H2,vix,164,0.047,43,0.1006,0.5211,0.1207,0.4406,0.8569,True,U3
layer,pc_chair,will/copular_prep,T1,cfnai,60,0.512,80,0.035,0.7579,0.0123,0.914,0.957,True,U3
layer,pc_chair,will/copular_prep,T1,vix,60,0.512,80,0.2075,0.0648,-0.094,0.4071,0.5989,True,U3
layer,pc_chair,will/copular_prep,T2,cfnai,49,0.521,71,0.1553,0.1959,0.0785,0.5154,0.8693,True,U3
layer,pc_chair,will/copular_prep,T2,vix,49,0.521,71,-0.1617,0.1779,-0.1377,0.2521,0.4986,True,U3
layer,pc_chair,will/copular_prep,T3,cfnai,72,0.489,92,0.0265,0.8018,-0.0468,0.6576,0.9757,True,U3
layer,pc_chair,will/copular_prep,T3,vix,72,0.489,92,0.1801,0.0858,-0.0655,0.535,0.7936,True,U3
layer,pc_chair,will/copular_prep,H2,cfnai,32,0.465,43,0.1619,0.2995,0.0671,0.6691,0.8676,False,U3
layer,pc_chair,will/copular_prep,H2,vix,32,0.465,43,-0.1596,0.3065,-0.1744,0.2633,0.7806,False,U3
layer,pc_chair,will/existence,T1,cfnai,430,0.013,80,0.1185,0.2953,-0.0269,0.813,0.9309,True,U3
layer,pc_chair,will/existence,T1,vix,430,0.013,80,0.2431,0.0298,0.235,0.0358,0.1227,True,U3
layer,pc_chair,will/existence,T2,cfnai,373,0.014,71,-0.0181,0.8807,-0.0339,0.7788,0.9534,True,U3
layer,pc_chair,will/existence,T2,vix,373,0.014,71,0.1673,0.1631,0.2201,0.0651,0.223,True,U3
layer,pc_chair,will/existence,T3,cfnai,475,0.011,92,0.1117,0.289,-0.0138,0.896,0.9757,True,U3
layer,pc_chair,will/existence,T3,vix,475,0.011,92,0.2077,0.0469,0.1979,0.0586,0.2002,True,U3
layer,pc_chair,will/existence,H2,cfnai,271,0.0,43,-0.0372,0.8128,-0.0338,0.8298,0.9363,True,U3
layer,pc_chair,will/existence,H2,vix,271,0.0,43,-0.1043,0.5058,-0.023,0.8838,0.981,True,U3
layer,pc_chair,will/mental,T1,cfnai,589,0.0,80,0.0163,0.886,-0.0601,0.5964,0.9295,True,U3
layer,pc_chair,will/mental,T1,vix,589,0.0,80,0.0513,0.6516,0.1469,0.1936,0.3906,True,U3
layer,pc_chair,will/mental,T2,cfnai,532,0.0,71,-0.0175,0.8848,-0.0374,0.7568,0.9534,True,U3
layer,pc_chair,will/mental,T2,vix,532,0.0,71,0.1755,0.1431,0.2526,0.0336,0.1271,True,U3
layer,pc_chair,will/mental,T3,cfnai,671,0.0,92,0.0035,0.9735,-0.1079,0.3059,0.771,True,U3
layer,pc_chair,will/mental,T3,vix,671,0.0,92,-0.0241,0.8197,0.0533,0.614,0.8615,True,U3
layer,pc_chair,will/mental,H2,cfnai,357,0.0,43,-0.0319,0.839,-0.0291,0.8531,0.9363,True,U3
layer,pc_chair,will/mental,H2,vix,357,0.0,43,0.1226,0.4334,0.1031,0.5104,0.8569,True,U3
layer,pc_chair,will/occurrence,T1,cfnai,275,0.075,80,0.1858,0.099,0.2241,0.0457,0.372,True,U3
layer,pc_chair,will/occurrence,T1,vix,275,0.075,80,0.2522,0.024,0.2922,0.0085,0.0435,True,U3
layer,pc_chair,will/occurrence,T2,cfnai,241,0.085,71,0.2235,0.061,0.2493,0.036,0.3207,True,U3
layer,pc_chair,will/occurrence,T2,vix,241,0.085,71,0.3265,0.0055,0.3687,0.0016,0.0126,True,U3
layer,pc_chair,will/occurrence,T3,cfnai,330,0.076,92,0.1715,0.1021,0.157,0.135,0.6759,True,U3
layer,pc_chair,will/occurrence,T3,vix,330,0.076,92,0.2315,0.0264,0.2594,0.0125,0.0769,True,U3
layer,pc_chair,will/occurrence,H2,cfnai,146,0.116,43,0.3975,0.0083,0.4099,0.0063,0.0564,True,U3
layer,pc_chair,will/occurrence,H2,vix,146,0.116,43,0.4145,0.0057,0.5294,0.0003,0.0221,True,U3
layer,pc_chair,will/other,T1,cfnai,431,0.013,80,0.0713,0.5295,0.234,0.0367,0.3426,True,U3
layer,pc_chair,will/other,T1,vix,431,0.013,80,0.3416,0.0019,0.2934,0.0082,0.0435,True,U3
layer,pc_chair,will/other,T2,cfnai,357,0.014,71,0.3842,0.0009,0.2766,0.0195,0.2675,True,U3
layer,pc_chair,will/other,T2,vix,357,0.014,71,0.1628,0.1749,0.2056,0.0854,0.2623,True,U3
layer,pc_chair,will/other,T3,cfnai,493,0.011,92,0.0663,0.5299,0.1976,0.0591,0.5134,True,U3
layer,pc_chair,will/other,T3,vix,493,0.011,92,0.3437,0.0008,0.2888,0.0052,0.0405,True,U3
layer,pc_chair,will/other,H2,cfnai,255,0.0,43,0.4518,0.0024,0.4162,0.0055,0.0522,True,U3
layer,pc_chair,will/other,H2,vix,255,0.0,43,0.0425,0.7867,0.1222,0.4351,0.8569,True,U3
layer,pc_chair,will/policy_action,T1,cfnai,297,0.062,80,0.113,0.3183,0.0556,0.6242,0.9309,True,U3
layer,pc_chair,will/policy_action,T1,vix,297,0.062,80,-0.2037,0.07,-0.3353,0.0024,0.0175,True,U3
layer,pc_chair,will/policy_action,T2,cfnai,255,0.07,71,0.1905,0.1116,0.0862,0.4746,0.8561,True,U3
layer,pc_chair,will/policy_action,T2,vix,255,0.07,71,-0.3574,0.0022,-0.3633,0.0018,0.0143,True,U3
layer,pc_chair,will/policy_action,T3,cfnai,340,0.054,92,0.106,0.3147,0.0167,0.8743,0.9757,True,U3
layer,pc_chair,will/policy_action,T3,vix,340,0.054,92,-0.2106,0.0439,-0.332,0.0012,0.0152,True,U3
layer,pc_chair,will/policy_action,H2,cfnai,131,0.116,43,0.2446,0.114,0.0039,0.98,0.9918,True,U3
layer,pc_chair,will/policy_action,H2,vix,131,0.116,43,-0.2079,0.181,-0.1714,0.2718,0.7811,True,U3
layer,pc_chair,would/activity,T1,cfnai,344,0.013,80,0.026,0.819,-0.0169,0.8818,0.9432,True,U3
layer,pc_chair,would/activity,T1,vix,344,0.013,80,-0.0875,0.4402,0.0004,0.9975,0.9981,True,U3
layer,pc_chair,would/activity,T2,cfnai,319,0.0,71,-0.0669,0.5793,-0.0512,0.6716,0.9265,True,U3
layer,pc_chair,would/activity,T2,vix,319,0.0,71,0.0507,0.6744,0.0851,0.4805,0.6991,True,U3
layer,pc_chair,would/activity,T3,cfnai,388,0.011,92,0.0186,0.8604,-0.0547,0.6048,0.9644,True,U3
layer,pc_chair,would/activity,T3,vix,388,0.011,92,-0.0614,0.5609,0.0362,0.7319,0.9137,True,U3
layer,pc_chair,would/activity,H2,cfnai,203,0.0,43,-0.0369,0.8142,-0.0842,0.5912,0.8219,True,U3
layer,pc_chair,would/activity,H2,vix,203,0.0,43,0.1003,0.5222,0.1352,0.3875,0.8444,True,U3
layer,pc_chair,would/aspectual,T1,cfnai,53,0.588,80,-0.1275,0.2596,0.1836,0.103,0.5554,True,U3
layer,pc_chair,would/aspectual,T1,vix,53,0.588,80,0.1123,0.3213,0.1359,0.2292,0.4381,True,U3
layer,pc_chair,would/aspectual,T2,cfnai,46,0.592,71,0.1917,0.1093,0.2406,0.0433,0.367,True,U3
layer,pc_chair,would/aspectual,T2,vix,46,0.592,71,0.2122,0.0757,0.1907,0.1111,0.3138,True,U3
layer,pc_chair,would/aspectual,T3,cfnai,64,0.576,92,-0.1184,0.2609,0.1464,0.1637,0.705,True,U3
layer,pc_chair,would/aspectual,T3,vix,64,0.576,92,0.0465,0.6602,0.0466,0.6593,0.8762,True,U3
layer,pc_chair,would/aspectual,H2,cfnai,33,0.512,43,0.2031,0.1915,0.2871,0.0619,0.2552,False,U3
layer,pc_chair,would/aspectual,H2,vix,33,0.512,43,0.2387,0.1231,0.2217,0.153,0.6561,False,U3
layer,pc_chair,would/causative,T1,cfnai,89,0.425,80,0.0333,0.7693,-0.0646,0.569,0.9295,True,U3
layer,pc_chair,would/causative,T1,vix,89,0.425,80,-0.3126,0.0048,-0.2328,0.0377,0.1265,True,U3
layer,pc_chair,would/causative,T2,cfnai,86,0.366,71,-0.1028,0.3935,-0.0574,0.6345,0.9114,True,U3
layer,pc_chair,would/causative,T2,vix,86,0.366,71,-0.2118,0.0762,-0.0954,0.4287,0.6468,True,U3
layer,pc_chair,would/causative,T3,cfnai,106,0.391,92,0.0278,0.7925,-0.1014,0.3362,0.8197,True,U3
layer,pc_chair,would/causative,T3,vix,106,0.391,92,-0.2719,0.0087,-0.191,0.0681,0.2091,True,U3
layer,pc_chair,would/causative,H2,cfnai,54,0.302,43,-0.1794,0.2496,-0.1911,0.2195,0.5524,True,U3
layer,pc_chair,would/causative,H2,vix,54,0.302,43,-0.3174,0.0381,-0.2798,0.0692,0.6012,True,U3
layer,pc_chair,would/communication,T1,cfnai,846,0.0,80,0.0332,0.7699,-0.0833,0.4627,0.8985,True,U3
layer,pc_chair,would/communication,T1,vix,846,0.0,80,0.1349,0.2327,0.1038,0.3596,0.5608,True,U3
layer,pc_chair,would/communication,T2,cfnai,733,0.0,71,-0.084,0.4861,-0.1066,0.3761,0.8087,True,U3
layer,pc_chair,would/communication,T2,vix,733,0.0,71,0.0999,0.4069,0.0386,0.7495,0.8777,True,U3
layer,pc_chair,would/communication,T3,cfnai,898,0.0,92,0.0255,0.8093,-0.0546,0.6055,0.9644,True,U3
layer,pc_chair,would/communication,T3,vix,898,0.0,92,0.15,0.1535,0.1124,0.2859,0.5171,True,U3
layer,pc_chair,would/communication,H2,cfnai,511,0.0,43,-0.1336,0.3932,-0.1166,0.4563,0.7141,True,U3
layer,pc_chair,would/communication,H2,vix,511,0.0,43,0.064,0.6836,-0.0453,0.773,0.928,True,U3
layer,pc_chair,would/copular_adj,T1,cfnai,270,0.075,80,0.0395,0.7281,0.0928,0.4131,0.8985,True,U3
layer,pc_chair,would/copular_adj,T1,vix,270,0.075,80,-0.2733,0.0142,-0.2932,0.0083,0.0435,True,U3
layer,pc_chair,would/copular_adj,T2,cfnai,253,0.056,71,0.1257,0.2961,0.142,0.2374,0.6927,True,U3
layer,pc_chair,would/copular_adj,T2,vix,253,0.056,71,-0.1347,0.2627,-0.1923,0.1081,0.3104,True,U3
layer,pc_chair,would/copular_adj,T3,cfnai,336,0.065,92,0.0349,0.741,0.0701,0.5068,0.9205,True,U3
layer,pc_chair,would/copular_adj,T3,vix,336,0.065,92,-0.2073,0.0474,-0.2334,0.0252,0.1249,True,U3
layer,pc_chair,would/copular_adj,H2,cfnai,147,0.047,43,0.0855,0.5856,0.0357,0.8204,0.9363,True,U3
layer,pc_chair,would/copular_adj,H2,vix,147,0.047,43,0.0228,0.8847,-0.0521,0.74,0.928,True,U3
layer,pc_chair,would/copular_nom,T1,cfnai,219,0.087,80,0.1038,0.3597,-0.0224,0.8433,0.9351,True,U3
layer,pc_chair,would/copular_nom,T1,vix,219,0.087,80,-0.1242,0.2723,-0.1478,0.1907,0.3901,True,U3
layer,pc_chair,would/copular_nom,T2,cfnai,201,0.07,71,-0.0944,0.4334,-0.1168,0.3322,0.8027,True,U3
layer,pc_chair,would/copular_nom,T2,vix,201,0.07,71,-0.0267,0.8253,-0.0754,0.532,0.7285,True,U3
layer,pc_chair,would/copular_nom,T3,cfnai,259,0.098,92,0.1013,0.3368,-0.0112,0.9154,0.9757,True,U3
layer,pc_chair,would/copular_nom,T3,vix,259,0.098,92,-0.1358,0.1969,-0.1415,0.1784,0.4123,True,U3
layer,pc_chair,would/copular_nom,H2,cfnai,116,0.047,43,-0.1245,0.4265,-0.1417,0.3646,0.6419,True,U3
layer,pc_chair,would/copular_nom,H2,vix,116,0.047,43,-0.0497,0.7517,-0.1365,0.3827,0.8444,True,U3
layer,pc_chair,would/copular_prep,T1,cfnai,44,0.65,80,0.0338,0.7661,0.079,0.4863,0.9295,False,U3
layer,pc_chair,would/copular_prep,T1,vix,44,0.65,80,0.1131,0.318,0.1673,0.138,0.3198,False,U3
layer,pc_chair,would/copular_prep,T2,cfnai,37,0.676,71,-0.0553,0.6469,-0.0003,0.9979,0.9979,False,U3
layer,pc_chair,would/copular_prep,T2,vix,37,0.676,71,0.1167,0.3323,0.1162,0.3346,0.5515,False,U3
layer,pc_chair,would/copular_prep,T3,cfnai,54,0.62,92,0.036,0.7334,0.1066,0.3119,0.771,False,U3
layer,pc_chair,would/copular_prep,T3,vix,54,0.62,92,0.1552,0.1396,0.1693,0.1067,0.2878,False,U3
layer,pc_chair,would/copular_prep,H2,cfnai,29,0.605,43,-0.0634,0.6863,0.0555,0.7239,0.8996,False,U3
layer,pc_chair,would/copular_prep,H2,vix,29,0.605,43,-0.0257,0.8701,-0.0619,0.6932,0.928,False,U3
layer,pc_chair,would/existence,T1,cfnai,251,0.087,80,0.0982,0.3862,0.1326,0.241,0.7945,True,U3
layer,pc_chair,would/existence,T1,vix,251,0.087,80,0.0567,0.6175,0.1167,0.3025,0.5079,True,U3
layer,pc_chair,would/existence,T2,cfnai,215,0.085,71,0.0425,0.7246,0.1005,0.4042,0.8087,True,U3
layer,pc_chair,would/existence,T2,vix,215,0.085,71,0.1174,0.3295,0.1356,0.2596,0.5074,True,U3
layer,pc_chair,would/existence,T3,cfnai,298,0.076,92,0.0976,0.3549,0.1171,0.2662,0.771,True,U3
layer,pc_chair,would/existence,T3,vix,298,0.076,92,0.0116,0.9126,0.0775,0.4629,0.7423,True,U3
layer,pc_chair,would/existence,H2,cfnai,157,0.07,43,0.0037,0.9813,0.091,0.5618,0.8168,True,U3
layer,pc_chair,would/existence,H2,vix,157,0.07,43,-0.0922,0.5564,-0.0625,0.6904,0.928,True,U3
layer,pc_chair,would/mental,T1,cfnai,475,0.0,80,0.1215,0.2831,0.2579,0.0209,0.2484,True,U3
layer,pc_chair,would/mental,T1,vix,475,0.0,80,0.0428,0.7065,0.0249,0.8265,0.9371,True,U3
layer,pc_chair,would/mental,T2,cfnai,422,0.0,71,0.0856,0.4777,0.1762,0.1416,0.5362,True,U3
layer,pc_chair,would/mental,T2,vix,422,0.0,71,0.0857,0.4773,-0.0297,0.8057,0.8932,True,U3
layer,pc_chair,would/mental,T3,cfnai,512,0.011,92,0.1079,0.3059,0.2183,0.0365,0.3825,True,U3
layer,pc_chair,would/mental,T3,vix,512,0.011,92,0.0581,0.5823,0.0436,0.6796,0.8895,True,U3
layer,pc_chair,would/mental,H2,cfnai,257,0.0,43,0.0647,0.68,0.1741,0.2641,0.5906,True,U3
layer,pc_chair,would/mental,H2,vix,257,0.0,43,0.2031,0.1916,0.0504,0.7481,0.928,True,U3
layer,pc_chair,would/occurrence,T1,cfnai,50,0.575,80,-0.1847,0.101,-0.0382,0.7368,0.9309,True,U3
layer,pc_chair,would/occurrence,T1,vix,50,0.575,80,-0.0775,0.4942,-0.1105,0.3291,0.5374,True,U3
layer,pc_chair,would/occurrence,T2,cfnai,44,0.563,71,-0.1077,0.3714,-0.0217,0.8575,0.9547,True,U3
layer,pc_chair,would/occurrence,T2,vix,44,0.563,71,-0.095,0.4305,-0.127,0.2912,0.5179,True,U3
layer,pc_chair,would/occurrence,T3,cfnai,71,0.511,92,-0.161,0.1253,-0.0711,0.5008,0.9205,True,U3
layer,pc_chair,would/occurrence,T3,vix,71,0.511,92,-0.1208,0.2514,-0.1303,0.2159,0.4575,True,U3
layer,pc_chair,would/occurrence,H2,cfnai,20,0.674,43,-0.0218,0.8898,0.0475,0.7621,0.9053,False,U3
layer,pc_chair,would/occurrence,H2,vix,20,0.674,43,0.1629,0.2967,0.1465,0.3485,0.8067,False,U3
layer,pc_chair,would/other,T1,cfnai,388,0.062,80,0.1992,0.0764,0.2217,0.0481,0.372,True,U3
layer,pc_chair,would/other,T1,vix,388,0.062,80,-0.1728,0.1253,-0.1754,0.1197,0.3001,True,U3
layer,pc_chair,would/other,T2,cfnai,353,0.056,71,0.2213,0.0636,0.1484,0.2168,0.6654,True,U3
layer,pc_chair,would/other,T2,vix,353,0.056,71,-0.1116,0.3543,-0.1348,0.2622,0.5074,True,U3
layer,pc_chair,would/other,T3,cfnai,475,0.054,92,0.1862,0.0756,0.1735,0.0981,0.602,True,U3
layer,pc_chair,would/other,T3,vix,475,0.054,92,-0.1166,0.2684,-0.1161,0.2702,0.4959,True,U3
layer,pc_chair,would/other,H2,cfnai,184,0.07,43,0.4756,0.0013,0.3795,0.0121,0.0928,True,U3
layer,pc_chair,would/other,H2,vix,184,0.07,43,0.1681,0.2812,0.2361,0.1275,0.6561,True,U3
layer,pc_chair,would/policy_action,T1,cfnai,91,0.388,80,0.0294,0.796,0.0517,0.6488,0.9309,True,U3
layer,pc_chair,would/policy_action,T1,vix,91,0.388,80,-0.1466,0.1945,-0.1153,0.3086,0.5134,True,U3
layer,pc_chair,would/policy_action,T2,cfnai,82,0.366,71,0.0647,0.5917,0.0457,0.7053,0.9327,True,U3
layer,pc_chair,would/policy_action,T2,vix,82,0.366,71,-0.0436,0.7179,-0.0282,0.8154,0.8932,True,U3
layer,pc_chair,would/policy_action,T3,cfnai,104,0.38,92,0.0245,0.8165,0.0179,0.8652,0.9757,True,U3
layer,pc_chair,would/policy_action,T3,vix,104,0.38,92,-0.0938,0.3736,-0.0539,0.6097,0.8615,True,U3
layer,pc_chair,would/policy_action,H2,cfnai,42,0.419,43,0.2614,0.0904,0.0756,0.6297,0.8514,True,U3
layer,pc_chair,would/policy_action,H2,vix,42,0.419,43,-0.0155,0.9213,-0.0263,0.8672,0.977,True,U3
layer,pc_journalist,can/activity,T1,cfnai,105,0.338,80,-0.0205,0.8569,0.0861,0.4479,0.8985,True,U3
layer,pc_journalist,can/activity,T1,vix,105,0.338,80,0.2574,0.0211,0.1837,0.1029,0.2659,True,U3
layer,pc_journalist,can/activity,T2,cfnai,80,0.366,71,0.128,0.2876,0.0822,0.4954,0.8561,True,U3
layer,pc_journalist,can/activity,T2,vix,80,0.366,71,-0.009,0.9403,-0.0203,0.8666,0.9182,True,U3
layer,pc_journalist,can/activity,T3,cfnai,133,0.315,92,-0.0159,0.8806,0.0621,0.5564,0.9433,True,U3
layer,pc_journalist,can/activity,T3,vix,133,0.315,92,0.2191,0.0359,0.1755,0.0942,0.2748,True,U3
layer,pc_journalist,can/activity,H2,cfnai,51,0.326,43,0.1607,0.3032,0.0287,0.8552,0.9363,True,U3
layer,pc_journalist,can/activity,H2,vix,51,0.326,43,0.0239,0.879,0.0048,0.9758,0.9919,True,U3
layer,pc_journalist,can/communication,T1,cfnai,103,0.338,80,0.0861,0.4477,-0.0528,0.6416,0.9309,True,U3
layer,pc_journalist,can/communication,T1,vix,103,0.338,80,-0.0522,0.6458,-0.1519,0.1787,0.3699,True,U3
layer,pc_journalist,can/communication,T2,cfnai,93,0.324,71,-0.0821,0.4959,-0.1072,0.3736,0.8087,True,U3
layer,pc_journalist,can/communication,T2,vix,93,0.324,71,-0.1207,0.3158,-0.1658,0.167,0.3912,True,U3
layer,pc_journalist,can/communication,T3,cfnai,124,0.326,92,0.082,0.4374,-0.006,0.9547,0.9806,True,U3
layer,pc_journalist,can/communication,T3,vix,124,0.326,92,0.0181,0.8641,-0.1201,0.254,0.4804,True,U3
layer,pc_journalist,can/communication,H2,cfnai,63,0.349,43,-0.1558,0.3185,-0.1653,0.2894,0.5906,True,U3
layer,pc_journalist,can/communication,H2,vix,63,0.349,43,-0.1773,0.2552,-0.1971,0.2053,0.6948,True,U3
layer,pc_journalist,can/other,T1,cfnai,105,0.3,80,-0.0761,0.5023,-0.0285,0.8019,0.9309,True,U3
layer,pc_journalist,can/other,T1,vix,105,0.3,80,0.096,0.3969,0.1252,0.2684,0.4683,True,U3
layer,pc_journalist,can/other,T2,cfnai,88,0.296,71,0.073,0.545,-0.0034,0.9777,0.9832,True,U3
layer,pc_journalist,can/other,T2,vix,88,0.296,71,0.1019,0.3976,0.1079,0.3704,0.5783,True,U3
layer,pc_journalist,can/other,T3,cfnai,119,0.304,92,-0.0758,0.4729,-0.0354,0.7376,0.9757,True,U3
layer,pc_journalist,can/other,T3,vix,119,0.304,92,0.125,0.2352,0.1407,0.1809,0.4128,True,U3
layer,pc_journalist,can/other,H2,cfnai,59,0.233,43,0.1646,0.2916,0.1225,0.4338,0.7119,True,U3
layer,pc_journalist,can/other,H2,vix,59,0.233,43,0.0949,0.545,0.1466,0.3481,0.8067,True,U3
layer,pc_journalist,could/activity,T1,cfnai,103,0.287,80,0.001,0.993,-0.1054,0.3522,0.8985,True,U3
layer,pc_journalist,could/activity,T1,vix,103,0.287,80,-0.0439,0.699,-0.0599,0.5978,0.7827,True,U3
layer,pc_journalist,could/activity,T2,cfnai,85,0.296,71,-0.0432,0.7207,-0.0918,0.4462,0.836,True,U3
layer,pc_journalist,could/activity,T2,vix,85,0.296,71,-0.1823,0.1282,-0.1276,0.2889,0.5179,True,U3
layer,pc_journalist,could/activity,T3,cfnai,124,0.293,92,0.0084,0.9369,-0.0974,0.3555,0.8544,True,U3
layer,pc_journalist,could/activity,T3,vix,124,0.293,92,-0.0463,0.6609,-0.0359,0.734,0.9137,True,U3
layer,pc_journalist,could/activity,H2,cfnai,47,0.326,43,0.0191,0.9032,-0.0663,0.6725,0.8676,True,U3
layer,pc_journalist,could/activity,H2,vix,47,0.326,43,-0.2036,0.1904,-0.1766,0.2571,0.776,True,U3
layer,pc_journalist,could/causative,T1,cfnai,36,0.688,80,0.0439,0.6987,-0.0423,0.7094,0.9309,False,U3
layer,pc_journalist,could/causative,T1,vix,36,0.688,80,-0.1034,0.3615,-0.0323,0.7764,0.9152,False,U3
layer,pc_journalist,could/causative,T2,cfnai,34,0.676,71,-0.1451,0.2273,-0.1607,0.1806,0.6065,False,U3
layer,pc_journalist,could/causative,T2,vix,34,0.676,71,-0.0697,0.5634,-0.0193,0.8731,0.9183,False,U3
layer,pc_journalist,could/causative,T3,cfnai,40,0.696,92,0.0404,0.7019,-0.047,0.6564,0.9757,False,U3
layer,pc_journalist,could/causative,T3,vix,40,0.696,92,-0.0882,0.4032,-0.0083,0.9378,0.9864,False,U3
layer,pc_journalist,could/causative,H2,cfnai,17,0.698,43,-0.0362,0.8176,-0.014,0.9288,0.9681,False,U3
layer,pc_journalist,could/causative,H2,vix,17,0.698,43,0.0428,0.7852,0.0492,0.7539,0.928,False,U3
layer,pc_journalist,could/communication,T1,cfnai,134,0.212,80,0.0193,0.865,0.0954,0.3998,0.8985,True,U3
layer,pc_journalist,could/communication,T1,vix,134,0.212,80,0.0392,0.7299,0.0446,0.6947,0.8664,True,U3
layer,pc_journalist,could/communication,T2,cfnai,125,0.225,71,0.1791,0.1351,0.1192,0.3223,0.8027,True,U3
layer,pc_journalist,could/communication,T2,vix,125,0.225,71,0.1297,0.2812,0.0598,0.6203,0.7831,True,U3
layer,pc_journalist,could/communication,T3,cfnai,164,0.185,92,0.0183,0.8628,0.0636,0.5472,0.9416,True,U3
layer,pc_journalist,could/communication,T3,vix,164,0.185,92,0.0845,0.4232,0.048,0.6496,0.8762,True,U3
layer,pc_journalist,could/communication,H2,cfnai,70,0.233,43,0.4879,0.0009,0.4158,0.0056,0.0522,True,U3
layer,pc_journalist,could/communication,H2,vix,70,0.233,43,0.1495,0.3386,0.1346,0.3896,0.8444,True,U3
layer,pc_journalist,could/other,T1,cfnai,175,0.175,80,0.1897,0.0918,0.0423,0.7093,0.9309,True,U3
layer,pc_journalist,could/other,T1,vix,175,0.175,80,0.0961,0.3966,0.0838,0.4601,0.6526,True,U3
layer,pc_journalist,could/other,T2,cfnai,160,0.169,71,0.0787,0.5141,-0.0609,0.6141,0.9114,True,U3
layer,pc_journalist,could/other,T2,vix,160,0.169,71,0.1655,0.1678,0.1064,0.3771,0.5837,True,U3
layer,pc_journalist,could/other,T3,cfnai,198,0.152,92,0.1838,0.0794,0.0496,0.6386,0.9757,True,U3
layer,pc_journalist,could/other,T3,vix,198,0.152,92,0.1351,0.1993,0.1163,0.2697,0.4959,True,U3
layer,pc_journalist,could/other,H2,cfnai,115,0.093,43,0.15,0.337,-0.0009,0.9956,0.9956,True,U3
layer,pc_journalist,could/other,H2,vix,115,0.093,43,0.0881,0.5743,-0.0592,0.706,0.928,True,U3
layer,pc_journalist,should/mental,T1,cfnai,65,0.45,80,0.0816,0.4718,0.0632,0.5778,0.9295,True,U3
layer,pc_journalist,should/mental,T1,vix,65,0.45,80,0.2359,0.0351,0.1254,0.2678,0.4683,True,U3
layer,pc_journalist,should/mental,T2,cfnai,56,0.465,71,0.0723,0.5488,0.1109,0.3572,0.8087,True,U3
layer,pc_journalist,should/mental,T2,vix,56,0.465,71,0.1506,0.2099,0.0682,0.5722,0.7552,True,U3
layer,pc_journalist,should/mental,T3,cfnai,76,0.457,92,0.0838,0.4271,0.109,0.3009,0.771,True,U3
layer,pc_journalist,should/mental,T3,vix,76,0.457,92,0.2136,0.0409,0.1195,0.2564,0.4804,True,U3
layer,pc_journalist,should/mental,H2,cfnai,41,0.395,43,0.0292,0.8526,0.0851,0.5875,0.8219,True,U3
layer,pc_journalist,should/mental,H2,vix,41,0.395,43,0.0943,0.5476,0.0428,0.7853,0.928,True,U3
layer,pc_journalist,will/activity,T1,cfnai,100,0.3,80,0.0311,0.7844,-0.0249,0.8263,0.9309,True,U3
layer,pc_journalist,will/activity,T1,vix,100,0.3,80,0.014,0.9022,-0.0479,0.6732,0.8559,True,U3
layer,pc_journalist,will/activity,T2,cfnai,93,0.282,71,0.1429,0.2347,0.0445,0.7127,0.9327,True,U3
layer,pc_journalist,will/activity,T2,vix,93,0.282,71,-0.0151,0.9004,-0.0456,0.7054,0.8371,True,U3
layer,pc_journalist,will/activity,T3,cfnai,112,0.315,92,0.0269,0.7992,-0.0171,0.8718,0.9757,True,U3
layer,pc_journalist,will/activity,T3,vix,112,0.315,92,-0.0215,0.8391,-0.0905,0.391,0.6628,True,U3
layer,pc_journalist,will/activity,H2,cfnai,59,0.302,43,0.1865,0.231,0.0639,0.684,0.8691,True,U3
layer,pc_journalist,will/activity,H2,vix,59,0.302,43,0.0813,0.6043,0.1049,0.5032,0.8569,True,U3
layer,pc_journalist,will/copular_nom,T1,cfnai,33,0.725,80,0.0118,0.9171,-0.1005,0.3749,0.8985,False,U3
layer,pc_journalist,will/copular_nom,T1,vix,33,0.725,80,-0.1466,0.1946,-0.146,0.1964,0.3906,False,U3
layer,pc_journalist,will/copular_nom,T2,cfnai,27,0.732,71,-0.0495,0.6816,-0.0559,0.6435,0.9114,False,U3
layer,pc_journalist,will/copular_nom,T2,vix,27,0.732,71,-0.1564,0.1928,-0.1384,0.2499,0.4986,False,U3
layer,pc_journalist,will/copular_nom,T3,cfnai,41,0.685,92,0.004,0.9701,-0.1588,0.1305,0.6759,False,U3
layer,pc_journalist,will/copular_nom,T3,vix,41,0.685,92,-0.1536,0.1438,-0.1339,0.203,0.4354,False,U3
layer,pc_journalist,will/copular_nom,H2,cfnai,15,0.744,43,-0.1347,0.3893,-0.1227,0.4333,0.7119,False,U3
layer,pc_journalist,will/copular_nom,H2,vix,15,0.744,43,-0.1982,0.2026,-0.1833,0.2393,0.7629,False,U3
layer,pc_journalist,will/existence,T1,cfnai,40,0.65,80,0.0649,0.5673,0.1603,0.1554,0.671,False,U3
layer,pc_journalist,will/existence,T1,vix,40,0.65,80,-0.0035,0.9754,0.0443,0.6963,0.8664,False,U3
layer,pc_journalist,will/existence,T2,cfnai,37,0.648,71,0.0691,0.567,0.1832,0.1262,0.499,False,U3
layer,pc_journalist,will/existence,T2,vix,37,0.648,71,0.0333,0.7828,0.0939,0.436,0.6522,False,U3
layer,pc_journalist,will/existence,T3,cfnai,47,0.652,92,0.0596,0.5728,0.127,0.2277,0.7648,False,U3
layer,pc_journalist,will/existence,T3,vix,47,0.652,92,-0.0157,0.8821,0.0284,0.7882,0.9697,False,U3
layer,pc_journalist,will/existence,H2,cfnai,22,0.628,43,0.2168,0.1625,0.3385,0.0264,0.1755,False,U3
layer,pc_journalist,will/existence,H2,vix,22,0.628,43,0.059,0.7069,0.0594,0.7054,0.928,False,U3
layer,pc_journalist,will/mental,T1,cfnai,38,0.662,80,0.0362,0.7499,0.0892,0.4312,0.8985,False,U3
layer,pc_journalist,will/mental,T1,vix,38,0.662,80,0.1072,0.344,0.0598,0.5982,0.7827,False,U3
layer,pc_journalist,will/mental,T2,cfnai,37,0.634,71,0.0315,0.7942,0.1026,0.3946,0.8087,False,U3
layer,pc_journalist,will/mental,T2,vix,37,0.634,71,0.2474,0.0376,0.1499,0.2121,0.4441,False,U3
layer,pc_journalist,will/mental,T3,cfnai,44,0.652,92,0.0353,0.738,0.0766,0.4682,0.9205,False,U3
layer,pc_journalist,will/mental,T3,vix,44,0.652,92,0.0834,0.4294,0.0209,0.8431,0.9864,False,U3
layer,pc_journalist,will/mental,H2,cfnai,26,0.605,43,0.0447,0.7761,0.1587,0.3095,0.5941,False,U3
layer,pc_journalist,will/mental,H2,vix,26,0.605,43,0.2417,0.1184,0.1498,0.3377,0.8067,False,U3
layer,pc_journalist,will/other,T1,cfnai,75,0.438,80,0.0363,0.7493,0.0494,0.6637,0.9309,True,U3
layer,pc_journalist,will/other,T1,vix,75,0.438,80,-0.0097,0.9319,0.0333,0.7695,0.9131,True,U3
layer,pc_journalist,will/other,T2,cfnai,70,0.423,71,0.0893,0.4589,0.0547,0.6503,0.9114,True,U3
layer,pc_journalist,will/other,T2,vix,70,0.423,71,0.1471,0.2208,0.1181,0.3266,0.5484,True,U3
layer,pc_journalist,will/other,T3,cfnai,83,0.446,92,0.0307,0.7716,0.022,0.8352,0.9757,True,U3
layer,pc_journalist,will/other,T3,vix,83,0.446,92,-0.0463,0.6613,-0.0282,0.7899,0.9697,True,U3
layer,pc_journalist,will/other,H2,cfnai,48,0.419,43,0.1563,0.3169,0.1373,0.3801,0.6555,True,U3
layer,pc_journalist,will/other,H2,vix,48,0.419,43,0.1337,0.3927,0.148,0.3436,0.8067,True,U3
layer,pc_journalist,would/activity,T1,cfnai,92,0.3,80,0.0256,0.8214,-0.1982,0.078,0.4786,True,U3
layer,pc_journalist,would/activity,T1,vix,92,0.3,80,-0.146,0.1963,-0.1611,0.1535,0.3254,True,U3
layer,pc_journalist,would/activity,T2,cfnai,83,0.296,71,-0.1978,0.0983,-0.2096,0.0793,0.4377,True,U3
layer,pc_journalist,would/activity,T2,vix,83,0.296,71,-0.1041,0.3874,-0.1232,0.3059,0.5236,True,U3
layer,pc_journalist,would/activity,T3,cfnai,115,0.272,92,0.0235,0.8244,-0.1744,0.0963,0.602,True,U3
layer,pc_journalist,would/activity,T3,vix,115,0.272,92,-0.1147,0.2763,-0.1266,0.2292,0.4614,True,U3
layer,pc_journalist,would/activity,H2,cfnai,54,0.279,43,-0.1692,0.278,-0.19,0.2223,0.5524,True,U3
layer,pc_journalist,would/activity,H2,vix,54,0.279,43,-0.187,0.2299,-0.2205,0.1553,0.6561,True,U3
layer,pc_journalist,would/causative,T1,cfnai,49,0.575,80,0.1159,0.306,0.178,0.1142,0.5809,True,U3
layer,pc_journalist,would/causative,T1,vix,49,0.575,80,0.2673,0.0165,0.1944,0.0839,0.2335,True,U3
layer,pc_journalist,would/causative,T2,cfnai,38,0.62,71,0.1626,0.1755,0.1674,0.1629,0.5799,False,U3
layer,pc_journalist,would/causative,T2,vix,38,0.62,71,0.1015,0.3997,0.1105,0.3588,0.5652,False,U3
layer,pc_journalist,would/causative,T3,cfnai,56,0.598,92,0.109,0.301,0.18,0.086,0.602,True,U3
layer,pc_journalist,would/causative,T3,vix,56,0.598,92,0.2887,0.0053,0.2053,0.0496,0.1837,True,U3
layer,pc_journalist,would/causative,H2,cfnai,29,0.558,43,0.1839,0.2379,0.2675,0.0829,0.3115,False,U3
layer,pc_journalist,would/causative,H2,vix,29,0.558,43,0.0922,0.5565,0.1578,0.3121,0.8067,False,U3
layer,pc_journalist,would/communication,T1,cfnai,79,0.4,80,0.0239,0.8335,0.0699,0.5376,0.9295,True,U3
layer,pc_journalist,would/communication,T1,vix,79,0.4,80,0.0176,0.8771,0.0288,0.7997,0.9186,True,U3
layer,pc_journalist,would/communication,T2,cfnai,71,0.394,71,0.3357,0.0042,0.1958,0.1018,0.4377,True,U3
layer,pc_journalist,would/communication,T2,vix,71,0.394,71,0.1322,0.2719,0.1111,0.3565,0.5652,True,U3
layer,pc_journalist,would/communication,T3,cfnai,82,0.446,92,0.0202,0.8482,0.0672,0.5247,0.9291,True,U3
layer,pc_journalist,would/communication,T3,vix,82,0.446,92,0.0448,0.6714,0.0511,0.6283,0.867,True,U3
layer,pc_journalist,would/communication,H2,cfnai,50,0.349,43,0.436,0.0035,0.3306,0.0303,0.1755,True,U3
layer,pc_journalist,would/communication,H2,vix,50,0.349,43,0.0665,0.6717,0.0506,0.7472,0.928,True,U3
layer,pc_journalist,would/copular_adj,T1,cfnai,80,0.438,80,-0.0556,0.6241,-0.1594,0.1578,0.671,True,U3
layer,pc_journalist,would/copular_adj,T1,vix,80,0.438,80,-0.0782,0.4904,-0.1276,0.2593,0.4662,True,U3
layer,pc_journalist,would/copular_adj,T2,cfnai,73,0.408,71,-0.0885,0.4629,-0.1969,0.0997,0.4377,True,U3
layer,pc_journalist,would/copular_adj,T2,vix,73,0.408,71,-0.1507,0.2095,-0.1435,0.2326,0.4747,True,U3
layer,pc_journalist,would/copular_adj,T3,cfnai,91,0.446,92,-0.0583,0.5808,-0.1772,0.091,0.602,True,U3
layer,pc_journalist,would/copular_adj,T3,vix,91,0.446,92,-0.0482,0.6479,-0.0789,0.4546,0.7356,True,U3
layer,pc_journalist,would/copular_adj,H2,cfnai,47,0.372,43,-0.1537,0.3251,-0.3032,0.0481,0.2139,True,U3
layer,pc_journalist,would/copular_adj,H2,vix,47,0.372,43,-0.2426,0.117,-0.1992,0.2004,0.6948,True,U3
layer,pc_journalist,would/copular_nom,T1,cfnai,59,0.487,80,0.1176,0.2989,-0.1592,0.1583,0.671,True,U3
layer,pc_journalist,would/copular_nom,T1,vix,59,0.487,80,-0.1741,0.1224,-0.1793,0.1115,0.2836,True,U3
layer,pc_journalist,would/copular_nom,T2,cfnai,53,0.479,71,-0.2056,0.0854,-0.296,0.0122,0.1808,True,U3
layer,pc_journalist,would/copular_nom,T2,vix,53,0.479,71,-0.1444,0.2296,-0.1473,0.2204,0.4562,True,U3
layer,pc_journalist,would/copular_nom,T3,cfnai,72,0.467,92,0.1014,0.336,-0.1647,0.1166,0.6697,True,U3
layer,pc_journalist,would/copular_nom,T3,vix,72,0.467,92,-0.1496,0.1547,-0.1276,0.2254,0.4613,True,U3
layer,pc_journalist,would/copular_nom,H2,cfnai,35,0.442,43,-0.2068,0.1834,-0.3168,0.0385,0.1925,False,U3
layer,pc_journalist,would/copular_nom,H2,vix,35,0.442,43,-0.2959,0.0541,-0.2432,0.1161,0.6561,False,U3
layer,pc_journalist,would/existence,T1,cfnai,62,0.45,80,0.1493,0.1863,0.2335,0.0371,0.3426,True,U3
layer,pc_journalist,would/existence,T1,vix,62,0.45,80,-0.0767,0.4991,-0.028,0.8051,0.9186,True,U3
layer,pc_journalist,would/existence,T2,cfnai,59,0.408,71,0.0315,0.7941,0.1594,0.1841,0.607,True,U3
layer,pc_journalist,would/existence,T2,vix,59,0.408,71,0.0653,0.5883,0.056,0.6426,0.7878,True,U3
layer,pc_journalist,would/existence,T3,cfnai,71,0.457,92,0.131,0.2133,0.155,0.1401,0.6759,True,U3
layer,pc_journalist,would/existence,T3,vix,71,0.457,92,-0.0676,0.5221,-0.0145,0.8909,0.9864,True,U3
layer,pc_journalist,would/existence,H2,cfnai,38,0.395,43,0.0907,0.5632,0.3099,0.0431,0.1995,False,U3
layer,pc_journalist,would/existence,H2,vix,38,0.395,43,-0.0365,0.8161,0.0062,0.9683,0.9919,False,U3
layer,pc_journalist,would/mental,T1,cfnai,111,0.263,80,-0.1185,0.295,0.1275,0.2599,0.8263,True,U3
layer,pc_journalist,would/mental,T1,vix,111,0.263,80,0.0823,0.4681,0.0222,0.845,0.9401,True,U3
layer,pc_journalist,would/mental,T2,cfnai,96,0.268,71,0.1549,0.1971,0.1675,0.1628,0.5799,True,U3
layer,pc_journalist,would/mental,T2,vix,96,0.268,71,0.0518,0.6676,-0.0509,0.6734,0.808,True,U3
layer,pc_journalist,would/mental,T3,cfnai,129,0.25,92,-0.116,0.2709,0.0955,0.3652,0.8544,True,U3
layer,pc_journalist,would/mental,T3,vix,129,0.25,92,0.0614,0.5612,0.0181,0.8638,0.9864,True,U3
layer,pc_journalist,would/mental,H2,cfnai,66,0.279,43,0.1369,0.3812,0.1757,0.2598,0.5906,True,U3
layer,pc_journalist,would/mental,H2,vix,66,0.279,43,-0.0434,0.7822,-0.1156,0.4602,0.8569,True,U3
layer,pc_journalist,would/other,T1,cfnai,172,0.15,80,0.1497,0.1851,-0.0441,0.6979,0.9309,True,U3
layer,pc_journalist,would/other,T1,vix,172,0.15,80,-0.2695,0.0156,-0.3034,0.0062,0.041,True,U3
layer,pc_journalist,would/other,T2,cfnai,157,0.127,71,-0.1597,0.1835,-0.0979,0.4167,0.8087,True,U3
layer,pc_journalist,would/other,T2,vix,157,0.127,71,-0.2536,0.0328,-0.3026,0.0103,0.0557,True,U3
layer,pc_journalist,would/other,T3,cfnai,210,0.141,92,0.1378,0.1903,-0.0264,0.8031,0.9757,True,U3
layer,pc_journalist,would/other,T3,vix,210,0.141,92,-0.2532,0.0149,-0.2606,0.0121,0.0769,True,U3
layer,pc_journalist,would/other,H2,cfnai,79,0.186,43,-0.0962,0.5395,-0.0901,0.5655,0.8168,True,U3
layer,pc_journalist,would/other,H2,vix,79,0.186,43,-0.1726,0.2684,-0.1992,0.2003,0.6948,True,U3
layer,pc_moderator,will/activity,T1,cfnai,79,0.449,49,0.0921,0.5292,0.4643,0.0008,0.0173,True,U3
layer,pc_moderator,will/activity,T1,vix,79,0.449,49,0.2634,0.0674,0.3788,0.0073,0.0435,True,U3
layer,pc_moderator,will/activity,T2,cfnai,64,0.5,42,0.4876,0.0011,0.6075,0.0,0.0035,True,U3
layer,pc_moderator,will/activity,T2,vix,64,0.5,42,0.3464,0.0246,0.3841,0.012,0.0629,True,U3
layer,pc_moderator,will/activity,T3,cfnai,79,0.449,49,0.0921,0.5292,0.4643,0.0008,0.0242,True,U3
layer,pc_moderator,will/activity,T3,vix,79,0.449,49,0.2634,0.0674,0.3788,0.0073,0.0518,True,U3
layer,pc_moderator,will/activity,H2,cfnai,64,0.5,42,0.4876,0.0011,0.6075,0.0,0.0034,True,U3
layer,pc_moderator,will/activity,H2,vix,64,0.5,42,0.3464,0.0246,0.3841,0.012,0.2539,True,U3
layer,speech_chair,can/activity,T1,cfnai,109,0.484,124,-0.1626,0.0712,-0.1006,0.2664,0.8295,True,U3
layer,speech_chair,can/activity,T1,vix,109,0.484,124,0.0936,0.301,0.0137,0.8796,0.9609,True,U3
layer,speech_chair,can/activity,T2,cfnai,101,0.508,118,0.0525,0.5722,-0.0274,0.7684,0.9534,True,U3
layer,speech_chair,can/activity,T2,vix,101,0.508,118,-0.0639,0.4916,-0.0896,0.3345,0.5515,True,U3
layer,speech_chair,can/activity,T3,cfnai,187,0.443,174,-0.1374,0.0706,-0.1171,0.1238,0.6759,True,U3
layer,speech_chair,can/activity,T3,vix,187,0.443,174,0.1154,0.1294,0.0116,0.8797,0.9864,True,U3
layer,speech_chair,can/activity,H1,cfnai,77,0.397,73,0.1197,0.313,-0.0535,0.6531,0.9624,True,U3
layer,speech_chair,can/activity,H1,vix,77,0.397,73,0.1255,0.29,0.0833,0.4834,0.9004,True,U3
layer,speech_chair,can/activity,H2,cfnai,24,0.689,45,0.0075,0.9612,-0.0071,0.9631,0.9805,False,U3
layer,speech_chair,can/activity,H2,vix,24,0.689,45,-0.127,0.4059,-0.0302,0.8439,0.9572,False,U3
layer,speech_chair,can/causative,T1,cfnai,50,0.702,124,0.0366,0.6862,0.029,0.7489,0.9309,False,U3
layer,speech_chair,can/causative,T1,vix,50,0.702,124,0.1248,0.1674,-0.1011,0.2637,0.4683,False,U3
layer,speech_chair,can/causative,T2,cfnai,46,0.712,118,0.2357,0.0102,0.0901,0.3317,0.8027,False,U3
layer,speech_chair,can/causative,T2,vix,46,0.712,118,0.0061,0.9481,-0.1657,0.0729,0.2448,False,U3
layer,speech_chair,can/causative,T3,cfnai,70,0.718,174,0.0329,0.6666,0.029,0.7041,0.9757,False,U3
layer,speech_chair,can/causative,T3,vix,70,0.718,174,0.0609,0.4249,-0.1196,0.1159,0.3033,False,U3
layer,speech_chair,can/causative,H1,cfnai,35,0.644,73,0.1917,0.1042,0.0623,0.6007,0.9624,False,U3
layer,speech_chair,can/causative,H1,vix,35,0.644,73,-0.1807,0.1261,-0.2038,0.0838,0.4393,False,U3
layer,speech_chair,can/causative,H2,cfnai,11,0.822,45,0.2658,0.0776,0.159,0.297,0.5906,False,U3
layer,speech_chair,can/causative,H2,vix,11,0.822,45,0.1457,0.3396,0.1451,0.3416,0.8067,False,U3
layer,speech_chair,can/copular_adj,T1,cfnai,41,0.766,124,0.0281,0.7567,0.024,0.7909,0.9309,False,U3
layer,speech_chair,can/copular_adj,T1,vix,41,0.766,124,0.2989,0.0007,0.1247,0.1676,0.3509,False,U3
layer,speech_chair,can/copular_adj,T2,cfnai,39,0.771,118,0.0455,0.6244,0.0492,0.5968,0.9114,False,U3
layer,speech_chair,can/copular_adj,T2,vix,39,0.771,118,0.2908,0.0014,0.1177,0.2044,0.4436,False,U3
layer,speech_chair,can/copular_adj,T3,cfnai,62,0.73,174,0.027,0.7237,0.0422,0.5806,0.9644,False,U3
layer,speech_chair,can/copular_adj,T3,vix,62,0.73,174,0.2243,0.0029,0.0766,0.3149,0.5549,False,U3
layer,speech_chair,can/copular_adj,H1,cfnai,31,0.74,73,-0.0218,0.855,-0.0516,0.6649,0.9624,False,U3
layer,speech_chair,can/copular_adj,H1,vix,31,0.74,73,0.3395,0.0033,0.1036,0.3829,0.8401,False,U3
layer,speech_chair,can/copular_adj,H2,cfnai,8,0.822,45,0.0997,0.5146,0.1841,0.2259,0.5534,False,U3
layer,speech_chair,can/copular_adj,H2,vix,8,0.822,45,0.3419,0.0215,0.326,0.0289,0.445,False,U3
layer,speech_chair,can/mental,T1,cfnai,40,0.782,124,0.0388,0.6684,0.0152,0.8668,0.9351,False,U3
layer,speech_chair,can/mental,T1,vix,40,0.782,124,-0.0247,0.7856,0.0472,0.6024,0.7827,False,U3
layer,speech_chair,can/mental,T2,cfnai,40,0.771,118,-0.0204,0.8263,-0.012,0.8972,0.96,False,U3
layer,speech_chair,can/mental,T2,vix,40,0.771,118,0.062,0.5049,0.097,0.2959,0.5179,False,U3
layer,speech_chair,can/mental,T3,cfnai,69,0.73,174,0.0281,0.7126,-0.0229,0.7646,0.9757,False,U3
layer,speech_chair,can/mental,T3,vix,69,0.73,174,-0.0214,0.7789,0.0166,0.8283,0.984,False,U3
layer,speech_chair,can/mental,H1,cfnai,28,0.767,73,-0.0529,0.6566,-0.0173,0.8845,0.9928,False,U3
layer,speech_chair,can/mental,H1,vix,28,0.767,73,0.087,0.464,0.1446,0.2223,0.5867,False,U3
layer,speech_chair,can/mental,H2,cfnai,12,0.778,45,-0.0109,0.9432,-0.0302,0.8441,0.9363,False,U3
layer,speech_chair,can/mental,H2,vix,12,0.778,45,-0.04,0.794,0.0121,0.937,0.9919,False,U3
layer,speech_chair,can/other,T1,cfnai,155,0.395,124,-0.2747,0.002,0.0333,0.7132,0.9309,True,U3
layer,speech_chair,can/other,T1,vix,155,0.395,124,0.1662,0.065,-0.0002,0.9981,0.9981,True,U3
layer,speech_chair,can/other,T2,cfnai,145,0.407,118,0.0605,0.5151,0.0921,0.321,0.8027,True,U3
layer,speech_chair,can/other,T2,vix,145,0.407,118,-0.024,0.7964,-0.0619,0.5056,0.7143,True,U3
layer,speech_chair,can/other,T3,cfnai,241,0.351,174,-0.249,0.0009,0.0189,0.8048,0.9757,True,U3
layer,speech_chair,can/other,T3,vix,241,0.351,174,0.1858,0.0141,0.0475,0.534,0.7936,True,U3
layer,speech_chair,can/other,H1,cfnai,118,0.329,73,-0.0881,0.4586,-0.0412,0.7294,0.9624,True,U3
layer,speech_chair,can/other,H1,vix,118,0.329,73,0.0361,0.7618,0.0119,0.9206,0.9884,True,U3
layer,speech_chair,can/other,H2,cfnai,27,0.533,45,0.2767,0.0658,0.2174,0.1515,0.4491,False,U3
layer,speech_chair,can/other,H2,vix,27,0.533,45,0.0996,0.5149,0.0433,0.7778,0.928,False,U3
layer,speech_chair,can/policy_action,T1,cfnai,38,0.75,124,0.0025,0.9782,-0.0268,0.768,0.9309,False,U3
layer,speech_chair,can/policy_action,T1,vix,38,0.75,124,-0.004,0.965,-0.0504,0.5784,0.7799,False,U3
layer,speech_chair,can/policy_action,T2,cfnai,37,0.746,118,-0.0475,0.6092,-0.0232,0.8027,0.9534,False,U3
layer,speech_chair,can/policy_action,T2,vix,37,0.746,118,0.0154,0.8683,-0.0448,0.6302,0.7876,False,U3
layer,speech_chair,can/policy_action,T3,cfnai,62,0.741,174,-0.0087,0.9097,-0.0656,0.3895,0.8544,False,U3
layer,speech_chair,can/policy_action,T3,vix,62,0.741,174,0.0004,0.9963,-0.0499,0.5131,0.7806,False,U3
layer,speech_chair,can/policy_action,H1,cfnai,29,0.685,73,0.0414,0.7278,0.0456,0.7015,0.9624,False,U3
layer,speech_chair,can/policy_action,H1,vix,29,0.685,73,0.0605,0.6112,0.0697,0.5582,0.9031,False,U3
layer,speech_chair,can/policy_action,H2,cfnai,8,0.844,45,-0.1228,0.4218,-0.1168,0.4447,0.7119,False,U3
layer,speech_chair,can/policy_action,H2,vix,8,0.844,45,0.0662,0.6655,0.0756,0.6216,0.928,False,U3
layer,speech_chair,could/activity,T1,cfnai,57,0.669,124,0.139,0.1235,0.0526,0.5619,0.9295,False,U3
layer,speech_chair,could/activity,T1,vix,57,0.669,124,-0.0125,0.8901,-0.0848,0.3491,0.5608,False,U3
layer,speech_chair,could/activity,T2,cfnai,54,0.661,118,-0.0649,0.4853,-0.0187,0.841,0.9547,False,U3
layer,speech_chair,could/activity,T2,vix,54,0.661,118,0.0321,0.7296,-0.0697,0.4531,0.6721,False,U3
layer,speech_chair,could/activity,T3,cfnai,98,0.632,174,0.1219,0.1091,0.0192,0.8015,0.9757,False,U3
layer,speech_chair,could/activity,T3,vix,98,0.632,174,0.0271,0.7224,-0.0097,0.8985,0.9864,False,U3
layer,speech_chair,could/activity,H1,cfnai,38,0.603,73,-0.082,0.4904,-0.1289,0.2771,0.9624,False,U3
layer,speech_chair,could/activity,H1,vix,38,0.603,73,0.0237,0.8424,-0.0998,0.4008,0.8401,False,U3
layer,speech_chair,could/activity,H2,cfnai,16,0.756,45,-0.0507,0.7406,0.1187,0.4374,0.7119,False,U3
layer,speech_chair,could/activity,H2,vix,16,0.756,45,0.0762,0.619,0.1888,0.2141,0.7095,False,U3
layer,speech_chair,could/causative,T1,cfnai,58,0.726,124,-0.0019,0.983,-0.0665,0.4629,0.8985,False,U3
layer,speech_chair,could/causative,T1,vix,58,0.726,124,-0.0502,0.5801,-0.0799,0.3774,0.5693,False,U3
layer,speech_chair,could/causative,T2,cfnai,54,0.737,118,-0.0901,0.332,-0.0647,0.4863,0.8561,False,U3
layer,speech_chair,could/causative,T2,vix,54,0.737,118,-0.1116,0.229,-0.1313,0.1565,0.3716,False,U3
layer,speech_chair,could/causative,T3,cfnai,74,0.73,174,-0.0019,0.9801,-0.0241,0.7527,0.9757,False,U3
layer,speech_chair,could/causative,T3,vix,74,0.73,174,-0.0583,0.4448,-0.0408,0.5934,0.8615,False,U3
layer,speech_chair,could/causative,H1,cfnai,43,0.671,73,-0.0313,0.7925,-0.0514,0.6659,0.9624,False,U3
layer,speech_chair,could/causative,H1,vix,43,0.671,73,-0.1007,0.3967,-0.0741,0.5333,0.9031,False,U3
layer,speech_chair,could/causative,H2,cfnai,11,0.844,45,-0.1268,0.4064,-0.093,0.5433,0.8111,False,U3
layer,speech_chair,could/causative,H2,vix,11,0.844,45,-0.1263,0.4083,-0.0016,0.9919,0.9919,False,U3
layer,speech_chair,could/occurrence,T1,cfnai,41,0.847,124,0.0302,0.7393,-0.0305,0.7366,0.9309,False,U3
layer,speech_chair,could/occurrence,T1,vix,41,0.847,124,-0.2135,0.0173,-0.2915,0.001,0.0081,False,U3
layer,speech_chair,could/occurrence,T2,cfnai,41,0.839,118,-0.0228,0.8063,-0.0543,0.5595,0.8909,False,U3
layer,speech_chair,could/occurrence,T2,vix,41,0.839,118,-0.2492,0.0065,-0.2781,0.0023,0.0163,False,U3
layer,speech_chair,could/occurrence,T3,cfnai,48,0.856,174,0.0233,0.7601,-0.0366,0.6317,0.9757,False,U3
layer,speech_chair,could/occurrence,T3,vix,48,0.856,174,-0.2066,0.0062,-0.2838,0.0001,0.0025,False,U3
layer,speech_chair,could/occurrence,H1,cfnai,38,0.781,73,0.0142,0.9049,-0.0614,0.606,0.9624,False,U3
layer,speech_chair,could/occurrence,H1,vix,38,0.781,73,-0.2038,0.0838,-0.2259,0.0546,0.399,False,U3
layer,speech_chair,could/occurrence,H2,cfnai,3,0.933,45,-0.0568,0.7108,-0.0087,0.9547,0.9805,False,U3
layer,speech_chair,could/occurrence,H2,vix,3,0.933,45,-0.1864,0.2202,-0.2337,0.1224,0.6561,False,U3
layer,speech_chair,could/other,T1,cfnai,81,0.597,124,0.0954,0.2918,0.0751,0.4072,0.8985,True,U3
layer,speech_chair,could/other,T1,vix,81,0.597,124,-0.1471,0.1031,-0.2271,0.0112,0.051,True,U3
layer,speech_chair,could/other,T2,cfnai,78,0.593,118,0.1416,0.1261,0.0461,0.6205,0.9114,True,U3
layer,speech_chair,could/other,T2,vix,78,0.593,118,-0.1313,0.1566,-0.2281,0.013,0.0661,True,U3
layer,speech_chair,could/other,T3,cfnai,116,0.586,174,0.0687,0.3675,-0.0064,0.9327,0.9767,True,U3
layer,speech_chair,could/other,T3,vix,116,0.586,174,-0.1026,0.1779,-0.1391,0.0672,0.2091,True,U3
layer,speech_chair,could/other,H1,cfnai,66,0.507,73,-0.0025,0.983,0.0532,0.6548,0.9624,True,U3
layer,speech_chair,could/other,H1,vix,66,0.507,73,-0.1179,0.3204,-0.2095,0.0753,0.4393,True,U3
layer,speech_chair,could/other,H2,cfnai,12,0.733,45,0.2908,0.0526,0.0682,0.6563,0.8665,False,U3
layer,speech_chair,could/other,H2,vix,12,0.733,45,-0.0596,0.6974,-0.0769,0.6158,0.928,False,U3
layer,speech_chair,may/activity,T1,cfnai,71,0.597,124,0.0044,0.9612,-0.0413,0.6486,0.9309,True,U3
layer,speech_chair,may/activity,T1,vix,71,0.597,124,0.0166,0.8544,-0.0114,0.9002,0.971,True,U3
layer,speech_chair,may/activity,T2,cfnai,70,0.585,118,-0.1472,0.1117,-0.0591,0.5246,0.8727,True,U3
layer,speech_chair,may/activity,T2,vix,70,0.585,118,0.1087,0.2414,0.0234,0.8015,0.8932,True,U3
layer,speech_chair,may/activity,T3,cfnai,101,0.563,174,-0.0021,0.9776,-0.0525,0.4912,0.9205,True,U3
layer,speech_chair,may/activity,T3,vix,101,0.563,174,0.0023,0.9761,0.0062,0.9354,0.9864,True,U3
layer,speech_chair,may/activity,H1,cfnai,48,0.589,73,-0.1969,0.095,-0.1782,0.1314,0.7802,True,U3
layer,speech_chair,may/activity,H1,vix,48,0.589,73,-0.0025,0.9833,0.007,0.9532,0.9884,True,U3
layer,speech_chair,may/activity,H2,cfnai,22,0.578,45,-0.1552,0.3088,-0.0073,0.9621,0.9805,False,U3
layer,speech_chair,may/activity,H2,vix,22,0.578,45,-0.0214,0.8892,-0.0332,0.8285,0.9461,False,U3
layer,speech_chair,may/causative,T1,cfnai,43,0.75,124,-0.0073,0.9361,-0.0175,0.8466,0.9351,False,U3
layer,speech_chair,may/causative,T1,vix,43,0.75,124,-0.067,0.4597,-0.2087,0.02,0.0829,False,U3
layer,speech_chair,may/causative,T2,cfnai,42,0.746,118,-0.0513,0.5813,-0.0091,0.9222,0.96,False,U3
layer,speech_chair,may/causative,T2,vix,42,0.746,118,-0.1094,0.2385,-0.2218,0.0158,0.076,False,U3
layer,speech_chair,may/causative,T3,cfnai,69,0.747,174,-0.0112,0.8838,-0.0137,0.8572,0.9757,False,U3
layer,speech_chair,may/causative,T3,vix,69,0.747,174,-0.0678,0.3743,-0.1497,0.0486,0.1837,False,U3
layer,speech_chair,may/causative,H1,cfnai,37,0.644,73,-0.0369,0.7563,0.0593,0.6182,0.9624,False,U3
layer,speech_chair,may/causative,H1,vix,37,0.644,73,-0.1031,0.3854,-0.0805,0.4984,0.9031,False,U3
layer,speech_chair,may/causative,H2,cfnai,5,0.911,45,-0.0466,0.7614,-0.1689,0.2672,0.5906,False,U3
layer,speech_chair,may/causative,H2,vix,5,0.911,45,0.1236,0.4186,-0.0173,0.91,0.9864,False,U3
layer,speech_chair,may/copular_adj,T1,cfnai,45,0.782,124,0.0237,0.7942,-0.0069,0.9395,0.9611,False,U3
layer,speech_chair,may/copular_adj,T1,vix,45,0.782,124,-0.152,0.092,-0.1931,0.0317,0.1127,False,U3
layer,speech_chair,may/copular_adj,T2,cfnai,45,0.771,118,-0.0801,0.3885,-0.0358,0.7007,0.9327,False,U3
layer,speech_chair,may/copular_adj,T2,vix,45,0.771,118,-0.139,0.1332,-0.1622,0.0793,0.2606,False,U3
layer,speech_chair,may/copular_adj,T3,cfnai,70,0.741,174,0.0269,0.7244,0.0304,0.6902,0.9757,False,U3
layer,speech_chair,may/copular_adj,T3,vix,70,0.741,174,-0.1133,0.1368,-0.1239,0.1032,0.2872,False,U3
layer,speech_chair,may/copular_adj,H1,cfnai,41,0.685,73,0.057,0.6319,0.0479,0.6871,0.9624,False,U3
layer,speech_chair,may/copular_adj,H1,vix,41,0.685,73,-0.0239,0.8407,-0.0338,0.7764,0.9705,False,U3
layer,speech_chair,may/copular_adj,H2,cfnai,4,0.911,45,-0.2566,0.0888,-0.2276,0.1327,0.4153,False,U3
layer,speech_chair,may/copular_adj,H2,vix,4,0.911,45,-0.0494,0.7472,-0.0987,0.5187,0.8569,False,U3
layer,speech_chair,may/existence,T1,cfnai,30,0.831,124,0.0102,0.9104,0.0551,0.5436,0.9295,False,U3
layer,speech_chair,may/existence,T1,vix,30,0.831,124,0.0263,0.7715,-0.0082,0.9282,0.9777,False,U3
layer,speech_chair,may/existence,T2,cfnai,29,0.831,118,0.0437,0.6384,0.0765,0.4103,0.8087,False,U3
layer,speech_chair,may/existence,T2,vix,29,0.831,118,0.1059,0.2539,-0.0031,0.9733,0.9788,False,U3
layer,speech_chair,may/existence,T3,cfnai,47,0.805,174,0.0125,0.8699,0.0508,0.5056,0.9205,False,U3
layer,speech_chair,may/existence,T3,vix,47,0.805,174,0.0469,0.5385,0.0169,0.8244,0.984,False,U3
layer,speech_chair,may/existence,H1,cfnai,21,0.808,73,0.1165,0.3262,0.1301,0.2726,0.9624,False,U3
layer,speech_chair,may/existence,H1,vix,21,0.808,73,-0.0281,0.8137,-0.052,0.6619,0.9113,False,U3
layer,speech_chair,may/existence,H2,cfnai,8,0.867,45,-0.0217,0.8877,0.0128,0.9337,0.9681,False,U3
layer,speech_chair,may/existence,H2,vix,8,0.867,45,0.2721,0.0706,0.2263,0.1349,0.6561,False,U3
layer,speech_chair,may/occurrence,T1,cfnai,31,0.798,124,0.0132,0.884,-0.0015,0.9869,0.9923,False,U3
layer,speech_chair,may/occurrence,T1,vix,31,0.798,124,-0.0671,0.4593,-0.0614,0.4985,0.6878,False,U3
layer,speech_chair,may/occurrence,T2,cfnai,31,0.788,118,-0.0698,0.4526,-0.0275,0.7678,0.9534,False,U3
layer,speech_chair,may/occurrence,T2,vix,31,0.788,118,-0.0365,0.6944,-0.024,0.7963,0.8932,False,U3
layer,speech_chair,may/occurrence,T3,cfnai,48,0.787,174,0.013,0.8644,0.0107,0.8884,0.9757,False,U3
layer,speech_chair,may/occurrence,T3,vix,48,0.787,174,-0.038,0.619,-0.0128,0.8668,0.9864,False,U3
layer,speech_chair,may/occurrence,H1,cfnai,26,0.726,73,-0.1243,0.2946,-0.0438,0.7131,0.9624,False,U3
layer,speech_chair,may/occurrence,H1,vix,26,0.726,73,0.0486,0.6832,0.147,0.2147,0.5854,False,U3
layer,speech_chair,may/occurrence,H2,cfnai,5,0.889,45,0.0612,0.6898,-0.0189,0.902,0.9527,False,U3
layer,speech_chair,may/occurrence,H2,vix,5,0.889,45,0.0691,0.6518,0.0351,0.8188,0.9461,False,U3
layer,speech_chair,may/other,T1,cfnai,83,0.694,124,0.1062,0.2403,0.0476,0.5998,0.9295,False,U3
layer,speech_chair,may/other,T1,vix,83,0.694,124,-0.0609,0.5019,-0.1021,0.2591,0.4662,False,U3
layer,speech_chair,may/other,T2,cfnai,81,0.686,118,-0.0711,0.444,-0.017,0.8549,0.9547,False,U3
layer,speech_chair,may/other,T2,vix,81,0.686,118,-0.0151,0.8713,-0.0884,0.3413,0.5522,False,U3
layer,speech_chair,may/other,T3,cfnai,119,0.655,174,0.0963,0.206,0.0789,0.3007,0.771,False,U3
layer,speech_chair,may/other,T3,vix,119,0.655,174,-0.0497,0.5145,-0.029,0.7037,0.9033,False,U3
layer,speech_chair,may/other,H1,cfnai,69,0.616,73,0.0002,0.999,0.0244,0.8379,0.9928,False,U3
layer,speech_chair,may/other,H1,vix,69,0.616,73,-0.0072,0.9517,-0.0314,0.7921,0.9773,False,U3
layer,speech_chair,may/other,H2,cfnai,12,0.8,45,-0.1415,0.3538,-0.0818,0.5933,0.8219,False,U3
layer,speech_chair,may/other,H2,vix,12,0.8,45,0.1866,0.2197,0.118,0.4403,0.8569,False,U3
layer,speech_chair,should/activity,T1,cfnai,40,0.766,124,0.0245,0.7871,0.0392,0.6657,0.9309,False,U3
layer,speech_chair,should/activity,T1,vix,40,0.766,124,0.2646,0.003,-0.0024,0.9789,0.9981,False,U3
layer,speech_chair,should/activity,T2,cfnai,38,0.763,118,-0.0241,0.7957,0.0379,0.6833,0.9285,False,U3
layer,speech_chair,should/activity,T2,vix,38,0.763,118,0.0768,0.4083,0.0021,0.9819,0.9819,False,U3
layer,speech_chair,should/activity,T3,cfnai,73,0.707,174,0.0207,0.7865,0.0107,0.8882,0.9757,False,U3
layer,speech_chair,should/activity,T3,vix,73,0.707,174,0.2039,0.007,0.0806,0.2905,0.5171,False,U3
layer,speech_chair,should/activity,H1,cfnai,29,0.726,73,0.2094,0.0754,0.1231,0.2997,0.9624,False,U3
layer,speech_chair,should/activity,H1,vix,29,0.726,73,0.0954,0.4218,0.0623,0.6007,0.9031,False,U3
layer,speech_chair,should/activity,H2,cfnai,9,0.822,45,-0.1553,0.3084,-0.116,0.4479,0.7119,False,U3
layer,speech_chair,should/activity,H2,vix,9,0.822,45,0.0452,0.7679,0.0433,0.7777,0.928,False,U3
layer,speech_chair,should/other,T1,cfnai,56,0.734,124,0.0325,0.7203,-0.0308,0.7339,0.9309,False,U3
layer,speech_chair,should/other,T1,vix,56,0.734,124,0.0378,0.6768,-0.2126,0.0177,0.0752,False,U3
layer,speech_chair,should/other,T2,cfnai,55,0.729,118,-0.0393,0.6726,-0.0443,0.634,0.9114,False,U3
layer,speech_chair,should/other,T2,vix,55,0.729,118,-0.0645,0.4874,-0.2224,0.0155,0.076,False,U3
layer,speech_chair,should/other,T3,cfnai,84,0.707,174,0.0218,0.7756,-0.0933,0.2209,0.7561,False,U3
layer,speech_chair,should/other,T3,vix,84,0.707,174,0.0631,0.4081,-0.1149,0.1312,0.3244,False,U3
layer,speech_chair,should/other,H1,cfnai,48,0.644,73,0.1262,0.2872,0.0451,0.7048,0.9624,False,U3
layer,speech_chair,should/other,H1,vix,48,0.644,73,-0.0783,0.51,-0.1467,0.2157,0.5854,False,U3
layer,speech_chair,should/other,H2,cfnai,7,0.867,45,-0.1679,0.2704,-0.2059,0.1747,0.4836,False,U3
layer,speech_chair,should/other,H2,vix,7,0.867,45,0.0503,0.7428,-0.068,0.6571,0.928,False,U3
layer,speech_chair,will/activity,T1,cfnai,179,0.306,124,-0.2672,0.0027,-0.2182,0.0149,0.1895,True,U3
layer,speech_chair,will/activity,T1,vix,179,0.306,124,0.2849,0.0013,0.165,0.067,0.1963,True,U3
layer,speech_chair,will/activity,T2,cfnai,167,0.314,118,-0.0729,0.4329,-0.1933,0.036,0.3207,True,U3
layer,speech_chair,will/activity,T2,vix,167,0.314,118,0.1993,0.0305,0.1312,0.1566,0.3716,True,U3
layer,speech_chair,will/activity,T3,cfnai,254,0.299,174,-0.2512,0.0008,-0.1785,0.0185,0.219,True,U3
layer,speech_chair,will/activity,T3,vix,254,0.299,174,0.2122,0.0049,0.1419,0.0619,0.2002,True,U3
layer,speech_chair,will/activity,H1,cfnai,100,0.329,73,-0.295,0.0113,-0.1961,0.0964,0.7543,True,U3
layer,speech_chair,will/activity,H1,vix,100,0.329,73,0.0376,0.7523,0.0593,0.6182,0.9031,True,U3
layer,speech_chair,will/activity,H2,cfnai,67,0.289,45,0.0028,0.9853,-0.1581,0.2997,0.5906,True,U3
layer,speech_chair,will/activity,H2,vix,67,0.289,45,0.0211,0.8906,-0.0846,0.5808,0.9005,True,U3
layer,speech_chair,will/aspectual,T1,cfnai,114,0.492,124,-0.1603,0.0754,-0.1148,0.2043,0.7503,True,U3
layer,speech_chair,will/aspectual,T1,vix,114,0.492,124,0.0488,0.5901,0.0226,0.803,0.9186,True,U3
layer,speech_chair,will/aspectual,T2,cfnai,110,0.5,118,-0.0776,0.4036,-0.0738,0.4268,0.8087,True,U3
layer,speech_chair,will/aspectual,T2,vix,110,0.5,118,-0.0042,0.9643,-0.0063,0.9456,0.9619,True,U3
layer,speech_chair,will/aspectual,T3,cfnai,163,0.506,174,-0.1546,0.0417,-0.1259,0.0979,0.602,True,U3
layer,speech_chair,will/aspectual,T3,vix,163,0.506,174,0.0357,0.6397,-0.0003,0.9971,0.9991,True,U3
layer,speech_chair,will/aspectual,H1,cfnai,67,0.507,73,0.0771,0.5167,0.054,0.65,0.9624,True,U3
layer,speech_chair,will/aspectual,H1,vix,67,0.507,73,-0.0134,0.9107,0.0593,0.6184,0.9031,True,U3
layer,speech_chair,will/aspectual,H2,cfnai,43,0.489,45,-0.2099,0.1664,-0.2185,0.1493,0.4491,True,U3
layer,speech_chair,will/aspectual,H2,vix,43,0.489,45,-0.1919,0.2067,-0.1955,0.1981,0.6948,True,U3
layer,speech_chair,will/causative,T1,cfnai,50,0.734,124,0.0796,0.3795,0.047,0.6042,0.9295,False,U3
layer,speech_chair,will/causative,T1,vix,50,0.734,124,-0.0853,0.3465,-0.1751,0.0518,0.1676,False,U3
layer,speech_chair,will/causative,T2,cfnai,47,0.737,118,0.1534,0.0973,0.0239,0.7971,0.9534,False,U3
layer,speech_chair,will/causative,T2,vix,47,0.737,118,-0.0799,0.3895,-0.1992,0.0306,0.1234,False,U3
layer,speech_chair,will/causative,T3,cfnai,76,0.701,174,0.076,0.319,0.0476,0.5324,0.9291,False,U3
layer,speech_chair,will/causative,T3,vix,76,0.701,174,-0.1032,0.1756,-0.1172,0.1234,0.3184,False,U3
layer,speech_chair,will/causative,H1,cfnai,34,0.671,73,-0.0066,0.956,0.0049,0.9673,0.9928,False,U3
layer,speech_chair,will/causative,H1,vix,34,0.671,73,-0.2518,0.0316,-0.2035,0.0842,0.4393,False,U3
layer,speech_chair,will/causative,H2,cfnai,13,0.844,45,0.2498,0.098,0.0391,0.7988,0.931,False,U3
layer,speech_chair,will/causative,H2,vix,13,0.844,45,0.0186,0.9036,-0.0169,0.9122,0.9864,False,U3
layer,speech_chair,will/communication,T1,cfnai,117,0.508,124,0.0512,0.5722,-0.0368,0.6845,0.9309,True,U3
layer,speech_chair,will/communication,T1,vix,117,0.508,124,-0.11,0.2241,-0.1314,0.1459,0.3206,True,U3
layer,speech_chair,will/communication,T2,cfnai,114,0.508,118,-0.0768,0.4082,-0.0641,0.4902,0.8561,True,U3
layer,speech_chair,will/communication,T2,vix,114,0.508,118,-0.081,0.3831,-0.1249,0.1777,0.4056,True,U3
layer,speech_chair,will/communication,T3,cfnai,172,0.471,174,0.0479,0.5303,-0.0303,0.6918,0.9757,True,U3
layer,speech_chair,will/communication,T3,vix,172,0.471,174,-0.0487,0.5234,-0.0809,0.2884,0.5171,True,U3
layer,speech_chair,will/communication,H1,cfnai,91,0.425,73,-0.2485,0.034,-0.2656,0.0232,0.4596,True,U3
layer,speech_chair,will/communication,H1,vix,91,0.425,73,-0.0327,0.7836,-0.0501,0.6735,0.914,True,U3
layer,speech_chair,will/communication,H2,cfnai,23,0.644,45,0.0683,0.6556,0.1545,0.3108,0.5941,False,U3
layer,speech_chair,will/communication,H2,vix,23,0.644,45,-0.0845,0.5812,-0.0433,0.7778,0.928,False,U3
layer,speech_chair,will/copular_adj,T1,cfnai,84,0.589,124,0.1052,0.2449,0.008,0.9297,0.9611,True,U3
layer,speech_chair,will/copular_adj,T1,vix,84,0.589,124,0.0864,0.3398,0.0047,0.9588,0.9981,True,U3
layer,speech_chair,will/copular_adj,T2,cfnai,80,0.593,118,0.0341,0.7138,-0.0274,0.7683,0.9534,True,U3
layer,speech_chair,will/copular_adj,T2,vix,80,0.593,118,0.0696,0.4538,-0.0117,0.8997,0.9311,True,U3
layer,speech_chair,will/copular_adj,T3,cfnai,125,0.552,174,0.0979,0.199,0.0481,0.5285,0.9291,True,U3
layer,speech_chair,will/copular_adj,T3,vix,125,0.552,174,0.0935,0.2199,0.0001,0.9991,0.9991,True,U3
layer,speech_chair,will/copular_adj,H1,cfnai,56,0.562,73,0.0686,0.5644,-0.0195,0.8698,0.9928,True,U3
layer,speech_chair,will/copular_adj,H1,vix,56,0.562,73,0.0887,0.4555,0.0553,0.6419,0.9031,True,U3
layer,speech_chair,will/copular_adj,H2,cfnai,24,0.644,45,0.0031,0.9841,-0.0598,0.6965,0.8783,False,U3
layer,speech_chair,will/copular_adj,H2,vix,24,0.644,45,-0.0084,0.9566,-0.0383,0.8026,0.9419,False,U3
layer,speech_chair,will/copular_nom,T1,cfnai,41,0.758,124,-0.0084,0.9266,-0.1352,0.1342,0.6288,False,U3
layer,speech_chair,will/copular_nom,T1,vix,41,0.758,124,0.0943,0.2973,-0.0038,0.9662,0.9981,False,U3
layer,speech_chair,will/copular_nom,T2,cfnai,38,0.771,118,-0.0279,0.7641,-0.0936,0.3133,0.8027,False,U3
layer,speech_chair,will/copular_nom,T2,vix,38,0.771,118,-0.0307,0.7415,-0.0582,0.5315,0.7285,False,U3
layer,speech_chair,will/copular_nom,T3,cfnai,56,0.741,174,-0.0087,0.909,-0.1038,0.173,0.705,False,U3
layer,speech_chair,will/copular_nom,T3,vix,56,0.741,174,0.0455,0.5513,0.0034,0.9642,0.9864,False,U3
layer,speech_chair,will/copular_nom,H1,cfnai,28,0.767,73,0.0639,0.5913,0.0552,0.6426,0.9624,False,U3
layer,speech_chair,will/copular_nom,H1,vix,28,0.767,73,0.0188,0.8743,0.0117,0.9218,0.9884,False,U3
layer,speech_chair,will/copular_nom,H2,cfnai,10,0.778,45,-0.12,0.4322,-0.2862,0.0567,0.2395,False,U3
layer,speech_chair,will/copular_nom,H2,vix,10,0.778,45,-0.1186,0.4377,-0.1604,0.2926,0.8067,False,U3
layer,speech_chair,will/existence,T1,cfnai,58,0.669,124,0.0033,0.9713,0.0541,0.5504,0.9295,False,U3
layer,speech_chair,will/existence,T1,vix,58,0.669,124,0.134,0.1378,-0.0772,0.3941,0.5845,False,U3
layer,speech_chair,will/existence,T2,cfnai,57,0.661,118,0.0732,0.4308,0.0619,0.5057,0.8655,False,U3
layer,speech_chair,will/existence,T2,vix,57,0.661,118,0.1947,0.0346,-0.0644,0.4884,0.701,False,U3
layer,speech_chair,will/existence,T3,cfnai,87,0.638,174,-0.0041,0.9569,0.012,0.8753,0.9757,False,U3
layer,speech_chair,will/existence,T3,vix,87,0.638,174,0.0681,0.3718,-0.074,0.3316,0.5731,False,U3
layer,speech_chair,will/existence,H1,cfnai,43,0.603,73,0.3208,0.0057,0.2246,0.0561,0.5924,False,U3
layer,speech_chair,will/existence,H1,vix,43,0.603,73,0.1316,0.2669,-0.0844,0.4775,0.9004,False,U3
layer,speech_chair,will/existence,H2,cfnai,14,0.756,45,-0.054,0.7248,-0.1539,0.3128,0.5941,False,U3
layer,speech_chair,will/existence,H2,vix,14,0.756,45,0.2223,0.1422,0.0983,0.5204,0.8569,False,U3
layer,speech_chair,will/mental,T1,cfnai,68,0.637,124,0.0398,0.6609,0.0232,0.7981,0.9309,False,U3
layer,speech_chair,will/mental,T1,vix,68,0.637,124,0.0147,0.8712,0.0337,0.7102,0.8664,False,U3
layer,speech_chair,will/mental,T2,cfnai,68,0.619,118,-0.0631,0.4973,-0.016,0.8635,0.9547,False,U3
layer,speech_chair,will/mental,T2,vix,68,0.619,118,0.1481,0.1095,0.1017,0.2732,0.5119,False,U3
layer,speech_chair,will/mental,T3,cfnai,87,0.644,174,0.0232,0.7616,-0.0516,0.4993,0.9205,False,U3
layer,speech_chair,will/mental,T3,vix,87,0.644,174,-0.0373,0.6252,-0.0298,0.6958,0.9033,False,U3
layer,speech_chair,will/mental,H1,cfnai,38,0.671,73,-0.2005,0.089,-0.0616,0.6045,0.9624,False,U3
layer,speech_chair,will/mental,H1,vix,38,0.671,73,0.0335,0.7784,-0.0048,0.9676,0.9884,False,U3
layer,speech_chair,will/mental,H2,cfnai,30,0.533,45,-0.0462,0.763,0.0342,0.8237,0.9363,False,U3
layer,speech_chair,will/mental,H2,vix,30,0.533,45,-0.0735,0.6314,-0.0676,0.6591,0.928,False,U3
layer,speech_chair,will/occurrence,T1,cfnai,119,0.548,124,0.0438,0.6292,-0.1382,0.1257,0.6048,True,U3
layer,speech_chair,will/occurrence,T1,vix,119,0.548,124,-0.1423,0.1149,-0.2353,0.0085,0.0435,True,U3
layer,speech_chair,will/occurrence,T2,cfnai,117,0.542,118,-0.1384,0.1351,-0.1981,0.0315,0.3207,True,U3
layer,speech_chair,will/occurrence,T2,vix,117,0.542,118,-0.1031,0.2665,-0.2186,0.0174,0.0795,True,U3
layer,speech_chair,will/occurrence,T3,cfnai,173,0.54,174,0.0305,0.6894,-0.156,0.0398,0.3936,True,U3
layer,speech_chair,will/occurrence,T3,vix,173,0.54,174,-0.0965,0.2051,-0.1375,0.0704,0.2123,True,U3
layer,speech_chair,will/occurrence,H1,cfnai,91,0.493,73,-0.0392,0.742,-0.1482,0.2109,0.9171,True,U3
layer,speech_chair,will/occurrence,H1,vix,91,0.493,73,-0.0611,0.6079,-0.1591,0.1789,0.5854,True,U3
layer,speech_chair,will/occurrence,H2,cfnai,26,0.622,45,-0.2348,0.1205,-0.2495,0.0984,0.3406,False,U3
layer,speech_chair,will/occurrence,H2,vix,26,0.622,45,-0.1239,0.4174,-0.2124,0.1614,0.6651,False,U3
layer,speech_chair,will/other,T1,cfnai,253,0.258,124,-0.0456,0.615,-0.0176,0.8463,0.9351,True,U3
layer,speech_chair,will/other,T1,vix,253,0.258,124,0.1147,0.2046,0.0667,0.4615,0.6526,True,U3
layer,speech_chair,will/other,T2,cfnai,236,0.263,118,-0.0092,0.9217,0.014,0.8803,0.96,True,U3
layer,speech_chair,will/other,T2,vix,236,0.263,118,-0.0327,0.725,0.0164,0.8598,0.9164,True,U3
layer,speech_chair,will/other,T3,cfnai,359,0.241,174,-0.0481,0.5289,-0.0067,0.9299,0.9767,True,U3
layer,speech_chair,will/other,T3,vix,359,0.241,174,0.1123,0.1402,0.0908,0.2332,0.4614,True,U3
layer,speech_chair,will/other,H1,cfnai,171,0.205,73,-0.0589,0.6204,0.023,0.847,0.9928,True,U3
layer,speech_chair,will/other,H1,vix,171,0.205,73,0.0573,0.6302,0.0665,0.5764,0.9031,True,U3
layer,speech_chair,will/other,H2,cfnai,65,0.356,45,0.0426,0.7811,-0.0193,0.8998,0.9527,True,U3
layer,speech_chair,will/other,H2,vix,65,0.356,45,-0.1582,0.2993,-0.0965,0.5282,0.8569,True,U3
layer,speech_chair,will/policy_action,T1,cfnai,77,0.645,124,0.0854,0.3456,0.0308,0.7339,0.9309,False,U3
layer,speech_chair,will/policy_action,T1,vix,77,0.645,124,0.0477,0.5989,0.0661,0.4656,0.6526,False,U3
layer,speech_chair,will/policy_action,T2,cfnai,75,0.644,118,0.1264,0.1727,0.0046,0.9607,0.9772,False,U3
layer,speech_chair,will/policy_action,T2,vix,75,0.644,118,0.1165,0.2091,0.077,0.4074,0.6251,False,U3
layer,speech_chair,will/policy_action,T3,cfnai,102,0.649,174,0.059,0.4396,-0.0891,0.2424,0.771,False,U3
layer,speech_chair,will/policy_action,T3,vix,102,0.649,174,0.0636,0.4047,0.1159,0.1277,0.32,False,U3
layer,speech_chair,will/policy_action,H1,cfnai,51,0.671,73,-0.2412,0.0398,-0.2278,0.0526,0.5924,False,U3
layer,speech_chair,will/policy_action,H1,vix,51,0.671,73,-0.0355,0.7656,-0.0242,0.8388,0.9884,False,U3
layer,speech_chair,will/policy_action,H2,cfnai,24,0.6,45,0.2889,0.0543,0.2751,0.0674,0.2589,False,U3
layer,speech_chair,will/policy_action,H2,vix,24,0.6,45,0.0699,0.6482,0.1047,0.4935,0.8569,False,U3
layer,speech_chair,would/activity,T1,cfnai,52,0.734,124,0.0242,0.7898,0.0601,0.5072,0.9295,False,U3
layer,speech_chair,would/activity,T1,vix,52,0.734,124,-0.1564,0.0827,-0.291,0.001,0.0081,False,U3
layer,speech_chair,would/activity,T2,cfnai,52,0.72,118,-0.0679,0.4649,0.0306,0.7425,0.9534,False,U3
layer,speech_chair,would/activity,T2,vix,52,0.72,118,-0.1511,0.1025,-0.2637,0.0039,0.0249,False,U3
layer,speech_chair,would/activity,T3,cfnai,80,0.695,174,0.0213,0.7802,0.0268,0.7256,0.9757,False,U3
layer,speech_chair,would/activity,T3,vix,80,0.695,174,-0.1463,0.054,-0.2376,0.0016,0.0167,False,U3
layer,speech_chair,would/activity,H1,cfnai,46,0.63,73,-0.0847,0.4764,-0.0273,0.8189,0.9928,False,U3
layer,speech_chair,would/activity,H1,vix,46,0.63,73,-0.0921,0.4384,-0.2529,0.0308,0.2934,False,U3
layer,speech_chair,would/activity,H2,cfnai,6,0.867,45,-0.0161,0.9166,0.1192,0.4353,0.7119,False,U3
layer,speech_chair,would/activity,H2,vix,6,0.867,45,0.0798,0.6024,0.1592,0.2962,0.8067,False,U3
layer,speech_chair,would/causative,T1,cfnai,48,0.766,124,0.0573,0.5272,0.0201,0.825,0.9309,False,U3
layer,speech_chair,would/causative,T1,vix,48,0.766,124,-0.0676,0.4555,-0.132,0.1439,0.3206,False,U3
layer,speech_chair,would/causative,T2,cfnai,46,0.771,118,-0.0522,0.5743,-0.0101,0.914,0.96,False,U3
layer,speech_chair,would/causative,T2,vix,46,0.771,118,-0.0497,0.5929,-0.1542,0.0955,0.2833,False,U3
layer,speech_chair,would/causative,T3,cfnai,69,0.741,174,0.0504,0.5089,0.0083,0.9134,0.9757,False,U3
layer,speech_chair,would/causative,T3,vix,69,0.741,174,-0.0937,0.2187,-0.1673,0.0274,0.1249,False,U3
layer,speech_chair,would/causative,H1,cfnai,35,0.726,73,0.0332,0.7801,0.0676,0.5698,0.9624,False,U3
layer,speech_chair,would/causative,H1,vix,35,0.726,73,-0.2147,0.0681,-0.2546,0.0297,0.2934,False,U3
layer,speech_chair,would/causative,H2,cfnai,11,0.844,45,-0.1203,0.4312,-0.0921,0.5472,0.8111,False,U3
layer,speech_chair,would/causative,H2,vix,11,0.844,45,0.0972,0.5255,0.1374,0.368,0.8404,False,U3
layer,speech_chair,would/copular_adj,T1,cfnai,92,0.669,124,0.1303,0.1493,-0.0335,0.7119,0.9309,False,U3
layer,speech_chair,would/copular_adj,T1,vix,92,0.669,124,-0.0995,0.2714,-0.1573,0.0811,0.2328,False,U3
layer,speech_chair,would/copular_adj,T2,cfnai,89,0.661,118,-0.1181,0.2027,-0.1123,0.2262,0.6824,False,U3
layer,speech_chair,would/copular_adj,T2,vix,89,0.661,118,-0.0904,0.3301,-0.1463,0.1139,0.3169,False,U3
layer,speech_chair,would/copular_adj,T3,cfnai,139,0.603,174,0.1143,0.1333,-0.0216,0.7771,0.9757,False,U3
layer,speech_chair,would/copular_adj,T3,vix,139,0.603,174,-0.1355,0.0746,-0.1535,0.0431,0.1767,False,U3
layer,speech_chair,would/copular_adj,H1,cfnai,71,0.616,73,-0.0338,0.7765,-0.0585,0.6231,0.9624,False,U3
layer,speech_chair,would/copular_adj,H1,vix,71,0.616,73,-0.0883,0.4576,-0.073,0.5395,0.9031,False,U3
layer,speech_chair,would/copular_adj,H2,cfnai,18,0.733,45,-0.1908,0.2093,-0.2079,0.1706,0.4828,False,U3
layer,speech_chair,would/copular_adj,H2,vix,18,0.733,45,-0.1373,0.3683,-0.1479,0.3321,0.8067,False,U3
layer,speech_chair,would/existence,T1,cfnai,47,0.742,124,-0.0481,0.5961,-0.1499,0.0965,0.537,False,U3
layer,speech_chair,would/existence,T1,vix,47,0.742,124,-0.0517,0.5684,-0.1672,0.0635,0.1915,False,U3
layer,speech_chair,would/existence,T2,cfnai,45,0.737,118,-0.2115,0.0215,-0.1563,0.091,0.4377,False,U3
layer,speech_chair,would/existence,T2,vix,45,0.737,118,-0.0024,0.9797,-0.161,0.0816,0.2606,False,U3
layer,speech_chair,would/existence,T3,cfnai,65,0.741,174,-0.038,0.6183,-0.067,0.3798,0.8544,False,U3
layer,speech_chair,would/existence,T3,vix,65,0.741,174,-0.0736,0.3345,-0.1702,0.0248,0.1249,False,U3
layer,speech_chair,would/existence,H1,cfnai,34,0.685,73,-0.0848,0.4758,-0.0927,0.4353,0.9624,False,U3
layer,speech_chair,would/existence,H1,vix,34,0.685,73,-0.2288,0.0515,-0.2423,0.0389,0.3356,False,U3
layer,speech_chair,would/existence,H2,cfnai,11,0.822,45,-0.2855,0.0573,-0.3021,0.0437,0.1995,False,U3
layer,speech_chair,would/existence,H2,vix,11,0.822,45,0.026,0.8654,0.0903,0.5551,0.8767,False,U3
layer,speech_chair,would/mental,T1,cfnai,39,0.79,124,-0.0605,0.5045,0.0051,0.9555,0.97,False,U3
layer,speech_chair,would/mental,T1,vix,39,0.79,124,0.0956,0.2911,-0.0529,0.5597,0.7605,False,U3
layer,speech_chair,would/mental,T2,cfnai,37,0.797,118,-0.0288,0.7571,0.0549,0.555,0.8909,False,U3
layer,speech_chair,would/mental,T2,vix,37,0.797,118,0.0693,0.4561,-0.0873,0.3471,0.5567,False,U3
layer,speech_chair,would/mental,T3,cfnai,50,0.787,174,-0.0642,0.4003,-0.0137,0.8579,0.9757,False,U3
layer,speech_chair,would/mental,T3,vix,50,0.787,174,0.0525,0.4913,-0.0741,0.3312,0.5731,False,U3
layer,speech_chair,would/mental,H1,cfnai,30,0.726,73,-0.0698,0.5572,0.0228,0.8481,0.9928,False,U3
layer,speech_chair,would/mental,H1,vix,30,0.726,73,-0.0217,0.8554,0.0093,0.9375,0.9884,False,U3
layer,speech_chair,would/mental,H2,cfnai,7,0.911,45,0.0161,0.9166,0.0862,0.5733,0.8212,False,U3
layer,speech_chair,would/mental,H2,vix,7,0.911,45,0.2857,0.0571,0.2055,0.1757,0.6748,False,U3
layer,speech_chair,would/occurrence,T1,cfnai,42,0.766,124,0.0859,0.3428,0.0442,0.6261,0.9309,False,U3
layer,speech_chair,would/occurrence,T1,vix,42,0.766,124,-0.0057,0.9503,0.024,0.7917,0.9186,False,U3
layer,speech_chair,would/occurrence,T2,cfnai,40,0.771,118,0.0566,0.5429,0.0187,0.8407,0.9547,False,U3
layer,speech_chair,would/occurrence,T2,vix,40,0.771,118,0.0405,0.663,0.0138,0.8821,0.9183,False,U3
layer,speech_chair,would/occurrence,T3,cfnai,59,0.764,174,0.0634,0.4056,0.0278,0.7162,0.9757,False,U3
layer,speech_chair,would/occurrence,T3,vix,59,0.764,174,-0.0335,0.661,-0.0189,0.8049,0.9746,False,U3
layer,speech_chair,would/occurrence,H1,cfnai,28,0.753,73,0.0242,0.839,0.0156,0.8958,0.9928,False,U3
layer,speech_chair,would/occurrence,H1,vix,28,0.753,73,-0.131,0.2693,-0.0113,0.9242,0.9884,False,U3
layer,speech_chair,would/occurrence,H2,cfnai,12,0.8,45,0.0749,0.625,0.0257,0.8668,0.939,False,U3
layer,speech_chair,would/occurrence,H2,vix,12,0.8,45,0.1464,0.3374,0.1143,0.4548,0.8569,False,U3
layer,speech_chair,would/other,T1,cfnai,158,0.435,124,0.1238,0.1707,0.0779,0.3896,0.8985,True,U3
layer,speech_chair,would/other,T1,vix,158,0.435,124,-0.0813,0.3694,-0.172,0.0561,0.1784,True,U3
layer,speech_chair,would/other,T2,cfnai,152,0.441,118,0.0302,0.7453,0.0505,0.5873,0.9114,True,U3
layer,speech_chair,would/other,T2,vix,152,0.441,118,-0.1598,0.084,-0.1968,0.0327,0.1264,True,U3
layer,speech_chair,would/other,T3,cfnai,241,0.391,174,0.0982,0.1975,0.0059,0.9383,0.9767,True,U3
layer,speech_chair,would/other,T3,vix,241,0.391,174,-0.0265,0.7283,-0.0874,0.2515,0.4804,True,U3
layer,speech_chair,would/other,H1,cfnai,118,0.329,73,-0.0689,0.5625,-0.0895,0.4517,0.9624,True,U3
layer,speech_chair,would/other,H1,vix,118,0.329,73,-0.1166,0.3257,-0.1251,0.2916,0.6803,True,U3
layer,speech_chair,would/other,H2,cfnai,34,0.622,45,0.1181,0.4397,0.1892,0.2132,0.5459,False,U3
layer,speech_chair,would/other,H2,vix,34,0.622,45,-0.1563,0.3051,-0.1519,0.3193,0.8067,False,U3
layer,statement,could/causative,T1,cfnai,50,0.505,101,0.1416,0.1578,-0.0624,0.535,0.9295,True,U3
layer,statement,could/causative,T1,vix,50,0.505,101,0.1793,0.0727,0.3319,0.0007,0.0069,True,U3
layer,statement,could/causative,T2,cfnai,47,0.484,91,-0.079,0.4567,-0.1674,0.1127,0.4665,True,U3
layer,statement,could/causative,T2,vix,47,0.484,91,0.4576,0.0,0.451,0.0,0.0003,True,U3
layer,statement,could/causative,T3,cfnai,54,0.594,133,0.127,0.1453,-0.0108,0.9017,0.9757,True,U3
layer,statement,could/causative,T3,vix,54,0.594,133,0.0968,0.2675,0.1855,0.0326,0.1415,True,U3
layer,statement,could/causative,H1,cfnai,4,0.917,48,0.1142,0.4395,0.0935,0.5272,0.9624,False,U3
layer,statement,could/causative,H1,vix,4,0.917,48,-0.1163,0.4312,-0.0829,0.5755,0.9031,False,U3
layer,statement,could/causative,H2,cfnai,43,0.0,43,-0.6024,0.0,-0.4384,0.0033,0.0395,True,U3
layer,statement,could/causative,H2,vix,43,0.0,43,0.0006,0.9969,-0.0119,0.9398,0.9919,True,U3
layer,statement,will/activity,T1,cfnai,132,0.01,101,-0.2299,0.0207,-0.342,0.0005,0.0122,True,U3
layer,statement,will/activity,T1,vix,132,0.01,101,0.0872,0.3857,0.2237,0.0245,0.0948,True,U3
layer,statement,will/activity,T2,cfnai,118,0.0,91,-0.3411,0.0009,-0.2858,0.006,0.1074,True,U3
layer,statement,will/activity,T2,vix,118,0.0,91,0.1861,0.0773,0.241,0.0214,0.0907,True,U3
layer,statement,will/activity,T3,cfnai,158,0.105,133,-0.1864,0.0317,-0.227,0.0086,0.1095,True,U3
layer,statement,will/activity,T3,vix,158,0.105,133,-0.0797,0.3619,-0.004,0.9636,0.9864,True,U3
layer,statement,will/activity,H1,cfnai,65,0.0,48,-0.2107,0.1507,0.0035,0.981,0.9928,True,U3
layer,statement,will/activity,H1,vix,65,0.0,48,0.2214,0.1304,0.1913,0.1928,0.5854,True,U3
layer,statement,will/activity,H2,cfnai,53,0.0,43,-0.4682,0.0015,-0.4736,0.0013,0.0395,True,U3
layer,statement,will/activity,H2,vix,53,0.0,43,-0.0957,0.5415,-0.0729,0.6423,0.928,True,U3
layer,statement,will/aspectual,T1,cfnai,126,0.327,101,-0.0514,0.6098,-0.1604,0.1092,0.5716,True,U3
layer,statement,will/aspectual,T1,vix,126,0.327,101,0.3333,0.0007,0.4061,0.0,0.0006,True,U3
layer,statement,will/aspectual,T2,cfnai,106,0.352,91,-0.0878,0.4077,-0.1753,0.0964,0.4377,True,U3
layer,statement,will/aspectual,T2,vix,106,0.352,91,0.3444,0.0008,0.3925,0.0001,0.0015,True,U3
layer,statement,will/aspectual,T3,cfnai,175,0.286,133,-0.0489,0.576,-0.1494,0.0861,0.602,True,U3
layer,statement,will/aspectual,T3,vix,175,0.286,133,0.2974,0.0005,0.3372,0.0001,0.0016,True,U3
layer,statement,will/aspectual,H1,cfnai,21,0.667,48,-0.1966,0.1804,-0.1744,0.2359,0.9171,False,U3
layer,statement,will/aspectual,H1,vix,21,0.667,48,0.0793,0.5921,0.0686,0.643,0.9031,False,U3
layer,statement,will/aspectual,H2,cfnai,85,0.0,43,-0.2722,0.0774,-0.2556,0.0981,0.3406,True,U3
layer,statement,will/aspectual,H2,vix,85,0.0,43,-0.338,0.0266,-0.3254,0.0333,0.4562,True,U3
layer,statement,will/copular_adj,T1,cfnai,51,0.535,101,0.2216,0.0259,0.3931,0.0,0.0028,True,U3
layer,statement,will/copular_adj,T1,vix,51,0.535,101,0.094,0.3499,0.151,0.1317,0.3198,True,U3
layer,statement,will/copular_adj,T2,cfnai,48,0.516,91,0.3161,0.0023,0.3377,0.0011,0.0378,True,U3
layer,statement,will/copular_adj,T2,vix,48,0.516,91,0.2958,0.0044,0.219,0.037,0.1372,True,U3
layer,statement,will/copular_adj,T3,cfnai,61,0.579,133,0.2041,0.0185,0.3528,0.0,0.0019,True,U3
layer,statement,will/copular_adj,T3,vix,61,0.579,133,-0.0058,0.9472,-0.0076,0.9312,0.9864,True,U3
layer,statement,will/copular_adj,H1,cfnai,24,0.542,48,0.169,0.2509,0.1897,0.1965,0.9171,False,U3
layer,statement,will/copular_adj,H1,vix,24,0.542,48,0.2032,0.166,0.1699,0.2483,0.606,False,U3
layer,statement,will/copular_adj,H2,cfnai,24,0.488,43,0.4096,0.0064,0.3861,0.0105,0.0849,False,U3
layer,statement,will/copular_adj,H2,vix,24,0.488,43,0.311,0.0424,0.2779,0.0711,0.6012,False,U3
layer,statement,will/mental,T1,cfnai,105,0.257,101,-0.3389,0.0005,-0.2851,0.0039,0.0542,True,U3
layer,statement,will/mental,T1,vix,105,0.257,101,-0.2849,0.0039,-0.3682,0.0002,0.0025,True,U3
layer,statement,will/mental,T2,cfnai,96,0.242,91,-0.3509,0.0007,-0.1811,0.0858,0.4377,True,U3
layer,statement,will/mental,T2,vix,96,0.242,91,-0.4549,0.0,-0.4192,0.0,0.0006,True,U3
layer,statement,will/mental,T3,cfnai,142,0.248,133,-0.3167,0.0002,-0.2701,0.0017,0.037,True,U3
layer,statement,will/mental,T3,vix,142,0.248,133,-0.3121,0.0003,-0.4091,0.0,0.0001,True,U3
layer,statement,will/mental,H1,cfnai,75,0.0,48,-0.0181,0.9027,0.0783,0.5967,0.9624,True,U3
layer,statement,will/mental,H1,vix,75,0.0,48,-0.1939,0.1866,-0.3527,0.014,0.2651,True,U3
layer,statement,will/mental,H2,cfnai,21,0.512,43,-0.5294,0.0003,-0.4529,0.0023,0.0395,False,U3
layer,statement,will/mental,H2,vix,21,0.512,43,-0.3178,0.0378,-0.2571,0.096,0.6561,False,U3
layer,statement,will/occurrence,T1,cfnai,47,0.644,101,-0.0514,0.6099,0.1767,0.0771,0.4786,False,U3
layer,statement,will/occurrence,T1,vix,47,0.644,101,-0.1763,0.0778,-0.2295,0.021,0.0849,False,U3
layer,statement,will/occurrence,T2,cfnai,42,0.659,91,0.1554,0.1413,0.203,0.0537,0.3822,False,U3
layer,statement,will/occurrence,T2,vix,42,0.659,91,-0.3085,0.0029,-0.3639,0.0004,0.0035,False,U3
layer,statement,will/occurrence,T3,cfnai,84,0.579,133,-0.0444,0.6121,0.0954,0.2747,0.771,True,U3
layer,statement,will/occurrence,T3,vix,84,0.579,133,-0.1846,0.0334,-0.211,0.0148,0.0848,True,U3
layer,statement,will/occurrence,H1,cfnai,36,0.458,48,0.281,0.0531,0.2381,0.1032,0.7543,False,U3
layer,statement,will/occurrence,H1,vix,36,0.458,48,-0.276,0.0575,-0.4,0.0049,0.1785,False,U3
layer,statement,will/occurrence,H2,cfnai,6,0.884,43,0.1361,0.384,0.1699,0.2761,0.5906,False,U3
layer,statement,will/occurrence,H2,vix,6,0.884,43,0.0031,0.9845,0.0483,0.7585,0.928,False,U3
layer,statement,will/policy_action,T1,cfnai,57,0.614,101,0.0326,0.7461,0.0384,0.7031,0.9309,False,U3
layer,statement,will/policy_action,T1,vix,57,0.614,101,-0.3188,0.0012,-0.4124,0.0,0.0006,False,U3
layer,statement,will/policy_action,T2,cfnai,56,0.582,91,-0.0715,0.5008,0.027,0.7998,0.9534,True,U3
layer,statement,will/policy_action,T2,vix,56,0.582,91,-0.3317,0.0013,-0.3871,0.0002,0.0016,True,U3
layer,statement,will/policy_action,T3,cfnai,86,0.556,133,0.0307,0.7261,0.0312,0.7217,0.9757,True,U3
layer,statement,will/policy_action,T3,vix,86,0.556,133,-0.1365,0.1171,-0.1989,0.0217,0.1171,True,U3
layer,statement,will/policy_action,H1,cfnai,52,0.271,48,0.1195,0.4185,0.1435,0.3305,0.9624,True,U3
layer,statement,will/policy_action,H1,vix,52,0.271,48,-0.109,0.4608,-0.2037,0.1649,0.5854,True,U3
layer,statement,will/policy_action,H2,cfnai,4,0.93,43,-0.2232,0.1502,-0.2406,0.1201,0.3902,False,U3
layer,statement,will/policy_action,H2,vix,4,0.93,43,-0.0551,0.7256,0.0029,0.9852,0.9919,False,U3
layer,statement,would/copular_adj,T1,cfnai,46,0.545,101,0.1358,0.1757,-0.0771,0.4432,0.8985,True,U3
layer,statement,would/copular_adj,T1,vix,46,0.545,101,0.1983,0.0468,0.3589,0.0002,0.0034,True,U3
layer,statement,would/copular_adj,T2,cfnai,43,0.527,91,-0.0854,0.4209,-0.1809,0.0861,0.4377,True,U3
layer,statement,would/copular_adj,T2,vix,43,0.527,91,0.474,0.0,0.4739,0.0,0.0001,True,U3
layer,statement,would/copular_adj,T3,cfnai,46,0.654,133,0.1216,0.1633,-0.0208,0.8119,0.9757,False,U3
layer,statement,would/copular_adj,T3,vix,46,0.654,133,0.1316,0.131,0.2467,0.0042,0.034,False,U3
layer,statement,would/copular_adj,H1,cfnai,0,1.0,48,,,,,,False,U3
layer,statement,would/copular_adj,H1,vix,0,1.0,48,,,,,,False,U3
layer,statement,would/copular_adj,H2,cfnai,43,0.0,43,-0.6024,0.0,-0.4384,0.0033,0.0395,True,U3
layer,statement,would/copular_adj,H2,vix,43,0.0,43,0.0006,0.9969,-0.0119,0.9398,0.9919,True,U3
