key,unit,period,macro,k,n,r,p_r,rho,p_rho
minutes,ALL,T1,cfnai,-9,99,0.2229,0.0266,0.2324,0.0206
minutes,ALL,T1,cfnai,-8,99,0.1755,0.0822,0.229,0.0226
minutes,ALL,T1,cfnai,-7,99,0.086,0.3974,0.2265,0.0242
minutes,ALL,T1,cfnai,-6,99,-0.0677,0.5057,0.1902,0.0593
minutes,ALL,T1,cfnai,-5,99,-0.1516,0.1343,0.1053,0.2995
minutes,ALL,T1,cfnai,-4,99,-0.0599,0.556,0.1416,0.1621
minutes,ALL,T1,cfnai,-3,99,-0.0063,0.9504,0.1601,0.1134
minutes,ALL,T1,cfnai,-2,99,-0.0203,0.8417,0.0994,0.3278
minutes,ALL,T1,cfnai,-1,99,-0.07,0.4909,0.0337,0.7408
minutes,ALL,T1,cfnai,0,99,-0.1633,0.1063,0.0469,0.6448
minutes,ALL,T1,cfnai,1,99,-0.0462,0.6499,0.1072,0.2907
minutes,ALL,T1,cfnai,2,99,-0.0225,0.8251,0.1199,0.2372
minutes,ALL,T1,cfnai,3,99,0.0584,0.566,0.1074,0.2901
minutes,ALL,T1,cfnai,4,98,0.0976,0.3388,0.1766,0.082
minutes,ALL,T1,cfnai,5,97,0.0546,0.5952,0.0552,0.5914
minutes,ALL,T1,cfnai,6,97,-0.0483,0.6383,0.136,0.184
minutes,ALL,T1,cfnai,7,96,-0.0672,0.5154,0.1022,0.3216
minutes,ALL,T1,cfnai,8,95,0.012,0.9081,0.107,0.3019
minutes,ALL,T1,cfnai,9,95,0.219,0.033,0.1368,0.1863
minutes,ALL,T1,vix,-9,99,-0.187,0.0639,-0.1648,0.1032
minutes,ALL,T1,vix,-8,99,-0.104,0.3056,-0.1702,0.0922
minutes,ALL,T1,vix,-7,99,-0.1216,0.2305,-0.1267,0.2113
minutes,ALL,T1,vix,-6,99,0.0132,0.8965,-0.0712,0.484
minutes,ALL,T1,vix,-5,99,-0.032,0.7532,-0.0484,0.634
minutes,ALL,T1,vix,-4,99,-0.0787,0.4388,-0.1288,0.204
minutes,ALL,T1,vix,-3,99,-0.0338,0.7396,-0.178,0.0779
minutes,ALL,T1,vix,-2,99,-0.0195,0.848,-0.0867,0.3936
minutes,ALL,T1,vix,-1,99,0.0508,0.6172,-0.0847,0.4048
minutes,ALL,T1,vix,0,99,0.0812,0.4242,0.0136,0.8936
minutes,ALL,T1,vix,1,99,-0.0302,0.767,-0.0655,0.5192
minutes,ALL,T1,vix,2,99,0.0607,0.5504,-0.0347,0.7329
minutes,ALL,T1,vix,3,99,0.0106,0.9171,0.0067,0.9474
minutes,ALL,T1,vix,4,98,0.0347,0.7345,0.0481,0.6382
minutes,ALL,T1,vix,5,97,0.21,0.0389,0.146,0.1535
minutes,ALL,T1,vix,6,97,0.1431,0.1621,0.1081,0.2919
minutes,ALL,T1,vix,7,96,0.1152,0.2638,0.1001,0.3319
minutes,ALL,T1,vix,8,95,0.0729,0.4828,0.1444,0.1626
minutes,ALL,T1,vix,9,95,0.039,0.7075,0.0504,0.6274
minutes,ALL,T2,cfnai,-9,91,0.2374,0.0235,0.3236,0.0018
minutes,ALL,T2,cfnai,-8,91,0.2048,0.0515,0.3056,0.0032
minutes,ALL,T2,cfnai,-7,91,0.2161,0.0397,0.3223,0.0018
minutes,ALL,T2,cfnai,-6,91,-0.0181,0.8646,0.3082,0.003
minutes,ALL,T2,cfnai,-5,91,-0.0088,0.9339,0.2242,0.0327
minutes,ALL,T2,cfnai,-4,91,0.1277,0.2279,0.265,0.0111
minutes,ALL,T2,cfnai,-3,91,0.1883,0.0739,0.2861,0.006
minutes,ALL,T2,cfnai,-2,91,0.1362,0.1979,0.1575,0.1359
minutes,ALL,T2,cfnai,-1,91,0.0802,0.4496,0.1065,0.3152
minutes,ALL,T2,cfnai,0,91,0.091,0.3911,0.1155,0.2754
minutes,ALL,T2,cfnai,1,91,0.1686,0.1101,0.1347,0.2029
minutes,ALL,T2,cfnai,2,91,0.0873,0.4107,0.1447,0.1713
minutes,ALL,T2,cfnai,3,91,0.0819,0.4402,0.0948,0.3716
minutes,ALL,T2,cfnai,4,90,0.0601,0.5737,0.1236,0.2458
minutes,ALL,T2,cfnai,5,89,0.0139,0.8973,0.0125,0.9073
minutes,ALL,T2,cfnai,6,89,-0.1828,0.0864,0.0278,0.7961
minutes,ALL,T2,cfnai,7,88,-0.1379,0.2,0.0057,0.958
minutes,ALL,T2,cfnai,8,87,-0.0498,0.6471,0.0313,0.7735
minutes,ALL,T2,cfnai,9,87,0.1903,0.0775,0.0362,0.7392
minutes,ALL,T2,vix,-9,91,-0.1459,0.1677,-0.1136,0.2838
minutes,ALL,T2,vix,-8,91,-0.1451,0.1699,-0.1699,0.1073
minutes,ALL,T2,vix,-7,91,-0.1402,0.185,-0.1228,0.2462
minutes,ALL,T2,vix,-6,91,-0.0523,0.6228,-0.0631,0.5524
minutes,ALL,T2,vix,-5,91,-0.0757,0.4758,-0.0434,0.6828
minutes,ALL,T2,vix,-4,91,-0.141,0.1826,-0.1501,0.1556
minutes,ALL,T2,vix,-3,91,-0.1873,0.0754,-0.2252,0.0318
minutes,ALL,T2,vix,-2,91,-0.1195,0.2592,-0.1432,0.1757
minutes,ALL,T2,vix,-1,91,-0.1671,0.1135,-0.1714,0.1042
minutes,ALL,T2,vix,0,91,-0.114,0.2821,-0.0827,0.4358
minutes,ALL,T2,vix,1,91,-0.2088,0.047,-0.183,0.0825
minutes,ALL,T2,vix,2,91,-0.1338,0.2061,-0.1624,0.1242
minutes,ALL,T2,vix,3,91,-0.1019,0.3367,-0.1015,0.3385
minutes,ALL,T2,vix,4,90,-0.0764,0.4739,-0.0577,0.5888
minutes,ALL,T2,vix,5,89,0.1481,0.166,0.0661,0.5384
minutes,ALL,T2,vix,6,89,0.0769,0.4738,0.0097,0.9285
minutes,ALL,T2,vix,7,88,0.0552,0.6096,0.0239,0.825
minutes,ALL,T2,vix,8,87,0.0246,0.8214,0.0627,0.5642
minutes,ALL,T2,vix,9,87,0.0015,0.9887,-0.0045,0.967
minutes,can,T1,cfnai,-9,198,0.1035,0.1466,0.2198,0.0019
minutes,can,T1,cfnai,-8,198,0.1338,0.0603,0.2673,0.0001
minutes,can,T1,cfnai,-7,198,0.1003,0.1599,0.199,0.005
minutes,can,T1,cfnai,-6,198,0.0863,0.2265,0.2599,0.0002
minutes,can,T1,cfnai,-5,198,0.0174,0.8074,0.2992,0.0
minutes,can,T1,cfnai,-4,198,0.0511,0.475,0.3324,0.0
minutes,can,T1,cfnai,-3,198,0.001,0.9889,0.2819,0.0001
minutes,can,T1,cfnai,-2,198,-0.1251,0.079,0.2668,0.0001
minutes,can,T1,cfnai,-1,198,-0.1695,0.0169,0.1964,0.0055
minutes,can,T1,cfnai,0,198,-0.1364,0.0553,0.1562,0.028
minutes,can,T1,cfnai,1,198,0.1278,0.0727,0.2027,0.0042
minutes,can,T1,cfnai,2,198,0.1821,0.0102,0.1436,0.0436
minutes,can,T1,cfnai,3,198,0.1539,0.0304,0.1281,0.072
minutes,can,T1,cfnai,4,196,-0.0503,0.4839,0.1441,0.0439
minutes,can,T1,cfnai,5,194,-0.0985,0.1718,0.0325,0.6524
minutes,can,T1,cfnai,6,194,0.0308,0.6702,0.001,0.9893
minutes,can,T1,cfnai,7,192,0.143,0.0479,0.086,0.2358
minutes,can,T1,cfnai,8,190,0.156,0.0316,0.1051,0.1491
minutes,can,T1,cfnai,9,190,0.0669,0.3593,0.0754,0.3011
minutes,can,T1,vix,-9,198,0.1444,0.0424,0.1856,0.0089
minutes,can,T1,vix,-8,198,0.1665,0.0191,0.2573,0.0003
minutes,can,T1,vix,-7,198,0.1711,0.016,0.2188,0.002
minutes,can,T1,vix,-6,198,0.2488,0.0004,0.2535,0.0003
minutes,can,T1,vix,-5,198,0.2547,0.0003,0.2567,0.0003
minutes,can,T1,vix,-4,198,0.3143,0.0,0.3855,0.0
minutes,can,T1,vix,-3,198,0.4299,0.0,0.4098,0.0
minutes,can,T1,vix,-2,198,0.5695,0.0,0.519,0.0
minutes,can,T1,vix,-1,198,0.4645,0.0,0.4874,0.0
minutes,can,T1,vix,0,198,0.3692,0.0,0.4754,0.0
minutes,can,T1,vix,1,198,0.3806,0.0,0.4003,0.0
minutes,can,T1,vix,2,198,0.3097,0.0,0.4357,0.0
minutes,can,T1,vix,3,198,0.3802,0.0,0.3603,0.0
minutes,can,T1,vix,4,196,0.4541,0.0,0.4208,0.0
minutes,can,T1,vix,5,194,0.255,0.0003,0.3853,0.0
minutes,can,T1,vix,6,194,0.2851,0.0001,0.4136,0.0
minutes,can,T1,vix,7,192,0.247,0.0006,0.3273,0.0
minutes,can,T1,vix,8,190,0.2586,0.0003,0.452,0.0
minutes,can,T1,vix,9,190,0.3009,0.0,0.3503,0.0
minutes,could,T1,cfnai,-9,198,0.169,0.0173,-0.0079,0.9121
minutes,could,T1,cfnai,-8,198,0.1321,0.0636,0.025,0.7262
minutes,could,T1,cfnai,-7,198,-0.0125,0.8609,-0.0656,0.3585
minutes,could,T1,cfnai,-6,198,-0.1516,0.033,-0.1079,0.1303
minutes,could,T1,cfnai,-5,198,-0.1032,0.148,-0.1113,0.1186
minutes,could,T1,cfnai,-4,198,0.0272,0.7033,-0.0467,0.5138
minutes,could,T1,cfnai,-3,198,0.0949,0.1834,-0.0506,0.4793
minutes,could,T1,cfnai,-2,198,0.0312,0.6622,-0.093,0.1924
minutes,could,T1,cfnai,-1,198,-0.0295,0.6804,-0.1628,0.0219
minutes,could,T1,cfnai,0,198,-0.1415,0.0467,-0.1171,0.1003
minutes,could,T1,cfnai,1,198,-0.0398,0.5779,-0.0824,0.2486
minutes,could,T1,cfnai,2,198,-0.0608,0.3946,-0.1605,0.0239
minutes,could,T1,cfnai,3,198,-0.149,0.0362,-0.1851,0.009
minutes,could,T1,cfnai,4,196,-0.1881,0.0083,-0.1616,0.0237
minutes,could,T1,cfnai,5,194,-0.2597,0.0003,-0.2616,0.0002
minutes,could,T1,cfnai,6,194,-0.2469,0.0005,-0.1889,0.0083
minutes,could,T1,cfnai,7,192,-0.1327,0.0664,-0.0313,0.6662
minutes,could,T1,cfnai,8,190,-0.0594,0.4154,-0.0422,0.563
minutes,could,T1,cfnai,9,190,0.2012,0.0054,0.0175,0.8107
minutes,could,T1,vix,-9,198,0.0306,0.6684,0.0605,0.3968
minutes,could,T1,vix,-8,198,0.0899,0.2078,0.0756,0.29
minutes,could,T1,vix,-7,198,0.0826,0.2471,0.0994,0.1636
minutes,could,T1,vix,-6,198,0.0996,0.1627,0.0845,0.2368
minutes,could,T1,vix,-5,198,0.1137,0.1107,0.1317,0.0644
minutes,could,T1,vix,-4,198,-0.0263,0.7127,0.0512,0.474
minutes,could,T1,vix,-3,198,-0.0303,0.6718,0.0134,0.8518
minutes,could,T1,vix,-2,198,0.0442,0.5366,0.0856,0.2307
minutes,could,T1,vix,-1,198,0.1288,0.0704,0.1415,0.0467
minutes,could,T1,vix,0,198,0.0785,0.2719,0.1723,0.0152
minutes,could,T1,vix,1,198,0.0294,0.681,0.0894,0.2106
minutes,could,T1,vix,2,198,0.1295,0.0689,0.0611,0.3924
minutes,could,T1,vix,3,198,0.1636,0.0213,0.1385,0.0516
minutes,could,T1,vix,4,196,0.1945,0.0063,0.165,0.0209
minutes,could,T1,vix,5,194,0.4139,0.0,0.2735,0.0001
minutes,could,T1,vix,6,194,0.2923,0.0,0.227,0.0015
minutes,could,T1,vix,7,192,0.234,0.0011,0.1848,0.0103
minutes,could,T1,vix,8,190,0.1997,0.0057,0.2211,0.0022
minutes,could,T1,vix,9,190,0.3193,0.0,0.2972,0.0
minutes,could,T2,cfnai,-9,182,0.1862,0.0119,0.0434,0.5606
minutes,could,T2,cfnai,-8,182,0.2142,0.0037,0.0675,0.3651
minutes,could,T2,cfnai,-7,182,0.1745,0.0184,-0.0152,0.8389
minutes,could,T2,cfnai,-6,182,-0.0825,0.268,-0.0449,0.5472
minutes,could,T2,cfnai,-5,182,-0.0869,0.2437,-0.0807,0.2787
minutes,could,T2,cfnai,-4,182,-0.0369,0.6205,-0.0424,0.5694
minutes,could,T2,cfnai,-3,182,-0.0251,0.7367,-0.0468,0.5307
minutes,could,T2,cfnai,-2,182,-0.1068,0.1513,-0.1166,0.117
minutes,could,T2,cfnai,-1,182,-0.126,0.0902,-0.1874,0.0113
minutes,could,T2,cfnai,0,182,-0.1194,0.1085,-0.1106,0.137
minutes,could,T2,cfnai,1,182,-0.0308,0.6798,-0.0938,0.2076
minutes,could,T2,cfnai,2,182,-0.126,0.0901,-0.1665,0.0246
minutes,could,T2,cfnai,3,182,-0.2132,0.0039,-0.2162,0.0034
minutes,could,T2,cfnai,4,180,-0.1806,0.0153,-0.2142,0.0039
minutes,could,T2,cfnai,5,178,-0.2788,0.0002,-0.3085,0.0
minutes,could,T2,cfnai,6,178,-0.4542,0.0,-0.314,0.0
minutes,could,T2,cfnai,7,176,-0.2292,0.0022,-0.1455,0.0541
minutes,could,T2,cfnai,8,174,-0.1255,0.0988,-0.1364,0.0727
minutes,could,T2,cfnai,9,174,0.1772,0.0193,-0.0868,0.2545
minutes,could,T2,vix,-9,182,0.0618,0.4073,0.0971,0.1924
minutes,could,T2,vix,-8,182,0.0194,0.7949,0.0359,0.6302
minutes,could,T2,vix,-7,182,0.0396,0.5952,0.078,0.295
minutes,could,T2,vix,-6,182,0.0775,0.2983,0.0704,0.345
minutes,could,T2,vix,-5,182,0.0866,0.2453,0.1279,0.0854
minutes,could,T2,vix,-4,182,0.0261,0.7268,0.0484,0.5166
minutes,could,T2,vix,-3,182,-0.057,0.4447,0.0057,0.9386
minutes,could,T2,vix,-2,182,0.0343,0.646,0.0823,0.2696
minutes,could,T2,vix,-1,182,0.1002,0.1783,0.1307,0.0787
minutes,could,T2,vix,0,182,0.079,0.2891,0.1682,0.0233
minutes,could,T2,vix,1,182,-0.0205,0.7831,0.0469,0.5292
minutes,could,T2,vix,2,182,-0.0351,0.6376,-0.0055,0.9411
minutes,could,T2,vix,3,182,0.1019,0.1711,0.0934,0.21
minutes,could,T2,vix,4,180,0.1467,0.0494,0.1208,0.1063
minutes,could,T2,vix,5,178,0.3921,0.0,0.2459,0.0009
minutes,could,T2,vix,6,178,0.2761,0.0002,0.1903,0.0109
minutes,could,T2,vix,7,176,0.2327,0.0019,0.1641,0.0295
minutes,could,T2,vix,8,174,0.1769,0.0195,0.1932,0.0106
minutes,could,T2,vix,9,174,0.2968,0.0001,0.2774,0.0002
minutes,may,T1,cfnai,-9,198,-0.0932,0.1916,0.0676,0.3441
minutes,may,T1,cfnai,-8,198,-0.0264,0.7119,-0.0,0.9998
minutes,may,T1,cfnai,-7,198,0.0627,0.3805,0.0095,0.8949
minutes,may,T1,cfnai,-6,198,0.1673,0.0185,0.1072,0.1327
minutes,may,T1,cfnai,-5,198,0.0931,0.1919,0.042,0.557
minutes,may,T1,cfnai,-4,198,0.0124,0.8624,-0.0037,0.9591
minutes,may,T1,cfnai,-3,198,0.0563,0.4309,-0.014,0.8448
minutes,may,T1,cfnai,-2,198,0.0192,0.7879,-0.0141,0.8442
minutes,may,T1,cfnai,-1,198,-0.015,0.8336,-0.0583,0.4142
minutes,may,T1,cfnai,0,198,-0.1157,0.1046,-0.1362,0.0556
minutes,may,T1,cfnai,1,198,-0.0756,0.2895,-0.2998,0.0
minutes,may,T1,cfnai,2,198,-0.0555,0.437,-0.2017,0.0044
minutes,may,T1,cfnai,3,198,-0.1166,0.102,-0.1007,0.1579
minutes,may,T1,cfnai,4,196,-0.1386,0.0526,-0.1683,0.0184
minutes,may,T1,cfnai,5,194,-0.1499,0.037,-0.1885,0.0085
minutes,may,T1,cfnai,6,194,0.0095,0.8959,-0.0765,0.2888
minutes,may,T1,cfnai,7,192,0.0691,0.3409,-0.0104,0.8865
minutes,may,T1,cfnai,8,190,0.0707,0.3321,-0.0076,0.9174
minutes,may,T1,cfnai,9,190,0.1574,0.0301,0.0006,0.9937
minutes,may,T1,vix,-9,198,-0.1128,0.1136,-0.1267,0.0752
minutes,may,T1,vix,-8,198,-0.1364,0.0554,-0.0808,0.2581
minutes,may,T1,vix,-7,198,-0.1609,0.0235,-0.1844,0.0093
minutes,may,T1,vix,-6,198,-0.2411,0.0006,-0.2487,0.0004
minutes,may,T1,vix,-5,198,-0.2269,0.0013,-0.2247,0.0015
minutes,may,T1,vix,-4,198,-0.19,0.0074,-0.1543,0.03
minutes,may,T1,vix,-3,198,-0.1402,0.0488,-0.1156,0.1049
minutes,may,T1,vix,-2,198,-0.2206,0.0018,-0.1895,0.0075
minutes,may,T1,vix,-1,198,-0.1695,0.017,-0.3187,0.0
minutes,may,T1,vix,0,198,-0.1503,0.0346,-0.2225,0.0016
minutes,may,T1,vix,1,198,-0.1434,0.0438,-0.2044,0.0039
minutes,may,T1,vix,2,198,0.0249,0.7278,-0.1291,0.0699
minutes,may,T1,vix,3,198,-0.0622,0.3843,-0.1386,0.0515
minutes,may,T1,vix,4,196,-0.0575,0.4233,-0.0694,0.3336
minutes,may,T1,vix,5,194,-0.0106,0.8829,-0.1157,0.1083
minutes,may,T1,vix,6,194,-0.1548,0.0311,-0.2423,0.0007
minutes,may,T1,vix,7,192,-0.1661,0.0213,-0.197,0.0062
minutes,may,T1,vix,8,190,-0.1066,0.1431,-0.1623,0.0252
minutes,may,T1,vix,9,190,-0.1124,0.1224,-0.0751,0.3029
minutes,may,T2,cfnai,-9,182,-0.1222,0.1004,-0.0116,0.8769
minutes,may,T2,cfnai,-8,182,-0.1691,0.0225,-0.0935,0.2095
minutes,may,T2,cfnai,-7,182,-0.1666,0.0246,-0.0769,0.3022
minutes,may,T2,cfnai,-6,182,0.0733,0.3251,0.0213,0.7756
minutes,may,T2,cfnai,-5,182,0.0826,0.2678,-0.0153,0.8371
minutes,may,T2,cfnai,-4,182,0.0475,0.5245,-0.0084,0.9109
minutes,may,T2,cfnai,-3,182,0.0084,0.9104,-0.0275,0.712
minutes,may,T2,cfnai,-2,182,0.1305,0.079,0.0697,0.3496
minutes,may,T2,cfnai,-1,182,0.0863,0.2466,0.0219,0.7694
minutes,may,T2,cfnai,0,182,-0.0198,0.7911,-0.049,0.5115
minutes,may,T2,cfnai,1,182,-0.2125,0.004,-0.233,0.0016
minutes,may,T2,cfnai,2,182,-0.1006,0.1767,-0.138,0.0632
minutes,may,T2,cfnai,3,182,0.003,0.9683,-0.0604,0.4179
minutes,may,T2,cfnai,4,180,0.001,0.9894,-0.0651,0.3856
minutes,may,T2,cfnai,5,178,-0.0411,0.5856,-0.104,0.1673
minutes,may,T2,cfnai,6,178,-0.0475,0.5287,-0.0002,0.9978
minutes,may,T2,cfnai,7,176,0.0358,0.6373,0.0437,0.5643
minutes,may,T2,cfnai,8,174,0.0816,0.2842,0.0814,0.2855
minutes,may,T2,cfnai,9,174,0.1701,0.0249,0.0731,0.338
minutes,may,T2,vix,-9,182,-0.0508,0.4959,-0.0982,0.1874
minutes,may,T2,vix,-8,182,-0.0838,0.2608,-0.096,0.1972
minutes,may,T2,vix,-7,182,-0.1003,0.1778,-0.1349,0.0695
minutes,may,T2,vix,-6,182,-0.1725,0.0199,-0.1933,0.0089
minutes,may,T2,vix,-5,182,-0.1645,0.0265,-0.1556,0.0359
minutes,may,T2,vix,-4,182,-0.1105,0.1376,-0.0773,0.2999
minutes,may,T2,vix,-3,182,-0.0527,0.4796,-0.028,0.7075
minutes,may,T2,vix,-2,182,-0.1484,0.0456,-0.1091,0.1428
minutes,may,T2,vix,-1,182,-0.1987,0.0072,-0.2634,0.0003
minutes,may,T2,vix,0,182,-0.0789,0.2898,-0.1382,0.0629
minutes,may,T2,vix,1,182,-0.0758,0.3094,-0.1434,0.0534
minutes,may,T2,vix,2,182,-0.0543,0.4666,-0.068,0.3617
minutes,may,T2,vix,3,182,-0.0884,0.2354,-0.0945,0.2046
minutes,may,T2,vix,4,180,-0.0569,0.448,-0.0197,0.7931
minutes,may,T2,vix,5,178,-0.0313,0.6781,-0.102,0.1754
minutes,may,T2,vix,6,178,-0.1715,0.0221,-0.2452,0.001
minutes,may,T2,vix,7,176,-0.1768,0.0189,-0.2012,0.0074
minutes,may,T2,vix,8,174,-0.1279,0.0926,-0.1655,0.029
minutes,may,T2,vix,9,174,-0.1576,0.0378,-0.0882,0.2471
minutes,should,T1,cfnai,-9,198,0.1683,0.0177,-0.0164,0.8183
minutes,should,T1,cfnai,-8,198,0.1833,0.0097,0.0794,0.2663
minutes,should,T1,cfnai,-7,198,0.0952,0.182,0.0373,0.6019
minutes,should,T1,cfnai,-6,198,-0.0202,0.7776,-0.0046,0.9489
minutes,should,T1,cfnai,-5,198,-0.0429,0.5481,-0.1133,0.1119
minutes,should,T1,cfnai,-4,198,0.0244,0.7333,-0.0469,0.5114
minutes,should,T1,cfnai,-3,198,0.0632,0.3766,0.0482,0.5004
minutes,should,T1,cfnai,-2,198,-0.0007,0.9917,-0.0444,0.5348
minutes,should,T1,cfnai,-1,198,-0.0121,0.8659,0.0337,0.637
minutes,should,T1,cfnai,0,198,-0.0671,0.3474,0.0475,0.5064
minutes,should,T1,cfnai,1,198,-0.0055,0.9384,0.0553,0.4389
minutes,should,T1,cfnai,2,198,0.0099,0.8895,0.0491,0.4921
minutes,should,T1,cfnai,3,198,0.0427,0.5502,0.0427,0.5498
minutes,should,T1,cfnai,4,196,0.0489,0.4962,0.1068,0.1364
minutes,should,T1,cfnai,5,194,0.0508,0.4822,0.121,0.0929
minutes,should,T1,cfnai,6,194,-0.0071,0.9214,0.129,0.0731
minutes,should,T1,cfnai,7,192,-0.082,0.2584,0.0604,0.4052
minutes,should,T1,cfnai,8,190,-0.0814,0.2639,-0.0032,0.9655
minutes,should,T1,cfnai,9,190,0.0139,0.8491,0.0541,0.4586
minutes,should,T1,vix,-9,198,-0.2183,0.002,-0.1145,0.1081
minutes,should,T1,vix,-8,198,-0.169,0.0173,-0.1175,0.0991
minutes,should,T1,vix,-7,198,-0.2007,0.0046,-0.1779,0.0122
minutes,should,T1,vix,-6,198,-0.1871,0.0083,-0.1185,0.0965
minutes,should,T1,vix,-5,198,-0.2411,0.0006,-0.1755,0.0134
minutes,should,T1,vix,-4,198,-0.2356,0.0008,-0.213,0.0026
minutes,should,T1,vix,-3,198,-0.2491,0.0004,-0.248,0.0004
minutes,should,T1,vix,-2,198,-0.2617,0.0002,-0.2176,0.0021
minutes,should,T1,vix,-1,198,-0.1619,0.0227,-0.1944,0.0061
minutes,should,T1,vix,0,198,-0.2025,0.0042,-0.1731,0.0147
minutes,should,T1,vix,1,198,-0.2355,0.0008,-0.2286,0.0012
minutes,should,T1,vix,2,198,-0.1487,0.0365,-0.2157,0.0023
minutes,should,T1,vix,3,198,-0.2007,0.0046,-0.2063,0.0035
minutes,should,T1,vix,4,196,-0.2301,0.0012,-0.2162,0.0023
minutes,should,T1,vix,5,194,-0.0288,0.6898,-0.0787,0.2752
minutes,should,T1,vix,6,194,0.0335,0.6431,0.025,0.7291
minutes,should,T1,vix,7,192,-0.0075,0.9178,-0.0131,0.8572
minutes,should,T1,vix,8,190,-0.0409,0.5752,-0.0526,0.4713
minutes,should,T1,vix,9,190,-0.086,0.2381,-0.1198,0.0998
minutes,should,T2,cfnai,-9,182,0.1491,0.0446,-0.0771,0.3007
minutes,should,T2,cfnai,-8,182,0.129,0.0826,0.0506,0.4973
minutes,should,T2,cfnai,-7,182,0.0736,0.3234,0.0112,0.8808
minutes,should,T2,cfnai,-6,182,-0.1043,0.161,-0.0494,0.5075
minutes,should,T2,cfnai,-5,182,-0.1427,0.0546,-0.1183,0.1118
minutes,should,T2,cfnai,-4,182,-0.0432,0.5626,-0.0582,0.4348
minutes,should,T2,cfnai,-3,182,0.0501,0.5019,0.0372,0.618
minutes,should,T2,cfnai,-2,182,0.0146,0.8446,0.0017,0.9818
minutes,should,T2,cfnai,-1,182,0.0449,0.5472,0.0962,0.1964
minutes,should,T2,cfnai,0,182,0.0963,0.1957,0.1105,0.1377
minutes,should,T2,cfnai,1,182,0.1923,0.0093,0.1383,0.0627
minutes,should,T2,cfnai,2,182,0.0677,0.3639,0.1012,0.1742
minutes,should,T2,cfnai,3,182,0.1156,0.1202,0.0911,0.2214
minutes,should,T2,cfnai,4,180,0.1249,0.0949,0.1841,0.0134
minutes,should,T2,cfnai,5,178,0.1286,0.0871,0.1827,0.0146
minutes,should,T2,cfnai,6,178,0.0017,0.9822,0.1918,0.0103
minutes,should,T2,cfnai,7,176,-0.081,0.2855,0.1077,0.1546
minutes,should,T2,cfnai,8,174,-0.0683,0.3707,0.0332,0.6632
minutes,should,T2,cfnai,9,174,0.0234,0.7594,0.0935,0.2196
minutes,should,T2,vix,-9,182,-0.1847,0.0126,-0.0993,0.1823
minutes,should,T2,vix,-8,182,-0.215,0.0036,-0.1498,0.0435
minutes,should,T2,vix,-7,182,-0.2088,0.0047,-0.1599,0.0311
minutes,should,T2,vix,-6,182,-0.142,0.0558,-0.0888,0.233
minutes,should,T2,vix,-5,182,-0.2125,0.004,-0.1383,0.0627
minutes,should,T2,vix,-4,182,-0.2628,0.0003,-0.1859,0.012
minutes,should,T2,vix,-3,182,-0.2573,0.0005,-0.2186,0.003
minutes,should,T2,vix,-2,182,-0.2509,0.0006,-0.1965,0.0079
minutes,should,T2,vix,-1,182,-0.2598,0.0004,-0.1822,0.0138
minutes,should,T2,vix,0,182,-0.2368,0.0013,-0.1458,0.0496
minutes,should,T2,vix,1,182,-0.2226,0.0025,-0.2135,0.0038
minutes,should,T2,vix,2,182,-0.214,0.0037,-0.222,0.0026
minutes,should,T2,vix,3,182,-0.2105,0.0043,-0.2055,0.0054
minutes,should,T2,vix,4,180,-0.2316,0.0018,-0.2223,0.0027
minutes,should,T2,vix,5,178,-0.0218,0.7732,-0.0647,0.391
minutes,should,T2,vix,6,178,0.0406,0.5901,0.034,0.652
minutes,should,T2,vix,7,176,0.0068,0.9283,-0.0097,0.8984
minutes,should,T2,vix,8,174,-0.0348,0.6486,-0.0559,0.4636
minutes,should,T2,vix,9,174,-0.0963,0.2061,-0.1349,0.0759
minutes,will,T1,cfnai,-9,198,-0.0021,0.9766,-0.1008,0.1578
minutes,will,T1,cfnai,-8,198,-0.0204,0.775,-0.1699,0.0167
minutes,will,T1,cfnai,-7,198,-0.0384,0.5913,-0.1186,0.096
minutes,will,T1,cfnai,-6,198,-0.0901,0.2066,-0.1177,0.0987
minutes,will,T1,cfnai,-5,198,-0.1376,0.0532,-0.0739,0.3011
minutes,will,T1,cfnai,-4,198,-0.1,0.1608,-0.0306,0.6689
minutes,will,T1,cfnai,-3,198,-0.034,0.6341,-0.0416,0.5608
minutes,will,T1,cfnai,-2,198,0.0461,0.5188,0.0234,0.7437
minutes,will,T1,cfnai,-1,198,0.046,0.5198,0.1005,0.1588
minutes,will,T1,cfnai,0,198,-0.0287,0.6886,0.0782,0.2737
minutes,will,T1,cfnai,1,198,-0.0181,0.7998,0.089,0.2125
minutes,will,T1,cfnai,2,198,0.0153,0.8303,0.0974,0.1722
minutes,will,T1,cfnai,3,198,0.1044,0.1432,0.1138,0.1105
minutes,will,T1,cfnai,4,196,0.0864,0.2288,0.1839,0.0099
minutes,will,T1,cfnai,5,194,0.0659,0.3612,0.1875,0.0088
minutes,will,T1,cfnai,6,194,0.045,0.5337,0.1709,0.0172
minutes,will,T1,cfnai,7,192,0.066,0.3633,0.074,0.3075
minutes,will,T1,cfnai,8,190,0.0847,0.2452,0.0772,0.2899
minutes,will,T1,cfnai,9,190,0.0157,0.8295,0.1591,0.0283
minutes,will,T1,vix,-9,198,-0.2177,0.0021,-0.2574,0.0003
minutes,will,T1,vix,-8,198,-0.1836,0.0096,-0.2471,0.0004
minutes,will,T1,vix,-7,198,-0.2112,0.0028,-0.2697,0.0001
minutes,will,T1,vix,-6,198,-0.1399,0.0493,-0.2604,0.0002
minutes,will,T1,vix,-5,198,-0.2003,0.0047,-0.2985,0.0
minutes,will,T1,vix,-4,198,-0.2108,0.0029,-0.3065,0.0
minutes,will,T1,vix,-3,198,-0.1823,0.0101,-0.2997,0.0
minutes,will,T1,vix,-2,198,-0.2061,0.0036,-0.2545,0.0003
minutes,will,T1,vix,-1,198,-0.1721,0.0154,-0.3041,0.0
minutes,will,T1,vix,0,198,-0.1452,0.0412,-0.288,0.0
minutes,will,T1,vix,1,198,-0.1627,0.022,-0.2756,0.0001
minutes,will,T1,vix,2,198,-0.1799,0.0112,-0.2323,0.001
minutes,will,T1,vix,3,198,-0.1553,0.0289,-0.1828,0.0099
minutes,will,T1,vix,4,196,-0.1661,0.0199,-0.2557,0.0003
minutes,will,T1,vix,5,194,-0.1633,0.0229,-0.2162,0.0025
minutes,will,T1,vix,6,194,-0.141,0.0499,-0.1802,0.0119
minutes,will,T1,vix,7,192,-0.1783,0.0134,-0.1716,0.0173
minutes,will,T1,vix,8,190,-0.1369,0.0596,-0.1758,0.0153
minutes,will,T1,vix,9,190,-0.1814,0.0122,-0.2036,0.0048
minutes,will,T2,cfnai,-9,182,-0.0046,0.9508,-0.0968,0.1938
minutes,will,T2,cfnai,-8,182,-0.0542,0.4672,-0.1766,0.0171
minutes,will,T2,cfnai,-7,182,-0.0844,0.2571,-0.1006,0.1765
minutes,will,T2,cfnai,-6,182,-0.0883,0.2358,-0.0641,0.3901
minutes,will,T2,cfnai,-5,182,-0.0249,0.7384,-0.0029,0.9685
minutes,will,T2,cfnai,-4,182,-0.02,0.7887,0.0218,0.7701
minutes,will,T2,cfnai,-3,182,-0.0099,0.894,-0.0059,0.9371
minutes,will,T2,cfnai,-2,182,0.0392,0.5994,0.0148,0.8424
minutes,will,T2,cfnai,-1,182,0.0766,0.3042,0.1223,0.1002
minutes,will,T2,cfnai,0,182,0.1077,0.1479,0.1089,0.1433
minutes,will,T2,cfnai,1,182,0.0934,0.2099,0.0872,0.242
minutes,will,T2,cfnai,2,182,0.0956,0.1994,0.0837,0.2612
minutes,will,T2,cfnai,3,182,0.0909,0.2225,0.0734,0.3247
minutes,will,T2,cfnai,4,180,0.0184,0.8065,0.1115,0.1364
minutes,will,T2,cfnai,5,178,0.03,0.6908,0.1446,0.0541
minutes,will,T2,cfnai,6,178,0.0592,0.4326,0.1263,0.0928
minutes,will,T2,cfnai,7,176,0.0779,0.3039,0.0266,0.7264
minutes,will,T2,cfnai,8,174,0.0762,0.3175,0.0348,0.6485
minutes,will,T2,cfnai,9,174,0.0095,0.9012,0.1296,0.0884
minutes,will,T2,vix,-9,182,-0.2333,0.0015,-0.2393,0.0011
minutes,will,T2,vix,-8,182,-0.252,0.0006,-0.2471,0.0008
minutes,will,T2,vix,-7,182,-0.2601,0.0004,-0.2896,0.0001
minutes,will,T2,vix,-6,182,-0.3027,0.0,-0.3064,0.0
minutes,will,T2,vix,-5,182,-0.2984,0.0,-0.3242,0.0
minutes,will,T2,vix,-4,182,-0.3401,0.0,-0.3525,0.0
minutes,will,T2,vix,-3,182,-0.3341,0.0,-0.3569,0.0
minutes,will,T2,vix,-2,182,-0.3091,0.0,-0.3469,0.0
minutes,will,T2,vix,-1,182,-0.3507,0.0,-0.4278,0.0
minutes,will,T2,vix,0,182,-0.3497,0.0,-0.4289,0.0
minutes,will,T2,vix,1,182,-0.289,0.0001,-0.3942,0.0
minutes,will,T2,vix,2,182,-0.2923,0.0001,-0.3392,0.0
minutes,will,T2,vix,3,182,-0.1897,0.0103,-0.2702,0.0002
minutes,will,T2,vix,4,180,-0.2131,0.0041,-0.3571,0.0
minutes,will,T2,vix,5,178,-0.1891,0.0115,-0.2963,0.0001
minutes,will,T2,vix,6,178,-0.1704,0.023,-0.2629,0.0004
minutes,will,T2,vix,7,176,-0.2049,0.0064,-0.2274,0.0024
minutes,will,T2,vix,8,174,-0.1478,0.0516,-0.2293,0.0023
minutes,will,T2,vix,9,174,-0.1834,0.0154,-0.2417,0.0013
minutes,would,T1,cfnai,-9,198,0.1548,0.0294,0.2357,0.0008
minutes,would,T1,cfnai,-8,198,0.0819,0.2513,0.2464,0.0005
minutes,would,T1,cfnai,-7,198,0.0688,0.3355,0.2765,0.0001
minutes,would,T1,cfnai,-6,198,-0.0208,0.7713,0.2141,0.0025
minutes,would,T1,cfnai,-5,198,-0.0932,0.1917,0.1498,0.0351
minutes,would,T1,cfnai,-4,198,-0.0734,0.3042,0.1337,0.0603
minutes,would,T1,cfnai,-3,198,-0.1159,0.1041,0.1717,0.0156
minutes,would,T1,cfnai,-2,198,-0.0691,0.3336,0.111,0.1194
minutes,would,T1,cfnai,-1,198,-0.0642,0.3689,0.0411,0.5649
minutes,would,T1,cfnai,0,198,-0.0012,0.9871,0.0649,0.364
minutes,would,T1,cfnai,1,198,-0.0025,0.972,0.2119,0.0027
minutes,would,T1,cfnai,2,198,0.0044,0.9506,0.2218,0.0017
minutes,would,T1,cfnai,3,198,0.16,0.0244,0.2072,0.0034
minutes,would,T1,cfnai,4,196,0.2947,0.0,0.2912,0.0
minutes,would,T1,cfnai,5,194,0.3136,0.0,0.2659,0.0002
minutes,would,T1,cfnai,6,194,0.0916,0.2039,0.2365,0.0009
minutes,would,T1,cfnai,7,192,-0.0528,0.4672,0.0603,0.4058
minutes,would,T1,cfnai,8,190,-0.0123,0.8666,0.0995,0.1719
minutes,would,T1,cfnai,9,190,0.0447,0.5405,0.1113,0.1265
minutes,would,T1,vix,-9,198,-0.0479,0.5029,-0.0513,0.4728
minutes,would,T1,vix,-8,198,-0.0049,0.9454,-0.0544,0.4467
minutes,would,T1,vix,-7,198,0.015,0.8342,0.0193,0.7868
minutes,would,T1,vix,-6,198,0.1774,0.0124,0.1179,0.0982
minutes,would,T1,vix,-5,198,0.1483,0.037,0.0991,0.1649
minutes,would,T1,vix,-4,198,0.1656,0.0197,0.0276,0.6992
minutes,would,T1,vix,-3,198,0.1788,0.0117,-0.0048,0.946
minutes,would,T1,vix,-2,198,0.1806,0.0109,0.0928,0.1933
minutes,would,T1,vix,-1,198,0.1477,0.0379,0.1147,0.1077
minutes,would,T1,vix,0,198,0.2337,0.0009,0.1464,0.0396
minutes,would,T1,vix,1,198,0.1313,0.0651,0.064,0.3704
minutes,would,T1,vix,2,198,0.0833,0.2434,0.0789,0.2691
minutes,would,T1,vix,3,198,0.0271,0.7046,0.0726,0.3097
minutes,would,T1,vix,4,196,0.041,0.5684,0.0691,0.3356
minutes,would,T1,vix,5,194,0.0435,0.5475,0.0969,0.1789
minutes,would,T1,vix,6,194,0.0773,0.2839,0.114,0.1134
minutes,would,T1,vix,7,192,0.1298,0.0728,0.1649,0.0222
minutes,would,T1,vix,8,190,0.0549,0.452,0.1255,0.0845
minutes,would,T1,vix,9,190,-0.0468,0.5217,-0.0149,0.8384
minutes,would,T2,cfnai,-9,182,0.181,0.0145,0.3414,0.0
minutes,would,T2,cfnai,-8,182,0.1582,0.033,0.3379,0.0
minutes,would,T2,cfnai,-7,182,0.2312,0.0017,0.3928,0.0
minutes,would,T2,cfnai,-6,182,0.0589,0.4299,0.3475,0.0
minutes,would,T2,cfnai,-5,182,0.0523,0.4828,0.2701,0.0002
minutes,would,T2,cfnai,-4,182,0.1594,0.0316,0.2608,0.0004
minutes,would,T2,cfnai,-3,182,0.2207,0.0027,0.3008,0.0
minutes,would,T2,cfnai,-2,182,0.1358,0.0675,0.1482,0.0458
minutes,would,T2,cfnai,-1,182,0.0717,0.3364,0.0883,0.2359
minutes,would,T2,cfnai,0,182,0.1011,0.1746,0.0852,0.2529
minutes,would,T2,cfnai,1,182,0.2165,0.0033,0.1973,0.0076
minutes,would,T2,cfnai,2,182,0.1729,0.0196,0.2042,0.0057
minutes,would,T2,cfnai,3,182,0.1925,0.0092,0.145,0.0508
minutes,would,T2,cfnai,4,180,0.1921,0.0098,0.1781,0.0168
minutes,would,T2,cfnai,5,178,0.2182,0.0034,0.1728,0.0211
minutes,would,T2,cfnai,6,178,0.0889,0.2382,0.1575,0.0358
minutes,would,T2,cfnai,7,176,-0.0644,0.3959,-0.0121,0.8735
minutes,would,T2,cfnai,8,174,-0.0525,0.4913,0.0301,0.6938
minutes,would,T2,cfnai,9,174,0.019,0.8037,0.0336,0.6597
minutes,would,T2,vix,-9,182,-0.0535,0.4733,-0.0316,0.6717
minutes,would,T2,vix,-8,182,0.0157,0.8332,-0.0103,0.8906
minutes,would,T2,vix,-7,182,0.0166,0.8239,0.0264,0.7239
minutes,would,T2,vix,-6,182,0.1376,0.064,0.119,0.1096
minutes,would,T2,vix,-5,182,0.1184,0.1113,0.1024,0.1691
minutes,would,T2,vix,-4,182,0.0723,0.3318,-0.0151,0.84
minutes,would,T2,vix,-3,182,0.0453,0.5433,-0.0763,0.306
minutes,would,T2,vix,-2,182,0.0776,0.2981,0.0025,0.9734
minutes,would,T2,vix,-1,182,0.0269,0.7188,0.0022,0.9763
minutes,would,T2,vix,0,182,0.045,0.5461,0.0131,0.861
minutes,would,T2,vix,1,182,-0.046,0.5379,-0.0571,0.4435
minutes,would,T2,vix,2,182,0.0556,0.4558,-0.0297,0.6907
minutes,would,T2,vix,3,182,-0.0442,0.554,-0.0295,0.693
minutes,would,T2,vix,4,180,-0.0446,0.5524,-0.0248,0.7408
minutes,would,T2,vix,5,178,0.0029,0.9693,0.0211,0.7803
minutes,would,T2,vix,6,178,0.0233,0.758,0.0316,0.6754
minutes,would,T2,vix,7,176,0.0684,0.3669,0.1006,0.1839
minutes,would,T2,vix,8,174,0.0234,0.7588,0.0584,0.4439
minutes,would,T2,vix,9,174,-0.0509,0.5046,-0.0504,0.5089
press_conf,ALL,T1,cfnai,-9,80,0.1573,0.1635,0.2294,0.0407
press_conf,ALL,T1,cfnai,-8,80,0.1122,0.3217,0.3007,0.0067
press_conf,ALL,T1,cfnai,-7,80,0.0701,0.5368,0.1979,0.0785
press_conf,ALL,T1,cfnai,-6,80,0.0046,0.9678,0.1301,0.2502
press_conf,ALL,T1,cfnai,-5,80,-0.0855,0.4506,0.2334,0.0372
press_conf,ALL,T1,cfnai,-4,80,-0.0879,0.438,0.2434,0.0296
press_conf,ALL,T1,cfnai,-3,80,0.0236,0.8352,0.2456,0.0281
press_conf,ALL,T1,cfnai,-2,80,0.1478,0.1909,0.2331,0.0374
press_conf,ALL,T1,cfnai,-1,80,0.1204,0.2875,0.168,0.1363
press_conf,ALL,T1,cfnai,0,80,-0.205,0.0681,0.1177,0.2985
press_conf,ALL,T1,cfnai,1,80,-0.244,0.0292,0.18,0.1101
press_conf,ALL,T1,cfnai,2,80,-0.2141,0.0566,0.1607,0.1544
press_conf,ALL,T1,cfnai,3,80,0.0972,0.3912,0.2617,0.019
press_conf,ALL,T1,cfnai,4,79,0.2842,0.0111,0.2566,0.0224
press_conf,ALL,T1,cfnai,5,78,0.3038,0.0068,0.213,0.0611
press_conf,ALL,T1,cfnai,6,78,0.2393,0.0349,0.2263,0.0464
press_conf,ALL,T1,cfnai,7,77,0.165,0.1515,0.1972,0.0856
press_conf,ALL,T1,cfnai,8,76,0.2077,0.0718,0.215,0.0622
press_conf,ALL,T1,cfnai,9,76,0.1745,0.1317,0.2496,0.0297
press_conf,ALL,T1,vix,-9,80,0.19,0.0914,0.1723,0.1264
press_conf,ALL,T1,vix,-8,80,0.1512,0.1807,0.2105,0.0609
press_conf,ALL,T1,vix,-7,80,0.1912,0.0894,0.2332,0.0374
press_conf,ALL,T1,vix,-6,80,0.2812,0.0115,0.2484,0.0263
press_conf,ALL,T1,vix,-5,80,0.2488,0.026,0.2421,0.0305
press_conf,ALL,T1,vix,-4,80,0.1336,0.2374,0.181,0.1081
press_conf,ALL,T1,vix,-3,80,0.1271,0.2611,0.1554,0.1687
press_conf,ALL,T1,vix,-2,80,0.1794,0.1113,0.2161,0.0542
press_conf,ALL,T1,vix,-1,80,0.3709,0.0007,0.3314,0.0027
press_conf,ALL,T1,vix,0,80,0.4343,0.0001,0.3618,0.001
press_conf,ALL,T1,vix,1,80,0.3886,0.0004,0.2884,0.0095
press_conf,ALL,T1,vix,2,80,0.2831,0.0109,0.2176,0.0525
press_conf,ALL,T1,vix,3,80,0.175,0.1206,0.2326,0.0379
press_conf,ALL,T1,vix,4,79,0.2075,0.0665,0.204,0.0714
press_conf,ALL,T1,vix,5,78,0.2333,0.0398,0.3724,0.0008
press_conf,ALL,T1,vix,6,78,0.184,0.1068,0.2848,0.0115
press_conf,ALL,T1,vix,7,77,0.2639,0.0204,0.2616,0.0216
press_conf,ALL,T1,vix,8,76,0.1194,0.3044,0.2026,0.0792
press_conf,ALL,T1,vix,9,76,0.0518,0.657,0.18,0.1198
press_conf,ALL,T2,cfnai,-9,71,0.2303,0.0533,0.3864,0.0009
press_conf,ALL,T2,cfnai,-8,71,0.3279,0.0052,0.4088,0.0004
press_conf,ALL,T2,cfnai,-7,71,0.3324,0.0046,0.3086,0.0088
press_conf,ALL,T2,cfnai,-6,71,0.1709,0.1542,0.314,0.0077
press_conf,ALL,T2,cfnai,-5,71,0.1741,0.1464,0.3607,0.002
press_conf,ALL,T2,cfnai,-4,71,0.3044,0.0099,0.4253,0.0002
press_conf,ALL,T2,cfnai,-3,71,0.4083,0.0004,0.4026,0.0005
press_conf,ALL,T2,cfnai,-2,71,0.3486,0.0029,0.2701,0.0227
press_conf,ALL,T2,cfnai,-1,71,0.388,0.0008,0.2291,0.0546
press_conf,ALL,T2,cfnai,0,71,0.2929,0.0132,0.208,0.0818
press_conf,ALL,T2,cfnai,1,71,0.4183,0.0003,0.2594,0.029
press_conf,ALL,T2,cfnai,2,71,0.3599,0.002,0.2857,0.0157
press_conf,ALL,T2,cfnai,3,71,0.3112,0.0082,0.2753,0.0202
press_conf,ALL,T2,cfnai,4,70,0.1326,0.274,0.1763,0.1444
press_conf,ALL,T2,cfnai,5,69,0.1582,0.1942,0.1452,0.2339
press_conf,ALL,T2,cfnai,6,69,0.145,0.2344,0.0991,0.4179
press_conf,ALL,T2,cfnai,7,68,0.0987,0.4233,0.0528,0.6692
press_conf,ALL,T2,cfnai,8,67,0.1233,0.3202,0.0973,0.4336
press_conf,ALL,T2,cfnai,9,67,0.128,0.3021,0.1552,0.2098
press_conf,ALL,T2,vix,-9,71,0.2769,0.0194,0.2629,0.0268
press_conf,ALL,T2,vix,-8,71,0.3022,0.0104,0.2725,0.0215
press_conf,ALL,T2,vix,-7,71,0.263,0.0267,0.2482,0.0369
press_conf,ALL,T2,vix,-6,71,0.2303,0.0533,0.264,0.0261
press_conf,ALL,T2,vix,-5,71,0.256,0.0312,0.2836,0.0165
press_conf,ALL,T2,vix,-4,71,0.2697,0.0229,0.2482,0.0369
press_conf,ALL,T2,vix,-3,71,0.1686,0.1599,0.1897,0.1131
press_conf,ALL,T2,vix,-2,71,0.2025,0.0904,0.2348,0.0487
press_conf,ALL,T2,vix,-1,71,0.2706,0.0225,0.3002,0.011
press_conf,ALL,T2,vix,0,71,0.2505,0.0351,0.3084,0.0089
press_conf,ALL,T2,vix,1,71,0.1495,0.2134,0.1811,0.1307
press_conf,ALL,T2,vix,2,71,0.1326,0.2704,0.0921,0.4452
press_conf,ALL,T2,vix,3,71,0.0419,0.7288,0.1492,0.2144
press_conf,ALL,T2,vix,4,70,0.0972,0.4236,0.1333,0.2713
press_conf,ALL,T2,vix,5,69,0.1619,0.1839,0.308,0.01
press_conf,ALL,T2,vix,6,69,0.0876,0.474,0.2188,0.0709
press_conf,ALL,T2,vix,7,68,0.1839,0.1332,0.2062,0.0915
press_conf,ALL,T2,vix,8,67,0.0634,0.6105,0.1307,0.2918
press_conf,ALL,T2,vix,9,67,0.0088,0.9439,0.1132,0.3617
press_conf,can,T1,cfnai,-9,160,-0.1538,0.0522,-0.1959,0.013
press_conf,can,T1,cfnai,-8,160,-0.1147,0.1487,-0.1121,0.1581
press_conf,can,T1,cfnai,-7,160,-0.113,0.1548,-0.1475,0.0627
press_conf,can,T1,cfnai,-6,160,-0.0129,0.8713,-0.1022,0.1984
press_conf,can,T1,cfnai,-5,160,-0.047,0.5553,-0.1449,0.0676
press_conf,can,T1,cfnai,-4,160,-0.0651,0.4136,-0.1584,0.0454
press_conf,can,T1,cfnai,-3,160,-0.2359,0.0027,-0.0721,0.365
press_conf,can,T1,cfnai,-2,160,-0.1966,0.0127,0.0875,0.2713
press_conf,can,T1,cfnai,-1,160,-0.1999,0.0113,-0.0051,0.9494
press_conf,can,T1,cfnai,0,160,-0.163,0.0395,-0.014,0.861
press_conf,can,T1,cfnai,1,160,-0.1103,0.165,0.0116,0.8844
press_conf,can,T1,cfnai,2,160,-0.0751,0.3454,0.0178,0.823
press_conf,can,T1,cfnai,3,160,0.1999,0.0113,0.1334,0.0927
press_conf,can,T1,cfnai,4,158,0.2355,0.0029,0.2368,0.0027
press_conf,can,T1,cfnai,5,156,0.211,0.0082,0.1916,0.0166
press_conf,can,T1,cfnai,6,156,0.1077,0.1809,0.0729,0.3661
press_conf,can,T1,cfnai,7,154,-0.0689,0.3955,-0.0562,0.4885
press_conf,can,T1,cfnai,8,152,-0.0568,0.4868,0.0397,0.6271
press_conf,can,T1,cfnai,9,152,0.0485,0.5533,0.0659,0.42
press_conf,can,T1,vix,-9,160,0.0981,0.217,0.0781,0.3263
press_conf,can,T1,vix,-8,160,0.1456,0.0662,0.1717,0.0299
press_conf,can,T1,vix,-7,160,0.1167,0.1415,0.1407,0.076
press_conf,can,T1,vix,-6,160,0.1058,0.183,0.145,0.0673
press_conf,can,T1,vix,-5,160,0.1692,0.0324,0.2319,0.0032
press_conf,can,T1,vix,-4,160,0.3182,0.0,0.276,0.0004
press_conf,can,T1,vix,-3,160,0.3448,0.0,0.2933,0.0002
press_conf,can,T1,vix,-2,160,0.3777,0.0,0.3565,0.0
press_conf,can,T1,vix,-1,160,0.4972,0.0,0.4077,0.0
press_conf,can,T1,vix,0,160,0.4323,0.0,0.428,0.0
press_conf,can,T1,vix,1,160,0.4423,0.0,0.4248,0.0
press_conf,can,T1,vix,2,160,0.3119,0.0001,0.3838,0.0
press_conf,can,T1,vix,3,160,0.2751,0.0004,0.2964,0.0001
press_conf,can,T1,vix,4,158,0.3628,0.0,0.3639,0.0
press_conf,can,T1,vix,5,156,0.3099,0.0001,0.4462,0.0
press_conf,can,T1,vix,6,156,0.4195,0.0,0.4366,0.0
press_conf,can,T1,vix,7,154,0.4896,0.0,0.45,0.0
press_conf,can,T1,vix,8,152,0.2101,0.0094,0.3305,0.0
press_conf,can,T1,vix,9,152,0.0674,0.4092,0.2787,0.0005
press_conf,can,T2,cfnai,-9,142,-0.1525,0.0701,-0.0791,0.3492
press_conf,can,T2,cfnai,-8,142,-0.0759,0.3695,0.0106,0.9004
press_conf,can,T2,cfnai,-7,142,-0.0116,0.8913,-0.0074,0.9301
press_conf,can,T2,cfnai,-6,142,0.2239,0.0074,0.0845,0.3172
press_conf,can,T2,cfnai,-5,142,0.1763,0.0359,-0.0068,0.9356
press_conf,can,T2,cfnai,-4,142,0.0839,0.321,-0.0538,0.5247
press_conf,can,T2,cfnai,-3,142,0.1213,0.1504,0.0387,0.6471
press_conf,can,T2,cfnai,-2,142,0.1645,0.0505,0.1369,0.1043
press_conf,can,T2,cfnai,-1,142,0.1432,0.089,0.0607,0.4732
press_conf,can,T2,cfnai,0,142,0.0823,0.3299,0.0008,0.9924
press_conf,can,T2,cfnai,1,142,-0.0397,0.6394,-0.0515,0.543
press_conf,can,T2,cfnai,2,142,0.0004,0.9959,-0.0317,0.7077
press_conf,can,T2,cfnai,3,142,0.0018,0.9827,0.0307,0.717
press_conf,can,T2,cfnai,4,140,0.0043,0.96,0.0254,0.7657
press_conf,can,T2,cfnai,5,138,-0.0003,0.9968,-0.0052,0.9515
press_conf,can,T2,cfnai,6,138,-0.0238,0.7816,-0.1753,0.0397
press_conf,can,T2,cfnai,7,136,-0.1688,0.0495,-0.281,0.0009
press_conf,can,T2,cfnai,8,134,-0.1951,0.0238,-0.1746,0.0436
press_conf,can,T2,cfnai,9,134,-0.031,0.7219,-0.1593,0.0659
press_conf,can,T2,vix,-9,142,0.2066,0.0136,0.1635,0.0519
press_conf,can,T2,vix,-8,142,0.2285,0.0062,0.2541,0.0023
press_conf,can,T2,vix,-7,142,0.1731,0.0394,0.1764,0.0358
press_conf,can,T2,vix,-6,142,0.1016,0.2291,0.1502,0.0744
press_conf,can,T2,vix,-5,142,0.2073,0.0133,0.2636,0.0015
press_conf,can,T2,vix,-4,142,0.2206,0.0083,0.2744,0.001
press_conf,can,T2,vix,-3,142,0.2255,0.007,0.2699,0.0012
press_conf,can,T2,vix,-2,142,0.2753,0.0009,0.2946,0.0004
press_conf,can,T2,vix,-1,142,0.251,0.0026,0.2886,0.0005
press_conf,can,T2,vix,0,142,0.2765,0.0009,0.285,0.0006
press_conf,can,T2,vix,1,142,0.303,0.0002,0.2995,0.0003
press_conf,can,T2,vix,2,142,0.2308,0.0057,0.263,0.0016
press_conf,can,T2,vix,3,142,0.1561,0.0637,0.1697,0.0435
press_conf,can,T2,vix,4,140,0.2692,0.0013,0.2653,0.0015
press_conf,can,T2,vix,5,138,0.2536,0.0027,0.4017,0.0
press_conf,can,T2,vix,6,138,0.365,0.0,0.3668,0.0
press_conf,can,T2,vix,7,136,0.4537,0.0,0.4111,0.0
press_conf,can,T2,vix,8,134,0.1741,0.0442,0.2835,0.0009
press_conf,can,T2,vix,9,134,0.049,0.5743,0.2684,0.0017
press_conf,could,T1,cfnai,-9,160,0.007,0.9301,-0.0234,0.7693
press_conf,could,T1,cfnai,-8,160,0.045,0.5718,-0.0242,0.7617
press_conf,could,T1,cfnai,-7,160,0.0129,0.871,-0.1087,0.1711
press_conf,could,T1,cfnai,-6,160,-0.101,0.2039,-0.0806,0.3107
press_conf,could,T1,cfnai,-5,160,-0.1091,0.1696,-0.0427,0.5922
press_conf,could,T1,cfnai,-4,160,-0.055,0.49,0.0202,0.8002
press_conf,could,T1,cfnai,-3,160,-0.0225,0.778,0.0226,0.7771
press_conf,could,T1,cfnai,-2,160,-0.0828,0.2981,0.0654,0.4116
press_conf,could,T1,cfnai,-1,160,-0.1302,0.1008,0.0118,0.8821
press_conf,could,T1,cfnai,0,160,0.0376,0.637,0.0146,0.8543
press_conf,could,T1,cfnai,1,160,0.2988,0.0001,0.1836,0.0202
press_conf,could,T1,cfnai,2,160,0.3354,0.0,0.2006,0.011
press_conf,could,T1,cfnai,3,160,0.1429,0.0714,0.1858,0.0186
press_conf,could,T1,cfnai,4,158,-0.0579,0.47,-0.0611,0.4456
press_conf,could,T1,cfnai,5,156,-0.0824,0.3067,-0.092,0.2535
press_conf,could,T1,cfnai,6,156,-0.1154,0.1515,-0.0118,0.8842
press_conf,could,T1,cfnai,7,154,-0.0862,0.2877,-0.0212,0.7945
press_conf,could,T1,cfnai,8,152,-0.0299,0.7146,0.0432,0.5972
press_conf,could,T1,cfnai,9,152,0.1081,0.185,0.044,0.5902
press_conf,could,T1,vix,-9,160,-0.1235,0.1197,-0.1389,0.0799
press_conf,could,T1,vix,-8,160,-0.1173,0.1397,-0.1485,0.061
press_conf,could,T1,vix,-7,160,-0.2046,0.0095,-0.2278,0.0038
press_conf,could,T1,vix,-6,160,-0.0631,0.4278,-0.1326,0.0947
press_conf,could,T1,vix,-5,160,-0.1094,0.1686,-0.1327,0.0943
press_conf,could,T1,vix,-4,160,-0.1705,0.0311,-0.2187,0.0055
press_conf,could,T1,vix,-3,160,-0.0762,0.3379,-0.2275,0.0038
press_conf,could,T1,vix,-2,160,-0.1155,0.1459,-0.2144,0.0065
press_conf,could,T1,vix,-1,160,-0.1626,0.04,-0.2745,0.0004
press_conf,could,T1,vix,0,160,-0.3407,0.0,-0.3057,0.0001
press_conf,could,T1,vix,1,160,-0.4009,0.0,-0.3848,0.0
press_conf,could,T1,vix,2,160,-0.2668,0.0006,-0.2848,0.0003
press_conf,could,T1,vix,3,160,-0.226,0.0041,-0.2185,0.0055
press_conf,could,T1,vix,4,158,-0.2243,0.0046,-0.1985,0.0124
press_conf,could,T1,vix,5,156,-0.0973,0.2268,-0.1989,0.0128
press_conf,could,T1,vix,6,156,-0.2087,0.0089,-0.2392,0.0026
press_conf,could,T1,vix,7,154,-0.2658,0.0009,-0.2614,0.0011
press_conf,could,T1,vix,8,152,-0.23,0.0044,-0.2387,0.0031
press_conf,could,T1,vix,9,152,-0.0787,0.3354,-0.0843,0.3016
press_conf,could,T2,cfnai,-9,142,0.0035,0.9671,-0.0408,0.6295
press_conf,could,T2,cfnai,-8,142,0.0518,0.5407,-0.0159,0.851
press_conf,could,T2,cfnai,-7,142,0.0208,0.806,-0.1001,0.2357
press_conf,could,T2,cfnai,-6,142,-0.1722,0.0405,-0.1095,0.1946
press_conf,could,T2,cfnai,-5,142,-0.1781,0.034,-0.1141,0.1763
press_conf,could,T2,cfnai,-4,142,-0.1038,0.2191,-0.0514,0.5434
press_conf,could,T2,cfnai,-3,142,-0.0972,0.2499,-0.0041,0.9616
press_conf,could,T2,cfnai,-2,142,0.0474,0.5752,0.0564,0.5048
press_conf,could,T2,cfnai,-1,142,-0.1142,0.176,-0.0357,0.6734
press_conf,could,T2,cfnai,0,142,-0.0425,0.6155,-0.0436,0.6062
press_conf,could,T2,cfnai,1,142,0.0068,0.9363,0.0768,0.3633
press_conf,could,T2,cfnai,2,142,0.102,0.227,0.0918,0.2774
press_conf,could,T2,cfnai,3,142,0.1527,0.0697,0.1289,0.1264
press_conf,could,T2,cfnai,4,140,0.1157,0.1734,-0.0225,0.7916
press_conf,could,T2,cfnai,5,138,0.0951,0.2673,-0.0378,0.6594
press_conf,could,T2,cfnai,6,138,-0.0566,0.5098,0.064,0.4559
press_conf,could,T2,cfnai,7,136,-0.0555,0.5214,0.0427,0.6218
press_conf,could,T2,cfnai,8,134,0.0199,0.819,0.1698,0.0498
press_conf,could,T2,cfnai,9,134,0.1499,0.0839,0.135,0.1198
press_conf,could,T2,vix,-9,142,-0.1747,0.0376,-0.176,0.0362
press_conf,could,T2,vix,-8,142,-0.2067,0.0136,-0.206,0.0139
press_conf,could,T2,vix,-7,142,-0.2375,0.0044,-0.2343,0.005
press_conf,could,T2,vix,-6,142,-0.1682,0.0454,-0.1825,0.0297
press_conf,could,T2,vix,-5,142,-0.1875,0.0254,-0.1851,0.0274
press_conf,could,T2,vix,-4,142,-0.3231,0.0001,-0.3561,0.0
press_conf,could,T2,vix,-3,142,-0.3987,0.0,-0.3856,0.0
press_conf,could,T2,vix,-2,142,-0.3333,0.0001,-0.3503,0.0
press_conf,could,T2,vix,-1,142,-0.2388,0.0042,-0.3323,0.0001
press_conf,could,T2,vix,0,142,-0.3397,0.0,-0.3243,0.0001
press_conf,could,T2,vix,1,142,-0.4138,0.0,-0.4081,0.0
press_conf,could,T2,vix,2,142,-0.2948,0.0004,-0.2681,0.0013
press_conf,could,T2,vix,3,142,-0.1988,0.0177,-0.2029,0.0154
press_conf,could,T2,vix,4,140,-0.2371,0.0048,-0.1872,0.0268
press_conf,could,T2,vix,5,138,-0.0856,0.3182,-0.192,0.0241
press_conf,could,T2,vix,6,138,-0.1696,0.0468,-0.2087,0.014
press_conf,could,T2,vix,7,136,-0.2229,0.0091,-0.2296,0.0072
press_conf,could,T2,vix,8,134,-0.2149,0.0126,-0.2132,0.0134
press_conf,could,T2,vix,9,134,-0.0611,0.4829,-0.0485,0.578
press_conf,may,T1,cfnai,-9,160,0.2042,0.0096,0.1246,0.1166
press_conf,may,T1,cfnai,-8,160,-0.0134,0.8666,0.0893,0.2616
press_conf,may,T1,cfnai,-7,160,-0.0893,0.2616,0.0699,0.3798
press_conf,may,T1,cfnai,-6,160,-0.1525,0.0542,0.0555,0.4855
press_conf,may,T1,cfnai,-5,160,-0.0527,0.5083,0.0431,0.5888
press_conf,may,T1,cfnai,-4,160,0.0379,0.6339,0.0949,0.2324
press_conf,may,T1,cfnai,-3,160,0.0946,0.2343,0.0918,0.248
press_conf,may,T1,cfnai,-2,160,0.0604,0.4479,0.0325,0.6837
press_conf,may,T1,cfnai,-1,160,0.0358,0.6535,0.0478,0.5481
press_conf,may,T1,cfnai,0,160,-0.0722,0.3646,0.0735,0.3557
press_conf,may,T1,cfnai,1,160,0.0513,0.5192,0.1102,0.1656
press_conf,may,T1,cfnai,2,160,0.0629,0.4297,0.0666,0.403
press_conf,may,T1,cfnai,3,160,0.0994,0.211,0.0789,0.3213
press_conf,may,T1,cfnai,4,158,-0.0216,0.7879,0.0145,0.857
press_conf,may,T1,cfnai,5,156,-0.0284,0.7248,-0.0132,0.8702
press_conf,may,T1,cfnai,6,156,0.0506,0.5308,0.0078,0.9231
press_conf,may,T1,cfnai,7,154,0.1864,0.0206,0.1125,0.1649
press_conf,may,T1,cfnai,8,152,0.2345,0.0036,0.1368,0.0928
press_conf,may,T1,cfnai,9,152,0.1435,0.0777,0.1508,0.0638
press_conf,may,T1,vix,-9,160,0.1248,0.116,0.0797,0.3164
press_conf,may,T1,vix,-8,160,0.155,0.0504,0.1638,0.0385
press_conf,may,T1,vix,-7,160,0.1067,0.1794,0.1278,0.1074
press_conf,may,T1,vix,-6,160,0.1354,0.0877,0.2001,0.0112
press_conf,may,T1,vix,-5,160,0.0245,0.7588,0.0477,0.5489
press_conf,may,T1,vix,-4,160,-0.0656,0.4098,0.0482,0.5447
press_conf,may,T1,vix,-3,160,-0.0128,0.8719,0.0128,0.8723
press_conf,may,T1,vix,-2,160,0.0688,0.3875,0.132,0.096
press_conf,may,T1,vix,-1,160,0.0096,0.9036,-0.0341,0.6684
press_conf,may,T1,vix,0,160,-0.1153,0.1465,-0.0635,0.4252
press_conf,may,T1,vix,1,160,-0.1049,0.1867,-0.0642,0.42
press_conf,may,T1,vix,2,160,-0.0107,0.8928,-0.0099,0.9008
press_conf,may,T1,vix,3,160,-0.0558,0.4834,-0.0177,0.8243
press_conf,may,T1,vix,4,158,-0.1412,0.0769,-0.1253,0.1168
press_conf,may,T1,vix,5,156,-0.1041,0.1961,-0.0697,0.387
press_conf,may,T1,vix,6,156,-0.2219,0.0054,-0.1001,0.2139
press_conf,may,T1,vix,7,154,-0.2907,0.0003,-0.2363,0.0032
press_conf,may,T1,vix,8,152,-0.2193,0.0066,-0.1924,0.0176
press_conf,may,T1,vix,9,152,-0.1369,0.0926,-0.1879,0.0204
press_conf,may,T2,cfnai,-9,142,0.2256,0.0069,0.1475,0.0798
press_conf,may,T2,cfnai,-8,142,0.0792,0.3488,0.1167,0.1668
press_conf,may,T2,cfnai,-7,142,0.0257,0.7618,0.126,0.1351
press_conf,may,T2,cfnai,-6,142,-0.1157,0.1704,0.1271,0.1319
press_conf,may,T2,cfnai,-5,142,-0.1234,0.1434,0.0437,0.6056
press_conf,may,T2,cfnai,-4,142,-0.0743,0.3798,0.0427,0.6139
press_conf,may,T2,cfnai,-3,142,-0.0742,0.3799,0.0264,0.755
press_conf,may,T2,cfnai,-2,142,-0.067,0.4283,-0.0452,0.5935
press_conf,may,T2,cfnai,-1,142,0.008,0.9248,-0.0136,0.8724
press_conf,may,T2,cfnai,0,142,0.0272,0.7482,0.0624,0.4606
press_conf,may,T2,cfnai,1,142,0.105,0.2137,0.0809,0.3388
press_conf,may,T2,cfnai,2,142,-0.0348,0.6811,0.0481,0.5696
press_conf,may,T2,cfnai,3,142,0.0096,0.9098,0.0094,0.9116
press_conf,may,T2,cfnai,4,140,-0.0223,0.7934,-0.0264,0.7569
press_conf,may,T2,cfnai,5,138,-0.0059,0.9448,-0.0507,0.555
press_conf,may,T2,cfnai,6,138,0.091,0.2884,-0.0072,0.9336
press_conf,may,T2,cfnai,7,136,0.2109,0.0137,0.0927,0.2831
press_conf,may,T2,cfnai,8,134,0.2511,0.0034,0.1403,0.106
press_conf,may,T2,cfnai,9,134,0.1498,0.084,0.169,0.0509
press_conf,may,T2,vix,-9,142,0.0821,0.3316,0.064,0.4494
press_conf,may,T2,vix,-8,142,0.0938,0.267,0.1017,0.2287
press_conf,may,T2,vix,-7,142,0.0591,0.4851,0.0896,0.2888
press_conf,may,T2,vix,-6,142,0.0885,0.2949,0.1404,0.0956
press_conf,may,T2,vix,-5,142,-0.0294,0.7281,0.0234,0.7825
press_conf,may,T2,vix,-4,142,-0.0529,0.5318,0.0181,0.8308
press_conf,may,T2,vix,-3,142,-0.0495,0.5588,-0.034,0.6882
press_conf,may,T2,vix,-2,142,0.0272,0.7484,0.0776,0.3586
press_conf,may,T2,vix,-1,142,-0.082,0.3319,-0.1013,0.2304
press_conf,may,T2,vix,0,142,-0.164,0.0512,-0.1057,0.2105
press_conf,may,T2,vix,1,142,-0.1328,0.115,-0.0984,0.2439
press_conf,may,T2,vix,2,142,0.0258,0.7608,-0.0256,0.7625
press_conf,may,T2,vix,3,142,-0.0336,0.6911,-0.0135,0.8735
press_conf,may,T2,vix,4,140,-0.137,0.1064,-0.1203,0.157
press_conf,may,T2,vix,5,138,-0.1076,0.2091,-0.0741,0.3875
press_conf,may,T2,vix,6,138,-0.2203,0.0094,-0.0978,0.254
press_conf,may,T2,vix,7,136,-0.2904,0.0006,-0.2385,0.0052
press_conf,may,T2,vix,8,134,-0.2129,0.0135,-0.2009,0.02
press_conf,may,T2,vix,9,134,-0.142,0.1018,-0.2115,0.0142
press_conf,should,T1,cfnai,-9,160,0.0492,0.5366,0.0082,0.9178
press_conf,should,T1,cfnai,-8,160,-0.0009,0.9907,-0.001,0.99
press_conf,should,T1,cfnai,-7,160,-0.0726,0.3616,-0.0432,0.5874
press_conf,should,T1,cfnai,-6,160,-0.1236,0.1195,-0.0228,0.7743
press_conf,should,T1,cfnai,-5,160,-0.1235,0.1198,0.0736,0.3547
press_conf,should,T1,cfnai,-4,160,-0.0616,0.4394,0.0826,0.2993
press_conf,should,T1,cfnai,-3,160,-0.0324,0.6842,0.0625,0.4323
press_conf,should,T1,cfnai,-2,160,0.1462,0.065,0.1768,0.0253
press_conf,should,T1,cfnai,-1,160,0.1956,0.0132,0.1858,0.0187
press_conf,should,T1,cfnai,0,160,0.1013,0.2026,0.2001,0.0112
press_conf,should,T1,cfnai,1,160,0.0332,0.6772,0.2057,0.0091
press_conf,should,T1,cfnai,2,160,0.0504,0.5267,0.1819,0.0213
press_conf,should,T1,cfnai,3,160,0.1226,0.1226,0.1898,0.0162
press_conf,should,T1,cfnai,4,158,0.0541,0.4994,0.1783,0.025
press_conf,should,T1,cfnai,5,156,0.0529,0.5118,0.1808,0.0239
press_conf,should,T1,cfnai,6,156,-0.0095,0.9063,0.2241,0.0049
press_conf,should,T1,cfnai,7,154,-0.0234,0.7729,0.1636,0.0427
press_conf,should,T1,cfnai,8,152,0.0476,0.5606,0.2352,0.0035
press_conf,should,T1,cfnai,9,152,0.1261,0.1216,0.1906,0.0187
press_conf,should,T1,vix,-9,160,-0.1573,0.047,-0.2069,0.0087
press_conf,should,T1,vix,-8,160,-0.0334,0.6747,-0.1086,0.1718
press_conf,should,T1,vix,-7,160,-0.126,0.1122,-0.1393,0.0789
press_conf,should,T1,vix,-6,160,0.0021,0.9794,-0.0628,0.4301
press_conf,should,T1,vix,-5,160,-0.0415,0.6027,-0.0716,0.3684
press_conf,should,T1,vix,-4,160,0.0067,0.9327,-0.0175,0.8257
press_conf,should,T1,vix,-3,160,-0.1168,0.1414,-0.0927,0.2437
press_conf,should,T1,vix,-2,160,-0.121,0.1273,-0.0546,0.4928
press_conf,should,T1,vix,-1,160,0.0009,0.9908,0.0203,0.7988
press_conf,should,T1,vix,0,160,0.0097,0.9027,0.0824,0.3004
press_conf,should,T1,vix,1,160,-0.0615,0.4397,-0.0424,0.5947
press_conf,should,T1,vix,2,160,-0.0645,0.4179,0.0089,0.9111
press_conf,should,T1,vix,3,160,-0.035,0.6603,0.031,0.6972
press_conf,should,T1,vix,4,158,-0.0502,0.5307,0.0478,0.5508
press_conf,should,T1,vix,5,156,0.0145,0.8578,0.0756,0.3485
press_conf,should,T1,vix,6,156,0.0564,0.4846,0.1442,0.0725
press_conf,should,T1,vix,7,154,0.0237,0.7703,0.0049,0.9521
press_conf,should,T1,vix,8,152,-0.0414,0.6125,0.0071,0.9303
press_conf,should,T1,vix,9,152,-0.0696,0.3944,-0.0635,0.4368
press_conf,should,T2,cfnai,-9,142,0.06,0.4783,0.0451,0.5943
press_conf,should,T2,cfnai,-8,142,0.0417,0.6223,0.0147,0.8622
press_conf,should,T2,cfnai,-7,142,-0.0167,0.8436,-0.0175,0.836
press_conf,should,T2,cfnai,-6,142,-0.0718,0.3956,0.0306,0.7176
press_conf,should,T2,cfnai,-5,142,-0.0075,0.9294,0.1457,0.0836
press_conf,should,T2,cfnai,-4,142,0.0251,0.7665,0.1063,0.2081
press_conf,should,T2,cfnai,-3,142,0.0335,0.6921,0.0474,0.5756
press_conf,should,T2,cfnai,-2,142,0.0748,0.3764,0.1165,0.1674
press_conf,should,T2,cfnai,-1,142,0.1498,0.0752,0.1308,0.1209
press_conf,should,T2,cfnai,0,142,0.0919,0.2769,0.111,0.1883
press_conf,should,T2,cfnai,1,142,0.1675,0.0463,0.177,0.0351
press_conf,should,T2,cfnai,2,142,0.1682,0.0454,0.1467,0.0816
press_conf,should,T2,cfnai,3,142,0.1573,0.0616,0.1479,0.079
press_conf,should,T2,cfnai,4,140,0.03,0.7253,0.1438,0.09
press_conf,should,T2,cfnai,5,138,0.0566,0.5093,0.1678,0.0492
press_conf,should,T2,cfnai,6,138,0.0281,0.7434,0.2388,0.0048
press_conf,should,T2,cfnai,7,136,0.0052,0.9525,0.1944,0.0233
press_conf,should,T2,cfnai,8,134,0.0337,0.699,0.2124,0.0137
press_conf,should,T2,cfnai,9,134,0.139,0.1091,0.2158,0.0123
press_conf,should,T2,vix,-9,142,-0.2361,0.0047,-0.247,0.003
press_conf,should,T2,vix,-8,142,-0.1213,0.1506,-0.1393,0.0983
press_conf,should,T2,vix,-7,142,-0.2291,0.0061,-0.2284,0.0063
press_conf,should,T2,vix,-6,142,-0.1995,0.0173,-0.1757,0.0365
press_conf,should,T2,vix,-5,142,-0.1878,0.0252,-0.1678,0.0459
press_conf,should,T2,vix,-4,142,-0.1398,0.097,-0.1015,0.2295
press_conf,should,T2,vix,-3,142,-0.1865,0.0262,-0.1717,0.041
press_conf,should,T2,vix,-2,142,-0.1917,0.0223,-0.1468,0.0812
press_conf,should,T2,vix,-1,142,-0.0546,0.5184,-0.0448,0.5965
press_conf,should,T2,vix,0,142,0.0157,0.8525,0.033,0.6964
press_conf,should,T2,vix,1,142,-0.1115,0.1866,-0.0904,0.2846
press_conf,should,T2,vix,2,142,-0.0545,0.5193,-0.0229,0.787
press_conf,should,T2,vix,3,142,-0.0091,0.914,0.0231,0.7846
press_conf,should,T2,vix,4,140,-0.0339,0.6907,0.0574,0.5002
press_conf,should,T2,vix,5,138,0.032,0.7092,0.0916,0.2851
press_conf,should,T2,vix,6,138,0.0678,0.4292,0.1632,0.0558
press_conf,should,T2,vix,7,136,0.0612,0.4794,0.0201,0.8165
press_conf,should,T2,vix,8,134,-0.0214,0.8065,0.0123,0.8879
press_conf,should,T2,vix,9,134,-0.043,0.622,-0.0439,0.6145
press_conf,will,T1,cfnai,-9,160,0.0782,0.3254,0.175,0.0269
press_conf,will,T1,cfnai,-8,160,0.1181,0.1368,0.3157,0.0
press_conf,will,T1,cfnai,-7,160,0.1098,0.1671,0.2609,0.0009
press_conf,will,T1,cfnai,-6,160,0.1151,0.1473,0.1981,0.012
press_conf,will,T1,cfnai,-5,160,-0.0055,0.9453,0.201,0.0108
press_conf,will,T1,cfnai,-4,160,-0.0478,0.5485,0.1509,0.0568
press_conf,will,T1,cfnai,-3,160,0.0506,0.5253,0.1565,0.0481
press_conf,will,T1,cfnai,-2,160,0.1467,0.0641,0.1565,0.0481
press_conf,will,T1,cfnai,-1,160,0.1064,0.1803,0.1566,0.048
press_conf,will,T1,cfnai,0,160,-0.2638,0.0008,0.0877,0.2703
press_conf,will,T1,cfnai,1,160,-0.4019,0.0,0.0283,0.7223
press_conf,will,T1,cfnai,2,160,-0.3913,0.0,-0.0613,0.4409
press_conf,will,T1,cfnai,3,160,-0.0435,0.5849,0.0149,0.8519
press_conf,will,T1,cfnai,4,158,0.2783,0.0004,0.1653,0.038
press_conf,will,T1,cfnai,5,156,0.3247,0.0,0.1528,0.0569
press_conf,will,T1,cfnai,6,156,0.3252,0.0,0.2088,0.0089
press_conf,will,T1,cfnai,7,154,0.197,0.0143,0.123,0.1287
press_conf,will,T1,cfnai,8,152,0.1589,0.0505,0.1131,0.1652
press_conf,will,T1,cfnai,9,152,-0.0255,0.7553,0.0999,0.2209
press_conf,will,T1,vix,-9,160,0.2138,0.0066,0.2016,0.0106
press_conf,will,T1,vix,-8,160,0.1892,0.0166,0.2941,0.0002
press_conf,will,T1,vix,-7,160,0.2444,0.0018,0.3045,0.0001
press_conf,will,T1,vix,-6,160,0.2585,0.001,0.2962,0.0001
press_conf,will,T1,vix,-5,160,0.2497,0.0014,0.2694,0.0006
press_conf,will,T1,vix,-4,160,0.1508,0.057,0.2181,0.0056
press_conf,will,T1,vix,-3,160,0.1055,0.1842,0.1895,0.0164
press_conf,will,T1,vix,-2,160,0.1737,0.028,0.2662,0.0007
press_conf,will,T1,vix,-1,160,0.3463,0.0,0.3332,0.0
press_conf,will,T1,vix,0,160,0.5368,0.0,0.4079,0.0
press_conf,will,T1,vix,1,160,0.5413,0.0,0.4516,0.0
press_conf,will,T1,vix,2,160,0.3816,0.0,0.3214,0.0
press_conf,will,T1,vix,3,160,0.2259,0.0041,0.2651,0.0007
press_conf,will,T1,vix,4,158,0.2437,0.002,0.2351,0.0029
press_conf,will,T1,vix,5,156,0.1735,0.0303,0.3596,0.0
press_conf,will,T1,vix,6,156,0.2352,0.0031,0.3561,0.0
press_conf,will,T1,vix,7,154,0.3312,0.0,0.3409,0.0
press_conf,will,T1,vix,8,152,0.3267,0.0,0.3873,0.0
press_conf,will,T1,vix,9,152,0.1334,0.1013,0.2025,0.0123
press_conf,will,T2,cfnai,-9,142,0.1168,0.1664,0.3065,0.0002
press_conf,will,T2,cfnai,-8,142,0.2447,0.0033,0.3999,0.0
press_conf,will,T2,cfnai,-7,142,0.2689,0.0012,0.3334,0.0001
press_conf,will,T2,cfnai,-6,142,0.2682,0.0012,0.3641,0.0
press_conf,will,T2,cfnai,-5,142,0.2353,0.0048,0.3417,0.0
press_conf,will,T2,cfnai,-4,142,0.3015,0.0003,0.3492,0.0
press_conf,will,T2,cfnai,-3,142,0.3474,0.0,0.3204,0.0001
press_conf,will,T2,cfnai,-2,142,0.3085,0.0002,0.1898,0.0236
press_conf,will,T2,cfnai,-1,142,0.3322,0.0001,0.2291,0.0061
press_conf,will,T2,cfnai,0,142,0.2865,0.0005,0.209,0.0125
press_conf,will,T2,cfnai,1,142,0.3201,0.0001,0.169,0.0444
press_conf,will,T2,cfnai,2,142,0.2186,0.009,0.0992,0.24
press_conf,will,T2,cfnai,3,142,0.1348,0.1097,0.0576,0.4963
press_conf,will,T2,cfnai,4,140,0.09,0.2902,0.0944,0.2673
press_conf,will,T2,cfnai,5,138,0.1408,0.0996,0.1084,0.2057
press_conf,will,T2,cfnai,6,138,0.2164,0.0108,0.0858,0.3169
press_conf,will,T2,cfnai,7,136,0.1118,0.195,-0.04,0.6435
press_conf,will,T2,cfnai,8,134,0.0565,0.5169,-0.0501,0.5652
press_conf,will,T2,cfnai,9,134,-0.1251,0.1499,-0.0439,0.6145
press_conf,will,T2,vix,-9,142,0.3837,0.0,0.3181,0.0001
press_conf,will,T2,vix,-8,142,0.4393,0.0,0.4002,0.0
press_conf,will,T2,vix,-7,142,0.3754,0.0,0.3395,0.0
press_conf,will,T2,vix,-6,142,0.371,0.0,0.3604,0.0
press_conf,will,T2,vix,-5,142,0.372,0.0,0.3479,0.0
press_conf,will,T2,vix,-4,142,0.4405,0.0,0.3573,0.0
press_conf,will,T2,vix,-3,142,0.3463,0.0,0.3172,0.0001
press_conf,will,T2,vix,-2,142,0.358,0.0,0.3939,0.0
press_conf,will,T2,vix,-1,142,0.2888,0.0005,0.3729,0.0
press_conf,will,T2,vix,0,142,0.3792,0.0,0.4008,0.0
press_conf,will,T2,vix,1,142,0.3777,0.0,0.399,0.0
press_conf,will,T2,vix,2,142,0.2379,0.0044,0.2256,0.0069
press_conf,will,T2,vix,3,142,0.0755,0.372,0.1907,0.023
press_conf,will,T2,vix,4,140,0.1375,0.1053,0.156,0.0656
press_conf,will,T2,vix,5,138,0.0779,0.3637,0.2928,0.0005
press_conf,will,T2,vix,6,138,0.1242,0.1468,0.2923,0.0005
press_conf,will,T2,vix,7,136,0.2259,0.0082,0.2771,0.0011
press_conf,will,T2,vix,8,134,0.2928,0.0006,0.3253,0.0001
press_conf,will,T2,vix,9,134,0.0812,0.3508,0.1266,0.145
press_conf,would,T1,cfnai,-9,160,0.2126,0.0069,0.1826,0.0209
press_conf,would,T1,cfnai,-8,160,0.0983,0.2163,0.1625,0.0401
press_conf,would,T1,cfnai,-7,160,0.0893,0.2616,0.1643,0.0379
press_conf,would,T1,cfnai,-6,160,-0.0295,0.711,0.0413,0.6038
press_conf,would,T1,cfnai,-5,160,-0.0153,0.8479,0.1459,0.0656
press_conf,would,T1,cfnai,-4,160,-0.0116,0.884,0.1968,0.0126
press_conf,would,T1,cfnai,-3,160,0.1317,0.0968,0.2275,0.0038
press_conf,would,T1,cfnai,-2,160,0.1645,0.0377,0.1668,0.035
press_conf,would,T1,cfnai,-1,160,0.1859,0.0186,0.1381,0.0817
press_conf,would,T1,cfnai,0,160,0.0969,0.223,0.0575,0.4699
press_conf,would,T1,cfnai,1,160,0.0736,0.3547,0.1169,0.1408
press_conf,would,T1,cfnai,2,160,0.0641,0.4206,0.2171,0.0058
press_conf,would,T1,cfnai,3,160,-0.0241,0.762,0.1706,0.031
press_conf,would,T1,cfnai,4,158,-0.0415,0.6045,0.0229,0.7756
press_conf,would,T1,cfnai,5,156,-0.0446,0.5804,-0.047,0.5602
press_conf,would,T1,cfnai,6,156,-0.0788,0.3283,-0.0486,0.5467
press_conf,would,T1,cfnai,7,154,0.0613,0.4504,0.0898,0.2682
press_conf,would,T1,cfnai,8,152,0.1282,0.1154,0.0662,0.418
press_conf,would,T1,cfnai,9,152,0.206,0.0109,0.0899,0.2709
press_conf,would,T1,vix,-9,160,0.039,0.6245,0.0399,0.6162
press_conf,would,T1,vix,-8,160,-0.0841,0.2904,-0.1129,0.1552
press_conf,would,T1,vix,-7,160,0.0105,0.8951,0.0194,0.8078
press_conf,would,T1,vix,-6,160,0.0532,0.504,0.0027,0.973
press_conf,would,T1,vix,-5,160,0.0247,0.7561,0.001,0.9901
press_conf,would,T1,vix,-4,160,-0.1148,0.1483,-0.0655,0.4108
press_conf,would,T1,vix,-3,160,-0.089,0.2632,-0.0195,0.8068
press_conf,would,T1,vix,-2,160,-0.1203,0.1297,-0.1565,0.0481
press_conf,would,T1,vix,-1,160,-0.113,0.1548,-0.0814,0.3064
press_conf,would,T1,vix,0,160,-0.129,0.1039,-0.1183,0.1361
press_conf,would,T1,vix,1,160,-0.1808,0.0221,-0.1746,0.0272
press_conf,would,T1,vix,2,160,-0.1265,0.1109,-0.1677,0.034
press_conf,would,T1,vix,3,160,-0.0842,0.2897,-0.0615,0.4399
press_conf,would,T1,vix,4,158,-0.0843,0.2921,-0.0795,0.3209
press_conf,would,T1,vix,5,156,0.0207,0.7975,-0.0506,0.5303
press_conf,would,T1,vix,6,156,-0.1788,0.0256,-0.1643,0.0404
press_conf,would,T1,vix,7,154,-0.1729,0.0321,-0.1307,0.1062
press_conf,would,T1,vix,8,152,-0.2544,0.0016,-0.2517,0.0018
press_conf,would,T1,vix,9,152,-0.062,0.4478,-0.0525,0.5208
press_conf,would,T2,cfnai,-9,142,0.2398,0.0041,0.208,0.013
press_conf,would,T2,cfnai,-8,142,0.2075,0.0132,0.1568,0.0624
press_conf,would,T2,cfnai,-7,142,0.1901,0.0235,0.1481,0.0785
press_conf,would,T2,cfnai,-6,142,-0.088,0.2975,0.009,0.915
press_conf,would,T2,cfnai,-5,142,-0.0263,0.7561,0.0974,0.2489
press_conf,would,T2,cfnai,-4,142,0.104,0.2179,0.1735,0.0389
press_conf,would,T2,cfnai,-3,142,0.186,0.0267,0.2329,0.0053
press_conf,would,T2,cfnai,-2,142,0.0332,0.6946,0.0976,0.2478
press_conf,would,T2,cfnai,-1,142,0.1021,0.2265,0.0509,0.5473
press_conf,would,T2,cfnai,0,142,0.0287,0.7349,0.0128,0.8803
press_conf,would,T2,cfnai,1,142,0.2013,0.0163,0.1155,0.1712
press_conf,would,T2,cfnai,2,142,0.2121,0.0113,0.2623,0.0016
press_conf,would,T2,cfnai,3,142,0.2129,0.011,0.2401,0.004
press_conf,would,T2,cfnai,4,140,0.0436,0.6092,0.1056,0.2144
press_conf,would,T2,cfnai,5,138,0.0167,0.8463,0.0291,0.7351
press_conf,would,T2,cfnai,6,138,-0.0448,0.6016,0.0123,0.8861
press_conf,would,T2,cfnai,7,136,0.0894,0.3008,0.1375,0.1105
press_conf,would,T2,cfnai,8,134,0.1697,0.0499,0.1344,0.1214
press_conf,would,T2,cfnai,9,134,0.2514,0.0034,0.1822,0.0351
press_conf,would,T2,vix,-9,142,-0.0499,0.5556,-0.0035,0.9671
press_conf,would,T2,vix,-8,142,-0.1268,0.1327,-0.1521,0.0708
press_conf,would,T2,vix,-7,142,-0.01,0.9064,-0.0307,0.717
press_conf,would,T2,vix,-6,142,-0.0611,0.4703,-0.0613,0.4684
press_conf,would,T2,vix,-5,142,-0.0508,0.5481,-0.0544,0.52
press_conf,would,T2,vix,-4,142,-0.0815,0.3352,-0.0951,0.2604
press_conf,would,T2,vix,-3,142,-0.0787,0.3518,-0.0428,0.6131
press_conf,would,T2,vix,-2,142,-0.1164,0.1676,-0.1645,0.0505
press_conf,would,T2,vix,-1,142,0.0463,0.5845,-0.0393,0.6424
press_conf,would,T2,vix,0,142,-0.0848,0.3158,-0.0803,0.342
press_conf,would,T2,vix,1,142,-0.1996,0.0172,-0.1663,0.0479
press_conf,would,T2,vix,2,142,-0.1081,0.2005,-0.1534,0.0684
press_conf,would,T2,vix,3,142,-0.0341,0.687,-0.0098,0.9082
press_conf,would,T2,vix,4,140,-0.0427,0.6165,-0.0371,0.663
press_conf,would,T2,vix,5,138,0.0595,0.4878,-0.0332,0.699
press_conf,would,T2,vix,6,138,-0.1436,0.0929,-0.1354,0.1132
press_conf,would,T2,vix,7,136,-0.1353,0.1162,-0.0799,0.3549
press_conf,would,T2,vix,8,134,-0.2481,0.0038,-0.2403,0.0052
press_conf,would,T2,vix,9,134,-0.0492,0.5723,-0.0339,0.6975
speech,ALL,T1,cfnai,-9,124,-0.059,0.5152,-0.0004,0.9961
speech,ALL,T1,cfnai,-8,124,0.02,0.8256,0.016,0.8601
speech,ALL,T1,cfnai,-7,124,-0.0128,0.8874,-0.0937,0.3006
speech,ALL,T1,cfnai,-6,124,-0.0602,0.5068,-0.148,0.1009
speech,ALL,T1,cfnai,-5,124,-0.079,0.3833,-0.1505,0.0952
speech,ALL,T1,cfnai,-4,124,-0.0263,0.7717,-0.0634,0.4839
speech,ALL,T1,cfnai,-3,124,-0.008,0.9297,-0.0719,0.4277
speech,ALL,T1,cfnai,-2,124,-0.0885,0.3286,-0.0957,0.2906
speech,ALL,T1,cfnai,-1,124,-0.1053,0.2443,-0.0831,0.3587
speech,ALL,T1,cfnai,0,124,-0.1306,0.1483,0.04,0.6594
speech,ALL,T1,cfnai,1,124,-0.064,0.4798,0.0478,0.5982
speech,ALL,T1,cfnai,2,124,0.0426,0.6389,0.0743,0.4123
speech,ALL,T1,cfnai,3,123,0.1315,0.1471,0.0497,0.585
speech,ALL,T1,cfnai,4,123,0.1317,0.1464,0.0596,0.5125
speech,ALL,T1,cfnai,5,122,0.0432,0.6363,0.0326,0.7212
speech,ALL,T1,cfnai,6,122,0.0708,0.4386,-0.0024,0.979
speech,ALL,T1,cfnai,7,121,0.0787,0.3912,0.008,0.9302
speech,ALL,T1,cfnai,8,120,0.0546,0.5535,0.0059,0.9486
speech,ALL,T1,cfnai,9,120,-0.0252,0.785,0.0301,0.7445
speech,ALL,T1,vix,-9,124,0.0145,0.8729,-0.008,0.9296
speech,ALL,T1,vix,-8,124,0.019,0.834,0.0362,0.6898
speech,ALL,T1,vix,-7,124,0.0271,0.765,0.0458,0.6133
speech,ALL,T1,vix,-6,124,0.1111,0.2194,0.1492,0.0981
speech,ALL,T1,vix,-5,124,0.0101,0.9116,0.029,0.7492
speech,ALL,T1,vix,-4,124,0.0247,0.7857,0.0673,0.4577
speech,ALL,T1,vix,-3,124,0.098,0.2789,0.1244,0.1687
speech,ALL,T1,vix,-2,124,0.0214,0.8136,0.0038,0.9663
speech,ALL,T1,vix,-1,124,0.1275,0.1582,0.0385,0.6708
speech,ALL,T1,vix,0,124,0.0547,0.5459,-0.0103,0.91
speech,ALL,T1,vix,1,124,0.0247,0.7854,0.0038,0.967
speech,ALL,T1,vix,2,124,0.1337,0.1389,0.1136,0.209
speech,ALL,T1,vix,3,123,0.0172,0.8506,0.0094,0.9181
speech,ALL,T1,vix,4,123,0.0038,0.9667,-0.0122,0.8935
speech,ALL,T1,vix,5,122,-0.0584,0.5228,-0.0083,0.9281
speech,ALL,T1,vix,6,122,-0.0489,0.5928,-0.0212,0.8165
speech,ALL,T1,vix,7,121,-0.0706,0.4414,-0.0697,0.4476
speech,ALL,T1,vix,8,120,-0.079,0.391,-0.0891,0.3333
speech,ALL,T1,vix,9,120,0.0599,0.5158,-0.0011,0.9907
speech,ALL,T2,cfnai,-9,118,-0.0587,0.5276,0.0105,0.9103
speech,ALL,T2,cfnai,-8,118,0.0307,0.7415,0.0384,0.6793
speech,ALL,T2,cfnai,-7,118,0.0084,0.9279,-0.0583,0.5309
speech,ALL,T2,cfnai,-6,118,-0.0517,0.5781,-0.1137,0.2202
speech,ALL,T2,cfnai,-5,118,-0.1144,0.2175,-0.1253,0.1764
speech,ALL,T2,cfnai,-4,118,-0.0618,0.5059,-0.0288,0.7571
speech,ALL,T2,cfnai,-3,118,-0.0357,0.7015,-0.0564,0.5442
speech,ALL,T2,cfnai,-2,118,-0.0931,0.3159,-0.0742,0.4246
speech,ALL,T2,cfnai,-1,118,-0.1016,0.2737,-0.0474,0.6101
speech,ALL,T2,cfnai,0,118,0.0358,0.7001,0.0899,0.3329
speech,ALL,T2,cfnai,1,118,0.0368,0.6927,0.0666,0.4738
speech,ALL,T2,cfnai,2,118,0.0417,0.6537,0.0804,0.3867
speech,ALL,T2,cfnai,3,117,-0.035,0.7079,0.0045,0.9614
speech,ALL,T2,cfnai,4,117,-0.0095,0.9186,0.0213,0.8193
speech,ALL,T2,cfnai,5,116,-0.0013,0.9889,-0.0158,0.8664
speech,ALL,T2,cfnai,6,116,0.0512,0.5853,-0.055,0.5575
speech,ALL,T2,cfnai,7,115,0.0568,0.5463,-0.0423,0.6533
speech,ALL,T2,cfnai,8,114,0.0374,0.6927,-0.0284,0.7641
speech,ALL,T2,cfnai,9,114,-0.0359,0.7049,-0.0037,0.969
speech,ALL,T2,vix,-9,118,0.0265,0.776,0.0076,0.9353
speech,ALL,T2,vix,-8,118,0.0155,0.868,0.0232,0.8032
speech,ALL,T2,vix,-7,118,0.0282,0.762,0.0545,0.558
speech,ALL,T2,vix,-6,118,0.1317,0.1553,0.1667,0.0712
speech,ALL,T2,vix,-5,118,0.0347,0.7091,0.0533,0.5663
speech,ALL,T2,vix,-4,118,0.0321,0.7301,0.0703,0.4495
speech,ALL,T2,vix,-3,118,0.0676,0.4668,0.1184,0.2018
speech,ALL,T2,vix,-2,118,-0.0737,0.4278,-0.0365,0.695
speech,ALL,T2,vix,-1,118,0.0104,0.9112,-0.0126,0.8926
speech,ALL,T2,vix,0,118,-0.054,0.5616,-0.0675,0.4679
speech,ALL,T2,vix,1,118,-0.061,0.5117,-0.044,0.6359
speech,ALL,T2,vix,2,118,0.0795,0.3921,0.0763,0.4117
speech,ALL,T2,vix,3,117,-0.0533,0.5679,-0.0415,0.6571
speech,ALL,T2,vix,4,117,-0.0395,0.6721,-0.0611,0.5132
speech,ALL,T2,vix,5,116,-0.0898,0.3375,-0.0473,0.6144
speech,ALL,T2,vix,6,116,-0.0879,0.3482,-0.0575,0.5399
speech,ALL,T2,vix,7,115,-0.1024,0.2763,-0.1094,0.2444
speech,ALL,T2,vix,8,114,-0.1009,0.2855,-0.1223,0.1947
speech,ALL,T2,vix,9,114,0.0431,0.6491,-0.0345,0.7159
speech,can,T1,cfnai,-9,248,-0.0393,0.5377,0.0253,0.6914
speech,can,T1,cfnai,-8,248,-0.0704,0.2691,-0.1065,0.0943
speech,can,T1,cfnai,-7,248,0.0065,0.919,-0.1584,0.0125
speech,can,T1,cfnai,-6,248,0.0246,0.7001,-0.1654,0.0091
speech,can,T1,cfnai,-5,248,0.0327,0.6082,-0.0985,0.122
speech,can,T1,cfnai,-4,248,-0.0222,0.7279,-0.0803,0.2074
speech,can,T1,cfnai,-3,248,-0.1257,0.0479,-0.0408,0.5227
speech,can,T1,cfnai,-2,248,-0.3423,0.0,-0.0302,0.6362
speech,can,T1,cfnai,-1,248,-0.3138,0.0,-0.0124,0.8458
speech,can,T1,cfnai,0,248,-0.2854,0.0,-0.0576,0.3666
speech,can,T1,cfnai,1,248,0.0065,0.9189,-0.0214,0.7377
speech,can,T1,cfnai,2,248,0.2655,0.0,0.0586,0.3583
speech,can,T1,cfnai,3,246,0.2997,0.0,0.1032,0.1063
speech,can,T1,cfnai,4,246,0.2349,0.0002,0.0893,0.1625
speech,can,T1,cfnai,5,244,-0.0156,0.808,0.007,0.9132
speech,can,T1,cfnai,6,244,-0.0336,0.6014,-0.0207,0.7479
speech,can,T1,cfnai,7,242,-0.023,0.722,-0.0414,0.5215
speech,can,T1,cfnai,8,240,-0.0141,0.8283,-0.0634,0.3278
speech,can,T1,cfnai,9,240,0.0692,0.2856,-0.0383,0.5552
speech,can,T1,vix,-9,248,-0.1,0.1164,-0.0592,0.3535
speech,can,T1,vix,-8,248,-0.0586,0.3581,-0.0529,0.407
speech,can,T1,vix,-7,248,-0.0998,0.1168,-0.0425,0.505
speech,can,T1,vix,-6,248,-0.1702,0.0072,-0.0984,0.1221
speech,can,T1,vix,-5,248,-0.0841,0.1866,-0.0255,0.6896
speech,can,T1,vix,-4,248,-0.0438,0.4925,-0.0447,0.4834
speech,can,T1,vix,-3,248,0.1837,0.0037,0.0639,0.3163
speech,can,T1,vix,-2,248,0.1986,0.0017,0.0437,0.4933
speech,can,T1,vix,-1,248,0.2392,0.0001,0.1372,0.0307
speech,can,T1,vix,0,248,0.2363,0.0002,0.1175,0.0647
speech,can,T1,vix,1,248,0.1318,0.038,0.0419,0.5113
speech,can,T1,vix,2,248,0.0452,0.4784,0.0099,0.8768
speech,can,T1,vix,3,246,0.0845,0.1864,0.0136,0.8324
speech,can,T1,vix,4,246,0.1013,0.1131,-0.0191,0.7652
speech,can,T1,vix,5,244,0.0661,0.3041,0.0051,0.9374
speech,can,T1,vix,6,244,0.0066,0.9181,-0.0107,0.8676
speech,can,T1,vix,7,242,0.0977,0.1297,0.0891,0.1672
speech,can,T1,vix,8,240,0.0006,0.9923,0.0466,0.4722
speech,can,T1,vix,9,240,0.0676,0.2968,0.1081,0.0948
speech,can,T2,cfnai,-9,236,-0.0357,0.5851,0.0511,0.4344
speech,can,T2,cfnai,-8,236,-0.0428,0.513,-0.0612,0.3492
speech,can,T2,cfnai,-7,236,0.0386,0.5549,-0.0996,0.1271
speech,can,T2,cfnai,-6,236,-0.0039,0.9521,-0.1032,0.1138
speech,can,T2,cfnai,-5,236,0.0127,0.8464,-0.0413,0.5276
speech,can,T2,cfnai,-4,236,-0.0243,0.7109,-0.0407,0.5342
speech,can,T2,cfnai,-3,236,-0.0028,0.9653,0.0375,0.5666
speech,can,T2,cfnai,-2,236,0.0929,0.1549,0.0728,0.265
speech,can,T2,cfnai,-1,236,0.0827,0.2056,0.0822,0.2081
speech,can,T2,cfnai,0,236,0.0241,0.7126,0.0309,0.6369
speech,can,T2,cfnai,1,236,0.007,0.9145,0.0187,0.7754
speech,can,T2,cfnai,2,236,0.04,0.5413,0.0203,0.7568
speech,can,T2,cfnai,3,234,0.023,0.7264,0.0221,0.7364
speech,can,T2,cfnai,4,234,-0.0539,0.4121,-0.0057,0.9315
speech,can,T2,cfnai,5,232,-0.125,0.0573,-0.0859,0.1925
speech,can,T2,cfnai,6,232,-0.0925,0.1604,-0.1075,0.1024
speech,can,T2,cfnai,7,230,-0.0866,0.1908,-0.1388,0.0354
speech,can,T2,cfnai,8,228,-0.0549,0.409,-0.1421,0.032
speech,can,T2,cfnai,9,228,0.0586,0.3782,-0.0888,0.1814
speech,can,T2,vix,-9,236,-0.105,0.1077,-0.0612,0.3489
speech,can,T2,vix,-8,236,-0.0487,0.4563,-0.0534,0.4144
speech,can,T2,vix,-7,236,-0.028,0.6688,-0.0004,0.9954
speech,can,T2,vix,-6,236,-0.1222,0.061,-0.0509,0.4366
speech,can,T2,vix,-5,236,-0.0743,0.2556,0.0242,0.7119
speech,can,T2,vix,-4,236,-0.049,0.4541,-0.0315,0.6305
speech,can,T2,vix,-3,236,-0.0475,0.4673,0.0302,0.6449
speech,can,T2,vix,-2,236,-0.0957,0.1427,-0.0308,0.638
speech,can,T2,vix,-1,236,0.0133,0.8391,0.0671,0.3047
speech,can,T2,vix,0,236,0.0655,0.3166,0.0445,0.4963
speech,can,T2,vix,1,236,-0.0526,0.4216,-0.041,0.5306
speech,can,T2,vix,2,236,-0.124,0.0571,-0.0703,0.2824
speech,can,T2,vix,3,234,-0.0737,0.2616,-0.0669,0.308
speech,can,T2,vix,4,234,-0.0183,0.7811,-0.1059,0.1061
speech,can,T2,vix,5,232,-0.0013,0.984,-0.0757,0.2507
speech,can,T2,vix,6,232,-0.0775,0.2397,-0.0878,0.1824
speech,can,T2,vix,7,230,0.0375,0.5714,0.0297,0.6543
speech,can,T2,vix,8,228,-0.0575,0.3873,-0.0107,0.8718
speech,can,T2,vix,9,228,0.0277,0.6775,0.0482,0.4688
speech,could,T1,cfnai,-9,248,-0.0472,0.4592,-0.1192,0.061
speech,could,T1,cfnai,-8,248,-0.0177,0.781,-0.0549,0.3895
speech,could,T1,cfnai,-7,248,-0.0505,0.4282,-0.0729,0.2527
speech,could,T1,cfnai,-6,248,-0.1114,0.0799,-0.0563,0.3772
speech,could,T1,cfnai,-5,248,-0.1393,0.0283,-0.1279,0.0442
speech,could,T1,cfnai,-4,248,-0.043,0.5007,-0.0676,0.289
speech,could,T1,cfnai,-3,248,0.0446,0.4844,-0.0568,0.3731
speech,could,T1,cfnai,-2,248,0.1104,0.0828,-0.0114,0.8585
speech,could,T1,cfnai,-1,248,0.0595,0.3506,-0.0017,0.9793
speech,could,T1,cfnai,0,248,0.0661,0.2996,-0.0117,0.8546
speech,could,T1,cfnai,1,248,0.0097,0.8796,-0.0389,0.5422
speech,could,T1,cfnai,2,248,0.0135,0.8327,0.0183,0.7743
speech,could,T1,cfnai,3,246,-0.0413,0.519,-0.0151,0.8133
speech,could,T1,cfnai,4,246,-0.0835,0.1919,-0.0441,0.491
speech,could,T1,cfnai,5,244,-0.0507,0.4308,-0.0282,0.6608
speech,could,T1,cfnai,6,244,0.0288,0.6544,-0.0452,0.4821
speech,could,T1,cfnai,7,242,0.0571,0.3768,-0.0118,0.8555
speech,could,T1,cfnai,8,240,0.1119,0.0837,0.1009,0.1189
speech,could,T1,cfnai,9,240,0.0582,0.369,0.15,0.02
speech,could,T1,vix,-9,248,-0.1226,0.0538,-0.1017,0.1103
speech,could,T1,vix,-8,248,-0.045,0.481,-0.0408,0.5224
speech,could,T1,vix,-7,248,0.1073,0.0919,0.0758,0.2342
speech,could,T1,vix,-6,248,0.1745,0.0058,0.1178,0.0641
speech,could,T1,vix,-5,248,0.068,0.2861,0.0348,0.586
speech,could,T1,vix,-4,248,0.0188,0.7687,0.0592,0.3534
speech,could,T1,vix,-3,248,-0.1477,0.02,-0.0619,0.3313
speech,could,T1,vix,-2,248,-0.1199,0.0594,-0.1608,0.0112
speech,could,T1,vix,-1,248,-0.1208,0.0574,-0.1357,0.0327
speech,could,T1,vix,0,248,-0.1475,0.0202,-0.1378,0.03
speech,could,T1,vix,1,248,-0.1863,0.0032,-0.1914,0.0025
speech,could,T1,vix,2,248,-0.1106,0.0822,-0.1245,0.0502
speech,could,T1,vix,3,246,-0.1314,0.0395,-0.1247,0.0507
speech,could,T1,vix,4,246,-0.0076,0.9062,-0.0572,0.3713
speech,could,T1,vix,5,244,-0.0336,0.6016,-0.0319,0.6196
speech,could,T1,vix,6,244,-0.0575,0.371,-0.0252,0.695
speech,could,T1,vix,7,242,-0.1893,0.0031,-0.1764,0.0059
speech,could,T1,vix,8,240,-0.2011,0.0017,-0.2434,0.0001
speech,could,T1,vix,9,240,-0.1099,0.0893,-0.1619,0.012
speech,could,T2,cfnai,-9,236,-0.0484,0.4594,-0.1274,0.0507
speech,could,T2,cfnai,-8,236,-0.0188,0.7735,-0.0551,0.3996
speech,could,T2,cfnai,-7,236,-0.0309,0.6363,-0.0821,0.2089
speech,could,T2,cfnai,-6,236,-0.0343,0.6002,-0.0675,0.3016
speech,could,T2,cfnai,-5,236,-0.0887,0.1743,-0.1298,0.0464
speech,could,T2,cfnai,-4,236,0.0319,0.626,-0.0684,0.2956
speech,could,T2,cfnai,-3,236,-0.0656,0.3153,-0.0915,0.1611
speech,could,T2,cfnai,-2,236,0.0136,0.8348,-0.0473,0.4697
speech,could,T2,cfnai,-1,236,-0.0373,0.569,-0.0649,0.3209
speech,could,T2,cfnai,0,236,-0.0767,0.2404,-0.076,0.2447
speech,could,T2,cfnai,1,236,-0.0528,0.4198,-0.0722,0.2696
speech,could,T2,cfnai,2,236,0.027,0.6794,-0.0115,0.8605
speech,could,T2,cfnai,3,234,0.0445,0.4977,-0.0127,0.8472
speech,could,T2,cfnai,4,234,-0.0246,0.7078,-0.024,0.7145
speech,could,T2,cfnai,5,232,-0.0411,0.5333,-0.028,0.6709
speech,could,T2,cfnai,6,232,0.0372,0.5725,-0.0347,0.5989
speech,could,T2,cfnai,7,230,0.0588,0.3749,-0.0113,0.8651
speech,could,T2,cfnai,8,228,0.1179,0.0757,0.1059,0.1107
speech,could,T2,cfnai,9,228,0.0613,0.3565,0.1711,0.0096
speech,could,T2,vix,-9,236,-0.126,0.0532,-0.098,0.1332
speech,could,T2,vix,-8,236,-0.0497,0.447,-0.0416,0.5247
speech,could,T2,vix,-7,236,0.0312,0.6333,0.0515,0.431
speech,could,T2,vix,-6,236,0.1332,0.0409,0.0971,0.1371
speech,could,T2,vix,-5,236,0.024,0.7141,-0.0087,0.8947
speech,could,T2,vix,-4,236,-0.0281,0.6679,0.038,0.5612
speech,could,T2,vix,-3,236,-0.1714,0.0083,-0.0835,0.201
speech,could,T2,vix,-2,236,-0.1842,0.0045,-0.1755,0.0069
speech,could,T2,vix,-1,236,-0.1298,0.0463,-0.1454,0.0255
speech,could,T2,vix,0,236,-0.1566,0.0161,-0.1468,0.0241
speech,could,T2,vix,1,236,-0.213,0.001,-0.2068,0.0014
speech,could,T2,vix,2,236,-0.1157,0.0761,-0.1326,0.0419
speech,could,T2,vix,3,234,-0.1367,0.0367,-0.1281,0.0504
speech,could,T2,vix,4,234,0.0019,0.9767,-0.0586,0.3719
speech,could,T2,vix,5,232,-0.0273,0.6795,-0.0311,0.6373
speech,could,T2,vix,6,232,-0.0419,0.5256,-0.0109,0.8685
speech,could,T2,vix,7,230,-0.1838,0.0052,-0.1768,0.0072
speech,could,T2,vix,8,228,-0.1959,0.003,-0.2397,0.0003
speech,could,T2,vix,9,228,-0.1019,0.1251,-0.1555,0.0188
speech,may,T1,cfnai,-9,248,0.0459,0.4715,0.0044,0.9448
speech,may,T1,cfnai,-8,248,-0.0358,0.5751,0.0992,0.1192
speech,may,T1,cfnai,-7,248,-0.0634,0.3204,0.089,0.1621
speech,may,T1,cfnai,-6,248,0.0083,0.8969,0.1047,0.1
speech,may,T1,cfnai,-5,248,0.0155,0.8075,-0.0058,0.927
speech,may,T1,cfnai,-4,248,0.0373,0.559,-0.0278,0.6634
speech,may,T1,cfnai,-3,248,0.015,0.8145,-0.0668,0.2944
speech,may,T1,cfnai,-2,248,0.0428,0.5024,-0.06,0.3467
speech,may,T1,cfnai,-1,248,0.0237,0.7102,-0.0612,0.3369
speech,may,T1,cfnai,0,248,0.0441,0.4896,-0.0487,0.4451
speech,may,T1,cfnai,1,248,-0.0134,0.8342,-0.0912,0.1522
speech,may,T1,cfnai,2,248,-0.0645,0.3114,-0.0585,0.3593
speech,may,T1,cfnai,3,246,-0.1122,0.079,-0.0848,0.1848
speech,may,T1,cfnai,4,246,-0.0894,0.1622,-0.0551,0.3895
speech,may,T1,cfnai,5,244,0.0115,0.8586,-0.0917,0.1534
speech,may,T1,cfnai,6,244,-0.0036,0.9556,-0.0896,0.163
speech,may,T1,cfnai,7,242,-0.0273,0.6722,-0.109,0.0907
speech,may,T1,cfnai,8,240,-0.088,0.1741,-0.2073,0.0012
speech,may,T1,cfnai,9,240,-0.0652,0.3141,-0.1261,0.0511
speech,may,T1,vix,-9,248,-0.0561,0.3794,0.0232,0.7157
speech,may,T1,vix,-8,248,-0.1195,0.0602,-0.0783,0.2191
speech,may,T1,vix,-7,248,-0.1103,0.0831,-0.0562,0.378
speech,may,T1,vix,-6,248,-0.0366,0.5661,-0.0707,0.2675
speech,may,T1,vix,-5,248,-0.1145,0.0719,-0.0375,0.5568
speech,may,T1,vix,-4,248,-0.0027,0.9658,0.0685,0.2826
speech,may,T1,vix,-3,248,-0.0192,0.7637,0.0748,0.2407
speech,may,T1,vix,-2,248,-0.0617,0.3335,-0.0023,0.9707
speech,may,T1,vix,-1,248,-0.118,0.0636,-0.0436,0.4942
speech,may,T1,vix,0,248,-0.1829,0.0039,-0.1746,0.0058
speech,may,T1,vix,1,248,-0.1133,0.075,-0.0918,0.1495
speech,may,T1,vix,2,248,-0.0232,0.7161,-0.0205,0.7485
speech,may,T1,vix,3,246,-0.056,0.3821,-0.0411,0.5212
speech,may,T1,vix,4,246,-0.06,0.3488,-0.0712,0.2656
speech,may,T1,vix,5,244,0.0285,0.6583,0.023,0.7204
speech,may,T1,vix,6,244,0.0146,0.8203,0.0967,0.1322
speech,may,T1,vix,7,242,0.0081,0.8999,0.0708,0.2729
speech,may,T1,vix,8,240,0.0122,0.8509,-0.0021,0.9739
speech,may,T1,vix,9,240,-0.0203,0.7542,-0.0952,0.1416
speech,may,T2,cfnai,-9,236,0.0423,0.5177,-0.0223,0.7336
speech,may,T2,cfnai,-8,236,-0.048,0.4627,0.0708,0.2785
speech,may,T2,cfnai,-7,236,-0.0869,0.1834,0.0559,0.3925
speech,may,T2,cfnai,-6,236,-0.0527,0.4204,0.0647,0.3224
speech,may,T2,cfnai,-5,236,-0.074,0.2574,-0.0469,0.4738
speech,may,T2,cfnai,-4,236,-0.0765,0.2415,-0.0763,0.2431
speech,may,T2,cfnai,-3,236,-0.078,0.2326,-0.1006,0.1232
speech,may,T2,cfnai,-2,236,-0.1688,0.0094,-0.103,0.1147
speech,may,T2,cfnai,-1,236,-0.1224,0.0604,-0.093,0.1542
speech,may,T2,cfnai,0,236,-0.1192,0.0676,-0.078,0.2325
speech,may,T2,cfnai,1,236,-0.084,0.1986,-0.086,0.188
speech,may,T2,cfnai,2,236,-0.1037,0.1121,-0.0472,0.4707
speech,may,T2,cfnai,3,234,-0.0501,0.4452,-0.0338,0.6074
speech,may,T2,cfnai,4,234,0.0137,0.835,-0.0092,0.8886
speech,may,T2,cfnai,5,232,0.0501,0.4477,-0.0411,0.5337
speech,may,T2,cfnai,6,232,0.0134,0.839,-0.0502,0.4469
speech,may,T2,cfnai,7,230,-0.006,0.928,-0.0628,0.3432
speech,may,T2,cfnai,8,228,-0.0769,0.2472,-0.1875,0.0045
speech,may,T2,cfnai,9,228,-0.0554,0.4051,-0.0873,0.1891
speech,may,T2,vix,-9,236,-0.0721,0.2701,0.0036,0.9567
speech,may,T2,vix,-8,236,-0.1229,0.0595,-0.0749,0.252
speech,may,T2,vix,-7,236,-0.14,0.0315,-0.0773,0.2367
speech,may,T2,vix,-6,236,-0.0343,0.5997,-0.0731,0.2637
speech,may,T2,vix,-5,236,-0.1189,0.0681,-0.0479,0.464
speech,may,T2,vix,-4,236,0.0349,0.5936,0.0914,0.1619
speech,may,T2,vix,-3,236,0.0693,0.2891,0.1095,0.0932
speech,may,T2,vix,-2,236,-0.0124,0.8494,0.0419,0.5223
speech,may,T2,vix,-1,236,-0.0505,0.44,0.0061,0.9252
speech,may,T2,vix,0,236,-0.1391,0.0327,-0.1392,0.0325
speech,may,T2,vix,1,236,-0.062,0.3428,-0.0469,0.4734
speech,may,T2,vix,2,236,0.0426,0.5149,0.025,0.702
speech,may,T2,vix,3,234,0.0045,0.9459,0.0071,0.9137
speech,may,T2,vix,4,234,-0.0258,0.6941,-0.0328,0.6175
speech,may,T2,vix,5,232,0.0523,0.4281,0.0757,0.2506
speech,may,T2,vix,6,232,0.0425,0.5197,0.1477,0.0245
speech,may,T2,vix,7,230,0.0317,0.6329,0.1171,0.0762
speech,may,T2,vix,8,228,0.0236,0.7225,0.0259,0.6972
speech,may,T2,vix,9,228,-0.0079,0.9061,-0.0718,0.2806
speech,should,T1,cfnai,-9,248,0.1427,0.0246,0.2671,0.0
speech,should,T1,cfnai,-8,248,0.0384,0.5476,0.2409,0.0001
speech,should,T1,cfnai,-7,248,-0.0632,0.3213,0.0622,0.3296
speech,should,T1,cfnai,-6,248,-0.0492,0.4405,-0.0621,0.3299
speech,should,T1,cfnai,-5,248,-0.0096,0.88,-0.0673,0.2913
speech,should,T1,cfnai,-4,248,0.0192,0.7635,-0.0236,0.7114
speech,should,T1,cfnai,-3,248,0.0264,0.6788,-0.0266,0.6772
speech,should,T1,cfnai,-2,248,0.0593,0.3521,-0.0079,0.9019
speech,should,T1,cfnai,-1,248,0.0483,0.449,-0.0797,0.2108
speech,should,T1,cfnai,0,248,-0.0771,0.2261,0.0008,0.9896
speech,should,T1,cfnai,1,248,-0.1643,0.0095,0.0081,0.8984
speech,should,T1,cfnai,2,248,-0.1665,0.0086,0.0185,0.7717
speech,should,T1,cfnai,3,246,0.0668,0.2969,0.0309,0.6291
speech,should,T1,cfnai,4,246,0.1253,0.0496,0.0044,0.9447
speech,should,T1,cfnai,5,244,0.0465,0.47,-0.0243,0.7055
speech,should,T1,cfnai,6,244,0.0365,0.571,0.0184,0.7743
speech,should,T1,cfnai,7,242,0.0225,0.7276,-0.0081,0.9005
speech,should,T1,cfnai,8,240,0.0318,0.6235,-0.0218,0.7364
speech,should,T1,cfnai,9,240,0.0039,0.9516,-0.0724,0.2637
speech,should,T1,vix,-9,248,0.0352,0.5816,-0.1181,0.0632
speech,should,T1,vix,-8,248,0.0608,0.3405,-0.12,0.0592
speech,should,T1,vix,-7,248,0.0023,0.9708,-0.1093,0.0858
speech,should,T1,vix,-6,248,-0.0006,0.9925,-0.0617,0.3333
speech,should,T1,vix,-5,248,-0.0497,0.4355,-0.0767,0.2287
speech,should,T1,vix,-4,248,0.0159,0.8038,-0.0354,0.5794
speech,should,T1,vix,-3,248,-0.0075,0.906,-0.0653,0.3059
speech,should,T1,vix,-2,248,-0.1117,0.0791,-0.1511,0.0172
speech,should,T1,vix,-1,248,-0.009,0.8877,-0.1684,0.0079
speech,should,T1,vix,0,248,-0.0842,0.1862,-0.213,0.0007
speech,should,T1,vix,1,248,-0.1074,0.0914,-0.1969,0.0018
speech,should,T1,vix,2,248,0.0229,0.72,-0.0949,0.1363
speech,should,T1,vix,3,246,-0.0728,0.255,-0.1142,0.0738
speech,should,T1,vix,4,246,-0.0915,0.1523,-0.0949,0.1379
speech,should,T1,vix,5,244,-0.0676,0.2926,-0.0843,0.1895
speech,should,T1,vix,6,244,-0.0479,0.4566,-0.0667,0.2992
speech,should,T1,vix,7,242,-0.1287,0.0455,-0.1721,0.0073
speech,should,T1,vix,8,240,-0.1266,0.05,-0.165,0.0105
speech,should,T1,vix,9,240,0.0149,0.8179,-0.076,0.241
speech,should,T2,cfnai,-9,236,0.1463,0.0246,0.2666,0.0
speech,should,T2,cfnai,-8,236,0.0297,0.6498,0.2186,0.0007
speech,should,T2,cfnai,-7,236,-0.0793,0.2252,0.0367,0.5752
speech,should,T2,cfnai,-6,236,-0.1389,0.0329,-0.0859,0.1887
speech,should,T2,cfnai,-5,236,-0.0915,0.1613,-0.0807,0.2167
speech,should,T2,cfnai,-4,236,-0.065,0.3204,-0.0208,0.75
speech,should,T2,cfnai,-3,236,-0.0039,0.9528,-0.0506,0.439
speech,should,T2,cfnai,-2,236,-0.0761,0.2443,-0.0355,0.5869
speech,should,T2,cfnai,-1,236,-0.1114,0.0878,-0.1019,0.1186
speech,should,T2,cfnai,0,236,-0.0117,0.8576,-0.0109,0.8676
speech,should,T2,cfnai,1,236,-0.0022,0.9729,0.028,0.6682
speech,should,T2,cfnai,2,236,0.0478,0.4651,0.0984,0.1316
speech,should,T2,cfnai,3,234,0.0188,0.7751,0.0608,0.3541
speech,should,T2,cfnai,4,234,0.052,0.4284,0.0301,0.6474
speech,should,T2,cfnai,5,232,0.0336,0.6102,-0.0017,0.9792
speech,should,T2,cfnai,6,232,0.0333,0.614,0.0421,0.5232
speech,should,T2,cfnai,7,230,0.0268,0.6862,0.0151,0.8201
speech,should,T2,cfnai,8,228,0.0267,0.6881,-0.0206,0.7566
speech,should,T2,cfnai,9,228,-0.0013,0.9839,-0.0896,0.1775
speech,should,T2,vix,-9,236,0.0528,0.4191,-0.0967,0.1387
speech,should,T2,vix,-8,236,0.0467,0.475,-0.1335,0.0405
speech,should,T2,vix,-7,236,0.0194,0.7671,-0.1265,0.0523
speech,should,T2,vix,-6,236,0.0042,0.9494,-0.0955,0.1434
speech,should,T2,vix,-5,236,-0.0183,0.7803,-0.0769,0.239
speech,should,T2,vix,-4,236,0.0612,0.3489,-0.0247,0.7054
speech,should,T2,vix,-3,236,0.0894,0.1711,-0.0237,0.7168
speech,should,T2,vix,-2,236,-0.0335,0.6088,-0.1304,0.0453
speech,should,T2,vix,-1,236,-0.1119,0.0862,-0.1667,0.0103
speech,should,T2,vix,0,236,-0.1552,0.017,-0.2144,0.0009
speech,should,T2,vix,1,236,-0.1323,0.0422,-0.1953,0.0026
speech,should,T2,vix,2,236,0.0082,0.9006,-0.0889,0.1735
speech,should,T2,vix,3,234,-0.0885,0.1775,-0.1046,0.1104
speech,should,T2,vix,4,234,-0.078,0.2344,-0.0745,0.2564
speech,should,T2,vix,5,232,-0.0702,0.2872,-0.0683,0.3004
speech,should,T2,vix,6,232,-0.0695,0.2918,-0.0614,0.352
speech,should,T2,vix,7,230,-0.1421,0.0312,-0.1695,0.01
speech,should,T2,vix,8,228,-0.1308,0.0486,-0.1545,0.0196
speech,should,T2,vix,9,228,0.0071,0.9146,-0.0751,0.2586
speech,will,T1,cfnai,-9,248,-0.1097,0.0846,-0.0386,0.5447
speech,will,T1,cfnai,-8,248,0.1243,0.0505,0.006,0.9256
speech,will,T1,cfnai,-7,248,0.1304,0.0401,0.0299,0.6395
speech,will,T1,cfnai,-6,248,0.0539,0.3979,-0.0596,0.3502
speech,will,T1,cfnai,-5,248,0.0052,0.9356,-0.0711,0.2648
speech,will,T1,cfnai,-4,248,0.0034,0.9578,-0.0702,0.2707
speech,will,T1,cfnai,-3,248,-0.0113,0.8592,-0.0981,0.1235
speech,will,T1,cfnai,-2,248,-0.0772,0.226,-0.099,0.1199
speech,will,T1,cfnai,-1,248,-0.0685,0.2825,-0.0686,0.2821
speech,will,T1,cfnai,0,248,-0.0809,0.204,0.0735,0.249
speech,will,T1,cfnai,1,248,-0.0253,0.692,0.0769,0.2275
speech,will,T1,cfnai,2,248,0.0227,0.7219,0.02,0.754
speech,will,T1,cfnai,3,246,0.1011,0.1138,0.0059,0.9266
speech,will,T1,cfnai,4,246,0.1292,0.043,0.0105,0.87
speech,will,T1,cfnai,5,244,0.134,0.0365,0.0497,0.4399
speech,will,T1,cfnai,6,244,0.1602,0.0122,0.0029,0.9639
speech,will,T1,cfnai,7,242,0.1525,0.0176,0.0478,0.4594
speech,will,T1,cfnai,8,240,0.0252,0.6979,-0.005,0.9381
speech,will,T1,cfnai,9,240,-0.1671,0.0095,-0.0679,0.2951
speech,will,T1,vix,-9,248,0.2018,0.0014,0.0858,0.178
speech,will,T1,vix,-8,248,0.1744,0.0059,0.1528,0.0161
speech,will,T1,vix,-7,248,0.0794,0.213,0.1157,0.0689
speech,will,T1,vix,-6,248,0.2064,0.0011,0.2377,0.0002
speech,will,T1,vix,-5,248,0.1369,0.0311,0.1201,0.0589
speech,will,T1,vix,-4,248,0.0612,0.337,0.0744,0.2428
speech,will,T1,vix,-3,248,0.1756,0.0056,0.2105,0.0009
speech,will,T1,vix,-2,248,0.1129,0.076,0.1487,0.0191
speech,will,T1,vix,-1,248,0.2018,0.0014,0.1887,0.0029
speech,will,T1,vix,0,248,0.2049,0.0012,0.1312,0.039
speech,will,T1,vix,1,248,0.2145,0.0007,0.1551,0.0145
speech,will,T1,vix,2,248,0.3044,0.0,0.2363,0.0002
speech,will,T1,vix,3,246,0.1489,0.0194,0.1019,0.111
speech,will,T1,vix,4,246,0.0273,0.6701,0.0355,0.5793
speech,will,T1,vix,5,244,-0.1081,0.0919,-0.0017,0.9793
speech,will,T1,vix,6,244,-0.0241,0.7076,0.0076,0.9057
speech,will,T1,vix,7,242,0.0394,0.5418,0.0495,0.4431
speech,will,T1,vix,8,240,0.0924,0.1534,0.1228,0.0574
speech,will,T1,vix,9,240,0.1572,0.0147,0.126,0.0512
speech,will,T2,cfnai,-9,236,-0.1106,0.0899,-0.0289,0.6583
speech,will,T2,cfnai,-8,236,0.1345,0.039,0.0225,0.7313
speech,will,T2,cfnai,-7,236,0.1472,0.0237,0.0615,0.3472
speech,will,T2,cfnai,-6,236,0.105,0.1077,-0.0314,0.6315
speech,will,T2,cfnai,-5,236,0.0073,0.9111,-0.0468,0.4739
speech,will,T2,cfnai,-4,236,0.0061,0.9262,-0.0399,0.5418
speech,will,T2,cfnai,-3,236,0.0248,0.7045,-0.0799,0.2214
speech,will,T2,cfnai,-2,236,-0.0331,0.6131,-0.0767,0.2408
speech,will,T2,cfnai,-1,236,-0.0322,0.6226,-0.0385,0.5559
speech,will,T2,cfnai,0,236,0.1573,0.0156,0.1185,0.0692
speech,will,T2,cfnai,1,236,0.1366,0.036,0.0919,0.1592
speech,will,T2,cfnai,2,236,0.0738,0.2587,0.0258,0.6931
speech,will,T2,cfnai,3,234,-0.0314,0.633,-0.0351,0.5937
speech,will,T2,cfnai,4,234,0.0253,0.7007,-0.0279,0.6708
speech,will,T2,cfnai,5,232,0.1076,0.1021,0.0168,0.7996
speech,will,T2,cfnai,6,232,0.1487,0.0235,-0.0333,0.6141
speech,will,T2,cfnai,7,230,0.1418,0.0316,0.0148,0.8234
speech,will,T2,cfnai,8,228,0.0121,0.856,-0.0301,0.6516
speech,will,T2,cfnai,9,228,-0.1804,0.0063,-0.1057,0.1116
speech,will,T2,vix,-9,236,0.2191,0.0007,0.1049,0.1081
speech,will,T2,vix,-8,236,0.1766,0.0065,0.1469,0.024
speech,will,T2,vix,-7,236,0.1332,0.041,0.1328,0.0415
speech,will,T2,vix,-6,236,0.2547,0.0001,0.2568,0.0001
speech,will,T2,vix,-5,236,0.2195,0.0007,0.1467,0.0242
speech,will,T2,vix,-4,236,0.0849,0.1939,0.0748,0.2527
speech,will,T2,vix,-3,236,0.1915,0.0031,0.2147,0.0009
speech,will,T2,vix,-2,236,0.1312,0.0441,0.1295,0.0469
speech,will,T2,vix,-1,236,0.1711,0.0084,0.1651,0.0111
speech,will,T2,vix,0,236,0.1675,0.0099,0.097,0.1375
speech,will,T2,vix,1,236,0.1984,0.0022,0.1282,0.0492
speech,will,T2,vix,2,236,0.3015,0.0,0.2164,0.0008
speech,will,T2,vix,3,234,0.1165,0.0753,0.0656,0.318
speech,will,T2,vix,4,234,-0.0002,0.9981,0.0049,0.9409
speech,will,T2,vix,5,232,-0.1332,0.0426,-0.0267,0.6859
speech,will,T2,vix,6,232,-0.055,0.404,-0.021,0.7502
speech,will,T2,vix,7,230,0.0176,0.7909,0.0216,0.7441
speech,will,T2,vix,8,228,0.0813,0.2214,0.1066,0.1084
speech,will,T2,vix,9,228,0.1462,0.0273,0.1058,0.1111
speech,would,T1,cfnai,-9,248,-0.015,0.814,-0.0959,0.1322
speech,would,T1,cfnai,-8,248,-0.0685,0.2826,-0.0663,0.2981
speech,would,T1,cfnai,-7,248,-0.1553,0.0144,-0.1662,0.0087
speech,would,T1,cfnai,-6,248,-0.199,0.0016,-0.1828,0.0039
speech,would,T1,cfnai,-5,248,-0.1816,0.0041,-0.1535,0.0155
speech,would,T1,cfnai,-4,248,-0.0703,0.2701,-0.0133,0.8349
speech,would,T1,cfnai,-3,248,0.0797,0.2109,0.042,0.5108
speech,would,T1,cfnai,-2,248,0.1196,0.0601,-0.0527,0.4085
speech,would,T1,cfnai,-1,248,0.0838,0.1882,-0.0176,0.7833
speech,would,T1,cfnai,0,248,0.0514,0.4203,0.0228,0.7205
speech,would,T1,cfnai,1,248,-0.0467,0.464,-0.0214,0.7369
speech,would,T1,cfnai,2,248,-0.0776,0.2233,0.0233,0.7152
speech,would,T1,cfnai,3,246,-0.0548,0.3922,-0.0178,0.781
speech,would,T1,cfnai,4,246,-0.0537,0.4013,-0.0078,0.903
speech,would,T1,cfnai,5,244,-0.103,0.1086,-0.0507,0.4304
speech,would,T1,cfnai,6,244,-0.0921,0.1516,-0.0213,0.7409
speech,would,T1,cfnai,7,242,-0.0527,0.4146,0.0499,0.4396
speech,would,T1,cfnai,8,240,0.1056,0.1027,0.1491,0.0209
speech,would,T1,cfnai,9,240,0.1611,0.0124,0.2204,0.0006
speech,would,T1,vix,-9,248,-0.0922,0.1475,-0.0661,0.3
speech,would,T1,vix,-8,248,-0.0957,0.1327,-0.115,0.0706
speech,would,T1,vix,-7,248,0.062,0.3309,-0.0108,0.8657
speech,would,T1,vix,-6,248,0.0381,0.55,0.0585,0.3588
speech,would,T1,vix,-5,248,-0.0488,0.4439,-0.011,0.8634
speech,would,T1,vix,-4,248,-0.0122,0.8483,-0.0155,0.8086
speech,would,T1,vix,-3,248,-0.1135,0.0745,-0.1347,0.034
speech,would,T1,vix,-2,248,-0.162,0.0106,-0.201,0.0015
speech,would,T1,vix,-1,248,-0.0709,0.2661,-0.164,0.0097
speech,would,T1,vix,0,248,-0.1649,0.0093,-0.2052,0.0012
speech,would,T1,vix,1,248,-0.1681,0.008,-0.1843,0.0036
speech,would,T1,vix,2,248,-0.1312,0.039,-0.1515,0.0169
speech,would,T1,vix,3,246,-0.1289,0.0434,-0.1405,0.0276
speech,would,T1,vix,4,246,-0.0429,0.5035,-0.0957,0.1346
speech,would,T1,vix,5,244,-0.0073,0.9093,-0.0946,0.1407
speech,would,T1,vix,6,244,-0.0476,0.4594,-0.106,0.0984
speech,would,T1,vix,7,242,-0.1796,0.0051,-0.1892,0.0031
speech,would,T1,vix,8,240,-0.184,0.0042,-0.2417,0.0002
speech,would,T1,vix,9,240,-0.0929,0.1514,-0.0442,0.4953
speech,would,T2,cfnai,-9,236,-0.0157,0.8101,-0.1009,0.1221
speech,would,T2,cfnai,-8,236,-0.0744,0.2552,-0.0823,0.2075
speech,would,T2,cfnai,-7,236,-0.1409,0.0305,-0.1835,0.0047
speech,would,T2,cfnai,-6,236,-0.186,0.0041,-0.1966,0.0024
speech,would,T2,cfnai,-5,236,-0.1719,0.0081,-0.1527,0.0189
speech,would,T2,cfnai,-4,236,-0.0843,0.1968,-0.002,0.9755
speech,would,T2,cfnai,-3,236,-0.0234,0.7207,0.0026,0.9687
speech,would,T2,cfnai,-2,236,-0.1242,0.0568,-0.1034,0.1132
speech,would,T2,cfnai,-1,236,-0.1204,0.0647,-0.0724,0.268
speech,would,T2,cfnai,0,236,-0.0385,0.556,-0.0269,0.6804
speech,would,T2,cfnai,1,236,-0.0354,0.5888,-0.0333,0.6111
speech,would,T2,cfnai,2,236,-0.014,0.8308,0.0384,0.5571
speech,would,T2,cfnai,3,234,-0.0706,0.2819,-0.0167,0.7998
speech,would,T2,cfnai,4,234,-0.0418,0.5245,0.0151,0.8179
speech,would,T2,cfnai,5,232,-0.1039,0.1144,-0.052,0.4309
speech,would,T2,cfnai,6,232,-0.0893,0.1751,-0.0113,0.8646
speech,would,T2,cfnai,7,230,-0.0553,0.4036,0.0589,0.3743
speech,would,T2,cfnai,8,228,0.1083,0.1028,0.1511,0.0225
speech,would,T2,cfnai,9,228,0.1631,0.0137,0.2255,0.0006
speech,would,T2,vix,-9,236,-0.0855,0.1905,-0.0519,0.4271
speech,would,T2,vix,-8,236,-0.1095,0.0932,-0.1261,0.053
speech,would,T2,vix,-7,236,-0.0452,0.4891,-0.0475,0.4673
speech,would,T2,vix,-6,236,-0.0339,0.6048,0.0204,0.7556
speech,would,T2,vix,-5,236,-0.1284,0.0489,-0.0499,0.4453
speech,would,T2,vix,-4,236,-0.0577,0.3777,-0.0302,0.6448
speech,would,T2,vix,-3,236,-0.0884,0.1761,-0.1393,0.0324
speech,would,T2,vix,-2,236,-0.1823,0.005,-0.207,0.0014
speech,would,T2,vix,-1,236,-0.0878,0.1789,-0.1794,0.0057
speech,would,T2,vix,0,236,-0.1991,0.0021,-0.2217,0.0006
speech,would,T2,vix,1,236,-0.1898,0.0034,-0.1959,0.0025
speech,would,T2,vix,2,236,-0.1479,0.023,-0.1633,0.012
speech,would,T2,vix,3,234,-0.1393,0.0331,-0.1519,0.0201
speech,would,T2,vix,4,234,-0.0282,0.6676,-0.1005,0.1253
speech,would,T2,vix,5,232,0.0012,0.9856,-0.0984,0.1349
speech,would,T2,vix,6,232,-0.0375,0.5703,-0.1014,0.1235
speech,would,T2,vix,7,230,-0.175,0.0078,-0.1951,0.003
speech,would,T2,vix,8,228,-0.1749,0.0081,-0.2376,0.0003
speech,would,T2,vix,9,228,-0.0861,0.195,-0.0299,0.6531
statement,ALL,T1,cfnai,-9,101,-0.0328,0.7446,-0.2063,0.0384
statement,ALL,T1,cfnai,-8,101,-0.069,0.4927,-0.2093,0.0356
statement,ALL,T1,cfnai,-7,101,-0.1216,0.2257,-0.2349,0.018
statement,ALL,T1,cfnai,-6,101,-0.1032,0.3044,-0.1381,0.1683
statement,ALL,T1,cfnai,-5,101,-0.0448,0.6568,-0.1069,0.2873
statement,ALL,T1,cfnai,-4,101,0.006,0.9527,-0.0326,0.7465
statement,ALL,T1,cfnai,-3,101,-0.068,0.499,-0.0028,0.978
statement,ALL,T1,cfnai,-2,101,-0.0689,0.4935,-0.0472,0.6392
statement,ALL,T1,cfnai,-1,101,-0.0396,0.694,0.0444,0.6596
statement,ALL,T1,cfnai,0,101,0.0741,0.4612,0.1378,0.1694
statement,ALL,T1,cfnai,1,101,0.261,0.0084,0.2157,0.0303
statement,ALL,T1,cfnai,2,101,0.3043,0.002,0.2265,0.0227
statement,ALL,T1,cfnai,3,101,0.3552,0.0003,0.2536,0.0105
statement,ALL,T1,cfnai,4,100,0.0843,0.4041,0.0878,0.385
statement,ALL,T1,cfnai,5,99,0.0908,0.3713,0.1323,0.1916
statement,ALL,T1,cfnai,6,99,0.1298,0.2002,0.1262,0.2132
statement,ALL,T1,cfnai,7,98,0.0889,0.3842,0.0658,0.5196
statement,ALL,T1,cfnai,8,97,0.1059,0.3019,0.0609,0.5536
statement,ALL,T1,cfnai,9,97,0.0007,0.9946,0.0288,0.7795
statement,ALL,T1,vix,-9,101,0.2116,0.0336,0.1837,0.0659
statement,ALL,T1,vix,-8,101,0.2551,0.01,0.2291,0.0212
statement,ALL,T1,vix,-7,101,0.1741,0.0817,0.1,0.3198
statement,ALL,T1,vix,-6,101,0.1231,0.2199,0.068,0.4995
statement,ALL,T1,vix,-5,101,0.1469,0.1426,0.0901,0.3702
statement,ALL,T1,vix,-4,101,0.1831,0.0668,0.1443,0.1499
statement,ALL,T1,vix,-3,101,0.1825,0.0678,0.1619,0.1059
statement,ALL,T1,vix,-2,101,0.177,0.0766,0.1261,0.2091
statement,ALL,T1,vix,-1,101,0.0947,0.3463,0.0237,0.8143
statement,ALL,T1,vix,0,101,-0.19,0.0571,-0.1165,0.2459
statement,ALL,T1,vix,1,101,-0.1313,0.1908,-0.0629,0.5321
statement,ALL,T1,vix,2,101,-0.2327,0.0192,-0.1573,0.1163
statement,ALL,T1,vix,3,101,-0.2492,0.012,-0.1325,0.1865
statement,ALL,T1,vix,4,100,-0.2699,0.0066,-0.1874,0.062
statement,ALL,T1,vix,5,99,-0.3035,0.0023,-0.1875,0.0632
statement,ALL,T1,vix,6,99,-0.3624,0.0002,-0.2097,0.0373
statement,ALL,T1,vix,7,98,-0.3069,0.0021,-0.185,0.0682
statement,ALL,T1,vix,8,97,-0.2846,0.0047,-0.2065,0.0425
statement,ALL,T1,vix,9,97,-0.2837,0.0049,-0.1826,0.0734
statement,ALL,T2,cfnai,-9,91,-0.0298,0.7794,-0.2292,0.0288
statement,ALL,T2,cfnai,-8,91,-0.0294,0.7822,-0.1926,0.0673
statement,ALL,T2,cfnai,-7,91,-0.0687,0.5177,-0.1891,0.0726
statement,ALL,T2,cfnai,-6,91,-0.0504,0.6354,-0.1395,0.1871
statement,ALL,T2,cfnai,-5,91,-0.0747,0.4816,-0.14,0.1857
statement,ALL,T2,cfnai,-4,91,-0.0915,0.3883,-0.1022,0.3351
statement,ALL,T2,cfnai,-3,91,-0.0712,0.5027,-0.0692,0.5143
statement,ALL,T2,cfnai,-2,91,-0.0545,0.6077,-0.0859,0.4183
statement,ALL,T2,cfnai,-1,91,0.0235,0.8251,0.0101,0.9239
statement,ALL,T2,cfnai,0,91,0.0441,0.6781,0.059,0.5786
statement,ALL,T2,cfnai,1,91,0.1135,0.284,0.1094,0.3018
statement,ALL,T2,cfnai,2,91,0.1034,0.3294,0.125,0.2377
statement,ALL,T2,cfnai,3,91,0.2185,0.0375,0.1291,0.2225
statement,ALL,T2,cfnai,4,90,0.2254,0.0327,0.0787,0.4612
statement,ALL,T2,cfnai,5,89,0.2873,0.0063,0.1404,0.1894
statement,ALL,T2,cfnai,6,89,0.3527,0.0007,0.1901,0.0743
statement,ALL,T2,cfnai,7,88,0.2056,0.0547,0.147,0.1717
statement,ALL,T2,cfnai,8,87,0.18,0.0953,0.1289,0.2341
statement,ALL,T2,cfnai,9,87,0.0422,0.6979,0.0921,0.3964
statement,ALL,T2,vix,-9,91,0.2165,0.0393,0.1851,0.0789
statement,ALL,T2,vix,-8,91,0.2551,0.0147,0.2052,0.051
statement,ALL,T2,vix,-7,91,0.1865,0.0768,0.1296,0.2208
statement,ALL,T2,vix,-6,91,0.0752,0.4789,0.0435,0.6824
statement,ALL,T2,vix,-5,91,0.1186,0.2627,0.0729,0.4922
statement,ALL,T2,vix,-4,91,0.0742,0.4847,0.0507,0.6328
statement,ALL,T2,vix,-3,91,0.0843,0.427,0.0758,0.4754
statement,ALL,T2,vix,-2,91,0.0528,0.6191,0.0035,0.9734
statement,ALL,T2,vix,-1,91,-0.014,0.8954,-0.0493,0.6425
statement,ALL,T2,vix,0,91,-0.1018,0.3369,-0.1576,0.1357
statement,ALL,T2,vix,1,91,-0.0156,0.8836,-0.0577,0.587
statement,ALL,T2,vix,2,91,-0.1309,0.2163,-0.1621,0.1248
statement,ALL,T2,vix,3,91,-0.189,0.0728,-0.1148,0.2787
statement,ALL,T2,vix,4,90,-0.2418,0.0217,-0.1758,0.0974
statement,ALL,T2,vix,5,89,-0.2973,0.0047,-0.1729,0.1052
statement,ALL,T2,vix,6,89,-0.3523,0.0007,-0.1859,0.0811
statement,ALL,T2,vix,7,88,-0.2642,0.0129,-0.1588,0.1394
statement,ALL,T2,vix,8,87,-0.2491,0.02,-0.1723,0.1105
statement,ALL,T2,vix,9,87,-0.2598,0.0151,-0.1469,0.1747
statement,could,T1,cfnai,-9,202,-0.0314,0.6575,-0.0934,0.1861
statement,could,T1,cfnai,-8,202,-0.0227,0.7482,-0.0914,0.1959
statement,could,T1,cfnai,-7,202,-0.0658,0.3524,-0.1185,0.0931
statement,could,T1,cfnai,-6,202,-0.012,0.8653,-0.056,0.429
statement,could,T1,cfnai,-5,202,0.0026,0.971,-0.0789,0.2645
statement,could,T1,cfnai,-4,202,0.0633,0.3708,-0.0278,0.695
statement,could,T1,cfnai,-3,202,0.1199,0.0891,-0.0458,0.5177
statement,could,T1,cfnai,-2,202,0.1441,0.0408,-0.0778,0.2711
statement,could,T1,cfnai,-1,202,0.1395,0.0477,-0.0706,0.3181
statement,could,T1,cfnai,0,202,0.0916,0.1946,-0.0643,0.3631
statement,could,T1,cfnai,1,202,0.1237,0.0795,-0.0498,0.4819
statement,could,T1,cfnai,2,202,0.1376,0.0508,-0.0387,0.5845
statement,could,T1,cfnai,3,202,0.0753,0.2866,-0.0543,0.4426
statement,could,T1,cfnai,4,200,-0.0414,0.5603,-0.168,0.0174
statement,could,T1,cfnai,5,198,-0.0531,0.4575,-0.1804,0.011
statement,could,T1,cfnai,6,198,-0.0115,0.8724,-0.1836,0.0096
statement,could,T1,cfnai,7,196,-0.003,0.9666,-0.1886,0.0081
statement,could,T1,cfnai,8,194,0.0099,0.8912,-0.1784,0.0128
statement,could,T1,cfnai,9,194,-0.0105,0.885,-0.1935,0.0069
statement,could,T1,vix,-9,202,0.4118,0.0,0.4654,0.0
statement,could,T1,vix,-8,202,0.4274,0.0,0.4867,0.0
statement,could,T1,vix,-7,202,0.4146,0.0,0.4118,0.0
statement,could,T1,vix,-6,202,0.365,0.0,0.3905,0.0
statement,could,T1,vix,-5,202,0.4366,0.0,0.4484,0.0
statement,could,T1,vix,-4,202,0.309,0.0,0.4579,0.0
statement,could,T1,vix,-3,202,0.2554,0.0002,0.4525,0.0
statement,could,T1,vix,-2,202,0.3812,0.0,0.4507,0.0
statement,could,T1,vix,-1,202,0.2132,0.0023,0.33,0.0
statement,could,T1,vix,0,202,0.0285,0.6873,0.2575,0.0002
statement,could,T1,vix,1,202,0.1342,0.0569,0.264,0.0001
statement,could,T1,vix,2,202,0.089,0.2076,0.216,0.002
statement,could,T1,vix,3,202,0.0648,0.3595,0.2005,0.0042
statement,could,T1,vix,4,200,0.1554,0.028,0.2345,0.0008
statement,could,T1,vix,5,198,0.0883,0.2163,0.1859,0.0087
statement,could,T1,vix,6,198,0.0096,0.8935,0.1681,0.0179
statement,could,T1,vix,7,196,0.0434,0.5455,0.1405,0.0495
statement,could,T1,vix,8,194,0.0329,0.6493,0.1426,0.0473
statement,could,T1,vix,9,194,0.0099,0.891,0.1161,0.1068
statement,could,T2,cfnai,-9,182,-0.0326,0.6622,-0.1527,0.0395
statement,could,T2,cfnai,-8,182,0.0229,0.7592,-0.1321,0.0755
statement,could,T2,cfnai,-7,182,0.0151,0.8397,-0.1584,0.0327
statement,could,T2,cfnai,-6,182,0.0674,0.3661,-0.1147,0.1231
statement,could,T2,cfnai,-5,182,0.0145,0.8456,-0.1594,0.0316
statement,could,T2,cfnai,-4,182,-0.004,0.9571,-0.1554,0.0362
statement,could,T2,cfnai,-3,182,-0.0456,0.5408,-0.1797,0.0152
statement,could,T2,cfnai,-2,182,-0.057,0.4446,-0.1859,0.012
statement,could,T2,cfnai,-1,182,-0.0739,0.3213,-0.2073,0.005
statement,could,T2,cfnai,0,182,-0.0894,0.2302,-0.1763,0.0173
statement,could,T2,cfnai,1,182,-0.0701,0.3468,-0.1253,0.0919
statement,could,T2,cfnai,2,182,-0.0356,0.633,-0.1168,0.1164
statement,could,T2,cfnai,3,182,0.0032,0.9658,-0.0968,0.1938
statement,could,T2,cfnai,4,180,0.084,0.2624,-0.1351,0.0706
statement,could,T2,cfnai,5,178,0.0782,0.2995,-0.1422,0.0583
statement,could,T2,cfnai,6,178,0.1173,0.119,-0.1149,0.1268
statement,could,T2,cfnai,7,176,0.0638,0.4005,-0.136,0.072
statement,could,T2,cfnai,8,174,0.0591,0.4384,-0.131,0.085
statement,could,T2,cfnai,9,174,0.0314,0.6806,-0.1286,0.0907
statement,could,T2,vix,-9,182,0.4483,0.0,0.4407,0.0
statement,could,T2,vix,-8,182,0.4978,0.0,0.4709,0.0
statement,could,T2,vix,-7,182,0.4364,0.0,0.4147,0.0
statement,could,T2,vix,-6,182,0.4056,0.0,0.366,0.0
statement,could,T2,vix,-5,182,0.4623,0.0,0.4506,0.0
statement,could,T2,vix,-4,182,0.4816,0.0,0.4641,0.0
statement,could,T2,vix,-3,182,0.47,0.0,0.4819,0.0
statement,could,T2,vix,-2,182,0.5106,0.0,0.4928,0.0
statement,could,T2,vix,-1,182,0.4428,0.0,0.4163,0.0
statement,could,T2,vix,0,182,0.4122,0.0,0.3829,0.0
statement,could,T2,vix,1,182,0.4144,0.0,0.404,0.0
statement,could,T2,vix,2,182,0.3947,0.0,0.3575,0.0
statement,could,T2,vix,3,182,0.2204,0.0028,0.3415,0.0
statement,could,T2,vix,4,180,0.3004,0.0,0.3716,0.0
statement,could,T2,vix,5,178,0.1717,0.022,0.3052,0.0
statement,could,T2,vix,6,178,0.1005,0.1819,0.3018,0.0
statement,could,T2,vix,7,176,0.1679,0.0259,0.2656,0.0004
statement,could,T2,vix,8,174,0.1071,0.1594,0.2628,0.0005
statement,could,T2,vix,9,174,0.0568,0.4565,0.2048,0.0067
statement,will,T1,cfnai,-9,202,-0.0497,0.4824,-0.2587,0.0002
statement,will,T1,cfnai,-8,202,-0.0885,0.2102,-0.2486,0.0004
statement,will,T1,cfnai,-7,202,-0.1196,0.09,-0.2253,0.0013
statement,will,T1,cfnai,-6,202,-0.123,0.0812,-0.1589,0.0239
statement,will,T1,cfnai,-5,202,-0.0549,0.4377,-0.0837,0.2364
statement,will,T1,cfnai,-4,202,-0.0425,0.5481,-0.0432,0.5416
statement,will,T1,cfnai,-3,202,-0.1937,0.0057,0.0317,0.654
statement,will,T1,cfnai,-2,202,-0.2218,0.0015,0.016,0.8207
statement,will,T1,cfnai,-1,202,-0.1727,0.014,0.1311,0.0629
statement,will,T1,cfnai,0,202,0.0065,0.9264,0.2168,0.0019
statement,will,T1,cfnai,1,202,0.231,0.0009,0.3412,0.0
statement,will,T1,cfnai,2,202,0.2696,0.0001,0.3395,0.0
statement,will,T1,cfnai,3,202,0.3616,0.0,0.3788,0.0
statement,will,T1,cfnai,4,200,0.1093,0.1233,0.2814,0.0001
statement,will,T1,cfnai,5,198,0.1218,0.0874,0.3345,0.0
statement,will,T1,cfnai,6,198,0.1529,0.0315,0.341,0.0
statement,will,T1,cfnai,7,196,0.1019,0.1554,0.2878,0.0
statement,will,T1,cfnai,8,194,0.1218,0.0908,0.2859,0.0001
statement,will,T1,cfnai,9,194,0.0171,0.8124,0.2705,0.0001
statement,will,T1,vix,-9,202,-0.0567,0.4229,-0.1053,0.1359
statement,will,T1,vix,-8,202,-0.0119,0.8667,-0.0467,0.5095
statement,will,T1,vix,-7,202,-0.0772,0.2747,-0.1234,0.0802
statement,will,T1,vix,-6,202,-0.0884,0.2108,-0.1386,0.0492
statement,will,T1,vix,-5,202,-0.1051,0.1367,-0.1581,0.0247
statement,will,T1,vix,-4,202,0.0622,0.3795,-0.1191,0.0914
statement,will,T1,vix,-3,202,0.1099,0.1194,-0.0889,0.2085
statement,will,T1,vix,-2,202,0.0049,0.9449,-0.1418,0.0441
statement,will,T1,vix,-1,202,0.0627,0.3752,-0.1377,0.0506
statement,will,T1,vix,0,202,-0.1926,0.006,-0.2895,0.0
statement,will,T1,vix,1,202,-0.1508,0.0321,-0.1925,0.006
statement,will,T1,vix,2,202,-0.2063,0.0032,-0.2687,0.0001
statement,will,T1,vix,3,202,-0.2104,0.0027,-0.2446,0.0005
statement,will,T1,vix,4,200,-0.3029,0.0,-0.3643,0.0
statement,will,T1,vix,5,198,-0.2918,0.0,-0.346,0.0
statement,will,T1,vix,6,198,-0.2895,0.0,-0.3429,0.0
statement,will,T1,vix,7,196,-0.2606,0.0002,-0.2921,0.0
statement,will,T1,vix,8,194,-0.251,0.0004,-0.3202,0.0
statement,will,T1,vix,9,194,-0.2223,0.0018,-0.2802,0.0001
statement,will,T2,cfnai,-9,182,-0.0377,0.6136,-0.2627,0.0003
statement,will,T2,cfnai,-8,182,-0.0485,0.5154,-0.217,0.0033
statement,will,T2,cfnai,-7,182,-0.0564,0.4498,-0.1499,0.0434
statement,will,T2,cfnai,-6,182,-0.0606,0.4163,-0.1179,0.113
statement,will,T2,cfnai,-5,182,-0.0437,0.5583,-0.0858,0.2496
statement,will,T2,cfnai,-4,182,-0.0883,0.2357,-0.0715,0.3375
statement,will,T2,cfnai,-3,182,0.0263,0.7248,0.0127,0.8647
statement,will,T2,cfnai,-2,182,0.0128,0.8635,0.0072,0.923
statement,will,T2,cfnai,-1,182,0.162,0.0289,0.1488,0.045
statement,will,T2,cfnai,0,182,0.1575,0.0338,0.1808,0.0146
statement,will,T2,cfnai,1,182,0.2683,0.0002,0.2574,0.0005
statement,will,T2,cfnai,2,182,0.2236,0.0024,0.2622,0.0003
statement,will,T2,cfnai,3,182,0.2858,0.0001,0.2512,0.0006
statement,will,T2,cfnai,4,180,0.1649,0.0269,0.2466,0.0008
statement,will,T2,cfnai,5,178,0.232,0.0018,0.3265,0.0
statement,will,T2,cfnai,6,178,0.2602,0.0005,0.3793,0.0
statement,will,T2,cfnai,7,176,0.1615,0.0323,0.347,0.0
statement,will,T2,cfnai,8,174,0.144,0.0579,0.3382,0.0
statement,will,T2,cfnai,9,174,0.0157,0.8369,0.3126,0.0
statement,will,T2,vix,-9,182,-0.1033,0.1653,-0.1086,0.1444
statement,will,T2,vix,-8,182,-0.1143,0.1243,-0.0898,0.2278
statement,will,T2,vix,-7,182,-0.1054,0.1568,-0.1152,0.1215
statement,will,T2,vix,-6,182,-0.2099,0.0045,-0.1846,0.0126
statement,will,T2,vix,-5,182,-0.1957,0.0081,-0.2063,0.0052
statement,will,T2,vix,-4,182,-0.2412,0.001,-0.2583,0.0004
statement,will,T2,vix,-3,182,-0.2233,0.0024,-0.2328,0.0016
statement,will,T2,vix,-2,182,-0.2985,0.0,-0.3398,0.0
statement,will,T2,vix,-1,182,-0.289,0.0001,-0.2988,0.0
statement,will,T2,vix,0,182,-0.4188,0.0,-0.4429,0.0
statement,will,T2,vix,1,182,-0.2449,0.0009,-0.2971,0.0
statement,will,T2,vix,2,182,-0.3573,0.0,-0.3841,0.0
statement,will,T2,vix,3,182,-0.2947,0.0001,-0.3392,0.0
statement,will,T2,vix,4,180,-0.424,0.0,-0.4783,0.0
statement,will,T2,vix,5,178,-0.3824,0.0,-0.4464,0.0
statement,will,T2,vix,6,178,-0.3695,0.0,-0.4362,0.0
statement,will,T2,vix,7,176,-0.32,0.0,-0.3611,0.0
statement,will,T2,vix,8,174,-0.2862,0.0001,-0.3781,0.0
statement,will,T2,vix,9,174,-0.241,0.0014,-0.3201,0.0
statement,would,T1,cfnai,-9,202,-0.0029,0.9673,-0.0282,0.6904
statement,would,T1,cfnai,-8,202,-0.0053,0.9398,-0.0404,0.5684
statement,would,T1,cfnai,-7,202,-0.0544,0.442,-0.1023,0.1476
statement,would,T1,cfnai,-6,202,0.0078,0.9117,-0.0143,0.8396
statement,would,T1,cfnai,-5,202,0.0051,0.9427,-0.0633,0.3711
statement,would,T1,cfnai,-4,202,0.0836,0.2368,0.0108,0.8784
statement,would,T1,cfnai,-3,202,0.1203,0.0882,-0.0258,0.7157
statement,would,T1,cfnai,-2,202,0.1552,0.0274,-0.0337,0.6338
statement,would,T1,cfnai,-1,202,0.1436,0.0415,-0.0437,0.5371
statement,would,T1,cfnai,0,202,0.0966,0.1714,-0.0358,0.6127
statement,would,T1,cfnai,1,202,0.1211,0.0859,-0.0342,0.6291
statement,would,T1,cfnai,2,202,0.1371,0.0516,-0.031,0.661
statement,would,T1,cfnai,3,202,0.0792,0.2625,-0.0437,0.5368
statement,would,T1,cfnai,4,200,-0.0314,0.6589,-0.1383,0.0508
statement,would,T1,cfnai,5,198,-0.0363,0.6114,-0.1523,0.0322
statement,would,T1,cfnai,6,198,-0.0009,0.9901,-0.1537,0.0306
statement,would,T1,cfnai,7,196,0.0033,0.9639,-0.1618,0.0235
statement,would,T1,cfnai,8,194,0.0175,0.8091,-0.1481,0.0394
statement,would,T1,cfnai,9,194,-0.0051,0.9433,-0.1743,0.0151
statement,would,T1,vix,-9,202,0.4319,0.0,0.4935,0.0
statement,would,T1,vix,-8,202,0.4471,0.0,0.5174,0.0
statement,would,T1,vix,-7,202,0.4337,0.0,0.4421,0.0
statement,would,T1,vix,-6,202,0.3769,0.0,0.4084,0.0
statement,would,T1,vix,-5,202,0.4353,0.0,0.4555,0.0
statement,would,T1,vix,-4,202,0.3132,0.0,0.4679,0.0
statement,would,T1,vix,-3,202,0.2438,0.0005,0.4397,0.0
statement,would,T1,vix,-2,202,0.3772,0.0,0.4554,0.0
statement,would,T1,vix,-1,202,0.2039,0.0036,0.3278,0.0
statement,would,T1,vix,0,202,0.0341,0.6296,0.2726,0.0001
statement,would,T1,vix,1,202,0.1331,0.059,0.2742,0.0001
statement,would,T1,vix,2,202,0.1028,0.1456,0.2489,0.0004
statement,would,T1,vix,3,202,0.0775,0.273,0.2338,0.0008
statement,would,T1,vix,4,200,0.1665,0.0185,0.2587,0.0002
statement,would,T1,vix,5,198,0.1199,0.0924,0.2408,0.0006
statement,would,T1,vix,6,198,0.0384,0.5907,0.1961,0.0056
statement,would,T1,vix,7,196,0.0741,0.3018,0.1675,0.019
statement,would,T1,vix,8,194,0.1066,0.1391,0.2194,0.0021
statement,would,T1,vix,9,194,0.052,0.4712,0.1582,0.0276
statement,would,T2,cfnai,-9,182,-0.0029,0.9692,-0.0721,0.3333
statement,would,T2,cfnai,-8,182,0.0431,0.5631,-0.0718,0.3351
statement,would,T2,cfnai,-7,182,0.0298,0.6893,-0.137,0.0651
statement,would,T2,cfnai,-6,182,0.0937,0.2086,-0.0614,0.41
statement,would,T2,cfnai,-5,182,0.0189,0.7999,-0.1362,0.0667
statement,would,T2,cfnai,-4,182,0.0768,0.3027,-0.0964,0.1955
statement,would,T2,cfnai,-3,182,-0.0198,0.7903,-0.1447,0.0513
statement,would,T2,cfnai,-2,182,0.0371,0.6192,-0.1251,0.0923
statement,would,T2,cfnai,-1,182,-0.032,0.6676,-0.1636,0.0273
statement,would,T2,cfnai,0,182,-0.0397,0.5949,-0.1319,0.0759
statement,would,T2,cfnai,1,182,-0.0458,0.5396,-0.0967,0.1942
statement,would,T2,cfnai,2,182,-0.0022,0.9768,-0.0988,0.1845
statement,would,T2,cfnai,3,182,0.0346,0.6433,-0.0777,0.2968
statement,would,T2,cfnai,4,180,0.095,0.2045,-0.0991,0.1855
statement,would,T2,cfnai,5,178,0.0969,0.1982,-0.1069,0.1557
statement,would,T2,cfnai,6,178,0.1251,0.0963,-0.0798,0.2896
statement,would,T2,cfnai,7,176,0.0677,0.3719,-0.1038,0.1705
statement,would,T2,cfnai,8,174,0.0654,0.3909,-0.0943,0.2161
statement,would,T2,cfnai,9,174,0.0352,0.6446,-0.1103,0.1474
statement,would,T2,vix,-9,182,0.477,0.0,0.475,0.0
statement,would,T2,vix,-8,182,0.5318,0.0,0.5096,0.0
statement,would,T2,vix,-7,182,0.4626,0.0,0.4485,0.0
statement,would,T2,vix,-6,182,0.4278,0.0,0.3895,0.0
statement,would,T2,vix,-5,182,0.4638,0.0,0.458,0.0
statement,would,T2,vix,-4,182,0.4864,0.0,0.4784,0.0
statement,would,T2,vix,-3,182,0.4483,0.0,0.4677,0.0
statement,would,T2,vix,-2,182,0.5041,0.0,0.4985,0.0
statement,would,T2,vix,-1,182,0.4232,0.0,0.4109,0.0
statement,would,T2,vix,0,182,0.4089,0.0,0.3969,0.0
statement,would,T2,vix,1,182,0.4035,0.0,0.4105,0.0
statement,would,T2,vix,2,182,0.4069,0.0,0.3916,0.0
statement,would,T2,vix,3,182,0.2296,0.0018,0.3755,0.0
statement,would,T2,vix,4,180,0.3077,0.0,0.3934,0.0
statement,would,T2,vix,5,178,0.2027,0.0067,0.3613,0.0
statement,would,T2,vix,6,178,0.1283,0.0878,0.3254,0.0
statement,would,T2,vix,7,176,0.1971,0.0087,0.2895,0.0001
statement,would,T2,vix,8,174,0.1831,0.0156,0.3369,0.0
statement,would,T2,vix,9,174,0.0992,0.1929,0.2444,0.0012
