key,unit,period,macro,k,n,r,p_r,rho,p_rho
minutes,ALL,T1,cfnai,-9,99,0.222,0.0272,0.1994,0.0478
minutes,ALL,T1,cfnai,-8,99,0.1877,0.0628,0.2202,0.0285
minutes,ALL,T1,cfnai,-7,99,0.0949,0.3499,0.2182,0.03
minutes,ALL,T1,cfnai,-6,99,-0.0562,0.5806,0.1943,0.0539
minutes,ALL,T1,cfnai,-5,99,-0.143,0.158,0.104,0.3058
minutes,ALL,T1,cfnai,-4,99,-0.0601,0.5544,0.1385,0.1715
minutes,ALL,T1,cfnai,-3,99,-0.0058,0.9548,0.1467,0.1473
minutes,ALL,T1,cfnai,-2,99,-0.0389,0.702,0.0789,0.4378
minutes,ALL,T1,cfnai,-1,99,-0.0844,0.4064,0.0036,0.9721
minutes,ALL,T1,cfnai,0,99,-0.1615,0.1103,0.0128,0.8998
minutes,ALL,T1,cfnai,1,99,-0.0656,0.5189,0.0851,0.4021
minutes,ALL,T1,cfnai,2,99,-0.0853,0.4013,0.0618,0.5433
minutes,ALL,T1,cfnai,3,99,-0.115,0.2568,0.0138,0.8924
minutes,ALL,T1,cfnai,4,98,-0.0212,0.8357,0.0768,0.4522
minutes,ALL,T1,cfnai,5,97,-0.0302,0.7688,-0.041,0.6898
minutes,ALL,T1,cfnai,6,97,0.0315,0.7592,0.1328,0.1947
minutes,ALL,T1,cfnai,7,96,0.0161,0.8761,0.1715,0.0948
minutes,ALL,T1,cfnai,8,95,0.0623,0.5485,0.1158,0.2639
minutes,ALL,T1,cfnai,9,95,0.2345,0.0222,0.1433,0.1661
minutes,ALL,T1,vix,-9,99,-0.1448,0.1527,-0.0924,0.3629
minutes,ALL,T1,vix,-8,99,-0.0736,0.4691,-0.1076,0.2889
minutes,ALL,T1,vix,-7,99,-0.1038,0.3065,-0.0938,0.3559
minutes,ALL,T1,vix,-6,99,0.0151,0.8818,-0.0578,0.5699
minutes,ALL,T1,vix,-5,99,-0.0168,0.8686,-0.041,0.6868
minutes,ALL,T1,vix,-4,99,-0.0557,0.5838,-0.1012,0.3187
minutes,ALL,T1,vix,-3,99,-0.0052,0.9593,-0.1451,0.1519
minutes,ALL,T1,vix,-2,99,-0.0015,0.9883,-0.0468,0.6454
minutes,ALL,T1,vix,-1,99,0.068,0.5039,-0.0022,0.983
minutes,ALL,T1,vix,0,99,0.1258,0.2146,0.0739,0.4675
minutes,ALL,T1,vix,1,99,0.0651,0.5221,0.0437,0.6675
minutes,ALL,T1,vix,2,99,0.2388,0.0173,0.088,0.3863
minutes,ALL,T1,vix,3,99,0.1373,0.1755,0.0813,0.4237
minutes,ALL,T1,vix,4,98,0.1591,0.1177,0.1573,0.1219
minutes,ALL,T1,vix,5,97,0.2831,0.005,0.2072,0.0417
minutes,ALL,T1,vix,6,97,0.1889,0.0639,0.1678,0.1003
minutes,ALL,T1,vix,7,96,0.1813,0.077,0.1594,0.1208
minutes,ALL,T1,vix,8,95,0.1582,0.1257,0.2387,0.0198
minutes,ALL,T1,vix,9,95,0.0911,0.38,0.1287,0.214
minutes,ALL,T2,cfnai,-9,91,0.2435,0.02,0.2977,0.0042
minutes,ALL,T2,cfnai,-8,91,0.2166,0.0391,0.3005,0.0038
minutes,ALL,T2,cfnai,-7,91,0.2189,0.0371,0.3142,0.0024
minutes,ALL,T2,cfnai,-6,91,-0.0157,0.8828,0.3169,0.0022
minutes,ALL,T2,cfnai,-5,91,-0.02,0.851,0.2343,0.0254
minutes,ALL,T2,cfnai,-4,91,0.103,0.3311,0.2859,0.006
minutes,ALL,T2,cfnai,-3,91,0.1762,0.0948,0.2992,0.004
minutes,ALL,T2,cfnai,-2,91,0.1239,0.242,0.1532,0.1472
minutes,ALL,T2,cfnai,-1,91,0.0763,0.4721,0.0911,0.3905
minutes,ALL,T2,cfnai,0,91,0.0217,0.8383,0.097,0.3602
minutes,ALL,T2,cfnai,1,91,0.0902,0.395,0.1349,0.2024
minutes,ALL,T2,cfnai,2,91,0.0044,0.9668,0.1009,0.3412
minutes,ALL,T2,cfnai,3,91,-0.0143,0.8933,0.0127,0.9049
minutes,ALL,T2,cfnai,4,90,-0.0021,0.9842,0.0131,0.9022
minutes,ALL,T2,cfnai,5,89,-0.0469,0.6627,-0.0884,0.4099
minutes,ALL,T2,cfnai,6,89,-0.1781,0.0949,0.0125,0.9071
minutes,ALL,T2,cfnai,7,88,-0.0997,0.3552,0.0713,0.5094
minutes,ALL,T2,cfnai,8,87,-0.0229,0.8332,0.0235,0.8291
minutes,ALL,T2,cfnai,9,87,0.1949,0.0704,0.0266,0.8071
minutes,ALL,T2,vix,-9,91,-0.0718,0.4991,-0.0226,0.8316
minutes,ALL,T2,vix,-8,91,-0.0868,0.4134,-0.0928,0.3816
minutes,ALL,T2,vix,-7,91,-0.1103,0.2978,-0.0891,0.4008
minutes,ALL,T2,vix,-6,91,-0.0097,0.9275,-0.0397,0.709
minutes,ALL,T2,vix,-5,91,-0.0478,0.6526,-0.0326,0.7593
minutes,ALL,T2,vix,-4,91,-0.0799,0.4513,-0.1101,0.2988
minutes,ALL,T2,vix,-3,91,-0.1282,0.2257,-0.1758,0.0955
minutes,ALL,T2,vix,-2,91,-0.0654,0.5379,-0.075,0.4799
minutes,ALL,T2,vix,-1,91,-0.0803,0.4492,-0.0639,0.5473
minutes,ALL,T2,vix,0,91,-0.0296,0.7804,-0.0038,0.9716
minutes,ALL,T2,vix,1,91,-0.0893,0.3999,-0.0598,0.5737
minutes,ALL,T2,vix,2,91,0.0094,0.9295,-0.0319,0.764
minutes,ALL,T2,vix,3,91,-0.0103,0.9227,-0.0321,0.7628
minutes,ALL,T2,vix,4,90,0.0275,0.7973,0.0518,0.6275
minutes,ALL,T2,vix,5,89,0.2052,0.0537,0.1223,0.2537
minutes,ALL,T2,vix,6,89,0.1122,0.2953,0.0651,0.5442
minutes,ALL,T2,vix,7,88,0.112,0.2988,0.0803,0.457
minutes,ALL,T2,vix,8,87,0.0916,0.3986,0.1532,0.1567
minutes,ALL,T2,vix,9,87,0.0325,0.765,0.0696,0.5216
minutes,could,T1,cfnai,-9,198,0.1351,0.0578,-0.0452,0.5273
minutes,could,T1,cfnai,-8,198,0.1163,0.1027,0.0008,0.9914
minutes,could,T1,cfnai,-7,198,-0.0121,0.8659,-0.0961,0.178
minutes,could,T1,cfnai,-6,198,-0.1276,0.0733,-0.1028,0.1497
minutes,could,T1,cfnai,-5,198,-0.103,0.1489,-0.1028,0.1497
minutes,could,T1,cfnai,-4,198,0.0052,0.9417,-0.0456,0.5237
minutes,could,T1,cfnai,-3,198,0.0746,0.2963,-0.0591,0.4086
minutes,could,T1,cfnai,-2,198,0.0243,0.7343,-0.0805,0.2593
minutes,could,T1,cfnai,-1,198,-0.0303,0.6716,-0.1458,0.0405
minutes,could,T1,cfnai,0,198,-0.143,0.0445,-0.0921,0.1968
minutes,could,T1,cfnai,1,198,-0.0246,0.731,-0.0833,0.2435
minutes,could,T1,cfnai,2,198,-0.0604,0.3979,-0.1473,0.0383
minutes,could,T1,cfnai,3,198,-0.2299,0.0011,-0.1652,0.02
minutes,could,T1,cfnai,4,196,-0.2534,0.0003,-0.1572,0.0277
minutes,could,T1,cfnai,5,194,-0.2857,0.0001,-0.2553,0.0003
minutes,could,T1,cfnai,6,194,-0.1181,0.1011,-0.1498,0.0371
minutes,could,T1,cfnai,7,192,-0.0401,0.5806,0.0156,0.8295
minutes,could,T1,cfnai,8,190,0.0017,0.9814,-0.0076,0.9169
minutes,could,T1,cfnai,9,190,0.1856,0.0104,0.0349,0.633
minutes,could,T1,vix,-9,198,0.0151,0.833,0.0468,0.5128
minutes,could,T1,vix,-8,198,0.0728,0.3079,0.0652,0.3612
minutes,could,T1,vix,-7,198,0.0453,0.5262,0.0705,0.324
minutes,could,T1,vix,-6,198,0.0606,0.3961,0.0427,0.5502
minutes,could,T1,vix,-5,198,0.0726,0.3092,0.1043,0.1438
minutes,could,T1,vix,-4,198,-0.0344,0.6302,0.0602,0.3997
minutes,could,T1,vix,-3,198,-0.0177,0.8047,0.0392,0.5834
minutes,could,T1,vix,-2,198,0.023,0.7482,0.0825,0.248
minutes,could,T1,vix,-1,198,0.1294,0.0693,0.1487,0.0365
minutes,could,T1,vix,0,198,0.0656,0.3586,0.1709,0.0161
minutes,could,T1,vix,1,198,0.0504,0.4811,0.1027,0.1499
minutes,could,T1,vix,2,198,0.2207,0.0018,0.0739,0.301
minutes,could,T1,vix,3,198,0.1889,0.0077,0.1171,0.1003
minutes,could,T1,vix,4,196,0.2108,0.003,0.1535,0.0317
minutes,could,T1,vix,5,194,0.3894,0.0,0.2688,0.0002
minutes,could,T1,vix,6,194,0.2572,0.0003,0.2046,0.0042
minutes,could,T1,vix,7,192,0.2066,0.004,0.1623,0.0245
minutes,could,T1,vix,8,190,0.2084,0.0039,0.2094,0.0037
minutes,could,T1,vix,9,190,0.2712,0.0002,0.2552,0.0004
minutes,could,T2,cfnai,-9,182,0.1594,0.0316,0.0052,0.9439
minutes,could,T2,cfnai,-8,182,0.1921,0.0094,0.0437,0.5583
minutes,could,T2,cfnai,-7,182,0.1475,0.0469,-0.0418,0.575
minutes,could,T2,cfnai,-6,182,-0.0618,0.4074,-0.0391,0.5999
minutes,could,T2,cfnai,-5,182,-0.0625,0.402,-0.0747,0.3161
minutes,could,T2,cfnai,-4,182,-0.0254,0.7332,-0.0384,0.6065
minutes,could,T2,cfnai,-3,182,-0.0155,0.8352,-0.0547,0.4634
minutes,could,T2,cfnai,-2,182,-0.0819,0.2715,-0.0976,0.1898
minutes,could,T2,cfnai,-1,182,-0.0801,0.2823,-0.1645,0.0265
minutes,could,T2,cfnai,0,182,-0.0959,0.1978,-0.0919,0.2174
minutes,could,T2,cfnai,1,182,-0.044,0.5549,-0.1061,0.1539
minutes,could,T2,cfnai,2,182,-0.1329,0.0737,-0.1646,0.0264
minutes,could,T2,cfnai,3,182,-0.2196,0.0029,-0.2091,0.0046
minutes,could,T2,cfnai,4,180,-0.1765,0.0178,-0.2032,0.0062
minutes,could,T2,cfnai,5,178,-0.2602,0.0005,-0.2911,0.0001
minutes,could,T2,cfnai,6,178,-0.382,0.0,-0.2661,0.0003
minutes,could,T2,cfnai,7,176,-0.1758,0.0196,-0.0871,0.2503
minutes,could,T2,cfnai,8,174,-0.0898,0.2385,-0.0963,0.2062
minutes,could,T2,cfnai,9,174,0.153,0.0439,-0.0644,0.3984
minutes,could,T2,vix,-9,182,0.0656,0.3792,0.0869,0.2432
minutes,could,T2,vix,-8,182,0.0165,0.8247,0.0226,0.7617
minutes,could,T2,vix,-7,182,0.0143,0.8485,0.0547,0.4633
minutes,could,T2,vix,-6,182,0.0315,0.6733,0.029,0.6971
minutes,could,T2,vix,-5,182,0.0333,0.6558,0.102,0.1708
minutes,could,T2,vix,-4,182,0.0109,0.8837,0.0521,0.4849
minutes,could,T2,vix,-3,182,-0.0492,0.5092,0.0272,0.7156
minutes,could,T2,vix,-2,182,0.0135,0.8568,0.0732,0.3261
minutes,could,T2,vix,-1,182,0.1031,0.1659,0.1387,0.0618
minutes,could,T2,vix,0,182,0.0883,0.2358,0.1747,0.0184
minutes,could,T2,vix,1,182,0.0093,0.9013,0.0678,0.363
minutes,could,T2,vix,2,182,-0.0186,0.8035,0.0145,0.8457
minutes,could,T2,vix,3,182,0.0855,0.251,0.0731,0.3266
minutes,could,T2,vix,4,180,0.1347,0.0714,0.1081,0.1485
minutes,could,T2,vix,5,178,0.3465,0.0,0.2434,0.0011
minutes,could,T2,vix,6,178,0.2277,0.0022,0.1711,0.0224
minutes,could,T2,vix,7,176,0.1985,0.0083,0.1472,0.0512
minutes,could,T2,vix,8,174,0.1714,0.0237,0.185,0.0145
minutes,could,T2,vix,9,174,0.2324,0.002,0.2364,0.0017
minutes,may,T1,cfnai,-9,198,0.123,0.0843,0.1862,0.0086
minutes,may,T1,cfnai,-8,198,0.1026,0.1504,0.0534,0.4546
minutes,may,T1,cfnai,-7,198,0.1274,0.0737,0.0517,0.4692
minutes,may,T1,cfnai,-6,198,0.027,0.7054,0.0564,0.4296
minutes,may,T1,cfnai,-5,198,-0.0031,0.9657,-0.0192,0.7879
minutes,may,T1,cfnai,-4,198,-0.0359,0.6155,-0.0464,0.5166
minutes,may,T1,cfnai,-3,198,0.0154,0.8292,-0.0717,0.3157
minutes,may,T1,cfnai,-2,198,-0.0404,0.5719,-0.0921,0.1969
minutes,may,T1,cfnai,-1,198,-0.1065,0.1355,-0.1192,0.0945
minutes,may,T1,cfnai,0,198,-0.2217,0.0017,-0.2156,0.0023
minutes,may,T1,cfnai,1,198,-0.1121,0.1159,-0.2912,0.0
minutes,may,T1,cfnai,2,198,-0.0756,0.2897,-0.2809,0.0001
minutes,may,T1,cfnai,3,198,0.0276,0.6995,-0.1792,0.0115
minutes,may,T1,cfnai,4,196,-0.0876,0.2221,-0.2459,0.0005
minutes,may,T1,cfnai,5,194,-0.1408,0.0502,-0.2461,0.0005
minutes,may,T1,cfnai,6,194,-0.1084,0.1326,-0.186,0.0094
minutes,may,T1,cfnai,7,192,0.0128,0.8597,-0.1177,0.1039
minutes,may,T1,cfnai,8,190,0.0267,0.7146,-0.1308,0.072
minutes,may,T1,cfnai,9,190,0.1468,0.0432,-0.0869,0.2334
minutes,may,T1,vix,-9,198,-0.1313,0.0651,-0.1159,0.1038
minutes,may,T1,vix,-8,198,-0.1594,0.0249,-0.1234,0.0833
minutes,may,T1,vix,-7,198,-0.1666,0.019,-0.2129,0.0026
minutes,may,T1,vix,-6,198,-0.1892,0.0076,-0.2069,0.0034
minutes,may,T1,vix,-5,198,-0.2103,0.0029,-0.2373,0.0008
minutes,may,T1,vix,-4,198,-0.223,0.0016,-0.1841,0.0094
minutes,may,T1,vix,-3,198,-0.1469,0.0389,-0.1449,0.0417
minutes,may,T1,vix,-2,198,-0.1568,0.0273,-0.1261,0.0766
minutes,may,T1,vix,-1,198,-0.1278,0.0728,-0.2671,0.0001
minutes,may,T1,vix,0,198,-0.1779,0.0121,-0.2237,0.0015
minutes,may,T1,vix,1,198,-0.2193,0.0019,-0.2347,0.0009
minutes,may,T1,vix,2,198,-0.078,0.2745,-0.1175,0.0993
minutes,may,T1,vix,3,198,-0.0033,0.9634,-0.0341,0.6339
minutes,may,T1,vix,4,196,-0.0057,0.9363,0.0036,0.9597
minutes,may,T1,vix,5,194,0.0319,0.6591,-0.0375,0.6033
minutes,may,T1,vix,6,194,-0.1089,0.1306,-0.1632,0.023
minutes,may,T1,vix,7,192,-0.1228,0.0896,-0.1182,0.1025
minutes,may,T1,vix,8,190,-0.1073,0.1408,-0.1035,0.1552
minutes,may,T1,vix,9,190,-0.1201,0.0987,-0.0156,0.8311
minutes,may,T2,cfnai,-9,182,0.1,0.1793,0.1046,0.1598
minutes,may,T2,cfnai,-8,182,-0.0053,0.9433,-0.0417,0.5761
minutes,may,T2,cfnai,-7,182,-0.0458,0.5393,-0.0257,0.7301
minutes,may,T2,cfnai,-6,182,-0.1759,0.0175,-0.0261,0.7262
minutes,may,T2,cfnai,-5,182,-0.1743,0.0186,-0.0711,0.3401
minutes,may,T2,cfnai,-4,182,-0.1331,0.0734,-0.057,0.4446
minutes,may,T2,cfnai,-3,182,-0.1753,0.0179,-0.1011,0.1743
minutes,may,T2,cfnai,-2,182,-0.0558,0.4545,-0.0308,0.6802
minutes,may,T2,cfnai,-1,182,-0.0992,0.1827,-0.0563,0.4504
minutes,may,T2,cfnai,0,182,-0.1542,0.0376,-0.1309,0.0783
minutes,may,T2,cfnai,1,182,-0.223,0.0025,-0.2285,0.0019
minutes,may,T2,cfnai,2,182,-0.2591,0.0004,-0.2506,0.0006
minutes,may,T2,cfnai,3,182,-0.1683,0.0232,-0.1854,0.0122
minutes,may,T2,cfnai,4,180,-0.1081,0.1486,-0.1963,0.0083
minutes,may,T2,cfnai,5,178,-0.1227,0.1028,-0.2142,0.0041
minutes,may,T2,cfnai,6,178,-0.0955,0.2049,-0.1186,0.1149
minutes,may,T2,cfnai,7,176,0.029,0.7024,-0.0744,0.3266
minutes,may,T2,cfnai,8,174,0.0676,0.3756,-0.0567,0.457
minutes,may,T2,cfnai,9,174,0.1715,0.0236,-0.0218,0.7748
minutes,may,T2,vix,-9,182,-0.0729,0.3278,-0.0979,0.1887
minutes,may,T2,vix,-8,182,-0.1112,0.1349,-0.1414,0.0569
minutes,may,T2,vix,-7,182,-0.0983,0.1866,-0.1664,0.0248
minutes,may,T2,vix,-6,182,-0.0883,0.2357,-0.1586,0.0325
minutes,may,T2,vix,-5,182,-0.1114,0.1342,-0.1537,0.0383
minutes,may,T2,vix,-4,182,-0.1495,0.044,-0.1071,0.15
minutes,may,T2,vix,-3,182,-0.0819,0.272,-0.0644,0.3878
minutes,may,T2,vix,-2,182,-0.0965,0.1949,-0.0626,0.4012
minutes,may,T2,vix,-1,182,-0.2344,0.0015,-0.2275,0.002
minutes,may,T2,vix,0,182,-0.1934,0.0089,-0.1657,0.0254
minutes,may,T2,vix,1,182,-0.1934,0.0089,-0.1793,0.0155
minutes,may,T2,vix,2,182,-0.0571,0.444,-0.0415,0.5782
minutes,may,T2,vix,3,182,0.0421,0.5722,0.0408,0.5842
minutes,may,T2,vix,4,180,0.04,0.5939,0.0778,0.2991
minutes,may,T2,vix,5,178,0.0416,0.5817,0.0054,0.9432
minutes,may,T2,vix,6,178,-0.1109,0.1405,-0.1409,0.0606
minutes,may,T2,vix,7,176,-0.1269,0.0934,-0.1044,0.1679
minutes,may,T2,vix,8,174,-0.1064,0.1625,-0.0794,0.2979
minutes,may,T2,vix,9,174,-0.1447,0.0567,-0.0028,0.9711
minutes,should,T1,cfnai,-9,198,0.1945,0.006,-0.0209,0.77
minutes,should,T1,cfnai,-8,198,0.2185,0.002,0.1043,0.1435
minutes,should,T1,cfnai,-7,198,0.1029,0.1492,0.0676,0.3442
minutes,should,T1,cfnai,-6,198,-0.0126,0.8607,0.0236,0.7418
minutes,should,T1,cfnai,-5,198,-0.0499,0.4852,-0.0922,0.1965
minutes,should,T1,cfnai,-4,198,0.035,0.624,-0.0129,0.8574
minutes,should,T1,cfnai,-3,198,0.0713,0.3181,0.101,0.1568
minutes,should,T1,cfnai,-2,198,0.0267,0.7093,0.0122,0.8643
minutes,should,T1,cfnai,-1,198,0.0374,0.6005,0.0694,0.3313
minutes,should,T1,cfnai,0,198,0.0034,0.9619,0.0761,0.2868
minutes,should,T1,cfnai,1,198,0.0148,0.8364,0.0709,0.3207
minutes,should,T1,cfnai,2,198,-0.0014,0.9843,0.0699,0.3281
minutes,should,T1,cfnai,3,198,-0.0633,0.3753,0.0352,0.6224
minutes,should,T1,cfnai,4,196,-0.0115,0.8734,0.088,0.2198
minutes,should,T1,cfnai,5,194,0.018,0.8037,0.0995,0.1675
minutes,should,T1,cfnai,6,194,0.0451,0.5328,0.1675,0.0196
minutes,should,T1,cfnai,7,192,-0.0377,0.604,0.1042,0.1505
minutes,should,T1,cfnai,8,190,-0.0462,0.5266,0.0224,0.759
minutes,should,T1,cfnai,9,190,0.0288,0.6936,0.0556,0.446
minutes,should,T1,vix,-9,198,-0.1771,0.0126,-0.049,0.4929
minutes,should,T1,vix,-8,198,-0.1234,0.0833,-0.0794,0.2662
minutes,should,T1,vix,-7,198,-0.182,0.0103,-0.1642,0.0208
minutes,should,T1,vix,-6,198,-0.1696,0.0169,-0.1383,0.052
minutes,should,T1,vix,-5,198,-0.1987,0.005,-0.1306,0.0667
minutes,should,T1,vix,-4,198,-0.1937,0.0062,-0.1722,0.0153
minutes,should,T1,vix,-3,198,-0.242,0.0006,-0.2144,0.0024
minutes,should,T1,vix,-2,198,-0.2897,0.0,-0.2515,0.0004
minutes,should,T1,vix,-1,198,-0.1824,0.0101,-0.1856,0.0089
minutes,should,T1,vix,0,198,-0.1909,0.0071,-0.1538,0.0305
minutes,should,T1,vix,1,198,-0.1924,0.0066,-0.1813,0.0106
minutes,should,T1,vix,2,198,-0.0438,0.5405,-0.1443,0.0425
minutes,should,T1,vix,3,198,-0.12,0.0923,-0.1428,0.0448
minutes,should,T1,vix,4,196,-0.1323,0.0645,-0.1372,0.0551
minutes,should,T1,vix,5,194,0.0537,0.4569,-0.0079,0.913
minutes,should,T1,vix,6,194,0.0844,0.2421,0.0662,0.3592
minutes,should,T1,vix,7,192,0.062,0.3926,0.0528,0.4668
minutes,should,T1,vix,8,190,0.0427,0.5589,0.0322,0.6588
minutes,should,T1,vix,9,190,-0.0258,0.7242,-0.0505,0.4892
minutes,should,T2,cfnai,-9,182,0.179,0.0156,-0.0694,0.3516
minutes,should,T2,cfnai,-8,182,0.178,0.0162,0.0902,0.2261
minutes,should,T2,cfnai,-7,182,0.1114,0.1344,0.043,0.5641
minutes,should,T2,cfnai,-6,182,-0.0763,0.3059,-0.0302,0.6859
minutes,should,T2,cfnai,-5,182,-0.1403,0.059,-0.1041,0.1619
minutes,should,T2,cfnai,-4,182,-0.0176,0.8134,-0.0303,0.6848
minutes,should,T2,cfnai,-3,182,0.0936,0.2089,0.1008,0.1756
minutes,should,T2,cfnai,-2,182,0.0888,0.2331,0.0638,0.392
minutes,should,T2,cfnai,-1,182,0.1177,0.1135,0.13,0.0804
minutes,should,T2,cfnai,0,182,0.1116,0.1336,0.1184,0.1115
minutes,should,T2,cfnai,1,182,0.1872,0.0114,0.1507,0.0423
minutes,should,T2,cfnai,2,182,0.0777,0.2972,0.1281,0.0849
minutes,should,T2,cfnai,3,182,0.1467,0.0482,0.124,0.0955
minutes,should,T2,cfnai,4,180,0.1291,0.0842,0.1915,0.01
minutes,should,T2,cfnai,5,178,0.1313,0.0807,0.1872,0.0124
minutes,should,T2,cfnai,6,178,0.0167,0.8251,0.2344,0.0016
minutes,should,T2,cfnai,7,176,-0.0593,0.4342,0.1615,0.0322
minutes,should,T2,cfnai,8,174,-0.0469,0.5384,0.055,0.4708
minutes,should,T2,cfnai,9,174,0.0331,0.6648,0.093,0.2222
minutes,should,T2,vix,-9,182,-0.1269,0.0878,-0.0287,0.7008
minutes,should,T2,vix,-8,182,-0.157,0.0343,-0.1007,0.1762
minutes,should,T2,vix,-7,182,-0.1977,0.0075,-0.1538,0.0382
minutes,should,T2,vix,-6,182,-0.1206,0.105,-0.1061,0.1541
minutes,should,T2,vix,-5,182,-0.1808,0.0146,-0.1125,0.1304
minutes,should,T2,vix,-4,182,-0.2157,0.0034,-0.1467,0.0481
minutes,should,T2,vix,-3,182,-0.2337,0.0015,-0.1792,0.0155
minutes,should,T2,vix,-2,182,-0.2662,0.0003,-0.2131,0.0039
minutes,should,T2,vix,-1,182,-0.2145,0.0036,-0.147,0.0477
minutes,should,T2,vix,0,182,-0.183,0.0134,-0.0991,0.183
minutes,should,T2,vix,1,182,-0.1561,0.0354,-0.1502,0.0429
minutes,should,T2,vix,2,182,-0.1229,0.0983,-0.1404,0.0588
minutes,should,T2,vix,3,182,-0.1452,0.0505,-0.1366,0.066
minutes,should,T2,vix,4,180,-0.1395,0.0618,-0.1382,0.0644
minutes,should,T2,vix,5,178,0.0599,0.4269,0.0123,0.8701
minutes,should,T2,vix,6,178,0.0933,0.2156,0.0802,0.287
minutes,should,T2,vix,7,176,0.0822,0.2782,0.0671,0.3761
minutes,should,T2,vix,8,174,0.0429,0.5738,0.0346,0.6507
minutes,should,T2,vix,9,174,-0.0407,0.5941,-0.0613,0.422
minutes,will,T1,cfnai,-9,198,0.0453,0.5267,0.025,0.7268
minutes,will,T1,cfnai,-8,198,0.0118,0.8689,-0.1523,0.0323
minutes,will,T1,cfnai,-7,198,-0.0461,0.5187,-0.1472,0.0385
minutes,will,T1,cfnai,-6,198,-0.0953,0.1818,-0.1036,0.1462
minutes,will,T1,cfnai,-5,198,-0.0837,0.2413,-0.1157,0.1044
minutes,will,T1,cfnai,-4,198,-0.0013,0.9853,-0.0208,0.7709
minutes,will,T1,cfnai,-3,198,0.0445,0.5335,-0.1324,0.0629
minutes,will,T1,cfnai,-2,198,0.0357,0.6178,-0.0908,0.2034
minutes,will,T1,cfnai,-1,198,0.0111,0.8766,-0.087,0.223
minutes,will,T1,cfnai,0,198,0.0022,0.9759,-0.1409,0.0477
minutes,will,T1,cfnai,1,198,0.0295,0.6803,-0.1209,0.0898
minutes,will,T1,cfnai,2,198,0.0272,0.7039,-0.1102,0.1222
minutes,will,T1,cfnai,3,198,-0.1022,0.152,-0.2588,0.0002
minutes,will,T1,cfnai,4,196,-0.1635,0.022,-0.3217,0.0
minutes,will,T1,cfnai,5,194,-0.1839,0.0103,-0.3525,0.0
minutes,will,T1,cfnai,6,194,-0.0156,0.829,-0.2105,0.0032
minutes,will,T1,cfnai,7,192,0.0502,0.4897,-0.1819,0.0115
minutes,will,T1,cfnai,8,190,0.0354,0.6278,-0.2323,0.0013
minutes,will,T1,cfnai,9,190,-0.0074,0.9197,-0.1811,0.0124
minutes,will,T1,vix,-9,198,-0.1126,0.1143,-0.0688,0.3356
minutes,will,T1,vix,-8,198,-0.0595,0.4048,-0.071,0.3205
minutes,will,T1,vix,-7,198,-0.0976,0.1715,-0.1396,0.0497
minutes,will,T1,vix,-6,198,-0.1184,0.0967,-0.1405,0.0484
minutes,will,T1,vix,-5,198,-0.0745,0.2972,-0.0489,0.4937
minutes,will,T1,vix,-4,198,-0.1197,0.093,-0.0424,0.553
minutes,will,T1,vix,-3,198,-0.1221,0.0867,-0.0966,0.1759
minutes,will,T1,vix,-2,198,-0.1092,0.1256,-0.1076,0.1315
minutes,will,T1,vix,-1,198,-0.1693,0.0171,-0.1994,0.0049
minutes,will,T1,vix,0,198,-0.1786,0.0118,-0.1621,0.0225
minutes,will,T1,vix,1,198,-0.167,0.0187,-0.1629,0.0219
minutes,will,T1,vix,2,198,-0.0555,0.4371,-0.0731,0.306
minutes,will,T1,vix,3,198,-0.0305,0.67,-0.0762,0.2861
minutes,will,T1,vix,4,196,-0.0511,0.4768,-0.0599,0.4043
minutes,will,T1,vix,5,194,-0.1092,0.1295,-0.1267,0.0784
minutes,will,T1,vix,6,194,-0.1171,0.1038,-0.1843,0.0101
minutes,will,T1,vix,7,192,-0.1575,0.0292,-0.1755,0.0149
minutes,will,T1,vix,8,190,-0.0949,0.1925,-0.0989,0.1746
minutes,will,T1,vix,9,190,-0.1008,0.1666,-0.0893,0.2206
minutes,will,T2,cfnai,-9,182,0.0334,0.6541,0.0118,0.8745
minutes,will,T2,cfnai,-8,182,-0.0408,0.584,-0.1686,0.0229
minutes,will,T2,cfnai,-7,182,-0.09,0.2267,-0.1779,0.0163
minutes,will,T2,cfnai,-6,182,-0.1177,0.1135,-0.1378,0.0636
minutes,will,T2,cfnai,-5,182,-0.0908,0.2228,-0.1317,0.0763
minutes,will,T2,cfnai,-4,182,-0.0819,0.2717,-0.0639,0.3914
minutes,will,T2,cfnai,-3,182,-0.1295,0.0814,-0.1655,0.0256
minutes,will,T2,cfnai,-2,182,-0.0595,0.4253,-0.1303,0.0795
minutes,will,T2,cfnai,-1,182,-0.1146,0.1236,-0.1444,0.0518
minutes,will,T2,cfnai,0,182,-0.1515,0.0412,-0.1811,0.0144
minutes,will,T2,cfnai,1,182,-0.1848,0.0125,-0.1733,0.0193
minutes,will,T2,cfnai,2,182,-0.1407,0.0581,-0.1723,0.02
minutes,will,T2,cfnai,3,182,-0.1811,0.0144,-0.2539,0.0005
minutes,will,T2,cfnai,4,180,-0.1321,0.077,-0.3135,0.0
minutes,will,T2,cfnai,5,178,-0.1403,0.0618,-0.3217,0.0
minutes,will,T2,cfnai,6,178,-0.0136,0.857,-0.2245,0.0026
minutes,will,T2,cfnai,7,176,0.057,0.4527,-0.1999,0.0078
minutes,will,T2,cfnai,8,174,0.0505,0.5081,-0.2349,0.0018
minutes,will,T2,cfnai,9,174,0.0024,0.9753,-0.1862,0.0139
minutes,will,T2,vix,-9,182,-0.0998,0.1801,-0.0654,0.3802
minutes,will,T2,vix,-8,182,-0.1183,0.1116,-0.0998,0.1803
minutes,will,T2,vix,-7,182,-0.1387,0.0619,-0.1583,0.0328
minutes,will,T2,vix,-6,182,-0.1751,0.0181,-0.1666,0.0246
minutes,will,T2,vix,-5,182,-0.1066,0.1521,-0.0809,0.2777
minutes,will,T2,vix,-4,182,-0.1239,0.0957,-0.0725,0.3307
minutes,will,T2,vix,-3,182,-0.1461,0.0491,-0.1254,0.0917
minutes,will,T2,vix,-2,182,-0.109,0.1429,-0.1094,0.1415
minutes,will,T2,vix,-1,182,-0.1578,0.0334,-0.19,0.0102
minutes,will,T2,vix,0,182,-0.1546,0.0372,-0.1382,0.0628
minutes,will,T2,vix,1,182,-0.1357,0.0679,-0.1427,0.0547
minutes,will,T2,vix,2,182,-0.0563,0.4504,-0.0568,0.4461
minutes,will,T2,vix,3,182,-0.0083,0.9112,-0.0667,0.3706
minutes,will,T2,vix,4,180,-0.0388,0.6051,-0.0594,0.428
minutes,will,T2,vix,5,178,-0.0974,0.1958,-0.1135,0.1315
minutes,will,T2,vix,6,178,-0.099,0.1888,-0.1867,0.0126
minutes,will,T2,vix,7,176,-0.1341,0.076,-0.1542,0.041
minutes,will,T2,vix,8,174,-0.0849,0.2654,-0.0923,0.2255
minutes,will,T2,vix,9,174,-0.0971,0.2024,-0.0793,0.2982
minutes,would,T1,cfnai,-9,198,0.0589,0.4101,0.168,0.018
minutes,would,T1,cfnai,-8,198,0.0324,0.6509,0.2333,0.0009
minutes,would,T1,cfnai,-7,198,0.0607,0.3958,0.2942,0.0
minutes,would,T1,cfnai,-6,198,0.0479,0.503,0.2718,0.0001
minutes,would,T1,cfnai,-5,198,-0.0667,0.3508,0.2286,0.0012
minutes,would,T1,cfnai,-4,198,-0.0854,0.2314,0.1955,0.0058
minutes,would,T1,cfnai,-3,198,-0.1116,0.1175,0.2389,0.0007
minutes,would,T1,cfnai,-2,198,-0.0577,0.4194,0.2092,0.0031
minutes,would,T1,cfnai,-1,198,-0.0408,0.568,0.1536,0.0307
minutes,would,T1,cfnai,0,198,-0.0087,0.9031,0.1358,0.0564
minutes,would,T1,cfnai,1,198,-0.0529,0.459,0.2323,0.001
minutes,would,T1,cfnai,2,198,-0.0584,0.4136,0.2543,0.0003
minutes,would,T1,cfnai,3,198,0.0815,0.2535,0.2532,0.0003
minutes,would,T1,cfnai,4,196,0.2937,0.0,0.3168,0.0
minutes,would,T1,cfnai,5,194,0.3302,0.0,0.2872,0.0
minutes,would,T1,cfnai,6,194,0.1715,0.0168,0.3728,0.0
minutes,would,T1,cfnai,7,192,0.0285,0.6947,0.2396,0.0008
minutes,would,T1,cfnai,8,190,0.0622,0.3937,0.2229,0.002
minutes,would,T1,cfnai,9,190,0.102,0.1614,0.2019,0.0052
minutes,would,T1,vix,-9,198,-0.0503,0.482,-0.0752,0.2924
minutes,would,T1,vix,-8,198,-0.0278,0.6974,-0.0651,0.3624
minutes,would,T1,vix,-7,198,-0.0094,0.8956,-0.0245,0.7324
minutes,would,T1,vix,-6,198,0.1452,0.0413,0.0348,0.6267
minutes,would,T1,vix,-5,198,0.0941,0.1871,0.0225,0.7534
minutes,would,T1,vix,-4,198,0.1399,0.0494,-0.0196,0.7845
minutes,would,T1,vix,-3,198,0.1656,0.0197,-0.0177,0.8043
minutes,would,T1,vix,-2,198,0.1458,0.0403,0.0341,0.633
minutes,would,T1,vix,-1,198,0.1382,0.0522,0.1172,0.1002
minutes,would,T1,vix,0,198,0.2982,0.0,0.1746,0.0139
minutes,would,T1,vix,1,198,0.2419,0.0006,0.1806,0.0109
minutes,would,T1,vix,2,198,0.1972,0.0054,0.1561,0.0281
minutes,would,T1,vix,3,198,0.061,0.3936,0.0648,0.3644
minutes,would,T1,vix,4,196,0.084,0.2417,0.0874,0.2232
minutes,would,T1,vix,5,194,0.0635,0.3788,0.0804,0.2649
minutes,would,T1,vix,6,194,0.0805,0.2644,0.1243,0.0841
minutes,would,T1,vix,7,192,0.1406,0.0517,0.1919,0.0077
minutes,would,T1,vix,8,190,0.0835,0.2519,0.192,0.008
minutes,would,T1,vix,9,190,-0.046,0.5286,0.0309,0.6723
minutes,would,T2,cfnai,-9,182,0.0824,0.2688,0.2863,0.0001
minutes,would,T2,cfnai,-8,182,0.0785,0.2924,0.3353,0.0
minutes,would,T2,cfnai,-7,182,0.1702,0.0216,0.4155,0.0
minutes,would,T2,cfnai,-6,182,0.1587,0.0323,0.4175,0.0
minutes,would,T2,cfnai,-5,182,0.1652,0.0258,0.3585,0.0
minutes,would,T2,cfnai,-4,182,0.2324,0.0016,0.3588,0.0
minutes,would,T2,cfnai,-3,182,0.3208,0.0,0.4122,0.0
minutes,would,T2,cfnai,-2,182,0.2404,0.0011,0.2923,0.0001
minutes,would,T2,cfnai,-1,182,0.2043,0.0057,0.2493,0.0007
minutes,would,T2,cfnai,0,182,0.1743,0.0186,0.184,0.0129
minutes,would,T2,cfnai,1,182,0.235,0.0014,0.2402,0.0011
minutes,would,T2,cfnai,2,182,0.2341,0.0015,0.2768,0.0002
minutes,would,T2,cfnai,3,182,0.2642,0.0003,0.2238,0.0024
minutes,would,T2,cfnai,4,180,0.2202,0.003,0.2341,0.0016
minutes,would,T2,cfnai,5,178,0.2357,0.0015,0.2247,0.0026
minutes,would,T2,cfnai,6,178,0.1127,0.1343,0.3022,0.0
minutes,would,T2,cfnai,7,176,-0.0184,0.8086,0.1785,0.0178
minutes,would,T2,cfnai,8,174,-0.0012,0.9871,0.1584,0.0369
minutes,would,T2,cfnai,9,174,0.0627,0.411,0.1189,0.1181
minutes,would,T2,vix,-9,182,-0.0318,0.6697,-0.0391,0.6
minutes,would,T2,vix,-8,182,0.0184,0.8055,-0.0147,0.8444
minutes,would,T2,vix,-7,182,0.0033,0.9648,-0.0128,0.8643
minutes,would,T2,vix,-6,182,0.1026,0.168,0.0449,0.5476
minutes,would,T2,vix,-5,182,0.0539,0.4697,0.0165,0.8253
minutes,would,T2,vix,-4,182,0.0543,0.4664,-0.0622,0.4043
minutes,would,T2,vix,-3,182,0.0269,0.7183,-0.0816,0.2737
minutes,would,T2,vix,-2,182,0.0492,0.5094,-0.0448,0.5483
minutes,would,T2,vix,-1,182,0.0183,0.8058,0.0183,0.8065
minutes,would,T2,vix,0,182,0.0752,0.3131,0.0563,0.4503
minutes,would,T2,vix,1,182,0.0444,0.5516,0.066,0.3757
minutes,would,T2,vix,2,182,0.1095,0.1412,0.038,0.6102
minutes,would,T2,vix,3,182,-0.0657,0.378,-0.0628,0.3996
minutes,would,T2,vix,4,180,-0.0436,0.561,-0.0279,0.7099
minutes,would,T2,vix,5,178,-0.0089,0.9062,-0.0316,0.6754
minutes,would,T2,vix,6,178,-0.0035,0.9634,0.0196,0.7955
minutes,would,T2,vix,7,176,0.0472,0.5338,0.1064,0.1599
minutes,would,T2,vix,8,174,0.0248,0.7455,0.1069,0.1604
minutes,would,T2,vix,9,174,-0.0756,0.3216,-0.0256,0.7371
press_conf,ALL,T1,cfnai,-9,80,0.196,0.0815,0.2651,0.0175
press_conf,ALL,T1,cfnai,-8,80,0.1284,0.2562,0.3194,0.0039
press_conf,ALL,T1,cfnai,-7,80,0.0755,0.5056,0.2078,0.0644
press_conf,ALL,T1,cfnai,-6,80,-0.0258,0.8205,0.1107,0.3281
press_conf,ALL,T1,cfnai,-5,80,-0.0834,0.4622,0.2402,0.0318
press_conf,ALL,T1,cfnai,-4,80,-0.0817,0.4713,0.2551,0.0224
press_conf,ALL,T1,cfnai,-3,80,0.0333,0.769,0.2625,0.0187
press_conf,ALL,T1,cfnai,-2,80,0.1105,0.3291,0.2165,0.0538
press_conf,ALL,T1,cfnai,-1,80,0.0646,0.5694,0.1409,0.2124
press_conf,ALL,T1,cfnai,0,80,-0.249,0.0259,0.0976,0.3889
press_conf,ALL,T1,cfnai,1,80,-0.1953,0.0825,0.1753,0.1198
press_conf,ALL,T1,cfnai,2,80,-0.1517,0.1792,0.1604,0.1552
press_conf,ALL,T1,cfnai,3,80,0.1511,0.1808,0.2569,0.0215
press_conf,ALL,T1,cfnai,4,79,0.2522,0.0249,0.2429,0.031
press_conf,ALL,T1,cfnai,5,78,0.2631,0.0199,0.2119,0.0625
press_conf,ALL,T1,cfnai,6,78,0.2076,0.0681,0.1884,0.0985
press_conf,ALL,T1,cfnai,7,77,0.1429,0.2151,0.1564,0.1742
press_conf,ALL,T1,cfnai,8,76,0.1778,0.1245,0.1327,0.2532
press_conf,ALL,T1,cfnai,9,76,0.1727,0.1357,0.1853,0.109
press_conf,ALL,T1,vix,-9,80,0.196,0.0815,0.1813,0.1075
press_conf,ALL,T1,vix,-8,80,0.1517,0.1791,0.2015,0.073
press_conf,ALL,T1,vix,-7,80,0.1783,0.1137,0.2022,0.072
press_conf,ALL,T1,vix,-6,80,0.2639,0.018,0.2198,0.0501
press_conf,ALL,T1,vix,-5,80,0.224,0.0458,0.2075,0.0648
press_conf,ALL,T1,vix,-4,80,0.1424,0.2078,0.1932,0.0859
press_conf,ALL,T1,vix,-3,80,0.1808,0.1085,0.2136,0.0571
press_conf,ALL,T1,vix,-2,80,0.2329,0.0376,0.25,0.0253
press_conf,ALL,T1,vix,-1,80,0.4376,0.0,0.3624,0.001
press_conf,ALL,T1,vix,0,80,0.3992,0.0002,0.344,0.0018
press_conf,ALL,T1,vix,1,80,0.3474,0.0016,0.2477,0.0267
press_conf,ALL,T1,vix,2,80,0.2354,0.0356,0.1655,0.1423
press_conf,ALL,T1,vix,3,80,0.1531,0.175,0.1986,0.0775
press_conf,ALL,T1,vix,4,79,0.1863,0.1003,0.1735,0.1262
press_conf,ALL,T1,vix,5,78,0.2192,0.0539,0.3372,0.0025
press_conf,ALL,T1,vix,6,78,0.1568,0.1703,0.2189,0.0542
press_conf,ALL,T1,vix,7,77,0.2255,0.0486,0.2168,0.0582
press_conf,ALL,T1,vix,8,76,0.0753,0.518,0.136,0.2414
press_conf,ALL,T1,vix,9,76,0.0022,0.9851,0.1183,0.3089
press_conf,ALL,T2,cfnai,-9,71,0.2742,0.0207,0.4191,0.0003
press_conf,ALL,T2,cfnai,-8,71,0.356,0.0023,0.4322,0.0002
press_conf,ALL,T2,cfnai,-7,71,0.3506,0.0027,0.328,0.0052
press_conf,ALL,T2,cfnai,-6,71,0.1065,0.3765,0.2845,0.0162
press_conf,ALL,T2,cfnai,-5,71,0.1327,0.2701,0.3509,0.0027
press_conf,ALL,T2,cfnai,-4,71,0.267,0.0244,0.427,0.0002
press_conf,ALL,T2,cfnai,-3,71,0.4043,0.0005,0.4172,0.0003
press_conf,ALL,T2,cfnai,-2,71,0.2947,0.0126,0.2575,0.0302
press_conf,ALL,T2,cfnai,-1,71,0.3228,0.006,0.2022,0.0909
press_conf,ALL,T2,cfnai,0,71,0.2289,0.0548,0.1856,0.1211
press_conf,ALL,T2,cfnai,1,71,0.3784,0.0011,0.2359,0.0476
press_conf,ALL,T2,cfnai,2,71,0.3029,0.0102,0.2616,0.0276
press_conf,ALL,T2,cfnai,3,71,0.2517,0.0342,0.2358,0.0478
press_conf,ALL,T2,cfnai,4,70,0.1046,0.3889,0.1756,0.146
press_conf,ALL,T2,cfnai,5,69,0.1371,0.2613,0.1567,0.1985
press_conf,ALL,T2,cfnai,6,69,0.1286,0.2924,0.0774,0.5271
press_conf,ALL,T2,cfnai,7,68,0.0837,0.4972,0.0266,0.8293
press_conf,ALL,T2,cfnai,8,67,0.1004,0.4187,0.0205,0.8691
press_conf,ALL,T2,cfnai,9,67,0.1319,0.2874,0.1005,0.4183
press_conf,ALL,T2,vix,-9,71,0.2741,0.0207,0.2673,0.0242
press_conf,ALL,T2,vix,-8,71,0.2829,0.0168,0.2547,0.0321
press_conf,ALL,T2,vix,-7,71,0.2525,0.0336,0.2309,0.0527
press_conf,ALL,T2,vix,-6,71,0.2094,0.0797,0.2338,0.0497
press_conf,ALL,T2,vix,-5,71,0.2311,0.0525,0.2511,0.0346
press_conf,ALL,T2,vix,-4,71,0.2866,0.0154,0.2527,0.0335
press_conf,ALL,T2,vix,-3,71,0.2173,0.0687,0.2412,0.0427
press_conf,ALL,T2,vix,-2,71,0.2397,0.0441,0.2592,0.0291
press_conf,ALL,T2,vix,-1,71,0.3312,0.0048,0.3383,0.0039
press_conf,ALL,T2,vix,0,71,0.2578,0.03,0.3027,0.0103
press_conf,ALL,T2,vix,1,71,0.1357,0.259,0.1543,0.1988
press_conf,ALL,T2,vix,2,71,0.0906,0.4524,0.0515,0.6697
press_conf,ALL,T2,vix,3,71,0.0374,0.7566,0.1316,0.2741
press_conf,ALL,T2,vix,4,70,0.0856,0.4813,0.1135,0.3494
press_conf,ALL,T2,vix,5,69,0.1458,0.2319,0.2798,0.0199
press_conf,ALL,T2,vix,6,69,0.0657,0.5917,0.1629,0.1811
press_conf,ALL,T2,vix,7,68,0.1528,0.2134,0.1751,0.1532
press_conf,ALL,T2,vix,8,67,0.0209,0.8667,0.0798,0.5208
press_conf,ALL,T2,vix,9,67,-0.0491,0.693,0.0614,0.6215
press_conf,can,T1,cfnai,-9,160,-0.082,0.3025,-0.209,0.008
press_conf,can,T1,cfnai,-8,160,-0.0201,0.8011,-0.1216,0.1255
press_conf,can,T1,cfnai,-7,160,-0.0401,0.6151,-0.1868,0.018
press_conf,can,T1,cfnai,-6,160,-0.018,0.821,-0.1333,0.0928
press_conf,can,T1,cfnai,-5,160,-0.0806,0.3109,-0.1606,0.0425
press_conf,can,T1,cfnai,-4,160,-0.0943,0.2357,-0.1608,0.0422
press_conf,can,T1,cfnai,-3,160,-0.2412,0.0021,-0.0677,0.3948
press_conf,can,T1,cfnai,-2,160,-0.2073,0.0085,0.0682,0.3918
press_conf,can,T1,cfnai,-1,160,-0.2174,0.0058,-0.0209,0.7927
press_conf,can,T1,cfnai,0,160,-0.1763,0.0258,-0.0386,0.6275
press_conf,can,T1,cfnai,1,160,-0.0615,0.4401,0.0146,0.8542
press_conf,can,T1,cfnai,2,160,-0.0126,0.8743,0.0362,0.6491
press_conf,can,T1,cfnai,3,160,0.2272,0.0039,0.1373,0.0834
press_conf,can,T1,cfnai,4,158,0.1587,0.0465,0.1888,0.0175
press_conf,can,T1,cfnai,5,156,0.1225,0.1275,0.1588,0.0477
press_conf,can,T1,cfnai,6,156,0.0317,0.6947,-0.0128,0.8742
press_conf,can,T1,cfnai,7,154,-0.118,0.1449,-0.0636,0.4334
press_conf,can,T1,cfnai,8,152,-0.0998,0.221,0.0382,0.6404
press_conf,can,T1,cfnai,9,152,0.0567,0.4876,0.1045,0.2002
press_conf,can,T1,vix,-9,160,0.073,0.3592,0.1039,0.1911
press_conf,can,T1,vix,-8,160,0.1157,0.145,0.1651,0.037
press_conf,can,T1,vix,-7,160,0.0499,0.5306,0.094,0.2373
press_conf,can,T1,vix,-6,160,0.0451,0.5711,0.084,0.2908
press_conf,can,T1,vix,-5,160,0.0816,0.3048,0.1399,0.0776
press_conf,can,T1,vix,-4,160,0.2846,0.0003,0.2506,0.0014
press_conf,can,T1,vix,-3,160,0.312,0.0001,0.2646,0.0007
press_conf,can,T1,vix,-2,160,0.3626,0.0,0.321,0.0
press_conf,can,T1,vix,-1,160,0.5201,0.0,0.4025,0.0
press_conf,can,T1,vix,0,160,0.3601,0.0,0.3983,0.0
press_conf,can,T1,vix,1,160,0.352,0.0,0.3684,0.0
press_conf,can,T1,vix,2,160,0.2486,0.0015,0.3636,0.0
press_conf,can,T1,vix,3,160,0.2559,0.0011,0.2967,0.0001
press_conf,can,T1,vix,4,158,0.3444,0.0,0.3635,0.0
press_conf,can,T1,vix,5,156,0.3268,0.0,0.465,0.0
press_conf,can,T1,vix,6,156,0.4445,0.0,0.4482,0.0
press_conf,can,T1,vix,7,154,0.492,0.0,0.4562,0.0
press_conf,can,T1,vix,8,152,0.2159,0.0076,0.342,0.0
press_conf,can,T1,vix,9,152,0.1029,0.2071,0.3124,0.0001
press_conf,can,T2,cfnai,-9,142,-0.0805,0.3407,-0.1301,0.1228
press_conf,can,T2,cfnai,-8,142,-0.0092,0.9134,-0.0391,0.6437
press_conf,can,T2,cfnai,-7,142,0.0174,0.8369,-0.0825,0.3292
press_conf,can,T2,cfnai,-6,142,0.1159,0.1698,0.0063,0.9403
press_conf,can,T2,cfnai,-5,142,0.0864,0.3069,-0.0263,0.756
press_conf,can,T2,cfnai,-4,142,0.0496,0.5576,-0.0479,0.571
press_conf,can,T2,cfnai,-3,142,0.1075,0.2029,0.0456,0.5897
press_conf,can,T2,cfnai,-2,142,0.152,0.0709,0.1341,0.1117
press_conf,can,T2,cfnai,-1,142,0.1171,0.165,0.0587,0.4879
press_conf,can,T2,cfnai,0,142,0.0388,0.6466,-0.016,0.8502
press_conf,can,T2,cfnai,1,142,-0.0467,0.5811,-0.0365,0.6662
press_conf,can,T2,cfnai,2,142,-0.0129,0.8793,-0.0195,0.8181
press_conf,can,T2,cfnai,3,142,-0.032,0.705,0.0383,0.6508
press_conf,can,T2,cfnai,4,140,-0.0555,0.515,0.0029,0.9728
press_conf,can,T2,cfnai,5,138,-0.0502,0.5585,-0.007,0.9349
press_conf,can,T2,cfnai,6,138,-0.0844,0.3248,-0.2352,0.0055
press_conf,can,T2,cfnai,7,136,-0.201,0.019,-0.2428,0.0044
press_conf,can,T2,cfnai,8,134,-0.2154,0.0124,-0.1356,0.1183
press_conf,can,T2,cfnai,9,134,-0.0023,0.9791,-0.0709,0.4154
press_conf,can,T2,vix,-9,142,0.2148,0.0103,0.198,0.0182
press_conf,can,T2,vix,-8,142,0.224,0.0074,0.2538,0.0023
press_conf,can,T2,vix,-7,142,0.1231,0.1445,0.1459,0.0832
press_conf,can,T2,vix,-6,142,0.0464,0.5832,0.0943,0.2641
press_conf,can,T2,vix,-5,142,0.1141,0.1765,0.1733,0.0392
press_conf,can,T2,vix,-4,142,0.1781,0.034,0.2517,0.0025
press_conf,can,T2,vix,-3,142,0.191,0.0228,0.2484,0.0029
press_conf,can,T2,vix,-2,142,0.2736,0.001,0.2651,0.0014
press_conf,can,T2,vix,-1,142,0.3075,0.0002,0.3006,0.0003
press_conf,can,T2,vix,0,142,0.272,0.0011,0.2802,0.0007
press_conf,can,T2,vix,1,142,0.2593,0.0018,0.2731,0.001
press_conf,can,T2,vix,2,142,0.19,0.0236,0.2778,0.0008
press_conf,can,T2,vix,3,142,0.1728,0.0397,0.2001,0.0169
press_conf,can,T2,vix,4,140,0.2755,0.001,0.2773,0.0009
press_conf,can,T2,vix,5,138,0.2822,0.0008,0.4356,0.0
press_conf,can,T2,vix,6,138,0.4071,0.0,0.3879,0.0
press_conf,can,T2,vix,7,136,0.4773,0.0,0.4237,0.0
press_conf,can,T2,vix,8,134,0.1917,0.0265,0.3041,0.0004
press_conf,can,T2,vix,9,134,0.0951,0.2743,0.3157,0.0002
press_conf,could,T1,cfnai,-9,160,0.0789,0.3212,0.1728,0.0288
press_conf,could,T1,cfnai,-8,160,-0.004,0.9601,0.0266,0.7389
press_conf,could,T1,cfnai,-7,160,-0.0318,0.6901,-0.0147,0.8535
press_conf,could,T1,cfnai,-6,160,-0.0841,0.2906,0.0121,0.8795
press_conf,could,T1,cfnai,-5,160,-0.0006,0.9935,0.0659,0.4075
press_conf,could,T1,cfnai,-4,160,0.0489,0.5393,0.1172,0.1399
press_conf,could,T1,cfnai,-3,160,0.0156,0.8451,0.1532,0.0531
press_conf,could,T1,cfnai,-2,160,-0.1577,0.0464,0.0615,0.4399
press_conf,could,T1,cfnai,-1,160,-0.1669,0.0349,0.0843,0.2895
press_conf,could,T1,cfnai,0,160,0.027,0.7346,0.0824,0.3004
press_conf,could,T1,cfnai,1,160,0.2975,0.0001,0.2714,0.0005
press_conf,could,T1,cfnai,2,160,0.3277,0.0,0.2869,0.0002
press_conf,could,T1,cfnai,3,160,0.1691,0.0325,0.2292,0.0036
press_conf,could,T1,cfnai,4,158,0.0047,0.9531,0.0197,0.8059
press_conf,could,T1,cfnai,5,156,0.0176,0.8278,0.0206,0.7981
press_conf,could,T1,cfnai,6,156,0.0378,0.639,0.0626,0.4374
press_conf,could,T1,cfnai,7,154,0.0262,0.7469,0.0569,0.4836
press_conf,could,T1,cfnai,8,152,0.0482,0.5557,0.0625,0.4442
press_conf,could,T1,cfnai,9,152,0.1114,0.172,0.0376,0.6452
press_conf,could,T1,vix,-9,160,-0.2033,0.0099,-0.1563,0.0484
press_conf,could,T1,vix,-8,160,-0.1725,0.0291,-0.1963,0.0128
press_conf,could,T1,vix,-7,160,-0.2414,0.0021,-0.2434,0.0019
press_conf,could,T1,vix,-6,160,-0.1785,0.024,-0.1609,0.042
press_conf,could,T1,vix,-5,160,-0.2651,0.0007,-0.2066,0.0088
press_conf,could,T1,vix,-4,160,-0.206,0.009,-0.2266,0.004
press_conf,could,T1,vix,-3,160,-0.0667,0.402,-0.2113,0.0073
press_conf,could,T1,vix,-2,160,-0.129,0.1041,-0.2192,0.0054
press_conf,could,T1,vix,-1,160,-0.113,0.1547,-0.2276,0.0038
press_conf,could,T1,vix,0,160,-0.3234,0.0,-0.3315,0.0
press_conf,could,T1,vix,1,160,-0.3647,0.0,-0.3455,0.0
press_conf,could,T1,vix,2,160,-0.2467,0.0017,-0.2762,0.0004
press_conf,could,T1,vix,3,160,-0.2338,0.0029,-0.1869,0.018
press_conf,could,T1,vix,4,158,-0.2229,0.0049,-0.146,0.0672
press_conf,could,T1,vix,5,156,-0.1918,0.0165,-0.2421,0.0023
press_conf,could,T1,vix,6,156,-0.3008,0.0001,-0.2967,0.0002
press_conf,could,T1,vix,7,154,-0.317,0.0001,-0.252,0.0016
press_conf,could,T1,vix,8,152,-0.3022,0.0002,-0.2699,0.0008
press_conf,could,T1,vix,9,152,-0.1855,0.0221,-0.181,0.0256
press_conf,could,T2,cfnai,-9,142,0.0805,0.341,0.1566,0.0627
press_conf,could,T2,cfnai,-8,142,-0.0117,0.8902,0.049,0.5626
press_conf,could,T2,cfnai,-7,142,-0.0347,0.6821,0.019,0.8222
press_conf,could,T2,cfnai,-6,142,-0.1351,0.1089,-0.0119,0.8878
press_conf,could,T2,cfnai,-5,142,-0.0863,0.3071,0.0097,0.9085
press_conf,could,T2,cfnai,-4,142,-0.025,0.7674,0.0402,0.6344
press_conf,could,T2,cfnai,-3,142,0.0381,0.6527,0.119,0.1585
press_conf,could,T2,cfnai,-2,142,0.0553,0.5135,0.0831,0.3253
press_conf,could,T2,cfnai,-1,142,0.049,0.5628,0.0994,0.2391
press_conf,could,T2,cfnai,0,142,0.0671,0.4276,0.0628,0.4578
press_conf,could,T2,cfnai,1,142,0.1547,0.0661,0.2067,0.0136
press_conf,could,T2,cfnai,2,142,0.167,0.047,0.2114,0.0116
press_conf,could,T2,cfnai,3,142,0.247,0.003,0.1882,0.0249
press_conf,could,T2,cfnai,4,140,0.1842,0.0294,0.0798,0.3489
press_conf,could,T2,cfnai,5,138,0.1989,0.0193,0.0734,0.3924
press_conf,could,T2,cfnai,6,138,0.1318,0.1232,0.1631,0.0559
press_conf,could,T2,cfnai,7,136,0.0693,0.4229,0.1605,0.062
press_conf,could,T2,cfnai,8,134,0.1106,0.2031,0.2091,0.0153
press_conf,could,T2,cfnai,9,134,0.1458,0.0928,0.141,0.1041
press_conf,could,T2,vix,-9,142,-0.2866,0.0005,-0.2256,0.007
press_conf,could,T2,vix,-8,142,-0.3206,0.0001,-0.294,0.0004
press_conf,could,T2,vix,-7,142,-0.2896,0.0005,-0.252,0.0025
press_conf,could,T2,vix,-6,142,-0.2346,0.0049,-0.1934,0.0211
press_conf,could,T2,vix,-5,142,-0.3248,0.0001,-0.2483,0.0029
press_conf,could,T2,vix,-4,142,-0.376,0.0,-0.3517,0.0
press_conf,could,T2,vix,-3,142,-0.3823,0.0,-0.3538,0.0
press_conf,could,T2,vix,-2,142,-0.354,0.0,-0.3535,0.0
press_conf,could,T2,vix,-1,142,-0.2013,0.0163,-0.2885,0.0005
press_conf,could,T2,vix,0,142,-0.3512,0.0,-0.3508,0.0
press_conf,could,T2,vix,1,142,-0.3661,0.0,-0.3422,0.0
press_conf,could,T2,vix,2,142,-0.2717,0.0011,-0.2548,0.0022
press_conf,could,T2,vix,3,142,-0.223,0.0076,-0.1739,0.0384
press_conf,could,T2,vix,4,140,-0.2393,0.0044,-0.114,0.1801
press_conf,could,T2,vix,5,138,-0.1933,0.0231,-0.2287,0.007
press_conf,could,T2,vix,6,138,-0.2827,0.0008,-0.2661,0.0016
press_conf,could,T2,vix,7,136,-0.3037,0.0003,-0.2183,0.0107
press_conf,could,T2,vix,8,134,-0.3007,0.0004,-0.2377,0.0057
press_conf,could,T2,vix,9,134,-0.1853,0.032,-0.1621,0.0614
press_conf,may,T1,cfnai,-9,160,0.171,0.0307,0.0976,0.2195
press_conf,may,T1,cfnai,-8,160,-0.0399,0.6165,0.0539,0.4983
press_conf,may,T1,cfnai,-7,160,-0.1316,0.0973,0.0295,0.7111
press_conf,may,T1,cfnai,-6,160,-0.1709,0.0307,0.0003,0.9972
press_conf,may,T1,cfnai,-5,160,-0.0191,0.8102,0.0197,0.8045
press_conf,may,T1,cfnai,-4,160,0.0837,0.2927,0.0748,0.347
press_conf,may,T1,cfnai,-3,160,0.0925,0.2447,0.0738,0.3539
press_conf,may,T1,cfnai,-2,160,0.0239,0.7641,0.0192,0.8099
press_conf,may,T1,cfnai,-1,160,0.0084,0.9159,0.007,0.9301
press_conf,may,T1,cfnai,0,160,0.0009,0.9906,0.0393,0.6216
press_conf,may,T1,cfnai,1,160,0.1441,0.0691,0.0663,0.4048
press_conf,may,T1,cfnai,2,160,0.1512,0.0562,0.0582,0.4649
press_conf,may,T1,cfnai,3,160,0.1031,0.1944,0.0574,0.471
press_conf,may,T1,cfnai,4,158,-0.0686,0.3921,-0.027,0.7366
press_conf,may,T1,cfnai,5,156,-0.0801,0.3202,-0.0521,0.5183
press_conf,may,T1,cfnai,6,156,-0.0189,0.8147,-0.0136,0.8665
press_conf,may,T1,cfnai,7,154,0.1209,0.1354,0.0655,0.4199
press_conf,may,T1,cfnai,8,152,0.1843,0.0231,0.1283,0.1152
press_conf,may,T1,cfnai,9,152,0.1452,0.0742,0.139,0.0876
press_conf,may,T1,vix,-9,160,0.1663,0.0356,0.0958,0.2284
press_conf,may,T1,vix,-8,160,0.2088,0.0081,0.1674,0.0343
press_conf,may,T1,vix,-7,160,0.1498,0.0586,0.1408,0.0758
press_conf,may,T1,vix,-6,160,0.1593,0.0442,0.1926,0.0147
press_conf,may,T1,vix,-5,160,0.0388,0.6262,0.0522,0.5125
press_conf,may,T1,vix,-4,160,-0.0303,0.704,0.0708,0.3737
press_conf,may,T1,vix,-3,160,0.0517,0.516,0.0414,0.6028
press_conf,may,T1,vix,-2,160,0.1255,0.1138,0.1462,0.0651
press_conf,may,T1,vix,-1,160,-0.0025,0.9751,-0.0462,0.5618
press_conf,may,T1,vix,0,160,-0.168,0.0337,-0.0872,0.2727
press_conf,may,T1,vix,1,160,-0.1726,0.0291,-0.1449,0.0675
press_conf,may,T1,vix,2,160,-0.0844,0.2886,-0.0808,0.3099
press_conf,may,T1,vix,3,160,-0.1107,0.1633,-0.0864,0.2772
press_conf,may,T1,vix,4,158,-0.1547,0.0522,-0.1324,0.0972
press_conf,may,T1,vix,5,156,-0.0992,0.218,-0.0979,0.2241
press_conf,may,T1,vix,6,156,-0.2401,0.0025,-0.1654,0.0391
press_conf,may,T1,vix,7,154,-0.3265,0.0,-0.2814,0.0004
press_conf,may,T1,vix,8,152,-0.2163,0.0074,-0.2174,0.0071
press_conf,may,T1,vix,9,152,-0.0784,0.3371,-0.1676,0.039
press_conf,may,T2,cfnai,-9,142,0.1993,0.0174,0.1335,0.1132
press_conf,may,T2,cfnai,-8,142,0.079,0.3502,0.103,0.2227
press_conf,may,T2,cfnai,-7,142,0.0312,0.7123,0.0961,0.2554
press_conf,may,T2,cfnai,-6,142,-0.1008,0.2328,0.0482,0.5692
press_conf,may,T2,cfnai,-5,142,-0.1029,0.2229,-0.0107,0.8994
press_conf,may,T2,cfnai,-4,142,-0.08,0.3438,-0.0095,0.9109
press_conf,may,T2,cfnai,-3,142,-0.0751,0.3744,0.0022,0.9793
press_conf,may,T2,cfnai,-2,142,-0.0533,0.5289,-0.0507,0.5489
press_conf,may,T2,cfnai,-1,142,-0.0155,0.8551,-0.066,0.4351
press_conf,may,T2,cfnai,0,142,-0.0114,0.8928,-0.0151,0.8581
press_conf,may,T2,cfnai,1,142,0.0307,0.7168,-0.031,0.7138
press_conf,may,T2,cfnai,2,142,-0.0589,0.486,-0.0156,0.8534
press_conf,may,T2,cfnai,3,142,-0.0121,0.8867,-0.0253,0.7648
press_conf,may,T2,cfnai,4,140,-0.0339,0.6911,-0.065,0.4452
press_conf,may,T2,cfnai,5,138,-0.0291,0.7347,-0.0912,0.2873
press_conf,may,T2,cfnai,6,138,0.0356,0.6784,-0.0264,0.7589
press_conf,may,T2,cfnai,7,136,0.1609,0.0613,0.0517,0.5502
press_conf,may,T2,cfnai,8,134,0.2205,0.0105,0.1504,0.0829
press_conf,may,T2,cfnai,9,134,0.167,0.0537,0.1607,0.0636
press_conf,may,T2,vix,-9,142,0.1002,0.2353,0.0655,0.4389
press_conf,may,T2,vix,-8,142,0.1181,0.1616,0.1029,0.2229
press_conf,may,T2,vix,-7,142,0.0861,0.3082,0.1085,0.1988
press_conf,may,T2,vix,-6,142,0.1184,0.1606,0.1344,0.1109
press_conf,may,T2,vix,-5,142,-0.0326,0.6998,0.0097,0.9086
press_conf,may,T2,vix,-4,142,-0.0634,0.4532,0.0051,0.9517
press_conf,may,T2,vix,-3,142,-0.0234,0.7825,-0.0418,0.6218
press_conf,may,T2,vix,-2,142,0.0486,0.5655,0.0696,0.4104
press_conf,may,T2,vix,-1,142,-0.06,0.4782,-0.119,0.1582
press_conf,may,T2,vix,0,142,-0.1571,0.0618,-0.1274,0.1308
press_conf,may,T2,vix,1,142,-0.1686,0.0449,-0.1885,0.0246
press_conf,may,T2,vix,2,142,-0.0395,0.6409,-0.106,0.2094
press_conf,may,T2,vix,3,142,-0.0765,0.3653,-0.0973,0.2496
press_conf,may,T2,vix,4,140,-0.1372,0.106,-0.1264,0.1367
press_conf,may,T2,vix,5,138,-0.0836,0.3298,-0.0942,0.272
press_conf,may,T2,vix,6,138,-0.2175,0.0104,-0.1626,0.0568
press_conf,may,T2,vix,7,136,-0.3058,0.0003,-0.285,0.0008
press_conf,may,T2,vix,8,134,-0.1964,0.0229,-0.2326,0.0068
press_conf,may,T2,vix,9,134,-0.0658,0.4502,-0.192,0.0263
press_conf,should,T1,cfnai,-9,160,0.0572,0.4725,-0.0294,0.7119
press_conf,should,T1,cfnai,-8,160,0.0238,0.7653,0.0775,0.3302
press_conf,should,T1,cfnai,-7,160,-0.0636,0.4243,0.058,0.4666
press_conf,should,T1,cfnai,-6,160,-0.1365,0.0852,0.0149,0.8521
press_conf,should,T1,cfnai,-5,160,-0.0744,0.3499,0.0784,0.3244
press_conf,should,T1,cfnai,-4,160,-0.0049,0.9509,0.1108,0.1632
press_conf,should,T1,cfnai,-3,160,0.0046,0.9537,0.1394,0.0788
press_conf,should,T1,cfnai,-2,160,0.0929,0.2425,0.1735,0.0283
press_conf,should,T1,cfnai,-1,160,0.1294,0.1029,0.1441,0.069
press_conf,should,T1,cfnai,0,160,0.1083,0.1727,0.2308,0.0033
press_conf,should,T1,cfnai,1,160,0.0969,0.2228,0.2954,0.0001
press_conf,should,T1,cfnai,2,160,0.1119,0.1589,0.2978,0.0001
press_conf,should,T1,cfnai,3,160,0.1177,0.1384,0.2527,0.0013
press_conf,should,T1,cfnai,4,158,0.0132,0.8697,0.2112,0.0077
press_conf,should,T1,cfnai,5,156,0.0273,0.7355,0.1885,0.0185
press_conf,should,T1,cfnai,6,156,0.0267,0.7407,0.2427,0.0023
press_conf,should,T1,cfnai,7,154,0.0691,0.3942,0.1867,0.0205
press_conf,should,T1,cfnai,8,152,0.1284,0.1149,0.226,0.0051
press_conf,should,T1,cfnai,9,152,0.1103,0.1763,0.2015,0.0128
press_conf,should,T1,vix,-9,160,-0.1144,0.1497,-0.2147,0.0064
press_conf,should,T1,vix,-8,160,0.0024,0.9764,-0.1202,0.1301
press_conf,should,T1,vix,-7,160,-0.0775,0.3303,-0.1071,0.1778
press_conf,should,T1,vix,-6,160,0.029,0.7161,-0.0013,0.9874
press_conf,should,T1,vix,-5,160,-0.0048,0.9518,0.0131,0.8697
press_conf,should,T1,vix,-4,160,0.0411,0.606,0.0696,0.3821
press_conf,should,T1,vix,-3,160,-0.0235,0.7682,0.0233,0.7698
press_conf,should,T1,vix,-2,160,-0.0475,0.5508,0.032,0.6876
press_conf,should,T1,vix,-1,160,0.0346,0.664,0.036,0.6512
press_conf,should,T1,vix,0,160,-0.0224,0.7782,0.0859,0.2804
press_conf,should,T1,vix,1,160,-0.1008,0.2047,-0.0567,0.4766
press_conf,should,T1,vix,2,160,-0.0843,0.2892,0.0083,0.9174
press_conf,should,T1,vix,3,160,-0.0137,0.8631,0.0501,0.529
press_conf,should,T1,vix,4,158,-0.0372,0.6428,0.0615,0.4426
press_conf,should,T1,vix,5,156,-0.0276,0.7323,0.0976,0.2255
press_conf,should,T1,vix,6,156,-0.042,0.6026,0.1407,0.0798
press_conf,should,T1,vix,7,154,-0.0525,0.5177,-0.0005,0.9947
press_conf,should,T1,vix,8,152,-0.0589,0.4713,-0.0239,0.7705
press_conf,should,T1,vix,9,152,-0.0584,0.4749,-0.0601,0.4618
press_conf,should,T2,cfnai,-9,142,0.0739,0.3824,0.0203,0.8107
press_conf,should,T2,cfnai,-8,142,0.1186,0.1598,0.1361,0.1064
press_conf,should,T2,cfnai,-7,142,0.088,0.2978,0.1337,0.1128
press_conf,should,T2,cfnai,-6,142,-0.0678,0.4227,0.099,0.2411
press_conf,should,T2,cfnai,-5,142,-0.0292,0.7299,0.1295,0.1244
press_conf,should,T2,cfnai,-4,142,-0.0074,0.9304,0.105,0.2138
press_conf,should,T2,cfnai,-3,142,0.0755,0.3717,0.1114,0.1869
press_conf,should,T2,cfnai,-2,142,0.0375,0.6576,0.1019,0.2274
press_conf,should,T2,cfnai,-1,142,0.0817,0.3337,0.0657,0.4373
press_conf,should,T2,cfnai,0,142,0.0799,0.3447,0.133,0.1145
press_conf,should,T2,cfnai,1,142,0.208,0.013,0.2544,0.0023
press_conf,should,T2,cfnai,2,142,0.2028,0.0155,0.2669,0.0013
press_conf,should,T2,cfnai,3,142,0.1253,0.1374,0.2062,0.0138
press_conf,should,T2,cfnai,4,140,0.0117,0.8909,0.1868,0.0272
press_conf,should,T2,cfnai,5,138,0.0505,0.5564,0.1641,0.0544
press_conf,should,T2,cfnai,6,138,0.0803,0.3493,0.2642,0.0017
press_conf,should,T2,cfnai,7,136,0.1085,0.2087,0.2154,0.0118
press_conf,should,T2,cfnai,8,134,0.1323,0.1277,0.2029,0.0187
press_conf,should,T2,cfnai,9,134,0.1243,0.1526,0.2167,0.0119
press_conf,should,T2,vix,-9,142,-0.2209,0.0082,-0.2874,0.0005
press_conf,should,T2,vix,-8,142,-0.1169,0.1658,-0.1823,0.0299
press_conf,should,T2,vix,-7,142,-0.1841,0.0283,-0.2051,0.0143
press_conf,should,T2,vix,-6,142,-0.1277,0.1299,-0.1231,0.1445
press_conf,should,T2,vix,-5,142,-0.1278,0.1296,-0.0885,0.295
press_conf,should,T2,vix,-4,142,-0.0831,0.3253,-0.0317,0.7084
press_conf,should,T2,vix,-3,142,-0.0844,0.3177,-0.0737,0.3833
press_conf,should,T2,vix,-2,142,-0.1308,0.1207,-0.0768,0.3635
press_conf,should,T2,vix,-1,142,0.0067,0.937,-0.0511,0.5458
press_conf,should,T2,vix,0,142,0.0203,0.8109,0.0351,0.6783
press_conf,should,T2,vix,1,142,-0.128,0.1289,-0.112,0.1846
press_conf,should,T2,vix,2,142,-0.0696,0.4104,-0.0231,0.7852
press_conf,should,T2,vix,3,142,0.0234,0.7825,0.039,0.6449
press_conf,should,T2,vix,4,140,-0.0112,0.8959,0.0762,0.3711
press_conf,should,T2,vix,5,138,-0.0082,0.9236,0.1244,0.146
press_conf,should,T2,vix,6,138,-0.0256,0.7656,0.1751,0.0399
press_conf,should,T2,vix,7,136,-0.0136,0.8752,0.0347,0.6887
press_conf,should,T2,vix,8,134,-0.0339,0.6972,-0.0088,0.9198
press_conf,should,T2,vix,9,134,-0.0309,0.7231,-0.0348,0.6898
press_conf,will,T1,cfnai,-9,160,0.0695,0.3827,0.1386,0.0805
press_conf,will,T1,cfnai,-8,160,0.1056,0.184,0.2757,0.0004
press_conf,will,T1,cfnai,-7,160,0.0824,0.3,0.2219,0.0048
press_conf,will,T1,cfnai,-6,160,0.06,0.4511,0.137,0.084
press_conf,will,T1,cfnai,-5,160,-0.0439,0.5818,0.1513,0.0562
press_conf,will,T1,cfnai,-4,160,-0.0658,0.4082,0.1147,0.1487
press_conf,will,T1,cfnai,-3,160,0.0405,0.6114,0.1231,0.121
press_conf,will,T1,cfnai,-2,160,0.14,0.0775,0.1239,0.1186
press_conf,will,T1,cfnai,-1,160,0.0816,0.305,0.106,0.1823
press_conf,will,T1,cfnai,0,160,-0.2924,0.0002,0.05,0.53
press_conf,will,T1,cfnai,1,160,-0.4131,0.0,-0.0142,0.8588
press_conf,will,T1,cfnai,2,160,-0.4031,0.0,-0.1113,0.161
press_conf,will,T1,cfnai,3,160,-0.0508,0.5233,-0.03,0.7061
press_conf,will,T1,cfnai,4,158,0.2598,0.001,0.1294,0.1051
press_conf,will,T1,cfnai,5,156,0.3018,0.0001,0.1378,0.0862
press_conf,will,T1,cfnai,6,156,0.3104,0.0001,0.211,0.0082
press_conf,will,T1,cfnai,7,154,0.1863,0.0207,0.1193,0.1407
press_conf,will,T1,cfnai,8,152,0.1472,0.0704,0.0827,0.3108
press_conf,will,T1,cfnai,9,152,-0.0137,0.867,0.0772,0.3444
press_conf,will,T1,vix,-9,160,0.1944,0.0138,0.1741,0.0277
press_conf,will,T1,vix,-8,160,0.1724,0.0293,0.2618,0.0008
press_conf,will,T1,vix,-7,160,0.2293,0.0035,0.2718,0.0005
press_conf,will,T1,vix,-6,160,0.2464,0.0017,0.2574,0.001
press_conf,will,T1,vix,-5,160,0.2534,0.0012,0.2564,0.0011
press_conf,will,T1,vix,-4,160,0.1371,0.0838,0.1886,0.0169
press_conf,will,T1,vix,-3,160,0.1011,0.2034,0.1761,0.0259
press_conf,will,T1,vix,-2,160,0.1645,0.0376,0.2441,0.0019
press_conf,will,T1,vix,-1,160,0.3377,0.0,0.2995,0.0001
press_conf,will,T1,vix,0,160,0.5183,0.0,0.3567,0.0
press_conf,will,T1,vix,1,160,0.514,0.0,0.3851,0.0
press_conf,will,T1,vix,2,160,0.3514,0.0,0.2627,0.0008
press_conf,will,T1,vix,3,160,0.2062,0.0089,0.2149,0.0064
press_conf,will,T1,vix,4,158,0.2061,0.0094,0.1777,0.0255
press_conf,will,T1,vix,5,156,0.1479,0.0655,0.3116,0.0001
press_conf,will,T1,vix,6,156,0.2159,0.0068,0.3067,0.0001
press_conf,will,T1,vix,7,154,0.31,0.0001,0.3059,0.0001
press_conf,will,T1,vix,8,152,0.2809,0.0005,0.3412,0.0
press_conf,will,T1,vix,9,152,0.0802,0.3257,0.1459,0.0729
press_conf,will,T2,cfnai,-9,142,0.1099,0.1927,0.2623,0.0016
press_conf,will,T2,cfnai,-8,142,0.2375,0.0044,0.3554,0.0
press_conf,will,T2,cfnai,-7,142,0.247,0.003,0.2923,0.0004
press_conf,will,T2,cfnai,-6,142,0.2044,0.0147,0.2974,0.0003
press_conf,will,T2,cfnai,-5,142,0.1752,0.037,0.2875,0.0005
press_conf,will,T2,cfnai,-4,142,0.2291,0.0061,0.294,0.0004
press_conf,will,T2,cfnai,-3,142,0.268,0.0013,0.2694,0.0012
press_conf,will,T2,cfnai,-2,142,0.2246,0.0072,0.1393,0.0983
press_conf,will,T2,cfnai,-1,142,0.2134,0.0108,0.1554,0.0648
press_conf,will,T2,cfnai,0,142,0.1825,0.0297,0.1464,0.0822
press_conf,will,T2,cfnai,1,142,0.2296,0.006,0.1055,0.2114
press_conf,will,T2,cfnai,2,142,0.1268,0.1326,0.0264,0.755
press_conf,will,T2,cfnai,3,142,0.0615,0.4673,-0.0016,0.9853
press_conf,will,T2,cfnai,4,140,0.0517,0.5439,0.0473,0.5787
press_conf,will,T2,cfnai,5,138,0.1045,0.2225,0.0867,0.3119
press_conf,will,T2,cfnai,6,138,0.1886,0.0268,0.0803,0.3494
press_conf,will,T2,cfnai,7,136,0.095,0.2714,-0.0515,0.5513
press_conf,will,T2,cfnai,8,134,0.0354,0.6846,-0.0983,0.2586
press_conf,will,T2,cfnai,9,134,-0.1171,0.178,-0.0804,0.3559
press_conf,will,T2,vix,-9,142,0.3634,0.0,0.2856,0.0006
press_conf,will,T2,vix,-8,142,0.3953,0.0,0.3544,0.0
press_conf,will,T2,vix,-7,142,0.3465,0.0,0.2935,0.0004
press_conf,will,T2,vix,-6,142,0.3326,0.0001,0.3043,0.0002
press_conf,will,T2,vix,-5,142,0.3684,0.0,0.3198,0.0001
press_conf,will,T2,vix,-4,142,0.419,0.0,0.3105,0.0002
press_conf,will,T2,vix,-3,142,0.3308,0.0001,0.2938,0.0004
press_conf,will,T2,vix,-2,142,0.3357,0.0,0.3602,0.0
press_conf,will,T2,vix,-1,142,0.2506,0.0026,0.3297,0.0001
press_conf,will,T2,vix,0,142,0.3284,0.0001,0.3386,0.0
press_conf,will,T2,vix,1,142,0.324,0.0001,0.3196,0.0001
press_conf,will,T2,vix,2,142,0.1603,0.0567,0.1512,0.0724
press_conf,will,T2,vix,3,142,0.0417,0.6224,0.1312,0.1197
press_conf,will,T2,vix,4,140,0.0805,0.3447,0.0906,0.2868
press_conf,will,T2,vix,5,138,0.0414,0.6299,0.2486,0.0033
press_conf,will,T2,vix,6,138,0.0978,0.2538,0.2427,0.0041
press_conf,will,T2,vix,7,136,0.2018,0.0185,0.2492,0.0034
press_conf,will,T2,vix,8,134,0.24,0.0052,0.2849,0.0008
press_conf,will,T2,vix,9,134,0.0154,0.8595,0.0764,0.3804
press_conf,would,T1,cfnai,-9,160,0.2037,0.0098,0.242,0.002
press_conf,would,T1,cfnai,-8,160,0.0866,0.2763,0.2124,0.007
press_conf,would,T1,cfnai,-7,160,0.1068,0.179,0.1878,0.0174
press_conf,would,T1,cfnai,-6,160,-0.0001,0.9988,0.0709,0.3729
press_conf,would,T1,cfnai,-5,160,0.0049,0.9506,0.2033,0.0099
press_conf,would,T1,cfnai,-4,160,-0.0196,0.8059,0.2498,0.0014
press_conf,would,T1,cfnai,-3,160,0.1324,0.0952,0.27,0.0006
press_conf,would,T1,cfnai,-2,160,0.149,0.0601,0.2001,0.0112
press_conf,would,T1,cfnai,-1,160,0.1591,0.0445,0.1521,0.0548
press_conf,would,T1,cfnai,0,160,0.08,0.3146,0.0596,0.4543
press_conf,would,T1,cfnai,1,160,0.1425,0.0723,0.1322,0.0956
press_conf,would,T1,cfnai,2,160,0.1527,0.0539,0.2471,0.0016
press_conf,would,T1,cfnai,3,160,0.0576,0.4697,0.2125,0.007
press_conf,would,T1,cfnai,4,158,-0.0446,0.5778,0.0214,0.7893
press_conf,would,T1,cfnai,5,156,-0.0701,0.3843,-0.0699,0.3861
press_conf,would,T1,cfnai,6,156,-0.1439,0.073,-0.1001,0.214
press_conf,would,T1,cfnai,7,154,-0.0122,0.8806,-0.0044,0.9569
press_conf,would,T1,cfnai,8,152,0.0551,0.5003,-0.0249,0.7611
press_conf,would,T1,cfnai,9,152,0.1754,0.0307,0.0186,0.8201
press_conf,would,T1,vix,-9,160,0.0678,0.3942,0.0516,0.5173
press_conf,would,T1,vix,-8,160,-0.0695,0.3827,-0.0837,0.293
press_conf,would,T1,vix,-7,160,0.0055,0.9449,0.0254,0.7494
press_conf,would,T1,vix,-6,160,0.0741,0.3518,0.0188,0.8134
press_conf,would,T1,vix,-5,160,0.0445,0.5767,0.0144,0.8568
press_conf,would,T1,vix,-4,160,-0.0826,0.299,-0.0204,0.7976
press_conf,would,T1,vix,-3,160,-0.0319,0.689,0.0498,0.5321
press_conf,would,T1,vix,-2,160,-0.061,0.4436,-0.0876,0.2705
press_conf,would,T1,vix,-1,160,-0.0676,0.396,-0.0429,0.5905
press_conf,would,T1,vix,0,160,-0.1565,0.0481,-0.1031,0.1946
press_conf,would,T1,vix,1,160,-0.194,0.014,-0.1888,0.0168
press_conf,would,T1,vix,2,160,-0.1473,0.0631,-0.1694,0.0323
press_conf,would,T1,vix,3,160,-0.0978,0.2187,-0.0621,0.4353
press_conf,would,T1,vix,4,158,-0.0833,0.298,-0.0611,0.4459
press_conf,would,T1,vix,5,156,0.0465,0.5646,-0.0331,0.6816
press_conf,would,T1,vix,6,156,-0.1659,0.0384,-0.1771,0.027
press_conf,would,T1,vix,7,154,-0.1921,0.017,-0.1841,0.0223
press_conf,would,T1,vix,8,152,-0.2578,0.0013,-0.3021,0.0002
press_conf,would,T1,vix,9,152,-0.0822,0.3143,-0.1046,0.1997
press_conf,would,T2,cfnai,-9,142,0.2306,0.0058,0.267,0.0013
press_conf,would,T2,cfnai,-8,142,0.1991,0.0175,0.2111,0.0117
press_conf,would,T2,cfnai,-7,142,0.1935,0.021,0.1865,0.0263
press_conf,would,T2,cfnai,-6,142,-0.0744,0.3787,0.0505,0.5503
press_conf,would,T2,cfnai,-5,142,-0.0055,0.9483,0.1405,0.0954
press_conf,would,T2,cfnai,-4,142,0.1241,0.1412,0.2199,0.0086
press_conf,would,T2,cfnai,-3,142,0.2014,0.0162,0.2694,0.0012
press_conf,would,T2,cfnai,-2,142,0.0558,0.5096,0.1418,0.0922
press_conf,would,T2,cfnai,-1,142,0.1144,0.1751,0.0716,0.3974
press_conf,would,T2,cfnai,0,142,0.0486,0.5655,0.0213,0.8011
press_conf,would,T2,cfnai,1,142,0.1913,0.0226,0.1059,0.2098
press_conf,would,T2,cfnai,2,142,0.2091,0.0125,0.2665,0.0013
press_conf,would,T2,cfnai,3,142,0.2099,0.0122,0.234,0.0051
press_conf,would,T2,cfnai,4,140,0.0708,0.4061,0.1147,0.1774
press_conf,would,T2,cfnai,5,138,0.0294,0.7319,0.0165,0.848
press_conf,would,T2,cfnai,6,138,-0.0785,0.3601,-0.012,0.8888
press_conf,would,T2,cfnai,7,136,0.0299,0.7293,0.0531,0.5392
press_conf,would,T2,cfnai,8,134,0.1092,0.2092,0.0651,0.4547
press_conf,would,T2,cfnai,9,134,0.231,0.0072,0.1251,0.1496
press_conf,would,T2,vix,-9,142,-0.0318,0.7069,-0.0023,0.9782
press_conf,would,T2,vix,-8,142,-0.0942,0.2648,-0.1297,0.1239
press_conf,would,T2,vix,-7,142,0.0076,0.928,-0.0011,0.9893
press_conf,would,T2,vix,-6,142,-0.0424,0.6166,-0.0375,0.6575
press_conf,would,T2,vix,-5,142,-0.0219,0.7957,-0.0203,0.8103
press_conf,would,T2,vix,-4,142,-0.029,0.7321,-0.0532,0.5296
press_conf,would,T2,vix,-3,142,-0.0392,0.6434,0.0207,0.8072
press_conf,would,T2,vix,-2,142,-0.0785,0.3531,-0.1128,0.1815
press_conf,would,T2,vix,-1,142,0.0873,0.3014,0.0026,0.9754
press_conf,would,T2,vix,0,142,-0.0319,0.7059,-0.0438,0.6048
press_conf,would,T2,vix,1,142,-0.1536,0.0681,-0.1544,0.0665
press_conf,would,T2,vix,2,142,-0.055,0.5155,-0.1116,0.1861
press_conf,would,T2,vix,3,142,-0.0097,0.9087,0.0287,0.7345
press_conf,would,T2,vix,4,140,-0.0141,0.8688,0.0219,0.7971
press_conf,would,T2,vix,5,138,0.0972,0.2568,0.0032,0.9705
press_conf,would,T2,vix,6,138,-0.1086,0.2046,-0.1206,0.1589
press_conf,would,T2,vix,7,136,-0.1291,0.1343,-0.117,0.1749
press_conf,would,T2,vix,8,134,-0.2349,0.0063,-0.2688,0.0017
press_conf,would,T2,vix,9,134,-0.0635,0.4661,-0.0702,0.4205
speech,ALL,T1,cfnai,-9,124,-0.059,0.5152,-0.0004,0.9961
speech,ALL,T1,cfnai,-8,124,0.02,0.8256,0.016,0.8601
speech,ALL,T1,cfnai,-7,124,-0.0128,0.8874,-0.0937,0.3006
speech,ALL,T1,cfnai,-6,124,-0.0602,0.5068,-0.148,0.1009
speech,ALL,T1,cfnai,-5,124,-0.079,0.3833,-0.1505,0.0952
speech,ALL,T1,cfnai,-4,124,-0.0263,0.7717,-0.0634,0.4839
speech,ALL,T1,cfnai,-3,124,-0.008,0.9297,-0.0719,0.4277
speech,ALL,T1,cfnai,-2,124,-0.0885,0.3286,-0.0957,0.2906
speech,ALL,T1,cfnai,-1,124,-0.1053,0.2443,-0.0831,0.3587
speech,ALL,T1,cfnai,0,124,-0.1306,0.1483,0.04,0.6594
speech,ALL,T1,cfnai,1,124,-0.064,0.4798,0.0478,0.5982
speech,ALL,T1,cfnai,2,124,0.0426,0.6389,0.0743,0.4123
speech,ALL,T1,cfnai,3,123,0.1315,0.1471,0.0497,0.585
speech,ALL,T1,cfnai,4,123,0.1317,0.1464,0.0596,0.5125
speech,ALL,T1,cfnai,5,122,0.0432,0.6363,0.0326,0.7212
speech,ALL,T1,cfnai,6,122,0.0708,0.4386,-0.0024,0.979
speech,ALL,T1,cfnai,7,121,0.0787,0.3912,0.008,0.9302
speech,ALL,T1,cfnai,8,120,0.0546,0.5535,0.0059,0.9486
speech,ALL,T1,cfnai,9,120,-0.0252,0.785,0.0301,0.7445
speech,ALL,T1,vix,-9,124,0.0145,0.8729,-0.008,0.9296
speech,ALL,T1,vix,-8,124,0.019,0.834,0.0362,0.6898
speech,ALL,T1,vix,-7,124,0.0271,0.765,0.0458,0.6133
speech,ALL,T1,vix,-6,124,0.1111,0.2194,0.1492,0.0981
speech,ALL,T1,vix,-5,124,0.0101,0.9116,0.029,0.7492
speech,ALL,T1,vix,-4,124,0.0247,0.7857,0.0673,0.4577
speech,ALL,T1,vix,-3,124,0.098,0.2789,0.1244,0.1687
speech,ALL,T1,vix,-2,124,0.0214,0.8136,0.0038,0.9663
speech,ALL,T1,vix,-1,124,0.1275,0.1582,0.0385,0.6708
speech,ALL,T1,vix,0,124,0.0547,0.5459,-0.0103,0.91
speech,ALL,T1,vix,1,124,0.0247,0.7854,0.0038,0.967
speech,ALL,T1,vix,2,124,0.1337,0.1389,0.1136,0.209
speech,ALL,T1,vix,3,123,0.0172,0.8506,0.0094,0.9181
speech,ALL,T1,vix,4,123,0.0038,0.9667,-0.0122,0.8935
speech,ALL,T1,vix,5,122,-0.0584,0.5228,-0.0083,0.9281
speech,ALL,T1,vix,6,122,-0.0489,0.5928,-0.0212,0.8165
speech,ALL,T1,vix,7,121,-0.0706,0.4414,-0.0697,0.4476
speech,ALL,T1,vix,8,120,-0.079,0.391,-0.0891,0.3333
speech,ALL,T1,vix,9,120,0.0599,0.5158,-0.0011,0.9907
speech,ALL,T2,cfnai,-9,118,-0.0587,0.5276,0.0105,0.9103
speech,ALL,T2,cfnai,-8,118,0.0307,0.7415,0.0384,0.6793
speech,ALL,T2,cfnai,-7,118,0.0084,0.9279,-0.0583,0.5309
speech,ALL,T2,cfnai,-6,118,-0.0517,0.5781,-0.1137,0.2202
speech,ALL,T2,cfnai,-5,118,-0.1144,0.2175,-0.1253,0.1764
speech,ALL,T2,cfnai,-4,118,-0.0618,0.5059,-0.0288,0.7571
speech,ALL,T2,cfnai,-3,118,-0.0357,0.7015,-0.0564,0.5442
speech,ALL,T2,cfnai,-2,118,-0.0931,0.3159,-0.0742,0.4246
speech,ALL,T2,cfnai,-1,118,-0.1016,0.2737,-0.0474,0.6101
speech,ALL,T2,cfnai,0,118,0.0358,0.7001,0.0899,0.3329
speech,ALL,T2,cfnai,1,118,0.0368,0.6927,0.0666,0.4738
speech,ALL,T2,cfnai,2,118,0.0417,0.6537,0.0804,0.3867
speech,ALL,T2,cfnai,3,117,-0.035,0.7079,0.0045,0.9614
speech,ALL,T2,cfnai,4,117,-0.0095,0.9186,0.0213,0.8193
speech,ALL,T2,cfnai,5,116,-0.0013,0.9889,-0.0158,0.8664
speech,ALL,T2,cfnai,6,116,0.0512,0.5853,-0.055,0.5575
speech,ALL,T2,cfnai,7,115,0.0568,0.5463,-0.0423,0.6533
speech,ALL,T2,cfnai,8,114,0.0374,0.6927,-0.0284,0.7641
speech,ALL,T2,cfnai,9,114,-0.0359,0.7049,-0.0037,0.969
speech,ALL,T2,vix,-9,118,0.0265,0.776,0.0076,0.9353
speech,ALL,T2,vix,-8,118,0.0155,0.868,0.0232,0.8032
speech,ALL,T2,vix,-7,118,0.0282,0.762,0.0545,0.558
speech,ALL,T2,vix,-6,118,0.1317,0.1553,0.1667,0.0712
speech,ALL,T2,vix,-5,118,0.0347,0.7091,0.0533,0.5663
speech,ALL,T2,vix,-4,118,0.0321,0.7301,0.0703,0.4495
speech,ALL,T2,vix,-3,118,0.0676,0.4668,0.1184,0.2018
speech,ALL,T2,vix,-2,118,-0.0737,0.4278,-0.0365,0.695
speech,ALL,T2,vix,-1,118,0.0104,0.9112,-0.0126,0.8926
speech,ALL,T2,vix,0,118,-0.054,0.5616,-0.0675,0.4679
speech,ALL,T2,vix,1,118,-0.061,0.5117,-0.044,0.6359
speech,ALL,T2,vix,2,118,0.0795,0.3921,0.0763,0.4117
speech,ALL,T2,vix,3,117,-0.0533,0.5679,-0.0415,0.6571
speech,ALL,T2,vix,4,117,-0.0395,0.6721,-0.0611,0.5132
speech,ALL,T2,vix,5,116,-0.0898,0.3375,-0.0473,0.6144
speech,ALL,T2,vix,6,116,-0.0879,0.3482,-0.0575,0.5399
speech,ALL,T2,vix,7,115,-0.1024,0.2763,-0.1094,0.2444
speech,ALL,T2,vix,8,114,-0.1009,0.2855,-0.1223,0.1947
speech,ALL,T2,vix,9,114,0.0431,0.6491,-0.0345,0.7159
speech,can,T1,cfnai,-9,248,-0.0393,0.5377,0.0253,0.6914
speech,can,T1,cfnai,-8,248,-0.0704,0.2691,-0.1065,0.0943
speech,can,T1,cfnai,-7,248,0.0065,0.919,-0.1584,0.0125
speech,can,T1,cfnai,-6,248,0.0246,0.7001,-0.1654,0.0091
speech,can,T1,cfnai,-5,248,0.0327,0.6082,-0.0985,0.122
speech,can,T1,cfnai,-4,248,-0.0222,0.7279,-0.0803,0.2074
speech,can,T1,cfnai,-3,248,-0.1257,0.0479,-0.0408,0.5227
speech,can,T1,cfnai,-2,248,-0.3423,0.0,-0.0302,0.6362
speech,can,T1,cfnai,-1,248,-0.3138,0.0,-0.0124,0.8458
speech,can,T1,cfnai,0,248,-0.2854,0.0,-0.0576,0.3666
speech,can,T1,cfnai,1,248,0.0065,0.9189,-0.0214,0.7377
speech,can,T1,cfnai,2,248,0.2655,0.0,0.0586,0.3583
speech,can,T1,cfnai,3,246,0.2997,0.0,0.1032,0.1063
speech,can,T1,cfnai,4,246,0.2349,0.0002,0.0893,0.1625
speech,can,T1,cfnai,5,244,-0.0156,0.808,0.007,0.9132
speech,can,T1,cfnai,6,244,-0.0336,0.6014,-0.0207,0.7479
speech,can,T1,cfnai,7,242,-0.023,0.722,-0.0414,0.5215
speech,can,T1,cfnai,8,240,-0.0141,0.8283,-0.0634,0.3278
speech,can,T1,cfnai,9,240,0.0692,0.2856,-0.0383,0.5552
speech,can,T1,vix,-9,248,-0.1,0.1164,-0.0592,0.3535
speech,can,T1,vix,-8,248,-0.0586,0.3581,-0.0529,0.407
speech,can,T1,vix,-7,248,-0.0998,0.1168,-0.0425,0.505
speech,can,T1,vix,-6,248,-0.1702,0.0072,-0.0984,0.1221
speech,can,T1,vix,-5,248,-0.0841,0.1866,-0.0255,0.6896
speech,can,T1,vix,-4,248,-0.0438,0.4925,-0.0447,0.4834
speech,can,T1,vix,-3,248,0.1837,0.0037,0.0639,0.3163
speech,can,T1,vix,-2,248,0.1986,0.0017,0.0437,0.4933
speech,can,T1,vix,-1,248,0.2392,0.0001,0.1372,0.0307
speech,can,T1,vix,0,248,0.2363,0.0002,0.1175,0.0647
speech,can,T1,vix,1,248,0.1318,0.038,0.0419,0.5113
speech,can,T1,vix,2,248,0.0452,0.4784,0.0099,0.8768
speech,can,T1,vix,3,246,0.0845,0.1864,0.0136,0.8324
speech,can,T1,vix,4,246,0.1013,0.1131,-0.0191,0.7652
speech,can,T1,vix,5,244,0.0661,0.3041,0.0051,0.9374
speech,can,T1,vix,6,244,0.0066,0.9181,-0.0107,0.8676
speech,can,T1,vix,7,242,0.0977,0.1297,0.0891,0.1672
speech,can,T1,vix,8,240,0.0006,0.9923,0.0466,0.4722
speech,can,T1,vix,9,240,0.0676,0.2968,0.1081,0.0948
speech,can,T2,cfnai,-9,236,-0.0357,0.5851,0.0511,0.4344
speech,can,T2,cfnai,-8,236,-0.0428,0.513,-0.0612,0.3492
speech,can,T2,cfnai,-7,236,0.0386,0.5549,-0.0996,0.1271
speech,can,T2,cfnai,-6,236,-0.0039,0.9521,-0.1032,0.1138
speech,can,T2,cfnai,-5,236,0.0127,0.8464,-0.0413,0.5276
speech,can,T2,cfnai,-4,236,-0.0243,0.7109,-0.0407,0.5342
speech,can,T2,cfnai,-3,236,-0.0028,0.9653,0.0375,0.5666
speech,can,T2,cfnai,-2,236,0.0929,0.1549,0.0728,0.265
speech,can,T2,cfnai,-1,236,0.0827,0.2056,0.0822,0.2081
speech,can,T2,cfnai,0,236,0.0241,0.7126,0.0309,0.6369
speech,can,T2,cfnai,1,236,0.007,0.9145,0.0187,0.7754
speech,can,T2,cfnai,2,236,0.04,0.5413,0.0203,0.7568
speech,can,T2,cfnai,3,234,0.023,0.7264,0.0221,0.7364
speech,can,T2,cfnai,4,234,-0.0539,0.4121,-0.0057,0.9315
speech,can,T2,cfnai,5,232,-0.125,0.0573,-0.0859,0.1925
speech,can,T2,cfnai,6,232,-0.0925,0.1604,-0.1075,0.1024
speech,can,T2,cfnai,7,230,-0.0866,0.1908,-0.1388,0.0354
speech,can,T2,cfnai,8,228,-0.0549,0.409,-0.1421,0.032
speech,can,T2,cfnai,9,228,0.0586,0.3782,-0.0888,0.1814
speech,can,T2,vix,-9,236,-0.105,0.1077,-0.0612,0.3489
speech,can,T2,vix,-8,236,-0.0487,0.4563,-0.0534,0.4144
speech,can,T2,vix,-7,236,-0.028,0.6688,-0.0004,0.9954
speech,can,T2,vix,-6,236,-0.1222,0.061,-0.0509,0.4366
speech,can,T2,vix,-5,236,-0.0743,0.2556,0.0242,0.7119
speech,can,T2,vix,-4,236,-0.049,0.4541,-0.0315,0.6305
speech,can,T2,vix,-3,236,-0.0475,0.4673,0.0302,0.6449
speech,can,T2,vix,-2,236,-0.0957,0.1427,-0.0308,0.638
speech,can,T2,vix,-1,236,0.0133,0.8391,0.0671,0.3047
speech,can,T2,vix,0,236,0.0655,0.3166,0.0445,0.4963
speech,can,T2,vix,1,236,-0.0526,0.4216,-0.041,0.5306
speech,can,T2,vix,2,236,-0.124,0.0571,-0.0703,0.2824
speech,can,T2,vix,3,234,-0.0737,0.2616,-0.0669,0.308
speech,can,T2,vix,4,234,-0.0183,0.7811,-0.1059,0.1061
speech,can,T2,vix,5,232,-0.0013,0.984,-0.0757,0.2507
speech,can,T2,vix,6,232,-0.0775,0.2397,-0.0878,0.1824
speech,can,T2,vix,7,230,0.0375,0.5714,0.0297,0.6543
speech,can,T2,vix,8,228,-0.0575,0.3873,-0.0107,0.8718
speech,can,T2,vix,9,228,0.0277,0.6775,0.0482,0.4688
speech,could,T1,cfnai,-9,248,-0.0472,0.4592,-0.1192,0.061
speech,could,T1,cfnai,-8,248,-0.0177,0.781,-0.0549,0.3895
speech,could,T1,cfnai,-7,248,-0.0505,0.4282,-0.0729,0.2527
speech,could,T1,cfnai,-6,248,-0.1114,0.0799,-0.0563,0.3772
speech,could,T1,cfnai,-5,248,-0.1393,0.0283,-0.1279,0.0442
speech,could,T1,cfnai,-4,248,-0.043,0.5007,-0.0676,0.289
speech,could,T1,cfnai,-3,248,0.0446,0.4844,-0.0568,0.3731
speech,could,T1,cfnai,-2,248,0.1104,0.0828,-0.0114,0.8585
speech,could,T1,cfnai,-1,248,0.0595,0.3506,-0.0017,0.9793
speech,could,T1,cfnai,0,248,0.0661,0.2996,-0.0117,0.8546
speech,could,T1,cfnai,1,248,0.0097,0.8796,-0.0389,0.5422
speech,could,T1,cfnai,2,248,0.0135,0.8327,0.0183,0.7743
speech,could,T1,cfnai,3,246,-0.0413,0.519,-0.0151,0.8133
speech,could,T1,cfnai,4,246,-0.0835,0.1919,-0.0441,0.491
speech,could,T1,cfnai,5,244,-0.0507,0.4308,-0.0282,0.6608
speech,could,T1,cfnai,6,244,0.0288,0.6544,-0.0452,0.4821
speech,could,T1,cfnai,7,242,0.0571,0.3768,-0.0118,0.8555
speech,could,T1,cfnai,8,240,0.1119,0.0837,0.1009,0.1189
speech,could,T1,cfnai,9,240,0.0582,0.369,0.15,0.02
speech,could,T1,vix,-9,248,-0.1226,0.0538,-0.1017,0.1103
speech,could,T1,vix,-8,248,-0.045,0.481,-0.0408,0.5224
speech,could,T1,vix,-7,248,0.1073,0.0919,0.0758,0.2342
speech,could,T1,vix,-6,248,0.1745,0.0058,0.1178,0.0641
speech,could,T1,vix,-5,248,0.068,0.2861,0.0348,0.586
speech,could,T1,vix,-4,248,0.0188,0.7687,0.0592,0.3534
speech,could,T1,vix,-3,248,-0.1477,0.02,-0.0619,0.3313
speech,could,T1,vix,-2,248,-0.1199,0.0594,-0.1608,0.0112
speech,could,T1,vix,-1,248,-0.1208,0.0574,-0.1357,0.0327
speech,could,T1,vix,0,248,-0.1475,0.0202,-0.1378,0.03
speech,could,T1,vix,1,248,-0.1863,0.0032,-0.1914,0.0025
speech,could,T1,vix,2,248,-0.1106,0.0822,-0.1245,0.0502
speech,could,T1,vix,3,246,-0.1314,0.0395,-0.1247,0.0507
speech,could,T1,vix,4,246,-0.0076,0.9062,-0.0572,0.3713
speech,could,T1,vix,5,244,-0.0336,0.6016,-0.0319,0.6196
speech,could,T1,vix,6,244,-0.0575,0.371,-0.0252,0.695
speech,could,T1,vix,7,242,-0.1893,0.0031,-0.1764,0.0059
speech,could,T1,vix,8,240,-0.2011,0.0017,-0.2434,0.0001
speech,could,T1,vix,9,240,-0.1099,0.0893,-0.1619,0.012
speech,could,T2,cfnai,-9,236,-0.0484,0.4594,-0.1274,0.0507
speech,could,T2,cfnai,-8,236,-0.0188,0.7735,-0.0551,0.3996
speech,could,T2,cfnai,-7,236,-0.0309,0.6363,-0.0821,0.2089
speech,could,T2,cfnai,-6,236,-0.0343,0.6002,-0.0675,0.3016
speech,could,T2,cfnai,-5,236,-0.0887,0.1743,-0.1298,0.0464
speech,could,T2,cfnai,-4,236,0.0319,0.626,-0.0684,0.2956
speech,could,T2,cfnai,-3,236,-0.0656,0.3153,-0.0915,0.1611
speech,could,T2,cfnai,-2,236,0.0136,0.8348,-0.0473,0.4697
speech,could,T2,cfnai,-1,236,-0.0373,0.569,-0.0649,0.3209
speech,could,T2,cfnai,0,236,-0.0767,0.2404,-0.076,0.2447
speech,could,T2,cfnai,1,236,-0.0528,0.4198,-0.0722,0.2696
speech,could,T2,cfnai,2,236,0.027,0.6794,-0.0115,0.8605
speech,could,T2,cfnai,3,234,0.0445,0.4977,-0.0127,0.8472
speech,could,T2,cfnai,4,234,-0.0246,0.7078,-0.024,0.7145
speech,could,T2,cfnai,5,232,-0.0411,0.5333,-0.028,0.6709
speech,could,T2,cfnai,6,232,0.0372,0.5725,-0.0347,0.5989
speech,could,T2,cfnai,7,230,0.0588,0.3749,-0.0113,0.8651
speech,could,T2,cfnai,8,228,0.1179,0.0757,0.1059,0.1107
speech,could,T2,cfnai,9,228,0.0613,0.3565,0.1711,0.0096
speech,could,T2,vix,-9,236,-0.126,0.0532,-0.098,0.1332
speech,could,T2,vix,-8,236,-0.0497,0.447,-0.0416,0.5247
speech,could,T2,vix,-7,236,0.0312,0.6333,0.0515,0.431
speech,could,T2,vix,-6,236,0.1332,0.0409,0.0971,0.1371
speech,could,T2,vix,-5,236,0.024,0.7141,-0.0087,0.8947
speech,could,T2,vix,-4,236,-0.0281,0.6679,0.038,0.5612
speech,could,T2,vix,-3,236,-0.1714,0.0083,-0.0835,0.201
speech,could,T2,vix,-2,236,-0.1842,0.0045,-0.1755,0.0069
speech,could,T2,vix,-1,236,-0.1298,0.0463,-0.1454,0.0255
speech,could,T2,vix,0,236,-0.1566,0.0161,-0.1468,0.0241
speech,could,T2,vix,1,236,-0.213,0.001,-0.2068,0.0014
speech,could,T2,vix,2,236,-0.1157,0.0761,-0.1326,0.0419
speech,could,T2,vix,3,234,-0.1367,0.0367,-0.1281,0.0504
speech,could,T2,vix,4,234,0.0019,0.9767,-0.0586,0.3719
speech,could,T2,vix,5,232,-0.0273,0.6795,-0.0311,0.6373
speech,could,T2,vix,6,232,-0.0419,0.5256,-0.0109,0.8685
speech,could,T2,vix,7,230,-0.1838,0.0052,-0.1768,0.0072
speech,could,T2,vix,8,228,-0.1959,0.003,-0.2397,0.0003
speech,could,T2,vix,9,228,-0.1019,0.1251,-0.1555,0.0188
speech,may,T1,cfnai,-9,248,0.0459,0.4715,0.0044,0.9448
speech,may,T1,cfnai,-8,248,-0.0358,0.5751,0.0992,0.1192
speech,may,T1,cfnai,-7,248,-0.0634,0.3204,0.089,0.1621
speech,may,T1,cfnai,-6,248,0.0083,0.8969,0.1047,0.1
speech,may,T1,cfnai,-5,248,0.0155,0.8075,-0.0058,0.927
speech,may,T1,cfnai,-4,248,0.0373,0.559,-0.0278,0.6634
speech,may,T1,cfnai,-3,248,0.015,0.8145,-0.0668,0.2944
speech,may,T1,cfnai,-2,248,0.0428,0.5024,-0.06,0.3467
speech,may,T1,cfnai,-1,248,0.0237,0.7102,-0.0612,0.3369
speech,may,T1,cfnai,0,248,0.0441,0.4896,-0.0487,0.4451
speech,may,T1,cfnai,1,248,-0.0134,0.8342,-0.0912,0.1522
speech,may,T1,cfnai,2,248,-0.0645,0.3114,-0.0585,0.3593
speech,may,T1,cfnai,3,246,-0.1122,0.079,-0.0848,0.1848
speech,may,T1,cfnai,4,246,-0.0894,0.1622,-0.0551,0.3895
speech,may,T1,cfnai,5,244,0.0115,0.8586,-0.0917,0.1534
speech,may,T1,cfnai,6,244,-0.0036,0.9556,-0.0896,0.163
speech,may,T1,cfnai,7,242,-0.0273,0.6722,-0.109,0.0907
speech,may,T1,cfnai,8,240,-0.088,0.1741,-0.2073,0.0012
speech,may,T1,cfnai,9,240,-0.0652,0.3141,-0.1261,0.0511
speech,may,T1,vix,-9,248,-0.0561,0.3794,0.0232,0.7157
speech,may,T1,vix,-8,248,-0.1195,0.0602,-0.0783,0.2191
speech,may,T1,vix,-7,248,-0.1103,0.0831,-0.0562,0.378
speech,may,T1,vix,-6,248,-0.0366,0.5661,-0.0707,0.2675
speech,may,T1,vix,-5,248,-0.1145,0.0719,-0.0375,0.5568
speech,may,T1,vix,-4,248,-0.0027,0.9658,0.0685,0.2826
speech,may,T1,vix,-3,248,-0.0192,0.7637,0.0748,0.2407
speech,may,T1,vix,-2,248,-0.0617,0.3335,-0.0023,0.9707
speech,may,T1,vix,-1,248,-0.118,0.0636,-0.0436,0.4942
speech,may,T1,vix,0,248,-0.1829,0.0039,-0.1746,0.0058
speech,may,T1,vix,1,248,-0.1133,0.075,-0.0918,0.1495
speech,may,T1,vix,2,248,-0.0232,0.7161,-0.0205,0.7485
speech,may,T1,vix,3,246,-0.056,0.3821,-0.0411,0.5212
speech,may,T1,vix,4,246,-0.06,0.3488,-0.0712,0.2656
speech,may,T1,vix,5,244,0.0285,0.6583,0.023,0.7204
speech,may,T1,vix,6,244,0.0146,0.8203,0.0967,0.1322
speech,may,T1,vix,7,242,0.0081,0.8999,0.0708,0.2729
speech,may,T1,vix,8,240,0.0122,0.8509,-0.0021,0.9739
speech,may,T1,vix,9,240,-0.0203,0.7542,-0.0952,0.1416
speech,may,T2,cfnai,-9,236,0.0423,0.5177,-0.0223,0.7336
speech,may,T2,cfnai,-8,236,-0.048,0.4627,0.0708,0.2785
speech,may,T2,cfnai,-7,236,-0.0869,0.1834,0.0559,0.3925
speech,may,T2,cfnai,-6,236,-0.0527,0.4204,0.0647,0.3224
speech,may,T2,cfnai,-5,236,-0.074,0.2574,-0.0469,0.4738
speech,may,T2,cfnai,-4,236,-0.0765,0.2415,-0.0763,0.2431
speech,may,T2,cfnai,-3,236,-0.078,0.2326,-0.1006,0.1232
speech,may,T2,cfnai,-2,236,-0.1688,0.0094,-0.103,0.1147
speech,may,T2,cfnai,-1,236,-0.1224,0.0604,-0.093,0.1542
speech,may,T2,cfnai,0,236,-0.1192,0.0676,-0.078,0.2325
speech,may,T2,cfnai,1,236,-0.084,0.1986,-0.086,0.188
speech,may,T2,cfnai,2,236,-0.1037,0.1121,-0.0472,0.4707
speech,may,T2,cfnai,3,234,-0.0501,0.4452,-0.0338,0.6074
speech,may,T2,cfnai,4,234,0.0137,0.835,-0.0092,0.8886
speech,may,T2,cfnai,5,232,0.0501,0.4477,-0.0411,0.5337
speech,may,T2,cfnai,6,232,0.0134,0.839,-0.0502,0.4469
speech,may,T2,cfnai,7,230,-0.006,0.928,-0.0628,0.3432
speech,may,T2,cfnai,8,228,-0.0769,0.2472,-0.1875,0.0045
speech,may,T2,cfnai,9,228,-0.0554,0.4051,-0.0873,0.1891
speech,may,T2,vix,-9,236,-0.0721,0.2701,0.0036,0.9567
speech,may,T2,vix,-8,236,-0.1229,0.0595,-0.0749,0.252
speech,may,T2,vix,-7,236,-0.14,0.0315,-0.0773,0.2367
speech,may,T2,vix,-6,236,-0.0343,0.5997,-0.0731,0.2637
speech,may,T2,vix,-5,236,-0.1189,0.0681,-0.0479,0.464
speech,may,T2,vix,-4,236,0.0349,0.5936,0.0914,0.1619
speech,may,T2,vix,-3,236,0.0693,0.2891,0.1095,0.0932
speech,may,T2,vix,-2,236,-0.0124,0.8494,0.0419,0.5223
speech,may,T2,vix,-1,236,-0.0505,0.44,0.0061,0.9252
speech,may,T2,vix,0,236,-0.1391,0.0327,-0.1392,0.0325
speech,may,T2,vix,1,236,-0.062,0.3428,-0.0469,0.4734
speech,may,T2,vix,2,236,0.0426,0.5149,0.025,0.702
speech,may,T2,vix,3,234,0.0045,0.9459,0.0071,0.9137
speech,may,T2,vix,4,234,-0.0258,0.6941,-0.0328,0.6175
speech,may,T2,vix,5,232,0.0523,0.4281,0.0757,0.2506
speech,may,T2,vix,6,232,0.0425,0.5197,0.1477,0.0245
speech,may,T2,vix,7,230,0.0317,0.6329,0.1171,0.0762
speech,may,T2,vix,8,228,0.0236,0.7225,0.0259,0.6972
speech,may,T2,vix,9,228,-0.0079,0.9061,-0.0718,0.2806
speech,should,T1,cfnai,-9,248,0.1427,0.0246,0.2671,0.0
speech,should,T1,cfnai,-8,248,0.0384,0.5476,0.2409,0.0001
speech,should,T1,cfnai,-7,248,-0.0632,0.3213,0.0622,0.3296
speech,should,T1,cfnai,-6,248,-0.0492,0.4405,-0.0621,0.3299
speech,should,T1,cfnai,-5,248,-0.0096,0.88,-0.0673,0.2913
speech,should,T1,cfnai,-4,248,0.0192,0.7635,-0.0236,0.7114
speech,should,T1,cfnai,-3,248,0.0264,0.6788,-0.0266,0.6772
speech,should,T1,cfnai,-2,248,0.0593,0.3521,-0.0079,0.9019
speech,should,T1,cfnai,-1,248,0.0483,0.449,-0.0797,0.2108
speech,should,T1,cfnai,0,248,-0.0771,0.2261,0.0008,0.9896
speech,should,T1,cfnai,1,248,-0.1643,0.0095,0.0081,0.8984
speech,should,T1,cfnai,2,248,-0.1665,0.0086,0.0185,0.7717
speech,should,T1,cfnai,3,246,0.0668,0.2969,0.0309,0.6291
speech,should,T1,cfnai,4,246,0.1253,0.0496,0.0044,0.9447
speech,should,T1,cfnai,5,244,0.0465,0.47,-0.0243,0.7055
speech,should,T1,cfnai,6,244,0.0365,0.571,0.0184,0.7743
speech,should,T1,cfnai,7,242,0.0225,0.7276,-0.0081,0.9005
speech,should,T1,cfnai,8,240,0.0318,0.6235,-0.0218,0.7364
speech,should,T1,cfnai,9,240,0.0039,0.9516,-0.0724,0.2637
speech,should,T1,vix,-9,248,0.0352,0.5816,-0.1181,0.0632
speech,should,T1,vix,-8,248,0.0608,0.3405,-0.12,0.0592
speech,should,T1,vix,-7,248,0.0023,0.9708,-0.1093,0.0858
speech,should,T1,vix,-6,248,-0.0006,0.9925,-0.0617,0.3333
speech,should,T1,vix,-5,248,-0.0497,0.4355,-0.0767,0.2287
speech,should,T1,vix,-4,248,0.0159,0.8038,-0.0354,0.5794
speech,should,T1,vix,-3,248,-0.0075,0.906,-0.0653,0.3059
speech,should,T1,vix,-2,248,-0.1117,0.0791,-0.1511,0.0172
speech,should,T1,vix,-1,248,-0.009,0.8877,-0.1684,0.0079
speech,should,T1,vix,0,248,-0.0842,0.1862,-0.213,0.0007
speech,should,T1,vix,1,248,-0.1074,0.0914,-0.1969,0.0018
speech,should,T1,vix,2,248,0.0229,0.72,-0.0949,0.1363
speech,should,T1,vix,3,246,-0.0728,0.255,-0.1142,0.0738
speech,should,T1,vix,4,246,-0.0915,0.1523,-0.0949,0.1379
speech,should,T1,vix,5,244,-0.0676,0.2926,-0.0843,0.1895
speech,should,T1,vix,6,244,-0.0479,0.4566,-0.0667,0.2992
speech,should,T1,vix,7,242,-0.1287,0.0455,-0.1721,0.0073
speech,should,T1,vix,8,240,-0.1266,0.05,-0.165,0.0105
speech,should,T1,vix,9,240,0.0149,0.8179,-0.076,0.241
speech,should,T2,cfnai,-9,236,0.1463,0.0246,0.2666,0.0
speech,should,T2,cfnai,-8,236,0.0297,0.6498,0.2186,0.0007
speech,should,T2,cfnai,-7,236,-0.0793,0.2252,0.0367,0.5752
speech,should,T2,cfnai,-6,236,-0.1389,0.0329,-0.0859,0.1887
speech,should,T2,cfnai,-5,236,-0.0915,0.1613,-0.0807,0.2167
speech,should,T2,cfnai,-4,236,-0.065,0.3204,-0.0208,0.75
speech,should,T2,cfnai,-3,236,-0.0039,0.9528,-0.0506,0.439
speech,should,T2,cfnai,-2,236,-0.0761,0.2443,-0.0355,0.5869
speech,should,T2,cfnai,-1,236,-0.1114,0.0878,-0.1019,0.1186
speech,should,T2,cfnai,0,236,-0.0117,0.8576,-0.0109,0.8676
speech,should,T2,cfnai,1,236,-0.0022,0.9729,0.028,0.6682
speech,should,T2,cfnai,2,236,0.0478,0.4651,0.0984,0.1316
speech,should,T2,cfnai,3,234,0.0188,0.7751,0.0608,0.3541
speech,should,T2,cfnai,4,234,0.052,0.4284,0.0301,0.6474
speech,should,T2,cfnai,5,232,0.0336,0.6102,-0.0017,0.9792
speech,should,T2,cfnai,6,232,0.0333,0.614,0.0421,0.5232
speech,should,T2,cfnai,7,230,0.0268,0.6862,0.0151,0.8201
speech,should,T2,cfnai,8,228,0.0267,0.6881,-0.0206,0.7566
speech,should,T2,cfnai,9,228,-0.0013,0.9839,-0.0896,0.1775
speech,should,T2,vix,-9,236,0.0528,0.4191,-0.0967,0.1387
speech,should,T2,vix,-8,236,0.0467,0.475,-0.1335,0.0405
speech,should,T2,vix,-7,236,0.0194,0.7671,-0.1265,0.0523
speech,should,T2,vix,-6,236,0.0042,0.9494,-0.0955,0.1434
speech,should,T2,vix,-5,236,-0.0183,0.7803,-0.0769,0.239
speech,should,T2,vix,-4,236,0.0612,0.3489,-0.0247,0.7054
speech,should,T2,vix,-3,236,0.0894,0.1711,-0.0237,0.7168
speech,should,T2,vix,-2,236,-0.0335,0.6088,-0.1304,0.0453
speech,should,T2,vix,-1,236,-0.1119,0.0862,-0.1667,0.0103
speech,should,T2,vix,0,236,-0.1552,0.017,-0.2144,0.0009
speech,should,T2,vix,1,236,-0.1323,0.0422,-0.1953,0.0026
speech,should,T2,vix,2,236,0.0082,0.9006,-0.0889,0.1735
speech,should,T2,vix,3,234,-0.0885,0.1775,-0.1046,0.1104
speech,should,T2,vix,4,234,-0.078,0.2344,-0.0745,0.2564
speech,should,T2,vix,5,232,-0.0702,0.2872,-0.0683,0.3004
speech,should,T2,vix,6,232,-0.0695,0.2918,-0.0614,0.352
speech,should,T2,vix,7,230,-0.1421,0.0312,-0.1695,0.01
speech,should,T2,vix,8,228,-0.1308,0.0486,-0.1545,0.0196
speech,should,T2,vix,9,228,0.0071,0.9146,-0.0751,0.2586
speech,will,T1,cfnai,-9,248,-0.1097,0.0846,-0.0386,0.5447
speech,will,T1,cfnai,-8,248,0.1243,0.0505,0.006,0.9256
speech,will,T1,cfnai,-7,248,0.1304,0.0401,0.0299,0.6395
speech,will,T1,cfnai,-6,248,0.0539,0.3979,-0.0596,0.3502
speech,will,T1,cfnai,-5,248,0.0052,0.9356,-0.0711,0.2648
speech,will,T1,cfnai,-4,248,0.0034,0.9578,-0.0702,0.2707
speech,will,T1,cfnai,-3,248,-0.0113,0.8592,-0.0981,0.1235
speech,will,T1,cfnai,-2,248,-0.0772,0.226,-0.099,0.1199
speech,will,T1,cfnai,-1,248,-0.0685,0.2825,-0.0686,0.2821
speech,will,T1,cfnai,0,248,-0.0809,0.204,0.0735,0.249
speech,will,T1,cfnai,1,248,-0.0253,0.692,0.0769,0.2275
speech,will,T1,cfnai,2,248,0.0227,0.7219,0.02,0.754
speech,will,T1,cfnai,3,246,0.1011,0.1138,0.0059,0.9266
speech,will,T1,cfnai,4,246,0.1292,0.043,0.0105,0.87
speech,will,T1,cfnai,5,244,0.134,0.0365,0.0497,0.4399
speech,will,T1,cfnai,6,244,0.1602,0.0122,0.0029,0.9639
speech,will,T1,cfnai,7,242,0.1525,0.0176,0.0478,0.4594
speech,will,T1,cfnai,8,240,0.0252,0.6979,-0.005,0.9381
speech,will,T1,cfnai,9,240,-0.1671,0.0095,-0.0679,0.2951
speech,will,T1,vix,-9,248,0.2018,0.0014,0.0858,0.178
speech,will,T1,vix,-8,248,0.1744,0.0059,0.1528,0.0161
speech,will,T1,vix,-7,248,0.0794,0.213,0.1157,0.0689
speech,will,T1,vix,-6,248,0.2064,0.0011,0.2377,0.0002
speech,will,T1,vix,-5,248,0.1369,0.0311,0.1201,0.0589
speech,will,T1,vix,-4,248,0.0612,0.337,0.0744,0.2428
speech,will,T1,vix,-3,248,0.1756,0.0056,0.2105,0.0009
speech,will,T1,vix,-2,248,0.1129,0.076,0.1487,0.0191
speech,will,T1,vix,-1,248,0.2018,0.0014,0.1887,0.0029
speech,will,T1,vix,0,248,0.2049,0.0012,0.1312,0.039
speech,will,T1,vix,1,248,0.2145,0.0007,0.1551,0.0145
speech,will,T1,vix,2,248,0.3044,0.0,0.2363,0.0002
speech,will,T1,vix,3,246,0.1489,0.0194,0.1019,0.111
speech,will,T1,vix,4,246,0.0273,0.6701,0.0355,0.5793
speech,will,T1,vix,5,244,-0.1081,0.0919,-0.0017,0.9793
speech,will,T1,vix,6,244,-0.0241,0.7076,0.0076,0.9057
speech,will,T1,vix,7,242,0.0394,0.5418,0.0495,0.4431
speech,will,T1,vix,8,240,0.0924,0.1534,0.1228,0.0574
speech,will,T1,vix,9,240,0.1572,0.0147,0.126,0.0512
speech,will,T2,cfnai,-9,236,-0.1106,0.0899,-0.0289,0.6583
speech,will,T2,cfnai,-8,236,0.1345,0.039,0.0225,0.7313
speech,will,T2,cfnai,-7,236,0.1472,0.0237,0.0615,0.3472
speech,will,T2,cfnai,-6,236,0.105,0.1077,-0.0314,0.6315
speech,will,T2,cfnai,-5,236,0.0073,0.9111,-0.0468,0.4739
speech,will,T2,cfnai,-4,236,0.0061,0.9262,-0.0399,0.5418
speech,will,T2,cfnai,-3,236,0.0248,0.7045,-0.0799,0.2214
speech,will,T2,cfnai,-2,236,-0.0331,0.6131,-0.0767,0.2408
speech,will,T2,cfnai,-1,236,-0.0322,0.6226,-0.0385,0.5559
speech,will,T2,cfnai,0,236,0.1573,0.0156,0.1185,0.0692
speech,will,T2,cfnai,1,236,0.1366,0.036,0.0919,0.1592
speech,will,T2,cfnai,2,236,0.0738,0.2587,0.0258,0.6931
speech,will,T2,cfnai,3,234,-0.0314,0.633,-0.0351,0.5937
speech,will,T2,cfnai,4,234,0.0253,0.7007,-0.0279,0.6708
speech,will,T2,cfnai,5,232,0.1076,0.1021,0.0168,0.7996
speech,will,T2,cfnai,6,232,0.1487,0.0235,-0.0333,0.6141
speech,will,T2,cfnai,7,230,0.1418,0.0316,0.0148,0.8234
speech,will,T2,cfnai,8,228,0.0121,0.856,-0.0301,0.6516
speech,will,T2,cfnai,9,228,-0.1804,0.0063,-0.1057,0.1116
speech,will,T2,vix,-9,236,0.2191,0.0007,0.1049,0.1081
speech,will,T2,vix,-8,236,0.1766,0.0065,0.1469,0.024
speech,will,T2,vix,-7,236,0.1332,0.041,0.1328,0.0415
speech,will,T2,vix,-6,236,0.2547,0.0001,0.2568,0.0001
speech,will,T2,vix,-5,236,0.2195,0.0007,0.1467,0.0242
speech,will,T2,vix,-4,236,0.0849,0.1939,0.0748,0.2527
speech,will,T2,vix,-3,236,0.1915,0.0031,0.2147,0.0009
speech,will,T2,vix,-2,236,0.1312,0.0441,0.1295,0.0469
speech,will,T2,vix,-1,236,0.1711,0.0084,0.1651,0.0111
speech,will,T2,vix,0,236,0.1675,0.0099,0.097,0.1375
speech,will,T2,vix,1,236,0.1984,0.0022,0.1282,0.0492
speech,will,T2,vix,2,236,0.3015,0.0,0.2164,0.0008
speech,will,T2,vix,3,234,0.1165,0.0753,0.0656,0.318
speech,will,T2,vix,4,234,-0.0002,0.9981,0.0049,0.9409
speech,will,T2,vix,5,232,-0.1332,0.0426,-0.0267,0.6859
speech,will,T2,vix,6,232,-0.055,0.404,-0.021,0.7502
speech,will,T2,vix,7,230,0.0176,0.7909,0.0216,0.7441
speech,will,T2,vix,8,228,0.0813,0.2214,0.1066,0.1084
speech,will,T2,vix,9,228,0.1462,0.0273,0.1058,0.1111
speech,would,T1,cfnai,-9,248,-0.015,0.814,-0.0959,0.1322
speech,would,T1,cfnai,-8,248,-0.0685,0.2826,-0.0663,0.2981
speech,would,T1,cfnai,-7,248,-0.1553,0.0144,-0.1662,0.0087
speech,would,T1,cfnai,-6,248,-0.199,0.0016,-0.1828,0.0039
speech,would,T1,cfnai,-5,248,-0.1816,0.0041,-0.1535,0.0155
speech,would,T1,cfnai,-4,248,-0.0703,0.2701,-0.0133,0.8349
speech,would,T1,cfnai,-3,248,0.0797,0.2109,0.042,0.5108
speech,would,T1,cfnai,-2,248,0.1196,0.0601,-0.0527,0.4085
speech,would,T1,cfnai,-1,248,0.0838,0.1882,-0.0176,0.7833
speech,would,T1,cfnai,0,248,0.0514,0.4203,0.0228,0.7205
speech,would,T1,cfnai,1,248,-0.0467,0.464,-0.0214,0.7369
speech,would,T1,cfnai,2,248,-0.0776,0.2233,0.0233,0.7152
speech,would,T1,cfnai,3,246,-0.0548,0.3922,-0.0178,0.781
speech,would,T1,cfnai,4,246,-0.0537,0.4013,-0.0078,0.903
speech,would,T1,cfnai,5,244,-0.103,0.1086,-0.0507,0.4304
speech,would,T1,cfnai,6,244,-0.0921,0.1516,-0.0213,0.7409
speech,would,T1,cfnai,7,242,-0.0527,0.4146,0.0499,0.4396
speech,would,T1,cfnai,8,240,0.1056,0.1027,0.1491,0.0209
speech,would,T1,cfnai,9,240,0.1611,0.0124,0.2204,0.0006
speech,would,T1,vix,-9,248,-0.0922,0.1475,-0.0661,0.3
speech,would,T1,vix,-8,248,-0.0957,0.1327,-0.115,0.0706
speech,would,T1,vix,-7,248,0.062,0.3309,-0.0108,0.8657
speech,would,T1,vix,-6,248,0.0381,0.55,0.0585,0.3588
speech,would,T1,vix,-5,248,-0.0488,0.4439,-0.011,0.8634
speech,would,T1,vix,-4,248,-0.0122,0.8483,-0.0155,0.8086
speech,would,T1,vix,-3,248,-0.1135,0.0745,-0.1347,0.034
speech,would,T1,vix,-2,248,-0.162,0.0106,-0.201,0.0015
speech,would,T1,vix,-1,248,-0.0709,0.2661,-0.164,0.0097
speech,would,T1,vix,0,248,-0.1649,0.0093,-0.2052,0.0012
speech,would,T1,vix,1,248,-0.1681,0.008,-0.1843,0.0036
speech,would,T1,vix,2,248,-0.1312,0.039,-0.1515,0.0169
speech,would,T1,vix,3,246,-0.1289,0.0434,-0.1405,0.0276
speech,would,T1,vix,4,246,-0.0429,0.5035,-0.0957,0.1346
speech,would,T1,vix,5,244,-0.0073,0.9093,-0.0946,0.1407
speech,would,T1,vix,6,244,-0.0476,0.4594,-0.106,0.0984
speech,would,T1,vix,7,242,-0.1796,0.0051,-0.1892,0.0031
speech,would,T1,vix,8,240,-0.184,0.0042,-0.2417,0.0002
speech,would,T1,vix,9,240,-0.0929,0.1514,-0.0442,0.4953
speech,would,T2,cfnai,-9,236,-0.0157,0.8101,-0.1009,0.1221
speech,would,T2,cfnai,-8,236,-0.0744,0.2552,-0.0823,0.2075
speech,would,T2,cfnai,-7,236,-0.1409,0.0305,-0.1835,0.0047
speech,would,T2,cfnai,-6,236,-0.186,0.0041,-0.1966,0.0024
speech,would,T2,cfnai,-5,236,-0.1719,0.0081,-0.1527,0.0189
speech,would,T2,cfnai,-4,236,-0.0843,0.1968,-0.002,0.9755
speech,would,T2,cfnai,-3,236,-0.0234,0.7207,0.0026,0.9687
speech,would,T2,cfnai,-2,236,-0.1242,0.0568,-0.1034,0.1132
speech,would,T2,cfnai,-1,236,-0.1204,0.0647,-0.0724,0.268
speech,would,T2,cfnai,0,236,-0.0385,0.556,-0.0269,0.6804
speech,would,T2,cfnai,1,236,-0.0354,0.5888,-0.0333,0.6111
speech,would,T2,cfnai,2,236,-0.014,0.8308,0.0384,0.5571
speech,would,T2,cfnai,3,234,-0.0706,0.2819,-0.0167,0.7998
speech,would,T2,cfnai,4,234,-0.0418,0.5245,0.0151,0.8179
speech,would,T2,cfnai,5,232,-0.1039,0.1144,-0.052,0.4309
speech,would,T2,cfnai,6,232,-0.0893,0.1751,-0.0113,0.8646
speech,would,T2,cfnai,7,230,-0.0553,0.4036,0.0589,0.3743
speech,would,T2,cfnai,8,228,0.1083,0.1028,0.1511,0.0225
speech,would,T2,cfnai,9,228,0.1631,0.0137,0.2255,0.0006
speech,would,T2,vix,-9,236,-0.0855,0.1905,-0.0519,0.4271
speech,would,T2,vix,-8,236,-0.1095,0.0932,-0.1261,0.053
speech,would,T2,vix,-7,236,-0.0452,0.4891,-0.0475,0.4673
speech,would,T2,vix,-6,236,-0.0339,0.6048,0.0204,0.7556
speech,would,T2,vix,-5,236,-0.1284,0.0489,-0.0499,0.4453
speech,would,T2,vix,-4,236,-0.0577,0.3777,-0.0302,0.6448
speech,would,T2,vix,-3,236,-0.0884,0.1761,-0.1393,0.0324
speech,would,T2,vix,-2,236,-0.1823,0.005,-0.207,0.0014
speech,would,T2,vix,-1,236,-0.0878,0.1789,-0.1794,0.0057
speech,would,T2,vix,0,236,-0.1991,0.0021,-0.2217,0.0006
speech,would,T2,vix,1,236,-0.1898,0.0034,-0.1959,0.0025
speech,would,T2,vix,2,236,-0.1479,0.023,-0.1633,0.012
speech,would,T2,vix,3,234,-0.1393,0.0331,-0.1519,0.0201
speech,would,T2,vix,4,234,-0.0282,0.6676,-0.1005,0.1253
speech,would,T2,vix,5,232,0.0012,0.9856,-0.0984,0.1349
speech,would,T2,vix,6,232,-0.0375,0.5703,-0.1014,0.1235
speech,would,T2,vix,7,230,-0.175,0.0078,-0.1951,0.003
speech,would,T2,vix,8,228,-0.1749,0.0081,-0.2376,0.0003
speech,would,T2,vix,9,228,-0.0861,0.195,-0.0299,0.6531
statement,ALL,T1,cfnai,-9,101,-0.032,0.7509,-0.232,0.0196
statement,ALL,T1,cfnai,-8,101,-0.0655,0.5153,-0.244,0.0139
statement,ALL,T1,cfnai,-7,101,-0.1178,0.2408,-0.2803,0.0045
statement,ALL,T1,cfnai,-6,101,-0.1254,0.2113,-0.1992,0.0459
statement,ALL,T1,cfnai,-5,101,-0.0917,0.3618,-0.1812,0.0698
statement,ALL,T1,cfnai,-4,101,-0.0405,0.6873,-0.132,0.1883
statement,ALL,T1,cfnai,-3,101,-0.081,0.421,-0.1004,0.318
statement,ALL,T1,cfnai,-2,101,-0.0573,0.569,-0.1242,0.2158
statement,ALL,T1,cfnai,-1,101,-0.0389,0.699,-0.0476,0.6363
statement,ALL,T1,cfnai,0,101,0.0574,0.5685,0.0426,0.6723
statement,ALL,T1,cfnai,1,101,0.233,0.019,0.1211,0.2277
statement,ALL,T1,cfnai,2,101,0.2725,0.0058,0.139,0.1657
statement,ALL,T1,cfnai,3,101,0.3176,0.0012,0.1521,0.1288
statement,ALL,T1,cfnai,4,100,0.0719,0.4774,-0.0039,0.9693
statement,ALL,T1,cfnai,5,99,0.0704,0.4886,0.0353,0.7284
statement,ALL,T1,cfnai,6,99,0.0989,0.3301,0.0498,0.6244
statement,ALL,T1,cfnai,7,98,0.0506,0.6206,0.0141,0.8906
statement,ALL,T1,cfnai,8,97,0.0624,0.5434,0.0105,0.9183
statement,ALL,T1,cfnai,9,97,-0.0272,0.7911,-0.0234,0.8199
statement,ALL,T1,vix,-9,101,0.2286,0.0215,0.2496,0.0118
statement,ALL,T1,vix,-8,101,0.2718,0.006,0.2855,0.0038
statement,ALL,T1,vix,-7,101,0.2083,0.0366,0.1588,0.1126
statement,ALL,T1,vix,-6,101,0.173,0.0837,0.1405,0.1612
statement,ALL,T1,vix,-5,101,0.2105,0.0346,0.1884,0.0592
statement,ALL,T1,vix,-4,101,0.2137,0.0319,0.228,0.0218
statement,ALL,T1,vix,-3,101,0.2119,0.0334,0.2561,0.0097
statement,ALL,T1,vix,-2,101,0.2189,0.0279,0.2227,0.0252
statement,ALL,T1,vix,-1,101,0.1466,0.1434,0.1221,0.2237
statement,ALL,T1,vix,0,101,-0.1479,0.1399,-0.0319,0.7515
statement,ALL,T1,vix,1,101,-0.0751,0.4557,0.0161,0.8732
statement,ALL,T1,vix,2,101,-0.1819,0.0687,-0.0555,0.5817
statement,ALL,T1,vix,3,101,-0.1999,0.045,-0.035,0.7283
statement,ALL,T1,vix,4,100,-0.2009,0.045,-0.0827,0.4134
statement,ALL,T1,vix,5,99,-0.2493,0.0128,-0.1081,0.287
statement,ALL,T1,vix,6,99,-0.3006,0.0025,-0.134,0.1862
statement,ALL,T1,vix,7,98,-0.2425,0.0161,-0.1167,0.2526
statement,ALL,T1,vix,8,97,-0.2251,0.0267,-0.1311,0.2004
statement,ALL,T1,vix,9,97,-0.2407,0.0176,-0.1443,0.1586
statement,ALL,T2,cfnai,-9,91,-0.0325,0.7599,-0.2652,0.0111
statement,ALL,T2,cfnai,-8,91,-0.0476,0.6544,-0.2409,0.0215
statement,ALL,T2,cfnai,-7,91,-0.1033,0.3297,-0.2538,0.0152
statement,ALL,T2,cfnai,-6,91,-0.1049,0.3226,-0.2209,0.0354
statement,ALL,T2,cfnai,-5,91,-0.1403,0.1848,-0.2246,0.0324
statement,ALL,T2,cfnai,-4,91,-0.1785,0.0904,-0.2191,0.037
statement,ALL,T2,cfnai,-3,91,-0.1571,0.1369,-0.1804,0.087
statement,ALL,T2,cfnai,-2,91,-0.1355,0.2004,-0.1783,0.0909
statement,ALL,T2,cfnai,-1,91,-0.0741,0.4851,-0.1071,0.3121
statement,ALL,T2,cfnai,0,91,-0.0628,0.5543,-0.0581,0.5844
statement,ALL,T2,cfnai,1,91,0.0122,0.9088,0.001,0.9927
statement,ALL,T2,cfnai,2,91,0.0093,0.93,0.0198,0.8524
statement,ALL,T2,cfnai,3,91,0.1334,0.2074,0.0264,0.8035
statement,ALL,T2,cfnai,4,90,0.1963,0.0637,-0.0108,0.9193
statement,ALL,T2,cfnai,5,89,0.2478,0.0192,0.0507,0.6372
statement,ALL,T2,cfnai,6,89,0.3036,0.0038,0.1178,0.2716
statement,ALL,T2,cfnai,7,88,0.1563,0.1459,0.1012,0.3483
statement,ALL,T2,cfnai,8,87,0.125,0.2485,0.0776,0.4748
statement,ALL,T2,cfnai,9,87,0.0102,0.9252,0.0409,0.707
statement,ALL,T2,vix,-9,91,0.2531,0.0155,0.2525,0.0157
statement,ALL,T2,vix,-8,91,0.2971,0.0042,0.2775,0.0078
statement,ALL,T2,vix,-7,91,0.2332,0.0261,0.1935,0.0662
statement,ALL,T2,vix,-6,91,0.1378,0.1928,0.1174,0.2677
statement,ALL,T2,vix,-5,91,0.1945,0.0647,0.1763,0.0945
statement,ALL,T2,vix,-4,91,0.143,0.1763,0.1447,0.1712
statement,ALL,T2,vix,-3,91,0.1604,0.1289,0.1821,0.0841
statement,ALL,T2,vix,-2,91,0.1326,0.2102,0.1268,0.2311
statement,ALL,T2,vix,-1,91,0.0985,0.3528,0.0815,0.4423
statement,ALL,T2,vix,0,91,-0.0122,0.9089,-0.0444,0.6757
statement,ALL,T2,vix,1,91,0.0718,0.499,0.0498,0.6395
statement,ALL,T2,vix,2,91,-0.0369,0.7283,-0.0258,0.8083
statement,ALL,T2,vix,3,91,-0.1203,0.2561,0.0127,0.9045
statement,ALL,T2,vix,4,90,-0.1543,0.1464,-0.046,0.6669
statement,ALL,T2,vix,5,89,-0.2303,0.0299,-0.0692,0.5191
statement,ALL,T2,vix,6,89,-0.2769,0.0086,-0.0862,0.4218
statement,ALL,T2,vix,7,88,-0.1855,0.0835,-0.0649,0.5479
statement,ALL,T2,vix,8,87,-0.1813,0.0929,-0.0793,0.4655
statement,ALL,T2,vix,9,87,-0.2091,0.052,-0.0906,0.4041
statement,could,T1,cfnai,-9,202,-0.029,0.6819,-0.0988,0.1619
statement,could,T1,cfnai,-8,202,-0.0195,0.7835,-0.0795,0.2608
statement,could,T1,cfnai,-7,202,-0.0584,0.4093,-0.1111,0.1153
statement,could,T1,cfnai,-6,202,-0.0196,0.782,-0.0585,0.4079
statement,could,T1,cfnai,-5,202,-0.0206,0.7709,-0.0826,0.2423
statement,could,T1,cfnai,-4,202,0.0356,0.6152,-0.0421,0.5515
statement,could,T1,cfnai,-3,202,0.1041,0.1405,-0.0443,0.5316
statement,could,T1,cfnai,-2,202,0.1416,0.0444,-0.0624,0.3773
statement,could,T1,cfnai,-1,202,0.135,0.0554,-0.0597,0.3989
statement,could,T1,cfnai,0,202,0.0864,0.2216,-0.0581,0.4112
statement,could,T1,cfnai,1,202,0.1195,0.0904,-0.0409,0.5637
statement,could,T1,cfnai,2,202,0.1324,0.0603,-0.0257,0.717
statement,could,T1,cfnai,3,202,0.0709,0.3162,-0.0411,0.5612
statement,could,T1,cfnai,4,200,-0.0435,0.5409,-0.1466,0.0383
statement,could,T1,cfnai,5,198,-0.0567,0.4274,-0.1733,0.0146
statement,could,T1,cfnai,6,198,-0.0137,0.8486,-0.1703,0.0164
statement,could,T1,cfnai,7,196,-0.0043,0.952,-0.1694,0.0176
statement,could,T1,cfnai,8,194,0.0084,0.9077,-0.1636,0.0226
statement,could,T1,cfnai,9,194,-0.0127,0.861,-0.1901,0.0079
statement,could,T1,vix,-9,202,0.384,0.0,0.4364,0.0
statement,could,T1,vix,-8,202,0.3982,0.0,0.4632,0.0
statement,could,T1,vix,-7,202,0.387,0.0,0.3971,0.0
statement,could,T1,vix,-6,202,0.3585,0.0,0.3956,0.0
statement,could,T1,vix,-5,202,0.4288,0.0,0.4566,0.0
statement,could,T1,vix,-4,202,0.2998,0.0,0.4583,0.0
statement,could,T1,vix,-3,202,0.2511,0.0003,0.4525,0.0
statement,could,T1,vix,-2,202,0.3728,0.0,0.4567,0.0
statement,could,T1,vix,-1,202,0.2151,0.0021,0.3481,0.0
statement,could,T1,vix,0,202,0.0329,0.6424,0.2842,0.0
statement,could,T1,vix,1,202,0.1389,0.0486,0.289,0.0
statement,could,T1,vix,2,202,0.0929,0.1887,0.2368,0.0007
statement,could,T1,vix,3,202,0.0691,0.3286,0.2237,0.0014
statement,could,T1,vix,4,200,0.1619,0.022,0.2635,0.0002
statement,could,T1,vix,5,198,0.0906,0.2044,0.2101,0.003
statement,could,T1,vix,6,198,0.0135,0.8499,0.1988,0.005
statement,could,T1,vix,7,196,0.0483,0.5014,0.1657,0.0203
statement,could,T1,vix,8,194,0.0351,0.6268,0.1657,0.021
statement,could,T1,vix,9,194,0.0069,0.9238,0.1259,0.0802
statement,could,T2,cfnai,-9,182,-0.0317,0.6714,-0.1533,0.0388
statement,could,T2,cfnai,-8,182,0.0145,0.8455,-0.114,0.1255
statement,could,T2,cfnai,-7,182,0.0025,0.9736,-0.1447,0.0513
statement,could,T2,cfnai,-6,182,0.043,0.5644,-0.1075,0.1485
statement,could,T2,cfnai,-5,182,-0.0072,0.9236,-0.1517,0.0409
statement,could,T2,cfnai,-4,182,-0.0315,0.673,-0.1615,0.0294
statement,could,T2,cfnai,-3,182,-0.0666,0.3717,-0.1655,0.0255
statement,could,T2,cfnai,-2,182,-0.079,0.2892,-0.1674,0.0239
statement,could,T2,cfnai,-1,182,-0.0984,0.1865,-0.1937,0.0088
statement,could,T2,cfnai,0,182,-0.1122,0.1317,-0.1692,0.0224
statement,could,T2,cfnai,1,182,-0.0879,0.2381,-0.1147,0.1232
statement,could,T2,cfnai,2,182,-0.0567,0.4469,-0.1018,0.1714
statement,could,T2,cfnai,3,182,-0.0138,0.8535,-0.0802,0.2817
statement,could,T2,cfnai,4,180,0.0777,0.3002,-0.1071,0.1524
statement,could,T2,cfnai,5,178,0.0728,0.3342,-0.1274,0.0902
statement,could,T2,cfnai,6,178,0.1129,0.1336,-0.0987,0.1899
statement,could,T2,cfnai,7,176,0.0617,0.416,-0.1105,0.1442
statement,could,T2,cfnai,8,174,0.0555,0.4668,-0.1134,0.1363
statement,could,T2,cfnai,9,174,0.0286,0.7081,-0.1251,0.0999
statement,could,T2,vix,-9,182,0.4231,0.0,0.4126,0.0
statement,could,T2,vix,-8,182,0.4704,0.0,0.4481,0.0
statement,could,T2,vix,-7,182,0.4102,0.0,0.3988,0.0
statement,could,T2,vix,-6,182,0.3902,0.0,0.3697,0.0
statement,could,T2,vix,-5,182,0.45,0.0,0.458,0.0
statement,could,T2,vix,-4,182,0.4652,0.0,0.4629,0.0
statement,could,T2,vix,-3,182,0.4607,0.0,0.4791,0.0
statement,could,T2,vix,-2,182,0.5005,0.0,0.4985,0.0
statement,could,T2,vix,-1,182,0.4457,0.0,0.4378,0.0
statement,could,T2,vix,0,182,0.4149,0.0,0.4146,0.0
statement,could,T2,vix,1,182,0.4168,0.0,0.4331,0.0
statement,could,T2,vix,2,182,0.3973,0.0,0.3832,0.0
statement,could,T2,vix,3,182,0.2236,0.0024,0.3702,0.0
statement,could,T2,vix,4,180,0.3042,0.0,0.4043,0.0
statement,could,T2,vix,5,178,0.1718,0.0218,0.3337,0.0
statement,could,T2,vix,6,178,0.1026,0.1729,0.3406,0.0
statement,could,T2,vix,7,176,0.1719,0.0225,0.2994,0.0001
statement,could,T2,vix,8,174,0.108,0.1562,0.2924,0.0001
statement,could,T2,vix,9,174,0.0536,0.4825,0.2226,0.0032
statement,will,T1,cfnai,-9,202,-0.0529,0.4545,-0.3186,0.0
statement,will,T1,cfnai,-8,202,-0.0912,0.1969,-0.3055,0.0
statement,will,T1,cfnai,-7,202,-0.1253,0.0756,-0.2751,0.0001
statement,will,T1,cfnai,-6,202,-0.1501,0.033,-0.2281,0.0011
statement,will,T1,cfnai,-5,202,-0.093,0.1879,-0.172,0.0144
statement,will,T1,cfnai,-4,202,-0.0796,0.2599,-0.1443,0.0405
statement,will,T1,cfnai,-3,202,-0.2161,0.002,-0.0592,0.4026
statement,will,T1,cfnai,-2,202,-0.2325,0.0009,-0.0492,0.4869
statement,will,T1,cfnai,-1,202,-0.1875,0.0075,0.0676,0.3391
statement,will,T1,cfnai,0,202,-0.0106,0.8814,0.146,0.0381
statement,will,T1,cfnai,1,202,0.2182,0.0018,0.2776,0.0001
statement,will,T1,cfnai,2,202,0.2546,0.0003,0.2614,0.0002
statement,will,T1,cfnai,3,202,0.3522,0.0,0.3014,0.0
statement,will,T1,cfnai,4,200,0.1093,0.1234,0.2114,0.0027
statement,will,T1,cfnai,5,198,0.1147,0.1076,0.2687,0.0001
statement,will,T1,cfnai,6,198,0.1311,0.0656,0.294,0.0
statement,will,T1,cfnai,7,196,0.0652,0.3637,0.2693,0.0001
statement,will,T1,cfnai,8,194,0.079,0.2736,0.2515,0.0004
statement,will,T1,cfnai,9,194,-0.0136,0.8511,0.2452,0.0006
statement,will,T1,vix,-9,202,-0.0462,0.5142,-0.0872,0.2173
statement,will,T1,vix,-8,202,0.0052,0.9419,-0.0229,0.7464
statement,will,T1,vix,-7,202,-0.0531,0.4533,-0.1034,0.1429
statement,will,T1,vix,-6,202,-0.0635,0.3689,-0.1284,0.0686
statement,will,T1,vix,-5,202,-0.0704,0.3191,-0.1366,0.0525
statement,will,T1,vix,-4,202,0.083,0.2402,-0.1011,0.1522
statement,will,T1,vix,-3,202,0.1331,0.059,-0.0634,0.3702
statement,will,T1,vix,-2,202,0.0393,0.5791,-0.1132,0.1088
statement,will,T1,vix,-1,202,0.1046,0.1386,-0.1043,0.1395
statement,will,T1,vix,0,202,-0.1673,0.0173,-0.2628,0.0002
statement,will,T1,vix,1,202,-0.1121,0.1122,-0.1607,0.0224
statement,will,T1,vix,2,202,-0.1809,0.01,-0.2373,0.0007
statement,will,T1,vix,3,202,-0.187,0.0077,-0.2149,0.0021
statement,will,T1,vix,4,200,-0.2756,0.0001,-0.3454,0.0
statement,will,T1,vix,5,198,-0.2749,0.0001,-0.3367,0.0
statement,will,T1,vix,6,198,-0.2586,0.0002,-0.332,0.0
statement,will,T1,vix,7,196,-0.2245,0.0016,-0.2571,0.0003
statement,will,T1,vix,8,194,-0.2047,0.0042,-0.2749,0.0001
statement,will,T1,vix,9,194,-0.1834,0.0105,-0.2408,0.0007
statement,will,T2,cfnai,-9,182,-0.0441,0.5543,-0.3329,0.0
statement,will,T2,cfnai,-8,182,-0.0682,0.3603,-0.2864,0.0001
statement,will,T2,cfnai,-7,182,-0.0915,0.2193,-0.2091,0.0046
statement,will,T2,cfnai,-6,182,-0.114,0.1254,-0.1992,0.007
statement,will,T2,cfnai,-5,182,-0.1072,0.1499,-0.1755,0.0178
statement,will,T2,cfnai,-4,182,-0.1792,0.0155,-0.1844,0.0127
statement,will,T2,cfnai,-3,182,-0.0535,0.4732,-0.0868,0.2438
statement,will,T2,cfnai,-2,182,-0.0669,0.3692,-0.0701,0.347
statement,will,T2,cfnai,-1,182,0.0888,0.2331,0.0699,0.3484
statement,will,T2,cfnai,0,182,0.0713,0.339,0.0928,0.2127
statement,will,T2,cfnai,1,182,0.1988,0.0071,0.1795,0.0153
statement,will,T2,cfnai,2,182,0.1448,0.0512,0.1614,0.0295
statement,will,T2,cfnai,3,182,0.2206,0.0028,0.162,0.0289
statement,will,T2,cfnai,4,180,0.1508,0.0433,0.1525,0.0409
statement,will,T2,cfnai,5,178,0.2124,0.0044,0.2435,0.0011
statement,will,T2,cfnai,6,178,0.2317,0.0019,0.3132,0.0
statement,will,T2,cfnai,7,176,0.118,0.1188,0.3197,0.0
statement,will,T2,cfnai,8,174,0.0917,0.2291,0.2848,0.0001
statement,will,T2,cfnai,9,174,-0.0205,0.7879,0.2701,0.0003
statement,will,T2,vix,-9,182,-0.0756,0.3103,-0.0868,0.2437
statement,will,T2,vix,-8,182,-0.0776,0.2976,-0.0555,0.4568
statement,will,T2,vix,-7,182,-0.0694,0.3516,-0.095,0.2022
statement,will,T2,vix,-6,182,-0.1773,0.0166,-0.1773,0.0166
statement,will,T2,vix,-5,182,-0.1514,0.0413,-0.1829,0.0134
statement,will,T2,vix,-4,182,-0.2079,0.0049,-0.2361,0.0013
statement,will,T2,vix,-3,182,-0.1827,0.0135,-0.1991,0.007
statement,will,T2,vix,-2,182,-0.2481,0.0007,-0.3023,0.0
statement,will,T2,vix,-1,182,-0.2208,0.0027,-0.2619,0.0004
statement,will,T2,vix,0,182,-0.3716,0.0,-0.4176,0.0
statement,will,T2,vix,1,182,-0.1854,0.0122,-0.2644,0.0003
statement,will,T2,vix,2,182,-0.3048,0.0,-0.3515,0.0
statement,will,T2,vix,3,182,-0.2622,0.0003,-0.3094,0.0
statement,will,T2,vix,4,180,-0.391,0.0,-0.4636,0.0
statement,will,T2,vix,5,178,-0.3621,0.0,-0.4366,0.0
statement,will,T2,vix,6,178,-0.3342,0.0,-0.424,0.0
statement,will,T2,vix,7,176,-0.2777,0.0002,-0.3187,0.0
statement,will,T2,vix,8,174,-0.2331,0.002,-0.3288,0.0
statement,will,T2,vix,9,174,-0.1952,0.0098,-0.2712,0.0003
statement,would,T1,cfnai,-9,202,-0.0029,0.9669,-0.0314,0.6578
statement,would,T1,cfnai,-8,202,-0.0036,0.9596,-0.0268,0.7045
statement,would,T1,cfnai,-7,202,-0.0483,0.4948,-0.0937,0.1847
statement,would,T1,cfnai,-6,202,-0.0009,0.9903,-0.0146,0.8361
statement,would,T1,cfnai,-5,202,-0.0173,0.807,-0.0654,0.3551
statement,would,T1,cfnai,-4,202,0.0558,0.4305,-0.0014,0.9847
statement,would,T1,cfnai,-3,202,0.1057,0.1344,-0.0221,0.7547
statement,would,T1,cfnai,-2,202,0.1529,0.0298,-0.0183,0.7963
statement,would,T1,cfnai,-1,202,0.1398,0.0472,-0.0329,0.6423
statement,would,T1,cfnai,0,202,0.0918,0.1936,-0.0298,0.6734
statement,would,T1,cfnai,1,202,0.118,0.0943,-0.0254,0.7198
statement,would,T1,cfnai,2,202,0.133,0.0591,-0.0179,0.7999
statement,would,T1,cfnai,3,202,0.0753,0.2871,-0.0304,0.6671
statement,would,T1,cfnai,4,200,-0.0342,0.6309,-0.1167,0.0997
statement,would,T1,cfnai,5,198,-0.0409,0.5668,-0.144,0.043
statement,would,T1,cfnai,6,198,-0.0035,0.9607,-0.1404,0.0485
statement,would,T1,cfnai,7,196,0.0017,0.9809,-0.1423,0.0467
statement,would,T1,cfnai,8,194,0.0157,0.828,-0.1336,0.0633
statement,would,T1,cfnai,9,194,-0.0076,0.9163,-0.1717,0.0167
statement,would,T1,vix,-9,202,0.4048,0.0,0.4657,0.0
statement,would,T1,vix,-8,202,0.4189,0.0,0.4951,0.0
statement,would,T1,vix,-7,202,0.4069,0.0,0.4275,0.0
statement,would,T1,vix,-6,202,0.3707,0.0,0.4132,0.0
statement,would,T1,vix,-5,202,0.429,0.0,0.463,0.0
statement,would,T1,vix,-4,202,0.3047,0.0,0.4678,0.0
statement,would,T1,vix,-3,202,0.241,0.0005,0.4387,0.0
statement,would,T1,vix,-2,202,0.3703,0.0,0.4608,0.0
statement,would,T1,vix,-1,202,0.2065,0.0032,0.3453,0.0
statement,would,T1,vix,0,202,0.0372,0.5989,0.2989,0.0
statement,would,T1,vix,1,202,0.1373,0.0514,0.2986,0.0
statement,would,T1,vix,2,202,0.1048,0.1376,0.2694,0.0001
statement,would,T1,vix,3,202,0.0799,0.2583,0.2569,0.0002
statement,would,T1,vix,4,200,0.1716,0.0151,0.2877,0.0
statement,would,T1,vix,5,198,0.1192,0.0944,0.2654,0.0002
statement,would,T1,vix,6,198,0.0397,0.579,0.2274,0.0013
statement,would,T1,vix,7,196,0.0762,0.2883,0.194,0.0064
statement,would,T1,vix,8,194,0.1039,0.1494,0.2436,0.0006
statement,would,T1,vix,9,194,0.0464,0.521,0.1694,0.0182
statement,would,T2,cfnai,-9,182,-0.0045,0.9523,-0.0727,0.3296
statement,would,T2,cfnai,-8,182,0.0336,0.6521,-0.0535,0.4736
statement,would,T2,cfnai,-7,182,0.0167,0.8234,-0.1231,0.0977
statement,would,T2,cfnai,-6,182,0.0686,0.3577,-0.0541,0.468
statement,would,T2,cfnai,-5,182,-0.0023,0.9755,-0.1284,0.0841
statement,would,T2,cfnai,-4,182,0.0443,0.553,-0.1025,0.1685
statement,would,T2,cfnai,-3,182,-0.042,0.5733,-0.1303,0.0796
statement,would,T2,cfnai,-2,182,0.0094,0.8999,-0.1064,0.1527
statement,would,T2,cfnai,-1,182,-0.0582,0.4355,-0.1497,0.0436
statement,would,T2,cfnai,0,182,-0.0648,0.3849,-0.1248,0.0932
statement,would,T2,cfnai,1,182,-0.0642,0.3893,-0.0859,0.2489
statement,would,T2,cfnai,2,182,-0.0244,0.7441,-0.0836,0.2616
statement,would,T2,cfnai,3,182,0.017,0.8197,-0.061,0.4135
statement,would,T2,cfnai,4,180,0.0889,0.2351,-0.0707,0.3453
statement,would,T2,cfnai,5,178,0.0913,0.2253,-0.0918,0.2229
statement,would,T2,cfnai,6,178,0.1213,0.1066,-0.0634,0.4005
statement,would,T2,cfnai,7,176,0.066,0.3839,-0.0779,0.304
statement,would,T2,cfnai,8,174,0.0621,0.4154,-0.0764,0.3164
statement,would,T2,cfnai,9,174,0.0325,0.6702,-0.1067,0.161
statement,would,T2,vix,-9,182,0.4521,0.0,0.4466,0.0
statement,would,T2,vix,-8,182,0.5047,0.0,0.4865,0.0
statement,would,T2,vix,-7,182,0.437,0.0,0.4324,0.0
statement,would,T2,vix,-6,182,0.4125,0.0,0.3933,0.0
statement,would,T2,vix,-5,182,0.4531,0.0,0.4655,0.0
statement,would,T2,vix,-4,182,0.4718,0.0,0.4772,0.0
statement,would,T2,vix,-3,182,0.4424,0.0,0.4648,0.0
statement,would,T2,vix,-2,182,0.4965,0.0,0.5043,0.0
statement,would,T2,vix,-1,182,0.4285,0.0,0.4327,0.0
statement,would,T2,vix,0,182,0.4125,0.0,0.429,0.0
statement,would,T2,vix,1,182,0.4074,0.0,0.4399,0.0
statement,would,T2,vix,2,182,0.4092,0.0,0.4176,0.0
statement,would,T2,vix,3,182,0.232,0.0016,0.4047,0.0
statement,would,T2,vix,4,180,0.3113,0.0,0.4266,0.0
statement,would,T2,vix,5,178,0.2003,0.0073,0.3902,0.0
statement,would,T2,vix,6,178,0.1283,0.0879,0.3648,0.0
statement,would,T2,vix,7,176,0.1991,0.0081,0.3238,0.0
statement,would,T2,vix,8,174,0.1792,0.018,0.367,0.0
statement,would,T2,vix,9,174,0.0935,0.2197,0.2625,0.0005
