modal,predicate,obs,exp,ratio,p,collostruction_strength,G2,layer
could,facilitate,9,1.44,6.27,3.933122705732456e-08,7.41,34.24,min_boilerplate
could,emerge,8,1.28,6.27,2.783440684056815e-07,6.56,30.31,min_boilerplate
could,impede,8,1.44,5.57,2.1904467991925376e-06,5.66,24.34,min_boilerplate
could,affect,6,0.96,6.27,1.327823747708864e-05,4.88,22.55,min_boilerplate
could,take,3,0.64,4.7,0.013789055720088815,1.86,6.97,min_boilerplate
could,result,3,5.59,0.54,0.3298746197392445,-0.48,1.81,min_boilerplate
may,authorize,23,9.73,2.36,9.438062595820316e-10,9.03,41.66,min_boilerplate
may,delegate,10,4.23,2.36,0.0001545523940772383,3.81,17.59,min_boilerplate
may,auction,9,3.81,2.36,0.0003781381908423097,3.42,15.79,min_boilerplate
may,borrow,9,3.81,2.36,0.0003781381908423097,3.42,15.79,min_boilerplate
may,lend,9,3.81,2.36,0.0003781381908423097,3.42,15.79,min_boilerplate
may,approve,8,3.38,2.36,0.000921555326026291,3.04,14.01,min_boilerplate
may,may,8,3.38,2.36,0.000921555326026291,3.04,14.01,min_boilerplate
may,determine,7,2.96,2.36,0.0022371968112085625,2.65,12.23,min_boilerplate
may,exercise,7,2.96,2.36,0.0022371968112085625,2.65,12.23,min_boilerplate
may,manage,7,2.96,2.36,0.0022371968112085625,2.65,12.23,min_boilerplate
may,provide,16,8.88,1.8,0.0022601217133381476,2.65,10.57,min_boilerplate
may,be+measurable,6,2.54,2.36,0.005410214510765803,2.27,10.46,min_boilerplate
may,change,6,2.54,2.36,0.005410214510765803,2.27,10.46,min_boilerplate
may,undertake,6,2.54,2.36,0.005410214510765803,2.27,10.46,min_boilerplate
may,designate,3,1.27,2.36,0.07479337808624417,1.13,5.2,min_boilerplate
may,issue,3,1.27,2.36,0.07479337808624417,1.13,5.2,min_boilerplate
may,include,3,2.54,1.18,0.7006392953414531,0.15,0.15,min_boilerplate
may,purchase,3,2.54,1.18,0.7006392953414531,0.15,0.15,min_boilerplate
may,result,8,14.8,0.54,0.0185515042889721,-1.73,6.38,min_boilerplate
should,help,3,0.22,13.43,0.0008142975203668363,3.09,12.1,min_boilerplate
will,consult,19,1.82,10.44,1.9576297560284821e-22,21.71,100.66,min_boilerplate
will,continue,6,0.67,8.95,3.364914212867649e-06,5.47,23.55,min_boilerplate
would,result,24,9.96,2.41,2.4684796277019434e-07,6.61,27.05,min_boilerplate
would,be+feasible,8,2.28,3.51,3.5459006657200216e-05,4.45,20.55,min_boilerplate
would,be+appropriate,9,2.85,3.16,7.246706066718357e-05,4.14,17.3,min_boilerplate
would,concern,5,1.42,3.51,0.0017434400547220914,2.76,12.74,min_boilerplate
would,allow,3,1.14,2.64,0.07144328289962747,1.15,3.76,min_boilerplate
would,provide,3,5.98,0.5,0.21160934566766654,-0.67,2.49,min_boilerplate
can,be+patient,3,0.02,136.86,2.3959842318497823e-07,6.62,31.03,min_committee
could,impede,46,3.99,11.54,6.185366086818481e-56,55.21,255.0,min_committee
could,be+patient,3,0.61,4.95,0.017007292900530987,1.77,5.92,min_committee
may,warrant,14,1.2,11.69,1.910121192445821e-13,12.72,55.2,min_committee
may,be+appropriate,13,2.69,4.84,3.547409417704074e-07,6.45,26.2,min_committee
should,affirm,14,1.24,11.27,6.644632761567436e-16,15.18,70.06,min_committee
should,help,20,2.66,7.51,1.4892342286906743e-15,14.83,64.85,min_committee
should,note,9,0.89,10.14,2.118209900460434e-09,8.67,38.17,min_committee
should,acknowledge,8,0.8,10.02,2.352111990553988e-08,7.63,33.36,min_committee
should,indicate,3,0.35,8.45,0.0025304172621098465,2.6,10.31,min_committee
should,continue,4,10.38,0.39,0.023623275493016238,-1.63,6.09,min_committee
will,move,5,0.42,11.77,2.5524339005826027e-05,4.59,18.47,min_committee
will,take,11,3.78,2.91,0.0006547382710503713,3.18,11.37,min_committee
will,be+appropriate,7,3.21,2.18,0.03432420431628377,1.46,3.99,min_committee
will,continue,4,4.52,0.89,1.0,0.0,0.07,min_committee
would,continue,109,87.81,1.24,1.5704465143254843e-07,6.8,29.2,min_committee
would,depend,51,38.28,1.33,3.986449451710869e-07,6.4,30.21,min_committee
would,be+prepared,46,34.52,1.33,1.8717183283306393e-06,5.73,27.17,min_committee
would,assess,49,37.53,1.31,1.2793812918466665e-05,4.89,21.86,min_committee
would,expand,29,21.77,1.33,0.0003015251640220831,3.52,16.94,min_committee
would,remain,27,20.26,1.33,0.0005056202129279696,3.3,15.76,min_committee
would,take,86,73.55,1.17,0.001884636857762066,2.72,10.77,min_committee
would,evolve,20,15.01,1.33,0.006530697579621523,2.19,11.62,min_committee
would,add,12,9.01,1.33,0.04475940234086551,1.35,6.94,min_committee
would,increase,12,9.76,1.23,0.20394643348643654,0.69,2.64,min_committee
would,occur,7,5.25,1.33,0.2025093505163485,0.69,4.03,min_committee
would,strengthen,12,9.76,1.23,0.20394643348643654,0.69,2.64,min_committee
would,monitor,15,12.76,1.18,0.26664014686745213,0.57,1.88,min_committee
would,rise,15,12.76,1.18,0.26664014686745213,0.57,1.88,min_committee
would,reduce,5,3.75,1.33,0.339717836616529,0.47,2.88,min_committee
would,use,5,3.75,1.33,0.339717836616529,0.47,2.88,min_committee
would,be+consistent,6,4.5,1.33,0.3457767509519633,0.46,3.46,min_committee
would,need,6,4.5,1.33,0.3457767509519633,0.46,3.46,min_committee
would,aim,9,7.51,1.2,0.46570800500828546,0.33,1.45,min_committee
would,return,8,6.75,1.18,0.46410491492112843,0.33,1.1,min_committee
would,weigh,4,3.0,1.33,0.5772421584779657,0.24,2.3,min_committee
would,be+appropriate,63,62.29,1.01,1.0,-0.0,0.04,min_committee
would,be+prudent,3,2.25,1.33,1.0,-0.0,1.73,min_committee
would,evaluate,3,3.0,1.0,1.0,0.0,0.0,min_committee
would,limit,3,2.25,1.33,1.0,-0.0,1.73,min_committee
would,stabilize,3,2.25,1.33,1.0,-0.0,1.73,min_committee
would,move,5,8.26,0.61,0.03315867608572217,-1.48,4.43,min_committee
would,warrant,21,27.77,0.76,0.011877910869940323,-1.93,6.13,min_committee
would,help,8,22.52,0.36,2.00463405945206e-08,-7.7,32.12,min_committee
could,lead,57,20.64,2.76,3.2757824341761474e-21,20.48,90.7,min_participants
could,bear,23,7.94,2.9,4.188029541405679e-10,9.38,40.75,min_participants
could,result,28,12.38,2.26,2.7705510612374765e-07,6.56,26.67,min_participants
could,pose,19,7.3,2.6,6.455461870682136e-07,6.19,25.63,min_participants
could,restrain,11,4.13,2.67,0.0001250672035560656,3.9,15.69,min_participants
could,become,24,12.38,1.94,0.0001656433796094946,3.78,14.79,min_participants
could,prove,17,7.94,2.14,0.00026898165188250507,3.57,13.92,min_participants
could,misinterpret,7,2.22,3.15,0.00031986352636066337,3.5,16.1,min_participants
could,damp,10,3.81,2.62,0.00033805841298061294,3.47,13.73,min_participants
could,undermine,6,1.9,3.15,0.0010122263492426057,2.99,13.8,min_participants
could,push,7,2.54,2.76,0.0018519272046403491,2.73,10.83,min_participants
could,generate,8,3.17,2.52,0.002357326533616206,2.63,9.92,min_participants
could,risk,8,3.17,2.52,0.002357326533616206,2.63,9.92,min_participants
could,impair,5,1.59,3.15,0.00320072952501886,2.49,11.49,min_participants
could,affect,19,11.11,1.71,0.005695567499899341,2.24,7.66,min_participants
could,boost,8,3.49,2.29,0.006242303573142898,2.2,7.79,min_participants
could,have,20,12.06,1.66,0.007829789544423893,2.11,7.18,min_participants
could,be+sign,4,1.27,3.15,0.010112982379852935,2.0,9.19,min_participants
could,transition,4,1.27,3.15,0.010112982379852935,2.0,9.19,min_participants
could,increase,17,10.16,1.67,0.012351799239243701,1.91,6.31,min_participants
could,exacerbate,7,3.17,2.2,0.014647818412118844,1.83,6.16,min_participants
could,impede,6,2.54,2.36,0.015109831532215992,1.82,6.32,min_participants
could,afford,3,0.95,3.15,0.03192779872905405,1.5,6.89,min_participants
could,necessitate,3,0.95,3.15,0.03192779872905405,1.5,6.89,min_participants
could,portend,3,0.95,3.15,0.03192779872905405,1.5,6.89,min_participants
could,prompt,3,0.95,3.15,0.03192779872905405,1.5,6.89,min_participants
could,spill,3,0.95,3.15,0.03192779872905405,1.5,6.89,min_participants
could,threaten,3,0.95,3.15,0.03192779872905405,1.5,6.89,min_participants
could,trigger,3,0.95,3.15,0.03192779872905405,1.5,6.89,min_participants
could,cause,6,2.86,2.1,0.03324054640231397,1.48,4.62,min_participants
could,give,6,2.86,2.1,0.03324054640231397,1.48,4.62,min_participants
could,turn,5,2.22,2.25,0.03658535069731481,1.44,4.64,min_participants
could,use,5,2.22,2.25,0.03658535069731481,1.44,4.64,min_participants
could,decline,4,1.59,2.52,0.03776199379918923,1.42,4.95,min_participants
could,encourage,4,1.59,2.52,0.03776199379918923,1.42,4.95,min_participants
could,judge,4,1.59,2.52,0.03776199379918923,1.42,4.95,min_participants
could,reflect,10,6.03,1.66,0.07941968929041114,1.1,3.56,min_participants
could,be+level,6,3.17,1.89,0.08289609796977736,1.08,3.38,min_participants
could,come,6,3.17,1.89,0.08289609796977736,1.08,3.38,min_participants
could,add,4,1.9,2.1,0.08499949058976738,1.07,3.08,min_participants
could,arise,4,1.9,2.1,0.08499949058976738,1.07,3.08,min_participants
could,address,3,1.27,2.36,0.09737224777665737,1.01,3.15,min_participants
could,deteriorate,3,1.27,2.36,0.09737224777665737,1.01,3.15,min_participants
could,explain,3,1.27,2.36,0.09737224777665737,1.01,3.15,min_participants
could,tighten,3,1.27,2.36,0.09737224777665737,1.01,3.15,min_participants
could,raise,7,4.44,1.57,0.15557161481297438,0.81,2.01,min_participants
could,contribute,13,9.52,1.36,0.17244559725957015,0.76,1.78,min_participants
could,associate,6,3.81,1.57,0.21385937460701493,0.67,1.72,min_participants
could,be+difficult,4,2.22,1.8,0.2182940808302342,0.66,1.91,min_participants
could,face,4,2.22,1.8,0.2182940808302342,0.66,1.91,min_participants
could,limit,4,2.22,1.8,0.2182940808302342,0.66,1.91,min_participants
could,put,7,4.76,1.47,0.2651838351063516,0.58,1.45,min_participants
could,make,11,8.25,1.33,0.28953353001891735,0.54,1.29,min_participants
could,indicate,5,3.17,1.57,0.3049755217999761,0.52,1.44,min_participants
could,slow,12,9.21,1.3,0.3154169391322258,0.5,1.2,min_participants
could,stall,3,1.59,1.89,0.33463509703611405,0.48,1.69,min_participants
could,persist,6,4.13,1.45,0.369196921175281,0.43,1.18,min_participants
could,be+factor,3,1.9,1.57,0.38939795901450686,0.41,0.86,min_participants
could,be+gradual,3,1.9,1.57,0.38939795901450686,0.41,0.86,min_participants
could,support,17,14.6,1.16,0.42936697088839154,0.37,0.57,min_participants
could,consider,4,2.86,1.4,0.4772996314707978,0.32,0.64,min_participants
could,interpret,3,2.22,1.35,0.6861447567598435,0.16,0.38,min_participants
could,be+useful,3,2.54,1.18,0.714421032463425,0.15,0.12,min_participants
could,run,4,3.17,1.26,0.7346069400688964,0.13,0.3,min_participants
could,be+helpful,7,6.35,1.1,0.8104251881025798,0.09,0.1,min_participants
could,help,27,26.99,1.0,1.0,-0.0,0.0,min_participants
could,occur,4,4.44,0.9,1.0,0.0,0.07,min_participants
could,reduce,7,6.98,1.0,1.0,-0.0,0.0,min_participants
could,rise,13,13.33,0.97,1.0,0.0,0.01,min_participants
could,begin,5,5.71,0.87,0.8051095793254632,-0.09,0.14,min_participants
could,influence,3,3.81,0.79,0.7626677784362932,-0.12,0.26,min_participants
could,weigh,9,10.48,0.86,0.7077117926154688,-0.15,0.32,min_participants
could,warrant,8,10.48,0.76,0.45252208228375623,-0.34,0.91,min_participants
could,take,9,12.06,0.75,0.38005502015758796,-0.42,1.22,min_participants
could,provide,7,10.16,0.69,0.2574069754282485,-0.59,1.56,min_participants
could,require,4,7.62,0.52,0.12690750616579902,-0.9,2.85,min_participants
could,move,3,12.7,0.24,0.0004464664302720829,-3.35,14.0,min_participants
could,expect,3,14.92,0.2,4.624031287676104e-05,-4.33,18.43,min_participants
could,remain,6,21.27,0.28,1.3455938117517929e-05,-4.87,20.37,min_participants
could,continue,12,41.27,0.29,8.456425049986458e-10,-9.07,39.14,min_participants
could,be+appropriate,7,51.75,0.14,6.558730007316516e-19,-18.18,81.01,min_participants
may,be+stronger,3,0.17,17.55,0.00018154788615518878,3.74,17.25,min_participants
may,be+lower,4,0.46,8.78,0.0005928836485244675,3.23,12.39,min_participants
may,contribute,7,1.71,4.1,0.0011395928179314297,2.94,10.41,min_participants
may,signal,3,0.34,8.78,0.003193969602380549,2.5,9.27,min_participants
may,reflect,5,1.08,4.62,0.0034104522591689615,2.47,8.5,min_participants
may,warrant,6,1.88,3.19,0.00953401888582652,2.02,6.37,min_participants
may,be+level,3,0.57,5.27,0.01617889156170009,1.79,5.84,min_participants
may,reduce,4,1.25,3.19,0.0331667836418861,1.48,4.22,min_participants
may,stabilize,3,0.91,3.29,0.05878656594992577,1.23,3.3,min_participants
may,become,5,2.22,2.25,0.0676985546552411,1.17,2.82,min_participants
may,begin,3,1.03,2.93,0.07888715539041671,1.1,2.76,min_participants
may,need,5,3.02,1.66,0.2245770159786086,0.65,1.19,min_participants
may,increase,3,1.82,1.65,0.42504070354196244,0.37,0.69,min_participants
may,be+appropriate,11,9.29,1.18,0.488689080748651,0.31,0.34,min_participants
should,monitor,7,0.54,12.95,1.2316563866125537e-07,6.91,29.26,min_participants
should,be+principle,3,0.16,18.5,0.00015502458100015562,3.81,17.56,min_participants
should,discuss,3,0.16,18.5,0.00015502458100015562,3.81,17.56,min_participants
should,interpret,4,0.38,10.57,0.0002529266009497962,3.6,14.21,min_participants
should,continue,17,7.03,2.42,0.0004706637091387524,3.33,11.68,min_participants
should,communicate,3,0.32,9.25,0.002745895076732921,2.56,9.57,min_participants
should,guide,3,0.38,7.93,0.004615621433570265,2.34,8.44,min_participants
should,maintain,3,0.38,7.93,0.004615621433570265,2.34,8.44,min_participants
should,occur,4,0.76,5.28,0.005366805062366786,2.27,7.78,min_participants
should,support,5,2.49,2.01,0.09971041459437395,1.0,2.15,min_participants
should,take,4,2.05,1.95,0.14654918733070582,0.83,1.57,min_participants
should,remain,4,3.62,1.1,0.7821725804323404,0.11,0.04,min_participants
will,depend,5,0.71,7.07,0.0005644110874331715,3.25,11.93,min_participants
would,be+appropriate,143,90.9,1.57,1.7369498447628163e-19,18.76,82.51,min_participants
would,be+important,41,23.42,1.75,9.19322016074167e-10,9.04,40.52,min_participants
would,depend,59,36.25,1.63,9.996216224740797e-10,9.0,39.45,min_participants
would,expect,44,26.21,1.68,1.4667550666416772e-08,7.83,34.44,min_participants
would,need,47,29.56,1.59,3.52956387484264e-07,6.45,27.7,min_participants
would,continue,100,72.5,1.38,4.4398701036817415e-07,6.35,26.45,min_participants
would,remain,56,37.37,1.5,1.347739227526234e-06,5.87,24.04,min_participants
would,expand,23,12.83,1.79,1.5583284162546034e-06,5.81,27.02,min_participants
would,allow,20,12.27,1.63,0.0007498496179667786,3.13,13.31,min_participants
would,strengthen,16,9.48,1.69,0.0009044684162065403,3.04,12.77,min_participants
would,move,32,22.31,1.43,0.0019511884225248597,2.71,10.53,min_participants
would,be+consistent,20,12.83,1.56,0.0024129087207416153,2.62,10.52,min_participants
would,diminish,13,7.81,1.67,0.005095634698974104,2.29,9.65,min_participants
would,be+prudent,8,4.46,1.79,0.010728317026170237,1.97,9.36,min_participants
would,inform,8,4.46,1.79,0.010728317026170237,1.97,9.36,min_participants
would,tend,8,4.46,1.79,0.010728317026170237,1.97,9.36,min_participants
would,be+case,6,3.35,1.79,0.03739276476474851,1.43,7.02,min_participants
would,be+costly,6,3.35,1.79,0.03739276476474851,1.43,7.02,min_participants
would,prefer,6,3.35,1.79,0.03739276476474851,1.43,7.02,min_participants
would,stabilize,13,8.92,1.46,0.04441687845840495,1.35,4.66,min_participants
would,require,18,13.38,1.34,0.06417161779985163,1.19,3.85,min_participants
would,grow,5,2.79,1.79,0.07064372862758861,1.15,5.85,min_participants
would,provide,23,17.85,1.29,0.07395167770640745,1.13,3.56,min_participants
would,help,55,47.4,1.16,0.09696192710952993,1.01,2.89,min_participants
would,be+likely,4,2.23,1.79,0.13473522424455772,0.87,4.68,min_participants
would,determine,4,2.23,1.79,0.13473522424455772,0.87,4.68,min_participants
would,moderate,4,2.23,1.79,0.13473522424455772,0.87,4.68,min_participants
would,follow,6,3.9,1.54,0.14200340014089807,0.85,2.9,min_participants
would,show,6,3.9,1.54,0.14200340014089807,0.85,2.9,min_participants
would,return,11,8.37,1.31,0.20012220729045044,0.7,1.99,min_participants
would,weigh,22,18.4,1.2,0.22186052260208383,0.65,1.65,min_participants
would,bring,5,3.35,1.49,0.23689854794178916,0.63,2.07,min_participants
would,influence,9,6.69,1.34,0.24706214893126527,0.61,1.92,min_participants
would,take,25,21.19,1.18,0.25059784509993444,0.6,1.6,min_participants
would,align,3,1.67,1.79,0.2597165991902834,0.59,3.51,min_participants
would,be+desirable,3,1.67,1.79,0.2597165991902834,0.59,3.51,min_participants
would,be+transitory,3,1.67,1.79,0.2597165991902834,0.59,3.51,min_participants
would,be+valuable,3,1.67,1.79,0.2597165991902834,0.59,3.51,min_participants
would,dissipate,3,1.67,1.79,0.2597165991902834,0.59,3.51,min_participants
would,imply,3,1.67,1.79,0.2597165991902834,0.59,3.51,min_participants
would,promote,3,1.67,1.79,0.2597165991902834,0.59,3.51,min_participants
would,recede,3,1.67,1.79,0.2597165991902834,0.59,3.51,min_participants
would,be+able,4,2.79,1.43,0.39110120671243404,0.41,1.3,min_participants
would,bolster,4,2.79,1.43,0.39110120671243404,0.41,1.3,min_participants
would,exceed,4,2.79,1.43,0.39110120671243404,0.41,1.3,min_participants
would,leave,4,2.79,1.43,0.39110120671243404,0.41,1.3,min_participants
would,be+necessary,6,4.46,1.34,0.4787599128729705,0.32,1.28,min_participants
would,reach,5,3.9,1.28,0.4741364174440169,0.32,0.73,min_participants
would,be+helpful,13,11.15,1.17,0.5006648396808143,0.3,0.71,min_participants
would,abate,3,2.23,1.34,0.6346607240274605,0.2,0.64,min_participants
would,be+dependent,3,2.23,1.34,0.6346607240274605,0.2,0.64,min_participants
would,change,3,2.23,1.34,0.6346607240274605,0.2,0.64,min_participants
would,fade,3,2.23,1.34,0.6346607240274605,0.2,0.64,min_participants
would,implement,3,2.23,1.34,0.6346607240274605,0.2,0.64,min_participants
would,improve,3,2.23,1.34,0.6346607240274605,0.2,0.64,min_participants
would,pick,3,2.23,1.34,0.6346607240274605,0.2,0.64,min_participants
would,rise,25,23.42,1.07,0.6427690621706761,0.19,0.25,min_participants
would,be+temporary,4,3.35,1.2,0.6995065242537241,0.16,0.3,min_participants
would,complicate,4,3.35,1.2,0.6995065242537241,0.16,0.3,min_participants
would,pass,4,3.35,1.2,0.6995065242537241,0.16,0.3,min_participants
would,assess,3,3.35,0.9,1.0,0.0,0.08,min_participants
would,be+useful,5,4.46,1.12,1.0,-0.0,0.15,min_participants
would,benefit,3,2.79,1.08,1.0,-0.0,0.04,min_participants
would,call,3,2.79,1.08,1.0,-0.0,0.04,min_participants
would,consider,5,5.02,1.0,1.0,0.0,0.0,min_participants
would,convey,5,4.46,1.12,1.0,-0.0,0.15,min_participants
would,ease,3,2.79,1.08,1.0,-0.0,0.04,min_participants
would,fall,4,3.9,1.02,1.0,-0.0,0.01,min_participants
would,guide,4,3.9,1.02,1.0,-0.0,0.01,min_participants
would,keep,5,4.46,1.12,1.0,-0.0,0.15,min_participants
would,meet,3,2.79,1.08,1.0,-0.0,0.04,min_participants
would,persist,7,7.25,0.97,1.0,0.0,0.02,min_participants
would,play,5,4.46,1.12,1.0,-0.0,0.15,min_participants
would,respond,4,3.9,1.02,1.0,-0.0,0.01,min_participants
would,run,6,5.58,1.08,1.0,-0.0,0.07,min_participants
would,suggest,3,3.35,0.9,1.0,0.0,0.08,min_participants
would,sustain,4,3.9,1.02,1.0,-0.0,0.01,min_participants
would,warrant,18,18.4,0.98,1.0,0.0,0.02,min_participants
would,associate,6,6.69,0.9,0.7745678498992352,-0.11,0.16,min_participants
would,evolve,3,3.9,0.77,0.7066637324942262,-0.15,0.47,min_participants
would,limit,3,3.9,0.77,0.7066637324942262,-0.15,0.47,min_participants
would,maintain,3,3.9,0.77,0.7066637324942262,-0.15,0.47,min_participants
would,reduce,11,12.27,0.9,0.6683142914690394,-0.18,0.3,min_participants
would,support,24,25.65,0.94,0.6550586745466851,-0.18,0.24,min_participants
would,make,13,14.5,0.9,0.5587196123122291,-0.25,0.35,min_participants
would,slow,14,16.17,0.87,0.45521330884518885,-0.34,0.66,min_participants
would,indicate,4,5.58,0.72,0.35300640129238026,-0.45,1.0,min_participants
would,begin,8,10.04,0.8,0.3506670671035759,-0.46,0.93,min_participants
would,put,6,8.37,0.72,0.297569201624091,-0.53,1.51,min_participants
would,occur,5,7.81,0.64,0.17708091195631137,-0.75,2.29,min_participants
would,raise,5,7.81,0.64,0.17708091195631137,-0.75,2.29,min_participants
would,come,3,5.58,0.54,0.11872763113801939,-0.93,2.72,min_participants
would,exacerbate,3,5.58,0.54,0.11872763113801939,-0.93,2.72,min_participants
would,monitor,3,5.58,0.54,0.11872763113801939,-0.93,2.72,min_participants
would,have,16,21.19,0.75,0.10046543380831555,-1.0,2.89,min_participants
would,affect,14,19.52,0.72,0.061663552113826084,-1.21,3.55,min_participants
would,increase,12,17.85,0.67,0.04763222007634175,-1.32,4.36,min_participants
would,reflect,4,10.6,0.38,0.003992000479643522,-2.4,9.65,min_participants
would,prove,6,13.94,0.43,0.0018120293096574977,-2.74,10.55,min_participants
would,contribute,8,16.73,0.48,0.0014325983254945692,-2.84,10.55,min_participants
would,result,11,21.75,0.51,0.0005427178571165395,-3.27,12.3,min_participants
would,pose,4,12.83,0.31,0.00020392294243600276,-3.69,14.53,min_participants
would,become,10,21.75,0.46,0.0001444129882479049,-3.84,14.8,min_participants
would,lead,7,36.25,0.19,2.0285849987674898e-14,-13.69,59.68,min_participants
can,achieve,3,0.13,22.37,0.00016114603623524615,3.79,15.51,min_special
could,use,11,4.34,2.54,9.845466412361544e-05,4.01,16.65,min_special
could,spill,6,2.17,2.77,0.0021543570782186798,2.67,12.29,min_special
could,limit,4,1.45,2.77,0.016833938778517445,1.77,8.18,min_special
could,help,20,13.01,1.54,0.019674931458461685,1.71,5.88,min_special
could,view,5,2.17,2.31,0.02540281475683753,1.6,5.71,min_special
could,become,6,2.89,2.08,0.02919315484225274,1.53,5.06,min_special
could,choose,3,1.08,2.77,0.04689454374015572,1.33,6.13,min_special
could,employ,3,1.08,2.77,0.04689454374015572,1.33,6.13,min_special
could,encourage,3,1.08,2.77,0.04689454374015572,1.33,6.13,min_special
could,misinterpret,3,1.08,2.77,0.04689454374015572,1.33,6.13,min_special
could,arise,4,1.81,2.21,0.060053293793966595,1.22,4.06,min_special
could,serve,4,1.81,2.21,0.060053293793966595,1.22,4.06,min_special
could,provide,15,10.48,1.43,0.07966686605815344,1.1,3.04,min_special
could,lead,5,2.53,1.98,0.10536907367973516,0.98,3.63,min_special
could,make,5,2.53,1.98,0.10536907367973516,0.98,3.63,min_special
could,result,5,2.53,1.98,0.10536907367973516,0.98,3.63,min_special
could,bind,3,1.45,2.08,0.13707635862507056,0.86,2.52,min_special
could,entail,3,1.45,2.08,0.13707635862507056,0.86,2.52,min_special
could,facilitate,3,1.45,2.08,0.13707635862507056,0.86,2.52,min_special
could,reduce,8,5.06,1.58,0.15716571755996442,0.8,2.59,min_special
could,increase,4,2.53,1.58,0.26082797963009796,0.58,1.28,min_special
could,be+effective,3,1.81,1.66,0.3580220566535254,0.45,1.18,min_special
could,consider,3,1.81,1.66,0.3580220566535254,0.45,1.18,min_special
could,pose,3,1.81,1.66,0.3580220566535254,0.45,1.18,min_special
could,affect,6,4.34,1.38,0.36810620453124343,0.43,0.97,min_special
could,be+helpful,3,2.17,1.38,0.6729968938270081,0.17,0.48,min_special
could,enhance,3,2.17,1.38,0.6729968938270081,0.17,0.48,min_special
could,communicate,3,3.25,0.92,1.0,0.0,0.03,min_special
could,have,6,7.59,0.79,0.6459176575733152,-0.19,0.56,min_special
could,be+appropriate,6,12.29,0.49,0.027090660063704607,-1.57,5.87,min_special
may,be+appropriate,4,1.22,3.29,0.02892372592697887,1.54,4.51,min_special
should,be+mean,3,0.22,13.5,0.00038714292523593343,3.41,15.76,min_special
will,depend,5,0.5,9.99,3.815617546994259e-05,4.42,17.97,min_special
will,hold,6,0.81,7.38,5.438505859444089e-05,4.26,16.83,min_special
will,continue,3,1.25,2.4,0.12391247417077103,0.91,1.99,min_special
would,need,17,7.47,2.28,6.74530166346666e-07,6.17,28.45,min_special
would,be+important,10,4.83,2.07,0.0016611481620613735,2.78,11.05,min_special
would,be+consistent,7,3.08,2.28,0.0030519410311772273,2.52,11.6,min_special
would,be+appropriate,23,14.94,1.54,0.007161878460903702,2.14,8.11,min_special
would,continue,14,8.79,1.59,0.021669399707525017,1.66,5.68,min_special
would,be+useful,7,3.51,1.99,0.024629468155643562,1.61,6.71,min_special
would,be+desirable,4,1.76,2.28,0.03689086988381832,1.43,6.61,min_special
would,be+necessary,4,1.76,2.28,0.03689086988381832,1.43,6.61,min_special
would,require,10,6.15,1.63,0.054171319098886714,1.27,4.41,min_special
would,be+careful,3,1.32,2.28,0.08438380794539087,1.07,4.95,min_special
would,be+case,3,1.32,2.28,0.08438380794539087,1.07,4.95,min_special
would,discuss,3,1.32,2.28,0.08438380794539087,1.07,4.95,min_special
would,allow,6,3.51,1.71,0.14774115529856144,0.83,3.22,min_special
would,warrant,4,2.2,1.82,0.17489514108510165,0.76,2.75,min_special
would,remain,6,3.95,1.52,0.19162896762783466,0.72,1.91,min_special
would,conduct,5,3.08,1.63,0.25021877711358764,0.6,2.18,min_special
would,have,12,9.23,1.3,0.2664351907397582,0.57,1.51,min_special
would,take,5,3.51,1.42,0.3092536454547591,0.51,1.12,min_special
would,be+lower,3,1.76,1.71,0.3250809204055447,0.49,1.6,min_special
would,reinveste,4,2.64,1.52,0.41318995778650336,0.38,1.27,min_special
would,communicate,5,3.95,1.26,0.5164964657932144,0.29,0.49,min_special
would,determine,3,2.2,1.37,0.658790573361659,0.18,0.52,min_special
would,be+helpful,3,2.64,1.14,1.0,-0.0,0.09,min_special
would,begin,3,3.08,0.98,1.0,0.0,0.0,min_special
would,enhance,3,2.64,1.14,1.0,-0.0,0.09,min_special
would,hold,6,5.71,1.05,1.0,-0.0,0.03,min_special
would,set,3,2.64,1.14,1.0,-0.0,0.09,min_special
would,affect,4,5.27,0.76,0.5648271436708217,-0.25,0.57,min_special
would,provide,10,12.74,0.78,0.34370578786325734,-0.46,1.12,min_special
would,help,11,15.82,0.7,0.12152438035728017,-0.92,2.84,min_special
would,reduce,3,6.15,0.49,0.10633181957794578,-0.97,3.17,min_special
could,appreciate,9,2.2,4.08,2.5642224943214503e-06,5.59,25.8,min_staff
could,prove,11,4.41,2.5,0.000839579731032817,3.08,11.28,min_staff
could,have,6,1.96,3.06,0.003522723403386401,2.45,9.18,min_staff
could,amplify,5,1.47,3.4,0.003998961362828741,2.4,9.35,min_staff
could,increase,21,12.73,1.65,0.00997236001375693,2.0,7.13,min_staff
could,yield,3,0.73,4.08,0.014435879645621617,1.84,8.49,min_staff
could,materialize,3,0.98,3.06,0.047320598017457416,1.32,4.55,min_staff
could,put,4,2.2,1.81,0.23262480286640586,0.63,1.73,min_staff
could,move,7,5.14,1.36,0.31280849220687273,0.5,0.86,min_staff
could,become,3,1.71,1.75,0.37024936682910686,0.43,1.14,min_staff
could,result,3,1.71,1.75,0.37024936682910686,0.43,1.14,min_staff
could,lead,3,1.96,1.53,0.4120319423286686,0.39,0.68,min_staff
could,rise,3,2.94,1.02,1.0,-0.0,0.0,min_staff
could,continue,3,3.92,0.77,0.7716017875597576,-0.11,0.31,min_staff
could,expand,7,9.31,0.75,0.43791268314266757,-0.36,0.86,min_staff
may,edge,18,2.43,7.4,4.177419315820981e-15,14.38,63.37,min_staff
may,be+lower,9,1.06,8.51,8.351625044327837e-09,8.08,35.48,min_staff
may,contribute,4,0.53,7.56,0.0005229014493295422,3.28,13.44,min_staff
may,reflect,3,0.42,7.09,0.004168877233617291,2.38,9.34,min_staff
may,increase,4,5.5,0.73,0.6367267988420868,-0.2,0.55,min_staff
will,incorporate,3,0.09,33.69,2.1577143547611447e-05,4.67,21.69,min_staff
would,remain,18,10.92,1.65,0.00011729637764861504,3.93,18.39,min_staff
would,expand,31,23.05,1.34,0.0056629644453568525,2.25,8.27,min_staff
would,manifest,8,4.85,1.65,0.025001442653395677,1.6,8.07,min_staff
would,be+objective,6,3.64,1.65,0.08610573436269309,1.06,6.04,min_staff
would,enact,6,3.64,1.65,0.08610573436269309,1.06,6.04,min_staff
would,run,6,3.64,1.65,0.08610573436269309,1.06,6.04,min_staff
would,be+accommodative,4,2.43,1.65,0.1580099972829419,0.8,4.02,min_staff
would,be+percent,4,2.43,1.65,0.1580099972829419,0.8,4.02,min_staff
would,ease,4,2.43,1.65,0.1580099972829419,0.8,4.02,min_staff
would,be+flat,5,3.03,1.65,0.1622254782368056,0.79,5.03,min_staff
would,outpace,5,3.03,1.65,0.1622254782368056,0.79,5.03,min_staff
would,reach,5,3.03,1.65,0.1622254782368056,0.79,5.03,min_staff
would,slow,6,4.25,1.41,0.2543271790481911,0.59,2.15,min_staff
would,take,6,4.25,1.41,0.2543271790481911,0.59,2.15,min_staff
would,be+close,3,1.82,1.65,0.2828106572132064,0.55,3.01,min_staff
would,be+slower,3,1.82,1.65,0.2828106572132064,0.55,3.01,min_staff
would,bounce,3,1.82,1.65,0.2828106572132064,0.55,3.01,min_staff
would,enter,3,1.82,1.65,0.2828106572132064,0.55,3.01,min_staff
would,return,3,1.82,1.65,0.2828106572132064,0.55,3.01,min_staff
would,turn,3,1.82,1.65,0.2828106572132064,0.55,3.01,min_staff
would,rise,9,7.28,1.24,0.3811072316440113,0.42,1.12,min_staff
would,weaken,5,3.64,1.37,0.4111698050674256,0.39,1.47,min_staff
would,decline,7,5.46,1.28,0.49360410038362923,0.31,1.21,min_staff
would,rebound,4,3.03,1.32,0.6529411433841118,0.19,0.87,min_staff
would,be+persistent,3,3.03,0.99,1.0,0.0,0.0,min_staff
would,become,4,4.25,0.94,1.0,0.0,0.04,min_staff
would,continue,10,9.71,1.03,1.0,-0.0,0.02,min_staff
would,depend,3,2.43,1.24,1.0,-0.0,0.37,min_staff
would,move,13,12.74,1.02,1.0,-0.0,0.01,min_staff
would,put,5,5.46,0.92,0.7434154529087783,-0.13,0.1,min_staff
would,lead,4,4.85,0.82,0.7179163674835636,-0.14,0.38,min_staff
would,result,3,4.25,0.71,0.4416403391659953,-0.35,0.92,min_staff
would,increase,27,31.55,0.86,0.18175918976418903,-0.74,1.81,min_staff
would,prove,7,10.92,0.64,0.0829698740186523,-1.08,3.59,min_staff
would,edge,5,13.95,0.36,0.00013032560390069555,-3.88,15.16,min_staff
could,affect,7,2.25,3.12,0.00120619268143771,2.92,11.27,min_staff_desk
could,consider,6,1.75,3.43,0.0012341127382299393,2.91,11.67,min_staff_desk
could,result,5,1.5,3.34,0.00438373223642814,2.36,9.17,min_staff_desk
could,arise,3,0.75,4.01,0.015287017193791984,1.82,8.38,min_staff_desk
could,play,3,1.0,3.01,0.04989126520519385,1.3,4.44,min_staff_desk
could,become,4,1.75,2.29,0.06888433551731543,1.16,3.32,min_staff_desk
could,increase,5,2.75,1.82,0.1528131967735349,0.82,2.22,min_staff_desk
could,take,3,1.75,1.72,0.37405080638217836,0.43,1.08,min_staff_desk
could,have,3,2.0,1.5,0.4186515480997746,0.38,0.62,min_staff_desk
could,provide,4,2.75,1.46,0.47938316683902144,0.32,0.72,min_staff_desk
could,remain,3,2.25,1.34,0.6972814915893422,0.16,0.32,min_staff_desk
could,use,3,2.25,1.34,0.6972814915893422,0.16,0.32,min_staff_desk
could,help,3,3.99,0.75,0.7714730352201229,-0.11,0.36,min_staff_desk
could,continue,4,7.74,0.52,0.135803091045055,-0.87,2.91,min_staff_desk
may,contribute,7,0.67,10.49,2.395329969978593e-07,6.62,28.33,min_staff_desk
may,vary,4,0.37,10.79,0.00012428340967951637,3.91,16.32,min_staff_desk
may,help,3,1.19,2.53,0.1077512551983492,0.97,2.26,min_staff_desk
will,notify,3,0.19,15.8,0.0002334775317204822,3.63,16.81,min_staff_desk
will,decline,3,0.51,5.92,0.010468305594318534,1.98,6.83,min_staff_desk
would,continue,23,17.21,1.34,0.0396602227021481,1.4,4.89,min_staff_desk
would,fall,5,2.78,1.8,0.06899461315657614,1.16,5.92,min_staff_desk
would,announce,4,2.22,1.8,0.1327869324550198,0.88,4.73,min_staff_desk
would,issue,4,2.22,1.8,0.1327869324550198,0.88,4.73,min_staff_desk
would,maintain,4,2.22,1.8,0.1327869324550198,0.88,4.73,min_staff_desk
would,slow,4,2.22,1.8,0.1327869324550198,0.88,4.73,min_staff_desk
would,be+flexible,3,1.67,1.8,0.25778363078858396,0.59,3.54,min_staff_desk
would,be+tool,3,1.67,1.8,0.25778363078858396,0.59,3.54,min_staff_desk
would,ease,3,1.67,1.8,0.25778363078858396,0.59,3.54,min_staff_desk
would,end,3,1.67,1.8,0.25778363078858396,0.59,3.54,min_staff_desk
would,support,6,4.44,1.35,0.30945108292648066,0.51,1.32,min_staff_desk
would,be+appropriate,8,6.11,1.31,0.36069447423481815,0.44,1.41,min_staff_desk
would,expect,4,2.78,1.44,0.3879562096487944,0.41,1.34,min_staff_desk
would,move,4,2.78,1.44,0.3879562096487944,0.41,1.34,min_staff_desk
would,need,5,3.89,1.29,0.4701080728305661,0.33,0.76,min_staff_desk
would,help,10,8.88,1.13,0.6193530893374102,0.21,0.33,min_staff_desk
would,approve,3,2.22,1.35,0.6327737257892766,0.2,0.66,min_staff_desk
would,prevail,3,2.22,1.35,0.6327737257892766,0.2,0.66,min_staff_desk
would,reach,3,2.22,1.35,0.6327737257892766,0.2,0.66,min_staff_desk
would,implement,4,3.33,1.2,0.6972046130460376,0.16,0.31,min_staff_desk
would,be+useful,5,4.44,1.13,0.7378697226707085,0.13,0.16,min_staff_desk
would,begin,6,5.0,1.2,0.7376773334763387,0.13,0.47,min_staff_desk
would,decline,5,4.44,1.13,0.7378697226707085,0.13,0.16,min_staff_desk
would,use,6,5.0,1.2,0.7376773334763387,0.13,0.47,min_staff_desk
would,allow,3,2.78,1.08,1.0,-0.0,0.04,min_staff_desk
would,conduct,3,2.78,1.08,1.0,-0.0,0.04,min_staff_desk
would,have,4,4.44,0.9,1.0,0.0,0.1,min_staff_desk
would,occur,5,5.0,1.0,1.0,-0.0,0.0,min_staff_desk
would,provide,6,6.11,0.98,1.0,0.0,0.0,min_staff_desk
would,put,3,2.78,1.08,1.0,-0.0,0.04,min_staff_desk
would,reflect,3,2.78,1.08,1.0,-0.0,0.04,min_staff_desk
would,remain,5,5.0,1.0,1.0,-0.0,0.0,min_staff_desk
would,increase,4,6.11,0.66,0.23018594128169323,-0.64,1.66,min_staff_desk
could,impede,46,3.02,15.22,1.4520100951788845e-69,68.84,319.44,min_statement_quote
could,pose,4,0.26,15.22,1.6611006535300107e-05,4.78,22.09,min_statement_quote
may,warrant,15,1.2,12.54,1.7111335280711708e-15,14.77,64.87,min_statement_quote
may,be+appropriate,10,1.81,5.52,2.5905594885192738e-06,5.59,22.43,min_statement_quote
should,help,21,0.95,22.01,1.6064016312312584e-31,30.79,140.83,min_statement_quote
should,promote,6,0.26,23.06,4.187704131251281e-09,8.38,38.77,min_statement_quote
should,maintain,6,0.35,17.3,1.1017573194237873e-07,6.96,29.92,min_statement_quote
will,take,123,97.14,1.27,1.6967205047120906e-14,13.77,64.11,min_statement_quote
will,continue,122,97.93,1.25,1.2524323801920585e-11,10.9,48.61,min_statement_quote
will,assess,71,56.07,1.27,4.112723170383264e-08,7.39,35.42,min_statement_quote
will,expand,34,26.85,1.27,0.0003831264838920606,3.42,16.47,min_statement_quote
will,monitor,32,25.27,1.27,0.0006268897915238503,3.2,15.48,min_statement_quote
will,depend,28,22.11,1.27,0.0016710732987484087,2.78,13.5,min_statement_quote
will,evolve,20,15.8,1.27,0.011701633371924633,1.93,9.58,min_statement_quote
will,add,12,9.48,1.27,0.08114772571357277,1.09,5.72,min_statement_quote
will,strengthen,12,9.48,1.27,0.08114772571357277,1.09,5.72,min_statement_quote
will,aim,10,7.9,1.27,0.13189660941842674,0.88,4.76,min_statement_quote
will,move,10,7.9,1.27,0.13189660941842674,0.88,4.76,min_statement_quote
will,remain,11,8.69,1.27,0.13271599038357296,0.88,5.24,min_statement_quote
will,increase,9,7.11,1.27,0.21653698490084045,0.66,4.28,min_statement_quote
will,be+consistent,5,3.95,1.27,0.58975943117816,0.23,2.37,min_statement_quote
will,use,4,3.16,1.27,0.584545671440625,0.23,1.89,min_statement_quote
will,weigh,4,3.16,1.27,0.584545671440625,0.23,1.89,min_statement_quote
will,be+appropriate,43,41.86,1.03,0.8612547596843982,0.06,0.16,min_statement_quote
will,act,3,2.37,1.27,1.0,-0.0,1.42,min_statement_quote
will,reduce,5,4.74,1.06,1.0,-0.0,0.07,min_statement_quote
will,be+patient,3,3.95,0.76,0.283617406694862,-0.55,0.93,min_statement_quote
will,warrant,20,27.64,0.72,0.002541379020668344,-2.59,8.91,min_statement_quote
would,be+prepared,46,2.96,15.53,1.1616080761431081e-70,69.93,324.74,min_statement_quote
can,everything,52,7.99,6.51,4.035060811841753e-42,41.39,188.68,pc_chair
can,do,159,60.42,2.63,1.6486181856333906e-34,33.78,149.83,pc_chair
can,can,13,1.96,6.64,1.977950559372115e-11,10.7,49.3,pc_chair
can,tell,34,12.05,2.82,2.9654422848525387e-09,8.53,34.99,pc_chair
can,see,100,57.1,1.75,7.570523526112594e-09,8.12,33.67,pc_chair
can,affect,33,11.9,2.77,8.550140397740975e-09,8.07,32.9,pc_chair
can,afford,8,1.21,6.64,2.61612911009943e-07,6.58,30.32,pc_chair
can,speak,8,1.21,6.64,2.61612911009943e-07,6.58,30.32,pc_chair
can,give,27,10.09,2.67,4.598847421123178e-07,6.34,25.14,pc_chair
can,address,13,3.01,4.31,5.394925119035925e-07,6.27,25.67,pc_chair
can,find,19,6.03,3.15,1.1832274453101e-06,5.93,23.55,pc_chair
can,clearly,8,1.36,5.9,2.0405219054480338e-06,5.69,24.36,pc_chair
can,identify,8,1.36,5.9,2.0405219054480338e-06,5.69,24.36,pc_chair
can,good,6,0.9,6.64,1.160441164512725e-05,4.94,22.73,pc_chair
can,grant,6,0.9,6.64,1.160441164512725e-05,4.94,22.73,pc_chair
can,think,36,17.93,2.01,2.4279085680671948e-05,4.61,17.73,pc_chair
can,maintain,8,1.66,4.83,2.8121207083344786e-05,4.55,18.4,pc_chair
can,respond,13,4.67,2.78,0.0002819123815367314,3.55,12.97,pc_chair
can,fast,5,0.9,5.53,0.0004053301689953139,3.39,13.86,pc_chair
can,well,5,0.9,5.53,0.0004053301689953139,3.39,13.86,pc_chair
can,control,4,0.6,6.64,0.0005136496981293264,3.29,15.15,pc_chair
can,protect,4,0.6,6.64,0.0005136496981293264,3.29,15.15,pc_chair
can,make,38,22.9,1.66,0.0012473954599320936,2.9,10.3,pc_chair
can,be+patient,7,1.96,3.57,0.0012918869467825453,2.89,10.53,pc_chair
can,ease,4,0.75,5.31,0.0022593470058326656,2.65,10.47,pc_chair
can,imagine,8,2.71,2.95,0.0027735495950830394,2.56,8.84,pc_chair
can,be+specific,3,0.45,6.64,0.0034146357965871782,2.47,11.36,pc_chair
can,be+volatile,3,0.45,6.64,0.0034146357965871782,2.47,11.36,pc_chair
can,count,3,0.45,6.64,0.0034146357965871782,2.47,11.36,pc_chair
can,develop,3,0.45,6.64,0.0034146357965871782,2.47,11.36,pc_chair
can,dial,3,0.45,6.64,0.0034146357965871782,2.47,11.36,pc_chair
can,guarantee,3,0.45,6.64,0.0034146357965871782,2.47,11.36,pc_chair
can,way,3,0.45,6.64,0.0034146357965871782,2.47,11.36,pc_chair
can,get,28,16.87,1.66,0.005076975893858873,2.29,7.55,pc_chair
can,rule,4,0.9,4.42,0.0059673806795073675,2.22,8.16,pc_chair
can,create,6,2.11,2.84,0.011724101926860402,1.93,6.21,pc_chair
can,be+clearer,3,0.6,4.98,0.01211759409196073,1.92,7.19,pc_chair
can,be+long,3,0.6,4.98,0.01211759409196073,1.92,7.19,pc_chair
can,of,3,0.6,4.98,0.01211759409196073,1.92,7.19,pc_chair
can,soften,3,0.6,4.98,0.01211759409196073,1.92,7.19,pc_chair
can,tie,3,0.6,4.98,0.01211759409196073,1.92,7.19,pc_chair
can,be+useful,3,0.75,3.98,0.02690496472115283,1.57,5.28,pc_chair
can,draw,3,0.75,3.98,0.02690496472115283,1.57,5.28,pc_chair
can,handle,3,0.75,3.98,0.02690496472115283,1.57,5.28,pc_chair
can,hire,3,0.75,3.98,0.02690496472115283,1.57,5.28,pc_chair
can,observe,3,0.75,3.98,0.02690496472115283,1.57,5.28,pc_chair
can,recall,3,0.75,3.98,0.02690496472115283,1.57,5.28,pc_chair
can,adjust,14,7.83,1.79,0.029535615059939537,1.53,4.86,pc_chair
can,allow,6,2.56,2.34,0.03238573302716414,1.49,4.24,pc_chair
can,build,3,0.9,3.32,0.04784254876279829,1.32,4.02,pc_chair
can,deploy,3,0.9,3.32,0.04784254876279829,1.32,4.02,pc_chair
can,miss,3,0.9,3.32,0.04784254876279829,1.32,4.02,pc_chair
can,bring,7,3.47,2.02,0.07037275021939449,1.15,3.47,pc_chair
can,comment,4,1.66,2.41,0.07029684513611702,1.15,3.01,pc_chair
can,let,3,1.05,2.84,0.07452326505631643,1.13,3.1,pc_chair
can,argue,3,1.21,2.49,0.10625530377723744,0.97,2.41,pc_chair
can,decide,3,1.21,2.49,0.10625530377723744,0.97,2.41,pc_chair
can,support,12,7.53,1.59,0.10865324527823852,0.96,2.74,pc_chair
can,lose,4,1.96,2.04,0.11936716022637905,0.92,2.04,pc_chair
can,remember,3,1.36,2.21,0.14219728083130181,0.85,1.86,pc_chair
can,explain,5,2.71,1.84,0.17489440569898748,0.76,1.91,pc_chair
can,run,5,2.71,1.84,0.17489440569898748,0.76,1.91,pc_chair
can,answer,3,1.51,1.99,0.18145313904352395,0.74,1.43,pc_chair
can,cut,3,1.51,1.99,0.18145313904352395,0.74,1.43,pc_chair
can,worry,3,1.51,1.99,0.18145313904352395,0.74,1.43,pc_chair
can,reduce,5,2.86,1.75,0.19107411324588272,0.72,1.6,pc_chair
can,lower,3,1.66,1.81,0.22313674925880161,0.65,1.08,pc_chair
can,achieve,8,5.27,1.52,0.23120495238782873,0.64,1.48,pc_chair
can,pay,5,3.16,1.58,0.2321374037794316,0.63,1.1,pc_chair
can,assume,4,2.26,1.77,0.2654542747178411,0.58,1.34,pc_chair
can,wait,4,2.26,1.77,0.2654542747178411,0.58,1.34,pc_chair
can,increase,4,2.71,1.47,0.33526324287604176,0.47,0.65,pc_chair
can,react,4,2.71,1.47,0.33526324287604176,0.47,0.65,pc_chair
can,know,15,12.2,1.23,0.3524328696654189,0.45,0.72,pc_chair
can,look,50,44.3,1.13,0.36269956291655325,0.44,0.86,pc_chair
can,base,3,1.81,1.66,0.40717276581825723,0.39,0.8,pc_chair
can,factor,3,1.81,1.66,0.40717276581825723,0.39,0.8,pc_chair
can,hold,6,4.37,1.37,0.4309703826207272,0.37,0.66,pc_chair
can,sustain,3,1.96,1.53,0.43005561397692504,0.37,0.58,pc_chair
can,grow,3,2.11,1.42,0.456310119413198,0.34,0.4,pc_chair
can,strengthen,3,2.11,1.42,0.456310119413198,0.34,0.4,pc_chair
can,change,11,9.04,1.22,0.46876404399297733,0.33,0.48,pc_chair
can,be+case,4,3.01,1.33,0.5287433805395504,0.28,0.35,pc_chair
can,talk,4,3.01,1.33,0.5287433805395504,0.28,0.35,pc_chair
can,go,22,19.44,1.13,0.5352399210554835,0.27,0.39,pc_chair
can,lead,6,4.97,1.21,0.6240951286106753,0.2,0.24,pc_chair
can,play,3,2.71,1.11,0.7452065545592159,0.13,0.04,pc_chair
can,raise,5,4.37,1.14,0.7933502348127754,0.1,0.1,pc_chair
can,provide,7,6.78,1.03,0.8363996131245666,0.08,0.01,pc_chair
can,happen,18,17.78,1.01,0.8975076357445682,0.05,0.0,pc_chair
can,ask,3,2.86,1.05,1.0,-0.0,0.01,pc_chair
can,begin,5,5.42,0.92,1.0,0.0,0.04,pc_chair
can,cause,4,4.22,0.95,1.0,0.0,0.01,pc_chair
can,try,5,5.42,0.92,1.0,0.0,0.04,pc_chair
can,work,5,6.18,0.81,0.8264142605285575,-0.08,0.28,pc_chair
can,characterize,3,4.22,0.71,0.7902470403411096,-0.1,0.45,pc_chair
can,point,10,12.2,0.82,0.6391974640764477,-0.19,0.5,pc_chair
can,keep,5,6.93,0.72,0.5380425172527561,-0.27,0.69,pc_chair
can,start,6,8.74,0.69,0.45940550764125176,-0.34,1.12,pc_chair
can,use,8,11.6,0.69,0.33574949244336894,-0.47,1.46,pc_chair
can,move,15,19.44,0.77,0.32189919089798946,-0.49,1.29,pc_chair
can,have,51,61.77,0.83,0.13925778651135656,-0.86,2.42,pc_chair
can,help,6,12.51,0.48,0.044659919303385476,-1.35,4.81,pc_chair
can,put,3,8.59,0.35,0.03921299057667435,-1.41,5.51,pc_chair
can,take,28,43.09,0.65,0.009361558223039116,-2.03,7.13,pc_chair
can,come,9,20.19,0.45,0.004831462658537773,-2.32,8.99,pc_chair
can,expect,3,15.52,0.19,8.408565682942464e-05,-4.08,17.0,pc_chair
can,be,16,42.94,0.37,8.264886738087507e-07,-6.08,25.72,pc_chair
can,continue,12,42.04,0.29,1.2300438755051522e-08,-7.91,34.31,pc_chair
can,say,74,133.79,0.55,5.326030669616484e-10,-9.27,39.37,pc_chair
could,impede,8,0.47,17.07,1.3295607269740066e-10,9.88,45.49,pc_chair
could,weaken,10,0.88,11.38,1.0202122695504529e-09,8.99,38.4,pc_chair
could,result,9,0.88,10.24,2.7964444473398585e-08,7.55,31.72,pc_chair
could,mean,11,1.87,5.87,1.0634284875000823e-06,5.97,23.92,pc_chair
could,could,4,0.23,17.07,1.1671056803837488e-05,4.93,22.72,pc_chair
could,hinder,4,0.23,17.07,1.1671056803837488e-05,4.93,22.72,pc_chair
could,affect,15,4.63,3.24,4.5054013799028095e-05,4.35,16.24,pc_chair
could,lead,9,1.93,4.66,8.299495498955719e-05,4.08,15.38,pc_chair
could,force,5,0.59,8.54,0.0001336943013397629,3.87,15.15,pc_chair
could,undermine,4,0.35,11.38,0.00015915077275651093,3.8,15.32,pc_chair
could,be+disruptive,3,0.18,17.07,0.0002001314604099453,3.7,17.04,pc_chair
could,be+store,3,0.18,17.07,0.0002001314604099453,3.7,17.04,pc_chair
could,spend,5,0.7,7.11,0.00038075294008107455,3.42,12.95,pc_chair
could,aid,3,0.23,12.8,0.0007655126712282688,3.12,12.66,pc_chair
could,pose,3,0.23,12.8,0.0007655126712282688,3.12,12.66,pc_chair
could,put,10,3.34,2.99,0.0015665618882572635,2.81,9.55,pc_chair
could,be+table,3,0.29,10.24,0.001830326301563695,2.74,10.55,pc_chair
could,risk,3,0.29,10.24,0.001830326301563695,2.74,10.55,pc_chair
could,be+persistent,5,1.0,5.02,0.0023283965350607075,2.63,9.25,pc_chair
could,be+lived,3,0.35,8.54,0.00350150183037088,2.46,9.08,pc_chair
could,boost,3,0.41,7.32,0.005862037264811028,2.23,7.96,pc_chair
could,change,9,3.51,2.56,0.007760341555066682,2.11,6.56,pc_chair
could,cause,5,1.64,3.05,0.021724273277773733,1.66,4.89,pc_chair
could,fall,3,0.64,4.66,0.023179532829906934,1.63,5.11,pc_chair
could,wind,3,0.64,4.66,0.023179532829906934,1.63,5.11,pc_chair
could,happen,13,6.91,1.88,0.027000822879419885,1.57,4.65,pc_chair
could,warrant,5,1.82,2.75,0.03254459551897334,1.49,4.14,pc_chair
could,come,14,7.85,1.78,0.03814096889066814,1.42,4.27,pc_chair
could,create,3,0.82,3.66,0.04488649436704655,1.35,3.81,pc_chair
could,stay,3,0.82,3.66,0.04488649436704655,1.35,3.81,pc_chair
could,use,9,4.51,2.0,0.04478814270291027,1.35,3.77,pc_chair
could,be+lower,3,0.94,3.2,0.06335628961368422,1.2,3.16,pc_chair
could,imagine,3,1.05,2.85,0.08475101370177764,1.07,2.62,pc_chair
could,reflect,3,1.05,2.85,0.08475101370177764,1.07,2.62,pc_chair
could,be,23,16.7,1.38,0.12292501826502826,0.91,2.35,pc_chair
could,include,3,1.29,2.33,0.1350508694709749,0.87,1.8,pc_chair
could,make,13,8.9,1.46,0.1611820435358648,0.79,1.79,pc_chair
could,see,28,22.2,1.26,0.21890440467759906,0.66,1.55,pc_chair
could,turn,3,1.64,1.83,0.22398160445960855,0.65,0.98,pc_chair
could,become,3,1.76,1.71,0.25582245676013726,0.59,0.78,pc_chair
could,have,26,24.02,1.08,0.6673754899049882,0.18,0.18,pc_chair
could,support,3,2.93,1.02,0.7679269130364073,0.11,0.0,pc_chair
could,go,8,7.56,1.06,0.8493618517847457,0.07,0.03,pc_chair
could,give,3,3.92,0.76,1.0,0.0,0.25,pc_chair
could,point,4,4.75,0.84,1.0,0.0,0.13,pc_chair
could,help,3,4.86,0.62,0.6344666965809752,-0.2,0.88,pc_chair
could,think,5,6.97,0.72,0.5575381895613325,-0.25,0.66,pc_chair
could,move,5,7.56,0.66,0.44928434930061917,-0.35,1.05,pc_chair
could,get,4,6.56,0.61,0.41649587445256653,-0.38,1.24,pc_chair
could,do,18,23.49,0.77,0.27770016761912003,-0.56,1.53,pc_chair
could,be+appropriate,5,9.96,0.5,0.1350569931009425,-0.87,3.22,pc_chair
could,continue,7,16.34,0.43,0.013299853379967723,-1.88,7.3,pc_chair
could,take,7,16.75,0.42,0.010029745855172044,-2.0,7.8,pc_chair
could,look,5,17.22,0.29,0.0008924119010894147,-3.05,12.87,pc_chair
could,say,13,52.02,0.25,2.3407806763880403e-11,-10.63,46.54,pc_chair
may,be,38,12.94,2.94,1.8926847722296704e-09,8.72,35.57,pc_chair
may,be+answer,6,0.27,22.03,8.485672965155257e-09,8.07,37.18,pc_chair
may,be+difficult,7,0.41,17.14,1.2649113224723257e-08,7.9,34.04,pc_chair
may,be+appropriate,21,7.72,2.72,2.782367089728653e-05,4.56,16.99,pc_chair
may,warrant,8,1.41,5.69,5.3176413979125394e-05,4.27,16.31,pc_chair
may,be+different,5,0.5,10.01,6.942313373054228e-05,4.16,16.37,pc_chair
may,be+factor,5,0.5,10.01,6.942313373054228e-05,4.16,16.37,pc_chair
may,may,3,0.14,22.03,9.294170928578915e-05,4.03,18.57,pc_chair
may,be+difference,3,0.18,16.52,0.00035918669002837125,3.44,14.17,pc_chair
may,be+part,5,0.68,7.34,0.00038783752299425807,3.41,12.8,pc_chair
may,need,12,3.9,3.07,0.00047722988394823044,3.32,11.73,pc_chair
may,restrain,3,0.23,13.22,0.000867649300695725,3.06,12.03,pc_chair
may,be+effect,5,0.82,6.12,0.0009882012338209795,3.01,10.9,pc_chair
may,be+that,4,0.54,7.34,0.0015501952656745276,2.81,10.23,pc_chair
may,be+time,4,0.68,5.88,0.00383517278030593,2.42,8.39,pc_chair
may,slow,4,0.73,5.51,0.004932487817072429,2.31,7.88,pc_chair
may,change,8,2.72,2.94,0.005447660083708724,2.26,7.25,pc_chair
may,prove,3,0.41,7.34,0.0063578302651562165,2.2,7.67,pc_chair
may,be+something,5,1.23,4.08,0.006647778002712717,2.18,7.13,pc_chair
may,play,4,0.82,4.9,0.007717560644152577,2.11,6.99,pc_chair
may,reflect,4,0.82,4.9,0.007717560644152577,2.11,6.99,pc_chair
may,take,23,12.98,1.77,0.008557422112794257,2.07,6.87,pc_chair
may,come,12,6.08,1.97,0.02054754306072311,1.69,4.83,pc_chair
may,turn,4,1.27,3.15,0.03617807931140117,1.44,4.02,pc_chair
may,agree,3,1.09,2.75,0.09290896879298534,1.03,2.43,pc_chair
may,find,4,1.82,2.2,0.106298294697175,0.97,2.09,pc_chair
may,hold,3,1.32,2.28,0.1426177344196969,0.85,1.69,pc_chair
may,affect,6,3.59,1.67,0.17373250599146578,0.76,1.44,pc_chair
may,put,4,2.59,1.55,0.3290751706330265,0.48,0.7,pc_chair
may,have,22,18.61,1.18,0.39644903404366,0.4,0.64,pc_chair
may,be+able,3,2.36,1.27,0.511031383399366,0.29,0.17,pc_chair
may,happen,6,5.36,1.12,0.6583630819553858,0.18,0.08,pc_chair
may,go,5,5.85,0.85,1.0,0.0,0.14,pc_chair
may,move,5,5.85,0.85,1.0,0.0,0.14,pc_chair
may,see,13,17.2,0.76,0.3773613927112801,-0.42,1.21,pc_chair
may,think,3,5.4,0.56,0.3778509815920762,-0.42,1.34,pc_chair
may,continue,8,12.66,0.63,0.24064384056200455,-0.62,2.11,pc_chair
may,make,3,6.9,0.43,0.1658910261090143,-0.78,2.94,pc_chair
may,do,5,18.2,0.27,0.0003337389065865121,-3.48,14.32,pc_chair
should,help,21,3.86,5.44,1.1449044755317355e-10,9.94,41.5,pc_chair
should,direct,6,0.28,21.5,9.833337433301214e-09,8.01,36.89,pc_chair
should,doubt,5,0.28,17.92,1.2316854728955707e-06,5.91,25.42,pc_chair
should,assume,7,0.7,10.03,2.0974492263786505e-06,5.68,23.07,pc_chair
should,overstate,4,0.19,21.5,4.625443804524375e-06,5.33,24.58,pc_chair
should,wane,4,0.23,17.2,2.227331758258049e-05,4.65,19.67,pc_chair
should,interpret,4,0.28,14.33,6.435658180195033e-05,4.19,17.13,pc_chair
should,be+restrictive,4,0.42,9.56,0.0004831553277763725,3.32,12.68,pc_chair
should,encourage,4,0.42,9.56,0.0004831553277763725,3.32,12.68,pc_chair
should,understand,4,0.51,7.82,0.001174457215692572,2.93,10.82,pc_chair
should,be+what,11,3.91,2.82,0.001688680214556505,2.77,9.34,pc_chair
should,move,14,6.0,2.33,0.00265050902032689,2.58,8.39,pc_chair
should,diminish,3,0.33,9.21,0.0030415094513585547,2.52,9.24,pc_chair
should,reverse,3,0.37,8.06,0.004699228533741167,2.33,8.31,pc_chair
should,mention,3,0.47,6.45,0.009392197107361756,2.03,6.87,pc_chair
should,reduce,4,0.88,4.53,0.010261730562293224,1.99,6.44,pc_chair
should,stop,4,0.88,4.53,0.010261730562293224,1.99,6.44,pc_chair
should,show,5,1.44,3.47,0.013304825832781397,1.88,5.79,pc_chair
should,pay,4,0.98,4.1,0.014725162876829984,1.83,5.73,pc_chair
should,be+thing,5,1.53,3.26,0.01722837043328352,1.76,5.3,pc_chair
should,support,6,2.33,2.58,0.027564583720982205,1.56,4.34,pc_chair
should,be+effect,3,0.84,3.58,0.04850776698258846,1.31,3.63,pc_chair
should,matter,3,0.98,3.07,0.0714220791028167,1.15,2.91,pc_chair
should,happen,9,5.49,1.64,0.12234606652265088,0.91,2.02,pc_chair
should,respond,3,1.44,2.08,0.1731039149171926,0.76,1.37,pc_chair
should,begin,3,1.67,1.79,0.2337293178890988,0.63,0.9,pc_chair
should,do,23,18.65,1.23,0.27689882074381106,0.56,1.03,pc_chair
should,expect,7,4.79,1.46,0.3388362448510175,0.47,0.95,pc_chair
should,put,4,2.65,1.51,0.33876181443759984,0.47,0.63,pc_chair
should,start,4,2.7,1.48,0.3461702644767265,0.46,0.58,pc_chair
should,go,8,6.0,1.33,0.39506168222121474,0.4,0.64,pc_chair
should,come,8,6.23,1.28,0.4091921974025865,0.39,0.49,pc_chair
should,know,5,3.77,1.33,0.4281184081256535,0.37,0.39,pc_chair
should,provide,3,2.09,1.43,0.46579421747360555,0.33,0.37,pc_chair
should,be+able,3,2.42,1.24,0.7343870646748727,0.13,0.14,pc_chair
should,use,4,3.58,1.12,0.7825187044939066,0.11,0.05,pc_chair
should,see,18,17.63,1.02,0.9009713066724638,0.05,0.01,pc_chair
should,be,13,13.26,0.98,1.0,0.0,0.01,pc_chair
should,get,4,5.21,0.77,0.8203852732661605,-0.09,0.32,pc_chair
should,make,5,7.07,0.71,0.5599963478508838,-0.25,0.71,pc_chair
should,take,10,13.3,0.75,0.47449391561666104,-0.32,0.96,pc_chair
should,think,3,5.53,0.54,0.3788772309067928,-0.42,1.46,pc_chair
should,want,3,5.91,0.51,0.288686317092873,-0.54,1.84,pc_chair
should,have,14,19.07,0.73,0.2803869902778722,-0.55,1.61,pc_chair
should,look,6,13.67,0.44,0.03340393695149977,-1.48,5.8,pc_chair
should,continue,5,12.98,0.39,0.019804895269443262,-1.7,6.79,pc_chair
should,say,5,41.3,0.12,2.1687040592645222e-13,-12.66,55.98,pc_chair
will,continue,243,113.34,2.14,7.709529480328351e-60,59.11,267.48,pc_chair
will,watch,53,22.34,2.37,8.257499855228783e-19,18.08,80.76,pc_chair
will,monitor,27,10.97,2.46,2.6061786693133595e-11,10.58,48.74,pc_chair
will,depend,67,36.97,1.81,2.144822238828729e-10,9.67,41.08,pc_chair
will,be+appropriate,105,69.06,1.52,2.390958308340879e-08,7.62,31.28,pc_chair
will,remain,35,17.06,2.05,2.417965467392827e-08,7.62,32.63,pc_chair
will,have,216,166.56,1.3,5.857217787729554e-07,6.23,25.2,pc_chair
will,become,25,12.19,2.05,2.0938732813356795e-06,5.68,23.28,pc_chair
will,be+able,38,21.12,1.8,2.7598550401733063e-06,5.56,22.59,pc_chair
will,will,14,5.69,2.46,3.2917816858988853e-06,5.48,25.25,pc_chair
will,keep,34,18.69,1.82,6.140489759641507e-06,5.21,21.05,pc_chair
will,ensure,13,5.28,2.46,8.117649245286231e-06,5.09,23.44,pc_chair
will,come,79,54.44,1.45,1.8341110723831873e-05,4.74,18.47,pc_chair
will,adjust,36,21.12,1.7,4.677384789290406e-05,4.33,17.43,pc_chair
will,be+dependent,11,4.47,2.46,4.9345764526563045e-05,4.31,19.83,pc_chair
will,evolve,24,12.59,1.91,5.593069682510412e-05,4.25,17.47,pc_chair
will,know,51,32.9,1.55,5.5942206313169864e-05,4.25,16.51,pc_chair
will,be+percent,15,6.91,2.17,6.985972111320941e-05,4.16,16.82,pc_chair
will,assess,17,8.12,2.09,8.83084908127987e-05,4.05,16.88,pc_chair
will,be+happy,21,10.97,1.91,0.00010909214583900776,3.96,15.53,pc_chair
will,discuss,10,4.06,2.46,0.00012163827801560541,3.91,18.03,pc_chair
will,benefit,14,6.5,2.15,0.0001528613139877112,3.82,15.27,pc_chair
will,be+robust,9,3.66,2.46,0.0002997996062725342,3.52,16.23,pc_chair
will,take,146,116.18,1.26,0.000310274305389368,3.51,13.0,pc_chair
will,leave,21,11.37,1.85,0.00032152988143670545,3.49,13.68,pc_chair
will,achieve,25,14.22,1.76,0.0003789530255723255,3.42,13.63,pc_chair
will,return,16,8.12,1.97,0.00041598823283717695,3.38,13.0,pc_chair
will,aim,8,3.25,2.46,0.0007388091843475933,3.13,14.42,pc_chair
will,be+strong,10,4.47,2.24,0.000844563412906029,3.07,12.37,pc_chair
will,be+up,7,2.84,2.46,0.0018204299214693005,2.74,12.62,pc_chair
will,begin,24,14.62,1.64,0.0019032322912420543,2.72,9.96,pc_chair
will,learn,9,4.06,2.22,0.0019032515605848946,2.72,10.77,pc_chair
will,rise,12,6.09,1.97,0.002643775987666595,2.58,9.75,pc_chair
will,provide,28,18.28,1.53,0.0036835402918408396,2.43,8.54,pc_chair
will,repay,6,2.44,2.46,0.004484934616215025,2.35,10.81,pc_chair
will,unfold,6,2.44,2.46,0.004484934616215025,2.35,10.81,pc_chair
will,we,10,4.87,2.05,0.005119815828737877,2.29,9.3,pc_chair
will,look,143,119.43,1.2,0.005524287630916436,2.26,7.93,pc_chair
will,try,23,14.62,1.57,0.005914907201398507,2.23,7.93,pc_chair
will,move,68,52.4,1.3,0.006588312942859544,2.18,7.75,pc_chair
will,use,43,31.28,1.37,0.00726135008911037,2.14,7.28,pc_chair
will,be+gradual,7,3.25,2.15,0.009391775081321252,2.03,7.63,pc_chair
will,be+what,46,34.12,1.35,0.00998237709989521,2.0,6.86,pc_chair
will,hesitate,11,6.09,1.81,0.015154555974375646,1.82,6.6,pc_chair
will,see,177,153.96,1.15,0.016458691821549392,1.78,5.94,pc_chair
will,be+one,9,4.87,1.85,0.01895922531407699,1.72,5.85,pc_chair
will,expand,8,4.06,1.97,0.019072829606316895,1.72,6.5,pc_chair
will,taper,8,4.06,1.97,0.019072829606316895,1.72,6.5,pc_chair
will,act,12,6.91,1.74,0.022904199470810023,1.64,6.25,pc_chair
will,show,19,12.59,1.51,0.026477027373359538,1.58,5.38,pc_chair
will,be+end,4,1.62,2.46,0.02721083751817246,1.57,7.21,pc_chair
will,be+enough,4,1.62,2.46,0.02721083751817246,1.57,7.21,pc_chair
will,guide,4,1.62,2.46,0.02721083751817246,1.57,7.21,pc_chair
will,likely,4,1.62,2.46,0.02721083751817246,1.57,7.21,pc_chair
will,reinvest,4,1.62,2.46,0.02721083751817246,1.57,7.21,pc_chair
will,shrink,4,1.62,2.46,0.02721083751817246,1.57,7.21,pc_chair
will,strive,4,1.62,2.46,0.02721083751817246,1.57,7.21,pc_chair
will,get,57,45.5,1.25,0.032892149473280036,1.48,4.86,pc_chair
will,turn,17,11.37,1.49,0.034455309974618153,1.46,4.59,pc_chair
will,review,7,3.66,1.91,0.03653752807209784,1.44,5.17,pc_chair
will,help,43,33.72,1.28,0.04309477507329021,1.37,4.25,pc_chair
will,conduct,5,2.44,2.05,0.043862577798711784,1.36,4.65,pc_chair
will,notice,5,2.44,2.05,0.043862577798711784,1.36,4.65,pc_chair
will,purchase,5,2.44,2.05,0.043862577798711784,1.36,4.65,pc_chair
will,sustain,9,5.28,1.7,0.046793029491072405,1.33,4.34,pc_chair
will,require,11,6.91,1.59,0.04980690736155839,1.3,4.01,pc_chair
will,ask,12,7.72,1.55,0.05986196738378362,1.22,3.92,pc_chair
will,be+greater,3,1.22,2.46,0.06701092143998073,1.17,5.41,pc_chair
will,be+pressure,3,1.22,2.46,0.06701092143998073,1.17,5.41,pc_chair
will,be+sufficient,3,1.22,2.46,0.06701092143998073,1.17,5.41,pc_chair
will,be+unchanged,3,1.22,2.46,0.06701092143998073,1.17,5.41,pc_chair
will,behave,3,1.22,2.46,0.06701092143998073,1.17,5.41,pc_chair
will,clear,3,1.22,2.46,0.06701092143998073,1.17,5.41,pc_chair
will,conclude,3,1.22,2.46,0.06701092143998073,1.17,5.41,pc_chair
will,moderate,3,1.22,2.46,0.06701092143998073,1.17,5.41,pc_chair
will,release,3,1.22,2.46,0.06701092143998073,1.17,5.41,pc_chair
will,supply,3,1.22,2.46,0.06701092143998073,1.17,5.41,pc_chair
will,adapt,6,3.25,1.85,0.06913494906965714,1.16,3.9,pc_chair
will,believe,6,3.25,1.85,0.06913494906965714,1.16,3.9,pc_chair
will,determine,6,3.25,1.85,0.06913494906965714,1.16,3.9,pc_chair
will,need,43,34.94,1.23,0.07853527119990997,1.1,3.1,pc_chair
will,happen,57,47.94,1.19,0.09041812043089431,1.04,2.87,pc_chair
will,run,11,7.31,1.5,0.09319800489644503,1.03,3.06,pc_chair
will,strengthen,9,5.69,1.58,0.100039074447316,1.0,3.18,pc_chair
will,evaluate,7,4.06,1.72,0.10209671604928207,0.99,3.53,pc_chair
will,pass,5,2.84,1.76,0.12832460872038293,0.89,2.72,pc_chair
will,repeat,7,4.47,1.57,0.13459371246483742,0.87,2.36,pc_chair
will,be+year,8,5.28,1.51,0.15875314010505118,0.8,2.31,pc_chair
will,be+lot,4,2.03,1.97,0.16561983669882857,0.78,3.25,pc_chair
will,close,4,2.03,1.97,0.16561983669882857,0.78,3.25,pc_chair
will,inform,4,2.03,1.97,0.16561983669882857,0.78,3.25,pc_chair
will,lift,4,2.03,1.97,0.16561983669882857,0.78,3.25,pc_chair
will,roll,4,2.03,1.97,0.16561983669882857,0.78,3.25,pc_chair
will,update,4,2.03,1.97,0.16561983669882857,0.78,3.25,pc_chair
will,go,60,52.4,1.14,0.17682100635735085,0.75,1.85,pc_chair
will,pick,9,6.09,1.48,0.18645723749812607,0.73,2.28,pc_chair
will,be+period,4,2.44,1.64,0.2316434811166542,0.64,1.65,pc_chair
will,be+question,4,2.44,1.64,0.2316434811166542,0.64,1.65,pc_chair
will,foster,4,2.44,1.64,0.2316434811166542,0.64,1.65,pc_chair
will,hear,4,2.44,1.64,0.2316434811166542,0.64,1.65,pc_chair
will,signal,4,2.44,1.64,0.2316434811166542,0.64,1.65,pc_chair
will,reach,10,7.31,1.37,0.23224626319668312,0.63,1.63,pc_chair
will,improve,7,4.87,1.44,0.24621300877738544,0.61,1.53,pc_chair
will,make,69,61.75,1.12,0.24439456517244784,0.61,1.44,pc_chair
will,grow,8,5.69,1.41,0.27646697860930475,0.56,1.55,pc_chair
will,stay,8,5.69,1.41,0.27646697860930475,0.56,1.55,pc_chair
will,be+large,5,3.25,1.54,0.28331041593426826,0.55,1.55,pc_chair
will,be+level,5,3.25,1.54,0.28331041593426826,0.55,1.55,pc_chair
will,decline,5,3.25,1.54,0.28331041593426826,0.55,1.55,pc_chair
will,set,5,3.25,1.54,0.28331041593426826,0.55,1.55,pc_chair
will,write,5,3.25,1.54,0.28331041593426826,0.55,1.55,pc_chair
will,abate,3,1.62,1.85,0.3106619022759861,0.51,1.95,pc_chair
will,be+process,3,1.62,1.85,0.3106619022759861,0.51,1.95,pc_chair
will,be+willing,3,1.62,1.85,0.3106619022759861,0.51,1.95,pc_chair
will,enter,3,1.62,1.85,0.3106619022759861,0.51,1.95,pc_chair
will,revisit,3,1.62,1.85,0.3106619022759861,0.51,1.95,pc_chair
will,weigh,10,7.72,1.3,0.3509697985388824,0.45,1.11,pc_chair
will,be+glad,6,4.47,1.34,0.3710527486639963,0.43,0.87,pc_chair
will,fall,6,4.47,1.34,0.3710527486639963,0.43,0.87,pc_chair
will,be+decision,3,2.03,1.48,0.4019910522014981,0.4,0.76,pc_chair
will,be+focus,3,2.03,1.48,0.4019910522014981,0.4,0.76,pc_chair
will,be+higher,7,5.28,1.33,0.40044271779383567,0.4,0.92,pc_chair
will,be+transitory,3,2.03,1.48,0.4019910522014981,0.4,0.76,pc_chair
will,bounce,3,2.03,1.48,0.4019910522014981,0.4,0.76,pc_chair
will,contain,3,2.03,1.48,0.4019910522014981,0.4,0.76,pc_chair
will,dissipate,3,2.03,1.48,0.4019910522014981,0.4,0.76,pc_chair
will,drop,3,2.03,1.48,0.4019910522014981,0.4,0.76,pc_chair
will,last,3,2.03,1.48,0.4019910522014981,0.4,0.76,pc_chair
will,persist,3,2.03,1.48,0.4019910522014981,0.4,0.76,pc_chair
will,proceed,3,2.03,1.48,0.4019910522014981,0.4,0.76,pc_chair
will,produce,3,2.03,1.48,0.4019910522014981,0.4,0.76,pc_chair
will,reopen,3,2.03,1.48,0.4019910522014981,0.4,0.76,pc_chair
will,we're,3,2.03,1.48,0.4019910522014981,0.4,0.76,pc_chair
will,be+time,8,6.09,1.31,0.43085071120217766,0.37,0.98,pc_chair
will,be+big,4,2.84,1.41,0.4524456951124475,0.34,0.77,pc_chair
will,be+need,4,2.84,1.41,0.4524456951124475,0.34,0.77,pc_chair
will,be+place,4,2.84,1.41,0.4524456951124475,0.34,0.77,pc_chair
will,be+tool,4,2.84,1.41,0.4524456951124475,0.34,0.77,pc_chair
will,restore,4,2.84,1.41,0.4524456951124475,0.34,0.77,pc_chair
will,talk,10,8.12,1.23,0.49513187276602444,0.31,0.72,pc_chair
will,drive,5,3.66,1.37,0.49979200357914316,0.3,0.81,pc_chair
will,push,5,3.66,1.37,0.49979200357914316,0.3,0.81,pc_chair
will,pay,10,8.53,1.17,0.5137256132749055,0.29,0.42,pc_chair
will,bring,11,9.34,1.18,0.5270130343377267,0.28,0.49,pc_chair
will,answer,5,4.06,1.23,0.5398943293955635,0.27,0.36,pc_chair
will,tell,35,32.5,1.08,0.5697727502628,0.24,0.32,pc_chair
will,be+persistent,8,6.91,1.16,0.6264438326583073,0.2,0.29,pc_chair
will,be+lived,3,2.44,1.23,0.6922449192600467,0.16,0.21,pc_chair
will,be+rate,3,2.44,1.23,0.6922449192600467,0.16,0.21,pc_chair
will,be+some,3,2.44,1.23,0.6922449192600467,0.16,0.21,pc_chair
will,be+uncertainty,3,2.44,1.23,0.6922449192600467,0.16,0.21,pc_chair
will,hurt,3,2.44,1.23,0.6922449192600467,0.16,0.21,pc_chair
will,warrant,14,12.59,1.11,0.7147537485155838,0.15,0.26,pc_chair
will,communicate,4,3.25,1.23,0.722829143728398,0.14,0.29,pc_chair
will,face,5,4.47,1.12,0.7660487826530298,0.12,0.11,pc_chair
will,serve,6,5.28,1.14,0.7798916636764117,0.11,0.16,pc_chair
will,follow,7,6.09,1.15,0.7935082614650817,0.1,0.22,pc_chair
will,explain,8,7.31,1.09,0.8119336915415186,0.09,0.11,pc_chair
will,feel,10,9.34,1.07,0.8331303137983123,0.08,0.08,pc_chair
will,matter,9,8.53,1.05,0.8277541057959756,0.08,0.04,pc_chair
will,base,5,4.87,1.03,1.0,-0.0,0.01,pc_chair
will,be+different,4,4.47,0.9,1.0,0.0,0.08,pc_chair
will,be+factor,4,4.47,0.9,1.0,0.0,0.08,pc_chair
will,be+good,6,6.09,0.98,1.0,0.0,0.0,pc_chair
will,be+important,4,4.47,0.9,1.0,0.0,0.08,pc_chair
will,be+restrictive,4,3.66,1.09,1.0,-0.0,0.05,pc_chair
will,be+significant,4,3.66,1.09,1.0,-0.0,0.05,pc_chair
will,be+there,3,2.84,1.05,1.0,-0.0,0.01,pc_chair
will,decide,3,3.25,0.92,1.0,0.0,0.03,pc_chair
will,end,4,4.47,0.9,1.0,0.0,0.08,pc_chair
will,factor,5,4.87,1.03,1.0,-0.0,0.01,pc_chair
will,focus,6,6.5,0.92,1.0,0.0,0.07,pc_chair
will,lower,4,4.47,0.9,1.0,0.0,0.08,pc_chair
will,meet,4,4.06,0.98,1.0,0.0,0.0,pc_chair
will,occur,5,4.87,1.03,1.0,-0.0,0.01,pc_chair
will,play,7,7.31,0.96,1.0,0.0,0.02,pc_chair
will,remember,4,3.66,1.09,1.0,-0.0,0.05,pc_chair
will,reverse,3,3.25,0.92,1.0,0.0,0.03,pc_chair
will,slow,6,6.5,0.92,1.0,0.0,0.07,pc_chair
will,stand,3,3.25,0.92,1.0,0.0,0.03,pc_chair
will,understand,4,4.47,0.9,1.0,0.0,0.08,pc_chair
will,wind,4,4.47,0.9,1.0,0.0,0.08,pc_chair
will,work,17,16.66,1.02,1.0,-0.0,0.01,pc_chair
will,be+increase,5,5.69,0.88,0.7913511282646696,-0.1,0.14,pc_chair
will,note,4,4.87,0.82,0.7718827699183942,-0.11,0.27,pc_chair
will,spend,4,4.87,0.82,0.7718827699183942,-0.11,0.27,pc_chair
will,support,19,20.31,0.94,0.773868022658063,-0.11,0.14,pc_chair
will,find,15,16.25,0.92,0.7488944187190338,-0.13,0.16,pc_chair
will,mention,3,4.06,0.74,0.7492629698579678,-0.13,0.49,pc_chair
will,prove,3,3.66,0.82,0.746644863959639,-0.13,0.2,pc_chair
will,react,6,7.31,0.82,0.6350222237149667,-0.2,0.41,pc_chair
will,reflect,6,7.31,0.82,0.6350222237149667,-0.2,0.41,pc_chair
will,be+prepared,5,6.5,0.77,0.6120917637283554,-0.21,0.6,pc_chair
will,reduce,6,7.72,0.78,0.4900462114534932,-0.31,0.67,pc_chair
will,stop,6,7.72,0.78,0.4900462114534932,-0.31,0.67,pc_chair
will,allow,5,6.91,0.72,0.4609461079948779,-0.34,0.92,pc_chair
will,give,24,27.22,0.88,0.4560559837986274,-0.34,0.65,pc_chair
will,hope,4,5.69,0.7,0.4249630506170575,-0.37,0.88,pc_chair
will,be+that,3,4.87,0.62,0.38148645707405715,-0.42,1.29,pc_chair
will,hold,9,11.78,0.76,0.3466746415313885,-0.46,1.14,pc_chair
will,increase,5,7.31,0.68,0.34030126219938295,-0.47,1.29,pc_chair
will,tend,5,7.31,0.68,0.34030126219938295,-0.47,1.29,pc_chair
will,be+part,4,6.09,0.66,0.3066599705850204,-0.51,1.28,pc_chair
will,change,20,24.37,0.82,0.2920941343680489,-0.53,1.36,pc_chair
will,include,6,8.94,0.67,0.2774467696390815,-0.56,1.71,pc_chair
will,be+patient,3,5.28,0.57,0.26313953123583855,-0.58,1.79,pc_chair
will,lose,3,5.28,0.57,0.26313953123583855,-0.58,1.79,pc_chair
will,do,151,162.9,0.93,0.2333055928043034,-0.63,1.53,pc_chair
will,be,105,115.78,0.91,0.19940085016615408,-0.7,1.75,pc_chair
will,be+case,5,8.12,0.62,0.1774181410838844,-0.75,2.16,pc_chair
will,be+something,7,10.97,0.64,0.168452697219806,-0.77,2.57,pc_chair
will,be+thing,9,13.41,0.67,0.1547917127203824,-0.81,2.57,pc_chair
will,start,18,23.56,0.76,0.14268241754125136,-0.85,2.3,pc_chair
will,result,3,6.09,0.49,0.12043158757684505,-0.92,2.91,pc_chair
will,consider,7,11.78,0.59,0.08763146178666206,-1.06,3.5,pc_chair
will,raise,7,11.78,0.59,0.08763146178666206,-1.06,3.5,pc_chair
will,be+lower,3,6.5,0.46,0.0805663541029885,-1.09,3.52,pc_chair
will,add,4,8.12,0.49,0.06930061518422628,-1.16,3.88,pc_chair
will,be+effect,3,7.31,0.41,0.052095574949199044,-1.28,4.83,pc_chair
will,cause,6,11.37,0.53,0.05208711385698954,-1.28,4.66,pc_chair
will,lead,7,13.41,0.52,0.03147865880237456,-1.5,5.63,pc_chair
will,address,3,8.12,0.37,0.0213917280899356,-1.67,6.23,pc_chair
will,mean,6,13.0,0.46,0.01120290515205974,-1.95,7.05,pc_chair
will,respond,5,12.59,0.4,0.005287160453651568,-2.28,8.74,pc_chair
will,call,4,11.37,0.35,0.0035434946690238852,-2.45,9.28,pc_chair
will,put,11,23.16,0.48,0.0009876752948776884,-3.01,11.91,pc_chair
will,affect,11,32.09,0.34,3.7608902505187027e-07,-6.42,27.12,pc_chair
will,think,20,48.34,0.41,2.7476647897213957e-08,-7.56,31.79,pc_chair
will,expect,12,41.84,0.29,1.0938793678763152e-10,-9.96,42.7,pc_chair
will,want,14,51.59,0.27,1.9409966586664487e-13,-12.71,55.44,pc_chair
will,say,132,360.73,0.37,3.2955176601221715e-67,-66.48,301.43,pc_chair
would,say,662,259.85,2.55,1.6486298076900492e-188,187.78,858.23,pc_chair
would,like,112,32.77,3.42,4.043661733476372e-61,60.39,278.15,pc_chair
would,want,108,37.16,2.91,2.055536733688163e-39,38.69,173.7,pc_chair
would,expect,81,30.14,2.69,2.766048054375725e-25,24.56,108.65,pc_chair
would,point,62,23.7,2.62,1.409229448924069e-18,17.85,77.96,pc_chair
would,love,20,5.85,3.42,2.030194111511943e-11,10.69,49.25,pc_chair
would,characterize,24,8.19,2.93,8.069951111719208e-10,9.09,38.9,pc_chair
would,suggest,14,4.1,3.42,3.306900254991272e-08,7.48,34.45,pc_chair
would,be+consistent,16,4.97,3.22,3.46997652785865e-08,7.46,32.46,pc_chair
would,agree,20,7.02,2.85,5.891627398771433e-08,7.23,30.37,pc_chair
would,call,21,8.19,2.56,7.205453466934848e-07,6.14,25.04,pc_chair
would,consider,21,8.49,2.47,1.8898617161642377e-06,5.72,23.06,pc_chair
would,concern,9,2.63,3.42,1.5605348567619864e-05,4.81,22.14,pc_chair
would,be+premature,8,2.34,3.42,5.3425428664650506e-05,4.27,19.68,pc_chair
would,add,14,5.85,2.39,0.00019221022298368163,3.72,14.16,pc_chair
would,tend,13,5.27,2.47,0.00020146522819079746,3.7,14.17,pc_chair
would,think,52,34.82,1.49,0.0007727180188030297,3.11,11.25,pc_chair
would,be+prepared,11,4.68,2.35,0.0012366358267250914,2.91,10.64,pc_chair
would,hope,10,4.1,2.44,0.001337008231744674,2.87,10.61,pc_chair
would,be+great,5,1.46,3.42,0.002140821749645935,2.67,12.29,pc_chair
would,be+nice,5,1.46,3.42,0.002140821749645935,2.67,12.29,pc_chair
would,guess,5,1.46,3.42,0.002140821749645935,2.67,12.29,pc_chair
would,would,5,1.46,3.42,0.002140821749645935,2.67,12.29,pc_chair
would,start,28,16.97,1.65,0.0021929474571304457,2.66,9.31,pc_chair
would,welcome,6,2.05,2.93,0.003283083020824716,2.48,9.7,pc_chair
would,be+hard,7,2.63,2.66,0.0036541879775950224,2.44,9.06,pc_chair
would,judge,7,2.63,2.66,0.0036541879775950224,2.44,9.06,pc_chair
would,include,13,6.44,2.02,0.0038592223041948506,2.41,8.43,pc_chair
would,be+inappropriate,4,1.17,3.42,0.007322528956041589,2.14,9.83,pc_chair
would,be+risk,4,1.17,3.42,0.007322528956041589,2.14,9.83,pc_chair
would,be+welcome,4,1.17,3.42,0.007322528956041589,2.14,9.83,pc_chair
would,prefer,4,1.17,3.42,0.007322528956041589,2.14,9.83,pc_chair
would,urge,4,1.17,3.42,0.007322528956041589,2.14,9.83,pc_chair
would,be+positive,6,2.34,2.56,0.009865572602873428,2.01,7.14,pc_chair
would,describe,6,2.34,2.56,0.009865572602873428,2.01,7.14,pc_chair
would,raise,15,8.49,1.77,0.012613106290635721,1.9,6.41,pc_chair
would,be+good,9,4.39,2.05,0.018322131081828567,1.74,6.09,pc_chair
would,comment,7,3.22,2.17,0.01873894123746108,1.73,5.56,pc_chair
would,put,25,16.68,1.5,0.019090568403431978,1.72,5.47,pc_chair
would,be+thing,16,9.66,1.66,0.020505217296021623,1.69,5.4,pc_chair
would,be+beginning,3,0.88,3.42,0.02504051755358268,1.6,7.38,pc_chair
would,be+concern,3,0.88,3.42,0.02504051755358268,1.6,7.38,pc_chair
would,be+expansionary,3,0.88,3.42,0.02504051755358268,1.6,7.38,pc_chair
would,be+ideal,3,0.88,3.42,0.02504051755358268,1.6,7.38,pc_chair
would,be+market,3,0.88,3.42,0.02504051755358268,1.6,7.38,pc_chair
would,caution,3,0.88,3.42,0.02504051755358268,1.6,7.38,pc_chair
would,endorse,3,0.88,3.42,0.02504051755358268,1.6,7.38,pc_chair
would,stress,3,0.88,3.42,0.02504051755358268,1.6,7.38,pc_chair
would,tolerate,3,0.88,3.42,0.02504051755358268,1.6,7.38,pc_chair
would,emphasize,5,2.05,2.44,0.02579890821195161,1.59,5.3,pc_chair
would,be+development,4,1.46,2.73,0.0280493577816242,1.55,5.52,pc_chair
would,be+reluctant,4,1.46,2.73,0.0280493577816242,1.55,5.52,pc_chair
would,imply,4,1.46,2.73,0.0280493577816242,1.55,5.52,pc_chair
would,prepare,4,1.46,2.73,0.0280493577816242,1.55,5.52,pc_chair
would,note,7,3.51,1.99,0.04940096091278873,1.31,4.37,pc_chair
would,wait,8,4.39,1.82,0.04892519944403758,1.31,3.79,pc_chair
would,be+way,5,2.34,2.14,0.05235446756041528,1.28,3.78,pc_chair
would,be+something,13,7.9,1.65,0.05356925151837105,1.27,4.26,pc_chair
would,be+better,4,1.76,2.28,0.06471572147972206,1.19,3.58,pc_chair
would,feel,11,6.73,1.63,0.06463010219279691,1.19,3.51,pc_chair
would,seek,4,1.76,2.28,0.06471572147972206,1.19,3.58,pc_chair
would,view,4,1.76,2.28,0.06471572147972206,1.19,3.58,pc_chair
would,be+line,3,1.17,2.56,0.07819448334620596,1.11,3.57,pc_chair
would,be+true,3,1.17,2.56,0.07819448334620596,1.11,3.57,pc_chair
would,indicate,3,1.17,2.56,0.07819448334620596,1.11,3.57,pc_chair
would,regard,3,1.17,2.56,0.07819448334620596,1.11,3.57,pc_chair
would,speed,3,1.17,2.56,0.07819448334620596,1.11,3.57,pc_chair
would,mean,14,9.36,1.5,0.08040235824689462,1.09,3.02,pc_chair
would,be+lower,8,4.68,1.71,0.09490454017452142,1.02,3.03,pc_chair
would,be+case,9,5.85,1.54,0.1402295445508523,0.85,2.21,pc_chair
would,cause,12,8.19,1.46,0.1433355649585846,0.84,2.33,pc_chair
would,be+careful,3,1.46,2.05,0.15341217169307855,0.81,2.03,pc_chair
would,be+change,3,1.46,2.05,0.15341217169307855,0.81,2.03,pc_chair
would,be+concerned,3,1.46,2.05,0.15341217169307855,0.81,2.03,pc_chair
would,be+outcome,3,1.46,2.05,0.15341217169307855,0.81,2.03,pc_chair
would,be+test,3,1.46,2.05,0.15341217169307855,0.81,2.03,pc_chair
would,enable,3,1.46,2.05,0.15341217169307855,0.81,2.03,pc_chair
would,work,16,12.0,1.33,0.17165275315946027,0.77,1.79,pc_chair
would,worry,5,2.93,1.71,0.16911883606057632,0.77,1.89,pc_chair
would,need,31,25.17,1.23,0.1899092395649954,0.72,1.85,pc_chair
would,be+range,4,2.05,1.95,0.20515530073871754,0.69,2.35,pc_chair
would,disappear,4,2.05,1.95,0.20515530073871754,0.69,2.35,pc_chair
would,be+glad,5,3.22,1.55,0.317286503469636,0.5,1.29,pc_chair
would,be+that,5,3.51,1.42,0.35050632159104755,0.46,0.84,pc_chair
would,matter,8,6.15,1.3,0.3489251925183323,0.46,0.75,pc_chair
would,be+high,3,1.76,1.71,0.36731970168308276,0.43,1.13,pc_chair
would,be+rate,3,1.76,1.71,0.36731970168308276,0.43,1.13,pc_chair
would,involve,3,1.76,1.71,0.36731970168308276,0.43,1.13,pc_chair
would,offset,3,1.76,1.71,0.36731970168308276,0.43,1.13,pc_chair
would,be,90,83.4,1.08,0.39118372650570554,0.41,0.75,pc_chair
would,follow,6,4.39,1.37,0.3965374772656131,0.4,0.79,pc_chair
would,be+helpful,3,2.05,1.46,0.4247869788606675,0.37,0.58,pc_chair
would,let,3,2.05,1.46,0.4247869788606675,0.37,0.58,pc_chair
would,spur,3,2.05,1.46,0.4247869788606675,0.37,0.58,pc_chair
would,react,7,5.27,1.33,0.43633515042147714,0.36,0.76,pc_chair
would,hold,10,8.49,1.18,0.5426290202531789,0.27,0.37,pc_chair
would,look,90,86.03,1.05,0.6034696954756529,0.22,0.26,pc_chair
would,stand,3,2.34,1.28,0.6995198358543918,0.16,0.25,pc_chair
would,write,3,2.34,1.28,0.6995198358543918,0.16,0.25,pc_chair
would,be+significant,3,2.63,1.14,0.7267313285242551,0.14,0.07,pc_chair
would,encourage,3,2.63,1.14,0.7267313285242551,0.14,0.07,pc_chair
would,be+important,4,3.22,1.24,0.740686286809735,0.13,0.26,pc_chair
would,end,4,3.22,1.24,0.740686286809735,0.13,0.26,pc_chair
would,factor,4,3.51,1.14,0.755431338229547,0.12,0.09,pc_chair
would,be+what,25,24.58,1.02,0.9045852606853132,0.04,0.01,pc_chair
would,be+increase,4,4.1,0.98,1.0,0.0,0.0,pc_chair
would,be+part,4,4.39,0.91,1.0,0.0,0.05,pc_chair
would,focus,4,4.68,0.85,1.0,0.0,0.15,pc_chair
would,hesitate,4,4.39,0.91,1.0,0.0,0.05,pc_chair
would,imagine,5,5.27,0.95,1.0,0.0,0.02,pc_chair
would,lead,9,9.66,0.93,1.0,0.0,0.06,pc_chair
would,meet,3,2.93,1.03,1.0,-0.0,0.0,pc_chair
would,mention,3,2.93,1.03,1.0,-0.0,0.0,pc_chair
would,occur,3,3.51,0.85,1.0,0.0,0.11,pc_chair
would,respond,9,9.07,0.99,1.0,0.0,0.0,pc_chair
would,stop,5,5.56,0.9,1.0,0.0,0.08,pc_chair
would,weaken,4,4.39,0.91,1.0,0.0,0.05,pc_chair
would,allow,4,4.97,0.8,0.791430574192806,-0.1,0.28,pc_chair
would,require,4,4.97,0.8,0.791430574192806,-0.1,0.28,pc_chair
would,be+higher,3,3.8,0.79,0.7673687818104358,-0.11,0.25,pc_chair
would,create,3,4.1,0.73,0.7696137940350699,-0.11,0.44,pc_chair
would,serve,3,3.8,0.79,0.7673687818104358,-0.11,0.25,pc_chair
would,be+effect,4,5.27,0.76,0.6126209048095032,-0.21,0.46,pc_chair
would,reach,4,5.27,0.76,0.6126209048095032,-0.21,0.46,pc_chair
would,weigh,4,5.56,0.72,0.6145805163244592,-0.21,0.66,pc_chair
would,assume,3,4.39,0.68,0.5755149070381411,-0.24,0.67,pc_chair
would,be+happy,6,7.9,0.76,0.5278836510987607,-0.28,0.68,pc_chair
would,leave,6,8.19,0.73,0.41356117383439994,-0.38,0.88,pc_chair
would,show,6,9.07,0.66,0.32201185636283075,-0.49,1.6,pc_chair
would,ask,3,5.56,0.54,0.3112594216204536,-0.51,1.88,pc_chair
would,explain,3,5.27,0.57,0.3065496526709989,-0.51,1.54,pc_chair
would,increase,3,5.27,0.57,0.3065496526709989,-0.51,1.54,pc_chair
would,bring,4,6.73,0.59,0.2568503294400197,-0.59,1.74,pc_chair
would,talk,3,5.85,0.51,0.21954710487707219,-0.66,2.24,pc_chair
would,support,10,14.63,0.68,0.16346779634487357,-0.79,2.24,pc_chair
would,take,72,83.69,0.86,0.1299241020862665,-0.89,2.44,pc_chair
would,depend,19,26.63,0.71,0.08288754736415915,-1.08,3.33,pc_chair
would,be+appropriate,38,49.75,0.76,0.05034309567072405,-1.3,4.2,pc_chair
would,warrant,4,9.07,0.44,0.04782201900939518,-1.32,4.7,pc_chair
would,change,10,17.56,0.57,0.032397819336523574,-1.49,5.16,pc_chair
would,be+able,8,15.22,0.53,0.031266848215741855,-1.5,5.5,pc_chair
would,go,26,37.75,0.69,0.024673248702140625,-1.61,5.62,pc_chair
would,begin,4,10.53,0.38,0.01595082927310737,-1.8,6.89,pc_chair
would,try,4,10.53,0.38,0.01595082927310737,-1.8,6.89,pc_chair
would,give,10,19.61,0.51,0.009845570636068363,-2.01,7.62,pc_chair
would,affect,12,23.12,0.52,0.005872862310127494,-2.23,8.63,pc_chair
would,use,11,22.53,0.49,0.0034904979832871656,-2.46,9.64,pc_chair
would,move,22,37.75,0.58,0.0017336757833856405,-2.76,10.43,pc_chair
would,provide,4,13.17,0.3,0.0015322135967171914,-2.81,11.26,pc_chair
would,keep,4,13.46,0.3,0.001034032474575361,-2.99,11.77,pc_chair
would,remain,3,12.29,0.24,0.0009346959954817535,-3.03,12.8,pc_chair
would,get,17,32.77,0.52,0.0007488300100122453,-3.13,12.29,pc_chair
would,help,10,24.29,0.41,0.0002479911512803041,-3.61,14.15,pc_chair
would,make,24,44.48,0.54,0.00014412562950766626,-3.84,15.21,pc_chair
would,tell,8,23.41,0.34,5.767173052010049e-05,-4.24,17.61,pc_chair
would,know,8,23.7,0.34,3.8625318628686516e-05,-4.41,18.1,pc_chair
would,happen,15,34.53,0.43,2.5132927704318323e-05,-4.6,18.47,pc_chair
would,have,81,119.98,0.68,8.93473658519355e-06,-5.05,20.04,pc_chair
would,come,12,39.21,0.31,1.4577496860916636e-08,-7.84,33.5,pc_chair
would,see,43,110.91,0.39,3.642939724554526e-17,-16.44,72.39,pc_chair
would,do,45,117.34,0.38,1.8430045456836794e-18,-17.73,77.93,pc_chair
would,continue,4,81.64,0.05,4.338729016597258e-36,-35.36,161.12,pc_chair
can,give,41,12.4,3.31,3.012329589699472e-14,13.52,57.86,pc_journalist
can,tell,23,6.51,3.53,3.3292466881650075e-09,8.48,35.19,pc_journalist
can,speak,13,3.25,3.99,1.526638255212866e-06,5.82,23.56,pc_journalist
can,hear,6,0.93,6.45,1.3397107427626391e-05,4.87,22.45,pc_journalist
can,afford,5,0.77,6.45,8.742059166773808e-05,4.06,18.7,pc_journalist
can,talk,28,13.64,2.05,0.00011569730835946638,3.94,15.21,pc_journalist
can,explain,15,5.73,2.62,0.00019167552059393112,3.72,13.66,pc_journalist
can,do,20,8.68,2.3,0.00020949511910942287,3.68,14.12,pc_journalist
can,walk,8,2.32,3.44,0.0007309243747544946,3.14,11.56,pc_journalist
can,be+specific,4,0.77,5.16,0.0024961368940022233,2.6,10.28,pc_journalist
can,clarify,6,2.01,2.98,0.008679831330991667,2.06,6.84,pc_journalist
can,achieve,3,0.62,4.84,0.013081710288452555,1.88,7.04,pc_journalist
can,handle,4,1.24,3.23,0.023693632230141634,1.63,5.2,pc_journalist
can,share,4,1.24,3.23,0.023693632230141634,1.63,5.2,pc_journalist
can,avoid,3,0.93,3.23,0.05134680610398601,1.29,3.89,pc_journalist
can,hit,3,0.93,3.23,0.05134680610398601,1.29,3.89,pc_journalist
can,provide,4,1.55,2.58,0.05508825303693298,1.26,3.5,pc_journalist
can,put,4,1.55,2.58,0.05508825303693298,1.26,3.5,pc_journalist
can,help,7,3.56,1.96,0.07346535340517046,1.13,3.26,pc_journalist
can,continue,5,2.48,2.02,0.08789358937940964,1.06,2.49,pc_journalist
can,get,8,4.96,1.61,0.14016562884966902,0.85,1.95,pc_journalist
can,elaborate,4,2.17,1.84,0.2534692834919512,0.6,1.54,pc_journalist
can,expect,8,5.58,1.43,0.24865182004924274,0.6,1.14,pc_journalist
can,ask,7,5.11,1.37,0.3358646810334637,0.47,0.76,pc_journalist
can,say,8,5.89,1.36,0.36317293724128924,0.44,0.84,pc_journalist
can,comment,3,2.17,1.38,0.466585531905731,0.33,0.35,pc_journalist
can,follow,16,15.34,1.04,0.8870768297796905,0.05,0.03,pc_journalist
can,go,3,4.65,0.65,0.6102896417637313,-0.21,0.78,pc_journalist
can,take,5,7.59,0.66,0.4236027583799771,-0.37,1.19,pc_journalist
can,have,6,12.86,0.47,0.030765251895369793,-1.51,5.38,pc_journalist
could,follow,79,23.66,3.34,4.13409746292182e-33,32.38,144.77,pc_journalist
could,talk,56,21.03,2.66,7.192938189612151e-16,15.14,65.31,pc_journalist
could,comment,10,3.35,2.99,0.0002191769694468948,3.66,14.16,pc_journalist
could,elaborate,10,3.35,2.99,0.0002191769694468948,3.66,14.16,pc_journalist
could,expand,6,1.67,3.59,0.0010190407803094513,2.99,12.02,pc_journalist
could,explain,18,8.84,2.04,0.0013146444717389175,2.88,10.83,pc_journalist
could,break,5,1.43,3.49,0.0037036378539517115,2.43,9.48,pc_journalist
could,give,30,19.12,1.57,0.007107002585607912,2.15,7.62,pc_journalist
could,see,16,9.08,1.76,0.011959980413505166,1.92,6.2,pc_journalist
could,contribute,3,0.72,4.18,0.013596792434170031,1.87,8.6,pc_journalist
could,drag,3,0.72,4.18,0.013596792434170031,1.87,8.6,pc_journalist
could,pose,3,0.72,4.18,0.013596792434170031,1.87,8.6,pc_journalist
could,describe,9,4.54,1.98,0.0266790247271114,1.57,4.98,pc_journalist
could,slow,4,1.43,2.79,0.03191035796618954,1.5,4.92,pc_journalist
could,address,5,2.15,2.32,0.04055538492147784,1.39,4.15,pc_journalist
could,detail,3,0.96,3.14,0.04467676142007604,1.35,4.64,pc_journalist
could,cause,7,3.58,1.95,0.06126396367503769,1.21,3.71,pc_journalist
could,create,3,1.19,2.51,0.09203308671314361,1.04,2.96,pc_journalist
could,reach,3,1.19,2.51,0.09203308671314361,1.04,2.96,pc_journalist
could,clarify,6,3.11,1.93,0.09420443948442593,1.03,3.07,pc_journalist
could,go,11,7.17,1.53,0.12843016087336606,0.89,2.47,pc_journalist
could,discuss,3,1.43,2.09,0.1521558154600977,0.82,1.91,pc_journalist
could,ask,11,7.89,1.39,0.21746892903814413,0.66,1.52,pc_journalist
could,walk,6,3.58,1.67,0.21879708440829143,0.66,1.91,pc_journalist
could,come,7,4.78,1.46,0.28947391038009,0.54,1.25,pc_journalist
could,get,10,7.65,1.31,0.30436495392617124,0.52,0.91,pc_journalist
could,speak,7,5.02,1.39,0.30824736185035817,0.51,0.96,pc_journalist
could,share,3,1.91,1.57,0.40616945550199135,0.39,0.74,pc_journalist
could,help,7,5.5,1.27,0.46362306071527026,0.33,0.52,pc_journalist
could,tell,12,10.04,1.2,0.4676501369258116,0.33,0.49,pc_journalist
could,lead,4,2.87,1.39,0.4964115659935363,0.3,0.55,pc_journalist
could,provide,3,2.39,1.26,0.7103926338044332,0.15,0.2,pc_journalist
could,happen,5,4.54,1.1,0.7890561969029029,0.1,0.06,pc_journalist
could,change,3,3.11,0.97,1.0,0.0,0.0,pc_journalist
could,cut,3,3.35,0.9,1.0,0.0,0.05,pc_journalist
could,affect,3,3.82,0.78,0.7752368638878017,-0.11,0.25,pc_journalist
could,raise,3,3.82,0.78,0.7752368638878017,-0.11,0.25,pc_journalist
could,be,5,7.65,0.65,0.40257881668938217,-0.4,1.34,pc_journalist
could,take,8,11.71,0.68,0.2394937889867895,-0.62,1.71,pc_journalist
could,do,7,13.38,0.52,0.05539406923299815,-1.26,4.7,pc_journalist
could,have,12,19.84,0.6,0.048438241734958365,-1.31,4.69,pc_journalist
could,say,3,9.08,0.33,0.019786060199833713,-1.7,6.8,pc_journalist
may,question,3,0.16,19.16,0.00022625808897120295,3.65,15.11,pc_journalist
may,need,8,1.88,4.26,0.0004260494828380692,3.37,12.21,pc_journalist
may,ask,4,1.29,3.1,0.03782699625157528,1.42,3.94,pc_journalist
may,look,3,1.37,2.19,0.15514171355574372,0.81,1.55,pc_journalist
may,have,5,3.25,1.54,0.2572941859700735,0.59,0.88,pc_journalist
should,interpret,11,0.87,12.57,6.175300644511584e-13,12.21,56.28,pc_journalist
should,think,11,2.07,5.32,1.632149072198055e-06,5.79,23.21,pc_journalist
should,expect,12,2.86,4.19,1.043549673252962e-05,4.98,19.39,pc_journalist
should,understand,5,0.48,10.48,1.7021507151183843e-05,4.77,20.19,pc_journalist
should,read,5,0.56,8.98,5.5726739383990125e-05,4.25,17.38,pc_journalist
should,watch,3,0.32,9.43,0.0018668349578300689,2.73,10.9,pc_journalist
should,take,10,3.9,2.57,0.004223033057251066,2.37,7.72,pc_journalist
should,raise,4,1.27,3.14,0.03302092516120987,1.48,4.29,pc_journalist
should,move,3,0.8,3.77,0.03913531819098324,1.41,4.16,pc_journalist
should,cut,3,1.11,2.69,0.09396816898805098,1.03,2.48,pc_journalist
should,be,5,2.54,1.96,0.10508820556919159,0.98,2.09,pc_journalist
should,see,6,3.02,1.99,0.11795998376025871,0.93,2.59,pc_journalist
should,make,4,2.7,1.48,0.3418378994676091,0.47,0.6,pc_journalist
should,look,4,2.78,1.44,0.35556217083811,0.45,0.52,pc_journalist
should,do,4,4.45,0.9,1.0,0.0,0.05,pc_journalist
should,have,5,6.6,0.76,0.679418852843043,-0.17,0.47,pc_journalist
will,have,28,13.91,2.01,0.00012616659034913122,3.9,14.69,pc_journalist
will,know,9,2.51,3.58,0.0001863652503133014,3.73,14.28,pc_journalist
will,judge,5,1.17,4.26,0.0020231888623627554,2.69,10.26,pc_journalist
will,continue,8,2.68,2.98,0.0021511667705185777,2.67,9.42,pc_journalist
will,act,4,0.84,4.77,0.0033804641216773966,2.47,9.68,pc_journalist
will,fade,3,0.5,5.97,0.0046807896535928815,2.33,10.73,pc_journalist
will,pass,3,0.5,5.97,0.0046807896535928815,2.33,10.73,pc_journalist
will,go,11,5.03,2.19,0.010638721428259893,1.97,6.94,pc_journalist
will,stay,4,1.17,3.41,0.017837384598034477,1.75,5.85,pc_journalist
will,start,6,2.35,2.56,0.019279907145885976,1.71,5.29,pc_journalist
will,make,11,5.7,1.93,0.02052373628281763,1.69,5.01,pc_journalist
will,need,14,8.05,1.74,0.029713340306110482,1.53,4.64,pc_journalist
will,offset,3,0.84,3.58,0.03588860241956453,1.45,4.73,pc_journalist
will,allow,3,1.01,2.98,0.06297650351862129,1.2,3.51,pc_journalist
will,come,7,3.35,2.09,0.06264060916229319,1.2,3.92,pc_journalist
will,decide,3,1.01,2.98,0.06297650351862129,1.2,3.51,pc_journalist
will,meet,3,1.01,2.98,0.06297650351862129,1.2,3.51,pc_journalist
will,wait,3,1.01,2.98,0.06297650351862129,1.2,3.51,pc_journalist
will,remain,4,1.68,2.39,0.07057257740496058,1.15,3.05,pc_journalist
will,get,9,5.36,1.68,0.0941711458842186,1.03,2.6,pc_journalist
will,be+able,3,1.17,2.56,0.09683084270906141,1.01,2.63,pc_journalist
will,keep,3,1.34,2.24,0.13631787931572686,0.87,1.97,pc_journalist
will,put,3,1.68,1.79,0.22715175668452223,0.64,1.07,pc_journalist
will,affect,4,2.68,1.49,0.32670525686780033,0.49,0.7,pc_journalist
will,raise,4,2.68,1.49,0.32670525686780033,0.49,0.7,pc_journalist
will,take,11,8.21,1.34,0.33134658839089515,0.48,1.07,pc_journalist
will,lead,3,2.01,1.49,0.4358720648792505,0.36,0.53,pc_journalist
will,do,11,9.39,1.17,0.5861454187024129,0.23,0.33,pc_journalist
will,be+what,4,3.69,1.08,0.777169657776541,0.11,0.03,pc_journalist
will,ask,5,5.53,0.9,1.0,0.0,0.06,pc_journalist
will,happen,3,3.18,0.94,1.0,0.0,0.01,pc_journalist
will,help,4,3.86,1.04,1.0,-0.0,0.01,pc_journalist
will,look,6,5.87,1.02,1.0,-0.0,0.0,pc_journalist
will,see,5,6.37,0.78,0.6658345594146883,-0.18,0.38,pc_journalist
will,be,4,5.36,0.75,0.6392417712999926,-0.19,0.45,pc_journalist
will,consider,3,4.53,0.66,0.6056060591880266,-0.22,0.69,pc_journalist
will,tell,4,7.04,0.57,0.29529290257877566,-0.53,1.84,pc_journalist
would,like,67,21.74,3.08,4.32018585452625e-33,32.36,147.13,pc_journalist
would,consider,21,8.63,2.43,1.1629530108095417e-06,5.93,24.2,pc_journalist
would,say,26,12.15,2.14,4.105572876027085e-06,5.39,21.51,pc_journalist
would,want,10,3.2,3.13,1.0737611768955876e-05,4.97,22.89,pc_journalist
would,suggest,8,2.56,3.13,0.00010660288109080601,3.97,18.3,pc_journalist
would,be+willing,8,2.88,2.78,0.0006886441434785783,3.16,12.79,pc_journalist
would,be+what,15,7.03,2.13,0.0007039368149226298,3.15,12.2,pc_journalist
would,seem,6,1.92,3.13,0.0010546385516059932,2.98,13.71,pc_journalist
would,need,26,15.35,1.69,0.001506450111740736,2.82,10.25,pc_journalist
would,mean,8,3.2,2.5,0.0024758658093819224,2.61,9.82,pc_journalist
would,be+comfortable,5,1.6,3.13,0.0033128376582539994,2.48,11.42,pc_journalist
would,constitute,5,1.6,3.13,0.0033128376582539994,2.48,11.42,pc_journalist
would,look,19,11.19,1.7,0.005970744533347003,2.22,7.51,pc_journalist
would,welcome,4,1.28,3.13,0.010397213573597165,1.98,9.14,pc_journalist
would,be+reason,5,1.92,2.61,0.01460383319149403,1.84,6.78,pc_journalist
would,characterize,7,3.2,2.19,0.015249402040162586,1.82,6.09,pc_journalist
would,be+enough,3,0.96,3.13,0.03260278622501852,1.49,6.85,pc_journalist
would,be+okay,3,0.96,3.13,0.03260278622501852,1.49,6.85,pc_journalist
would,be+prepared,3,0.96,3.13,0.03260278622501852,1.49,6.85,pc_journalist
would,be+reasonable,3,0.96,3.13,0.03260278622501852,1.49,6.85,pc_journalist
would,call,3,0.96,3.13,0.03260278622501852,1.49,6.85,pc_journalist
would,compel,3,0.96,3.13,0.03260278622501852,1.49,6.85,pc_journalist
would,concern,3,0.96,3.13,0.03260278622501852,1.49,6.85,pc_journalist
would,change,8,4.16,1.92,0.03322228046780144,1.48,4.8,pc_journalist
would,bring,5,2.24,2.23,0.03768897982343736,1.42,4.58,pc_journalist
would,trigger,5,2.24,2.23,0.03768897982343736,1.42,4.58,pc_journalist
would,agree,4,1.6,2.5,0.03873471723496986,1.41,4.9,pc_journalist
would,be+good,4,1.6,2.5,0.03873471723496986,1.41,4.9,pc_journalist
would,be+inclined,4,1.6,2.5,0.03873471723496986,1.41,4.9,pc_journalist
would,be+possible,4,1.6,2.5,0.03873471723496986,1.41,4.9,pc_journalist
would,respond,4,1.6,2.5,0.03873471723496986,1.41,4.9,pc_journalist
would,be+appropriate,6,3.2,1.88,0.08412626020234139,1.08,3.32,pc_journalist
would,be,15,10.23,1.47,0.08487441836704006,1.07,3.11,pc_journalist
would,be+helpful,3,1.28,2.35,0.09921950417928255,1.0,3.12,pc_journalist
would,require,3,1.28,2.35,0.09921950417928255,1.0,3.12,pc_journalist
would,work,5,2.56,1.95,0.12000312447932762,0.92,3.14,pc_journalist
would,affect,8,5.12,1.56,0.17533731117553425,0.76,2.24,pc_journalist
would,cause,7,4.8,1.46,0.2668454507744795,0.57,1.41,pc_journalist
would,keep,4,2.56,1.56,0.27669814195303777,0.56,1.12,pc_journalist
would,think,11,8.31,1.32,0.291061593569774,0.54,1.23,pc_journalist
would,warrant,5,3.2,1.56,0.30617031122611416,0.51,1.4,pc_journalist
would,describe,8,6.08,1.32,0.33384526022024946,0.48,0.86,pc_journalist
would,be+point,3,1.6,1.88,0.33533990058882723,0.47,1.66,pc_journalist
would,drive,3,1.6,1.88,0.33533990058882723,0.47,1.66,pc_journalist
would,expect,14,11.51,1.22,0.3720681401443551,0.43,0.78,pc_journalist
would,be+necessary,3,1.92,1.56,0.3917072304966701,0.41,0.84,pc_journalist
would,decide,3,1.92,1.56,0.3917072304966701,0.41,0.84,pc_journalist
would,feel,3,1.92,1.56,0.3917072304966701,0.41,0.84,pc_journalist
would,rise,3,1.92,1.56,0.3917072304966701,0.41,0.84,pc_journalist
would,cut,6,4.48,1.34,0.39634431177582696,0.4,0.73,pc_journalist
would,make,13,10.87,1.2,0.46031633187909937,0.34,0.6,pc_journalist
would,lead,5,3.84,1.3,0.5374979502898444,0.27,0.5,pc_journalist
would,stay,3,2.24,1.34,0.6868511361467984,0.16,0.36,pc_journalist
would,have,27,26.54,1.02,0.9051127852643419,0.04,0.01,pc_journalist
would,happen,6,6.08,0.99,1.0,0.0,0.0,pc_journalist
would,move,3,3.2,0.94,1.0,0.0,0.02,pc_journalist
would,put,3,3.2,0.94,1.0,0.0,0.02,pc_journalist
would,know,4,4.8,0.83,0.7863837220386554,-0.1,0.2,pc_journalist
would,start,3,4.48,0.67,0.5681561110928341,-0.25,0.77,pc_journalist
would,take,13,15.67,0.83,0.4439039928678109,-0.35,0.7,pc_journalist
would,continue,3,5.12,0.59,0.41940300091535654,-0.38,1.42,pc_journalist
would,raise,3,5.12,0.59,0.41940300091535654,-0.38,1.42,pc_journalist
would,help,4,7.35,0.54,0.17749072819348322,-0.75,2.53,pc_journalist
would,see,8,12.15,0.66,0.1637041483244186,-0.79,2.28,pc_journalist
would,do,12,17.91,0.67,0.10988449302561479,-0.96,3.14,pc_journalist
would,ask,5,10.55,0.47,0.03857675049686292,-1.41,4.96,pc_journalist
would,get,4,10.23,0.39,0.020337579763052914,-1.69,6.66,pc_journalist
would,go,3,9.59,0.31,0.009166001851892942,-2.04,8.22,pc_journalist
would,explain,4,11.83,0.34,0.004033369067499322,-2.39,9.32,pc_journalist
would,tell,3,13.43,0.22,0.000174032123586945,-3.76,15.49,pc_journalist
would,give,7,25.58,0.27,1.0687700084002373e-06,-5.97,25.41,pc_journalist
would,talk,3,28.14,0.11,1.9267122128882838e-11,-10.72,47.39,pc_journalist
can,see,14,3.85,3.64,2.6158176548248478e-06,5.58,22.37,speech_chair
can,be+sure,6,0.96,6.23,1.666298047562295e-05,4.78,22.01,speech_chair
can,everything,6,0.96,6.23,1.666298047562295e-05,4.78,22.01,speech_chair
can,do,22,8.99,2.45,2.1039119666412873e-05,4.68,17.76,speech_chair
can,find,12,3.53,3.4,3.543953867218294e-05,4.45,17.26,speech_chair
can,say,9,2.25,4.01,6.196376213603597e-05,4.21,16.54,speech_chair
can,maintain,5,0.96,5.19,0.000544836903842422,3.26,13.28,speech_chair
can,improve,9,2.89,3.12,0.0008197617693871414,3.09,11.22,speech_chair
can,be+difficult,6,1.44,4.15,0.0009034401439687972,3.04,11.6,speech_chair
can,all,4,0.8,4.99,0.002864659626080911,2.54,10.01,speech_chair
can,help,22,12.04,1.83,0.003550657406761331,2.45,8.52,speech_chair
can,sustain,6,1.77,3.4,0.003720452917120555,2.43,8.59,speech_chair
can,attribute,3,0.48,6.23,0.004112316238772105,2.39,10.99,speech_chair
can,avoid,3,0.48,6.23,0.004112316238772105,2.39,10.99,speech_chair
can,be+certain,3,0.48,6.23,0.004112316238772105,2.39,10.99,speech_chair
can,learn,5,1.44,3.46,0.007494859153989147,2.13,7.36,speech_chair
can,think,5,1.44,3.46,0.007494859153989147,2.13,7.36,speech_chair
can,be+costly,4,0.96,4.15,0.0075043050705578904,2.12,7.72,speech_chair
can,succeed,4,0.96,4.15,0.0075043050705578904,2.12,7.72,speech_chair
can,influence,5,1.6,3.12,0.013035861045631172,1.88,6.21,speech_chair
can,estimate,3,0.64,4.67,0.014479208456951657,1.84,6.84,speech_chair
can,identify,3,0.64,4.67,0.014479208456951657,1.84,6.84,speech_chair
can,recall,3,0.64,4.67,0.014479208456951657,1.84,6.84,speech_chair
can,deliver,4,1.12,3.56,0.015303321216513257,1.82,6.15,speech_chair
can,measure,4,1.12,3.56,0.015303321216513257,1.82,6.15,speech_chair
can,make,11,6.1,1.8,0.04211048660232944,1.38,4.03,speech_chair
can,pose,5,2.09,2.4,0.04397918036455194,1.36,3.79,speech_chair
can,vary,3,0.96,3.12,0.05629775833595768,1.25,3.72,speech_chair
can,lead,8,4.33,1.85,0.06409558628485058,1.19,3.14,speech_chair
can,contribute,4,1.77,2.27,0.08497368716970136,1.07,2.68,speech_chair
can,know,4,1.77,2.27,0.08497368716970136,1.07,2.68,speech_chair
can,amplify,3,1.12,2.67,0.08704358617554098,1.06,2.82,speech_chair
can,tell,3,1.12,2.67,0.08704358617554098,1.06,2.82,speech_chair
can,achieve,4,1.93,2.08,0.11193441907721,0.95,2.17,speech_chair
can,work,4,1.93,2.08,0.11193441907721,0.95,2.17,speech_chair
can,promote,3,1.28,2.34,0.12320552824343645,0.91,2.15,speech_chair
can,provide,6,3.37,1.78,0.13158192955140413,0.88,2.09,speech_chair
can,be+effective,3,1.44,2.08,0.1637099215706065,0.79,1.63,speech_chair
can,enhance,3,1.44,2.08,0.1637099215706065,0.79,1.63,speech_chair
can,support,4,2.73,1.47,0.33641149442454604,0.47,0.64,speech_chair
can,serve,3,1.77,1.7,0.3989129357402006,0.4,0.89,speech_chair
can,go,3,1.93,1.56,0.4226295795914377,0.37,0.63,speech_chair
can,reduce,3,2.25,1.34,0.4811428550106266,0.32,0.28,speech_chair
can,hold,4,2.89,1.38,0.5145190153286601,0.29,0.47,speech_chair
can,change,4,3.05,1.31,0.530156859172995,0.28,0.33,speech_chair
can,take,10,8.99,1.11,0.7129450936638043,0.15,0.13,speech_chair
can,become,3,2.57,1.17,0.7325779744570504,0.14,0.08,speech_chair
can,benefit,3,2.57,1.17,0.7325779744570504,0.14,0.08,speech_chair
can,be,3,2.73,1.1,0.7456120361559329,0.13,0.03,speech_chair
can,play,3,2.73,1.1,0.7456120361559329,0.13,0.03,speech_chair
can,affect,4,3.69,1.08,0.7780784957046576,0.11,0.03,speech_chair
can,use,5,5.46,0.92,1.0,0.0,0.05,speech_chair
can,come,3,3.85,0.78,0.7860341722737355,-0.1,0.24,speech_chair
can,require,3,5.78,0.52,0.25761127813458695,-0.59,1.89,speech_chair
can,have,3,10.11,0.3,0.008981911969433305,-2.05,7.97,speech_chair
can,continue,6,16.69,0.36,0.002471489090663249,-2.61,10.63,speech_chair
could,prove,7,1.55,4.51,0.0003328562695003136,3.48,13.13,speech_chair
could,exacerbate,4,0.55,7.22,0.0006779628280116391,3.17,12.87,speech_chair
could,misspecifie,3,0.33,9.02,0.0013512707626801288,2.87,13.22,speech_chair
could,bring,6,1.55,3.87,0.002456515192344219,2.61,9.22,speech_chair
could,risk,5,1.22,4.1,0.004262128404467785,2.37,8.29,speech_chair
could,afford,3,0.55,5.41,0.011380965005572723,1.94,6.96,speech_chair
could,spur,3,0.55,5.41,0.011380965005572723,1.94,6.96,speech_chair
could,have,14,6.98,2.01,0.012674400438880132,1.9,6.52,speech_chair
could,call,3,0.67,4.51,0.020905900652020144,1.68,5.6,speech_chair
could,emerge,3,0.67,4.51,0.020905900652020144,1.68,5.6,speech_chair
could,encourage,3,0.67,4.51,0.020905900652020144,1.68,5.6,speech_chair
could,lead,7,2.99,2.34,0.02412124909780684,1.62,4.64,speech_chair
could,raise,4,1.22,3.28,0.025988007071803394,1.59,4.85,speech_chair
could,push,4,1.44,2.78,0.047129668799264245,1.33,3.68,speech_chair
could,cause,3,0.89,3.38,0.049459800039120407,1.31,3.8,speech_chair
could,put,4,1.55,2.58,0.06040373683945957,1.22,3.21,speech_chair
could,apply,3,1.0,3.01,0.06825247207021218,1.17,3.16,speech_chair
could,enhance,3,1.0,3.01,0.06825247207021218,1.17,3.16,speech_chair
could,provide,5,2.33,2.15,0.07440126314172797,1.13,2.73,speech_chair
could,reflect,5,2.33,2.15,0.07440126314172797,1.13,2.73,speech_chair
could,sustain,3,1.22,2.46,0.1136630373188211,0.94,2.2,speech_chair
could,go,3,1.33,2.26,0.13966523927177957,0.85,1.83,speech_chair
could,allow,3,1.44,2.08,0.1674259104135342,0.78,1.51,speech_chair
could,pose,3,1.44,2.08,0.1674259104135342,0.78,1.51,speech_chair
could,help,12,8.31,1.44,0.18922398539264426,0.72,1.69,speech_chair
could,reduce,3,1.55,1.93,0.19661377593373636,0.71,1.24,speech_chair
could,do,9,6.21,1.45,0.2778251544587932,0.56,1.29,speech_chair
could,affect,4,2.55,1.57,0.3127755169699544,0.5,0.81,speech_chair
could,come,4,2.66,1.5,0.33092723246412126,0.48,0.68,speech_chair
could,see,4,2.66,1.5,0.33092723246412126,0.48,0.68,speech_chair
could,become,3,1.77,1.69,0.4099500559422825,0.39,0.81,speech_chair
could,warrant,3,1.77,1.69,0.4099500559422825,0.39,0.81,speech_chair
could,play,3,1.88,1.59,0.4246366715436466,0.37,0.65,speech_chair
could,turn,4,2.88,1.39,0.5229897664731193,0.28,0.45,speech_chair
could,find,3,2.44,1.23,0.7285170378111249,0.14,0.14,speech_chair
could,remain,3,3.66,0.82,1.0,0.0,0.14,speech_chair
could,require,3,3.99,0.75,0.7916689991740367,-0.1,0.3,speech_chair
could,continue,4,11.53,0.35,0.015817078623863844,-1.8,7.37,speech_chair
may,use,19,4.05,4.69,6.326378247529743e-10,9.2,38.63,speech_chair
may,reflect,11,2.5,4.39,7.00579166413468e-06,5.15,20.47,speech_chair
may,hold,8,2.15,3.73,0.0005630384577581252,3.25,11.93,speech_chair
may,contribute,5,1.31,3.81,0.005885126792934745,2.23,7.67,speech_chair
may,play,6,2.03,2.96,0.010835382167328303,1.97,6.28,speech_chair
may,affect,7,2.74,2.55,0.014500659775866368,1.84,5.62,speech_chair
may,change,6,2.27,2.65,0.01932317047200891,1.71,5.16,speech_chair
may,appear,3,0.72,4.19,0.025535197665672377,1.59,5.22,speech_chair
may,know,4,1.31,3.05,0.03316551353671304,1.48,4.39,speech_chair
may,warrant,5,1.91,2.62,0.03363103605088547,1.47,4.21,speech_chair
may,want,3,0.83,3.59,0.04079335886805916,1.39,4.23,speech_chair
may,come,6,2.86,2.1,0.05752307300361324,1.24,3.13,speech_chair
may,ask,3,1.07,2.79,0.08174802813026247,1.09,2.84,speech_chair
may,be+able,4,1.79,2.24,0.09369200573251306,1.03,2.42,speech_chair
may,influence,3,1.19,2.52,0.10682059465639844,0.97,2.33,speech_chair
may,serve,3,1.31,2.29,0.13444125007628047,0.87,1.91,speech_chair
may,push,3,1.55,1.93,0.19565167462375757,0.71,1.26,speech_chair
may,face,3,1.67,1.8,0.22841451855223432,0.64,1.01,speech_chair
may,lead,5,3.22,1.55,0.36266572926050644,0.44,0.99,speech_chair
may,look,3,1.79,1.68,0.4102644064700141,0.39,0.8,speech_chair
may,require,6,4.29,1.4,0.4321026525540952,0.36,0.71,speech_chair
may,help,11,8.94,1.23,0.4689326810528286,0.33,0.52,speech_chair
may,be+appropriate,6,4.89,1.23,0.624481766633129,0.2,0.27,speech_chair
may,need,7,6.44,1.09,0.8313160066249797,0.08,0.05,speech_chair
may,have,7,7.51,0.93,1.0,0.0,0.04,speech_chair
may,take,4,6.68,0.6,0.40209622020361757,-0.4,1.42,speech_chair
may,continue,3,12.4,0.24,0.0017703189183801496,-2.75,11.49,speech_chair
should,note,6,0.92,6.54,0.00014240514510347298,3.85,14.79,speech_chair
should,understand,3,0.26,11.44,0.0010583434530092625,2.98,12.02,speech_chair
should,expand,3,0.39,7.63,0.00479303213213342,2.32,8.47,speech_chair
should,adjust,4,0.85,4.69,0.008022720065006782,2.1,7.02,speech_chair
should,consider,5,1.31,3.81,0.007949630455631795,2.1,6.86,speech_chair
should,support,4,1.11,3.59,0.021718935672673613,1.66,5.05,speech_chair
should,serve,3,0.72,4.16,0.03096480014350771,1.51,4.57,speech_chair
should,keep,3,0.92,3.27,0.05911193399090599,1.23,3.31,speech_chair
should,look,3,0.98,3.05,0.07043766360675963,1.15,2.98,speech_chair
should,take,7,3.67,1.91,0.0923984101001336,1.03,2.65,speech_chair
should,begin,3,1.31,2.29,0.13931954876767988,0.86,1.76,speech_chair
should,make,4,2.49,1.61,0.3108406437647352,0.51,0.85,speech_chair
should,move,3,2.16,1.39,0.4745300982744235,0.32,0.31,speech_chair
should,continue,6,6.82,0.88,1.0,0.0,0.11,speech_chair
should,have,4,4.13,0.97,1.0,0.0,0.0,speech_chair
should,help,3,4.92,0.61,0.48256877200086357,-0.32,0.94,speech_chair
will,discuss,55,20.07,2.74,3.6829752733019763e-25,24.43,112.55,speech_chair
will,continue,77,37.96,2.03,3.3838971817551044e-15,14.47,62.76,speech_chair
will,focus,19,8.03,2.37,1.9184035239216907e-06,5.72,23.66,speech_chair
will,turn,21,9.49,2.21,4.5786787291893645e-06,5.34,21.6,speech_chair
will,need,36,19.71,1.83,1.0083704379434594e-05,5.0,20.54,speech_chair
will,review,8,2.92,2.74,0.00031005267581572327,3.51,16.16,speech_chair
will,address,11,4.74,2.32,0.0005169278810841004,3.29,12.88,speech_chair
will,depend,15,7.3,2.05,0.0006149366062728535,3.21,12.37,speech_chair
will,conclude,9,3.65,2.47,0.0007584036056822285,3.12,12.59,speech_chair
will,monitor,7,2.55,2.74,0.0008527782718649323,3.07,14.14,speech_chair
will,assess,10,4.38,2.28,0.0012146576928343028,2.92,11.2,speech_chair
will,remain,21,12.04,1.74,0.0016858103462433604,2.77,10.08,speech_chair
will,explore,8,3.28,2.44,0.0018891378529279131,2.72,10.79,speech_chair
will,grow,9,4.01,2.24,0.002814123087442703,2.55,9.56,speech_chair
will,evolve,8,3.65,2.19,0.006412074841910652,2.19,7.96,speech_chair
will,begin,13,7.3,1.78,0.010197612418372502,1.99,6.71,speech_chair
will,speak,4,1.46,2.74,0.017685316713923233,1.75,8.07,speech_chair
will,summarize,4,1.46,2.74,0.017685316713923233,1.75,8.07,speech_chair
will,describe,8,4.01,1.99,0.02271218743680701,1.64,5.98,speech_chair
will,hear,5,2.19,2.28,0.026922321392058735,1.57,5.59,speech_chair
will,take,28,20.44,1.37,0.03646932666954966,1.44,4.32,speech_chair
will,act,7,3.65,1.92,0.043354919810173115,1.36,4.63,speech_chair
will,inform,7,3.65,1.92,0.043354919810173115,1.36,4.63,speech_chair
will,move,18,12.04,1.49,0.043777554339768904,1.36,4.48,speech_chair
will,devote,3,1.09,2.74,0.048536032147988274,1.31,6.05,speech_chair
will,highlight,3,1.09,2.74,0.048536032147988274,1.31,6.05,speech_chair
will,publish,3,1.09,2.74,0.048536032147988274,1.31,6.05,speech_chair
will,report,3,1.09,2.74,0.048536032147988274,1.31,6.05,speech_chair
will,seek,3,1.09,2.74,0.048536032147988274,1.31,6.05,speech_chair
will,will,3,1.09,2.74,0.048536032147988274,1.31,6.05,speech_chair
will,be+appropriate,21,14.96,1.4,0.051666634732658104,1.29,3.73,speech_chair
will,offer,6,2.92,2.05,0.057528730197779335,1.24,4.93,speech_chair
will,argue,4,1.82,2.19,0.06266429038834628,1.2,3.97,speech_chair
will,be+news,4,1.82,2.19,0.06266429038834628,1.2,3.97,speech_chair
will,present,4,1.82,2.19,0.06266429038834628,1.2,3.97,speech_chair
will,adjust,8,4.74,1.69,0.08135933753064269,1.09,3.36,speech_chair
will,settle,5,2.55,1.96,0.10748352504359843,0.97,3.53,speech_chair
will,close,3,1.46,2.05,0.1410881784501834,0.85,2.46,speech_chair
will,differ,3,1.46,2.05,0.1410881784501834,0.85,2.46,speech_chair
will,ensure,3,1.46,2.05,0.1410881784501834,0.85,2.46,speech_chair
will,guide,3,1.46,2.05,0.1410881784501834,0.85,2.46,speech_chair
will,mention,3,1.46,2.05,0.1410881784501834,0.85,2.46,speech_chair
will,receive,3,1.46,2.05,0.1410881784501834,0.85,2.46,speech_chair
will,be+important,5,2.92,1.71,0.1502750570003585,0.82,2.22,speech_chair
will,get,5,2.92,1.71,0.1502750570003585,0.82,2.22,speech_chair
will,include,5,2.92,1.71,0.1502750570003585,0.82,2.22,speech_chair
will,persist,5,2.92,1.71,0.1502750570003585,0.82,2.22,speech_chair
will,keep,8,5.11,1.57,0.16114664576780108,0.79,2.47,speech_chair
will,return,8,5.11,1.57,0.16114664576780108,0.79,2.47,speech_chair
will,explain,6,3.65,1.64,0.18499512739608454,0.73,2.28,speech_chair
will,start,9,6.2,1.45,0.205646434311749,0.69,1.91,speech_chair
will,respond,6,4.01,1.49,0.22412646944642262,0.65,1.48,speech_chair
will,aim,3,1.82,1.64,0.36180767137832287,0.44,1.14,speech_chair
will,emphasize,3,1.82,1.64,0.36180767137832287,0.44,1.14,speech_chair
will,give,3,1.82,1.64,0.36180767137832287,0.44,1.14,speech_chair
will,try,3,1.82,1.64,0.36180767137832287,0.44,1.14,speech_chair
will,achieve,6,4.38,1.37,0.3737052668687664,0.43,0.91,speech_chair
will,promote,4,2.92,1.37,0.4737857977368971,0.32,0.61,speech_chair
will,consider,9,7.3,1.23,0.4866313775396156,0.31,0.61,speech_chair
will,prove,6,5.11,1.17,0.5921794660562497,0.23,0.24,speech_chair
will,benefit,7,5.84,1.2,0.6057314935230818,0.22,0.36,speech_chair
will,require,15,13.14,1.14,0.601881453708796,0.22,0.41,speech_chair
will,be+sufficient,3,2.19,1.37,0.67478995684954,0.17,0.46,speech_chair
will,come,10,8.76,1.14,0.6714692535353284,0.17,0.27,speech_chair
will,expand,3,2.19,1.37,0.67478995684954,0.17,0.46,speech_chair
will,spend,3,2.19,1.37,0.67478995684954,0.17,0.46,speech_chair
will,deliver,3,2.55,1.17,0.710901800865309,0.15,0.12,speech_chair
will,end,3,2.55,1.17,0.710901800865309,0.15,0.12,speech_chair
will,pay,3,2.55,1.17,0.710901800865309,0.15,0.12,speech_chair
will,tell,3,2.55,1.17,0.710901800865309,0.15,0.12,speech_chair
will,want,3,2.55,1.17,0.710901800865309,0.15,0.12,speech_chair
will,learn,4,3.28,1.22,0.7318482425670254,0.14,0.24,speech_chair
will,be+able,6,5.47,1.1,0.7921746033980792,0.1,0.08,speech_chair
will,support,7,6.2,1.13,0.801396591043308,0.1,0.16,speech_chair
will,ask,3,3.28,0.91,1.0,0.0,0.04,speech_chair
will,be+effective,3,3.28,0.91,1.0,0.0,0.04,speech_chair
will,become,6,5.84,1.03,1.0,-0.0,0.01,speech_chair
will,bring,5,5.11,0.98,1.0,0.0,0.0,speech_chair
will,face,5,5.11,0.98,1.0,0.0,0.0,speech_chair
will,fall,4,3.65,1.1,1.0,-0.0,0.05,speech_chair
will,leave,4,3.65,1.1,1.0,-0.0,0.05,speech_chair
will,look,5,5.47,0.91,1.0,0.0,0.07,speech_chair
will,make,14,13.87,1.01,1.0,-0.0,0.0,speech_chair
will,occur,4,3.65,1.1,1.0,-0.0,0.05,speech_chair
will,put,5,5.11,0.98,1.0,0.0,0.0,speech_chair
will,result,4,4.38,0.91,1.0,0.0,0.05,speech_chair
will,rise,8,7.66,1.04,1.0,-0.0,0.02,speech_chair
will,tend,4,4.38,0.91,1.0,0.0,0.05,speech_chair
will,change,6,6.93,0.87,0.8125204475560863,-0.09,0.2,speech_chair
will,allow,4,4.74,0.84,0.7791473745702019,-0.11,0.19,speech_chair
will,say,4,5.11,0.78,0.7818089910243539,-0.11,0.4,speech_chair
will,decline,3,4.01,0.75,0.7557424637573472,-0.12,0.42,speech_chair
will,know,3,4.01,0.75,0.7557424637573472,-0.12,0.42,speech_chair
will,go,3,4.38,0.68,0.5533806045487968,-0.26,0.73,speech_chair
will,work,3,4.38,0.68,0.5533806045487968,-0.26,0.73,speech_chair
will,have,20,22.99,0.87,0.5091029604117152,-0.29,0.64,speech_chair
will,provide,6,7.66,0.78,0.5044429340160458,-0.3,0.59,speech_chair
will,warrant,4,5.84,0.68,0.4397121604168135,-0.36,0.97,speech_chair
will,play,4,6.2,0.64,0.32085412820176884,-0.49,1.33,speech_chair
will,note,3,5.11,0.59,0.2808441846842031,-0.55,1.5,speech_chair
will,help,21,27.37,0.77,0.14498868039693716,-0.84,2.49,speech_chair
will,be,3,6.2,0.48,0.13193507117055897,-0.88,2.93,speech_chair
will,do,14,20.44,0.68,0.09189766951666228,-1.04,3.44,speech_chair
will,hold,3,6.57,0.46,0.08958467597422543,-1.05,3.47,speech_chair
will,improve,3,6.57,0.46,0.08958467597422543,-1.05,3.47,speech_chair
will,affect,4,8.39,0.48,0.07961120560792709,-1.1,4.09,speech_chair
will,see,4,8.76,0.46,0.053733208406334027,-1.27,4.63,speech_chair
will,reflect,3,7.66,0.39,0.039345482832079455,-1.41,5.2,speech_chair
will,find,3,8.03,0.37,0.025864074646511703,-1.59,5.81,speech_chair
will,use,4,12.41,0.32,0.0019327526182554393,-2.71,10.77,speech_chair
would,like,54,9.66,5.59,5.1924052860498666e-42,41.28,190.2,speech_chair
would,expect,15,3.58,4.19,3.346722284794719e-08,7.48,31.39,speech_chair
would,prefer,6,1.07,5.59,3.2078614210043964e-05,4.49,20.7,speech_chair
would,be+consistent,7,1.43,4.89,3.8461270147936054e-05,4.41,18.53,speech_chair
would,signal,5,1.07,4.66,0.0009232767343411953,3.03,12.23,speech_chair
would,be+expansionary,3,0.54,5.59,0.005700629535673973,2.24,10.34,speech_chair
would,imply,3,0.54,5.59,0.005700629535673973,2.24,10.34,speech_chair
would,increase,6,1.97,3.05,0.006540165958135025,2.18,7.5,speech_chair
would,risk,6,1.97,3.05,0.006540165958135025,2.18,7.5,speech_chair
would,suggest,4,1.07,3.73,0.011217476461163674,1.95,6.94,speech_chair
would,tend,6,2.15,2.79,0.011128937005209253,1.95,6.41,speech_chair
would,lose,3,0.72,4.19,0.019756244234570113,1.7,6.23,speech_chair
would,be+higher,3,0.89,3.35,0.04285859562150224,1.37,4.39,speech_chair
would,be+necessary,3,0.89,3.35,0.04285859562150224,1.37,4.39,speech_chair
would,agree,3,1.07,2.79,0.07449971478184084,1.13,3.2,speech_chair
would,create,3,1.07,2.79,0.07449971478184084,1.13,3.2,speech_chair
would,mean,3,1.07,2.79,0.07449971478184084,1.13,3.2,speech_chair
would,shift,3,1.07,2.79,0.07449971478184084,1.13,3.2,speech_chair
would,spend,3,1.07,2.79,0.07449971478184084,1.13,3.2,speech_chair
would,fall,4,1.79,2.24,0.0863832580562277,1.06,2.68,speech_chair
would,note,5,2.5,2.0,0.08830599346939079,1.05,2.52,speech_chair
would,add,3,1.25,2.4,0.11349934882979644,0.95,2.35,speech_chair
would,slow,3,1.25,2.4,0.11349934882979644,0.95,2.35,speech_chair
would,be+appropriate,11,7.33,1.5,0.14902987094645154,0.83,2.03,speech_chair
would,be+able,5,2.68,1.86,0.16543743747808254,0.78,2.07,speech_chair
would,benefit,5,2.86,1.75,0.1847415745638308,0.73,1.68,speech_chair
would,be,5,3.04,1.64,0.2084465712098152,0.68,1.35,speech_chair
would,have,15,11.27,1.33,0.24320265512815153,0.61,1.42,speech_chair
would,result,4,2.15,1.86,0.24567740644992433,0.61,1.65,speech_chair
would,rise,6,3.76,1.6,0.24646198271343822,0.61,1.45,speech_chair
would,push,4,2.33,1.72,0.26712415995834154,0.57,1.27,speech_chair
would,face,4,2.5,1.6,0.2941862641777911,0.53,0.96,speech_chair
would,remain,8,5.9,1.36,0.35903641380948853,0.44,0.85,speech_chair
would,consider,5,3.58,1.4,0.3831612644174971,0.42,0.63,speech_chair
would,decline,3,1.97,1.52,0.42668012480788214,0.37,0.59,speech_chair
would,respond,3,1.97,1.52,0.42668012480788214,0.37,0.59,speech_chair
would,require,8,6.44,1.24,0.5106642967520897,0.29,0.44,speech_chair
would,warrant,4,2.86,1.4,0.5086250359179801,0.29,0.51,speech_chair
would,move,7,5.9,1.19,0.6467318678748302,0.19,0.24,speech_chair
would,allow,3,2.33,1.29,0.7139685634411423,0.15,0.22,speech_chair
would,pose,3,2.33,1.29,0.7139685634411423,0.15,0.22,speech_chair
would,keep,3,2.5,1.2,0.7260285095907246,0.14,0.11,speech_chair
would,return,3,2.5,1.2,0.7260285095907246,0.14,0.11,speech_chair
would,depend,4,3.58,1.12,0.7706439725247934,0.11,0.06,speech_chair
would,need,10,9.66,1.04,0.8586303245238833,0.07,0.01,speech_chair
would,become,3,2.86,1.05,1.0,-0.0,0.01,speech_chair
would,begin,3,3.58,0.84,1.0,0.0,0.12,speech_chair
would,make,6,6.8,0.88,1.0,0.0,0.12,speech_chair
would,lead,4,4.83,0.83,0.8056107773535437,-0.09,0.18,speech_chair
would,do,7,10.02,0.7,0.37863140998939604,-0.42,1.23,speech_chair
would,take,5,10.02,0.5,0.08006097451216801,-1.1,3.67,speech_chair
would,help,6,13.42,0.45,0.021571359297822758,-1.67,6.16,speech_chair
would,continue,8,18.61,0.43,0.003964087604429178,-2.4,9.22,speech_chair
could,impede,46,2.99,15.4,8.315727493037663e-70,69.08,320.55,statement
could,pose,4,0.26,15.4,1.5846433436964838e-05,4.8,22.18,statement
may,warrant,15,1.23,12.22,3.1520192869912025e-15,14.5,63.61,statement
may,be+appropriate,10,1.86,5.38,3.501928026461037e-06,5.46,21.82,statement
should,help,21,0.94,22.27,1.2510723762175385e-31,30.9,141.34,statement
should,promote,6,0.26,23.33,3.9015667572317e-09,8.41,38.92,statement
should,maintain,6,0.34,17.5,1.0272417292981783e-07,6.99,30.06,statement
will,take,123,96.96,1.27,1.7617699666926968e-14,13.75,64.53,statement
will,continue,125,100.12,1.25,4.229100809933058e-12,11.37,50.64,statement
will,assess,72,56.76,1.27,2.328973719317629e-08,7.63,36.2,statement
will,expand,34,26.8,1.27,0.00037922595293036327,3.42,16.59,statement
will,monitor,32,25.23,1.27,0.0006204170248685718,3.21,15.59,statement
will,depend,28,22.07,1.27,0.0016538963074137678,2.78,13.6,statement
will,evolve,20,15.77,1.27,0.011598916465421218,1.94,9.66,statement
will,add,12,9.46,1.27,0.08070611367822933,1.09,5.76,statement
will,strengthen,12,9.46,1.27,0.08070611367822933,1.09,5.76,statement
will,aim,10,7.88,1.27,0.13132065177967303,0.88,4.79,statement
will,move,10,7.88,1.27,0.13132065177967303,0.88,4.79,statement
will,remain,11,8.67,1.27,0.13286150791411244,0.88,5.28,statement
will,increase,9,7.09,1.27,0.2167147421702539,0.66,4.31,statement
will,be+consistent,5,3.94,1.27,0.5899764337485567,0.23,2.39,statement
will,use,5,3.94,1.27,0.5899764337485567,0.23,2.39,statement
will,weigh,4,3.15,1.27,0.584002580465423,0.23,1.91,statement
will,be+appropriate,43,41.78,1.03,0.8615724623721208,0.06,0.19,statement
will,act,3,2.36,1.27,1.0,-0.0,1.43,statement
will,reduce,5,4.73,1.06,1.0,-0.0,0.08,statement
will,be+patient,3,3.94,0.76,0.2866093043625193,-0.54,0.91,statement
will,warrant,20,27.59,0.72,0.002714367818222725,-2.57,8.77,statement
would,be+prepared,46,2.93,15.71,6.652581994430124e-71,70.18,325.86,statement
