level,key,unit,period,macro,n_tokens,zero_share,n,r,p_r,rho,p_rho,q_rho,eligible,unit_level
genre,minutes,ALL,T1,cfnai,5589,0.0,99,-0.0389,0.702,0.0789,0.4378,0.8757,True,modal
genre,minutes,ALL,T1,vix,5589,0.0,99,0.1012,0.3189,0.0665,0.5132,0.5425,True,modal
genre,minutes,ALL,T2,cfnai,5004,0.0,91,0.1239,0.242,0.1532,0.1472,0.4417,True,modal
genre,minutes,ALL,T2,vix,5004,0.0,91,-0.0321,0.7623,-0.0079,0.9406,0.9406,True,modal
genre,minutes,ALL,T3,cfnai,6954,0.0,131,-0.028,0.7509,0.0851,0.334,0.8435,True,modal
genre,minutes,ALL,T3,vix,6954,0.0,131,-0.0193,0.827,-0.0649,0.4615,0.5034,True,modal
genre,minutes,ALL,H1,cfnai,2846,0.0,48,0.183,0.213,0.2179,0.1368,0.5642,True,modal
genre,minutes,ALL,H1,vix,2846,0.0,48,0.1711,0.2449,0.2154,0.1415,0.3397,True,modal
genre,minutes,ALL,H2,cfnai,2158,0.0,43,0.1073,0.4933,0.0463,0.7681,0.7681,True,modal
genre,minutes,ALL,H2,vix,2158,0.0,43,-0.0384,0.807,-0.0222,0.8876,0.9398,True,modal
genre,minutes,can,T1,cfnai,39,0.727,99,-0.2026,0.0443,0.0124,0.9029,0.9054,False,modal
genre,minutes,can,T1,vix,39,0.727,99,0.0659,0.5169,0.1331,0.189,0.2268,False,modal
genre,minutes,can,T2,cfnai,34,0.736,91,0.025,0.8143,0.11,0.2994,0.5358,False,modal
genre,minutes,can,T2,vix,34,0.736,91,0.0477,0.6537,0.1523,0.1495,0.2242,False,modal
genre,minutes,can,T3,cfnai,46,0.748,131,-0.183,0.0364,0.0548,0.5338,0.8435,False,modal
genre,minutes,can,T3,vix,46,0.748,131,0.0473,0.5914,0.0958,0.2766,0.3533,False,modal
genre,minutes,can,H1,cfnai,22,0.729,48,-0.0972,0.5109,0.03,0.8393,0.9225,False,modal
genre,minutes,can,H1,vix,22,0.729,48,0.0387,0.7937,0.1748,0.2348,0.4696,False,modal
genre,minutes,can,H2,cfnai,12,0.744,43,0.1583,0.3108,0.1972,0.2049,0.3277,False,modal
genre,minutes,can,H2,vix,12,0.744,43,0.211,0.1743,0.2864,0.0626,0.1377,False,modal
genre,minutes,could,T1,cfnai,1511,0.0,99,0.0243,0.8115,-0.0805,0.4281,0.8757,True,modal
genre,minutes,could,T1,vix,1511,0.0,99,0.1459,0.1497,0.2192,0.0293,0.0703,True,modal
genre,minutes,could,T2,cfnai,1340,0.0,91,-0.0819,0.44,-0.0976,0.3572,0.5358,True,modal
genre,minutes,could,T2,vix,1340,0.0,91,0.1571,0.1369,0.2254,0.0317,0.0761,True,modal
genre,minutes,could,T3,cfnai,1840,0.0,131,0.0187,0.8322,-0.049,0.5786,0.8435,True,modal
genre,minutes,could,T3,vix,1840,0.0,131,0.1041,0.2366,0.0923,0.2944,0.3533,True,modal
genre,minutes,could,H1,cfnai,722,0.0,48,-0.0823,0.578,-0.0614,0.6783,0.9045,True,modal
genre,minutes,could,H1,vix,722,0.0,48,0.2838,0.0506,0.3406,0.0178,0.0713,True,modal
genre,minutes,could,H2,cfnai,618,0.0,43,-0.1021,0.5148,-0.0871,0.5786,0.6589,True,modal
genre,minutes,could,H2,vix,618,0.0,43,-0.0618,0.694,-0.043,0.7841,0.9398,True,modal
genre,minutes,may,T1,cfnai,314,0.101,99,-0.0404,0.6913,-0.0921,0.3646,0.8757,True,modal
genre,minutes,may,T1,vix,314,0.101,99,-0.1852,0.0664,-0.232,0.0208,0.0625,True,modal
genre,minutes,may,T2,cfnai,295,0.088,91,-0.0558,0.5994,-0.0308,0.7722,0.7928,True,modal
genre,minutes,may,T2,vix,295,0.088,91,-0.2062,0.0498,-0.176,0.0951,0.1902,True,modal
genre,minutes,may,T3,cfnai,368,0.153,131,-0.0299,0.7347,-0.0305,0.7294,0.8753,True,modal
genre,minutes,may,T3,vix,368,0.153,131,-0.2608,0.0026,-0.3287,0.0001,0.0008,True,modal
genre,minutes,may,H1,cfnai,164,0.062,48,0.1835,0.2119,0.1921,0.191,0.5642,True,modal
genre,minutes,may,H1,vix,164,0.062,48,0.193,0.1888,0.1579,0.2839,0.4867,True,modal
genre,minutes,may,H2,cfnai,131,0.116,43,-0.1629,0.2966,-0.168,0.2816,0.3871,True,modal
genre,minutes,may,H2,vix,131,0.116,43,-0.4909,0.0008,-0.5584,0.0001,0.0011,True,modal
genre,minutes,should,T1,cfnai,324,0.091,99,0.0267,0.7934,0.0122,0.9044,0.9054,True,modal
genre,minutes,should,T1,vix,324,0.091,99,-0.1833,0.0693,-0.1401,0.1665,0.222,True,modal
genre,minutes,should,T2,cfnai,300,0.088,91,0.0888,0.4024,0.0638,0.5478,0.6574,True,modal
genre,minutes,should,T2,vix,300,0.088,91,-0.1712,0.1047,-0.0928,0.3817,0.5089,True,modal
genre,minutes,should,T3,cfnai,399,0.137,131,0.0257,0.771,0.0422,0.6326,0.8435,True,modal
genre,minutes,should,T3,vix,399,0.137,131,-0.1967,0.0243,-0.1683,0.0547,0.0938,True,modal
genre,minutes,should,H1,cfnai,184,0.062,48,0.0897,0.5443,-0.0057,0.9693,0.9693,True,modal
genre,minutes,should,H1,vix,184,0.062,48,-0.0148,0.9203,0.0873,0.5552,0.7194,True,modal
genre,minutes,should,H2,cfnai,116,0.116,43,0.1151,0.4625,0.0825,0.599,0.6589,True,modal
genre,minutes,should,H2,vix,116,0.116,43,-0.1871,0.2295,-0.1783,0.2526,0.3969,True,modal
genre,minutes,will,T1,cfnai,167,0.374,99,0.0357,0.7259,-0.0908,0.3715,0.8757,True,modal
genre,minutes,will,T1,vix,167,0.374,99,-0.1815,0.0721,-0.172,0.0887,0.1521,True,modal
genre,minutes,will,T2,cfnai,156,0.363,91,-0.0595,0.5756,-0.1303,0.2182,0.5236,True,modal
genre,minutes,will,T2,vix,156,0.363,91,-0.1615,0.1261,-0.1566,0.1383,0.2242,True,modal
genre,minutes,will,T3,cfnai,217,0.374,131,0.0287,0.7452,-0.0739,0.4014,0.8435,True,modal
genre,minutes,will,T3,vix,217,0.374,131,-0.1829,0.0365,-0.1836,0.0358,0.0716,True,modal
genre,minutes,will,H1,cfnai,108,0.271,48,0.0536,0.7175,0.0289,0.8456,0.9225,True,modal
genre,minutes,will,H1,vix,108,0.271,48,-0.0361,0.8074,0.0777,0.5995,0.7194,True,modal
genre,minutes,will,H2,cfnai,48,0.465,43,-0.218,0.1602,-0.2271,0.143,0.3277,True,modal
genre,minutes,will,H2,vix,48,0.465,43,-0.1808,0.246,-0.2883,0.0609,0.1377,True,modal
genre,minutes,would,T1,cfnai,3234,0.0,99,-0.0577,0.5705,0.2092,0.0377,0.452,True,modal
genre,minutes,would,T1,vix,3234,0.0,99,0.1989,0.0484,0.1451,0.1518,0.222,True,modal
genre,minutes,would,T2,cfnai,2879,0.0,91,0.2404,0.0217,0.2923,0.0049,0.0591,True,modal
genre,minutes,would,T2,vix,2879,0.0,91,0.0176,0.8681,0.0307,0.7724,0.8426,True,modal
genre,minutes,would,T3,cfnai,4084,0.0,131,-0.0465,0.5978,0.1745,0.0462,0.554,True,modal
genre,minutes,would,T3,vix,4084,0.0,131,0.0874,0.3207,0.0427,0.6281,0.6281,True,modal
genre,minutes,would,H1,cfnai,1646,0.0,48,0.2846,0.0499,0.2553,0.08,0.5642,True,modal
genre,minutes,would,H1,vix,1646,0.0,48,-0.0642,0.6647,-0.025,0.8662,0.8662,True,modal
genre,minutes,would,H2,cfnai,1233,0.0,43,0.2409,0.1197,0.2097,0.1771,0.3277,True,modal
genre,minutes,would,H2,vix,1233,0.0,43,0.246,0.1118,0.2714,0.0784,0.1437,True,modal
genre,statement,ALL,T1,cfnai,770,0.0,101,-0.0573,0.569,-0.1242,0.2158,0.8757,True,modal
genre,statement,ALL,T1,vix,770,0.0,101,0.0086,0.9323,0.0613,0.5425,0.5425,True,modal
genre,statement,ALL,T2,cfnai,697,0.0,91,-0.1355,0.2004,-0.1783,0.0909,0.4417,True,modal
genre,statement,ALL,T2,vix,697,0.0,91,0.0699,0.5105,0.0449,0.6729,0.8074,True,modal
genre,statement,ALL,T3,cfnai,1007,0.0,133,-0.0555,0.5259,-0.0964,0.2697,0.8435,True,modal
genre,statement,ALL,T3,vix,1007,0.0,133,-0.1174,0.1785,-0.1156,0.185,0.2775,True,modal
genre,statement,ALL,H1,cfnai,397,0.0,48,0.1574,0.2852,0.1747,0.2351,0.5642,True,modal
genre,statement,ALL,H1,vix,397,0.0,48,-0.2815,0.0526,-0.4048,0.0043,0.0259,True,modal
genre,statement,ALL,H2,cfnai,300,0.0,43,-0.5054,0.0005,-0.5183,0.0004,0.0041,True,modal
genre,statement,ALL,H2,vix,300,0.0,43,-0.4212,0.0049,-0.4722,0.0014,0.0076,True,modal
genre,statement,could,T1,cfnai,50,0.505,101,0.1416,0.1578,-0.0624,0.535,0.9054,True,modal
genre,statement,could,T1,vix,50,0.505,101,0.1793,0.0727,0.3319,0.0007,0.0028,True,modal
genre,statement,could,T2,cfnai,47,0.484,91,-0.079,0.4567,-0.1674,0.1127,0.4417,True,modal
genre,statement,could,T2,vix,47,0.484,91,0.4576,0.0,0.451,0.0,0.0,True,modal
genre,statement,could,T3,cfnai,55,0.594,133,0.1259,0.1488,-0.0171,0.8452,0.9095,True,modal
genre,statement,could,T3,vix,55,0.594,133,0.093,0.2871,0.1823,0.0357,0.0716,True,modal
genre,statement,could,H1,cfnai,4,0.917,48,0.1142,0.4395,0.0935,0.5272,0.8435,False,modal
genre,statement,could,H1,vix,4,0.917,48,-0.1163,0.4312,-0.0829,0.5755,0.7194,False,modal
genre,statement,could,H2,cfnai,43,0.0,43,-0.6024,0.0,-0.4384,0.0033,0.018,True,modal
genre,statement,could,H2,vix,43,0.0,43,0.0006,0.9969,-0.0119,0.9398,0.9398,True,modal
genre,statement,should,T1,cfnai,33,0.733,101,0.0254,0.8009,-0.012,0.9054,0.9054,False,modal
genre,statement,should,T1,vix,33,0.733,101,-0.2908,0.0032,-0.3372,0.0006,0.0028,False,modal
genre,statement,should,T2,cfnai,33,0.703,91,-0.0694,0.5132,-0.0279,0.7928,0.7928,False,modal
genre,statement,should,T2,vix,33,0.703,91,-0.2741,0.0086,-0.3054,0.0032,0.0097,False,modal
genre,statement,should,T3,cfnai,49,0.699,133,0.0124,0.887,-0.0608,0.4869,0.8435,False,modal
genre,statement,should,T3,vix,49,0.699,133,-0.2949,0.0006,-0.3634,0.0,0.0002,False,modal
genre,statement,should,H1,cfnai,33,0.438,48,-0.1058,0.4741,-0.0857,0.5624,0.8435,False,modal
genre,statement,should,H1,vix,33,0.438,48,0.053,0.7205,-0.0589,0.6911,0.7539,False,modal
genre,statement,should,H2,cfnai,0,1.0,43,,,,,,False,modal
genre,statement,should,H2,vix,0,1.0,43,,,,,,False,modal
genre,statement,will,T1,cfnai,607,0.0,101,-0.2325,0.0193,-0.0492,0.6252,0.9054,True,modal
genre,statement,will,T1,vix,607,0.0,101,-0.0981,0.3289,-0.1864,0.062,0.124,True,modal
genre,statement,will,T2,cfnai,543,0.0,91,-0.0669,0.5284,-0.0701,0.509,0.6574,True,modal
genre,statement,will,T2,vix,543,0.0,91,-0.296,0.0044,-0.3391,0.001,0.004,True,modal
genre,statement,will,T3,cfnai,820,0.0,133,-0.2045,0.0182,-0.0504,0.5647,0.8435,True,modal
genre,statement,will,T3,vix,820,0.0,133,-0.1674,0.0541,-0.2593,0.0026,0.0103,True,modal
genre,statement,will,H1,cfnai,339,0.0,48,0.1965,0.1807,0.1789,0.2237,0.5642,True,modal
genre,statement,will,H1,vix,339,0.0,48,-0.3656,0.0106,-0.4435,0.0016,0.0191,True,modal
genre,statement,will,H2,cfnai,204,0.0,43,-0.3503,0.0213,-0.3314,0.03,0.1099,True,modal
genre,statement,will,H2,vix,204,0.0,43,-0.3664,0.0157,-0.4157,0.0056,0.0204,True,modal
genre,statement,would,T1,cfnai,49,0.535,101,0.1529,0.1269,-0.0183,0.8561,0.9054,True,modal
genre,statement,would,T1,vix,49,0.535,101,0.1784,0.0742,0.3382,0.0005,0.0028,True,modal
genre,statement,would,T2,cfnai,46,0.516,91,0.0094,0.9296,-0.1064,0.3153,0.5358,True,modal
genre,statement,would,T2,vix,46,0.516,91,0.45,0.0,0.4553,0.0,0.0,True,modal
genre,statement,would,T3,cfnai,51,0.632,133,0.1323,0.129,-0.01,0.9095,0.9095,False,modal
genre,statement,would,T3,vix,51,0.632,133,0.1056,0.2263,0.2206,0.0107,0.0322,False,modal
genre,statement,would,H1,cfnai,1,0.979,48,0.0999,0.4994,0.1212,0.412,0.8241,False,modal
genre,statement,would,H1,vix,1,0.979,48,-0.1672,0.256,-0.2158,0.1406,0.3397,False,modal
genre,statement,would,H2,cfnai,45,0.0,43,-0.1764,0.2577,-0.1957,0.2085,0.3277,True,modal
genre,statement,would,H2,vix,45,0.0,43,-0.0524,0.7388,-0.0475,0.7622,0.9398,True,modal
layer,min_committee,ALL,T1,cfnai,958,0.0,99,-0.0474,0.6416,0.0094,0.9261,0.9581,True,modal
layer,min_committee,ALL,T1,vix,958,0.0,99,0.1015,0.3176,0.1217,0.2303,0.3364,True,modal
layer,min_committee,ALL,T2,cfnai,886,0.0,91,-0.0122,0.9087,-0.0193,0.8556,0.9506,True,modal
layer,min_committee,ALL,T2,vix,886,0.0,91,0.07,0.5098,0.0982,0.3542,0.5976,True,modal
layer,min_committee,ALL,T3,cfnai,1254,0.0,131,-0.018,0.8386,0.1014,0.2492,0.6743,True,modal
layer,min_committee,ALL,T3,vix,1254,0.0,131,0.0817,0.3536,0.0972,0.2695,0.3815,True,modal
layer,min_committee,ALL,H1,cfnai,534,0.0,48,0.1202,0.4158,0.1794,0.2223,0.4198,True,modal
layer,min_committee,ALL,H1,vix,534,0.0,48,-0.124,0.401,-0.1138,0.4414,0.8358,True,modal
layer,min_committee,ALL,H2,cfnai,352,0.0,43,-0.2005,0.1973,-0.2228,0.1509,0.4025,True,modal
layer,min_committee,ALL,H2,vix,352,0.0,43,-0.2227,0.1512,-0.18,0.2482,0.4582,True,modal
layer,min_committee,could,T1,cfnai,83,0.293,99,0.1048,0.3018,-0.2509,0.0122,0.1836,True,modal
layer,min_committee,could,T1,vix,83,0.293,99,0.1305,0.198,0.2454,0.0144,0.058,True,modal
layer,min_committee,could,T2,cfnai,79,0.275,91,-0.2739,0.0086,-0.3701,0.0003,0.0092,True,modal
layer,min_committee,could,T2,vix,79,0.275,91,0.3032,0.0035,0.3368,0.0011,0.0066,True,modal
layer,min_committee,could,T3,cfnai,130,0.282,131,0.0942,0.2848,-0.1302,0.1383,0.4611,True,modal
layer,min_committee,could,T3,vix,130,0.282,131,0.2199,0.0116,0.255,0.0033,0.0123,True,modal
layer,min_committee,could,H1,cfnai,35,0.521,48,-0.3045,0.0353,-0.415,0.0034,0.0839,False,modal
layer,min_committee,could,H1,vix,35,0.521,48,0.0651,0.6604,0.19,0.1959,0.5796,False,modal
layer,min_committee,could,H2,cfnai,44,0.0,43,-0.6888,0.0,-0.5479,0.0001,0.0034,True,modal
layer,min_committee,could,H2,vix,44,0.0,43,-0.0958,0.5411,-0.1201,0.4431,0.6096,True,modal
layer,min_committee,should,T1,cfnai,85,0.455,99,0.0622,0.5407,-0.136,0.1794,0.6125,True,modal
layer,min_committee,should,T1,vix,85,0.455,99,-0.1307,0.1972,-0.0218,0.8306,0.89,True,modal
layer,min_committee,should,T2,cfnai,84,0.418,91,-0.11,0.2993,-0.1872,0.0755,0.3454,True,modal
layer,min_committee,should,T2,vix,84,0.418,91,-0.0095,0.9284,0.0868,0.4135,0.6215,True,modal
layer,min_committee,should,T3,cfnai,107,0.496,131,0.0588,0.5045,-0.075,0.3944,0.8451,True,modal
layer,min_committee,should,T3,vix,107,0.496,131,-0.1503,0.0865,-0.0791,0.369,0.4814,True,modal
layer,min_committee,should,H1,cfnai,49,0.417,48,-0.1531,0.2988,-0.2765,0.0571,0.3188,True,modal
layer,min_committee,should,H1,vix,49,0.417,48,0.1175,0.4264,0.1848,0.2087,0.5796,True,modal
layer,min_committee,should,H2,cfnai,35,0.419,43,-0.0976,0.5336,-0.1158,0.4595,0.6487,False,modal
layer,min_committee,should,H2,vix,35,0.419,43,-0.2356,0.1282,-0.1432,0.3595,0.5393,False,modal
layer,min_committee,will,T1,cfnai,37,0.778,99,0.043,0.6727,-0.1594,0.115,0.5751,False,modal
layer,min_committee,will,T1,vix,37,0.778,99,-0.0598,0.5563,-0.0034,0.9734,0.98,False,modal
layer,min_committee,will,T2,cfnai,35,0.769,91,-0.2151,0.0406,-0.2325,0.0266,0.1806,False,modal
layer,min_committee,will,T2,vix,35,0.769,91,-0.0206,0.8467,0.0203,0.8488,0.8849,False,modal
layer,min_committee,will,T3,cfnai,62,0.718,131,0.0317,0.7193,-0.1538,0.0795,0.3975,False,modal
layer,min_committee,will,T3,vix,62,0.718,131,-0.0405,0.646,-0.0109,0.9018,0.9018,False,modal
layer,min_committee,will,H1,cfnai,20,0.75,48,-0.218,0.1366,-0.2468,0.0908,0.3188,False,modal
layer,min_committee,will,H1,vix,20,0.75,48,0.1163,0.4312,0.2103,0.1513,0.5796,False,modal
layer,min_committee,will,H2,cfnai,15,0.791,43,-0.2246,0.1475,-0.2269,0.1434,0.4025,False,modal
layer,min_committee,will,H2,vix,15,0.791,43,-0.1804,0.2471,-0.1506,0.3349,0.5358,False,modal
layer,min_committee,would,T1,cfnai,719,0.0,99,-0.1311,0.1959,0.2568,0.0103,0.1836,True,modal
layer,min_committee,would,T1,vix,719,0.0,99,0.1841,0.0682,0.1155,0.2549,0.3475,True,modal
layer,min_committee,would,T2,cfnai,654,0.0,91,0.2716,0.0092,0.3039,0.0034,0.0512,True,modal
layer,min_committee,would,T2,vix,654,0.0,91,0.0071,0.9466,-0.0194,0.8554,0.8849,True,modal
layer,min_committee,would,T3,cfnai,918,0.008,131,-0.0939,0.2861,0.2704,0.0018,0.0535,True,modal
layer,min_committee,would,T3,vix,918,0.008,131,0.1199,0.1725,0.0951,0.2797,0.3815,True,modal
layer,min_committee,would,H1,cfnai,407,0.0,48,0.3306,0.0217,0.3273,0.0232,0.2897,True,modal
layer,min_committee,would,H1,vix,407,0.0,48,-0.2642,0.0696,-0.3114,0.0312,0.2598,True,modal
layer,min_committee,would,H2,cfnai,247,0.0,43,0.2661,0.0846,0.2778,0.0713,0.2775,True,modal
layer,min_committee,would,H2,vix,247,0.0,43,0.2613,0.0905,0.2775,0.0716,0.2149,True,modal
layer,min_participants,ALL,T1,cfnai,2756,0.0,99,-0.1318,0.1934,-0.0905,0.373,0.8841,True,modal
layer,min_participants,ALL,T1,vix,2756,0.0,99,0.2628,0.0086,0.1436,0.1562,0.2999,True,modal
layer,min_participants,ALL,T2,cfnai,2444,0.0,91,0.0339,0.7497,-0.0054,0.9595,0.9787,True,modal
layer,min_participants,ALL,T2,vix,2444,0.0,91,0.0495,0.6412,0.0637,0.5486,0.6857,True,modal
layer,min_participants,ALL,T3,cfnai,3359,0.0,131,-0.1152,0.1902,-0.0691,0.4331,0.847,True,modal
layer,min_participants,ALL,T3,vix,3359,0.0,131,0.0834,0.3436,0.0249,0.7773,0.8826,True,modal
layer,min_participants,ALL,H1,cfnai,1264,0.0,48,0.0642,0.6649,0.098,0.5074,0.5731,True,modal
layer,min_participants,ALL,H1,vix,1264,0.0,48,-0.0271,0.855,-0.0086,0.9539,0.9539,True,modal
layer,min_participants,ALL,H2,cfnai,1180,0.0,43,0.0008,0.9958,-0.0736,0.6391,0.7304,True,modal
layer,min_participants,ALL,H2,vix,1180,0.0,43,-0.0588,0.7082,-0.0453,0.773,0.8834,True,modal
layer,min_participants,could,T1,cfnai,875,0.0,99,0.0547,0.5905,-0.1749,0.0834,0.5002,True,modal
layer,min_participants,could,T1,vix,875,0.0,99,0.1699,0.0926,0.1243,0.2204,0.3364,True,modal
layer,min_participants,could,T2,cfnai,776,0.0,91,-0.1261,0.2336,-0.2275,0.0301,0.1806,True,modal
layer,min_participants,could,T2,vix,776,0.0,91,0.0915,0.3882,0.0753,0.4782,0.6237,True,modal
layer,min_participants,could,T3,cfnai,1060,0.0,131,0.0395,0.6539,-0.1741,0.0468,0.3458,True,modal
layer,min_participants,could,T3,vix,1060,0.0,131,0.1084,0.2178,0.0585,0.5069,0.6082,True,modal
layer,min_participants,could,H1,cfnai,382,0.0,48,-0.2507,0.0856,-0.1824,0.2146,0.4198,True,modal
layer,min_participants,could,H1,vix,382,0.0,48,0.0251,0.8654,0.0583,0.6939,0.8358,True,modal
layer,min_participants,could,H2,cfnai,394,0.0,43,-0.0836,0.5943,-0.1876,0.2284,0.4567,True,modal
layer,min_participants,could,H2,vix,394,0.0,43,-0.065,0.6787,-0.1164,0.4572,0.6096,True,modal
layer,min_participants,may,T1,cfnai,157,0.323,99,0.0069,0.9459,-0.0308,0.7621,0.9581,True,modal
layer,min_participants,may,T1,vix,157,0.323,99,-0.037,0.7159,-0.1203,0.2355,0.3364,True,modal
layer,min_participants,may,T2,cfnai,147,0.297,91,-0.0394,0.7105,-0.0028,0.9787,0.9787,True,modal
layer,min_participants,may,T2,vix,147,0.297,91,-0.1258,0.2347,-0.0828,0.4351,0.6215,True,modal
layer,min_participants,may,T3,cfnai,182,0.389,131,0.015,0.8653,0.0273,0.7573,0.9832,True,modal
layer,min_participants,may,T3,vix,182,0.389,131,-0.1238,0.1589,-0.2071,0.0176,0.0491,True,modal
layer,min_participants,may,H1,cfnai,69,0.333,48,0.2373,0.1043,0.1905,0.1946,0.4198,True,modal
layer,min_participants,may,H1,vix,69,0.333,48,0.15,0.3087,0.1128,0.4454,0.8358,True,modal
layer,min_participants,may,H2,cfnai,78,0.256,43,-0.1986,0.2016,-0.1408,0.3679,0.6219,True,modal
layer,min_participants,may,H2,vix,78,0.256,43,-0.4725,0.0014,-0.5373,0.0002,0.0049,True,modal
layer,min_participants,should,T1,cfnai,149,0.283,99,-0.0769,0.4494,0.0293,0.7734,0.9581,True,modal
layer,min_participants,should,T1,vix,149,0.283,99,-0.2067,0.0401,-0.2386,0.0174,0.058,True,modal
layer,min_participants,should,T2,cfnai,138,0.275,91,0.1185,0.2633,0.1466,0.1655,0.4138,True,modal
layer,min_participants,should,T2,vix,138,0.275,91,-0.2659,0.0108,-0.2437,0.0199,0.0664,True,modal
layer,min_participants,should,T3,cfnai,170,0.382,131,-0.0713,0.4185,0.0234,0.7911,0.9832,True,modal
layer,min_participants,should,T3,vix,170,0.382,131,-0.2427,0.0052,-0.2917,0.0007,0.0054,True,modal
layer,min_participants,should,H1,cfnai,88,0.167,48,0.121,0.4125,0.13,0.3784,0.5202,True,modal
layer,min_participants,should,H1,vix,88,0.167,48,-0.1777,0.2268,-0.0855,0.5636,0.8358,True,modal
layer,min_participants,should,H2,cfnai,50,0.395,43,0.1462,0.3497,0.1348,0.3889,0.6219,True,modal
layer,min_participants,should,H2,vix,50,0.395,43,-0.1995,0.1995,-0.1551,0.3206,0.5358,True,modal
layer,min_participants,would,T1,cfnai,1537,0.0,99,-0.1939,0.0545,0.0175,0.8637,0.9581,True,modal
layer,min_participants,would,T1,vix,1537,0.0,99,0.3016,0.0024,0.2402,0.0166,0.058,True,modal
layer,min_participants,would,T2,cfnai,1346,0.0,91,0.1213,0.2521,0.1307,0.2167,0.4567,True,modal
layer,min_participants,would,T2,vix,1346,0.0,91,0.1287,0.2239,0.1746,0.0978,0.2162,True,modal
layer,min_participants,would,T3,cfnai,1903,0.0,131,-0.1727,0.0485,0.0121,0.8908,0.9832,True,modal
layer,min_participants,would,T3,vix,1903,0.0,131,0.1622,0.0642,0.1452,0.0979,0.1957,True,modal
layer,min_participants,would,H1,cfnai,700,0.0,48,0.123,0.4051,0.1375,0.3513,0.5166,True,modal
layer,min_participants,would,H1,vix,700,0.0,48,-0.0661,0.6554,-0.0442,0.7656,0.8358,True,modal
layer,min_participants,would,H2,cfnai,646,0.0,43,0.1215,0.4378,0.036,0.8185,0.8185,True,modal
layer,min_participants,would,H2,vix,646,0.0,43,0.2432,0.1161,0.2821,0.0668,0.2149,True,modal
layer,min_special,ALL,T1,cfnai,783,0.0,40,0.0972,0.5508,0.1964,0.2246,0.6125,True,modal
layer,min_special,ALL,T1,vix,783,0.0,40,-0.0946,0.5614,-0.1612,0.3205,0.418,True,modal
layer,min_special,ALL,T2,cfnai,675,0.0,36,0.1272,0.4599,0.2103,0.2182,0.4567,True,modal
layer,min_special,ALL,T2,vix,675,0.0,36,-0.0877,0.6111,-0.139,0.4188,0.6215,True,modal
layer,min_special,ALL,T3,cfnai,863,0.02,49,0.0862,0.556,0.2731,0.0576,0.3458,True,modal
layer,min_special,ALL,T3,vix,863,0.02,49,0.0543,0.711,-0.0327,0.8237,0.8826,True,modal
layer,min_special,could,T1,cfnai,283,0.2,40,-0.1277,0.4323,0.0533,0.7439,0.9581,True,modal
layer,min_special,could,T1,vix,283,0.2,40,0.223,0.1666,0.2931,0.0664,0.1424,True,modal
layer,min_special,could,T2,cfnai,231,0.222,36,0.1102,0.5224,0.2041,0.2325,0.4567,True,modal
layer,min_special,could,T2,vix,231,0.222,36,0.226,0.185,0.2778,0.1009,0.2162,True,modal
layer,min_special,could,T3,cfnai,312,0.204,49,-0.1182,0.4186,0.1381,0.3441,0.7941,True,modal
layer,min_special,could,T3,vix,312,0.204,49,0.2834,0.0485,0.315,0.0275,0.0687,True,modal
layer,min_special,should,T1,cfnai,58,0.325,40,0.1709,0.2917,0.2804,0.0797,0.5002,True,modal
layer,min_special,should,T1,vix,58,0.325,40,0.1332,0.4124,0.3247,0.0409,0.1023,True,modal
layer,min_special,should,T2,cfnai,49,0.333,36,0.1406,0.4135,0.2594,0.1266,0.3454,True,modal
layer,min_special,should,T2,vix,49,0.333,36,0.2434,0.1525,0.4434,0.0068,0.0254,True,modal
layer,min_special,should,T3,cfnai,65,0.347,49,0.1614,0.2678,0.3178,0.0261,0.3458,True,modal
layer,min_special,should,T3,vix,65,0.347,49,0.1083,0.4587,0.3367,0.018,0.0491,True,modal
layer,min_special,will,T1,cfnai,49,0.625,40,0.083,0.6104,0.1137,0.4847,0.9581,False,modal
layer,min_special,will,T1,vix,49,0.625,40,-0.2752,0.0856,-0.0606,0.7102,0.7891,False,modal
layer,min_special,will,T2,cfnai,46,0.667,36,0.0789,0.6473,0.1082,0.5301,0.7951,False,modal
layer,min_special,will,T2,vix,46,0.667,36,-0.2845,0.0927,-0.0966,0.575,0.69,False,modal
layer,min_special,will,T3,cfnai,49,0.694,49,0.0693,0.636,0.1038,0.478,0.847,False,modal
layer,min_special,will,T3,vix,49,0.694,49,-0.2361,0.1024,-0.0339,0.8172,0.8826,False,modal
layer,min_special,would,T1,cfnai,344,0.0,40,0.1301,0.4237,0.0485,0.7663,0.9581,True,modal
layer,min_special,would,T1,vix,344,0.0,40,-0.1362,0.4022,-0.1043,0.5218,0.6511,True,modal
layer,min_special,would,T2,cfnai,310,0.0,36,-0.0455,0.7922,-0.0806,0.6404,0.8785,True,modal
layer,min_special,would,T2,vix,310,0.0,36,-0.1486,0.3872,-0.1236,0.4728,0.6237,True,modal
layer,min_special,would,T3,cfnai,383,0.041,49,0.1045,0.4748,0.0113,0.9384,0.9832,True,modal
layer,min_special,would,T3,vix,383,0.041,49,-0.0312,0.8314,-0.0247,0.866,0.8958,True,modal
layer,min_staff,ALL,T1,cfnai,539,0.0,99,-0.0103,0.9197,0.0753,0.4586,0.9581,True,modal
layer,min_staff,ALL,T1,vix,539,0.0,99,-0.2493,0.0128,-0.3326,0.0008,0.0058,True,modal
layer,min_staff,ALL,T2,cfnai,498,0.0,91,0.0513,0.629,0.0919,0.3861,0.6436,True,modal
layer,min_staff,ALL,T2,vix,498,0.0,91,-0.2997,0.0039,-0.3607,0.0004,0.0044,True,modal
layer,min_staff,ALL,T3,cfnai,704,0.008,131,-0.0074,0.933,0.0583,0.5082,0.847,True,modal
layer,min_staff,ALL,T3,vix,704,0.008,131,-0.301,0.0005,-0.3929,0.0,0.0001,True,modal
layer,min_staff,ALL,H1,cfnai,333,0.0,48,0.245,0.0933,0.2804,0.0535,0.3188,True,modal
layer,min_staff,ALL,H1,vix,333,0.0,48,-0.0849,0.5659,-0.197,0.1795,0.5796,True,modal
layer,min_staff,ALL,H2,cfnai,165,0.0,43,-0.0536,0.733,-0.0966,0.5376,0.6925,True,modal
layer,min_staff,ALL,H2,vix,165,0.0,43,-0.1601,0.3052,-0.2354,0.1286,0.2849,True,modal
layer,min_staff,could,T1,cfnai,132,0.364,99,0.0516,0.6118,-0.014,0.8903,0.9581,True,modal
layer,min_staff,could,T1,vix,132,0.364,99,-0.2303,0.0218,-0.2658,0.0078,0.047,True,modal
layer,min_staff,could,T2,cfnai,128,0.341,91,-0.1203,0.2562,-0.041,0.6998,0.9127,True,modal
layer,min_staff,could,T2,vix,128,0.341,91,-0.1674,0.1128,-0.2039,0.0525,0.1313,True,modal
layer,min_staff,could,T3,cfnai,151,0.443,131,0.0468,0.5957,-0.0019,0.9832,0.9832,True,modal
layer,min_staff,could,T3,vix,151,0.443,131,-0.2572,0.003,-0.3046,0.0004,0.004,True,modal
layer,min_staff,could,H1,cfnai,82,0.312,48,0.1363,0.3556,0.2379,0.1035,0.3188,True,modal
layer,min_staff,could,H1,vix,82,0.312,48,-0.0108,0.9419,-0.1082,0.4644,0.8358,True,modal
layer,min_staff,could,H2,cfnai,46,0.372,43,-0.3327,0.0293,-0.2958,0.0542,0.2599,True,modal
layer,min_staff,could,H2,vix,46,0.372,43,-0.2589,0.0936,-0.3369,0.0272,0.1304,True,modal
layer,min_staff,may,T1,cfnai,57,0.535,99,-0.1131,0.2651,0.0125,0.9022,0.9581,True,modal
layer,min_staff,may,T1,vix,57,0.535,99,-0.2432,0.0153,-0.2549,0.0109,0.0544,True,modal
layer,min_staff,may,T2,cfnai,55,0.505,91,-0.0082,0.9385,0.0491,0.6442,0.8785,True,modal
layer,min_staff,may,T2,vix,55,0.505,91,-0.2245,0.0324,-0.2274,0.0302,0.0906,True,modal
layer,min_staff,may,T3,cfnai,75,0.534,131,-0.1014,0.249,-0.007,0.9365,0.9832,True,modal
layer,min_staff,may,T3,vix,75,0.534,131,-0.2518,0.0037,-0.2666,0.0021,0.0104,True,modal
layer,min_staff,may,H1,cfnai,42,0.292,48,0.099,0.5031,0.2515,0.0847,0.3188,True,modal
layer,min_staff,may,H1,vix,42,0.292,48,0.1061,0.4729,0.1069,0.4696,0.8358,True,modal
layer,min_staff,may,H2,cfnai,13,0.744,43,-0.0533,0.7341,-0.0941,0.5482,0.6925,False,modal
layer,min_staff,may,H2,vix,13,0.744,43,-0.2245,0.1477,-0.2849,0.0641,0.2149,False,modal
layer,min_staff,would,T1,cfnai,327,0.071,99,-0.027,0.7905,0.1278,0.2073,0.6125,True,modal
layer,min_staff,would,T1,vix,327,0.071,99,-0.1086,0.2845,-0.2287,0.0228,0.0683,True,modal
layer,min_staff,would,T2,cfnai,294,0.077,91,0.1911,0.0696,0.1773,0.0928,0.3454,True,modal
layer,min_staff,would,T2,vix,294,0.077,91,-0.2463,0.0186,-0.32,0.002,0.0099,True,modal
layer,min_staff,would,T3,cfnai,445,0.069,131,-0.0222,0.8009,0.1043,0.2359,0.6743,True,modal
layer,min_staff,would,T3,vix,445,0.069,131,-0.1626,0.0635,-0.2693,0.0019,0.0104,True,modal
layer,min_staff,would,H1,cfnai,196,0.021,48,0.2467,0.0909,0.2306,0.1148,0.3188,True,modal
layer,min_staff,would,H1,vix,196,0.021,48,-0.1629,0.2686,-0.2624,0.0716,0.4475,True,modal
layer,min_staff,would,H2,cfnai,98,0.14,43,0.2322,0.1341,0.1277,0.4146,0.6219,True,modal
layer,min_staff,would,H2,vix,98,0.14,43,0.0318,0.8396,-0.0138,0.9302,0.9398,True,modal
layer,min_staff_desk,ALL,T1,cfnai,553,0.152,99,0.0821,0.4192,0.139,0.17,0.6125,True,modal
layer,min_staff_desk,ALL,T1,vix,553,0.152,99,0.0851,0.4025,0.139,0.1699,0.2999,True,modal
layer,min_staff_desk,ALL,T2,cfnai,501,0.165,91,0.1994,0.058,0.1615,0.1262,0.3454,True,modal
layer,min_staff_desk,ALL,T2,vix,501,0.165,91,0.0627,0.5546,0.1195,0.2593,0.4862,True,modal
layer,min_staff_desk,ALL,T3,cfnai,774,0.237,131,0.0664,0.4512,0.1352,0.1235,0.4611,True,modal
layer,min_staff_desk,ALL,T3,vix,774,0.237,131,0.1122,0.2019,0.1127,0.1999,0.3156,True,modal
layer,min_staff_desk,ALL,H1,cfnai,258,0.271,48,0.2035,0.1655,0.1404,0.3411,0.5166,True,modal
layer,min_staff_desk,ALL,H1,vix,258,0.271,48,-0.0176,0.9055,0.0435,0.7689,0.8358,True,modal
layer,min_staff_desk,ALL,H2,cfnai,243,0.047,43,0.2347,0.1298,0.1999,0.1986,0.4549,True,modal
layer,min_staff_desk,ALL,H2,vix,243,0.047,43,0.186,0.2324,0.2357,0.1281,0.2849,True,modal
layer,min_staff_desk,could,T1,cfnai,138,0.434,99,0.1148,0.2579,0.2128,0.0344,0.3443,True,modal
layer,min_staff_desk,could,T1,vix,138,0.434,99,0.1656,0.1014,0.2113,0.0358,0.0976,True,modal
layer,min_staff_desk,could,T2,cfnai,126,0.451,91,0.2248,0.0321,0.2517,0.0161,0.161,True,modal
layer,min_staff_desk,could,T2,vix,126,0.451,91,0.1545,0.1436,0.2217,0.0347,0.0946,True,modal
layer,min_staff_desk,could,T3,cfnai,187,0.481,131,0.095,0.2803,0.1817,0.0378,0.3458,True,modal
layer,min_staff_desk,could,T3,vix,187,0.481,131,0.1775,0.0425,0.1465,0.0949,0.1957,True,modal
layer,min_staff_desk,could,H1,cfnai,66,0.5,48,0.2078,0.1565,0.2405,0.0996,0.3188,True,modal
layer,min_staff_desk,could,H1,vix,66,0.5,48,0.0557,0.707,0.1251,0.3969,0.8358,True,modal
layer,min_staff_desk,could,H2,cfnai,60,0.395,43,0.2479,0.1089,0.2691,0.0809,0.2775,True,modal
layer,min_staff_desk,could,H2,vix,60,0.395,43,0.2793,0.0697,0.4045,0.0071,0.0428,True,modal
layer,min_staff_desk,may,T1,cfnai,41,0.717,99,-0.0293,0.7731,-0.003,0.9764,0.9764,False,modal
layer,min_staff_desk,may,T1,vix,41,0.717,99,-0.0697,0.4933,-0.0026,0.98,0.98,False,modal
layer,min_staff_desk,may,T2,cfnai,40,0.703,91,0.0511,0.6305,0.0276,0.7954,0.9178,False,modal
layer,min_staff_desk,may,T2,vix,40,0.703,91,-0.0107,0.9196,0.041,0.6995,0.7772,False,modal
layer,min_staff_desk,may,T3,cfnai,46,0.771,131,-0.0294,0.7392,-0.0032,0.9713,0.9832,False,modal
layer,min_staff_desk,may,T3,vix,46,0.771,131,-0.1126,0.2003,-0.0685,0.4369,0.5461,False,modal
layer,min_staff_desk,may,H1,cfnai,19,0.708,48,0.0792,0.5926,0.1554,0.2916,0.486,False,modal
layer,min_staff_desk,may,H1,vix,19,0.708,48,0.0329,0.8245,0.057,0.7005,0.8358,False,modal
layer,min_staff_desk,may,H2,cfnai,21,0.698,43,0.0342,0.8278,-0.0551,0.7258,0.7674,False,modal
layer,min_staff_desk,may,H2,vix,21,0.698,43,-0.0898,0.5668,0.0218,0.8895,0.9398,False,modal
layer,min_staff_desk,should,T1,cfnai,27,0.838,99,0.0713,0.4832,0.0551,0.588,0.9581,False,modal
layer,min_staff_desk,should,T1,vix,27,0.838,99,-0.0123,0.9039,0.0457,0.6536,0.7541,False,modal
layer,min_staff_desk,should,T2,cfnai,25,0.846,91,0.1032,0.3304,0.0317,0.7655,0.9178,False,modal
layer,min_staff_desk,should,T2,vix,25,0.846,91,-0.089,0.4017,-0.003,0.9773,0.9773,False,modal
layer,min_staff_desk,should,T3,cfnai,49,0.824,131,0.059,0.5031,0.0399,0.6506,0.9759,False,modal
layer,min_staff_desk,should,T3,vix,49,0.824,131,0.0633,0.4724,0.1039,0.2376,0.3563,False,modal
layer,min_staff_desk,should,H1,cfnai,17,0.875,48,0.1515,0.304,-0.0171,0.9081,0.9081,False,modal
layer,min_staff_desk,should,H1,vix,17,0.875,48,-0.0397,0.7887,-0.0556,0.7072,0.8358,False,modal
layer,min_staff_desk,should,H2,cfnai,8,0.814,43,0.0996,0.5252,0.0806,0.6075,0.729,False,modal
layer,min_staff_desk,should,H2,vix,8,0.814,43,-0.1324,0.3972,-0.0587,0.7084,0.8834,False,modal
layer,min_staff_desk,will,T1,cfnai,35,0.768,99,0.0737,0.4684,0.0265,0.7949,0.9581,False,modal
layer,min_staff_desk,will,T1,vix,35,0.768,99,-0.1056,0.2984,-0.1403,0.166,0.2999,False,modal
layer,min_staff_desk,will,T2,cfnai,31,0.769,91,-0.0323,0.7612,0.0118,0.9117,0.9768,False,modal
layer,min_staff_desk,will,T2,vix,31,0.769,91,-0.1583,0.134,-0.1313,0.2149,0.4298,False,modal
layer,min_staff_desk,will,T3,cfnai,50,0.786,131,0.0471,0.5932,0.0063,0.943,0.9832,False,modal
layer,min_staff_desk,will,T3,vix,50,0.786,131,-0.0841,0.3396,-0.1319,0.1332,0.2351,False,modal
layer,min_staff_desk,will,H1,cfnai,18,0.771,48,0.0526,0.7225,0.1115,0.4504,0.5362,False,modal
layer,min_staff_desk,will,H1,vix,18,0.771,48,-0.0462,0.7553,0.046,0.7562,0.8358,False,modal
layer,min_staff_desk,will,H2,cfnai,13,0.767,43,-0.0978,0.5327,-0.0531,0.7354,0.7674,False,modal
layer,min_staff_desk,will,H2,vix,13,0.767,43,-0.2654,0.0854,-0.2274,0.1425,0.2849,False,modal
layer,min_staff_desk,would,T1,cfnai,307,0.182,99,0.0274,0.7879,0.0886,0.3831,0.8841,True,modal
layer,min_staff_desk,would,T1,vix,307,0.182,99,0.0763,0.453,0.1262,0.2131,0.3364,True,modal
layer,min_staff_desk,would,T2,cfnai,275,0.198,91,0.1391,0.1886,0.1235,0.2436,0.4567,True,modal
layer,min_staff_desk,would,T2,vix,275,0.198,91,0.0754,0.4773,0.0974,0.3586,0.5976,True,modal
layer,min_staff_desk,would,T3,cfnai,435,0.267,131,0.0295,0.7382,0.1317,0.1337,0.4611,True,modal
layer,min_staff_desk,would,T3,vix,435,0.267,131,0.1113,0.2058,0.1337,0.128,0.2351,True,modal
layer,min_staff_desk,would,H1,cfnai,137,0.292,48,0.15,0.309,0.1201,0.4161,0.5202,True,modal
layer,min_staff_desk,would,H1,vix,137,0.292,48,-0.0465,0.7536,-0.0164,0.912,0.95,True,modal
layer,min_staff_desk,would,H2,cfnai,138,0.093,43,0.1454,0.3523,0.1539,0.3244,0.5989,True,modal
layer,min_staff_desk,would,H2,vix,138,0.093,43,0.21,0.1765,0.2322,0.134,0.2849,True,modal
layer,statement,ALL,T1,cfnai,770,0.0,101,-0.0573,0.569,-0.1242,0.2158,0.6125,True,modal
layer,statement,ALL,T1,vix,770,0.0,101,0.0086,0.9323,0.0613,0.5425,0.6511,True,modal
layer,statement,ALL,T2,cfnai,697,0.0,91,-0.1355,0.2004,-0.1783,0.0909,0.3454,True,modal
layer,statement,ALL,T2,vix,697,0.0,91,0.0699,0.5105,0.0449,0.6729,0.7764,True,modal
layer,statement,ALL,T3,cfnai,1007,0.0,133,-0.0555,0.5259,-0.0964,0.2697,0.6743,True,modal
layer,statement,ALL,T3,vix,1007,0.0,133,-0.1174,0.1785,-0.1156,0.185,0.3084,True,modal
layer,statement,ALL,H1,cfnai,397,0.0,48,0.1574,0.2852,0.1747,0.2351,0.4198,True,modal
layer,statement,ALL,H1,vix,397,0.0,48,-0.2815,0.0526,-0.4048,0.0043,0.054,True,modal
layer,statement,ALL,H2,cfnai,300,0.0,43,-0.5054,0.0005,-0.5183,0.0004,0.0044,True,modal
layer,statement,ALL,H2,vix,300,0.0,43,-0.4212,0.0049,-0.4722,0.0014,0.0167,True,modal
layer,statement,could,T1,cfnai,50,0.505,101,0.1416,0.1578,-0.0624,0.535,0.9581,True,modal
layer,statement,could,T1,vix,50,0.505,101,0.1793,0.0727,0.3319,0.0007,0.0058,True,modal
layer,statement,could,T2,cfnai,47,0.484,91,-0.079,0.4567,-0.1674,0.1127,0.3454,True,modal
layer,statement,could,T2,vix,47,0.484,91,0.4576,0.0,0.451,0.0,0.0001,True,modal
layer,statement,could,T3,cfnai,55,0.594,133,0.1259,0.1488,-0.0171,0.8452,0.9832,True,modal
layer,statement,could,T3,vix,55,0.594,133,0.093,0.2871,0.1823,0.0357,0.0825,True,modal
layer,statement,could,H1,cfnai,4,0.917,48,0.1142,0.4395,0.0935,0.5272,0.5731,False,modal
layer,statement,could,H1,vix,4,0.917,48,-0.1163,0.4312,-0.0829,0.5755,0.8358,False,modal
layer,statement,could,H2,cfnai,43,0.0,43,-0.6024,0.0,-0.4384,0.0033,0.0262,True,modal
layer,statement,could,H2,vix,43,0.0,43,0.0006,0.9969,-0.0119,0.9398,0.9398,True,modal
layer,statement,should,T1,cfnai,33,0.733,101,0.0254,0.8009,-0.012,0.9054,0.9581,False,modal
layer,statement,should,T1,vix,33,0.733,101,-0.2908,0.0032,-0.3372,0.0006,0.0058,False,modal
layer,statement,should,T2,cfnai,33,0.703,91,-0.0694,0.5132,-0.0279,0.7928,0.9178,False,modal
layer,statement,should,T2,vix,33,0.703,91,-0.2741,0.0086,-0.3054,0.0032,0.0139,False,modal
layer,statement,should,T3,cfnai,49,0.699,133,0.0124,0.887,-0.0608,0.4869,0.847,False,modal
layer,statement,should,T3,vix,49,0.699,133,-0.2949,0.0006,-0.3634,0.0,0.0003,False,modal
layer,statement,should,H1,cfnai,33,0.438,48,-0.1058,0.4741,-0.0857,0.5624,0.5858,False,modal
layer,statement,should,H1,vix,33,0.438,48,0.053,0.7205,-0.0589,0.6911,0.8358,False,modal
layer,statement,should,H2,cfnai,0,1.0,43,,,,,,False,modal
layer,statement,should,H2,vix,0,1.0,43,,,,,,False,modal
layer,statement,will,T1,cfnai,607,0.0,101,-0.2325,0.0193,-0.0492,0.6252,0.9581,True,modal
layer,statement,will,T1,vix,607,0.0,101,-0.0981,0.3289,-0.1864,0.062,0.1424,True,modal
layer,statement,will,T2,cfnai,543,0.0,91,-0.0669,0.5284,-0.0701,0.509,0.7951,True,modal
layer,statement,will,T2,vix,543,0.0,91,-0.296,0.0044,-0.3391,0.001,0.0066,True,modal
layer,statement,will,T3,cfnai,820,0.0,133,-0.2045,0.0182,-0.0504,0.5647,0.8917,True,modal
layer,statement,will,T3,vix,820,0.0,133,-0.1674,0.0541,-0.2593,0.0026,0.0111,True,modal
layer,statement,will,H1,cfnai,339,0.0,48,0.1965,0.1807,0.1789,0.2237,0.4198,True,modal
layer,statement,will,H1,vix,339,0.0,48,-0.3656,0.0106,-0.4435,0.0016,0.0399,True,modal
layer,statement,will,H2,cfnai,204,0.0,43,-0.3503,0.0213,-0.3314,0.03,0.1798,True,modal
layer,statement,will,H2,vix,204,0.0,43,-0.3664,0.0157,-0.4157,0.0056,0.0428,True,modal
layer,statement,would,T1,cfnai,49,0.535,101,0.1529,0.1269,-0.0183,0.8561,0.9581,True,modal
layer,statement,would,T1,vix,49,0.535,101,0.1784,0.0742,0.3382,0.0005,0.0058,True,modal
layer,statement,would,T2,cfnai,46,0.516,91,0.0094,0.9296,-0.1064,0.3153,0.5564,True,modal
layer,statement,would,T2,vix,46,0.516,91,0.45,0.0,0.4553,0.0,0.0001,True,modal
layer,statement,would,T3,cfnai,51,0.632,133,0.1323,0.129,-0.01,0.9095,0.9832,False,modal
layer,statement,would,T3,vix,51,0.632,133,0.1056,0.2263,0.2206,0.0107,0.0358,False,modal
layer,statement,would,H1,cfnai,1,0.979,48,0.0999,0.4994,0.1212,0.412,0.5202,False,modal
layer,statement,would,H1,vix,1,0.979,48,-0.1672,0.256,-0.2158,0.1406,0.5796,False,modal
layer,statement,would,H2,cfnai,45,0.0,43,-0.1764,0.2577,-0.1957,0.2085,0.4549,True,modal
layer,statement,would,H2,vix,45,0.0,43,-0.0524,0.7388,-0.0475,0.7622,0.8834,True,modal
genre,minutes,could/activity,T1,cfnai,199,0.162,99,-0.1632,0.1065,-0.1689,0.0947,0.3375,True,U3
genre,minutes,could/activity,T1,vix,199,0.162,99,0.1554,0.1246,0.0735,0.4694,0.7002,True,U3
genre,minutes,could/activity,T2,cfnai,172,0.165,91,-0.0813,0.4435,-0.0921,0.3852,0.7126,True,U3
genre,minutes,could/activity,T2,vix,172,0.165,91,0.0749,0.4802,0.0727,0.4936,0.6237,True,U3
genre,minutes,could/activity,T3,cfnai,237,0.221,131,-0.1436,0.1017,-0.1454,0.0975,0.328,True,U3
genre,minutes,could/activity,T3,vix,237,0.221,131,0.1672,0.0563,0.044,0.6178,0.7882,True,U3
genre,minutes,could/activity,H1,cfnai,83,0.208,48,0.1057,0.4744,0.0956,0.5183,0.949,True,U3
genre,minutes,could/activity,H1,vix,83,0.208,48,0.1538,0.2967,0.1548,0.2933,0.5867,True,U3
genre,minutes,could/activity,H2,cfnai,89,0.116,43,-0.2109,0.1747,-0.2736,0.0758,0.3117,True,U3
genre,minutes,could/activity,H2,vix,89,0.116,43,-0.1813,0.2445,-0.3004,0.0503,0.3101,True,U3
genre,minutes,could/aspectual,T1,cfnai,40,0.677,99,-0.1366,0.1777,-0.0773,0.4468,0.7514,False,U3
genre,minutes,could/aspectual,T1,vix,40,0.677,99,-0.0147,0.8851,0.0716,0.4812,0.7002,False,U3
genre,minutes,could/aspectual,T2,cfnai,35,0.681,91,-0.0693,0.5138,-0.039,0.7134,0.8703,False,U3
genre,minutes,could/aspectual,T2,vix,35,0.681,91,0.0521,0.6236,0.123,0.2455,0.5047,False,U3
genre,minutes,could/aspectual,T3,cfnai,45,0.733,131,-0.1173,0.1821,-0.0135,0.8782,0.9676,False,U3
genre,minutes,could/aspectual,T3,vix,45,0.733,131,-0.0411,0.6413,0.016,0.8558,0.957,False,U3
genre,minutes,could/aspectual,H1,cfnai,14,0.729,48,0.005,0.973,0.0015,0.9922,0.9922,False,U3
genre,minutes,could/aspectual,H1,vix,14,0.729,48,0.2275,0.1199,0.1881,0.2005,0.5158,False,U3
genre,minutes,could/aspectual,H2,cfnai,21,0.628,43,-0.1122,0.4738,-0.0603,0.7007,0.8642,False,U3
genre,minutes,could/aspectual,H2,vix,21,0.628,43,-0.2058,0.1856,-0.1767,0.2571,0.5284,False,U3
genre,minutes,could/causative,T1,cfnai,385,0.051,99,0.1158,0.2536,0.099,0.3295,0.6773,True,U3
genre,minutes,could/causative,T1,vix,385,0.051,99,0.1513,0.135,0.2019,0.0451,0.1043,True,U3
genre,minutes,could/causative,T2,cfnai,345,0.055,91,0.0264,0.8039,0.0305,0.7744,0.8703,True,U3
genre,minutes,could/causative,T2,vix,345,0.055,91,0.2103,0.0454,0.2159,0.0398,0.0982,True,U3
genre,minutes,could/causative,T3,cfnai,469,0.053,131,0.1034,0.24,0.1149,0.1911,0.5439,True,U3
genre,minutes,could/causative,T3,vix,469,0.053,131,0.1159,0.1876,0.1204,0.1709,0.3011,True,U3
genre,minutes,could/causative,H1,cfnai,159,0.104,48,0.1243,0.3998,0.1364,0.3551,0.8101,True,U3
genre,minutes,could/causative,H1,vix,159,0.104,48,-0.0977,0.5088,-0.0178,0.9044,0.9646,True,U3
genre,minutes,could/causative,H2,cfnai,186,0.0,43,-0.0471,0.7641,-0.051,0.7454,0.8896,True,U3
genre,minutes,could/causative,H2,vix,186,0.0,43,0.1745,0.2632,0.1635,0.2947,0.5738,True,U3
genre,minutes,could/copular_adj,T1,cfnai,91,0.424,99,-0.0619,0.5428,-0.1469,0.1468,0.388,True,U3
genre,minutes,could/copular_adj,T1,vix,91,0.424,99,-0.0178,0.8611,0.0576,0.5715,0.7831,True,U3
genre,minutes,could/copular_adj,T2,cfnai,82,0.44,91,-0.193,0.0668,-0.1479,0.1617,0.3804,True,U3
genre,minutes,could/copular_adj,T2,vix,82,0.44,91,0.0279,0.7927,0.0762,0.4726,0.6237,True,U3
genre,minutes,could/copular_adj,T3,cfnai,120,0.45,131,-0.0452,0.608,-0.0826,0.3484,0.7197,True,U3
genre,minutes,could/copular_adj,T3,vix,120,0.45,131,0.0522,0.5535,0.0634,0.4716,0.7579,True,U3
genre,minutes,could/copular_adj,H1,cfnai,53,0.354,48,-0.3484,0.0152,-0.2613,0.0728,0.565,True,U3
genre,minutes,could/copular_adj,H1,vix,53,0.354,48,0.0791,0.5928,0.2456,0.0924,0.4753,True,U3
genre,minutes,could/copular_adj,H2,cfnai,29,0.535,43,-0.0916,0.5591,-0.0396,0.8007,0.9004,False,U3
genre,minutes,could/copular_adj,H2,vix,29,0.535,43,0.1531,0.3271,0.181,0.2455,0.5284,False,U3
genre,minutes,could/copular_nom,T1,cfnai,31,0.758,99,0.0992,0.3284,-0.031,0.761,0.8799,False,U3
genre,minutes,could/copular_nom,T1,vix,31,0.758,99,-0.0856,0.3996,-0.0512,0.6148,0.7872,False,U3
genre,minutes,could/copular_nom,T2,cfnai,28,0.769,91,-0.0738,0.4872,-0.0851,0.4226,0.7446,False,U3
genre,minutes,could/copular_nom,T2,vix,28,0.769,91,-0.0752,0.4789,-0.0479,0.6522,0.7541,False,U3
genre,minutes,could/copular_nom,T3,cfnai,41,0.756,131,0.0884,0.3152,-0.0223,0.8,0.9676,False,U3
genre,minutes,could/copular_nom,T3,vix,41,0.756,131,-0.0416,0.6371,-0.0259,0.7691,0.9485,False,U3
genre,minutes,could/copular_nom,H1,cfnai,23,0.667,48,-0.1633,0.2674,-0.2019,0.1688,0.7072,False,U3
genre,minutes,could/copular_nom,H1,vix,23,0.667,48,0.011,0.9407,0.08,0.589,0.8156,False,U3
genre,minutes,could/copular_nom,H2,cfnai,5,0.884,43,0.0396,0.8008,0.0153,0.9223,0.9223,False,U3
genre,minutes,could/copular_nom,H2,vix,5,0.884,43,0.1933,0.2143,0.2006,0.1971,0.5191,False,U3
genre,minutes,could/existence,T1,cfnai,61,0.556,99,0.0018,0.9856,-0.0015,0.9885,0.9885,True,U3
genre,minutes,could/existence,T1,vix,61,0.556,99,-0.0285,0.7791,-0.0044,0.9658,0.9834,True,U3
genre,minutes,could/existence,T2,cfnai,54,0.571,91,-0.0023,0.9825,0.008,0.9402,0.9402,True,U3
genre,minutes,could/existence,T2,vix,54,0.571,91,0.0226,0.8318,0.0246,0.8167,0.8411,True,U3
genre,minutes,could/existence,T3,cfnai,76,0.565,131,0.0001,0.9992,-0.0175,0.8432,0.9676,True,U3
genre,minutes,could/existence,T3,vix,76,0.565,131,0.0034,0.969,-0.0116,0.8955,0.957,True,U3
genre,minutes,could/existence,H1,cfnai,34,0.542,48,-0.36,0.012,-0.317,0.0282,0.4131,False,U3
genre,minutes,could/existence,H1,vix,34,0.542,48,0.0628,0.6716,0.1074,0.4675,0.8013,False,U3
genre,minutes,could/existence,H2,cfnai,20,0.605,43,0.2908,0.0585,0.3562,0.0191,0.1008,False,U3
genre,minutes,could/existence,H2,vix,20,0.605,43,0.1109,0.4792,0.0701,0.6549,0.8356,False,U3
genre,minutes,could/mental,T1,cfnai,52,0.646,99,0.1166,0.2504,0.1722,0.0883,0.3375,False,U3
genre,minutes,could/mental,T1,vix,52,0.646,99,0.0454,0.6554,-0.0051,0.9601,0.9834,False,U3
genre,minutes,could/mental,T2,cfnai,45,0.67,91,0.2032,0.0534,0.1577,0.1354,0.3804,False,U3
genre,minutes,could/mental,T2,vix,45,0.67,91,0.0087,0.9349,-0.037,0.7277,0.8159,False,U3
genre,minutes,could/mental,T3,cfnai,58,0.695,131,0.1081,0.2192,0.1586,0.0704,0.328,False,U3
genre,minutes,could/mental,T3,vix,58,0.695,131,0.001,0.9909,-0.0535,0.544,0.7882,False,U3
genre,minutes,could/mental,H1,cfnai,29,0.562,48,-0.0454,0.7594,-0.0302,0.8386,0.9922,False,U3
genre,minutes,could/mental,H1,vix,29,0.562,48,0.0315,0.8318,0.031,0.8343,0.9528,False,U3
genre,minutes,could/mental,H2,cfnai,16,0.791,43,0.3679,0.0152,0.348,0.0222,0.1027,False,U3
genre,minutes,could/mental,H2,vix,16,0.791,43,0.1157,0.4599,0.1434,0.3588,0.5871,False,U3
genre,minutes,could/occurrence,T1,cfnai,227,0.101,99,0.1365,0.178,0.035,0.7308,0.8723,True,U3
genre,minutes,could/occurrence,T1,vix,227,0.101,99,0.1285,0.2051,0.0021,0.9834,0.9834,True,U3
genre,minutes,could/occurrence,T2,cfnai,206,0.11,91,-0.044,0.6786,-0.0162,0.879,0.9034,True,U3
genre,minutes,could/occurrence,T2,vix,206,0.11,91,0.0847,0.4249,0.0256,0.8093,0.8411,True,U3
genre,minutes,could/occurrence,T3,cfnai,276,0.107,131,0.1215,0.1669,0.0218,0.8047,0.9676,True,U3
genre,minutes,could/occurrence,T3,vix,276,0.107,131,0.0328,0.7099,-0.0606,0.4916,0.7579,True,U3
genre,minutes,could/occurrence,H1,cfnai,112,0.167,48,0.053,0.7204,0.0746,0.6144,0.9617,True,U3
genre,minutes,could/occurrence,H1,vix,112,0.167,48,0.026,0.8607,-0.0047,0.9745,0.9745,True,U3
genre,minutes,could/occurrence,H2,cfnai,94,0.047,43,-0.1302,0.4053,-0.0641,0.6832,0.8642,True,U3
genre,minutes,could/occurrence,H2,vix,94,0.047,43,0.1247,0.4257,-0.0129,0.9345,0.9852,True,U3
genre,minutes,could/other,T1,cfnai,260,0.152,99,-0.0319,0.7541,-0.1215,0.2309,0.5695,True,U3
genre,minutes,could/other,T1,vix,260,0.152,99,-0.0097,0.9244,0.0251,0.8053,0.9285,True,U3
genre,minutes,could/other,T2,cfnai,231,0.165,91,0.0015,0.9886,-0.0737,0.4875,0.7549,True,U3
genre,minutes,could/other,T2,vix,231,0.165,91,0.0317,0.7658,0.0692,0.5144,0.6237,True,U3
genre,minutes,could/other,T3,cfnai,317,0.153,131,-0.0351,0.6905,-0.1276,0.1465,0.4518,True,U3
genre,minutes,could/other,T3,vix,317,0.153,131,-0.0021,0.9808,-0.0077,0.9308,0.957,True,U3
genre,minutes,could/other,H1,cfnai,131,0.125,48,-0.1594,0.2793,-0.1708,0.2458,0.7375,True,U3
genre,minutes,could/other,H1,vix,131,0.125,48,0.4894,0.0004,0.412,0.0036,0.0582,True,U3
genre,minutes,could/other,H2,cfnai,100,0.209,43,0.0975,0.534,0.0294,0.8517,0.9004,True,U3
genre,minutes,could/other,H2,vix,100,0.209,43,-0.2669,0.0836,-0.2318,0.1347,0.4532,True,U3
genre,minutes,could/policy_action,T1,cfnai,126,0.404,99,-0.0295,0.7721,-0.1174,0.2472,0.5717,True,U3
genre,minutes,could/policy_action,T1,vix,126,0.404,99,0.1757,0.082,0.2434,0.0152,0.0562,True,U3
genre,minutes,could/policy_action,T2,cfnai,108,0.44,91,-0.1341,0.205,-0.152,0.1505,0.3804,True,U3
genre,minutes,could/policy_action,T2,vix,108,0.44,91,0.0759,0.4748,0.175,0.0972,0.2247,True,U3
genre,minutes,could/policy_action,T3,cfnai,155,0.405,131,-0.0278,0.7522,-0.094,0.2857,0.6606,True,U3
genre,minutes,could/policy_action,T3,vix,155,0.405,131,0.1175,0.1814,0.1613,0.0657,0.143,True,U3
genre,minutes,could/policy_action,H1,cfnai,61,0.417,48,0.031,0.8341,0.0036,0.9804,0.9922,True,U3
genre,minutes,could/policy_action,H1,vix,61,0.417,48,0.3795,0.0078,0.4138,0.0035,0.0582,True,U3
genre,minutes,could/policy_action,H2,cfnai,47,0.465,43,-0.24,0.1211,-0.2472,0.1101,0.3218,True,U3
genre,minutes,could/policy_action,H2,vix,47,0.465,43,-0.1349,0.3886,-0.079,0.6147,0.8356,True,U3
genre,minutes,may/causative,T1,cfnai,58,0.566,99,-0.015,0.8831,0.0123,0.904,0.9556,True,U3
genre,minutes,may/causative,T1,vix,58,0.566,99,-0.1482,0.1432,-0.1596,0.1146,0.2232,True,U3
genre,minutes,may/causative,T2,cfnai,54,0.56,91,0.0703,0.5077,0.0738,0.487,0.7549,True,U3
genre,minutes,may/causative,T2,vix,54,0.56,91,-0.1197,0.2584,-0.1097,0.3007,0.5297,True,U3
genre,minutes,may/causative,T3,cfnai,66,0.611,131,-0.0124,0.8881,0.0405,0.646,0.9561,False,U3
genre,minutes,may/causative,T3,vix,66,0.611,131,-0.1769,0.0432,-0.1985,0.023,0.0774,False,U3
genre,minutes,may/causative,H1,cfnai,36,0.479,48,0.0448,0.7622,0.0573,0.699,0.9678,False,U3
genre,minutes,may/causative,H1,vix,36,0.479,48,0.0096,0.9483,0.0166,0.911,0.9646,False,U3
genre,minutes,may/causative,H2,cfnai,18,0.651,43,0.1166,0.4567,0.087,0.5792,0.7938,False,U3
genre,minutes,may/causative,H2,vix,18,0.651,43,-0.1052,0.502,-0.0758,0.6291,0.8356,False,U3
genre,minutes,may/copular_adj,T1,cfnai,77,0.566,99,-0.041,0.687,-0.158,0.1182,0.3375,True,U3
genre,minutes,may/copular_adj,T1,vix,77,0.566,99,-0.0313,0.7587,-0.0221,0.8281,0.9285,True,U3
genre,minutes,may/copular_adj,T2,cfnai,72,0.56,91,-0.1734,0.1002,-0.1426,0.1777,0.3804,True,U3
genre,minutes,may/copular_adj,T2,vix,72,0.56,91,-0.0799,0.4513,-0.0221,0.8351,0.8411,True,U3
genre,minutes,may/copular_adj,T3,cfnai,81,0.649,131,-0.0328,0.7104,-0.0589,0.5041,0.8478,False,U3
genre,minutes,may/copular_adj,T3,vix,81,0.649,131,-0.0553,0.5306,-0.0497,0.5732,0.7882,False,U3
genre,minutes,may/copular_adj,H1,cfnai,27,0.646,48,0.0351,0.813,0.0415,0.7795,0.9685,False,U3
genre,minutes,may/copular_adj,H1,vix,27,0.646,48,0.1572,0.286,0.1274,0.3883,0.699,False,U3
genre,minutes,may/copular_adj,H2,cfnai,45,0.465,43,-0.2768,0.0724,-0.2397,0.1216,0.3218,True,U3
genre,minutes,may/copular_adj,H2,vix,45,0.465,43,-0.443,0.0029,-0.5273,0.0003,0.0103,True,U3
genre,minutes,may/occurrence,T1,cfnai,56,0.576,99,-0.0907,0.372,0.0828,0.4152,0.7514,True,U3
genre,minutes,may/occurrence,T1,vix,56,0.576,99,-0.1123,0.2684,-0.1145,0.2592,0.4169,True,U3
genre,minutes,may/occurrence,T2,cfnai,53,0.56,91,0.0442,0.6776,0.1397,0.1866,0.3804,True,U3
genre,minutes,may/occurrence,T2,vix,53,0.56,91,-0.1216,0.2508,-0.0975,0.3577,0.5755,True,U3
genre,minutes,may/occurrence,T3,cfnai,63,0.626,131,-0.0857,0.3303,0.0823,0.3501,0.7197,False,U3
genre,minutes,may/occurrence,T3,vix,63,0.626,131,-0.1481,0.0915,-0.1534,0.0802,0.1618,False,U3
genre,minutes,may/occurrence,H1,cfnai,39,0.396,48,0.0372,0.8019,0.1127,0.4456,0.9437,False,U3
genre,minutes,may/occurrence,H1,vix,39,0.396,48,0.0948,0.5215,0.0865,0.5587,0.8156,False,U3
genre,minutes,may/occurrence,H2,cfnai,14,0.744,43,0.0804,0.6081,0.1596,0.3068,0.5815,False,U3
genre,minutes,may/occurrence,H2,vix,14,0.744,43,-0.0547,0.7276,-0.0535,0.7335,0.9046,False,U3
genre,minutes,may/other,T1,cfnai,39,0.707,99,-0.0249,0.8066,-0.1903,0.0592,0.3375,False,U3
genre,minutes,may/other,T1,vix,39,0.707,99,-0.0013,0.9895,-0.0699,0.492,0.7002,False,U3
genre,minutes,may/other,T2,cfnai,34,0.714,91,0.0669,0.5288,-0.1406,0.1837,0.3804,False,U3
genre,minutes,may/other,T2,vix,34,0.714,91,-0.1164,0.272,-0.0743,0.4842,0.6237,False,U3
genre,minutes,may/other,T3,cfnai,52,0.695,131,-0.0205,0.816,-0.154,0.0791,0.328,False,U3
genre,minutes,may/other,T3,vix,52,0.695,131,-0.0847,0.3361,-0.152,0.0831,0.1618,False,U3
genre,minutes,may/other,H1,cfnai,12,0.771,48,0.0314,0.8325,0.0668,0.6518,0.9641,False,U3
genre,minutes,may/other,H1,vix,12,0.771,48,0.0653,0.6591,0.0296,0.8415,0.9528,False,U3
genre,minutes,may/other,H2,cfnai,22,0.651,43,0.0698,0.6565,-0.2396,0.1218,0.3218,False,U3
genre,minutes,may/other,H2,vix,22,0.651,43,-0.3913,0.0095,-0.4237,0.0046,0.0858,False,U3
genre,minutes,should/activity,T1,cfnai,44,0.687,99,0.0305,0.7645,0.0219,0.8297,0.9302,False,U3
genre,minutes,should/activity,T1,vix,44,0.687,99,-0.187,0.0638,-0.2217,0.0274,0.0699,False,U3
genre,minutes,should/activity,T2,cfnai,43,0.67,91,-0.0228,0.8299,0.0397,0.7085,0.8703,False,U3
genre,minutes,should/activity,T2,vix,43,0.67,91,-0.1174,0.2677,-0.1599,0.1299,0.2828,False,U3
genre,minutes,should/activity,T3,cfnai,53,0.71,131,0.0305,0.7293,0.0449,0.6107,0.9415,False,U3
genre,minutes,should/activity,T3,vix,53,0.71,131,-0.1676,0.0557,-0.1932,0.027,0.0833,False,U3
genre,minutes,should/activity,H1,cfnai,38,0.458,48,-0.0725,0.6241,-0.051,0.7309,0.9685,False,U3
genre,minutes,should/activity,H1,vix,38,0.458,48,0.08,0.5888,0.0931,0.5293,0.8156,False,U3
genre,minutes,should/activity,H2,cfnai,5,0.907,43,0.0904,0.5641,0.1096,0.4842,0.6891,False,U3
genre,minutes,should/activity,H2,vix,5,0.907,43,0.2558,0.0978,0.1435,0.3585,0.5871,False,U3
genre,minutes,should/aspectual,T1,cfnai,34,0.737,99,-0.0766,0.4509,-0.0886,0.3832,0.7463,False,U3
genre,minutes,should/aspectual,T1,vix,34,0.737,99,-0.2732,0.0062,-0.2846,0.0043,0.0177,False,U3
genre,minutes,should/aspectual,T2,cfnai,32,0.736,91,-0.0753,0.4779,-0.045,0.6717,0.8703,False,U3
genre,minutes,should/aspectual,T2,vix,32,0.736,91,-0.2769,0.0079,-0.2687,0.01,0.0337,False,U3
genre,minutes,should/aspectual,T3,cfnai,49,0.718,131,-0.0624,0.4788,-0.095,0.2804,0.6606,False,U3
genre,minutes,should/aspectual,T3,vix,49,0.718,131,-0.2533,0.0035,-0.2695,0.0019,0.0156,False,U3
genre,minutes,should/aspectual,H1,cfnai,23,0.646,48,-0.025,0.8663,-0.0414,0.7802,0.9685,False,U3
genre,minutes,should/aspectual,H1,vix,23,0.646,48,-0.1259,0.3939,-0.0512,0.7298,0.9059,False,U3
genre,minutes,should/aspectual,H2,cfnai,9,0.837,43,-0.1092,0.4857,-0.1144,0.4651,0.6884,False,U3
genre,minutes,should/aspectual,H2,vix,9,0.837,43,-0.3349,0.0281,-0.3556,0.0193,0.1913,False,U3
genre,minutes,should/communication,T1,cfnai,49,0.626,99,0.0042,0.9672,-0.1105,0.2762,0.6011,False,U3
genre,minutes,should/communication,T1,vix,49,0.626,99,-0.0703,0.4896,0.0509,0.617,0.7872,False,U3
genre,minutes,should/communication,T2,cfnai,47,0.615,91,-0.078,0.4622,-0.137,0.1954,0.3804,False,U3
genre,minutes,should/communication,T2,vix,47,0.615,91,-0.0055,0.9584,0.0989,0.351,0.5755,False,U3
genre,minutes,should/communication,T3,cfnai,59,0.672,131,0.0092,0.9171,-0.0465,0.598,0.9415,False,U3
genre,minutes,should/communication,T3,vix,59,0.672,131,-0.0735,0.4041,0.0099,0.9106,0.957,False,U3
genre,minutes,should/communication,H1,cfnai,20,0.729,48,0.0182,0.9024,-0.004,0.9787,0.9922,False,U3
genre,minutes,should/communication,H1,vix,20,0.729,48,0.0628,0.6714,0.1387,0.3471,0.6577,False,U3
genre,minutes,should/communication,H2,cfnai,27,0.488,43,-0.159,0.3086,-0.1861,0.2321,0.5051,False,U3
genre,minutes,should/communication,H2,vix,27,0.488,43,-0.2699,0.0801,-0.2606,0.0915,0.3948,False,U3
genre,minutes,should/other,T1,cfnai,73,0.505,99,0.0692,0.4963,0.1579,0.1186,0.3375,True,U3
genre,minutes,should/other,T1,vix,73,0.505,99,-0.079,0.437,-0.1266,0.2118,0.3562,True,U3
genre,minutes,should/other,T2,cfnai,64,0.505,91,0.1647,0.1188,0.1964,0.0621,0.3568,True,U3
genre,minutes,should/other,T2,vix,64,0.505,91,-0.1194,0.2596,-0.1123,0.2893,0.5297,True,U3
genre,minutes,should/other,T3,cfnai,85,0.557,131,0.0613,0.4869,0.1467,0.0945,0.328,True,U3
genre,minutes,should/other,T3,vix,85,0.557,131,-0.0498,0.572,-0.1369,0.1188,0.2198,True,U3
genre,minutes,should/other,H1,cfnai,41,0.396,48,0.2654,0.0683,0.2565,0.0785,0.565,True,U3
genre,minutes,should/other,H1,vix,41,0.396,48,-0.0918,0.5348,-0.0579,0.6957,0.8944,True,U3
genre,minutes,should/other,H2,cfnai,23,0.628,43,0.1225,0.4337,0.1571,0.3144,0.5815,False,U3
genre,minutes,should/other,H2,vix,23,0.628,43,-0.029,0.8534,0.0279,0.8593,0.9852,False,U3
genre,minutes,would/activity,T1,cfnai,360,0.02,99,-0.2104,0.0366,-0.0549,0.5896,0.8391,True,U3
genre,minutes,would/activity,T1,vix,360,0.02,99,0.4513,0.0,0.4204,0.0,0.0003,True,U3
genre,minutes,would/activity,T2,cfnai,308,0.022,91,0.1069,0.3134,0.0335,0.7523,0.8703,True,U3
genre,minutes,would/activity,T2,vix,308,0.022,91,0.4963,0.0,0.4147,0.0,0.0003,True,U3
genre,minutes,would/activity,T3,cfnai,420,0.061,131,-0.1847,0.0347,-0.0036,0.9676,0.9676,True,U3
genre,minutes,would/activity,T3,vix,420,0.061,131,0.2725,0.0016,0.2291,0.0085,0.0449,True,U3
genre,minutes,would/activity,H1,cfnai,133,0.042,48,-0.0314,0.8321,-0.0782,0.5972,0.9617,True,U3
genre,minutes,would/activity,H1,vix,133,0.042,48,0.3108,0.0316,0.2215,0.1303,0.5158,True,U3
genre,minutes,would/activity,H2,cfnai,175,0.0,43,0.1546,0.3221,0.1522,0.33,0.5815,True,U3
genre,minutes,would/activity,H2,vix,175,0.0,43,0.4034,0.0073,0.3519,0.0207,0.1913,True,U3
genre,minutes,would/aspectual,T1,cfnai,306,0.061,99,0.0503,0.621,-0.0081,0.9365,0.9625,True,U3
genre,minutes,would/aspectual,T1,vix,306,0.061,99,0.2179,0.0302,0.182,0.0713,0.1466,True,U3
genre,minutes,would/aspectual,T2,cfnai,263,0.066,91,0.0651,0.54,-0.0538,0.6126,0.8703,True,U3
genre,minutes,would/aspectual,T2,vix,263,0.066,91,0.0695,0.5124,0.082,0.4396,0.6237,True,U3
genre,minutes,would/aspectual,T3,cfnai,361,0.107,131,0.0434,0.6222,0.0185,0.834,0.9676,True,U3
genre,minutes,would/aspectual,T3,vix,361,0.107,131,0.149,0.0893,0.0972,0.2696,0.4534,True,U3
genre,minutes,would/aspectual,H1,cfnai,115,0.125,48,-0.2051,0.162,-0.1926,0.1896,0.7072,True,U3
genre,minutes,would/aspectual,H1,vix,115,0.125,48,-0.0797,0.5902,-0.2168,0.1389,0.5158,True,U3
genre,minutes,would/aspectual,H2,cfnai,148,0.0,43,0.2348,0.1297,0.2029,0.1919,0.4717,True,U3
genre,minutes,would/aspectual,H2,vix,148,0.0,43,-0.1762,0.2583,-0.1066,0.4962,0.7344,True,U3
genre,minutes,would/causative,T1,cfnai,263,0.141,99,-0.124,0.2213,0.0575,0.5716,0.8391,True,U3
genre,minutes,would/causative,T1,vix,263,0.141,99,-0.0264,0.7952,0.0028,0.9781,0.9834,True,U3
genre,minutes,would/causative,T2,cfnai,239,0.143,91,0.0875,0.4098,0.1559,0.14,0.3804,True,U3
genre,minutes,would/causative,T2,vix,239,0.143,91,-0.0984,0.3537,-0.0213,0.8411,0.8411,True,U3
genre,minutes,would/causative,T3,cfnai,341,0.122,131,-0.1077,0.221,0.0741,0.4003,0.7406,True,U3
genre,minutes,would/causative,T3,vix,341,0.122,131,-0.0909,0.3018,-0.0488,0.5803,0.7882,True,U3
genre,minutes,would/causative,H1,cfnai,137,0.104,48,0.1071,0.4688,0.1581,0.2831,0.7839,True,U3
genre,minutes,would/causative,H1,vix,137,0.104,48,-0.2424,0.097,-0.1953,0.1835,0.5158,True,U3
genre,minutes,would/causative,H2,cfnai,102,0.186,43,0.0854,0.5859,0.1274,0.4157,0.6409,True,U3
genre,minutes,would/causative,H2,vix,102,0.186,43,0.0693,0.659,0.1833,0.2394,0.5284,True,U3
genre,minutes,would/communication,T1,cfnai,76,0.545,99,-0.0728,0.474,0.0403,0.6922,0.8723,True,U3
genre,minutes,would/communication,T1,vix,76,0.545,99,-0.1297,0.2009,-0.192,0.0569,0.1238,True,U3
genre,minutes,would/communication,T2,cfnai,66,0.582,91,0.0302,0.7764,0.0733,0.4897,0.7549,True,U3
genre,minutes,would/communication,T2,vix,66,0.582,91,-0.2301,0.0282,-0.2899,0.0053,0.0197,True,U3
genre,minutes,would/communication,T3,cfnai,91,0.573,131,-0.0693,0.4316,0.0074,0.9334,0.9676,True,U3
genre,minutes,would/communication,T3,vix,91,0.573,131,-0.128,0.1451,-0.1999,0.0221,0.0774,True,U3
genre,minutes,would/communication,H1,cfnai,53,0.417,48,0.065,0.6606,0.1052,0.4768,0.949,True,U3
genre,minutes,would/communication,H1,vix,53,0.417,48,-0.1391,0.3458,-0.1791,0.2231,0.5158,True,U3
genre,minutes,would/communication,H2,cfnai,13,0.767,43,0.043,0.7842,0.0167,0.9152,0.9223,False,U3
genre,minutes,would/communication,H2,vix,13,0.767,43,0.0027,0.9861,0.0047,0.9762,0.9852,False,U3
genre,minutes,would/copular_adj,T1,cfnai,617,0.0,99,-0.0005,0.9961,0.1753,0.0827,0.3375,True,U3
genre,minutes,would/copular_adj,T1,vix,617,0.0,99,0.3635,0.0002,0.3659,0.0002,0.0012,True,U3
genre,minutes,would/copular_adj,T2,cfnai,540,0.0,91,0.1763,0.0947,0.1989,0.0587,0.3568,True,U3
genre,minutes,would/copular_adj,T2,vix,540,0.0,91,0.3419,0.0009,0.3055,0.0032,0.0133,True,U3
genre,minutes,would/copular_adj,T3,cfnai,762,0.0,131,-0.0033,0.9704,0.1488,0.0899,0.328,True,U3
genre,minutes,would/copular_adj,T3,vix,762,0.0,131,0.2643,0.0023,0.2663,0.0021,0.0156,True,U3
genre,minutes,would/copular_adj,H1,cfnai,273,0.0,48,0.2923,0.0438,0.306,0.0344,0.4131,True,U3
genre,minutes,would/copular_adj,H1,vix,273,0.0,48,0.2659,0.0677,0.2889,0.0465,0.3345,True,U3
genre,minutes,would/copular_adj,H2,cfnai,267,0.0,43,0.1084,0.4889,0.0723,0.645,0.8523,True,U3
genre,minutes,would/copular_adj,H2,vix,267,0.0,43,0.2795,0.0695,0.2167,0.1628,0.5019,True,U3
genre,minutes,would/copular_nom,T1,cfnai,62,0.535,99,-0.0489,0.631,-0.0139,0.8917,0.9556,True,U3
genre,minutes,would/copular_nom,T1,vix,62,0.535,99,-0.0351,0.7299,-0.0359,0.7243,0.8645,True,U3
genre,minutes,would/copular_nom,T2,cfnai,55,0.56,91,-0.0122,0.9089,-0.0283,0.7902,0.8703,True,U3
genre,minutes,would/copular_nom,T2,vix,55,0.56,91,-0.1137,0.2832,-0.0903,0.3944,0.6081,True,U3
genre,minutes,would/copular_nom,T3,cfnai,83,0.534,131,-0.0368,0.6765,-0.0224,0.7998,0.9676,True,U3
genre,minutes,would/copular_nom,T3,vix,83,0.534,131,-0.08,0.3637,-0.0465,0.598,0.7882,True,U3
genre,minutes,would/copular_nom,H1,cfnai,31,0.562,48,0.0253,0.8646,0.0101,0.9456,0.9922,False,U3
genre,minutes,would/copular_nom,H1,vix,31,0.562,48,-0.0255,0.8637,-0.0286,0.8469,0.9528,False,U3
genre,minutes,would/copular_nom,H2,cfnai,24,0.558,43,-0.0358,0.8199,-0.0297,0.85,0.9004,False,U3
genre,minutes,would/copular_nom,H2,vix,24,0.558,43,-0.2071,0.1826,-0.2018,0.1943,0.5191,False,U3
genre,minutes,would/existence,T1,cfnai,188,0.222,99,0.1274,0.2087,0.4201,0.0,0.0006,True,U3
genre,minutes,would/existence,T1,vix,188,0.222,99,0.0927,0.3614,0.0372,0.7148,0.8645,True,U3
genre,minutes,would/existence,T2,cfnai,161,0.231,91,0.4174,0.0,0.4238,0.0,0.0011,True,U3
genre,minutes,would/existence,T2,vix,161,0.231,91,-0.0426,0.6886,-0.0725,0.4946,0.6237,True,U3
genre,minutes,would/existence,T3,cfnai,227,0.26,131,0.1053,0.2315,0.3286,0.0001,0.0024,True,U3
genre,minutes,would/existence,T3,vix,227,0.26,131,0.0385,0.6625,0.0187,0.8324,0.957,True,U3
genre,minutes,would/existence,H1,cfnai,98,0.104,48,0.4515,0.0013,0.4537,0.0012,0.0432,True,U3
genre,minutes,would/existence,H1,vix,98,0.104,48,-0.1049,0.4781,-0.0999,0.4992,0.8156,True,U3
genre,minutes,would/existence,H2,cfnai,63,0.372,43,0.4295,0.004,0.4062,0.0069,0.0509,True,U3
genre,minutes,would/existence,H2,vix,63,0.372,43,0.1604,0.3043,0.1416,0.365,0.5871,True,U3
genre,minutes,would/mental,T1,cfnai,164,0.131,99,-0.1388,0.1707,-0.2504,0.0124,0.0919,True,U3
genre,minutes,would/mental,T1,vix,164,0.131,99,-0.1113,0.2729,-0.2252,0.025,0.0699,True,U3
genre,minutes,would/mental,T2,cfnai,149,0.132,91,-0.1149,0.2781,-0.1801,0.0876,0.3568,True,U3
genre,minutes,would/mental,T2,vix,149,0.132,91,-0.2124,0.0433,-0.2563,0.0142,0.0437,True,U3
genre,minutes,would/mental,T3,cfnai,209,0.145,131,-0.1326,0.1311,-0.2844,0.001,0.0122,True,U3
genre,minutes,would/mental,T3,vix,209,0.145,131,-0.0787,0.3719,-0.1676,0.0557,0.1374,True,U3
genre,minutes,would/mental,H1,cfnai,90,0.104,48,-0.1902,0.1955,-0.2256,0.1232,0.6336,True,U3
genre,minutes,would/mental,H1,vix,90,0.104,48,-0.2234,0.127,-0.1877,0.2015,0.5158,True,U3
genre,minutes,would/mental,H2,cfnai,59,0.163,43,-0.0647,0.6804,-0.1326,0.3965,0.6409,True,U3
genre,minutes,would/mental,H2,vix,59,0.163,43,-0.1307,0.4035,-0.2427,0.1168,0.4321,True,U3
genre,minutes,would/occurrence,T1,cfnai,426,0.01,99,0.1292,0.2025,0.0352,0.7294,0.8723,True,U3
genre,minutes,would/occurrence,T1,vix,426,0.01,99,-0.1885,0.0617,-0.2204,0.0283,0.0699,True,U3
genre,minutes,would/occurrence,T2,cfnai,404,0.011,91,-0.0086,0.9352,0.0377,0.7226,0.8703,True,U3
genre,minutes,would/occurrence,T2,vix,404,0.011,91,-0.079,0.4565,-0.1168,0.2704,0.5266,True,U3
genre,minutes,would/occurrence,T3,cfnai,546,0.023,131,0.1247,0.1559,0.0784,0.3732,0.7269,True,U3
genre,minutes,would/occurrence,T3,vix,546,0.023,131,-0.1446,0.0993,-0.1719,0.0496,0.1311,True,U3
genre,minutes,would/occurrence,H1,cfnai,275,0.0,48,0.0488,0.742,0.0632,0.6695,0.9641,True,U3
genre,minutes,would/occurrence,H1,vix,275,0.0,48,0.2079,0.1563,0.1768,0.2292,0.5158,True,U3
genre,minutes,would/occurrence,H2,cfnai,129,0.023,43,-0.0129,0.9344,-0.0339,0.829,0.9004,True,U3
genre,minutes,would/occurrence,H2,vix,129,0.023,43,0.1976,0.2039,0.124,0.4283,0.6603,True,U3
genre,minutes,would/other,T1,cfnai,405,0.061,99,-0.0539,0.5963,0.0624,0.5395,0.8317,True,U3
genre,minutes,would/other,T1,vix,405,0.061,99,0.1117,0.2709,0.1332,0.1886,0.3323,True,U3
genre,minutes,would/other,T2,cfnai,361,0.066,91,0.0323,0.7609,0.066,0.5342,0.7906,True,U3
genre,minutes,would/other,T2,vix,361,0.066,91,0.053,0.6181,0.0679,0.5225,0.6237,True,U3
genre,minutes,would/other,T3,cfnai,574,0.053,131,-0.0454,0.6062,-0.0046,0.9582,0.9676,True,U3
genre,minutes,would/other,T3,vix,574,0.053,131,0.1482,0.0912,0.1634,0.0621,0.143,True,U3
genre,minutes,would/other,H1,cfnai,198,0.083,48,-0.0265,0.8579,-0.0152,0.9181,0.9922,True,U3
genre,minutes,would/other,H1,vix,198,0.083,48,-0.0466,0.753,-0.0112,0.9396,0.9664,True,U3
genre,minutes,would/other,H2,cfnai,163,0.047,43,0.0722,0.6453,0.1293,0.4084,0.6409,True,U3
genre,minutes,would/other,H2,vix,163,0.047,43,0.1322,0.398,0.1949,0.2104,0.5191,True,U3
genre,minutes,would/policy_action,T1,cfnai,345,0.101,99,0.0364,0.7205,-0.0453,0.6559,0.8723,True,U3
genre,minutes,would/policy_action,T1,vix,345,0.101,99,-0.2705,0.0068,-0.3789,0.0001,0.001,True,U3
genre,minutes,would/policy_action,T2,cfnai,314,0.11,91,0.0293,0.7826,-0.0226,0.8314,0.8789,True,U3
genre,minutes,would/policy_action,T2,vix,314,0.11,91,-0.419,0.0,-0.4372,0.0,0.0002,True,U3
genre,minutes,would/policy_action,T3,cfnai,430,0.13,131,0.0272,0.7574,-0.0611,0.4885,0.8478,True,U3
genre,minutes,would/policy_action,T3,vix,430,0.13,131,-0.2528,0.0036,-0.3894,0.0,0.0001,True,U3
genre,minutes,would/policy_action,H1,cfnai,230,0.0,48,0.1782,0.2255,0.1351,0.36,0.8101,True,U3
genre,minutes,would/policy_action,H1,vix,230,0.0,48,-0.2476,0.0898,-0.2674,0.0662,0.3971,True,U3
genre,minutes,would/policy_action,H2,cfnai,84,0.233,43,-0.0496,0.7521,-0.1976,0.204,0.4717,True,U3
genre,minutes,would/policy_action,H2,vix,84,0.233,43,-0.2106,0.1752,-0.1555,0.3193,0.5871,True,U3
genre,statement,could/causative,T1,cfnai,50,0.505,101,0.1416,0.1578,-0.0624,0.535,0.8317,True,U3
genre,statement,could/causative,T1,vix,50,0.505,101,0.1793,0.0727,0.3319,0.0007,0.0032,True,U3
genre,statement,could/causative,T2,cfnai,47,0.484,91,-0.079,0.4567,-0.1674,0.1127,0.3791,True,U3
genre,statement,could/causative,T2,vix,47,0.484,91,0.4576,0.0,0.451,0.0,0.0001,True,U3
genre,statement,could/causative,T3,cfnai,54,0.594,133,0.127,0.1453,-0.0108,0.9017,0.9676,True,U3
genre,statement,could/causative,T3,vix,54,0.594,133,0.0968,0.2675,0.1855,0.0326,0.0927,True,U3
genre,statement,could/causative,H1,cfnai,4,0.917,48,0.1142,0.4395,0.0935,0.5272,0.949,False,U3
genre,statement,could/causative,H1,vix,4,0.917,48,-0.1163,0.4312,-0.0829,0.5755,0.8156,False,U3
genre,statement,could/causative,H2,cfnai,43,0.0,43,-0.6024,0.0,-0.4384,0.0033,0.0303,True,U3
genre,statement,could/causative,H2,vix,43,0.0,43,0.0006,0.9969,-0.0119,0.9398,0.9852,True,U3
genre,statement,will/activity,T1,cfnai,132,0.01,101,-0.2299,0.0207,-0.342,0.0005,0.0057,True,U3
genre,statement,will/activity,T1,vix,132,0.01,101,0.0872,0.3857,0.2237,0.0245,0.0699,True,U3
genre,statement,will/activity,T2,cfnai,118,0.0,91,-0.3411,0.0009,-0.2858,0.006,0.0744,True,U3
genre,statement,will/activity,T2,vix,118,0.0,91,0.1861,0.0773,0.241,0.0214,0.0609,True,U3
genre,statement,will/activity,T3,cfnai,158,0.105,133,-0.1864,0.0317,-0.227,0.0086,0.0637,True,U3
genre,statement,will/activity,T3,vix,158,0.105,133,-0.0797,0.3619,-0.004,0.9636,0.9636,True,U3
genre,statement,will/activity,H1,cfnai,65,0.0,48,-0.2107,0.1507,0.0035,0.981,0.9922,True,U3
genre,statement,will/activity,H1,vix,65,0.0,48,0.2214,0.1304,0.1913,0.1928,0.5158,True,U3
genre,statement,will/activity,H2,cfnai,53,0.0,43,-0.4682,0.0015,-0.4736,0.0013,0.0303,True,U3
genre,statement,will/activity,H2,vix,53,0.0,43,-0.0957,0.5415,-0.0729,0.6423,0.8356,True,U3
genre,statement,will/aspectual,T1,cfnai,126,0.327,101,-0.0514,0.6098,-0.1604,0.1092,0.3375,True,U3
genre,statement,will/aspectual,T1,vix,126,0.327,101,0.3333,0.0007,0.4061,0.0,0.0003,True,U3
genre,statement,will/aspectual,T2,cfnai,106,0.352,91,-0.0878,0.4077,-0.1753,0.0964,0.3568,True,U3
genre,statement,will/aspectual,T2,vix,106,0.352,91,0.3444,0.0008,0.3925,0.0001,0.0007,True,U3
genre,statement,will/aspectual,T3,cfnai,175,0.286,133,-0.0489,0.576,-0.1494,0.0861,0.328,True,U3
genre,statement,will/aspectual,T3,vix,175,0.286,133,0.2974,0.0005,0.3372,0.0001,0.0009,True,U3
genre,statement,will/aspectual,H1,cfnai,21,0.667,48,-0.1966,0.1804,-0.1744,0.2359,0.7375,False,U3
genre,statement,will/aspectual,H1,vix,21,0.667,48,0.0793,0.5921,0.0686,0.643,0.8573,False,U3
genre,statement,will/aspectual,H2,cfnai,85,0.0,43,-0.2722,0.0774,-0.2556,0.0981,0.3218,True,U3
genre,statement,will/aspectual,H2,vix,85,0.0,43,-0.338,0.0266,-0.3254,0.0333,0.2461,True,U3
genre,statement,will/copular_adj,T1,cfnai,51,0.535,101,0.2216,0.0259,0.3931,0.0,0.0009,True,U3
genre,statement,will/copular_adj,T1,vix,51,0.535,101,0.094,0.3499,0.151,0.1317,0.2436,True,U3
genre,statement,will/copular_adj,T2,cfnai,48,0.516,91,0.3161,0.0023,0.3377,0.0011,0.0197,True,U3
genre,statement,will/copular_adj,T2,vix,48,0.516,91,0.2958,0.0044,0.219,0.037,0.0978,True,U3
genre,statement,will/copular_adj,T3,cfnai,61,0.579,133,0.2041,0.0185,0.3528,0.0,0.0012,True,U3
genre,statement,will/copular_adj,T3,vix,61,0.579,133,-0.0058,0.9472,-0.0076,0.9312,0.957,True,U3
genre,statement,will/copular_adj,H1,cfnai,24,0.542,48,0.169,0.2509,0.1897,0.1965,0.7072,False,U3
genre,statement,will/copular_adj,H1,vix,24,0.542,48,0.2032,0.166,0.1699,0.2483,0.5258,False,U3
genre,statement,will/copular_adj,H2,cfnai,24,0.488,43,0.4096,0.0064,0.3861,0.0105,0.0651,False,U3
genre,statement,will/copular_adj,H2,vix,24,0.488,43,0.311,0.0424,0.2779,0.0711,0.3761,False,U3
genre,statement,will/mental,T1,cfnai,105,0.257,101,-0.3389,0.0005,-0.2851,0.0039,0.0356,True,U3
genre,statement,will/mental,T1,vix,105,0.257,101,-0.2849,0.0039,-0.3682,0.0002,0.0011,True,U3
genre,statement,will/mental,T2,cfnai,96,0.242,91,-0.3509,0.0007,-0.1811,0.0858,0.3568,True,U3
genre,statement,will/mental,T2,vix,96,0.242,91,-0.4549,0.0,-0.4192,0.0,0.0003,True,U3
genre,statement,will/mental,T3,cfnai,142,0.248,133,-0.3167,0.0002,-0.2701,0.0017,0.0154,True,U3
genre,statement,will/mental,T3,vix,142,0.248,133,-0.3121,0.0003,-0.4091,0.0,0.0,True,U3
genre,statement,will/mental,H1,cfnai,75,0.0,48,-0.0181,0.9027,0.0783,0.5967,0.9617,True,U3
genre,statement,will/mental,H1,vix,75,0.0,48,-0.1939,0.1866,-0.3527,0.014,0.1256,True,U3
genre,statement,will/mental,H2,cfnai,21,0.512,43,-0.5294,0.0003,-0.4529,0.0023,0.0303,False,U3
genre,statement,will/mental,H2,vix,21,0.512,43,-0.3178,0.0378,-0.2571,0.096,0.3948,False,U3
genre,statement,will/occurrence,T1,cfnai,47,0.644,101,-0.0514,0.6099,0.1767,0.0771,0.3375,False,U3
genre,statement,will/occurrence,T1,vix,47,0.644,101,-0.1763,0.0778,-0.2295,0.021,0.0699,False,U3
genre,statement,will/occurrence,T2,cfnai,42,0.659,91,0.1554,0.1413,0.203,0.0537,0.3568,False,U3
genre,statement,will/occurrence,T2,vix,42,0.659,91,-0.3085,0.0029,-0.3639,0.0004,0.0018,False,U3
genre,statement,will/occurrence,T3,cfnai,84,0.579,133,-0.0444,0.6121,0.0954,0.2747,0.6606,True,U3
genre,statement,will/occurrence,T3,vix,84,0.579,133,-0.1846,0.0334,-0.211,0.0148,0.0683,True,U3
genre,statement,will/occurrence,H1,cfnai,36,0.458,48,0.281,0.0531,0.2381,0.1032,0.6193,False,U3
genre,statement,will/occurrence,H1,vix,36,0.458,48,-0.276,0.0575,-0.4,0.0049,0.0582,False,U3
genre,statement,will/occurrence,H2,cfnai,6,0.884,43,0.1361,0.384,0.1699,0.2761,0.5675,False,U3
genre,statement,will/occurrence,H2,vix,6,0.884,43,0.0031,0.9845,0.0483,0.7585,0.9053,False,U3
genre,statement,will/policy_action,T1,cfnai,57,0.614,101,0.0326,0.7461,0.0384,0.7031,0.8723,False,U3
genre,statement,will/policy_action,T1,vix,57,0.614,101,-0.3188,0.0012,-0.4124,0.0,0.0003,False,U3
genre,statement,will/policy_action,T2,cfnai,56,0.582,91,-0.0715,0.5008,0.027,0.7998,0.8703,True,U3
genre,statement,will/policy_action,T2,vix,56,0.582,91,-0.3317,0.0013,-0.3871,0.0002,0.0008,True,U3
genre,statement,will/policy_action,T3,cfnai,86,0.556,133,0.0307,0.7261,0.0312,0.7217,0.9676,True,U3
genre,statement,will/policy_action,T3,vix,86,0.556,133,-0.1365,0.1171,-0.1989,0.0217,0.0774,True,U3
genre,statement,will/policy_action,H1,cfnai,52,0.271,48,0.1195,0.4185,0.1435,0.3305,0.8101,True,U3
genre,statement,will/policy_action,H1,vix,52,0.271,48,-0.109,0.4608,-0.2037,0.1649,0.5158,True,U3
genre,statement,will/policy_action,H2,cfnai,4,0.93,43,-0.2232,0.1502,-0.2406,0.1201,0.3218,False,U3
genre,statement,will/policy_action,H2,vix,4,0.93,43,-0.0551,0.7256,0.0029,0.9852,0.9852,False,U3
genre,statement,would/copular_adj,T1,cfnai,46,0.545,101,0.1358,0.1757,-0.0771,0.4432,0.7514,True,U3
genre,statement,would/copular_adj,T1,vix,46,0.545,101,0.1983,0.0468,0.3589,0.0002,0.0012,True,U3
genre,statement,would/copular_adj,T2,cfnai,43,0.527,91,-0.0854,0.4209,-0.1809,0.0861,0.3568,True,U3
genre,statement,would/copular_adj,T2,vix,43,0.527,91,0.474,0.0,0.4739,0.0,0.0001,True,U3
genre,statement,would/copular_adj,T3,cfnai,46,0.654,133,0.1216,0.1633,-0.0208,0.8119,0.9676,False,U3
genre,statement,would/copular_adj,T3,vix,46,0.654,133,0.1316,0.131,0.2467,0.0042,0.0259,False,U3
genre,statement,would/copular_adj,H1,cfnai,0,1.0,48,,,,,,False,U3
genre,statement,would/copular_adj,H1,vix,0,1.0,48,,,,,,False,U3
genre,statement,would/copular_adj,H2,cfnai,43,0.0,43,-0.6024,0.0,-0.4384,0.0033,0.0303,True,U3
genre,statement,would/copular_adj,H2,vix,43,0.0,43,0.0006,0.9969,-0.0119,0.9398,0.9852,True,U3
layer,min_committee,could/causative,T1,cfnai,55,0.465,99,0.1159,0.2534,-0.0966,0.3416,0.6966,True,U3
layer,min_committee,could/causative,T1,vix,55,0.465,99,0.2079,0.0389,0.3253,0.001,0.0039,True,U3
layer,min_committee,could/causative,T2,cfnai,52,0.451,91,-0.1115,0.2927,-0.2037,0.0528,0.2635,True,U3
layer,min_committee,could/causative,T2,vix,52,0.451,91,0.402,0.0001,0.4138,0.0,0.0003,True,U3
layer,min_committee,could/causative,T3,cfnai,75,0.481,131,0.1063,0.2269,-0.0371,0.6742,0.8535,True,U3
layer,min_committee,could/causative,T3,vix,75,0.481,131,0.2137,0.0142,0.2754,0.0015,0.0078,True,U3
layer,min_committee,could/causative,H1,cfnai,9,0.854,48,0.1356,0.358,0.0568,0.7014,0.9811,False,U3
layer,min_committee,could/causative,H1,vix,9,0.854,48,-0.0756,0.6097,-0.0154,0.9173,0.9902,False,U3
layer,min_committee,could/causative,H2,cfnai,43,0.0,43,-0.6488,0.0,-0.5441,0.0002,0.0076,True,U3
layer,min_committee,could/causative,H2,vix,43,0.0,43,-0.0669,0.67,-0.0994,0.526,0.7771,True,U3
layer,min_committee,should/communication,T1,cfnai,38,0.707,99,0.0505,0.6195,-0.0852,0.402,0.6966,False,U3
layer,min_committee,should/communication,T1,vix,38,0.707,99,0.0213,0.8343,0.1665,0.0996,0.2068,False,U3
layer,min_committee,should/communication,T2,cfnai,37,0.692,91,-0.1124,0.2886,-0.1334,0.2075,0.4668,False,U3
layer,min_committee,should/communication,T2,vix,37,0.692,91,0.132,0.2122,0.2394,0.0223,0.0573,False,U3
layer,min_committee,should/communication,T3,cfnai,46,0.74,131,0.0498,0.572,-0.0345,0.6954,0.8535,False,U3
layer,min_committee,should/communication,T3,vix,46,0.74,131,0.0123,0.8889,0.1151,0.1907,0.3432,False,U3
layer,min_committee,should/communication,H1,cfnai,11,0.854,48,0.021,0.8875,-0.0805,0.5865,0.9803,False,U3
layer,min_committee,should/communication,H1,vix,11,0.854,48,0.1635,0.2668,0.2628,0.0712,0.3638,False,U3
layer,min_committee,should/communication,H2,cfnai,26,0.512,43,-0.2025,0.1927,-0.1521,0.3302,0.5265,False,U3
layer,min_committee,should/communication,H2,vix,26,0.512,43,-0.1991,0.2005,-0.1271,0.4166,0.7771,False,U3
layer,min_committee,would/activity,T1,cfnai,108,0.162,99,-0.2468,0.0138,-0.1065,0.2941,0.6966,True,U3
layer,min_committee,would/activity,T1,vix,108,0.162,99,0.3651,0.0002,0.3282,0.0009,0.0038,True,U3
layer,min_committee,would/activity,T2,cfnai,94,0.176,91,0.0533,0.6157,-0.0104,0.9219,0.951,True,U3
layer,min_committee,would/activity,T2,vix,94,0.176,91,0.2953,0.0045,0.2865,0.0059,0.0177,True,U3
layer,min_committee,would/activity,T3,cfnai,126,0.26,131,-0.1934,0.0269,-0.0004,0.9968,0.9968,True,U3
layer,min_committee,would/activity,T3,vix,126,0.26,131,0.2125,0.0148,0.1642,0.061,0.1321,True,U3
layer,min_committee,would/activity,H1,cfnai,44,0.271,48,-0.0809,0.5846,-0.0089,0.9519,0.9928,True,U3
layer,min_committee,would/activity,H1,vix,44,0.271,48,-0.0465,0.7537,-0.0549,0.7108,0.9902,True,U3
layer,min_committee,would/activity,H2,cfnai,50,0.07,43,0.1234,0.4305,0.0463,0.7682,0.8806,True,U3
layer,min_committee,would/activity,H2,vix,50,0.07,43,0.1681,0.2812,0.1077,0.4917,0.7771,True,U3
layer,min_committee,would/aspectual,T1,cfnai,116,0.212,99,-0.1509,0.1361,-0.0852,0.4019,0.6966,True,U3
layer,min_committee,would/aspectual,T1,vix,116,0.212,99,0.448,0.0,0.4753,0.0,0.0,True,U3
layer,min_committee,would/aspectual,T2,cfnai,103,0.22,91,0.0583,0.5833,-0.0887,0.4028,0.6988,True,U3
layer,min_committee,would/aspectual,T2,vix,103,0.22,91,0.4018,0.0001,0.4222,0.0,0.0003,True,U3
layer,min_committee,would/aspectual,T3,cfnai,130,0.305,131,-0.1372,0.1181,-0.0716,0.4161,0.7489,True,U3
layer,min_committee,would/aspectual,T3,vix,130,0.305,131,0.2847,0.001,0.2705,0.0018,0.0087,True,U3
layer,min_committee,would/aspectual,H1,cfnai,36,0.417,48,-0.1705,0.2466,-0.1727,0.2404,0.7401,False,U3
layer,min_committee,would/aspectual,H1,vix,36,0.417,48,0.0265,0.8583,0.0272,0.8543,0.9902,False,U3
layer,min_committee,would/aspectual,H2,cfnai,67,0.0,43,0.144,0.3569,0.0676,0.6666,0.8239,True,U3
layer,min_committee,would/aspectual,H2,vix,67,0.0,43,0.0972,0.5351,0.0979,0.5324,0.7771,True,U3
layer,min_committee,would/causative,T1,cfnai,48,0.717,99,-0.1646,0.1035,-0.0372,0.715,0.8393,False,U3
layer,min_committee,would/causative,T1,vix,48,0.717,99,-0.0968,0.3405,-0.229,0.0226,0.0555,False,U3
layer,min_committee,would/causative,T2,cfnai,43,0.736,91,0.0332,0.7549,0.0687,0.5177,0.7555,False,U3
layer,min_committee,would/causative,T2,vix,43,0.736,91,-0.3211,0.0019,-0.3852,0.0002,0.0007,False,U3
layer,min_committee,would/causative,T3,cfnai,68,0.687,131,-0.1427,0.1041,0.0071,0.9357,0.9823,False,U3
layer,min_committee,would/causative,T3,vix,68,0.687,131,-0.1161,0.1867,-0.1687,0.054,0.1268,False,U3
layer,min_committee,would/causative,H1,cfnai,40,0.542,48,0.0304,0.8375,-0.0063,0.9661,0.9928,True,U3
layer,min_committee,would/causative,H1,vix,40,0.542,48,-0.3944,0.0055,-0.3936,0.0056,0.1297,True,U3
layer,min_committee,would/causative,H2,cfnai,3,0.953,43,0.1288,0.4106,0.1457,0.3511,0.5265,False,U3
layer,min_committee,would/causative,H2,vix,3,0.953,43,0.231,0.1361,0.1204,0.4418,0.7771,False,U3
layer,min_committee,would/copular_adj,T1,cfnai,126,0.232,99,0.1968,0.0509,0.2871,0.004,0.0237,True,U3
layer,min_committee,would/copular_adj,T1,vix,126,0.232,99,0.4032,0.0,0.4869,0.0,0.0,True,U3
layer,min_committee,would/copular_adj,T2,cfnai,112,0.22,91,0.268,0.0102,0.1984,0.0594,0.2673,True,U3
layer,min_committee,would/copular_adj,T2,vix,112,0.22,91,0.5857,0.0,0.5395,0.0,0.0,True,U3
layer,min_committee,would/copular_adj,T3,cfnai,177,0.237,131,0.1716,0.05,0.2875,0.0009,0.0117,True,U3
layer,min_committee,would/copular_adj,T3,vix,177,0.237,131,0.3217,0.0002,0.4216,0.0,0.0,True,U3
layer,min_committee,would/copular_adj,H1,cfnai,35,0.417,48,0.3489,0.0151,0.3757,0.0085,0.1305,False,U3
layer,min_committee,would/copular_adj,H1,vix,35,0.417,48,0.2435,0.0953,0.1225,0.4068,0.8137,False,U3
layer,min_committee,would/copular_adj,H2,cfnai,77,0.0,43,0.362,0.017,0.4555,0.0021,0.0192,True,U3
layer,min_committee,would/copular_adj,H2,vix,77,0.0,43,0.4712,0.0014,0.3998,0.0079,0.0991,True,U3
layer,min_committee,would/existence,T1,cfnai,52,0.586,99,0.124,0.2213,0.425,0.0,0.0003,True,U3
layer,min_committee,would/existence,T1,vix,52,0.586,99,-0.2437,0.0151,-0.2637,0.0083,0.0272,True,U3
layer,min_committee,would/existence,T2,cfnai,47,0.593,91,0.3098,0.0028,0.4008,0.0001,0.0025,True,U3
layer,min_committee,would/existence,T2,vix,47,0.593,91,-0.3465,0.0008,-0.3548,0.0006,0.0022,True,U3
layer,min_committee,would/existence,T3,cfnai,59,0.641,131,0.1145,0.1927,0.3799,0.0,0.0002,False,U3
layer,min_committee,would/existence,T3,vix,59,0.641,131,-0.2184,0.0122,-0.2204,0.0114,0.0423,False,U3
layer,min_committee,would/existence,H1,cfnai,43,0.312,48,0.566,0.0,0.5998,0.0,0.0003,True,U3
layer,min_committee,would/existence,H1,vix,43,0.312,48,-0.2182,0.1363,-0.2869,0.0481,0.3159,True,U3
layer,min_committee,would/existence,H2,cfnai,4,0.907,43,0.3948,0.0088,0.3361,0.0276,0.0975,False,U3
layer,min_committee,would/existence,H2,vix,4,0.907,43,0.0767,0.6247,0.1345,0.3897,0.7771,False,U3
layer,min_committee,would/mental,T1,cfnai,71,0.414,99,-0.4085,0.0,-0.4792,0.0,0.0,True,U3
layer,min_committee,would/mental,T1,vix,71,0.414,99,0.0315,0.7569,-0.0908,0.3715,0.4893,True,U3
layer,min_committee,would/mental,T2,cfnai,63,0.418,91,-0.3873,0.0001,-0.3984,0.0001,0.0025,True,U3
layer,min_committee,would/mental,T2,vix,63,0.418,91,-0.1513,0.1523,-0.1515,0.1517,0.2731,True,U3
layer,min_committee,would/mental,T3,cfnai,80,0.489,131,-0.3774,0.0,-0.4067,0.0,0.0001,True,U3
layer,min_committee,would/mental,T3,vix,80,0.489,131,0.0266,0.7634,-0.1013,0.2495,0.3963,True,U3
layer,min_committee,would/mental,H1,cfnai,39,0.375,48,-0.2979,0.0397,-0.2849,0.0497,0.3811,False,U3
layer,min_committee,would/mental,H1,vix,39,0.375,48,-0.254,0.0815,-0.1826,0.2142,0.5475,False,U3
layer,min_committee,would/mental,H2,cfnai,24,0.465,43,-0.4457,0.0027,-0.4201,0.005,0.0263,False,U3
layer,min_committee,would/mental,H2,vix,24,0.465,43,-0.2166,0.163,-0.206,0.185,0.5434,False,U3
layer,min_committee,would/occurrence,T1,cfnai,89,0.556,99,0.0524,0.6066,0.0758,0.4557,0.6966,True,U3
layer,min_committee,would/occurrence,T1,vix,89,0.556,99,-0.3292,0.0009,-0.3569,0.0003,0.0017,True,U3
layer,min_committee,would/occurrence,T2,cfnai,89,0.516,91,0.014,0.8953,0.0736,0.4882,0.7376,True,U3
layer,min_committee,would/occurrence,T2,vix,89,0.516,91,-0.2854,0.0061,-0.303,0.0035,0.0111,True,U3
layer,min_committee,would/occurrence,T3,cfnai,110,0.527,131,0.0522,0.5541,0.0751,0.3936,0.7329,True,U3
layer,min_committee,would/occurrence,T3,vix,110,0.527,131,-0.2726,0.0016,-0.31,0.0003,0.0021,True,U3
layer,min_committee,would/occurrence,H1,cfnai,82,0.188,48,0.0644,0.6636,0.0521,0.7251,0.9811,True,U3
layer,min_committee,would/occurrence,H1,vix,82,0.188,48,0.1374,0.3516,0.1318,0.3719,0.8137,True,U3
layer,min_committee,would/occurrence,H2,cfnai,7,0.884,43,0.0611,0.6973,0.0483,0.7584,0.8806,False,U3
layer,min_committee,would/occurrence,H2,vix,7,0.884,43,-0.1347,0.3892,-0.0907,0.5628,0.778,False,U3
layer,min_committee,would/other,T1,cfnai,26,0.798,99,0.1425,0.1595,0.3151,0.0015,0.0134,False,U3
layer,min_committee,would/other,T1,vix,26,0.798,99,0.0605,0.5519,0.0919,0.3655,0.4893,False,U3
layer,min_committee,would/other,T2,cfnai,23,0.813,91,0.2965,0.0043,0.2782,0.0076,0.0585,False,U3
layer,min_committee,would/other,T2,vix,23,0.813,91,-0.0339,0.7496,0.0245,0.8179,0.8661,False,U3
layer,min_committee,would/other,T3,cfnai,53,0.74,131,0.0759,0.3887,0.2291,0.0085,0.0465,False,U3
layer,min_committee,would/other,T3,vix,53,0.74,131,0.1712,0.0506,0.171,0.0508,0.1255,False,U3
layer,min_committee,would/other,H1,cfnai,15,0.792,48,0.0536,0.7173,0.053,0.7206,0.9811,False,U3
layer,min_committee,would/other,H1,vix,15,0.792,48,0.0206,0.8893,0.074,0.6171,0.9859,False,U3
layer,min_committee,would/other,H2,cfnai,8,0.837,43,0.5367,0.0002,0.4964,0.0007,0.0167,False,U3
layer,min_committee,would/other,H2,vix,8,0.837,43,-0.019,0.9036,0.0438,0.7803,0.8945,False,U3
layer,min_committee,would/policy_action,T1,cfnai,56,0.626,99,0.0373,0.7137,0.0286,0.7787,0.8605,False,U3
layer,min_committee,would/policy_action,T1,vix,56,0.626,99,-0.3187,0.0013,-0.4226,0.0,0.0002,False,U3
layer,min_committee,would/policy_action,T2,cfnai,55,0.604,91,-0.0091,0.9316,0.0337,0.7513,0.9376,False,U3
layer,min_committee,would/policy_action,T2,vix,55,0.604,91,-0.3552,0.0005,-0.4339,0.0,0.0002,False,U3
layer,min_committee,would/policy_action,T3,cfnai,68,0.649,131,0.0335,0.7039,0.0365,0.679,0.8535,False,U3
layer,min_committee,would/policy_action,T3,vix,68,0.649,131,-0.3155,0.0002,-0.4061,0.0,0.0,False,U3
layer,min_committee,would/policy_action,H1,cfnai,52,0.292,48,0.2168,0.1389,0.2238,0.1263,0.6455,True,U3
layer,min_committee,would/policy_action,H1,vix,52,0.292,48,-0.1978,0.1777,-0.3194,0.0269,0.2368,True,U3
layer,min_committee,would/policy_action,H2,cfnai,3,0.953,43,-0.2248,0.1472,-0.3192,0.0369,0.1085,False,U3
layer,min_committee,would/policy_action,H2,vix,3,0.953,43,-0.1002,0.5226,-0.065,0.679,0.8759,False,U3
layer,min_participants,could/activity,T1,cfnai,114,0.354,99,-0.1292,0.2024,-0.3101,0.0018,0.0138,True,U3
layer,min_participants,could/activity,T1,vix,114,0.354,99,0.1739,0.0852,0.0213,0.834,0.9121,True,U3
layer,min_participants,could/activity,T2,cfnai,101,0.341,91,-0.226,0.0313,-0.2859,0.006,0.0543,True,U3
layer,min_participants,could/activity,T2,vix,101,0.341,91,0.0589,0.5792,0.0276,0.7947,0.8583,True,U3
layer,min_participants,could/activity,T3,cfnai,131,0.412,131,-0.1223,0.1642,-0.2447,0.0048,0.0362,True,U3
layer,min_participants,could/activity,T3,vix,131,0.412,131,0.109,0.2152,-0.0182,0.8363,0.9408,True,U3
layer,min_participants,could/activity,H1,cfnai,38,0.438,48,-0.2086,0.1548,-0.0469,0.7518,0.9881,False,U3
layer,min_participants,could/activity,H1,vix,38,0.438,48,-0.0749,0.6129,-0.0018,0.9902,0.9902,False,U3
layer,min_participants,could/activity,H2,cfnai,63,0.233,43,-0.2695,0.0806,-0.3917,0.0094,0.0441,True,U3
layer,min_participants,could/activity,H2,vix,63,0.233,43,-0.1221,0.4352,-0.3197,0.0366,0.2868,True,U3
layer,min_participants,could/causative,T1,cfnai,248,0.131,99,0.1916,0.0574,0.1301,0.1993,0.6626,True,U3
layer,min_participants,could/causative,T1,vix,248,0.131,99,0.1012,0.3191,0.0932,0.3587,0.4893,True,U3
layer,min_participants,could/causative,T2,cfnai,221,0.143,91,0.1029,0.3319,0.0618,0.5606,0.7761,True,U3
layer,min_participants,could/causative,T2,vix,221,0.143,91,0.0818,0.4411,0.0568,0.5929,0.7277,True,U3
layer,min_participants,could/causative,T3,cfnai,295,0.16,131,0.1733,0.0477,0.1427,0.104,0.468,True,U3
layer,min_participants,could/causative,T3,vix,295,0.16,131,0.0911,0.3009,0.0463,0.5994,0.7528,True,U3
layer,min_participants,could/causative,H1,cfnai,119,0.146,48,0.0518,0.7265,0.0644,0.6637,0.9811,True,U3
layer,min_participants,could/causative,H1,vix,119,0.146,48,-0.0908,0.5394,0.0037,0.9801,0.9902,True,U3
layer,min_participants,could/causative,H2,cfnai,102,0.14,43,0.1279,0.4137,0.0232,0.8825,0.9217,True,U3
layer,min_participants,could/causative,H2,vix,102,0.14,43,0.1785,0.2522,0.1691,0.2785,0.6889,True,U3
layer,min_participants,could/copular_adj,T1,cfnai,52,0.596,99,0.004,0.9684,-0.1456,0.1505,0.5418,True,U3
layer,min_participants,could/copular_adj,T1,vix,52,0.596,99,-0.0139,0.8916,0.0643,0.527,0.6618,True,U3
layer,min_participants,could/copular_adj,T2,cfnai,46,0.615,91,-0.2291,0.0289,-0.1759,0.0953,0.2907,False,U3
layer,min_participants,could/copular_adj,T2,vix,46,0.615,91,0.0067,0.9497,0.0647,0.5424,0.6973,False,U3
layer,min_participants,could/copular_adj,T3,cfnai,66,0.634,131,0.0012,0.9892,-0.1221,0.1649,0.5798,False,U3
layer,min_participants,could/copular_adj,T3,vix,66,0.634,131,0.0356,0.6864,0.0728,0.4087,0.5965,False,U3
layer,min_participants,could/copular_adj,H1,cfnai,27,0.604,48,-0.3739,0.0088,-0.3235,0.0249,0.267,False,U3
layer,min_participants,could/copular_adj,H1,vix,27,0.604,48,-0.0907,0.5399,0.0192,0.8971,0.9902,False,U3
layer,min_participants,could/copular_adj,H2,cfnai,19,0.628,43,-0.1323,0.3975,-0.0315,0.841,0.9173,False,U3
layer,min_participants,could/copular_adj,H2,vix,19,0.628,43,0.2229,0.1508,0.2465,0.1111,0.452,False,U3
layer,min_participants,could/existence,T1,cfnai,38,0.677,99,-0.0173,0.8653,0.1198,0.2377,0.6966,False,U3
layer,min_participants,could/existence,T1,vix,38,0.677,99,-0.0138,0.8925,-0.0005,0.9958,0.9958,False,U3
layer,min_participants,could/existence,T2,cfnai,35,0.681,91,0.1014,0.339,0.1628,0.1231,0.3325,False,U3
layer,min_participants,could/existence,T2,vix,35,0.681,91,0.0762,0.473,0.0488,0.6461,0.7424,False,U3
layer,min_participants,could/existence,T3,cfnai,49,0.679,131,-0.025,0.7767,0.0454,0.6068,0.8402,False,U3
layer,min_participants,could/existence,T3,vix,49,0.679,131,0.0405,0.6459,0.0046,0.958,0.9641,False,U3
layer,min_participants,could/existence,H1,cfnai,19,0.688,48,-0.008,0.957,0.0208,0.8883,0.9928,False,U3
layer,min_participants,could/existence,H1,vix,19,0.688,48,0.0063,0.9659,0.0199,0.8929,0.9902,False,U3
layer,min_participants,could/existence,H2,cfnai,16,0.674,43,0.1844,0.2365,0.3128,0.0411,0.1137,False,U3
layer,min_participants,could/existence,H2,vix,16,0.674,43,0.1629,0.2967,0.1054,0.5013,0.7771,False,U3
layer,min_participants,could/occurrence,T1,cfnai,132,0.202,99,0.0727,0.4747,-0.0295,0.7722,0.8605,True,U3
layer,min_participants,could/occurrence,T1,vix,132,0.202,99,0.1653,0.102,0.1194,0.2393,0.3801,True,U3
layer,min_participants,could/occurrence,T2,cfnai,117,0.22,91,-0.0854,0.4209,-0.0843,0.427,0.6988,True,U3
layer,min_participants,could/occurrence,T2,vix,117,0.22,91,0.0851,0.4225,0.1103,0.2977,0.4466,True,U3
layer,min_participants,could/occurrence,T3,cfnai,164,0.229,131,0.0554,0.5297,-0.0527,0.5501,0.8252,True,U3
layer,min_participants,could/occurrence,T3,vix,164,0.229,131,0.1224,0.1638,0.1047,0.2341,0.386,True,U3
layer,min_participants,could/occurrence,H1,cfnai,50,0.354,48,-0.1483,0.3145,-0.1329,0.3677,0.8167,True,U3
layer,min_participants,could/occurrence,H1,vix,50,0.354,48,-0.0228,0.8775,0.0143,0.923,0.9902,True,U3
layer,min_participants,could/occurrence,H2,cfnai,67,0.07,43,-0.0757,0.6294,0.017,0.9138,0.9337,True,U3
layer,min_participants,could/occurrence,H2,vix,67,0.07,43,-0.1108,0.4793,-0.1476,0.3448,0.7771,True,U3
layer,min_participants,could/other,T1,cfnai,148,0.253,99,-0.0884,0.3842,-0.1845,0.0675,0.3038,True,U3
layer,min_participants,could/other,T1,vix,148,0.253,99,0.0113,0.9116,0.0114,0.911,0.961,True,U3
layer,min_participants,could/other,T2,cfnai,130,0.275,91,0.0269,0.8003,-0.1217,0.2506,0.5386,True,U3
layer,min_participants,could/other,T2,vix,130,0.275,91,-0.022,0.8362,0.0039,0.971,0.971,True,U3
layer,min_participants,could/other,T3,cfnai,178,0.29,131,-0.0938,0.2867,-0.242,0.0054,0.0362,True,U3
layer,min_participants,could/other,T3,vix,178,0.29,131,-0.0358,0.6851,-0.019,0.8292,0.9408,True,U3
layer,min_participants,could/other,H1,cfnai,68,0.25,48,-0.1996,0.1737,-0.1738,0.2376,0.7401,True,U3
layer,min_participants,could/other,H1,vix,68,0.25,48,0.2599,0.0744,0.1891,0.198,0.5357,True,U3
layer,min_participants,could/other,H2,cfnai,62,0.302,43,0.149,0.3404,-0.064,0.6836,0.8239,True,U3
layer,min_participants,could/other,H2,vix,62,0.302,43,-0.2669,0.0835,-0.2436,0.1154,0.452,True,U3
layer,min_participants,could/policy_action,T1,cfnai,55,0.596,99,-0.0263,0.7958,-0.09,0.3757,0.6966,True,U3
layer,min_participants,could/policy_action,T1,vix,55,0.596,99,0.1627,0.1076,0.2545,0.011,0.0331,True,U3
layer,min_participants,could/policy_action,T2,cfnai,47,0.637,91,-0.162,0.1249,-0.1417,0.1803,0.4233,False,U3
layer,min_participants,could/policy_action,T2,vix,47,0.637,91,0.1049,0.3224,0.1813,0.0855,0.1846,False,U3
layer,min_participants,could/policy_action,T3,cfnai,67,0.618,131,-0.029,0.7426,-0.1032,0.2408,0.601,False,U3
layer,min_participants,could/policy_action,T3,vix,67,0.618,131,0.0755,0.3916,0.164,0.0612,0.1321,False,U3
layer,min_participants,could/policy_action,H1,cfnai,13,0.75,48,0.1388,0.3469,0.1411,0.3387,0.8167,False,U3
layer,min_participants,could/policy_action,H1,vix,13,0.75,48,0.1386,0.3474,0.0874,0.5549,0.9804,False,U3
layer,min_participants,could/policy_action,H2,cfnai,34,0.512,43,-0.2828,0.0662,-0.3226,0.0349,0.1085,False,U3
layer,min_participants,could/policy_action,H2,vix,34,0.512,43,-0.1289,0.41,-0.0627,0.6895,0.8759,False,U3
layer,min_participants,may/copular_adj,T1,cfnai,42,0.727,99,-0.0146,0.8863,-0.2132,0.0341,0.1843,False,U3
layer,min_participants,may/copular_adj,T1,vix,42,0.727,99,0.0297,0.7705,-0.0422,0.678,0.8136,False,U3
layer,min_participants,may/copular_adj,T2,cfnai,38,0.725,91,-0.2146,0.0411,-0.2217,0.0347,0.208,False,U3
layer,min_participants,may/copular_adj,T2,vix,38,0.725,91,-0.0774,0.4658,-0.0656,0.537,0.6973,False,U3
layer,min_participants,may/copular_adj,T3,cfnai,44,0.779,131,-0.0094,0.9152,-0.1298,0.1394,0.5792,False,U3
layer,min_participants,may/copular_adj,T3,vix,44,0.779,131,-0.005,0.9552,-0.076,0.388,0.5965,False,U3
layer,min_participants,may/copular_adj,H1,cfnai,11,0.833,48,-0.0375,0.8001,-0.0574,0.6982,0.9811,False,U3
layer,min_participants,may/copular_adj,H1,vix,11,0.833,48,0.1368,0.3537,0.043,0.7718,0.9902,False,U3
layer,min_participants,may/copular_adj,H2,cfnai,27,0.605,43,-0.3098,0.0432,-0.2949,0.0549,0.1434,False,U3
layer,min_participants,may/copular_adj,H2,vix,27,0.605,43,-0.4272,0.0043,-0.5353,0.0002,0.0102,False,U3
layer,min_participants,would/activity,T1,cfnai,158,0.303,99,-0.186,0.0653,-0.0831,0.4136,0.6966,True,U3
layer,min_participants,would/activity,T1,vix,158,0.303,99,0.4382,0.0,0.4678,0.0,0.0,True,U3
layer,min_participants,would/activity,T2,cfnai,130,0.319,91,0.073,0.4914,-0.0158,0.8818,0.951,True,U3
layer,min_participants,would/activity,T2,vix,130,0.319,91,0.5304,0.0,0.4888,0.0,0.0,True,U3
layer,min_participants,would/activity,T3,cfnai,182,0.359,131,-0.1721,0.0494,-0.0652,0.4595,0.7754,True,U3
layer,min_participants,would/activity,T3,vix,182,0.359,131,0.2788,0.0013,0.2785,0.0013,0.0077,True,U3
layer,min_participants,would/activity,H1,cfnai,39,0.438,48,-0.1506,0.3068,-0.1819,0.2158,0.7401,False,U3
layer,min_participants,would/activity,H1,vix,39,0.438,48,0.4184,0.0031,0.312,0.0309,0.2368,False,U3
layer,min_participants,would/activity,H2,cfnai,91,0.186,43,0.1321,0.3983,0.1435,0.3585,0.5265,True,U3
layer,min_participants,would/activity,H2,vix,91,0.186,43,0.4155,0.0056,0.3968,0.0084,0.0991,True,U3
layer,min_participants,would/aspectual,T1,cfnai,120,0.333,99,0.0577,0.5707,0.0823,0.4183,0.6966,True,U3
layer,min_participants,would/aspectual,T1,vix,120,0.333,99,0.0561,0.5811,-0.0308,0.7621,0.8756,True,U3
layer,min_participants,would/aspectual,T2,cfnai,101,0.341,91,0.0903,0.3946,0.0265,0.8035,0.9376,True,U3
layer,min_participants,would/aspectual,T2,vix,101,0.341,91,-0.1709,0.1053,-0.1713,0.1045,0.2089,True,U3
layer,min_participants,would/aspectual,T3,cfnai,144,0.382,131,0.0539,0.5411,0.1188,0.1767,0.5798,True,U3
layer,min_participants,would/aspectual,T3,vix,144,0.382,131,0.044,0.6179,-0.0327,0.7105,0.8526,True,U3
layer,min_participants,would/aspectual,H1,cfnai,53,0.312,48,-0.0171,0.908,-0.0241,0.8708,0.9928,True,U3
layer,min_participants,would/aspectual,H1,vix,53,0.312,48,-0.1439,0.3293,-0.2426,0.0966,0.3796,True,U3
layer,min_participants,would/aspectual,H2,cfnai,48,0.372,43,0.1623,0.2985,0.0918,0.558,0.7494,True,U3
layer,min_participants,would/aspectual,H2,vix,48,0.372,43,-0.2528,0.102,-0.2209,0.1545,0.4841,True,U3
layer,min_participants,would/causative,T1,cfnai,155,0.232,99,-0.098,0.3344,0.089,0.3812,0.6966,True,U3
layer,min_participants,would/causative,T1,vix,155,0.232,99,0.043,0.6728,0.1001,0.324,0.486,True,U3
layer,min_participants,would/causative,T2,cfnai,144,0.231,91,0.1059,0.3178,0.1769,0.0934,0.2907,True,U3
layer,min_participants,would/causative,T2,vix,144,0.231,91,0.0553,0.6026,0.1178,0.2662,0.4229,True,U3
layer,min_participants,would/causative,T3,cfnai,199,0.229,131,-0.0781,0.375,0.0892,0.3108,0.6456,True,U3
layer,min_participants,would/causative,T3,vix,199,0.229,131,-0.0113,0.8985,0.0679,0.4411,0.6108,True,U3
layer,min_participants,would/causative,H1,cfnai,68,0.25,48,0.0905,0.5406,0.1315,0.3729,0.8167,True,U3
layer,min_participants,would/causative,H1,vix,68,0.25,48,-0.1795,0.2222,-0.117,0.4283,0.821,True,U3
layer,min_participants,would/causative,H2,cfnai,76,0.209,43,0.1075,0.4925,0.1728,0.2678,0.499,True,U3
layer,min_participants,would/causative,H2,vix,76,0.209,43,0.0753,0.6312,0.2268,0.1436,0.4821,True,U3
layer,min_participants,would/copular_adj,T1,cfnai,321,0.071,99,-0.2522,0.0118,-0.0283,0.7808,0.8605,True,U3
layer,min_participants,would/copular_adj,T1,vix,321,0.071,99,0.282,0.0047,0.2198,0.0288,0.0622,True,U3
layer,min_participants,would/copular_adj,T2,cfnai,271,0.077,91,0.0713,0.5016,0.0776,0.4646,0.7376,True,U3
layer,min_participants,would/copular_adj,T2,vix,271,0.077,91,0.1535,0.1462,0.1634,0.1218,0.2349,True,U3
layer,min_participants,would/copular_adj,T3,cfnai,375,0.115,131,-0.229,0.0085,-0.0653,0.459,0.7754,True,U3
layer,min_participants,would/copular_adj,T3,vix,375,0.115,131,0.1596,0.0686,0.1291,0.1416,0.2637,True,U3
layer,min_participants,would/copular_adj,H1,cfnai,134,0.062,48,0.1475,0.317,0.1472,0.3179,0.8167,True,U3
layer,min_participants,would/copular_adj,H1,vix,134,0.062,48,-0.0137,0.9262,0.0452,0.7605,0.9902,True,U3
layer,min_participants,would/copular_adj,H2,cfnai,137,0.093,43,0.0208,0.8947,-0.001,0.9948,0.9948,True,U3
layer,min_participants,would/copular_adj,H2,vix,137,0.093,43,0.2228,0.151,0.27,0.08,0.4177,True,U3
layer,min_participants,would/copular_nom,T1,cfnai,31,0.737,99,-0.0433,0.6707,0.0085,0.9333,0.9509,False,U3
layer,min_participants,would/copular_nom,T1,vix,31,0.737,99,0.0163,0.8731,0.0485,0.6333,0.7773,False,U3
layer,min_participants,would/copular_nom,T2,cfnai,27,0.758,91,0.0064,0.9519,0.0284,0.7893,0.9376,False,U3
layer,min_participants,would/copular_nom,T2,vix,27,0.758,91,-0.0627,0.5548,-0.0095,0.9286,0.9517,False,U3
layer,min_participants,would/copular_nom,T3,cfnai,41,0.733,131,-0.0322,0.7146,0.0246,0.7806,0.8968,False,U3
layer,min_participants,would/copular_nom,T3,vix,41,0.733,131,-0.0434,0.6225,-0.004,0.9641,0.9641,False,U3
layer,min_participants,would/copular_nom,H1,cfnai,14,0.771,48,-0.0127,0.9319,-0.0017,0.9909,0.9928,False,U3
layer,min_participants,would/copular_nom,H1,vix,14,0.771,48,0.0116,0.9374,0.059,0.6905,0.9902,False,U3
layer,min_participants,would/copular_nom,H2,cfnai,13,0.744,43,0.0181,0.9081,0.0702,0.6544,0.8239,False,U3
layer,min_participants,would/copular_nom,H2,vix,13,0.744,43,-0.1657,0.2883,-0.1249,0.425,0.7771,False,U3
layer,min_participants,would/existence,T1,cfnai,93,0.455,99,0.0952,0.3484,0.3445,0.0005,0.0052,True,U3
layer,min_participants,would/existence,T1,vix,93,0.455,99,0.1902,0.0593,0.145,0.152,0.2737,True,U3
layer,min_participants,would/existence,T2,cfnai,76,0.473,91,0.3481,0.0007,0.3423,0.0009,0.0143,True,U3
layer,min_participants,would/existence,T2,vix,76,0.473,91,0.1097,0.3004,0.0451,0.6714,0.7553,True,U3
layer,min_participants,would/existence,T3,cfnai,108,0.489,131,0.0848,0.3357,0.2675,0.002,0.0181,True,U3
layer,min_participants,would/existence,T3,vix,108,0.489,131,0.1377,0.1167,0.1043,0.2359,0.386,True,U3
layer,min_participants,would/existence,H1,cfnai,35,0.479,48,0.3515,0.0143,0.3757,0.0085,0.1305,False,U3
layer,min_participants,would/existence,H1,vix,35,0.479,48,-0.0492,0.7396,-0.0687,0.6427,0.9859,False,U3
layer,min_participants,would/existence,H2,cfnai,41,0.465,43,0.3463,0.0229,0.3516,0.0208,0.0814,True,U3
layer,min_participants,would/existence,H2,vix,41,0.465,43,0.1315,0.4007,0.1222,0.435,0.7771,True,U3
layer,min_participants,would/mental,T1,cfnai,75,0.404,99,0.0122,0.9047,-0.0441,0.6647,0.8157,True,U3
layer,min_participants,would/mental,T1,vix,75,0.404,99,-0.0354,0.7283,-0.0742,0.4653,0.5982,True,U3
layer,min_participants,would/mental,T2,cfnai,69,0.407,91,-0.0707,0.5055,-0.0493,0.6429,0.8679,True,U3
layer,min_participants,would/mental,T2,vix,69,0.407,91,-0.0878,0.4081,-0.085,0.4232,0.586,True,U3
layer,min_participants,would/mental,T3,cfnai,104,0.382,131,0.0003,0.9975,-0.1142,0.194,0.5819,True,U3
layer,min_participants,would/mental,T3,vix,104,0.382,131,-0.0411,0.6413,-0.0567,0.5198,0.6846,True,U3
layer,min_participants,would/mental,H1,cfnai,42,0.312,48,-0.0691,0.6409,-0.1092,0.4602,0.8821,True,U3
layer,min_participants,would/mental,H1,vix,42,0.312,48,-0.1017,0.4914,0.0069,0.9626,0.9902,True,U3
layer,min_participants,would/mental,H2,cfnai,27,0.512,43,-0.0656,0.676,-0.028,0.8587,0.9173,False,U3
layer,min_participants,would/mental,H2,vix,27,0.512,43,0.0427,0.7857,0.0571,0.716,0.8856,False,U3
layer,min_participants,would/occurrence,T1,cfnai,187,0.202,99,0.0946,0.3514,-0.0744,0.4644,0.6966,True,U3
layer,min_participants,would/occurrence,T1,vix,187,0.202,99,-0.0572,0.5736,-0.0095,0.9254,0.961,True,U3
layer,min_participants,would/occurrence,T2,cfnai,174,0.209,91,-0.1288,0.2238,-0.1195,0.2593,0.5386,True,U3
layer,min_participants,would/occurrence,T2,vix,174,0.209,91,0.0393,0.7116,0.0724,0.4952,0.6685,True,U3
layer,min_participants,would/occurrence,T3,cfnai,249,0.183,131,0.0952,0.2795,0.004,0.9641,0.9823,True,U3
layer,min_participants,would/occurrence,T3,vix,249,0.183,131,0.0282,0.7493,0.054,0.5403,0.6946,True,U3
layer,min_participants,would/occurrence,H1,cfnai,111,0.146,48,-0.0667,0.6523,-0.063,0.6706,0.9811,True,U3
layer,min_participants,would/occurrence,H1,vix,111,0.146,48,0.33,0.022,0.2731,0.0604,0.3471,True,U3
layer,min_participants,would/occurrence,H2,cfnai,63,0.279,43,-0.1855,0.2337,-0.2312,0.1357,0.2899,True,U3
layer,min_participants,would/occurrence,H2,vix,63,0.279,43,0.0874,0.5775,0.1168,0.4558,0.7771,True,U3
layer,min_participants,would/other,T1,cfnai,213,0.091,99,-0.1513,0.135,-0.066,0.5164,0.7156,True,U3
layer,min_participants,would/other,T1,vix,213,0.091,99,0.0951,0.3493,0.156,0.1231,0.2461,True,U3
layer,min_participants,would/other,T2,cfnai,190,0.099,91,-0.0238,0.8225,0.0089,0.9334,0.951,True,U3
layer,min_participants,would/other,T2,vix,190,0.099,91,0.0089,0.9336,0.1066,0.3145,0.459,True,U3
layer,min_participants,would/other,T3,cfnai,281,0.099,131,-0.1352,0.1236,-0.1087,0.2167,0.585,True,U3
layer,min_participants,would/other,T3,vix,281,0.099,131,0.0907,0.303,0.1602,0.0676,0.1403,True,U3
layer,min_participants,would/other,H1,cfnai,94,0.125,48,0.0261,0.8603,-0.0179,0.9041,0.9928,True,U3
layer,min_participants,would/other,H1,vix,94,0.125,48,-0.097,0.5121,-0.0255,0.8635,0.9902,True,U3
layer,min_participants,would/other,H2,cfnai,96,0.07,43,-0.0681,0.6642,0.0351,0.823,0.9173,True,U3
layer,min_participants,would/other,H2,vix,96,0.07,43,-0.0117,0.9408,0.0982,0.5311,0.7771,True,U3
layer,min_participants,would/policy_action,T1,cfnai,152,0.273,99,0.0265,0.7943,-0.0821,0.4189,0.6966,True,U3
layer,min_participants,would/policy_action,T1,vix,152,0.273,99,-0.1791,0.076,-0.2681,0.0073,0.0263,True,U3
layer,min_participants,would/policy_action,T2,cfnai,137,0.286,91,-0.001,0.9925,-0.0443,0.6766,0.87,True,U3
layer,min_participants,would/policy_action,T2,vix,137,0.286,91,-0.303,0.0035,-0.3186,0.0021,0.0075,True,U3
layer,min_participants,would/policy_action,T3,cfnai,180,0.359,131,0.0167,0.8497,-0.0951,0.28,0.6271,True,U3
layer,min_participants,would/policy_action,T3,vix,180,0.359,131,-0.2066,0.0179,-0.324,0.0002,0.0012,True,U3
layer,min_participants,would/policy_action,H1,cfnai,91,0.25,48,0.1556,0.291,0.0895,0.5451,0.9644,True,U3
layer,min_participants,would/policy_action,H1,vix,91,0.25,48,-0.297,0.0404,-0.3227,0.0253,0.2368,True,U3
layer,min_participants,would/policy_action,H2,cfnai,46,0.326,43,-0.1376,0.3788,-0.1994,0.1998,0.3912,True,U3
layer,min_participants,would/policy_action,H2,vix,46,0.326,43,-0.1434,0.3589,-0.11,0.4827,0.7771,True,U3
layer,min_special,could/activity,T1,cfnai,51,0.425,40,-0.0074,0.9641,0.1587,0.3282,0.6966,True,U3
layer,min_special,could/activity,T1,vix,51,0.425,40,0.2245,0.1638,0.2081,0.1975,0.344,True,U3
layer,min_special,could/activity,T2,cfnai,38,0.444,36,0.0968,0.5742,0.23,0.1772,0.4233,False,U3
layer,min_special,could/activity,T2,vix,38,0.444,36,0.281,0.0969,0.2257,0.1857,0.3134,False,U3
layer,min_special,could/activity,T3,cfnai,55,0.469,49,-0.0179,0.903,0.1804,0.2147,0.585,True,U3
layer,min_special,could/activity,T3,vix,55,0.469,49,0.2102,0.1472,0.179,0.2185,0.3806,True,U3
layer,min_special,could/causative,T1,cfnai,40,0.525,40,-0.5419,0.0003,-0.1062,0.5143,0.7156,True,U3
layer,min_special,could/causative,T1,vix,40,0.525,40,0.2302,0.1529,0.1769,0.2749,0.4241,True,U3
layer,min_special,could/causative,T2,cfnai,31,0.583,36,0.044,0.7988,0.1022,0.5531,0.7761,False,U3
layer,min_special,could/causative,T2,vix,31,0.583,36,0.0288,0.8676,0.0814,0.6372,0.7424,False,U3
layer,min_special,could/causative,T3,cfnai,45,0.571,49,-0.4929,0.0003,-0.0076,0.9586,0.9823,True,U3
layer,min_special,could/causative,T3,vix,45,0.571,49,0.326,0.0222,0.2356,0.1032,0.2064,True,U3
layer,min_special,could/other,T1,cfnai,68,0.375,40,0.1251,0.4418,0.1398,0.3897,0.6966,True,U3
layer,min_special,could/other,T1,vix,68,0.375,40,0.0551,0.7356,0.0411,0.8014,0.9016,True,U3
layer,min_special,could/other,T2,cfnai,59,0.389,36,0.0727,0.6736,0.1585,0.3558,0.6404,True,U3
layer,min_special,could/other,T2,vix,59,0.389,36,0.2086,0.2221,0.1635,0.3405,0.4839,True,U3
layer,min_special,could/other,T3,cfnai,77,0.388,49,0.113,0.4394,0.0757,0.6053,0.8402,True,U3
layer,min_special,could/other,T3,vix,77,0.388,49,0.1189,0.416,0.0998,0.4951,0.6684,True,U3
layer,min_special,could/policy_action,T1,cfnai,39,0.525,40,0.0779,0.6328,0.1007,0.5363,0.7156,False,U3
layer,min_special,could/policy_action,T1,vix,39,0.525,40,0.1119,0.4918,0.1499,0.3559,0.4893,False,U3
layer,min_special,could/policy_action,T2,cfnai,33,0.528,36,-0.0617,0.7206,-0.007,0.9678,0.9678,False,U3
layer,min_special,could/policy_action,T2,vix,33,0.528,36,-0.0234,0.8921,0.0816,0.6359,0.7424,False,U3
layer,min_special,could/policy_action,T3,cfnai,41,0.592,49,0.0582,0.6913,0.1256,0.3899,0.7329,True,U3
layer,min_special,could/policy_action,T3,vix,41,0.592,49,0.0798,0.5857,0.1211,0.4071,0.5965,True,U3
layer,min_special,would/activity,T1,cfnai,40,0.425,40,0.0632,0.6985,-0.099,0.5433,0.7156,True,U3
layer,min_special,would/activity,T1,vix,40,0.425,40,-0.1355,0.4046,-0.032,0.8445,0.9121,True,U3
layer,min_special,would/activity,T2,cfnai,36,0.444,36,-0.2273,0.1824,-0.1643,0.3382,0.6401,False,U3
layer,min_special,would/activity,T2,vix,36,0.444,36,-0.0884,0.6081,0.0143,0.9341,0.9517,False,U3
layer,min_special,would/activity,T3,cfnai,42,0.51,49,0.0463,0.7519,-0.0973,0.5059,0.7805,True,U3
layer,min_special,would/activity,T3,vix,42,0.51,49,-0.1359,0.3517,-0.0379,0.7959,0.9344,True,U3
layer,min_special,would/copular_adj,T1,cfnai,90,0.2,40,-0.1249,0.4426,0.2032,0.2086,0.6626,True,U3
layer,min_special,would/copular_adj,T1,vix,90,0.2,40,0.4361,0.0049,0.3789,0.0159,0.043,True,U3
layer,min_special,would/copular_adj,T2,cfnai,81,0.222,36,0.205,0.2303,0.2419,0.1552,0.3992,True,U3
layer,min_special,would/copular_adj,T2,vix,81,0.222,36,0.4111,0.0127,0.3367,0.0446,0.1005,True,U3
layer,min_special,would/copular_adj,T3,cfnai,97,0.265,49,-0.1317,0.3672,0.1258,0.3889,0.7329,True,U3
layer,min_special,would/copular_adj,T3,vix,97,0.265,49,0.4646,0.0008,0.4086,0.0036,0.016,True,U3
layer,min_special,would/other,T1,cfnai,62,0.3,40,0.0898,0.5816,-0.0016,0.9923,0.9923,True,U3
layer,min_special,would/other,T1,vix,62,0.3,40,-0.1632,0.3144,-0.2015,0.2125,0.3585,True,U3
layer,min_special,would/other,T2,cfnai,57,0.306,36,-0.1782,0.2983,-0.1654,0.3349,0.6401,True,U3
layer,min_special,would/other,T2,vix,57,0.306,36,-0.1582,0.3568,-0.2032,0.2347,0.384,True,U3
layer,min_special,would/other,T3,cfnai,72,0.347,49,0.0848,0.5626,0.0267,0.8553,0.9425,True,U3
layer,min_special,would/other,T3,vix,72,0.347,49,-0.0839,0.5664,-0.1149,0.4319,0.6108,True,U3
layer,min_staff,could/occurrence,T1,cfnai,43,0.657,99,0.0407,0.6891,0.0175,0.8635,0.9143,False,U3
layer,min_staff,could/occurrence,T1,vix,43,0.657,99,-0.3348,0.0007,-0.3509,0.0004,0.0018,False,U3
layer,min_staff,could/occurrence,T2,cfnai,43,0.626,91,-0.0132,0.9012,0.0116,0.9129,0.951,False,U3
layer,min_staff,could/occurrence,T2,vix,43,0.626,91,-0.3112,0.0027,-0.312,0.0026,0.0088,False,U3
layer,min_staff,could/occurrence,T3,cfnai,46,0.718,131,0.037,0.6747,0.0247,0.7793,0.8968,False,U3
layer,min_staff,could/occurrence,T3,vix,46,0.718,131,-0.3349,0.0001,-0.3543,0.0,0.0004,False,U3
layer,min_staff,could/occurrence,H1,cfnai,34,0.479,48,0.3227,0.0253,0.3153,0.029,0.267,False,U3
layer,min_staff,could/occurrence,H1,vix,34,0.479,48,-0.1815,0.2171,-0.2409,0.099,0.3796,False,U3
layer,min_staff,could/occurrence,H2,cfnai,9,0.791,43,-0.2954,0.0544,-0.3331,0.029,0.0975,False,U3
layer,min_staff,could/occurrence,H2,vix,9,0.791,43,-0.2278,0.1418,-0.2799,0.0691,0.4177,False,U3
layer,min_staff,would/copular_adj,T1,cfnai,41,0.677,99,0.1415,0.1623,0.0957,0.3458,0.6966,False,U3
layer,min_staff,would/copular_adj,T1,vix,41,0.677,99,-0.1495,0.1398,-0.1509,0.136,0.2533,False,U3
layer,min_staff,would/copular_adj,T2,cfnai,38,0.67,91,-0.0771,0.4678,0.02,0.8507,0.9376,False,U3
layer,min_staff,would/copular_adj,T2,vix,38,0.67,91,-0.159,0.1321,-0.1581,0.1345,0.2505,False,U3
layer,min_staff,would/copular_adj,T3,cfnai,52,0.687,131,0.1261,0.1512,0.0931,0.2903,0.6271,False,U3
layer,min_staff,would/copular_adj,T3,vix,52,0.687,131,-0.1732,0.0479,-0.1708,0.0511,0.1255,False,U3
layer,min_staff,would/copular_adj,H1,cfnai,22,0.667,48,0.1437,0.3297,0.1724,0.2413,0.7401,False,U3
layer,min_staff,would/copular_adj,H1,vix,22,0.667,48,-0.1041,0.4815,-0.2313,0.1136,0.402,False,U3
layer,min_staff,would/copular_adj,H2,cfnai,16,0.674,43,-0.2164,0.1633,-0.1661,0.2871,0.4997,False,U3
layer,min_staff,would/copular_adj,H2,vix,16,0.674,43,-0.2532,0.1014,-0.2294,0.1389,0.4821,False,U3
layer,min_staff,would/occurrence,T1,cfnai,103,0.283,99,0.1053,0.2996,0.1097,0.2798,0.6966,True,U3
layer,min_staff,would/occurrence,T1,vix,103,0.283,99,-0.1278,0.2074,-0.2201,0.0286,0.0622,True,U3
layer,min_staff,would/occurrence,T2,cfnai,96,0.275,91,0.2192,0.0368,0.1751,0.0969,0.2907,True,U3
layer,min_staff,would/occurrence,T2,vix,96,0.275,91,-0.102,0.3362,-0.1791,0.0893,0.1856,True,U3
layer,min_staff,would/occurrence,T3,cfnai,138,0.29,131,0.091,0.3012,0.1023,0.2448,0.601,True,U3
layer,min_staff,would/occurrence,T3,vix,138,0.29,131,-0.1316,0.1341,-0.2133,0.0144,0.0469,True,U3
layer,min_staff,would/occurrence,H1,cfnai,64,0.083,48,0.1975,0.1786,0.2311,0.1141,0.6455,True,U3
layer,min_staff,would/occurrence,H1,vix,64,0.083,48,0.0004,0.998,-0.1232,0.4042,0.8137,True,U3
layer,min_staff,would/occurrence,H2,cfnai,32,0.488,43,0.2679,0.0825,0.1512,0.3332,0.5265,False,U3
layer,min_staff,would/occurrence,H2,vix,32,0.488,43,0.0654,0.6769,0.0525,0.738,0.8894,False,U3
layer,min_staff,would/other,T1,cfnai,42,0.657,99,-0.0139,0.8915,0.2001,0.0471,0.2312,False,U3
layer,min_staff,would/other,T1,vix,42,0.657,99,0.2824,0.0046,0.2629,0.0086,0.0272,False,U3
layer,min_staff,would/other,T2,cfnai,37,0.659,91,0.2806,0.0071,0.2285,0.0294,0.1983,False,U3
layer,min_staff,would/other,T2,vix,37,0.659,91,0.3533,0.0006,0.2745,0.0085,0.024,False,U3
layer,min_staff,would/other,T3,cfnai,80,0.573,131,-0.009,0.919,0.1176,0.1809,0.5798,True,U3
layer,min_staff,would/other,T3,vix,80,0.573,131,0.1446,0.0993,0.1765,0.0437,0.1179,True,U3
layer,min_staff,would/other,H1,cfnai,18,0.667,48,-0.0264,0.8589,0.0041,0.9779,0.9928,False,U3
layer,min_staff,would/other,H1,vix,18,0.667,48,0.111,0.4526,0.1054,0.4759,0.8757,False,U3
layer,min_staff,would/other,H2,cfnai,19,0.651,43,0.4629,0.0018,0.44,0.0032,0.0192,False,U3
layer,min_staff,would/other,H2,vix,19,0.651,43,0.5658,0.0001,0.4984,0.0007,0.0158,False,U3
layer,min_staff,would/policy_action,T1,cfnai,58,0.535,99,0.0356,0.7268,0.0782,0.4415,0.6966,True,U3
layer,min_staff,would/policy_action,T1,vix,58,0.535,99,-0.2731,0.0062,-0.3506,0.0004,0.0018,True,U3
layer,min_staff,would/policy_action,T2,cfnai,54,0.538,91,0.1051,0.3216,0.1004,0.3438,0.6401,True,U3
layer,min_staff,would/policy_action,T2,vix,54,0.538,91,-0.3817,0.0002,-0.3943,0.0001,0.0006,True,U3
layer,min_staff,would/policy_action,T3,cfnai,72,0.557,131,0.0308,0.7268,0.0603,0.4941,0.7805,True,U3
layer,min_staff,would/policy_action,T3,vix,72,0.557,131,-0.2675,0.002,-0.3517,0.0,0.0004,True,U3
layer,min_staff,would/policy_action,H1,cfnai,48,0.25,48,0.147,0.3186,0.1322,0.3703,0.8167,True,U3
layer,min_staff,would/policy_action,H1,vix,48,0.25,48,-0.2079,0.1562,-0.1548,0.2936,0.6753,True,U3
layer,min_staff,would/policy_action,H2,cfnai,6,0.86,43,0.2532,0.1013,0.1472,0.3462,0.5265,False,U3
layer,min_staff,would/policy_action,H2,vix,6,0.86,43,-0.1168,0.4557,-0.0947,0.5456,0.7771,False,U3
layer,min_staff_desk,would/activity,T1,cfnai,31,0.768,99,-0.1559,0.1233,-0.0531,0.6015,0.7607,False,U3
layer,min_staff_desk,would/activity,T1,vix,31,0.768,99,-0.0802,0.4301,-0.0352,0.7295,0.8564,False,U3
layer,min_staff_desk,would/activity,T2,cfnai,29,0.769,91,0.1191,0.2609,0.0244,0.8187,0.9376,False,U3
layer,min_staff_desk,would/activity,T2,vix,29,0.769,91,-0.0944,0.3733,-0.0599,0.5728,0.7193,False,U3
layer,min_staff_desk,would/activity,T3,cfnai,43,0.763,131,-0.1306,0.1372,-0.0351,0.6905,0.8535,False,U3
layer,min_staff_desk,would/activity,T3,vix,43,0.763,131,-0.0486,0.5813,-0.0088,0.9203,0.9641,False,U3
layer,min_staff_desk,would/activity,H1,cfnai,19,0.729,48,0.1388,0.3468,0.1176,0.4259,0.8518,False,U3
layer,min_staff_desk,would/activity,H1,vix,19,0.729,48,-0.0204,0.8907,-0.0112,0.9396,0.9902,False,U3
layer,min_staff_desk,would/activity,H2,cfnai,10,0.814,43,0.1336,0.3931,-0.106,0.4989,0.6897,False,U3
layer,min_staff_desk,would/activity,H2,vix,10,0.814,43,-0.0463,0.7682,-0.0185,0.9064,0.9781,False,U3
layer,min_staff_desk,would/aspectual,T1,cfnai,37,0.737,99,0.1237,0.2226,0.0774,0.4466,0.6966,False,U3
layer,min_staff_desk,would/aspectual,T1,vix,37,0.737,99,0.2656,0.0079,0.2505,0.0124,0.0352,False,U3
layer,min_staff_desk,would/aspectual,T2,cfnai,30,0.769,91,0.0798,0.4519,0.0856,0.4199,0.6988,False,U3
layer,min_staff_desk,would/aspectual,T2,vix,30,0.769,91,0.2243,0.0326,0.226,0.0312,0.0766,False,U3
layer,min_staff_desk,would/aspectual,T3,cfnai,44,0.756,131,0.1176,0.1809,0.0615,0.4851,0.7805,False,U3
layer,min_staff_desk,would/aspectual,T3,vix,44,0.756,131,0.2214,0.011,0.2196,0.0117,0.0423,False,U3
layer,min_staff_desk,would/aspectual,H1,cfnai,6,0.875,48,-0.0806,0.586,-0.0352,0.8122,0.9928,False,U3
layer,min_staff_desk,would/aspectual,H1,vix,6,0.875,48,0.0927,0.5307,-0.023,0.8764,0.9902,False,U3
layer,min_staff_desk,would/aspectual,H2,cfnai,24,0.651,43,0.1067,0.4957,0.2033,0.1911,0.3905,False,U3
layer,min_staff_desk,would/aspectual,H2,vix,24,0.651,43,0.0922,0.5565,0.1711,0.2727,0.6889,False,U3
layer,min_staff_desk,would/copular_adj,T1,cfnai,39,0.798,99,0.0355,0.7269,0.0226,0.8239,0.8898,False,U3
layer,min_staff_desk,would/copular_adj,T1,vix,39,0.798,99,-0.0715,0.4818,-0.0014,0.9892,0.9958,False,U3
layer,min_staff_desk,would/copular_adj,T2,cfnai,38,0.791,91,-0.0174,0.8703,-0.0216,0.839,0.9376,False,U3
layer,min_staff_desk,would/copular_adj,T2,vix,38,0.791,91,-0.0197,0.8532,0.0305,0.7742,0.8532,False,U3
layer,min_staff_desk,would/copular_adj,T3,cfnai,61,0.786,131,0.0309,0.7261,0.0351,0.6904,0.8535,False,U3
layer,min_staff_desk,would/copular_adj,T3,vix,61,0.786,131,0.0089,0.9193,0.0398,0.652,0.8002,False,U3
layer,min_staff_desk,would/copular_adj,H1,cfnai,31,0.708,48,0.1361,0.3562,0.1221,0.4085,0.8518,False,U3
layer,min_staff_desk,would/copular_adj,H1,vix,31,0.708,48,0.2286,0.1181,0.249,0.0879,0.3796,False,U3
layer,min_staff_desk,would/copular_adj,H2,cfnai,7,0.884,43,-0.1953,0.2094,-0.283,0.0659,0.1631,False,U3
layer,min_staff_desk,would/copular_adj,H2,vix,7,0.884,43,-0.0463,0.7682,0.0084,0.9573,0.9781,False,U3
layer,min_staff_desk,would/other,T1,cfnai,62,0.586,99,0.0292,0.7739,0.0525,0.6058,0.7607,True,U3
layer,min_staff_desk,would/other,T1,vix,62,0.586,99,-0.0811,0.425,-0.0943,0.353,0.4893,True,U3
layer,min_staff_desk,would/other,T2,cfnai,54,0.604,91,0.0378,0.7219,0.073,0.4917,0.7376,False,U3
layer,min_staff_desk,would/other,T2,vix,54,0.604,91,-0.14,0.1855,-0.1405,0.1842,0.3134,False,U3
layer,min_staff_desk,would/other,T3,cfnai,88,0.603,131,0.0362,0.6812,0.1172,0.1825,0.5798,False,U3
layer,min_staff_desk,would/other,T3,vix,88,0.603,131,-0.0011,0.9898,-0.009,0.9188,0.9641,False,U3
layer,min_staff_desk,would/other,H1,cfnai,31,0.521,48,0.0398,0.7885,0.0049,0.9735,0.9928,False,U3
layer,min_staff_desk,would/other,H1,vix,31,0.521,48,-0.2271,0.1207,-0.1906,0.1945,0.5357,False,U3
layer,min_staff_desk,would/other,H2,cfnai,23,0.698,43,0.055,0.7263,0.1085,0.4887,0.6897,False,U3
layer,min_staff_desk,would/other,H2,vix,23,0.698,43,0.094,0.5487,0.1969,0.2056,0.5683,False,U3
layer,min_staff_desk,would/policy_action,T1,cfnai,46,0.687,99,-0.043,0.6726,-0.0147,0.8849,0.9189,False,U3
layer,min_staff_desk,would/policy_action,T1,vix,46,0.687,99,0.1143,0.2601,0.1214,0.2314,0.3786,False,U3
layer,min_staff_desk,would/policy_action,T2,cfnai,39,0.703,91,0.0546,0.6073,0.0449,0.6724,0.87,False,U3
layer,min_staff_desk,would/policy_action,T2,vix,39,0.703,91,0.0753,0.4778,0.1107,0.296,0.4466,False,U3
layer,min_staff_desk,would/policy_action,T3,cfnai,73,0.702,131,-0.0175,0.8424,0.0473,0.5913,0.8402,False,U3
layer,min_staff_desk,would/policy_action,T3,vix,73,0.702,131,0.1603,0.0675,0.1404,0.1096,0.2115,False,U3
layer,min_staff_desk,would/policy_action,H1,cfnai,15,0.833,48,0.0259,0.8614,-0.0013,0.9928,0.9928,False,U3
layer,min_staff_desk,would/policy_action,H1,vix,15,0.833,48,-0.0084,0.9546,-0.0525,0.723,0.9902,False,U3
layer,min_staff_desk,would/policy_action,H2,cfnai,24,0.558,43,0.0666,0.6714,0.0865,0.5812,0.7588,False,U3
layer,min_staff_desk,would/policy_action,H2,vix,24,0.558,43,-0.0106,0.9465,-0.0221,0.8882,0.9781,False,U3
layer,statement,could/causative,T1,cfnai,50,0.505,101,0.1416,0.1578,-0.0624,0.535,0.7156,True,U3
layer,statement,could/causative,T1,vix,50,0.505,101,0.1793,0.0727,0.3319,0.0007,0.0031,True,U3
layer,statement,could/causative,T2,cfnai,47,0.484,91,-0.079,0.4567,-0.1674,0.1127,0.3203,True,U3
layer,statement,could/causative,T2,vix,47,0.484,91,0.4576,0.0,0.451,0.0,0.0001,True,U3
layer,statement,could/causative,T3,cfnai,54,0.594,133,0.127,0.1453,-0.0108,0.9017,0.9738,True,U3
layer,statement,could/causative,T3,vix,54,0.594,133,0.0968,0.2675,0.1855,0.0326,0.0926,True,U3
layer,statement,could/causative,H1,cfnai,4,0.917,48,0.1142,0.4395,0.0935,0.5272,0.9644,False,U3
layer,statement,could/causative,H1,vix,4,0.917,48,-0.1163,0.4312,-0.0829,0.5755,0.9804,False,U3
layer,statement,could/causative,H2,cfnai,43,0.0,43,-0.6024,0.0,-0.4384,0.0033,0.0192,True,U3
layer,statement,could/causative,H2,vix,43,0.0,43,0.0006,0.9969,-0.0119,0.9398,0.9781,True,U3
layer,statement,will/activity,T1,cfnai,132,0.01,101,-0.2299,0.0207,-0.342,0.0005,0.0052,True,U3
layer,statement,will/activity,T1,vix,132,0.01,101,0.0872,0.3857,0.2237,0.0245,0.0575,True,U3
layer,statement,will/activity,T2,cfnai,118,0.0,91,-0.3411,0.0009,-0.2858,0.006,0.0543,True,U3
layer,statement,will/activity,T2,vix,118,0.0,91,0.1861,0.0773,0.241,0.0214,0.0573,True,U3
layer,statement,will/activity,T3,cfnai,158,0.105,133,-0.1864,0.0317,-0.227,0.0086,0.0465,True,U3
layer,statement,will/activity,T3,vix,158,0.105,133,-0.0797,0.3619,-0.004,0.9636,0.9641,True,U3
layer,statement,will/activity,H1,cfnai,65,0.0,48,-0.2107,0.1507,0.0035,0.981,0.9928,True,U3
layer,statement,will/activity,H1,vix,65,0.0,48,0.2214,0.1304,0.1913,0.1928,0.5357,True,U3
layer,statement,will/activity,H2,cfnai,53,0.0,43,-0.4682,0.0015,-0.4736,0.0013,0.0192,True,U3
layer,statement,will/activity,H2,vix,53,0.0,43,-0.0957,0.5415,-0.0729,0.6423,0.8625,True,U3
layer,statement,will/aspectual,T1,cfnai,126,0.327,101,-0.0514,0.6098,-0.1604,0.1092,0.4211,True,U3
layer,statement,will/aspectual,T1,vix,126,0.327,101,0.3333,0.0007,0.4061,0.0,0.0002,True,U3
layer,statement,will/aspectual,T2,cfnai,106,0.352,91,-0.0878,0.4077,-0.1753,0.0964,0.2907,True,U3
layer,statement,will/aspectual,T2,vix,106,0.352,91,0.3444,0.0008,0.3925,0.0001,0.0006,True,U3
layer,statement,will/aspectual,T3,cfnai,175,0.286,133,-0.0489,0.576,-0.1494,0.0861,0.4225,True,U3
layer,statement,will/aspectual,T3,vix,175,0.286,133,0.2974,0.0005,0.3372,0.0001,0.0007,True,U3
layer,statement,will/aspectual,H1,cfnai,21,0.667,48,-0.1966,0.1804,-0.1744,0.2359,0.7401,False,U3
layer,statement,will/aspectual,H1,vix,21,0.667,48,0.0793,0.5921,0.0686,0.643,0.9859,False,U3
layer,statement,will/aspectual,H2,cfnai,85,0.0,43,-0.2722,0.0774,-0.2556,0.0981,0.2305,True,U3
layer,statement,will/aspectual,H2,vix,85,0.0,43,-0.338,0.0266,-0.3254,0.0333,0.2868,True,U3
layer,statement,will/copular_adj,T1,cfnai,51,0.535,101,0.2216,0.0259,0.3931,0.0,0.0009,True,U3
layer,statement,will/copular_adj,T1,vix,51,0.535,101,0.094,0.3499,0.151,0.1317,0.2533,True,U3
layer,statement,will/copular_adj,T2,cfnai,48,0.516,91,0.3161,0.0023,0.3377,0.0011,0.0143,True,U3
layer,statement,will/copular_adj,T2,vix,48,0.516,91,0.2958,0.0044,0.219,0.037,0.0869,True,U3
layer,statement,will/copular_adj,T3,cfnai,61,0.579,133,0.2041,0.0185,0.3528,0.0,0.0006,True,U3
layer,statement,will/copular_adj,T3,vix,61,0.579,133,-0.0058,0.9472,-0.0076,0.9312,0.9641,True,U3
layer,statement,will/copular_adj,H1,cfnai,24,0.542,48,0.169,0.2509,0.1897,0.1965,0.7401,False,U3
layer,statement,will/copular_adj,H1,vix,24,0.542,48,0.2032,0.166,0.1699,0.2483,0.6012,False,U3
layer,statement,will/copular_adj,H2,cfnai,24,0.488,43,0.4096,0.0064,0.3861,0.0105,0.0451,False,U3
layer,statement,will/copular_adj,H2,vix,24,0.488,43,0.311,0.0424,0.2779,0.0711,0.4177,False,U3
layer,statement,will/mental,T1,cfnai,105,0.257,101,-0.3389,0.0005,-0.2851,0.0039,0.0237,True,U3
layer,statement,will/mental,T1,vix,105,0.257,101,-0.2849,0.0039,-0.3682,0.0002,0.0012,True,U3
layer,statement,will/mental,T2,cfnai,96,0.242,91,-0.3509,0.0007,-0.1811,0.0858,0.2907,True,U3
layer,statement,will/mental,T2,vix,96,0.242,91,-0.4549,0.0,-0.4192,0.0,0.0003,True,U3
layer,statement,will/mental,T3,cfnai,142,0.248,133,-0.3167,0.0002,-0.2701,0.0017,0.018,True,U3
layer,statement,will/mental,T3,vix,142,0.248,133,-0.3121,0.0003,-0.4091,0.0,0.0,True,U3
layer,statement,will/mental,H1,cfnai,75,0.0,48,-0.0181,0.9027,0.0783,0.5967,0.9803,True,U3
layer,statement,will/mental,H1,vix,75,0.0,48,-0.1939,0.1866,-0.3527,0.014,0.2139,True,U3
layer,statement,will/mental,H2,cfnai,21,0.512,43,-0.5294,0.0003,-0.4529,0.0023,0.0192,False,U3
layer,statement,will/mental,H2,vix,21,0.512,43,-0.3178,0.0378,-0.2571,0.096,0.4514,False,U3
layer,statement,will/occurrence,T1,cfnai,47,0.644,101,-0.0514,0.6099,0.1767,0.0771,0.3202,False,U3
layer,statement,will/occurrence,T1,vix,47,0.644,101,-0.1763,0.0778,-0.2295,0.021,0.054,False,U3
layer,statement,will/occurrence,T2,cfnai,42,0.659,91,0.1554,0.1413,0.203,0.0537,0.2635,False,U3
layer,statement,will/occurrence,T2,vix,42,0.659,91,-0.3085,0.0029,-0.3639,0.0004,0.0016,False,U3
layer,statement,will/occurrence,T3,cfnai,84,0.579,133,-0.0444,0.6121,0.0954,0.2747,0.6271,True,U3
layer,statement,will/occurrence,T3,vix,84,0.579,133,-0.1846,0.0334,-0.211,0.0148,0.0469,True,U3
layer,statement,will/occurrence,H1,cfnai,36,0.458,48,0.281,0.0531,0.2381,0.1032,0.6455,False,U3
layer,statement,will/occurrence,H1,vix,36,0.458,48,-0.276,0.0575,-0.4,0.0049,0.1297,False,U3
layer,statement,will/occurrence,H2,cfnai,6,0.884,43,0.1361,0.384,0.1699,0.2761,0.499,False,U3
layer,statement,will/occurrence,H2,vix,6,0.884,43,0.0031,0.9845,0.0483,0.7585,0.8912,False,U3
layer,statement,will/policy_action,T1,cfnai,57,0.614,101,0.0326,0.7461,0.0384,0.7031,0.8393,False,U3
layer,statement,will/policy_action,T1,vix,57,0.614,101,-0.3188,0.0012,-0.4124,0.0,0.0002,False,U3
layer,statement,will/policy_action,T2,cfnai,56,0.582,91,-0.0715,0.5008,0.027,0.7998,0.9376,True,U3
layer,statement,will/policy_action,T2,vix,56,0.582,91,-0.3317,0.0013,-0.3871,0.0002,0.0007,True,U3
layer,statement,will/policy_action,T3,cfnai,86,0.556,133,0.0307,0.7261,0.0312,0.7217,0.866,True,U3
layer,statement,will/policy_action,T3,vix,86,0.556,133,-0.1365,0.1171,-0.1989,0.0217,0.0652,True,U3
layer,statement,will/policy_action,H1,cfnai,52,0.271,48,0.1195,0.4185,0.1435,0.3305,0.8167,True,U3
layer,statement,will/policy_action,H1,vix,52,0.271,48,-0.109,0.4608,-0.2037,0.1649,0.5357,True,U3
layer,statement,will/policy_action,H2,cfnai,4,0.93,43,-0.2232,0.1502,-0.2406,0.1201,0.2687,False,U3
layer,statement,will/policy_action,H2,vix,4,0.93,43,-0.0551,0.7256,0.0029,0.9852,0.9852,False,U3
layer,statement,would/copular_adj,T1,cfnai,46,0.545,101,0.1358,0.1757,-0.0771,0.4432,0.6966,True,U3
layer,statement,would/copular_adj,T1,vix,46,0.545,101,0.1983,0.0468,0.3589,0.0002,0.0015,True,U3
layer,statement,would/copular_adj,T2,cfnai,43,0.527,91,-0.0854,0.4209,-0.1809,0.0861,0.2907,True,U3
layer,statement,would/copular_adj,T2,vix,43,0.527,91,0.474,0.0,0.4739,0.0,0.0,True,U3
layer,statement,would/copular_adj,T3,cfnai,46,0.654,133,0.1216,0.1633,-0.0208,0.8119,0.9134,False,U3
layer,statement,would/copular_adj,T3,vix,46,0.654,133,0.1316,0.131,0.2467,0.0042,0.0175,False,U3
layer,statement,would/copular_adj,H1,cfnai,0,1.0,48,,,,,,False,U3
layer,statement,would/copular_adj,H1,vix,0,1.0,48,,,,,,False,U3
layer,statement,would/copular_adj,H2,cfnai,43,0.0,43,-0.6024,0.0,-0.4384,0.0033,0.0192,True,U3
layer,statement,would/copular_adj,H2,vix,43,0.0,43,0.0006,0.9969,-0.0119,0.9398,0.9781,True,U3
